OpenROAD 26Q3-1464-gb22abfea20 
Features included (+) or not (-): +GPU +GUI +Python
This program is licensed under the BSD-3 license. See the LICENSE file for details.
Components of this program may be licensed under more restrictive licenses which must be honored.
[INFO ORD-0030] Using 30 thread(s).
read_liberty ./platforms/nangate45/lib/NangateOpenCellLibrary_typical.lib
read_liberty ./platforms/nangate45/lib/fakeram45_512x64.lib
read_liberty ./platforms/nangate45/lib/fakeram45_256x96.lib
read_liberty ./platforms/nangate45/lib/fakeram45_32x64.lib
read_liberty ./platforms/nangate45/lib/fakeram45_64x7.lib
read_liberty ./platforms/nangate45/lib/fakeram45_64x15.lib
read_liberty ./platforms/nangate45/lib/fakeram45_64x96.lib
read_db -hier /tmp/workspace/scripts-Private_test-fr_cugr_cmp-1-/results/nangate45/bp_multi/base/1_synth.odb
[WARNING ORD-0012] Hierarchical flow (-hier) is currently in development and may cause multiple issues. Do not use in production environments.
read_sdc /tmp/workspace/scripts-Private_test-fr_cugr_cmp-1-/results/nangate45/bp_multi/base/1_synth.sdc
source ./platforms/nangate45/setRC.tcl

==========================================================================
Floorplan check_setup
--------------------------------------------------------------------------
number instances in verilog is 75826
[INFO IFP-0001] Added 771 rows of 5683 site FreePDK45_38x28_10R_NP_162NW_34O.
[INFO IFP-0100] Die BBox:  (  0.000  0.000 ) ( 1100.000 1100.000 ) um
[INFO IFP-0101] Core BBox: ( 10.070  9.800 ) ( 1089.840 1089.200 ) um
[INFO IFP-0102] Core area:                      1165503.738 um^2
[INFO IFP-0103] Total instances area:            490811.724 um^2
[INFO IFP-0104] Effective utilization:                0.421
[INFO IFP-0105] Number of instances:                  75784
source ./platforms/nangate45/make_tracks.tcl
source ./platforms/nangate45/fastroute.tcl
Repair tie lo fanout...
[INFO RSZ-0042] Inserted 1156 tie LOGIC0_X1 instances.
Repair tie hi fanout...
[INFO RSZ-0042] Inserted 551 tie LOGIC1_X1 instances.
replace_arith_modules -path_count 1000 -target setup -slack_threshold 0.0
[INFO RSZ-0151] Starting arithmetic module replacement to optimize 'setup' target
[INFO RSZ-0152] Analyzing 1000 critical paths with slack < 0.00
[INFO RSZ-0153] Identified 7531 violating endpoints
[INFO RSZ-0154] Identified 0 critical arithmetic instances
repair_timing -setup_margin 0 -hold_margin 0 -repair_tns 100 -skip_gate_cloning -setup -skip_last_gasp -sequence unbuffer,sizeup,swap,vt_swap -verbose
[WARNING EST-0027] no estimated parasitics. Using wire load models.
[INFO RSZ-0100] Repair move sequence: UnbufferMove SizeUpMove SwapPinsMove 
[INFO RSZ-0094] Found 7531 endpoints with setup violations.
[INFO RSZ-0099] Repairing 7531 out of 7531 (100.00%) violating endpoints...
   Iter   | Removed | Resized | Inserted | Cloned |  Pin  |   Area   |    WNS   |   StTNS    |   EnTNS    |  Viol  |  Worst  
          | Buffers |  Gates  | Buffers  |  Gates | Swaps |          |          |            |            | Endpts | St/EnPt 
------------------------------------------------------------------------------------------------------------------------------
       0* |       0 |       0 |        0 |      0 |     0 |    +0.0% |  -49.028 |    -2496.2 |   -81684.7 |   7531 | me.network/data_cmd_channel/genblk7_1__adapter_out.data_o\[131\]$_DFFE_PP_/D
      10* |       0 |       5 |        0 |      0 |     4 |    +0.0% |  -15.784 |    -2244.1 |   -37633.9 |   7531 | me.network/data_cmd_channel/genblk7_1__adapter_out.data_o\[393\]$_DFFE_PP_/D
      20* |       0 |      11 |        0 |      0 |     8 |    +0.0% |  -14.882 |    -2224.9 |   -37323.9 |   7531 | me.network/data_cmd_channel/genblk7_1__adapter_out.data_o\[4\]$_DFFE_PP_/D
      30* |       0 |      16 |        0 |      0 |    13 |    +0.0% |  -14.740 |    -2223.4 |   -37246.7 |   7531 | me.network/data_cmd_channel/genblk7_1__adapter_out.data_o\[4\]$_DFFE_PP_/D
      33* |       0 |      17 |        0 |      0 |    14 |    +0.0% |  -14.734 |    -2223.3 |   -37243.6 |   7531 | me.network/data_cmd_channel/genblk7_1__adapter_out.data_o\[4\]$_DFFE_PP_/D
      34* |       0 |      17 |        0 |      0 |    14 |    +0.0% |  -14.734 |    -2223.3 |   -37243.6 |   7531 | me.network/data_cmd_channel/genblk7_1__adapter_out.data_o\[4\]$_DFFE_PP_/D
      35* |       0 |      17 |        0 |      0 |    14 |    +0.0% |  -14.734 |    -2223.3 |   -37243.6 |   7531 | me.network/data_cmd_channel/genblk7_1__adapter_out.data_o\[4\]$_DFFE_PP_/D
      36* |       0 |      17 |        0 |      0 |    14 |    +0.0% |  -14.734 |    -2223.3 |   -37243.6 |   7531 | me.network/data_cmd_channel/genblk7_1__adapter_out.data_o\[4\]$_DFFE_PP_/D
      37* |       0 |      17 |        0 |      0 |    14 |    +0.0% |  -14.734 |    -2223.3 |   -37243.6 |   7531 | me.network/data_cmd_channel/genblk7_1__adapter_out.data_o\[4\]$_DFFE_PP_/D
      38* |       0 |      17 |        0 |      0 |    14 |    +0.0% |  -14.734 |    -2223.3 |   -37243.6 |   7531 | me.network/data_cmd_channel/genblk7_1__adapter_out.data_o\[4\]$_DFFE_PP_/D
      39* |       0 |      17 |        0 |      0 |    14 |    +0.0% |  -14.734 |    -2223.3 |   -37243.6 |   7531 | me.network/data_cmd_channel/genblk7_1__adapter_out.data_o\[4\]$_DFFE_PP_/D
      40* |       0 |      17 |        0 |      0 |    14 |    +0.0% |  -14.734 |    -2223.3 |   -37243.6 |   7531 | me.network/data_cmd_channel/genblk7_1__adapter_out.data_o\[4\]$_DFFE_PP_/D
      40* |       0 |      17 |        0 |      0 |    14 |    +0.0% |  -14.734 |    -2223.3 |   -37243.6 |   7531 | me.network/data_cmd_channel/genblk7_1__adapter_out.data_o\[4\]$_DFFE_PP_/D
      41* |       0 |      17 |        0 |      0 |    14 |    +0.0% |  -14.734 |    -2223.3 |   -37243.6 |   7531 | me.network/data_cmd_channel/genblk7_1__adapter_out.data_o\[4\]$_DFFE_PP_/D
      42* |       0 |      17 |        0 |      0 |    14 |    +0.0% |  -14.734 |    -2223.3 |   -37243.6 |   7531 | me.network/data_cmd_channel/genblk7_1__adapter_out.data_o\[4\]$_DFFE_PP_/D
      43* |       0 |      17 |        0 |      0 |    14 |    +0.0% |  -14.734 |    -2223.3 |   -37243.6 |   7531 | me.network/data_cmd_channel/genblk7_1__adapter_out.data_o\[4\]$_DFFE_PP_/D
      44* |       0 |      17 |        0 |      0 |    14 |    +0.0% |  -14.734 |    -2223.3 |   -37243.6 |   7531 | me.network/data_cmd_channel/genblk7_1__adapter_out.data_o\[4\]$_DFFE_PP_/D
      45* |       0 |      17 |        0 |      0 |    14 |    +0.0% |  -14.734 |    -2223.3 |   -37243.6 |   7531 | me.network/data_cmd_channel/genblk7_1__adapter_out.data_o\[4\]$_DFFE_PP_/D
      46* |       0 |      17 |        0 |      0 |    14 |    +0.0% |  -14.734 |    -2223.3 |   -37243.6 |   7531 | me.network/data_cmd_channel/genblk7_1__adapter_out.data_o\[4\]$_DFFE_PP_/D
      47* |       0 |      17 |        0 |      0 |    14 |    +0.0% |  -14.734 |    -2223.3 |   -37243.6 |   7531 | me.network/data_cmd_channel/genblk7_1__adapter_out.data_o\[4\]$_DFFE_PP_/D
      48* |       0 |      17 |        0 |      0 |    14 |    +0.0% |  -14.734 |    -2223.3 |   -37243.6 |   7531 | me.network/data_cmd_channel/genblk7_1__adapter_out.data_o\[4\]$_DFFE_PP_/D
      49* |       0 |      17 |        0 |      0 |    14 |    +0.0% |  -14.734 |    -2223.3 |   -37243.6 |   7531 | me.network/data_cmd_channel/genblk7_1__adapter_out.data_o\[4\]$_DFFE_PP_/D
      50* |       0 |      17 |        0 |      0 |    14 |    +0.0% |  -14.734 |    -2223.3 |   -37243.6 |   7531 | me.network/data_cmd_channel/genblk7_1__adapter_out.data_o\[4\]$_DFFE_PP_/D
      50* |       0 |      17 |        0 |      0 |    14 |    +0.0% |  -14.734 |    -2223.3 |   -37243.6 |   7531 | me.network/data_cmd_channel/genblk7_1__adapter_out.data_o\[4\]$_DFFE_PP_/D
      51* |       0 |      17 |        0 |      0 |    14 |    +0.0% |  -14.734 |    -2223.3 |   -37243.6 |   7531 | me.network/data_cmd_channel/genblk7_1__adapter_out.data_o\[4\]$_DFFE_PP_/D
      52* |       0 |      17 |        0 |      0 |    14 |    +0.0% |  -14.734 |    -2223.3 |   -37243.6 |   7531 | me.network/data_cmd_channel/genblk7_1__adapter_out.data_o\[4\]$_DFFE_PP_/D
      53* |       0 |      17 |        0 |      0 |    14 |    +0.0% |  -14.734 |    -2223.3 |   -37243.6 |   7531 | me.network/data_cmd_channel/genblk7_1__adapter_out.data_o\[4\]$_DFFE_PP_/D
      54* |       0 |      17 |        0 |      0 |    14 |    +0.0% |  -14.734 |    -2223.3 |   -37243.6 |   7531 | me.network/data_cmd_channel/genblk7_1__adapter_out.data_o\[4\]$_DFFE_PP_/D
      55* |       0 |      17 |        0 |      0 |    14 |    +0.0% |  -14.734 |    -2223.3 |   -37243.6 |   7531 | me.network/data_cmd_channel/genblk7_1__adapter_out.data_o\[4\]$_DFFE_PP_/D
      56* |       0 |      17 |        0 |      0 |    14 |    +0.0% |  -14.734 |    -2223.3 |   -37243.6 |   7531 | me.network/data_cmd_channel/genblk7_1__adapter_out.data_o\[4\]$_DFFE_PP_/D
      57* |       0 |      17 |        0 |      0 |    14 |    +0.0% |  -14.734 |    -2223.3 |   -37243.6 |   7531 | me.network/data_cmd_channel/genblk7_1__adapter_out.data_o\[4\]$_DFFE_PP_/D
      58* |       0 |      17 |        0 |      0 |    14 |    +0.0% |  -14.734 |    -2223.3 |   -37243.6 |   7531 | me.network/data_cmd_channel/genblk7_1__adapter_out.data_o\[4\]$_DFFE_PP_/D
      59* |       0 |      17 |        0 |      0 |    14 |    +0.0% |  -14.734 |    -2223.3 |   -37243.6 |   7531 | me.network/data_cmd_channel/genblk7_1__adapter_out.data_o\[4\]$_DFFE_PP_/D
      60* |       0 |      17 |        0 |      0 |    14 |    +0.0% |  -14.734 |    -2223.3 |   -37243.6 |   7531 | me.network/data_cmd_channel/genblk7_1__adapter_out.data_o\[4\]$_DFFE_PP_/D
      60* |       0 |      17 |        0 |      0 |    14 |    +0.0% |  -14.734 |    -2223.3 |   -37243.6 |   7531 | me.network/data_cmd_channel/genblk7_1__adapter_out.data_o\[4\]$_DFFE_PP_/D
      61* |       0 |      17 |        0 |      0 |    14 |    +0.0% |  -14.734 |    -2223.3 |   -37243.6 |   7531 | me.network/data_cmd_channel/genblk7_1__adapter_out.data_o\[4\]$_DFFE_PP_/D
      62* |       0 |      17 |        0 |      0 |    14 |    +0.0% |  -14.734 |    -2223.3 |   -37243.6 |   7531 | me.network/data_cmd_channel/genblk7_1__adapter_out.data_o\[4\]$_DFFE_PP_/D
      63* |       0 |      17 |        0 |      0 |    14 |    +0.0% |  -14.734 |    -2223.3 |   -37243.6 |   7531 | me.network/data_cmd_channel/genblk7_1__adapter_out.data_o\[4\]$_DFFE_PP_/D
      64* |       0 |      17 |        0 |      0 |    14 |    +0.0% |  -14.734 |    -2223.3 |   -37243.6 |   7531 | me.network/data_cmd_channel/genblk7_1__adapter_out.data_o\[4\]$_DFFE_PP_/D
      65* |       0 |      17 |        0 |      0 |    14 |    +0.0% |  -14.734 |    -2223.3 |   -37243.6 |   7531 | me.network/data_cmd_channel/genblk7_1__adapter_out.data_o\[4\]$_DFFE_PP_/D
      66* |       0 |      17 |        0 |      0 |    14 |    +0.0% |  -14.734 |    -2223.3 |   -37243.6 |   7531 | me.network/data_cmd_channel/genblk7_1__adapter_out.data_o\[4\]$_DFFE_PP_/D
      67* |       0 |      17 |        0 |      0 |    14 |    +0.0% |  -14.734 |    -2223.3 |   -37243.6 |   7531 | me.network/data_cmd_channel/genblk7_1__adapter_out.data_o\[4\]$_DFFE_PP_/D
      68* |       0 |      17 |        0 |      0 |    14 |    +0.0% |  -14.734 |    -2223.3 |   -37243.6 |   7531 | me.network/data_cmd_channel/genblk7_1__adapter_out.data_o\[4\]$_DFFE_PP_/D
      69* |       0 |      17 |        0 |      0 |    14 |    +0.0% |  -14.734 |    -2223.3 |   -37243.6 |   7531 | me.network/data_cmd_channel/genblk7_1__adapter_out.data_o\[4\]$_DFFE_PP_/D
      70* |       0 |      17 |        0 |      0 |    14 |    +0.0% |  -14.734 |    -2223.3 |   -37243.6 |   7531 | me.network/data_cmd_channel/genblk7_1__adapter_out.data_o\[4\]$_DFFE_PP_/D
      70* |       0 |      17 |        0 |      0 |    14 |    +0.0% |  -14.734 |    -2223.3 |   -37243.6 |   7531 | me.network/data_cmd_channel/genblk7_1__adapter_out.data_o\[4\]$_DFFE_PP_/D
      71* |       0 |      17 |        0 |      0 |    14 |    +0.0% |  -14.734 |    -2223.3 |   -37243.6 |   7531 | me.network/data_cmd_channel/genblk7_1__adapter_out.data_o\[4\]$_DFFE_PP_/D
      72* |       0 |      17 |        0 |      0 |    14 |    +0.0% |  -14.734 |    -2223.3 |   -37243.6 |   7531 | me.network/data_cmd_channel/genblk7_1__adapter_out.data_o\[4\]$_DFFE_PP_/D
      73* |       0 |      17 |        0 |      0 |    14 |    +0.0% |  -14.734 |    -2223.3 |   -37243.6 |   7531 | me.network/data_cmd_channel/genblk7_1__adapter_out.data_o\[4\]$_DFFE_PP_/D
      74* |       0 |      17 |        0 |      0 |    14 |    +0.0% |  -14.734 |    -2223.3 |   -37243.6 |   7531 | me.network/data_cmd_channel/genblk7_1__adapter_out.data_o\[4\]$_DFFE_PP_/D
      75* |       0 |      17 |        0 |      0 |    14 |    +0.0% |  -14.734 |    -2223.3 |   -37243.6 |   7531 | me.network/data_cmd_channel/genblk7_1__adapter_out.data_o\[4\]$_DFFE_PP_/D
      76* |       0 |      17 |        0 |      0 |    14 |    +0.0% |  -14.734 |    -2223.3 |   -37243.6 |   7531 | me.network/data_cmd_channel/genblk7_1__adapter_out.data_o\[4\]$_DFFE_PP_/D
      77* |       0 |      17 |        0 |      0 |    14 |    +0.0% |  -14.734 |    -2223.3 |   -37243.6 |   7531 | me.network/data_cmd_channel/genblk7_1__adapter_out.data_o\[4\]$_DFFE_PP_/D
      78* |       0 |      17 |        0 |      0 |    14 |    +0.0% |  -14.734 |    -2223.3 |   -37243.6 |   7531 | me.network/data_cmd_channel/genblk7_1__adapter_out.data_o\[4\]$_DFFE_PP_/D
      79* |       0 |      17 |        0 |      0 |    14 |    +0.0% |  -14.734 |    -2223.3 |   -37243.6 |   7531 | me.network/data_cmd_channel/genblk7_1__adapter_out.data_o\[4\]$_DFFE_PP_/D
      80* |       0 |      17 |        0 |      0 |    14 |    +0.0% |  -14.734 |    -2223.3 |   -37243.6 |   7531 | me.network/data_cmd_channel/genblk7_1__adapter_out.data_o\[4\]$_DFFE_PP_/D
      80* |       0 |      17 |        0 |      0 |    14 |    +0.0% |  -14.734 |    -2223.3 |   -37243.6 |   7531 | me.network/data_cmd_channel/genblk7_1__adapter_out.data_o\[4\]$_DFFE_PP_/D
      81* |       0 |      17 |        0 |      0 |    14 |    +0.0% |  -14.734 |    -2223.3 |   -37243.6 |   7531 | me.network/data_cmd_channel/genblk7_1__adapter_out.data_o\[4\]$_DFFE_PP_/D
      82* |       0 |      17 |        0 |      0 |    14 |    +0.0% |  -14.734 |    -2223.3 |   -37243.6 |   7531 | me.network/data_cmd_channel/genblk7_1__adapter_out.data_o\[4\]$_DFFE_PP_/D
      83* |       0 |      17 |        0 |      0 |    14 |    +0.0% |  -14.734 |    -2223.3 |   -37243.6 |   7531 | me.network/data_cmd_channel/genblk7_1__adapter_out.data_o\[4\]$_DFFE_PP_/D
      84* |       0 |      17 |        0 |      0 |    14 |    +0.0% |  -14.734 |    -2223.3 |   -37243.6 |   7531 | me.network/data_cmd_channel/genblk7_1__adapter_out.data_o\[4\]$_DFFE_PP_/D
      85* |       0 |      17 |        0 |      0 |    14 |    +0.0% |  -14.734 |    -2223.3 |   -37243.6 |   7531 | me.network/data_cmd_channel/genblk7_1__adapter_out.data_o\[4\]$_DFFE_PP_/D
      86* |       0 |      17 |        0 |      0 |    14 |    +0.0% |  -14.734 |    -2223.3 |   -37243.6 |   7531 | me.network/data_cmd_channel/genblk7_1__adapter_out.data_o\[4\]$_DFFE_PP_/D
      87* |       0 |      17 |        0 |      0 |    14 |    +0.0% |  -14.734 |    -2223.3 |   -37243.6 |   7531 | me.network/data_cmd_channel/genblk7_1__adapter_out.data_o\[4\]$_DFFE_PP_/D
      88* |       0 |      17 |        0 |      0 |    14 |    +0.0% |  -14.734 |    -2223.3 |   -37243.6 |   7531 | me.network/data_cmd_channel/genblk7_1__adapter_out.data_o\[4\]$_DFFE_PP_/D
      89* |       0 |      17 |        0 |      0 |    14 |    +0.0% |  -14.734 |    -2223.3 |   -37243.6 |   7531 | me.network/data_cmd_channel/genblk7_1__adapter_out.data_o\[4\]$_DFFE_PP_/D
      90* |       0 |      17 |        0 |      0 |    14 |    +0.0% |  -14.734 |    -2223.3 |   -37243.6 |   7531 | me.network/data_cmd_channel/genblk7_1__adapter_out.data_o\[4\]$_DFFE_PP_/D
      90* |       0 |      17 |        0 |      0 |    14 |    +0.0% |  -14.734 |    -2223.3 |   -37243.6 |   7531 | me.network/data_cmd_channel/genblk7_1__adapter_out.data_o\[4\]$_DFFE_PP_/D
      91* |       0 |      17 |        0 |      0 |    14 |    +0.0% |  -14.734 |    -2223.3 |   -37243.6 |   7531 | me.network/data_cmd_channel/genblk7_1__adapter_out.data_o\[4\]$_DFFE_PP_/D
      92* |       0 |      17 |        0 |      0 |    14 |    +0.0% |  -14.734 |    -2223.3 |   -37243.6 |   7531 | me.network/data_cmd_channel/genblk7_1__adapter_out.data_o\[4\]$_DFFE_PP_/D
      93* |       0 |      17 |        0 |      0 |    14 |    +0.0% |  -14.734 |    -2223.3 |   -37243.6 |   7531 | me.network/data_cmd_channel/genblk7_1__adapter_out.data_o\[4\]$_DFFE_PP_/D
      94* |       0 |      17 |        0 |      0 |    14 |    +0.0% |  -14.734 |    -2223.3 |   -37243.6 |   7531 | me.network/data_cmd_channel/genblk7_1__adapter_out.data_o\[4\]$_DFFE_PP_/D
      95* |       0 |      17 |        0 |      0 |    14 |    +0.0% |  -14.734 |    -2223.3 |   -37243.6 |   7531 | me.network/data_cmd_channel/genblk7_1__adapter_out.data_o\[4\]$_DFFE_PP_/D
      96* |       0 |      17 |        0 |      0 |    14 |    +0.0% |  -14.734 |    -2223.3 |   -37243.6 |   7531 | me.network/data_cmd_channel/genblk7_1__adapter_out.data_o\[4\]$_DFFE_PP_/D
      97* |       0 |      17 |        0 |      0 |    14 |    +0.0% |  -14.734 |    -2223.3 |   -37243.6 |   7531 | me.network/data_cmd_channel/genblk7_1__adapter_out.data_o\[4\]$_DFFE_PP_/D
      98* |       0 |      17 |        0 |      0 |    14 |    +0.0% |  -14.734 |    -2223.3 |   -37243.6 |   7531 | me.network/data_cmd_channel/genblk7_1__adapter_out.data_o\[4\]$_DFFE_PP_/D
      99* |       0 |      17 |        0 |      0 |    14 |    +0.0% |  -14.734 |    -2223.3 |   -37243.6 |   7531 | me.network/data_cmd_channel/genblk7_1__adapter_out.data_o\[4\]$_DFFE_PP_/D
     100* |       0 |      17 |        0 |      0 |    14 |    +0.0% |  -14.734 |    -2223.3 |   -37243.6 |   7531 | me.network/data_cmd_channel/genblk7_1__adapter_out.data_o\[4\]$_DFFE_PP_/D
     100* |       0 |      17 |        0 |      0 |    14 |    +0.0% |  -14.734 |    -2223.3 |   -37243.6 |   7531 | me.network/data_cmd_channel/genblk7_1__adapter_out.data_o\[4\]$_DFFE_PP_/D
     101* |       0 |      17 |        0 |      0 |    14 |    +0.0% |  -14.734 |    -2223.3 |   -37243.6 |   7531 | me.network/data_cmd_channel/genblk7_1__adapter_out.data_o\[4\]$_DFFE_PP_/D
     102* |       0 |      17 |        0 |      0 |    14 |    +0.0% |  -14.734 |    -2223.3 |   -37243.6 |   7531 | me.network/data_cmd_channel/genblk7_1__adapter_out.data_o\[4\]$_DFFE_PP_/D
     103* |       0 |      17 |        0 |      0 |    14 |    +0.0% |  -14.734 |    -2223.3 |   -37243.6 |   7531 | me.network/data_cmd_channel/genblk7_1__adapter_out.data_o\[4\]$_DFFE_PP_/D
     104* |       0 |      17 |        0 |      0 |    14 |    +0.0% |  -14.734 |    -2223.3 |   -37243.6 |   7531 | me.network/data_cmd_channel/genblk7_1__adapter_out.data_o\[4\]$_DFFE_PP_/D
     105* |       0 |      17 |        0 |      0 |    14 |    +0.0% |  -14.734 |    -2223.3 |   -37243.6 |   7531 | me.network/data_cmd_channel/genblk7_1__adapter_out.data_o\[4\]$_DFFE_PP_/D
     106* |       0 |      17 |        0 |      0 |    14 |    +0.0% |  -14.734 |    -2223.3 |   -37243.6 |   7531 | me.network/data_cmd_channel/genblk7_1__adapter_out.data_o\[4\]$_DFFE_PP_/D
     107* |       0 |      17 |        0 |      0 |    14 |    +0.0% |  -14.734 |    -2223.3 |   -37243.6 |   7531 | me.network/data_cmd_channel/genblk7_1__adapter_out.data_o\[4\]$_DFFE_PP_/D
     108* |       0 |      17 |        0 |      0 |    14 |    +0.0% |  -14.734 |    -2223.3 |   -37243.6 |   7531 | me.network/data_cmd_channel/genblk7_1__adapter_out.data_o\[4\]$_DFFE_PP_/D
     109* |       0 |      17 |        0 |      0 |    14 |    +0.0% |  -14.734 |    -2223.3 |   -37243.6 |   7531 | me.network/data_cmd_channel/genblk7_1__adapter_out.data_o\[4\]$_DFFE_PP_/D
     110* |       0 |      17 |        0 |      0 |    14 |    +0.0% |  -14.734 |    -2223.3 |   -37243.6 |   7531 | me.network/data_cmd_channel/genblk7_1__adapter_out.data_o\[4\]$_DFFE_PP_/D
     110* |       0 |      17 |        0 |      0 |    14 |    +0.0% |  -14.734 |    -2223.3 |   -37243.6 |   7531 | me.network/data_cmd_channel/genblk7_1__adapter_out.data_o\[4\]$_DFFE_PP_/D
     111* |       0 |      17 |        0 |      0 |    14 |    +0.0% |  -14.734 |    -2223.3 |   -37243.6 |   7531 | me.network/data_cmd_channel/genblk7_1__adapter_out.data_o\[4\]$_DFFE_PP_/D
     112* |       0 |      17 |        0 |      0 |    14 |    +0.0% |  -14.734 |    -2223.3 |   -37243.6 |   7531 | me.network/data_cmd_channel/genblk7_1__adapter_out.data_o\[4\]$_DFFE_PP_/D
     113* |       0 |      17 |        0 |      0 |    14 |    +0.0% |  -14.734 |    -2223.3 |   -37243.6 |   7531 | me.network/data_cmd_channel/genblk7_1__adapter_out.data_o\[4\]$_DFFE_PP_/D
     114* |       0 |      17 |        0 |      0 |    14 |    +0.0% |  -14.734 |    -2223.3 |   -37243.6 |   7531 | me.network/data_cmd_channel/genblk7_1__adapter_out.data_o\[4\]$_DFFE_PP_/D
     115* |       0 |      17 |        0 |      0 |    14 |    +0.0% |  -14.734 |    -2223.3 |   -37243.6 |   7531 | me.network/data_cmd_channel/genblk7_1__adapter_out.data_o\[4\]$_DFFE_PP_/D
     116* |       0 |      17 |        0 |      0 |    14 |    +0.0% |  -14.734 |    -2223.3 |   -37243.6 |   7531 | me.network/data_cmd_channel/genblk7_1__adapter_out.data_o\[4\]$_DFFE_PP_/D
     117* |       0 |      17 |        0 |      0 |    14 |    +0.0% |  -14.734 |    -2223.3 |   -37243.6 |   7531 | me.network/data_cmd_channel/genblk7_1__adapter_out.data_o\[4\]$_DFFE_PP_/D
     118* |       0 |      17 |        0 |      0 |    14 |    +0.0% |  -14.734 |    -2223.3 |   -37243.6 |   7531 | me.network/data_cmd_channel/genblk7_1__adapter_out.data_o\[4\]$_DFFE_PP_/D
     119* |       0 |      17 |        0 |      0 |    14 |    +0.0% |  -14.734 |    -2223.3 |   -37243.6 |   7531 | me.network/data_cmd_channel/genblk7_1__adapter_out.data_o\[4\]$_DFFE_PP_/D
     120* |       0 |      17 |        0 |      0 |    14 |    +0.0% |  -14.734 |    -2223.3 |   -37243.6 |   7531 | me.network/data_cmd_channel/genblk7_1__adapter_out.data_o\[4\]$_DFFE_PP_/D
     120* |       0 |      17 |        0 |      0 |    14 |    +0.0% |  -14.734 |    -2223.3 |   -37243.6 |   7531 | me.network/data_cmd_channel/genblk7_1__adapter_out.data_o\[4\]$_DFFE_PP_/D
     121* |       0 |      17 |        0 |      0 |    14 |    +0.0% |  -14.734 |    -2223.3 |   -37243.6 |   7531 | me.network/data_cmd_channel/genblk7_1__adapter_out.data_o\[4\]$_DFFE_PP_/D
     122* |       0 |      17 |        0 |      0 |    14 |    +0.0% |  -14.734 |    -2223.3 |   -37243.6 |   7531 | me.network/data_cmd_channel/genblk7_1__adapter_out.data_o\[4\]$_DFFE_PP_/D
     123* |       0 |      17 |        0 |      0 |    14 |    +0.0% |  -14.734 |    -2223.3 |   -37243.6 |   7531 | me.network/data_cmd_channel/genblk7_1__adapter_out.data_o\[4\]$_DFFE_PP_/D
     124* |       0 |      17 |        0 |      0 |    14 |    +0.0% |  -14.734 |    -2223.3 |   -37243.6 |   7531 | me.network/data_cmd_channel/genblk7_1__adapter_out.data_o\[4\]$_DFFE_PP_/D
     125* |       0 |      17 |        0 |      0 |    14 |    +0.0% |  -14.734 |    -2223.3 |   -37243.6 |   7531 | me.network/data_cmd_channel/genblk7_1__adapter_out.data_o\[4\]$_DFFE_PP_/D
     126* |       0 |      17 |        0 |      0 |    14 |    +0.0% |  -14.734 |    -2223.3 |   -37243.6 |   7531 | me.network/data_cmd_channel/genblk7_1__adapter_out.data_o\[4\]$_DFFE_PP_/D
     127* |       0 |      17 |        0 |      0 |    14 |    +0.0% |  -14.734 |    -2223.3 |   -37243.6 |   7531 | me.network/data_cmd_channel/genblk7_1__adapter_out.data_o\[4\]$_DFFE_PP_/D
     128* |       0 |      17 |        0 |      0 |    14 |    +0.0% |  -14.734 |    -2223.3 |   -37243.6 |   7531 | me.network/data_cmd_channel/genblk7_1__adapter_out.data_o\[4\]$_DFFE_PP_/D
     129* |       0 |      17 |        0 |      0 |    14 |    +0.0% |  -14.734 |    -2223.3 |   -37243.6 |   7531 | me.network/data_cmd_channel/genblk7_1__adapter_out.data_o\[4\]$_DFFE_PP_/D
     130* |       0 |      17 |        0 |      0 |    14 |    +0.0% |  -14.734 |    -2223.3 |   -37243.6 |   7531 | me.network/data_cmd_channel/genblk7_1__adapter_out.data_o\[4\]$_DFFE_PP_/D
     130* |       0 |      17 |        0 |      0 |    14 |    +0.0% |  -14.734 |    -2223.3 |   -37243.6 |   7531 | me.network/data_cmd_channel/genblk7_1__adapter_out.data_o\[4\]$_DFFE_PP_/D
     131* |       0 |      17 |        0 |      0 |    14 |    +0.0% |  -14.734 |    -2223.3 |   -37243.6 |   7531 | me.network/data_cmd_channel/genblk7_1__adapter_out.data_o\[4\]$_DFFE_PP_/D
     132* |       0 |      17 |        0 |      0 |    14 |    +0.0% |  -14.734 |    -2223.3 |   -37243.6 |   7531 | me.network/data_cmd_channel/genblk7_1__adapter_out.data_o\[4\]$_DFFE_PP_/D
     133* |       0 |      17 |        0 |      0 |    14 |    +0.0% |  -14.734 |    -2223.3 |   -37243.6 |   7531 | me.network/data_cmd_channel/genblk7_1__adapter_out.data_o\[4\]$_DFFE_PP_/D
     134* |       0 |      17 |        0 |      0 |    14 |    +0.0% |  -14.734 |    -2223.3 |   -37243.6 |   7531 | me.network/data_cmd_channel/genblk7_1__adapter_out.data_o\[4\]$_DFFE_PP_/D
     135* |       0 |      17 |        0 |      0 |    14 |    +0.0% |  -14.734 |    -2223.3 |   -37243.6 |   7531 | me.network/data_cmd_channel/genblk7_1__adapter_out.data_o\[4\]$_DFFE_PP_/D
     136* |       0 |      17 |        0 |      0 |    14 |    +0.0% |  -14.734 |    -2223.3 |   -37243.6 |   7531 | me.network/data_cmd_channel/genblk7_1__adapter_out.data_o\[4\]$_DFFE_PP_/D
     137* |       0 |      17 |        0 |      0 |    14 |    +0.0% |  -14.734 |    -2223.3 |   -37243.6 |   7531 | me.network/data_cmd_channel/genblk7_1__adapter_out.data_o\[4\]$_DFFE_PP_/D
     138* |       0 |      17 |        0 |      0 |    14 |    +0.0% |  -14.734 |    -2223.3 |   -37243.6 |   7531 | me.network/data_cmd_channel/genblk7_1__adapter_out.data_o\[4\]$_DFFE_PP_/D
     139* |       0 |      17 |        0 |      0 |    14 |    +0.0% |  -14.734 |    -2223.3 |   -37243.6 |   7531 | me.network/data_cmd_channel/genblk7_1__adapter_out.data_o\[4\]$_DFFE_PP_/D
     140* |       0 |      17 |        0 |      0 |    14 |    +0.0% |  -14.734 |    -2223.3 |   -37243.6 |   7531 | me.network/data_cmd_channel/genblk7_1__adapter_out.data_o\[4\]$_DFFE_PP_/D
     140* |       0 |      17 |        0 |      0 |    14 |    +0.0% |  -14.734 |    -2223.3 |   -37243.6 |   7531 | me.network/data_cmd_channel/genblk7_1__adapter_out.data_o\[4\]$_DFFE_PP_/D
     141* |       0 |      17 |        0 |      0 |    14 |    +0.0% |  -14.734 |    -2223.3 |   -37243.6 |   7531 | me.network/data_cmd_channel/genblk7_1__adapter_out.data_o\[4\]$_DFFE_PP_/D
     142* |       0 |      17 |        0 |      0 |    14 |    +0.0% |  -14.734 |    -2223.3 |   -37243.6 |   7531 | me.network/data_cmd_channel/genblk7_1__adapter_out.data_o\[4\]$_DFFE_PP_/D
     143* |       0 |      17 |        0 |      0 |    14 |    +0.0% |  -14.734 |    -2223.3 |   -37243.6 |   7531 | me.network/data_cmd_channel/genblk7_1__adapter_out.data_o\[4\]$_DFFE_PP_/D
     144* |       0 |      17 |        0 |      0 |    14 |    +0.0% |  -14.734 |    -2223.3 |   -37243.6 |   7531 | me.network/data_cmd_channel/genblk7_1__adapter_out.data_o\[4\]$_DFFE_PP_/D
     145* |       0 |      17 |        0 |      0 |    14 |    +0.0% |  -14.734 |    -2223.3 |   -37243.6 |   7531 | me.network/data_cmd_channel/genblk7_1__adapter_out.data_o\[4\]$_DFFE_PP_/D
     146* |       0 |      17 |        0 |      0 |    14 |    +0.0% |  -14.734 |    -2223.3 |   -37243.6 |   7531 | me.network/data_cmd_channel/genblk7_1__adapter_out.data_o\[4\]$_DFFE_PP_/D
     147* |       0 |      17 |        0 |      0 |    14 |    +0.0% |  -14.734 |    -2223.3 |   -37243.6 |   7531 | me.network/data_cmd_channel/genblk7_1__adapter_out.data_o\[4\]$_DFFE_PP_/D
     148* |       0 |      17 |        0 |      0 |    14 |    +0.0% |  -14.734 |    -2223.3 |   -37243.6 |   7531 | me.network/data_cmd_channel/genblk7_1__adapter_out.data_o\[4\]$_DFFE_PP_/D
     149* |       0 |      17 |        0 |      0 |    14 |    +0.0% |  -14.734 |    -2223.3 |   -37243.6 |   7531 | me.network/data_cmd_channel/genblk7_1__adapter_out.data_o\[4\]$_DFFE_PP_/D
     150* |       0 |      17 |        0 |      0 |    14 |    +0.0% |  -14.734 |    -2223.3 |   -37243.6 |   7531 | me.network/data_cmd_channel/genblk7_1__adapter_out.data_o\[4\]$_DFFE_PP_/D
     150* |       0 |      17 |        0 |      0 |    14 |    +0.0% |  -14.734 |    -2223.3 |   -37243.6 |   7531 | me.network/data_cmd_channel/genblk7_1__adapter_out.data_o\[4\]$_DFFE_PP_/D
     151* |       0 |      17 |        0 |      0 |    14 |    +0.0% |  -14.734 |    -2223.3 |   -37243.6 |   7531 | me.network/data_cmd_channel/genblk7_1__adapter_out.data_o\[4\]$_DFFE_PP_/D
     152* |       0 |      17 |        0 |      0 |    14 |    +0.0% |  -14.734 |    -2223.3 |   -37243.6 |   7531 | me.network/data_cmd_channel/genblk7_1__adapter_out.data_o\[4\]$_DFFE_PP_/D
     153* |       0 |      17 |        0 |      0 |    14 |    +0.0% |  -14.734 |    -2223.3 |   -37243.6 |   7531 | me.network/data_cmd_channel/genblk7_1__adapter_out.data_o\[4\]$_DFFE_PP_/D
     154* |       0 |      17 |        0 |      0 |    14 |    +0.0% |  -14.734 |    -2223.3 |   -37243.6 |   7531 | me.network/data_cmd_channel/genblk7_1__adapter_out.data_o\[4\]$_DFFE_PP_/D
     155* |       0 |      17 |        0 |      0 |    14 |    +0.0% |  -14.734 |    -2223.3 |   -37243.6 |   7531 | me.network/data_cmd_channel/genblk7_1__adapter_out.data_o\[4\]$_DFFE_PP_/D
     156* |       0 |      17 |        0 |      0 |    14 |    +0.0% |  -14.734 |    -2223.3 |   -37243.6 |   7531 | me.network/data_cmd_channel/genblk7_1__adapter_out.data_o\[4\]$_DFFE_PP_/D
     157* |       0 |      17 |        0 |      0 |    14 |    +0.0% |  -14.734 |    -2223.3 |   -37243.6 |   7531 | me.network/data_cmd_channel/genblk7_1__adapter_out.data_o\[4\]$_DFFE_PP_/D
     158* |       0 |      17 |        0 |      0 |    14 |    +0.0% |  -14.734 |    -2223.3 |   -37243.6 |   7531 | me.network/data_cmd_channel/genblk7_1__adapter_out.data_o\[4\]$_DFFE_PP_/D
     159* |       0 |      17 |        0 |      0 |    14 |    +0.0% |  -14.734 |    -2223.3 |   -37243.6 |   7531 | me.network/data_cmd_channel/genblk7_1__adapter_out.data_o\[4\]$_DFFE_PP_/D
     160* |       0 |      17 |        0 |      0 |    14 |    +0.0% |  -14.734 |    -2223.3 |   -37243.6 |   7531 | me.network/data_cmd_channel/genblk7_1__adapter_out.data_o\[4\]$_DFFE_PP_/D
     160* |       0 |      17 |        0 |      0 |    14 |    +0.0% |  -14.734 |    -2223.3 |   -37243.6 |   7531 | me.network/data_cmd_channel/genblk7_1__adapter_out.data_o\[4\]$_DFFE_PP_/D
     161* |       0 |      17 |        0 |      0 |    14 |    +0.0% |  -14.734 |    -2223.3 |   -37243.6 |   7531 | me.network/data_cmd_channel/genblk7_1__adapter_out.data_o\[4\]$_DFFE_PP_/D
     162* |       0 |      17 |        0 |      0 |    14 |    +0.0% |  -14.734 |    -2223.3 |   -37243.6 |   7531 | me.network/data_cmd_channel/genblk7_1__adapter_out.data_o\[4\]$_DFFE_PP_/D
     163* |       0 |      17 |        0 |      0 |    14 |    +0.0% |  -14.734 |    -2223.3 |   -37243.6 |   7531 | me.network/data_cmd_channel/genblk7_1__adapter_out.data_o\[4\]$_DFFE_PP_/D
     164* |       0 |      17 |        0 |      0 |    14 |    +0.0% |  -14.734 |    -2223.3 |   -37243.6 |   7531 | me.network/data_cmd_channel/genblk7_1__adapter_out.data_o\[4\]$_DFFE_PP_/D
     165* |       0 |      17 |        0 |      0 |    14 |    +0.0% |  -14.734 |    -2223.3 |   -37243.6 |   7531 | me.network/data_cmd_channel/genblk7_1__adapter_out.data_o\[4\]$_DFFE_PP_/D
     166* |       0 |      17 |        0 |      0 |    14 |    +0.0% |  -14.734 |    -2223.3 |   -37243.6 |   7531 | me.network/data_cmd_channel/genblk7_1__adapter_out.data_o\[4\]$_DFFE_PP_/D
     167* |       0 |      17 |        0 |      0 |    14 |    +0.0% |  -14.734 |    -2223.3 |   -37243.6 |   7531 | me.network/data_cmd_channel/genblk7_1__adapter_out.data_o\[4\]$_DFFE_PP_/D
     168* |       0 |      17 |        0 |      0 |    14 |    +0.0% |  -14.734 |    -2223.3 |   -37243.6 |   7531 | me.network/data_cmd_channel/genblk7_1__adapter_out.data_o\[4\]$_DFFE_PP_/D
     169* |       0 |      17 |        0 |      0 |    14 |    +0.0% |  -14.734 |    -2223.3 |   -37243.6 |   7531 | me.network/data_cmd_channel/genblk7_1__adapter_out.data_o\[4\]$_DFFE_PP_/D
     170* |       0 |      17 |        0 |      0 |    14 |    +0.0% |  -14.734 |    -2223.3 |   -37243.6 |   7531 | me.network/data_cmd_channel/genblk7_1__adapter_out.data_o\[4\]$_DFFE_PP_/D
     170* |       0 |      17 |        0 |      0 |    14 |    +0.0% |  -14.734 |    -2223.3 |   -37243.6 |   7531 | me.network/data_cmd_channel/genblk7_1__adapter_out.data_o\[4\]$_DFFE_PP_/D
     171* |       0 |      17 |        0 |      0 |    14 |    +0.0% |  -14.734 |    -2223.3 |   -37243.6 |   7531 | me.network/data_cmd_channel/genblk7_1__adapter_out.data_o\[4\]$_DFFE_PP_/D
     172* |       0 |      17 |        0 |      0 |    14 |    +0.0% |  -14.734 |    -2223.3 |   -37243.6 |   7531 | me.network/data_cmd_channel/genblk7_1__adapter_out.data_o\[4\]$_DFFE_PP_/D
     173* |       0 |      17 |        0 |      0 |    14 |    +0.0% |  -14.734 |    -2223.3 |   -37243.6 |   7531 | me.network/data_cmd_channel/genblk7_1__adapter_out.data_o\[4\]$_DFFE_PP_/D
     174* |       0 |      17 |        0 |      0 |    14 |    +0.0% |  -14.734 |    -2223.3 |   -37243.6 |   7531 | me.network/data_cmd_channel/genblk7_1__adapter_out.data_o\[4\]$_DFFE_PP_/D
     175* |       0 |      17 |        0 |      0 |    14 |    +0.0% |  -14.734 |    -2223.3 |   -37243.6 |   7531 | me.network/data_cmd_channel/genblk7_1__adapter_out.data_o\[4\]$_DFFE_PP_/D
     176* |       0 |      17 |        0 |      0 |    14 |    +0.0% |  -14.734 |    -2223.3 |   -37243.6 |   7531 | me.network/data_cmd_channel/genblk7_1__adapter_out.data_o\[4\]$_DFFE_PP_/D
     177* |       0 |      17 |        0 |      0 |    14 |    +0.0% |  -14.734 |    -2223.3 |   -37243.6 |   7531 | me.network/data_cmd_channel/genblk7_1__adapter_out.data_o\[4\]$_DFFE_PP_/D
     178* |       0 |      17 |        0 |      0 |    14 |    +0.0% |  -14.734 |    -2223.3 |   -37243.6 |   7531 | me.network/data_cmd_channel/genblk7_1__adapter_out.data_o\[4\]$_DFFE_PP_/D
     179* |       0 |      17 |        0 |      0 |    14 |    +0.0% |  -14.734 |    -2223.3 |   -37243.6 |   7531 | me.network/data_cmd_channel/genblk7_1__adapter_out.data_o\[4\]$_DFFE_PP_/D
     180* |       0 |      17 |        0 |      0 |    14 |    +0.0% |  -14.734 |    -2223.3 |   -37243.6 |   7531 | me.network/data_cmd_channel/genblk7_1__adapter_out.data_o\[4\]$_DFFE_PP_/D
     180* |       0 |      17 |        0 |      0 |    14 |    +0.0% |  -14.734 |    -2223.3 |   -37243.6 |   7531 | me.network/data_cmd_channel/genblk7_1__adapter_out.data_o\[4\]$_DFFE_PP_/D
     181* |       0 |      17 |        0 |      0 |    14 |    +0.0% |  -14.734 |    -2223.3 |   -37243.6 |   7531 | me.network/data_cmd_channel/genblk7_1__adapter_out.data_o\[4\]$_DFFE_PP_/D
     182* |       0 |      17 |        0 |      0 |    14 |    +0.0% |  -14.734 |    -2223.3 |   -37243.6 |   7531 | me.network/data_cmd_channel/genblk7_1__adapter_out.data_o\[4\]$_DFFE_PP_/D
     183* |       0 |      17 |        0 |      0 |    14 |    +0.0% |  -14.734 |    -2223.3 |   -37243.6 |   7531 | me.network/data_cmd_channel/genblk7_1__adapter_out.data_o\[4\]$_DFFE_PP_/D
     184* |       0 |      17 |        0 |      0 |    14 |    +0.0% |  -14.734 |    -2223.3 |   -37243.6 |   7531 | me.network/data_cmd_channel/genblk7_1__adapter_out.data_o\[4\]$_DFFE_PP_/D
     185* |       0 |      17 |        0 |      0 |    14 |    +0.0% |  -14.734 |    -2223.3 |   -37243.6 |   7531 | me.network/data_cmd_channel/genblk7_1__adapter_out.data_o\[4\]$_DFFE_PP_/D
     186* |       0 |      17 |        0 |      0 |    14 |    +0.0% |  -14.734 |    -2223.3 |   -37243.6 |   7531 | me.network/data_cmd_channel/genblk7_1__adapter_out.data_o\[4\]$_DFFE_PP_/D
     187* |       0 |      17 |        0 |      0 |    14 |    +0.0% |  -14.734 |    -2223.3 |   -37243.6 |   7531 | me.network/data_cmd_channel/genblk7_1__adapter_out.data_o\[4\]$_DFFE_PP_/D
     188* |       0 |      17 |        0 |      0 |    14 |    +0.0% |  -14.734 |    -2223.3 |   -37243.6 |   7531 | me.network/data_cmd_channel/genblk7_1__adapter_out.data_o\[4\]$_DFFE_PP_/D
     189* |       0 |      17 |        0 |      0 |    14 |    +0.0% |  -14.734 |    -2223.3 |   -37243.6 |   7531 | me.network/data_cmd_channel/genblk7_1__adapter_out.data_o\[4\]$_DFFE_PP_/D
     190* |       0 |      17 |        0 |      0 |    14 |    +0.0% |  -14.734 |    -2223.3 |   -37243.6 |   7531 | me.network/data_cmd_channel/genblk7_1__adapter_out.data_o\[4\]$_DFFE_PP_/D
     190* |       0 |      17 |        0 |      0 |    14 |    +0.0% |  -14.734 |    -2223.3 |   -37243.6 |   7531 | me.network/data_cmd_channel/genblk7_1__adapter_out.data_o\[4\]$_DFFE_PP_/D
     191* |       0 |      17 |        0 |      0 |    14 |    +0.0% |  -14.734 |    -2223.3 |   -37243.6 |   7531 | me.network/data_cmd_channel/genblk7_1__adapter_out.data_o\[4\]$_DFFE_PP_/D
     192* |       0 |      17 |        0 |      0 |    14 |    +0.0% |  -14.734 |    -2223.3 |   -37243.6 |   7531 | me.network/data_cmd_channel/genblk7_1__adapter_out.data_o\[4\]$_DFFE_PP_/D
     193* |       0 |      17 |        0 |      0 |    14 |    +0.0% |  -14.734 |    -2223.3 |   -37243.6 |   7531 | me.network/data_cmd_channel/genblk7_1__adapter_out.data_o\[4\]$_DFFE_PP_/D
     194* |       0 |      17 |        0 |      0 |    14 |    +0.0% |  -14.734 |    -2223.3 |   -37243.6 |   7531 | me.network/data_cmd_channel/genblk7_1__adapter_out.data_o\[4\]$_DFFE_PP_/D
     195* |       0 |      17 |        0 |      0 |    14 |    +0.0% |  -14.734 |    -2223.3 |   -37243.6 |   7531 | me.network/data_cmd_channel/genblk7_1__adapter_out.data_o\[4\]$_DFFE_PP_/D
     196* |       0 |      17 |        0 |      0 |    14 |    +0.0% |  -14.734 |    -2223.3 |   -37243.6 |   7531 | me.network/data_cmd_channel/genblk7_1__adapter_out.data_o\[4\]$_DFFE_PP_/D
     197* |       0 |      17 |        0 |      0 |    14 |    +0.0% |  -14.734 |    -2223.3 |   -37243.6 |   7531 | me.network/data_cmd_channel/genblk7_1__adapter_out.data_o\[4\]$_DFFE_PP_/D
     198* |       0 |      17 |        0 |      0 |    14 |    +0.0% |  -14.734 |    -2223.3 |   -37243.6 |   7531 | me.network/data_cmd_channel/genblk7_1__adapter_out.data_o\[4\]$_DFFE_PP_/D
     199* |       0 |      17 |        0 |      0 |    14 |    +0.0% |  -14.734 |    -2223.3 |   -37243.6 |   7531 | me.network/data_cmd_channel/genblk7_1__adapter_out.data_o\[4\]$_DFFE_PP_/D
     200* |       0 |      17 |        0 |      0 |    14 |    +0.0% |  -14.734 |    -2223.3 |   -37243.6 |   7531 | me.network/data_cmd_channel/genblk7_1__adapter_out.data_o\[4\]$_DFFE_PP_/D
     200* |       0 |      17 |        0 |      0 |    14 |    +0.0% |  -14.734 |    -2223.3 |   -37243.6 |   7531 | me.network/data_cmd_channel/genblk7_1__adapter_out.data_o\[4\]$_DFFE_PP_/D
     201* |       0 |      17 |        0 |      0 |    14 |    +0.0% |  -14.734 |    -2223.3 |   -37243.6 |   7531 | me.network/data_cmd_channel/genblk7_1__adapter_out.data_o\[4\]$_DFFE_PP_/D
     202* |       0 |      17 |        0 |      0 |    14 |    +0.0% |  -14.734 |    -2223.3 |   -37243.6 |   7531 | me.network/data_cmd_channel/genblk7_1__adapter_out.data_o\[4\]$_DFFE_PP_/D
     203* |       0 |      17 |        0 |      0 |    14 |    +0.0% |  -14.734 |    -2223.3 |   -37243.6 |   7531 | me.network/data_cmd_channel/genblk7_1__adapter_out.data_o\[4\]$_DFFE_PP_/D
     204* |       0 |      17 |        0 |      0 |    14 |    +0.0% |  -14.734 |    -2223.3 |   -37243.6 |   7531 | me.network/data_cmd_channel/genblk7_1__adapter_out.data_o\[4\]$_DFFE_PP_/D
     205* |       0 |      17 |        0 |      0 |    14 |    +0.0% |  -14.734 |    -2223.3 |   -37243.6 |   7531 | me.network/data_cmd_channel/genblk7_1__adapter_out.data_o\[4\]$_DFFE_PP_/D
     206* |       0 |      17 |        0 |      0 |    14 |    +0.0% |  -14.734 |    -2223.3 |   -37243.6 |   7531 | me.network/data_cmd_channel/genblk7_1__adapter_out.data_o\[4\]$_DFFE_PP_/D
     207* |       0 |      17 |        0 |      0 |    14 |    +0.0% |  -14.734 |    -2223.3 |   -37243.6 |   7531 | me.network/data_cmd_channel/genblk7_1__adapter_out.data_o\[4\]$_DFFE_PP_/D
     208* |       0 |      17 |        0 |      0 |    14 |    +0.0% |  -14.734 |    -2223.3 |   -37243.6 |   7531 | me.network/data_cmd_channel/genblk7_1__adapter_out.data_o\[4\]$_DFFE_PP_/D
     209* |       0 |      17 |        0 |      0 |    14 |    +0.0% |  -14.734 |    -2223.3 |   -37243.6 |   7531 | me.network/data_cmd_channel/genblk7_1__adapter_out.data_o\[4\]$_DFFE_PP_/D
     210* |       0 |      17 |        0 |      0 |    14 |    +0.0% |  -14.734 |    -2223.3 |   -37243.6 |   7531 | me.network/data_cmd_channel/genblk7_1__adapter_out.data_o\[4\]$_DFFE_PP_/D
     210* |       0 |      17 |        0 |      0 |    14 |    +0.0% |  -14.734 |    -2223.3 |   -37243.6 |   7531 | me.network/data_cmd_channel/genblk7_1__adapter_out.data_o\[4\]$_DFFE_PP_/D
     211* |       0 |      17 |        0 |      0 |    14 |    +0.0% |  -14.734 |    -2223.3 |   -37243.6 |   7531 | me.network/data_cmd_channel/genblk7_1__adapter_out.data_o\[4\]$_DFFE_PP_/D
     212* |       0 |      17 |        0 |      0 |    14 |    +0.0% |  -14.734 |    -2223.3 |   -37243.6 |   7531 | me.network/data_cmd_channel/genblk7_1__adapter_out.data_o\[4\]$_DFFE_PP_/D
     213* |       0 |      17 |        0 |      0 |    14 |    +0.0% |  -14.734 |    -2223.3 |   -37243.6 |   7531 | me.network/data_cmd_channel/genblk7_1__adapter_out.data_o\[4\]$_DFFE_PP_/D
     214* |       0 |      17 |        0 |      0 |    14 |    +0.0% |  -14.734 |    -2223.3 |   -37243.6 |   7531 | me.network/data_cmd_channel/genblk7_1__adapter_out.data_o\[4\]$_DFFE_PP_/D
     215* |       0 |      17 |        0 |      0 |    14 |    +0.0% |  -14.734 |    -2223.3 |   -37243.6 |   7531 | me.network/data_cmd_channel/genblk7_1__adapter_out.data_o\[4\]$_DFFE_PP_/D
     216* |       0 |      17 |        0 |      0 |    14 |    +0.0% |  -14.734 |    -2223.3 |   -37243.6 |   7531 | me.network/data_cmd_channel/genblk7_1__adapter_out.data_o\[4\]$_DFFE_PP_/D
     217* |       0 |      17 |        0 |      0 |    14 |    +0.0% |  -14.734 |    -2223.3 |   -37243.6 |   7531 | me.network/data_cmd_channel/genblk7_1__adapter_out.data_o\[4\]$_DFFE_PP_/D
     218* |       0 |      17 |        0 |      0 |    14 |    +0.0% |  -14.734 |    -2223.3 |   -37243.6 |   7531 | me.network/data_cmd_channel/genblk7_1__adapter_out.data_o\[4\]$_DFFE_PP_/D
     219* |       0 |      17 |        0 |      0 |    14 |    +0.0% |  -14.734 |    -2223.3 |   -37243.6 |   7531 | me.network/data_cmd_channel/genblk7_1__adapter_out.data_o\[4\]$_DFFE_PP_/D
     220* |       0 |      17 |        0 |      0 |    14 |    +0.0% |  -14.734 |    -2223.3 |   -37243.6 |   7531 | me.network/data_cmd_channel/genblk7_1__adapter_out.data_o\[4\]$_DFFE_PP_/D
     220* |       0 |      17 |        0 |      0 |    14 |    +0.0% |  -14.734 |    -2223.3 |   -37243.6 |   7531 | me.network/data_cmd_channel/genblk7_1__adapter_out.data_o\[4\]$_DFFE_PP_/D
     221* |       0 |      17 |        0 |      0 |    14 |    +0.0% |  -14.734 |    -2223.3 |   -37243.6 |   7531 | me.network/data_cmd_channel/genblk7_1__adapter_out.data_o\[4\]$_DFFE_PP_/D
     222* |       0 |      17 |        0 |      0 |    14 |    +0.0% |  -14.734 |    -2223.3 |   -37243.6 |   7531 | me.network/data_cmd_channel/genblk7_1__adapter_out.data_o\[4\]$_DFFE_PP_/D
     223* |       0 |      17 |        0 |      0 |    14 |    +0.0% |  -14.734 |    -2223.3 |   -37243.6 |   7531 | me.network/data_cmd_channel/genblk7_1__adapter_out.data_o\[4\]$_DFFE_PP_/D
     224* |       0 |      17 |        0 |      0 |    14 |    +0.0% |  -14.734 |    -2223.3 |   -37243.6 |   7531 | me.network/data_cmd_channel/genblk7_1__adapter_out.data_o\[4\]$_DFFE_PP_/D
     225* |       0 |      17 |        0 |      0 |    14 |    +0.0% |  -14.734 |    -2223.3 |   -37243.6 |   7531 | me.network/data_cmd_channel/genblk7_1__adapter_out.data_o\[4\]$_DFFE_PP_/D
     226* |       0 |      17 |        0 |      0 |    14 |    +0.0% |  -14.734 |    -2223.3 |   -37243.6 |   7531 | me.network/data_cmd_channel/genblk7_1__adapter_out.data_o\[4\]$_DFFE_PP_/D
     227* |       0 |      17 |        0 |      0 |    14 |    +0.0% |  -14.734 |    -2223.3 |   -37243.6 |   7531 | me.network/data_cmd_channel/genblk7_1__adapter_out.data_o\[4\]$_DFFE_PP_/D
     228* |       0 |      17 |        0 |      0 |    14 |    +0.0% |  -14.734 |    -2223.3 |   -37243.6 |   7531 | me.network/data_cmd_channel/genblk7_1__adapter_out.data_o\[4\]$_DFFE_PP_/D
     229* |       0 |      17 |        0 |      0 |    14 |    +0.0% |  -14.734 |    -2223.3 |   -37243.6 |   7531 | me.network/data_cmd_channel/genblk7_1__adapter_out.data_o\[4\]$_DFFE_PP_/D
     230* |       0 |      17 |        0 |      0 |    14 |    +0.0% |  -14.734 |    -2223.3 |   -37243.6 |   7531 | me.network/data_cmd_channel/genblk7_1__adapter_out.data_o\[4\]$_DFFE_PP_/D
     230* |       0 |      17 |        0 |      0 |    14 |    +0.0% |  -14.734 |    -2223.3 |   -37243.6 |   7531 | me.network/data_cmd_channel/genblk7_1__adapter_out.data_o\[4\]$_DFFE_PP_/D
     231* |       0 |      17 |        0 |      0 |    14 |    +0.0% |  -14.734 |    -2223.3 |   -37243.6 |   7531 | me.network/data_cmd_channel/genblk7_1__adapter_out.data_o\[4\]$_DFFE_PP_/D
     232* |       0 |      17 |        0 |      0 |    14 |    +0.0% |  -14.734 |    -2223.3 |   -37243.6 |   7531 | me.network/data_cmd_channel/genblk7_1__adapter_out.data_o\[4\]$_DFFE_PP_/D
     233* |       0 |      17 |        0 |      0 |    14 |    +0.0% |  -14.734 |    -2223.3 |   -37243.6 |   7531 | me.network/data_cmd_channel/genblk7_1__adapter_out.data_o\[4\]$_DFFE_PP_/D
     234* |       0 |      17 |        0 |      0 |    14 |    +0.0% |  -14.734 |    -2223.3 |   -37243.6 |   7531 | me.network/data_cmd_channel/genblk7_1__adapter_out.data_o\[4\]$_DFFE_PP_/D
     235* |       0 |      17 |        0 |      0 |    14 |    +0.0% |  -14.734 |    -2223.3 |   -37243.6 |   7531 | me.network/data_cmd_channel/genblk7_1__adapter_out.data_o\[4\]$_DFFE_PP_/D
     236* |       0 |      17 |        0 |      0 |    14 |    +0.0% |  -14.734 |    -2223.3 |   -37243.6 |   7531 | me.network/data_cmd_channel/genblk7_1__adapter_out.data_o\[4\]$_DFFE_PP_/D
     237* |       0 |      17 |        0 |      0 |    14 |    +0.0% |  -14.734 |    -2223.3 |   -37243.6 |   7531 | me.network/data_cmd_channel/genblk7_1__adapter_out.data_o\[4\]$_DFFE_PP_/D
     238* |       0 |      17 |        0 |      0 |    14 |    +0.0% |  -14.734 |    -2223.3 |   -37243.6 |   7531 | me.network/data_cmd_channel/genblk7_1__adapter_out.data_o\[4\]$_DFFE_PP_/D
     239* |       0 |      17 |        0 |      0 |    14 |    +0.0% |  -14.734 |    -2223.3 |   -37243.6 |   7531 | me.network/data_cmd_channel/genblk7_1__adapter_out.data_o\[4\]$_DFFE_PP_/D
     240* |       0 |      17 |        0 |      0 |    14 |    +0.0% |  -14.734 |    -2223.3 |   -37243.6 |   7531 | me.network/data_cmd_channel/genblk7_1__adapter_out.data_o\[4\]$_DFFE_PP_/D
     240* |       0 |      17 |        0 |      0 |    14 |    +0.0% |  -14.734 |    -2223.3 |   -37243.6 |   7531 | me.network/data_cmd_channel/genblk7_1__adapter_out.data_o\[4\]$_DFFE_PP_/D
     241* |       0 |      17 |        0 |      0 |    14 |    +0.0% |  -14.734 |    -2223.3 |   -37243.6 |   7531 | me.network/data_cmd_channel/genblk7_1__adapter_out.data_o\[4\]$_DFFE_PP_/D
     242* |       0 |      17 |        0 |      0 |    14 |    +0.0% |  -14.734 |    -2223.3 |   -37243.6 |   7531 | me.network/data_cmd_channel/genblk7_1__adapter_out.data_o\[4\]$_DFFE_PP_/D
     243* |       0 |      17 |        0 |      0 |    14 |    +0.0% |  -14.734 |    -2223.3 |   -37243.6 |   7531 | me.network/data_cmd_channel/genblk7_1__adapter_out.data_o\[4\]$_DFFE_PP_/D
     244* |       0 |      17 |        0 |      0 |    14 |    +0.0% |  -14.734 |    -2223.3 |   -37243.6 |   7531 | me.network/data_cmd_channel/genblk7_1__adapter_out.data_o\[4\]$_DFFE_PP_/D
     245* |       0 |      17 |        0 |      0 |    14 |    +0.0% |  -14.734 |    -2223.3 |   -37243.6 |   7531 | me.network/data_cmd_channel/genblk7_1__adapter_out.data_o\[4\]$_DFFE_PP_/D
     246* |       0 |      17 |        0 |      0 |    14 |    +0.0% |  -14.734 |    -2223.3 |   -37243.6 |   7531 | me.network/data_cmd_channel/genblk7_1__adapter_out.data_o\[4\]$_DFFE_PP_/D
     247* |       0 |      17 |        0 |      0 |    14 |    +0.0% |  -14.734 |    -2223.3 |   -37243.6 |   7531 | me.network/data_cmd_channel/genblk7_1__adapter_out.data_o\[4\]$_DFFE_PP_/D
     248* |       0 |      17 |        0 |      0 |    14 |    +0.0% |  -14.734 |    -2223.3 |   -37243.6 |   7531 | me.network/data_cmd_channel/genblk7_1__adapter_out.data_o\[4\]$_DFFE_PP_/D
     249* |       0 |      17 |        0 |      0 |    14 |    +0.0% |  -14.734 |    -2223.3 |   -37243.6 |   7531 | me.network/data_cmd_channel/genblk7_1__adapter_out.data_o\[4\]$_DFFE_PP_/D
     250* |       0 |      17 |        0 |      0 |    14 |    +0.0% |  -14.734 |    -2223.3 |   -37243.6 |   7531 | me.network/data_cmd_channel/genblk7_1__adapter_out.data_o\[4\]$_DFFE_PP_/D
     250* |       0 |      17 |        0 |      0 |    14 |    +0.0% |  -14.734 |    -2223.3 |   -37243.6 |   7531 | me.network/data_cmd_channel/genblk7_1__adapter_out.data_o\[4\]$_DFFE_PP_/D
     251* |       0 |      17 |        0 |      0 |    14 |    +0.0% |  -14.734 |    -2223.3 |   -37243.6 |   7531 | me.network/data_cmd_channel/genblk7_1__adapter_out.data_o\[4\]$_DFFE_PP_/D
     252* |       0 |      17 |        0 |      0 |    14 |    +0.0% |  -14.734 |    -2223.3 |   -37243.6 |   7531 | me.network/data_cmd_channel/genblk7_1__adapter_out.data_o\[4\]$_DFFE_PP_/D
     253* |       0 |      17 |        0 |      0 |    14 |    +0.0% |  -14.734 |    -2223.3 |   -37243.6 |   7531 | me.network/data_cmd_channel/genblk7_1__adapter_out.data_o\[4\]$_DFFE_PP_/D
     254* |       0 |      17 |        0 |      0 |    14 |    +0.0% |  -14.734 |    -2223.3 |   -37243.6 |   7531 | me.network/data_cmd_channel/genblk7_1__adapter_out.data_o\[4\]$_DFFE_PP_/D
     255* |       0 |      17 |        0 |      0 |    14 |    +0.0% |  -14.734 |    -2223.3 |   -37243.6 |   7531 | me.network/data_cmd_channel/genblk7_1__adapter_out.data_o\[4\]$_DFFE_PP_/D
     256* |       0 |      17 |        0 |      0 |    14 |    +0.0% |  -14.734 |    -2223.3 |   -37243.6 |   7531 | me.network/data_cmd_channel/genblk7_1__adapter_out.data_o\[4\]$_DFFE_PP_/D
     257* |       0 |      17 |        0 |      0 |    14 |    +0.0% |  -14.734 |    -2223.3 |   -37243.6 |   7531 | me.network/data_cmd_channel/genblk7_1__adapter_out.data_o\[4\]$_DFFE_PP_/D
     258* |       0 |      17 |        0 |      0 |    14 |    +0.0% |  -14.734 |    -2223.3 |   -37243.6 |   7531 | me.network/data_cmd_channel/genblk7_1__adapter_out.data_o\[4\]$_DFFE_PP_/D
     259* |       0 |      17 |        0 |      0 |    14 |    +0.0% |  -14.734 |    -2223.3 |   -37243.6 |   7531 | me.network/data_cmd_channel/genblk7_1__adapter_out.data_o\[4\]$_DFFE_PP_/D
     260* |       0 |      17 |        0 |      0 |    14 |    +0.0% |  -14.734 |    -2223.3 |   -37243.6 |   7531 | me.network/data_cmd_channel/genblk7_1__adapter_out.data_o\[4\]$_DFFE_PP_/D
     260* |       0 |      17 |        0 |      0 |    14 |    +0.0% |  -14.734 |    -2223.3 |   -37243.6 |   7531 | me.network/data_cmd_channel/genblk7_1__adapter_out.data_o\[4\]$_DFFE_PP_/D
     261* |       0 |      17 |        0 |      0 |    14 |    +0.0% |  -14.734 |    -2223.3 |   -37243.6 |   7531 | me.network/data_cmd_channel/genblk7_1__adapter_out.data_o\[4\]$_DFFE_PP_/D
     262* |       0 |      17 |        0 |      0 |    14 |    +0.0% |  -14.734 |    -2223.3 |   -37243.6 |   7531 | me.network/data_cmd_channel/genblk7_1__adapter_out.data_o\[4\]$_DFFE_PP_/D
     263* |       0 |      17 |        0 |      0 |    14 |    +0.0% |  -14.734 |    -2223.3 |   -37243.6 |   7531 | me.network/data_cmd_channel/genblk7_1__adapter_out.data_o\[4\]$_DFFE_PP_/D
     264* |       0 |      17 |        0 |      0 |    14 |    +0.0% |  -14.734 |    -2223.3 |   -37243.6 |   7531 | me.network/data_cmd_channel/genblk7_1__adapter_out.data_o\[4\]$_DFFE_PP_/D
     265* |       0 |      17 |        0 |      0 |    14 |    +0.0% |  -14.734 |    -2223.3 |   -37243.6 |   7531 | me.network/data_cmd_channel/genblk7_1__adapter_out.data_o\[4\]$_DFFE_PP_/D
     266* |       0 |      17 |        0 |      0 |    14 |    +0.0% |  -14.734 |    -2223.3 |   -37243.6 |   7531 | me.network/data_cmd_channel/genblk7_1__adapter_out.data_o\[4\]$_DFFE_PP_/D
     267* |       0 |      17 |        0 |      0 |    14 |    +0.0% |  -14.734 |    -2223.3 |   -37243.6 |   7531 | me.network/data_cmd_channel/genblk7_1__adapter_out.data_o\[4\]$_DFFE_PP_/D
     268* |       0 |      17 |        0 |      0 |    14 |    +0.0% |  -14.734 |    -2223.3 |   -37243.6 |   7531 | me.network/data_cmd_channel/genblk7_1__adapter_out.data_o\[4\]$_DFFE_PP_/D
     269* |       0 |      17 |        0 |      0 |    14 |    +0.0% |  -14.734 |    -2223.3 |   -37243.6 |   7531 | me.network/data_cmd_channel/genblk7_1__adapter_out.data_o\[4\]$_DFFE_PP_/D
     270* |       0 |      17 |        0 |      0 |    14 |    +0.0% |  -14.734 |    -2223.3 |   -37243.6 |   7531 | me.network/data_cmd_channel/genblk7_1__adapter_out.data_o\[4\]$_DFFE_PP_/D
     270* |       0 |      17 |        0 |      0 |    14 |    +0.0% |  -14.734 |    -2223.3 |   -37243.6 |   7531 | me.network/data_cmd_channel/genblk7_1__adapter_out.data_o\[4\]$_DFFE_PP_/D
     271* |       0 |      17 |        0 |      0 |    14 |    +0.0% |  -14.734 |    -2223.3 |   -37243.6 |   7531 | me.network/data_cmd_channel/genblk7_1__adapter_out.data_o\[4\]$_DFFE_PP_/D
     272* |       0 |      17 |        0 |      0 |    14 |    +0.0% |  -14.734 |    -2223.3 |   -37243.6 |   7531 | me.network/data_cmd_channel/genblk7_1__adapter_out.data_o\[4\]$_DFFE_PP_/D
     273* |       0 |      17 |        0 |      0 |    14 |    +0.0% |  -14.734 |    -2223.3 |   -37243.6 |   7531 | me.network/data_cmd_channel/genblk7_1__adapter_out.data_o\[4\]$_DFFE_PP_/D
     274* |       0 |      17 |        0 |      0 |    14 |    +0.0% |  -14.734 |    -2223.3 |   -37243.6 |   7531 | me.network/data_cmd_channel/genblk7_1__adapter_out.data_o\[4\]$_DFFE_PP_/D
     275* |       0 |      17 |        0 |      0 |    14 |    +0.0% |  -14.734 |    -2223.3 |   -37243.6 |   7531 | me.network/data_cmd_channel/genblk7_1__adapter_out.data_o\[4\]$_DFFE_PP_/D
     276* |       0 |      17 |        0 |      0 |    14 |    +0.0% |  -14.734 |    -2223.3 |   -37243.6 |   7531 | me.network/data_cmd_channel/genblk7_1__adapter_out.data_o\[4\]$_DFFE_PP_/D
     277* |       0 |      17 |        0 |      0 |    14 |    +0.0% |  -14.734 |    -2223.3 |   -37243.6 |   7531 | me.network/data_cmd_channel/genblk7_1__adapter_out.data_o\[4\]$_DFFE_PP_/D
     278* |       0 |      17 |        0 |      0 |    14 |    +0.0% |  -14.734 |    -2223.3 |   -37243.6 |   7531 | me.network/data_cmd_channel/genblk7_1__adapter_out.data_o\[4\]$_DFFE_PP_/D
     279* |       0 |      17 |        0 |      0 |    14 |    +0.0% |  -14.734 |    -2223.3 |   -37243.6 |   7531 | me.network/data_cmd_channel/genblk7_1__adapter_out.data_o\[4\]$_DFFE_PP_/D
     280* |       0 |      17 |        0 |      0 |    14 |    +0.0% |  -14.734 |    -2223.3 |   -37243.6 |   7531 | me.network/data_cmd_channel/genblk7_1__adapter_out.data_o\[4\]$_DFFE_PP_/D
     280* |       0 |      17 |        0 |      0 |    14 |    +0.0% |  -14.734 |    -2223.3 |   -37243.6 |   7531 | me.network/data_cmd_channel/genblk7_1__adapter_out.data_o\[4\]$_DFFE_PP_/D
     281* |       0 |      17 |        0 |      0 |    14 |    +0.0% |  -14.734 |    -2223.3 |   -37243.6 |   7531 | me.network/data_cmd_channel/genblk7_1__adapter_out.data_o\[4\]$_DFFE_PP_/D
     282* |       0 |      17 |        0 |      0 |    14 |    +0.0% |  -14.734 |    -2223.3 |   -37243.6 |   7531 | me.network/data_cmd_channel/genblk7_1__adapter_out.data_o\[4\]$_DFFE_PP_/D
     283* |       0 |      17 |        0 |      0 |    14 |    +0.0% |  -14.734 |    -2223.3 |   -37243.6 |   7531 | me.network/data_cmd_channel/genblk7_1__adapter_out.data_o\[4\]$_DFFE_PP_/D
     284* |       0 |      17 |        0 |      0 |    14 |    +0.0% |  -14.734 |    -2223.3 |   -37243.6 |   7531 | me.network/data_cmd_channel/genblk7_1__adapter_out.data_o\[4\]$_DFFE_PP_/D
     285* |       0 |      17 |        0 |      0 |    14 |    +0.0% |  -14.734 |    -2223.3 |   -37243.6 |   7531 | me.network/data_cmd_channel/genblk7_1__adapter_out.data_o\[4\]$_DFFE_PP_/D
     286* |       0 |      17 |        0 |      0 |    14 |    +0.0% |  -14.734 |    -2223.3 |   -37243.6 |   7531 | me.network/data_cmd_channel/genblk7_1__adapter_out.data_o\[4\]$_DFFE_PP_/D
     287* |       0 |      17 |        0 |      0 |    14 |    +0.0% |  -14.734 |    -2223.3 |   -37243.6 |   7531 | me.network/data_cmd_channel/genblk7_1__adapter_out.data_o\[4\]$_DFFE_PP_/D
     288* |       0 |      17 |        0 |      0 |    14 |    +0.0% |  -14.734 |    -2223.3 |   -37243.6 |   7531 | me.network/data_cmd_channel/genblk7_1__adapter_out.data_o\[4\]$_DFFE_PP_/D
     289* |       0 |      17 |        0 |      0 |    14 |    +0.0% |  -14.734 |    -2223.3 |   -37243.6 |   7531 | me.network/data_cmd_channel/genblk7_1__adapter_out.data_o\[4\]$_DFFE_PP_/D
     290* |       0 |      17 |        0 |      0 |    14 |    +0.0% |  -14.734 |    -2223.3 |   -37243.6 |   7531 | me.network/data_cmd_channel/genblk7_1__adapter_out.data_o\[4\]$_DFFE_PP_/D
     290* |       0 |      17 |        0 |      0 |    14 |    +0.0% |  -14.734 |    -2223.3 |   -37243.6 |   7531 | me.network/data_cmd_channel/genblk7_1__adapter_out.data_o\[4\]$_DFFE_PP_/D
     291* |       0 |      17 |        0 |      0 |    14 |    +0.0% |  -14.734 |    -2223.3 |   -37243.6 |   7531 | me.network/data_cmd_channel/genblk7_1__adapter_out.data_o\[4\]$_DFFE_PP_/D
     292* |       0 |      17 |        0 |      0 |    14 |    +0.0% |  -14.734 |    -2223.3 |   -37243.6 |   7531 | me.network/data_cmd_channel/genblk7_1__adapter_out.data_o\[4\]$_DFFE_PP_/D
     293* |       0 |      17 |        0 |      0 |    14 |    +0.0% |  -14.734 |    -2223.3 |   -37243.6 |   7531 | me.network/data_cmd_channel/genblk7_1__adapter_out.data_o\[4\]$_DFFE_PP_/D
     294* |       0 |      17 |        0 |      0 |    14 |    +0.0% |  -14.734 |    -2223.3 |   -37243.6 |   7531 | me.network/data_cmd_channel/genblk7_1__adapter_out.data_o\[4\]$_DFFE_PP_/D
     295* |       0 |      17 |        0 |      0 |    14 |    +0.0% |  -14.734 |    -2223.3 |   -37243.6 |   7531 | me.network/data_cmd_channel/genblk7_1__adapter_out.data_o\[4\]$_DFFE_PP_/D
     296* |       0 |      17 |        0 |      0 |    14 |    +0.0% |  -14.734 |    -2223.3 |   -37243.6 |   7531 | me.network/data_cmd_channel/genblk7_1__adapter_out.data_o\[4\]$_DFFE_PP_/D
     297* |       0 |      17 |        0 |      0 |    14 |    +0.0% |  -14.734 |    -2223.3 |   -37243.6 |   7531 | me.network/data_cmd_channel/genblk7_1__adapter_out.data_o\[4\]$_DFFE_PP_/D
     298* |       0 |      17 |        0 |      0 |    14 |    +0.0% |  -14.734 |    -2223.3 |   -37243.6 |   7531 | me.network/data_cmd_channel/genblk7_1__adapter_out.data_o\[4\]$_DFFE_PP_/D
     299* |       0 |      17 |        0 |      0 |    14 |    +0.0% |  -14.734 |    -2223.3 |   -37243.6 |   7531 | me.network/data_cmd_channel/genblk7_1__adapter_out.data_o\[4\]$_DFFE_PP_/D
     300* |       0 |      17 |        0 |      0 |    14 |    +0.0% |  -14.734 |    -2223.3 |   -37243.6 |   7531 | me.network/data_cmd_channel/genblk7_1__adapter_out.data_o\[4\]$_DFFE_PP_/D
     300* |       0 |      17 |        0 |      0 |    14 |    +0.0% |  -14.734 |    -2223.3 |   -37243.6 |   7531 | me.network/data_cmd_channel/genblk7_1__adapter_out.data_o\[4\]$_DFFE_PP_/D
     301* |       0 |      17 |        0 |      0 |    14 |    +0.0% |  -14.734 |    -2223.3 |   -37243.6 |   7531 | me.network/data_cmd_channel/genblk7_1__adapter_out.data_o\[4\]$_DFFE_PP_/D
     302* |       0 |      17 |        0 |      0 |    14 |    +0.0% |  -14.734 |    -2223.3 |   -37243.6 |   7531 | me.network/data_cmd_channel/genblk7_1__adapter_out.data_o\[4\]$_DFFE_PP_/D
     303* |       0 |      17 |        0 |      0 |    14 |    +0.0% |  -14.734 |    -2223.3 |   -37243.6 |   7531 | me.network/data_cmd_channel/genblk7_1__adapter_out.data_o\[4\]$_DFFE_PP_/D
     304* |       0 |      17 |        0 |      0 |    14 |    +0.0% |  -14.734 |    -2223.3 |   -37243.6 |   7531 | me.network/data_cmd_channel/genblk7_1__adapter_out.data_o\[4\]$_DFFE_PP_/D
     305* |       0 |      17 |        0 |      0 |    14 |    +0.0% |  -14.734 |    -2223.3 |   -37243.6 |   7531 | me.network/data_cmd_channel/genblk7_1__adapter_out.data_o\[4\]$_DFFE_PP_/D
     306* |       0 |      17 |        0 |      0 |    14 |    +0.0% |  -14.734 |    -2223.3 |   -37243.6 |   7531 | me.network/data_cmd_channel/genblk7_1__adapter_out.data_o\[4\]$_DFFE_PP_/D
     307* |       0 |      17 |        0 |      0 |    14 |    +0.0% |  -14.734 |    -2223.3 |   -37243.6 |   7531 | me.network/data_cmd_channel/genblk7_1__adapter_out.data_o\[4\]$_DFFE_PP_/D
     308* |       0 |      17 |        0 |      0 |    14 |    +0.0% |  -14.734 |    -2223.3 |   -37243.6 |   7531 | me.network/data_cmd_channel/genblk7_1__adapter_out.data_o\[4\]$_DFFE_PP_/D
     309* |       0 |      17 |        0 |      0 |    14 |    +0.0% |  -14.734 |    -2223.3 |   -37243.6 |   7531 | me.network/data_cmd_channel/genblk7_1__adapter_out.data_o\[4\]$_DFFE_PP_/D
     310* |       0 |      17 |        0 |      0 |    14 |    +0.0% |  -14.734 |    -2223.3 |   -37243.6 |   7531 | me.network/data_cmd_channel/genblk7_1__adapter_out.data_o\[4\]$_DFFE_PP_/D
     310* |       0 |      17 |        0 |      0 |    14 |    +0.0% |  -14.734 |    -2223.3 |   -37243.6 |   7531 | me.network/data_cmd_channel/genblk7_1__adapter_out.data_o\[4\]$_DFFE_PP_/D
     311* |       0 |      17 |        0 |      0 |    14 |    +0.0% |  -14.734 |    -2223.3 |   -37243.6 |   7531 | me.network/data_cmd_channel/genblk7_1__adapter_out.data_o\[4\]$_DFFE_PP_/D
     312* |       0 |      17 |        0 |      0 |    14 |    +0.0% |  -14.734 |    -2223.3 |   -37243.6 |   7531 | me.network/data_cmd_channel/genblk7_1__adapter_out.data_o\[4\]$_DFFE_PP_/D
     313* |       0 |      17 |        0 |      0 |    14 |    +0.0% |  -14.734 |    -2223.3 |   -37243.6 |   7531 | me.network/data_cmd_channel/genblk7_1__adapter_out.data_o\[4\]$_DFFE_PP_/D
     314* |       0 |      17 |        0 |      0 |    14 |    +0.0% |  -14.734 |    -2223.3 |   -37243.6 |   7531 | me.network/data_cmd_channel/genblk7_1__adapter_out.data_o\[4\]$_DFFE_PP_/D
     315* |       0 |      17 |        0 |      0 |    14 |    +0.0% |  -14.734 |    -2223.3 |   -37243.6 |   7531 | me.network/data_cmd_channel/genblk7_1__adapter_out.data_o\[4\]$_DFFE_PP_/D
     316* |       0 |      17 |        0 |      0 |    14 |    +0.0% |  -14.734 |    -2223.3 |   -37243.6 |   7531 | me.network/data_cmd_channel/genblk7_1__adapter_out.data_o\[4\]$_DFFE_PP_/D
     317* |       0 |      17 |        0 |      0 |    14 |    +0.0% |  -14.734 |    -2223.3 |   -37243.6 |   7531 | me.network/data_cmd_channel/genblk7_1__adapter_out.data_o\[4\]$_DFFE_PP_/D
     318* |       0 |      17 |        0 |      0 |    14 |    +0.0% |  -14.734 |    -2223.3 |   -37243.6 |   7531 | me.network/data_cmd_channel/genblk7_1__adapter_out.data_o\[4\]$_DFFE_PP_/D
     319* |       0 |      17 |        0 |      0 |    14 |    +0.0% |  -14.734 |    -2223.3 |   -37243.6 |   7531 | me.network/data_cmd_channel/genblk7_1__adapter_out.data_o\[4\]$_DFFE_PP_/D
     320* |       0 |      17 |        0 |      0 |    14 |    +0.0% |  -14.734 |    -2223.3 |   -37243.6 |   7531 | me.network/data_cmd_channel/genblk7_1__adapter_out.data_o\[4\]$_DFFE_PP_/D
     320* |       0 |      17 |        0 |      0 |    14 |    +0.0% |  -14.734 |    -2223.3 |   -37243.6 |   7531 | me.network/data_cmd_channel/genblk7_1__adapter_out.data_o\[4\]$_DFFE_PP_/D
     321* |       0 |      17 |        0 |      0 |    14 |    +0.0% |  -14.734 |    -2223.3 |   -37243.6 |   7531 | me.network/data_cmd_channel/genblk7_1__adapter_out.data_o\[4\]$_DFFE_PP_/D
     322* |       0 |      17 |        0 |      0 |    14 |    +0.0% |  -14.734 |    -2223.3 |   -37243.6 |   7531 | me.network/data_cmd_channel/genblk7_1__adapter_out.data_o\[4\]$_DFFE_PP_/D
     323* |       0 |      17 |        0 |      0 |    14 |    +0.0% |  -14.734 |    -2223.3 |   -37243.6 |   7531 | me.network/data_cmd_channel/genblk7_1__adapter_out.data_o\[4\]$_DFFE_PP_/D
     324* |       0 |      17 |        0 |      0 |    14 |    +0.0% |  -14.734 |    -2223.3 |   -37243.6 |   7531 | me.network/data_cmd_channel/genblk7_1__adapter_out.data_o\[4\]$_DFFE_PP_/D
     325* |       0 |      17 |        0 |      0 |    14 |    +0.0% |  -14.734 |    -2223.3 |   -37243.6 |   7531 | me.network/data_cmd_channel/genblk7_1__adapter_out.data_o\[4\]$_DFFE_PP_/D
     326* |       0 |      17 |        0 |      0 |    14 |    +0.0% |  -14.734 |    -2223.3 |   -37243.6 |   7531 | me.network/data_cmd_channel/genblk7_1__adapter_out.data_o\[4\]$_DFFE_PP_/D
     327* |       0 |      17 |        0 |      0 |    14 |    +0.0% |  -14.734 |    -2223.3 |   -37243.6 |   7531 | me.network/data_cmd_channel/genblk7_1__adapter_out.data_o\[4\]$_DFFE_PP_/D
     328* |       0 |      17 |        0 |      0 |    14 |    +0.0% |  -14.734 |    -2223.3 |   -37243.6 |   7531 | me.network/data_cmd_channel/genblk7_1__adapter_out.data_o\[4\]$_DFFE_PP_/D
     329* |       0 |      17 |        0 |      0 |    14 |    +0.0% |  -14.734 |    -2223.3 |   -37243.6 |   7531 | me.network/data_cmd_channel/genblk7_1__adapter_out.data_o\[4\]$_DFFE_PP_/D
     330* |       0 |      17 |        0 |      0 |    14 |    +0.0% |  -14.734 |    -2223.3 |   -37243.6 |   7531 | me.network/data_cmd_channel/genblk7_1__adapter_out.data_o\[4\]$_DFFE_PP_/D
     330* |       0 |      17 |        0 |      0 |    14 |    +0.0% |  -14.734 |    -2223.3 |   -37243.6 |   7531 | me.network/data_cmd_channel/genblk7_1__adapter_out.data_o\[4\]$_DFFE_PP_/D
     331* |       0 |      17 |        0 |      0 |    14 |    +0.0% |  -14.734 |    -2223.3 |   -37243.6 |   7531 | me.network/data_cmd_channel/genblk7_1__adapter_out.data_o\[4\]$_DFFE_PP_/D
     332* |       0 |      17 |        0 |      0 |    14 |    +0.0% |  -14.734 |    -2223.3 |   -37243.6 |   7531 | me.network/data_cmd_channel/genblk7_1__adapter_out.data_o\[4\]$_DFFE_PP_/D
     333* |       0 |      17 |        0 |      0 |    14 |    +0.0% |  -14.734 |    -2223.3 |   -37243.6 |   7531 | me.network/data_cmd_channel/genblk7_1__adapter_out.data_o\[4\]$_DFFE_PP_/D
     334* |       0 |      17 |        0 |      0 |    14 |    +0.0% |  -14.734 |    -2223.3 |   -37243.6 |   7531 | me.network/data_cmd_channel/genblk7_1__adapter_out.data_o\[4\]$_DFFE_PP_/D
     335* |       0 |      17 |        0 |      0 |    14 |    +0.0% |  -14.734 |    -2223.3 |   -37243.6 |   7531 | me.network/data_cmd_channel/genblk7_1__adapter_out.data_o\[4\]$_DFFE_PP_/D
     336* |       0 |      17 |        0 |      0 |    14 |    +0.0% |  -14.734 |    -2223.3 |   -37243.6 |   7531 | me.network/data_cmd_channel/genblk7_1__adapter_out.data_o\[4\]$_DFFE_PP_/D
     337* |       0 |      17 |        0 |      0 |    14 |    +0.0% |  -14.734 |    -2223.3 |   -37243.6 |   7531 | me.network/data_cmd_channel/genblk7_1__adapter_out.data_o\[4\]$_DFFE_PP_/D
     338* |       0 |      17 |        0 |      0 |    14 |    +0.0% |  -14.734 |    -2223.3 |   -37243.6 |   7531 | me.network/data_cmd_channel/genblk7_1__adapter_out.data_o\[4\]$_DFFE_PP_/D
     339* |       0 |      17 |        0 |      0 |    14 |    +0.0% |  -14.734 |    -2223.3 |   -37243.6 |   7531 | me.network/data_cmd_channel/genblk7_1__adapter_out.data_o\[4\]$_DFFE_PP_/D
     340* |       0 |      17 |        0 |      0 |    14 |    +0.0% |  -14.734 |    -2223.3 |   -37243.6 |   7531 | me.network/data_cmd_channel/genblk7_1__adapter_out.data_o\[4\]$_DFFE_PP_/D
     340* |       0 |      17 |        0 |      0 |    14 |    +0.0% |  -14.734 |    -2223.3 |   -37243.6 |   7531 | me.network/data_cmd_channel/genblk7_1__adapter_out.data_o\[4\]$_DFFE_PP_/D
     341* |       0 |      17 |        0 |      0 |    14 |    +0.0% |  -14.734 |    -2223.3 |   -37243.6 |   7531 | me.network/data_cmd_channel/genblk7_1__adapter_out.data_o\[4\]$_DFFE_PP_/D
     342* |       0 |      17 |        0 |      0 |    14 |    +0.0% |  -14.734 |    -2223.3 |   -37243.6 |   7531 | me.network/data_cmd_channel/genblk7_1__adapter_out.data_o\[4\]$_DFFE_PP_/D
     343* |       0 |      17 |        0 |      0 |    14 |    +0.0% |  -14.734 |    -2223.3 |   -37243.6 |   7531 | me.network/data_cmd_channel/genblk7_1__adapter_out.data_o\[4\]$_DFFE_PP_/D
     344* |       0 |      17 |        0 |      0 |    14 |    +0.0% |  -14.734 |    -2223.3 |   -37243.6 |   7531 | me.network/data_cmd_channel/genblk7_1__adapter_out.data_o\[4\]$_DFFE_PP_/D
     345* |       0 |      17 |        0 |      0 |    14 |    +0.0% |  -14.734 |    -2223.3 |   -37243.6 |   7531 | me.network/data_cmd_channel/genblk7_1__adapter_out.data_o\[4\]$_DFFE_PP_/D
     346* |       0 |      17 |        0 |      0 |    14 |    +0.0% |  -14.734 |    -2223.3 |   -37243.6 |   7531 | me.network/data_cmd_channel/genblk7_1__adapter_out.data_o\[4\]$_DFFE_PP_/D
     347* |       0 |      17 |        0 |      0 |    14 |    +0.0% |  -14.734 |    -2223.3 |   -37243.6 |   7531 | me.network/data_cmd_channel/genblk7_1__adapter_out.data_o\[4\]$_DFFE_PP_/D
     348* |       0 |      17 |        0 |      0 |    14 |    +0.0% |  -14.734 |    -2223.3 |   -37243.6 |   7531 | me.network/data_cmd_channel/genblk7_1__adapter_out.data_o\[4\]$_DFFE_PP_/D
     349* |       0 |      17 |        0 |      0 |    14 |    +0.0% |  -14.734 |    -2223.3 |   -37243.6 |   7531 | me.network/data_cmd_channel/genblk7_1__adapter_out.data_o\[4\]$_DFFE_PP_/D
     350* |       0 |      17 |        0 |      0 |    14 |    +0.0% |  -14.734 |    -2223.3 |   -37243.6 |   7531 | me.network/data_cmd_channel/genblk7_1__adapter_out.data_o\[4\]$_DFFE_PP_/D
     350* |       0 |      17 |        0 |      0 |    14 |    +0.0% |  -14.734 |    -2223.3 |   -37243.6 |   7531 | me.network/data_cmd_channel/genblk7_1__adapter_out.data_o\[4\]$_DFFE_PP_/D
     351* |       0 |      17 |        0 |      0 |    14 |    +0.0% |  -14.734 |    -2223.3 |   -37243.6 |   7531 | me.network/data_cmd_channel/genblk7_1__adapter_out.data_o\[4\]$_DFFE_PP_/D
     352* |       0 |      17 |        0 |      0 |    14 |    +0.0% |  -14.734 |    -2223.3 |   -37243.6 |   7531 | me.network/data_cmd_channel/genblk7_1__adapter_out.data_o\[4\]$_DFFE_PP_/D
     353* |       0 |      17 |        0 |      0 |    14 |    +0.0% |  -14.734 |    -2223.3 |   -37243.6 |   7531 | me.network/data_cmd_channel/genblk7_1__adapter_out.data_o\[4\]$_DFFE_PP_/D
     354* |       0 |      17 |        0 |      0 |    14 |    +0.0% |  -14.734 |    -2223.3 |   -37243.6 |   7531 | me.network/data_cmd_channel/genblk7_1__adapter_out.data_o\[4\]$_DFFE_PP_/D
     355* |       0 |      17 |        0 |      0 |    14 |    +0.0% |  -14.734 |    -2223.3 |   -37243.6 |   7531 | me.network/data_cmd_channel/genblk7_1__adapter_out.data_o\[4\]$_DFFE_PP_/D
     356* |       0 |      17 |        0 |      0 |    14 |    +0.0% |  -14.734 |    -2223.3 |   -37243.6 |   7531 | me.network/data_cmd_channel/genblk7_1__adapter_out.data_o\[4\]$_DFFE_PP_/D
     357* |       0 |      17 |        0 |      0 |    14 |    +0.0% |  -14.734 |    -2223.3 |   -37243.6 |   7531 | me.network/data_cmd_channel/genblk7_1__adapter_out.data_o\[4\]$_DFFE_PP_/D
     358* |       0 |      17 |        0 |      0 |    14 |    +0.0% |  -14.734 |    -2223.3 |   -37243.6 |   7531 | me.network/data_cmd_channel/genblk7_1__adapter_out.data_o\[4\]$_DFFE_PP_/D
     359* |       0 |      17 |        0 |      0 |    14 |    +0.0% |  -14.734 |    -2223.3 |   -37243.6 |   7531 | me.network/data_cmd_channel/genblk7_1__adapter_out.data_o\[4\]$_DFFE_PP_/D
     360* |       0 |      17 |        0 |      0 |    14 |    +0.0% |  -14.734 |    -2223.3 |   -37243.6 |   7531 | me.network/data_cmd_channel/genblk7_1__adapter_out.data_o\[4\]$_DFFE_PP_/D
     360* |       0 |      17 |        0 |      0 |    14 |    +0.0% |  -14.734 |    -2223.3 |   -37243.6 |   7531 | me.network/data_cmd_channel/genblk7_1__adapter_out.data_o\[4\]$_DFFE_PP_/D
     361* |       0 |      17 |        0 |      0 |    14 |    +0.0% |  -14.734 |    -2223.3 |   -37243.6 |   7531 | me.network/data_cmd_channel/genblk7_1__adapter_out.data_o\[4\]$_DFFE_PP_/D
     362* |       0 |      17 |        0 |      0 |    14 |    +0.0% |  -14.734 |    -2223.3 |   -37243.6 |   7531 | me.network/data_cmd_channel/genblk7_1__adapter_out.data_o\[4\]$_DFFE_PP_/D
     363* |       0 |      17 |        0 |      0 |    14 |    +0.0% |  -14.734 |    -2223.3 |   -37243.6 |   7531 | me.network/data_cmd_channel/genblk7_1__adapter_out.data_o\[4\]$_DFFE_PP_/D
     364* |       0 |      17 |        0 |      0 |    14 |    +0.0% |  -14.734 |    -2223.3 |   -37243.6 |   7531 | me.network/data_cmd_channel/genblk7_1__adapter_out.data_o\[4\]$_DFFE_PP_/D
     365* |       0 |      17 |        0 |      0 |    14 |    +0.0% |  -14.734 |    -2223.3 |   -37243.6 |   7531 | me.network/data_cmd_channel/genblk7_1__adapter_out.data_o\[4\]$_DFFE_PP_/D
     366* |       0 |      17 |        0 |      0 |    14 |    +0.0% |  -14.734 |    -2223.3 |   -37243.6 |   7531 | me.network/data_cmd_channel/genblk7_1__adapter_out.data_o\[4\]$_DFFE_PP_/D
     367* |       0 |      17 |        0 |      0 |    14 |    +0.0% |  -14.734 |    -2223.3 |   -37243.6 |   7531 | me.network/data_cmd_channel/genblk7_1__adapter_out.data_o\[4\]$_DFFE_PP_/D
     368* |       0 |      17 |        0 |      0 |    14 |    +0.0% |  -14.734 |    -2223.3 |   -37243.6 |   7531 | me.network/data_cmd_channel/genblk7_1__adapter_out.data_o\[4\]$_DFFE_PP_/D
     369* |       0 |      17 |        0 |      0 |    14 |    +0.0% |  -14.734 |    -2223.3 |   -37243.6 |   7531 | me.network/data_cmd_channel/genblk7_1__adapter_out.data_o\[4\]$_DFFE_PP_/D
     370* |       0 |      17 |        0 |      0 |    14 |    +0.0% |  -14.734 |    -2223.3 |   -37243.6 |   7531 | me.network/data_cmd_channel/genblk7_1__adapter_out.data_o\[4\]$_DFFE_PP_/D
     370* |       0 |      17 |        0 |      0 |    14 |    +0.0% |  -14.734 |    -2223.3 |   -37243.6 |   7531 | me.network/data_cmd_channel/genblk7_1__adapter_out.data_o\[4\]$_DFFE_PP_/D
     371* |       0 |      17 |        0 |      0 |    14 |    +0.0% |  -14.734 |    -2223.3 |   -37243.6 |   7531 | me.network/data_cmd_channel/genblk7_1__adapter_out.data_o\[4\]$_DFFE_PP_/D
     372* |       0 |      17 |        0 |      0 |    14 |    +0.0% |  -14.734 |    -2223.3 |   -37243.6 |   7531 | me.network/data_cmd_channel/genblk7_1__adapter_out.data_o\[4\]$_DFFE_PP_/D
     373* |       0 |      17 |        0 |      0 |    14 |    +0.0% |  -14.734 |    -2223.3 |   -37243.6 |   7531 | me.network/data_cmd_channel/genblk7_1__adapter_out.data_o\[4\]$_DFFE_PP_/D
     374* |       0 |      17 |        0 |      0 |    14 |    +0.0% |  -14.734 |    -2223.3 |   -37243.6 |   7531 | me.network/data_cmd_channel/genblk7_1__adapter_out.data_o\[4\]$_DFFE_PP_/D
     375* |       0 |      17 |        0 |      0 |    14 |    +0.0% |  -14.734 |    -2223.3 |   -37243.6 |   7531 | me.network/data_cmd_channel/genblk7_1__adapter_out.data_o\[4\]$_DFFE_PP_/D
     376* |       0 |      17 |        0 |      0 |    14 |    +0.0% |  -14.734 |    -2223.3 |   -37243.6 |   7531 | me.network/data_cmd_channel/genblk7_1__adapter_out.data_o\[4\]$_DFFE_PP_/D
     377* |       0 |      17 |        0 |      0 |    14 |    +0.0% |  -14.734 |    -2223.3 |   -37243.6 |   7531 | me.network/data_cmd_channel/genblk7_1__adapter_out.data_o\[4\]$_DFFE_PP_/D
     378* |       0 |      17 |        0 |      0 |    14 |    +0.0% |  -14.734 |    -2223.3 |   -37243.6 |   7531 | me.network/data_cmd_channel/genblk7_1__adapter_out.data_o\[4\]$_DFFE_PP_/D
     379* |       0 |      17 |        0 |      0 |    14 |    +0.0% |  -14.734 |    -2223.3 |   -37243.6 |   7531 | me.network/data_cmd_channel/genblk7_1__adapter_out.data_o\[4\]$_DFFE_PP_/D
     380* |       0 |      17 |        0 |      0 |    14 |    +0.0% |  -14.734 |    -2223.3 |   -37243.6 |   7531 | me.network/data_cmd_channel/genblk7_1__adapter_out.data_o\[4\]$_DFFE_PP_/D
     380* |       0 |      17 |        0 |      0 |    14 |    +0.0% |  -14.734 |    -2223.3 |   -37243.6 |   7531 | me.network/data_cmd_channel/genblk7_1__adapter_out.data_o\[4\]$_DFFE_PP_/D
     381* |       0 |      17 |        0 |      0 |    14 |    +0.0% |  -14.734 |    -2223.3 |   -37243.6 |   7531 | me.network/data_cmd_channel/genblk7_1__adapter_out.data_o\[4\]$_DFFE_PP_/D
     382* |       0 |      17 |        0 |      0 |    14 |    +0.0% |  -14.734 |    -2223.3 |   -37243.6 |   7531 | me.network/data_cmd_channel/genblk7_1__adapter_out.data_o\[4\]$_DFFE_PP_/D
     383* |       0 |      17 |        0 |      0 |    14 |    +0.0% |  -14.734 |    -2223.3 |   -37243.6 |   7531 | me.network/data_cmd_channel/genblk7_1__adapter_out.data_o\[4\]$_DFFE_PP_/D
     384* |       0 |      17 |        0 |      0 |    14 |    +0.0% |  -14.734 |    -2223.3 |   -37243.6 |   7531 | me.network/data_cmd_channel/genblk7_1__adapter_out.data_o\[4\]$_DFFE_PP_/D
     385* |       0 |      17 |        0 |      0 |    14 |    +0.0% |  -14.734 |    -2223.3 |   -37243.6 |   7531 | me.network/data_cmd_channel/genblk7_1__adapter_out.data_o\[4\]$_DFFE_PP_/D
     386* |       0 |      17 |        0 |      0 |    14 |    +0.0% |  -14.734 |    -2223.3 |   -37243.6 |   7531 | me.network/data_cmd_channel/genblk7_1__adapter_out.data_o\[4\]$_DFFE_PP_/D
     387* |       0 |      17 |        0 |      0 |    14 |    +0.0% |  -14.734 |    -2223.3 |   -37243.6 |   7531 | me.network/data_cmd_channel/genblk7_1__adapter_out.data_o\[4\]$_DFFE_PP_/D
     388* |       0 |      17 |        0 |      0 |    14 |    +0.0% |  -14.734 |    -2223.3 |   -37243.6 |   7531 | me.network/data_cmd_channel/genblk7_1__adapter_out.data_o\[4\]$_DFFE_PP_/D
     389* |       0 |      17 |        0 |      0 |    14 |    +0.0% |  -14.734 |    -2223.3 |   -37243.6 |   7531 | me.network/data_cmd_channel/genblk7_1__adapter_out.data_o\[4\]$_DFFE_PP_/D
     390* |       0 |      17 |        0 |      0 |    14 |    +0.0% |  -14.734 |    -2223.3 |   -37243.6 |   7531 | me.network/data_cmd_channel/genblk7_1__adapter_out.data_o\[4\]$_DFFE_PP_/D
     390* |       0 |      17 |        0 |      0 |    14 |    +0.0% |  -14.734 |    -2223.3 |   -37243.6 |   7531 | me.network/data_cmd_channel/genblk7_1__adapter_out.data_o\[4\]$_DFFE_PP_/D
     391* |       0 |      17 |        0 |      0 |    14 |    +0.0% |  -14.734 |    -2223.3 |   -37243.6 |   7531 | me.network/data_cmd_channel/genblk7_1__adapter_out.data_o\[4\]$_DFFE_PP_/D
     392* |       0 |      17 |        0 |      0 |    14 |    +0.0% |  -14.734 |    -2223.3 |   -37243.6 |   7531 | me.network/data_cmd_channel/genblk7_1__adapter_out.data_o\[4\]$_DFFE_PP_/D
     393* |       0 |      17 |        0 |      0 |    14 |    +0.0% |  -14.734 |    -2223.3 |   -37243.6 |   7531 | me.network/data_cmd_channel/genblk7_1__adapter_out.data_o\[4\]$_DFFE_PP_/D
     394* |       0 |      17 |        0 |      0 |    14 |    +0.0% |  -14.734 |    -2223.3 |   -37243.6 |   7531 | me.network/data_cmd_channel/genblk7_1__adapter_out.data_o\[4\]$_DFFE_PP_/D
     395* |       0 |      17 |        0 |      0 |    14 |    +0.0% |  -14.734 |    -2223.3 |   -37243.6 |   7531 | me.network/data_cmd_channel/genblk7_1__adapter_out.data_o\[4\]$_DFFE_PP_/D
     396* |       0 |      17 |        0 |      0 |    14 |    +0.0% |  -14.734 |    -2223.3 |   -37243.6 |   7531 | me.network/data_cmd_channel/genblk7_1__adapter_out.data_o\[4\]$_DFFE_PP_/D
     397* |       0 |      17 |        0 |      0 |    14 |    +0.0% |  -14.734 |    -2223.3 |   -37243.6 |   7531 | me.network/data_cmd_channel/genblk7_1__adapter_out.data_o\[4\]$_DFFE_PP_/D
     398* |       0 |      17 |        0 |      0 |    14 |    +0.0% |  -14.734 |    -2223.3 |   -37243.6 |   7531 | me.network/data_cmd_channel/genblk7_1__adapter_out.data_o\[4\]$_DFFE_PP_/D
     399* |       0 |      17 |        0 |      0 |    14 |    +0.0% |  -14.734 |    -2223.3 |   -37243.6 |   7531 | me.network/data_cmd_channel/genblk7_1__adapter_out.data_o\[4\]$_DFFE_PP_/D
     400* |       0 |      17 |        0 |      0 |    14 |    +0.0% |  -14.734 |    -2223.3 |   -37243.6 |   7531 | me.network/data_cmd_channel/genblk7_1__adapter_out.data_o\[4\]$_DFFE_PP_/D
     400* |       0 |      17 |        0 |      0 |    14 |    +0.0% |  -14.734 |    -2223.3 |   -37243.6 |   7531 | me.network/data_cmd_channel/genblk7_1__adapter_out.data_o\[4\]$_DFFE_PP_/D
     401* |       0 |      17 |        0 |      0 |    14 |    +0.0% |  -14.734 |    -2223.3 |   -37243.6 |   7531 | me.network/data_cmd_channel/genblk7_1__adapter_out.data_o\[4\]$_DFFE_PP_/D
     402* |       0 |      17 |        0 |      0 |    14 |    +0.0% |  -14.734 |    -2223.3 |   -37243.6 |   7531 | me.network/data_cmd_channel/genblk7_1__adapter_out.data_o\[4\]$_DFFE_PP_/D
     403* |       0 |      17 |        0 |      0 |    14 |    +0.0% |  -14.734 |    -2223.3 |   -37243.6 |   7531 | me.network/data_cmd_channel/genblk7_1__adapter_out.data_o\[4\]$_DFFE_PP_/D
     404* |       0 |      17 |        0 |      0 |    14 |    +0.0% |  -14.734 |    -2223.3 |   -37243.6 |   7531 | me.network/data_cmd_channel/genblk7_1__adapter_out.data_o\[4\]$_DFFE_PP_/D
     405* |       0 |      17 |        0 |      0 |    14 |    +0.0% |  -14.734 |    -2223.3 |   -37243.6 |   7531 | me.network/data_cmd_channel/genblk7_1__adapter_out.data_o\[4\]$_DFFE_PP_/D
     406* |       0 |      17 |        0 |      0 |    14 |    +0.0% |  -14.734 |    -2223.3 |   -37243.6 |   7531 | me.network/data_cmd_channel/genblk7_1__adapter_out.data_o\[4\]$_DFFE_PP_/D
     407* |       0 |      17 |        0 |      0 |    14 |    +0.0% |  -14.734 |    -2223.3 |   -37243.6 |   7531 | me.network/data_cmd_channel/genblk7_1__adapter_out.data_o\[4\]$_DFFE_PP_/D
     408* |       0 |      17 |        0 |      0 |    14 |    +0.0% |  -14.734 |    -2223.3 |   -37243.6 |   7531 | me.network/data_cmd_channel/genblk7_1__adapter_out.data_o\[4\]$_DFFE_PP_/D
     409* |       0 |      17 |        0 |      0 |    14 |    +0.0% |  -14.734 |    -2223.3 |   -37243.6 |   7531 | me.network/data_cmd_channel/genblk7_1__adapter_out.data_o\[4\]$_DFFE_PP_/D
     410* |       0 |      17 |        0 |      0 |    14 |    +0.0% |  -14.734 |    -2223.3 |   -37243.6 |   7531 | me.network/data_cmd_channel/genblk7_1__adapter_out.data_o\[4\]$_DFFE_PP_/D
     410* |       0 |      17 |        0 |      0 |    14 |    +0.0% |  -14.734 |    -2223.3 |   -37243.6 |   7531 | me.network/data_cmd_channel/genblk7_1__adapter_out.data_o\[4\]$_DFFE_PP_/D
     411* |       0 |      17 |        0 |      0 |    14 |    +0.0% |  -14.734 |    -2223.3 |   -37243.6 |   7531 | me.network/data_cmd_channel/genblk7_1__adapter_out.data_o\[4\]$_DFFE_PP_/D
     412* |       0 |      17 |        0 |      0 |    14 |    +0.0% |  -14.734 |    -2223.3 |   -37243.6 |   7531 | me.network/data_cmd_channel/genblk7_1__adapter_out.data_o\[4\]$_DFFE_PP_/D
     413* |       0 |      17 |        0 |      0 |    14 |    +0.0% |  -14.734 |    -2223.3 |   -37243.6 |   7531 | me.network/data_cmd_channel/genblk7_1__adapter_out.data_o\[4\]$_DFFE_PP_/D
     414* |       0 |      17 |        0 |      0 |    14 |    +0.0% |  -14.734 |    -2223.3 |   -37243.6 |   7531 | me.network/data_cmd_channel/genblk7_1__adapter_out.data_o\[4\]$_DFFE_PP_/D
     415* |       0 |      17 |        0 |      0 |    14 |    +0.0% |  -14.734 |    -2223.3 |   -37243.6 |   7531 | me.network/data_cmd_channel/genblk7_1__adapter_out.data_o\[4\]$_DFFE_PP_/D
     416* |       0 |      17 |        0 |      0 |    14 |    +0.0% |  -14.734 |    -2223.3 |   -37243.6 |   7531 | me.network/data_cmd_channel/genblk7_1__adapter_out.data_o\[4\]$_DFFE_PP_/D
     417* |       0 |      17 |        0 |      0 |    14 |    +0.0% |  -14.734 |    -2223.3 |   -37243.6 |   7531 | me.network/data_cmd_channel/genblk7_1__adapter_out.data_o\[4\]$_DFFE_PP_/D
     418* |       0 |      17 |        0 |      0 |    14 |    +0.0% |  -14.734 |    -2223.3 |   -37243.6 |   7531 | me.network/data_cmd_channel/genblk7_1__adapter_out.data_o\[4\]$_DFFE_PP_/D
     419* |       0 |      17 |        0 |      0 |    14 |    +0.0% |  -14.734 |    -2223.3 |   -37243.6 |   7531 | me.network/data_cmd_channel/genblk7_1__adapter_out.data_o\[4\]$_DFFE_PP_/D
     420* |       0 |      17 |        0 |      0 |    14 |    +0.0% |  -14.734 |    -2223.3 |   -37243.6 |   7531 | me.network/data_cmd_channel/genblk7_1__adapter_out.data_o\[4\]$_DFFE_PP_/D
     420* |       0 |      17 |        0 |      0 |    14 |    +0.0% |  -14.734 |    -2223.3 |   -37243.6 |   7531 | me.network/data_cmd_channel/genblk7_1__adapter_out.data_o\[4\]$_DFFE_PP_/D
     421* |       0 |      17 |        0 |      0 |    14 |    +0.0% |  -14.734 |    -2223.3 |   -37243.6 |   7531 | me.network/data_cmd_channel/genblk7_1__adapter_out.data_o\[4\]$_DFFE_PP_/D
     422* |       0 |      17 |        0 |      0 |    14 |    +0.0% |  -14.734 |    -2223.3 |   -37243.6 |   7531 | me.network/data_cmd_channel/genblk7_1__adapter_out.data_o\[4\]$_DFFE_PP_/D
     423* |       0 |      17 |        0 |      0 |    14 |    +0.0% |  -14.734 |    -2223.3 |   -37243.6 |   7531 | me.network/data_cmd_channel/genblk7_1__adapter_out.data_o\[4\]$_DFFE_PP_/D
     424* |       0 |      17 |        0 |      0 |    14 |    +0.0% |  -14.734 |    -2223.3 |   -37243.6 |   7531 | me.network/data_cmd_channel/genblk7_1__adapter_out.data_o\[4\]$_DFFE_PP_/D
     425* |       0 |      17 |        0 |      0 |    14 |    +0.0% |  -14.734 |    -2223.3 |   -37243.6 |   7531 | me.network/data_cmd_channel/genblk7_1__adapter_out.data_o\[4\]$_DFFE_PP_/D
     426* |       0 |      17 |        0 |      0 |    14 |    +0.0% |  -14.734 |    -2223.3 |   -37243.6 |   7531 | me.network/data_cmd_channel/genblk7_1__adapter_out.data_o\[4\]$_DFFE_PP_/D
     427* |       0 |      17 |        0 |      0 |    14 |    +0.0% |  -14.734 |    -2223.3 |   -37243.6 |   7531 | me.network/data_cmd_channel/genblk7_1__adapter_out.data_o\[4\]$_DFFE_PP_/D
     428* |       0 |      17 |        0 |      0 |    14 |    +0.0% |  -14.734 |    -2223.3 |   -37243.6 |   7531 | me.network/data_cmd_channel/genblk7_1__adapter_out.data_o\[4\]$_DFFE_PP_/D
     429* |       0 |      17 |        0 |      0 |    14 |    +0.0% |  -14.734 |    -2223.3 |   -37243.6 |   7531 | me.network/data_cmd_channel/genblk7_1__adapter_out.data_o\[4\]$_DFFE_PP_/D
     430* |       0 |      17 |        0 |      0 |    14 |    +0.0% |  -14.734 |    -2223.3 |   -37243.6 |   7531 | me.network/data_cmd_channel/genblk7_1__adapter_out.data_o\[4\]$_DFFE_PP_/D
     430* |       0 |      17 |        0 |      0 |    14 |    +0.0% |  -14.734 |    -2223.3 |   -37243.6 |   7531 | me.network/data_cmd_channel/genblk7_1__adapter_out.data_o\[4\]$_DFFE_PP_/D
     431* |       0 |      17 |        0 |      0 |    14 |    +0.0% |  -14.734 |    -2223.3 |   -37243.6 |   7531 | me.network/data_cmd_channel/genblk7_1__adapter_out.data_o\[4\]$_DFFE_PP_/D
     432* |       0 |      17 |        0 |      0 |    14 |    +0.0% |  -14.734 |    -2223.3 |   -37243.6 |   7531 | me.network/data_cmd_channel/genblk7_1__adapter_out.data_o\[4\]$_DFFE_PP_/D
     433* |       0 |      17 |        0 |      0 |    14 |    +0.0% |  -14.734 |    -2223.3 |   -37243.6 |   7531 | me.network/data_cmd_channel/genblk7_1__adapter_out.data_o\[4\]$_DFFE_PP_/D
     434* |       0 |      17 |        0 |      0 |    14 |    +0.0% |  -14.734 |    -2223.3 |   -37243.6 |   7531 | me.network/data_cmd_channel/genblk7_1__adapter_out.data_o\[4\]$_DFFE_PP_/D
     435* |       0 |      17 |        0 |      0 |    14 |    +0.0% |  -14.734 |    -2223.3 |   -37243.6 |   7531 | me.network/data_cmd_channel/genblk7_1__adapter_out.data_o\[4\]$_DFFE_PP_/D
     436* |       0 |      17 |        0 |      0 |    14 |    +0.0% |  -14.734 |    -2223.3 |   -37243.6 |   7531 | me.network/data_cmd_channel/genblk7_1__adapter_out.data_o\[4\]$_DFFE_PP_/D
     437* |       0 |      17 |        0 |      0 |    14 |    +0.0% |  -14.734 |    -2223.3 |   -37243.6 |   7531 | me.network/data_cmd_channel/genblk7_1__adapter_out.data_o\[4\]$_DFFE_PP_/D
     438* |       0 |      17 |        0 |      0 |    14 |    +0.0% |  -14.734 |    -2223.3 |   -37243.6 |   7531 | me.network/data_cmd_channel/genblk7_1__adapter_out.data_o\[4\]$_DFFE_PP_/D
     439* |       0 |      17 |        0 |      0 |    14 |    +0.0% |  -14.734 |    -2223.3 |   -37243.6 |   7531 | me.network/data_cmd_channel/genblk7_1__adapter_out.data_o\[4\]$_DFFE_PP_/D
     440* |       0 |      17 |        0 |      0 |    14 |    +0.0% |  -14.734 |    -2223.3 |   -37243.6 |   7531 | me.network/data_cmd_channel/genblk7_1__adapter_out.data_o\[4\]$_DFFE_PP_/D
     440* |       0 |      17 |        0 |      0 |    14 |    +0.0% |  -14.734 |    -2223.3 |   -37243.6 |   7531 | me.network/data_cmd_channel/genblk7_1__adapter_out.data_o\[4\]$_DFFE_PP_/D
     441* |       0 |      17 |        0 |      0 |    14 |    +0.0% |  -14.734 |    -2223.3 |   -37243.6 |   7531 | me.network/data_cmd_channel/genblk7_1__adapter_out.data_o\[4\]$_DFFE_PP_/D
     442* |       0 |      17 |        0 |      0 |    14 |    +0.0% |  -14.734 |    -2223.3 |   -37243.6 |   7531 | me.network/data_cmd_channel/genblk7_1__adapter_out.data_o\[4\]$_DFFE_PP_/D
     443* |       0 |      17 |        0 |      0 |    14 |    +0.0% |  -14.734 |    -2223.3 |   -37243.6 |   7531 | me.network/data_cmd_channel/genblk7_1__adapter_out.data_o\[4\]$_DFFE_PP_/D
     444* |       0 |      17 |        0 |      0 |    14 |    +0.0% |  -14.734 |    -2223.3 |   -37243.6 |   7531 | me.network/data_cmd_channel/genblk7_1__adapter_out.data_o\[4\]$_DFFE_PP_/D
     445* |       0 |      17 |        0 |      0 |    14 |    +0.0% |  -14.734 |    -2223.3 |   -37243.6 |   7531 | me.network/data_cmd_channel/genblk7_1__adapter_out.data_o\[4\]$_DFFE_PP_/D
     446* |       0 |      17 |        0 |      0 |    14 |    +0.0% |  -14.734 |    -2223.3 |   -37243.6 |   7531 | me.network/data_cmd_channel/genblk7_1__adapter_out.data_o\[4\]$_DFFE_PP_/D
     447* |       0 |      17 |        0 |      0 |    14 |    +0.0% |  -14.734 |    -2223.3 |   -37243.6 |   7531 | me.network/data_cmd_channel/genblk7_1__adapter_out.data_o\[4\]$_DFFE_PP_/D
     448* |       0 |      17 |        0 |      0 |    14 |    +0.0% |  -14.734 |    -2223.3 |   -37243.6 |   7531 | me.network/data_cmd_channel/genblk7_1__adapter_out.data_o\[4\]$_DFFE_PP_/D
     449* |       0 |      17 |        0 |      0 |    14 |    +0.0% |  -14.734 |    -2223.3 |   -37243.6 |   7531 | me.network/data_cmd_channel/genblk7_1__adapter_out.data_o\[4\]$_DFFE_PP_/D
     450* |       0 |      17 |        0 |      0 |    14 |    +0.0% |  -14.734 |    -2223.3 |   -37243.6 |   7531 | me.network/data_cmd_channel/genblk7_1__adapter_out.data_o\[4\]$_DFFE_PP_/D
     450* |       0 |      17 |        0 |      0 |    14 |    +0.0% |  -14.734 |    -2223.3 |   -37243.6 |   7531 | me.network/data_cmd_channel/genblk7_1__adapter_out.data_o\[4\]$_DFFE_PP_/D
     451* |       0 |      17 |        0 |      0 |    14 |    +0.0% |  -14.734 |    -2223.3 |   -37243.6 |   7531 | me.network/data_cmd_channel/genblk7_1__adapter_out.data_o\[4\]$_DFFE_PP_/D
     452* |       0 |      17 |        0 |      0 |    14 |    +0.0% |  -14.734 |    -2223.3 |   -37243.6 |   7531 | me.network/data_cmd_channel/genblk7_1__adapter_out.data_o\[4\]$_DFFE_PP_/D
     453* |       0 |      17 |        0 |      0 |    14 |    +0.0% |  -14.734 |    -2223.3 |   -37243.6 |   7531 | me.network/data_cmd_channel/genblk7_1__adapter_out.data_o\[4\]$_DFFE_PP_/D
     454* |       0 |      17 |        0 |      0 |    14 |    +0.0% |  -14.734 |    -2223.3 |   -37243.6 |   7531 | me.network/data_cmd_channel/genblk7_1__adapter_out.data_o\[4\]$_DFFE_PP_/D
     455* |       0 |      17 |        0 |      0 |    14 |    +0.0% |  -14.734 |    -2223.3 |   -37243.6 |   7531 | me.network/data_cmd_channel/genblk7_1__adapter_out.data_o\[4\]$_DFFE_PP_/D
     456* |       0 |      17 |        0 |      0 |    14 |    +0.0% |  -14.734 |    -2223.3 |   -37243.6 |   7531 | me.network/data_cmd_channel/genblk7_1__adapter_out.data_o\[4\]$_DFFE_PP_/D
     457* |       0 |      17 |        0 |      0 |    14 |    +0.0% |  -14.734 |    -2223.3 |   -37243.6 |   7531 | me.network/data_cmd_channel/genblk7_1__adapter_out.data_o\[4\]$_DFFE_PP_/D
     458* |       0 |      17 |        0 |      0 |    14 |    +0.0% |  -14.734 |    -2223.3 |   -37243.6 |   7531 | me.network/data_cmd_channel/genblk7_1__adapter_out.data_o\[4\]$_DFFE_PP_/D
     459* |       0 |      17 |        0 |      0 |    14 |    +0.0% |  -14.734 |    -2223.3 |   -37243.6 |   7531 | me.network/data_cmd_channel/genblk7_1__adapter_out.data_o\[4\]$_DFFE_PP_/D
     460* |       0 |      17 |        0 |      0 |    14 |    +0.0% |  -14.734 |    -2223.3 |   -37243.6 |   7531 | me.network/data_cmd_channel/genblk7_1__adapter_out.data_o\[4\]$_DFFE_PP_/D
     460* |       0 |      17 |        0 |      0 |    14 |    +0.0% |  -14.734 |    -2223.3 |   -37243.6 |   7531 | me.network/data_cmd_channel/genblk7_1__adapter_out.data_o\[4\]$_DFFE_PP_/D
     461* |       0 |      17 |        0 |      0 |    14 |    +0.0% |  -14.734 |    -2223.3 |   -37243.6 |   7531 | me.network/data_cmd_channel/genblk7_1__adapter_out.data_o\[4\]$_DFFE_PP_/D
     462* |       0 |      17 |        0 |      0 |    14 |    +0.0% |  -14.734 |    -2223.3 |   -37243.6 |   7531 | me.network/data_cmd_channel/genblk7_1__adapter_out.data_o\[4\]$_DFFE_PP_/D
     463* |       0 |      17 |        0 |      0 |    14 |    +0.0% |  -14.734 |    -2223.3 |   -37243.6 |   7531 | me.network/data_cmd_channel/genblk7_1__adapter_out.data_o\[4\]$_DFFE_PP_/D
     464* |       0 |      17 |        0 |      0 |    14 |    +0.0% |  -14.734 |    -2223.3 |   -37243.6 |   7531 | me.network/data_cmd_channel/genblk7_1__adapter_out.data_o\[4\]$_DFFE_PP_/D
     465* |       0 |      17 |        0 |      0 |    14 |    +0.0% |  -14.734 |    -2223.3 |   -37243.6 |   7531 | me.network/data_cmd_channel/genblk7_1__adapter_out.data_o\[4\]$_DFFE_PP_/D
     466* |       0 |      17 |        0 |      0 |    14 |    +0.0% |  -14.734 |    -2223.3 |   -37243.6 |   7531 | me.network/data_cmd_channel/genblk7_1__adapter_out.data_o\[4\]$_DFFE_PP_/D
     467* |       0 |      17 |        0 |      0 |    14 |    +0.0% |  -14.734 |    -2223.3 |   -37243.6 |   7531 | me.network/data_cmd_channel/genblk7_1__adapter_out.data_o\[4\]$_DFFE_PP_/D
     468* |       0 |      17 |        0 |      0 |    14 |    +0.0% |  -14.734 |    -2223.3 |   -37243.6 |   7531 | me.network/data_cmd_channel/genblk7_1__adapter_out.data_o\[4\]$_DFFE_PP_/D
     469* |       0 |      17 |        0 |      0 |    14 |    +0.0% |  -14.734 |    -2223.3 |   -37243.6 |   7531 | me.network/data_cmd_channel/genblk7_1__adapter_out.data_o\[4\]$_DFFE_PP_/D
     470* |       0 |      17 |        0 |      0 |    14 |    +0.0% |  -14.734 |    -2223.3 |   -37243.6 |   7531 | me.network/data_cmd_channel/genblk7_1__adapter_out.data_o\[4\]$_DFFE_PP_/D
     470* |       0 |      17 |        0 |      0 |    14 |    +0.0% |  -14.734 |    -2223.3 |   -37243.6 |   7531 | me.network/data_cmd_channel/genblk7_1__adapter_out.data_o\[4\]$_DFFE_PP_/D
     471* |       0 |      17 |        0 |      0 |    14 |    +0.0% |  -14.734 |    -2223.3 |   -37243.6 |   7531 | me.network/data_cmd_channel/genblk7_1__adapter_out.data_o\[4\]$_DFFE_PP_/D
     472* |       0 |      17 |        0 |      0 |    14 |    +0.0% |  -14.734 |    -2223.3 |   -37243.6 |   7531 | me.network/data_cmd_channel/genblk7_1__adapter_out.data_o\[4\]$_DFFE_PP_/D
     473* |       0 |      17 |        0 |      0 |    14 |    +0.0% |  -14.734 |    -2223.3 |   -37243.6 |   7531 | me.network/data_cmd_channel/genblk7_1__adapter_out.data_o\[4\]$_DFFE_PP_/D
     474* |       0 |      17 |        0 |      0 |    14 |    +0.0% |  -14.734 |    -2223.3 |   -37243.6 |   7531 | me.network/data_cmd_channel/genblk7_1__adapter_out.data_o\[4\]$_DFFE_PP_/D
     475* |       0 |      17 |        0 |      0 |    14 |    +0.0% |  -14.734 |    -2223.3 |   -37243.6 |   7531 | me.network/data_cmd_channel/genblk7_1__adapter_out.data_o\[4\]$_DFFE_PP_/D
     476* |       0 |      17 |        0 |      0 |    14 |    +0.0% |  -14.734 |    -2223.3 |   -37243.6 |   7531 | me.network/data_cmd_channel/genblk7_1__adapter_out.data_o\[4\]$_DFFE_PP_/D
     477* |       0 |      17 |        0 |      0 |    14 |    +0.0% |  -14.734 |    -2223.3 |   -37243.6 |   7531 | me.network/data_cmd_channel/genblk7_1__adapter_out.data_o\[4\]$_DFFE_PP_/D
     478* |       0 |      17 |        0 |      0 |    14 |    +0.0% |  -14.734 |    -2223.3 |   -37243.6 |   7531 | me.network/data_cmd_channel/genblk7_1__adapter_out.data_o\[4\]$_DFFE_PP_/D
     479* |       0 |      17 |        0 |      0 |    14 |    +0.0% |  -14.734 |    -2223.3 |   -37243.6 |   7531 | me.network/data_cmd_channel/genblk7_1__adapter_out.data_o\[4\]$_DFFE_PP_/D
     480* |       0 |      17 |        0 |      0 |    14 |    +0.0% |  -14.734 |    -2223.3 |   -37243.6 |   7531 | me.network/data_cmd_channel/genblk7_1__adapter_out.data_o\[4\]$_DFFE_PP_/D
     480* |       0 |      17 |        0 |      0 |    14 |    +0.0% |  -14.734 |    -2223.3 |   -37243.6 |   7531 | me.network/data_cmd_channel/genblk7_1__adapter_out.data_o\[4\]$_DFFE_PP_/D
     481* |       0 |      17 |        0 |      0 |    14 |    +0.0% |  -14.734 |    -2223.3 |   -37243.6 |   7531 | me.network/data_cmd_channel/genblk7_1__adapter_out.data_o\[4\]$_DFFE_PP_/D
     482* |       0 |      17 |        0 |      0 |    14 |    +0.0% |  -14.734 |    -2223.3 |   -37243.6 |   7531 | me.network/data_cmd_channel/genblk7_1__adapter_out.data_o\[4\]$_DFFE_PP_/D
     483* |       0 |      17 |        0 |      0 |    14 |    +0.0% |  -14.734 |    -2223.3 |   -37243.6 |   7531 | me.network/data_cmd_channel/genblk7_1__adapter_out.data_o\[4\]$_DFFE_PP_/D
     484* |       0 |      17 |        0 |      0 |    14 |    +0.0% |  -14.734 |    -2223.3 |   -37243.6 |   7531 | me.network/data_cmd_channel/genblk7_1__adapter_out.data_o\[4\]$_DFFE_PP_/D
     485* |       0 |      17 |        0 |      0 |    14 |    +0.0% |  -14.734 |    -2223.3 |   -37243.6 |   7531 | me.network/data_cmd_channel/genblk7_1__adapter_out.data_o\[4\]$_DFFE_PP_/D
     486* |       0 |      17 |        0 |      0 |    14 |    +0.0% |  -14.734 |    -2223.3 |   -37243.6 |   7531 | me.network/data_cmd_channel/genblk7_1__adapter_out.data_o\[4\]$_DFFE_PP_/D
     487* |       0 |      17 |        0 |      0 |    14 |    +0.0% |  -14.734 |    -2223.3 |   -37243.6 |   7531 | me.network/data_cmd_channel/genblk7_1__adapter_out.data_o\[4\]$_DFFE_PP_/D
     488* |       0 |      17 |        0 |      0 |    14 |    +0.0% |  -14.734 |    -2223.3 |   -37243.6 |   7531 | me.network/data_cmd_channel/genblk7_1__adapter_out.data_o\[4\]$_DFFE_PP_/D
     489* |       0 |      17 |        0 |      0 |    14 |    +0.0% |  -14.734 |    -2223.3 |   -37243.6 |   7531 | me.network/data_cmd_channel/genblk7_1__adapter_out.data_o\[4\]$_DFFE_PP_/D
     490* |       0 |      17 |        0 |      0 |    14 |    +0.0% |  -14.734 |    -2223.3 |   -37243.6 |   7531 | me.network/data_cmd_channel/genblk7_1__adapter_out.data_o\[4\]$_DFFE_PP_/D
     490* |       0 |      17 |        0 |      0 |    14 |    +0.0% |  -14.734 |    -2223.3 |   -37243.6 |   7531 | me.network/data_cmd_channel/genblk7_1__adapter_out.data_o\[4\]$_DFFE_PP_/D
     491* |       0 |      17 |        0 |      0 |    14 |    +0.0% |  -14.734 |    -2223.3 |   -37243.6 |   7531 | me.network/data_cmd_channel/genblk7_1__adapter_out.data_o\[4\]$_DFFE_PP_/D
     492* |       0 |      17 |        0 |      0 |    14 |    +0.0% |  -14.734 |    -2223.3 |   -37243.6 |   7531 | me.network/data_cmd_channel/genblk7_1__adapter_out.data_o\[4\]$_DFFE_PP_/D
     493* |       0 |      17 |        0 |      0 |    14 |    +0.0% |  -14.734 |    -2223.3 |   -37243.6 |   7531 | me.network/data_cmd_channel/genblk7_1__adapter_out.data_o\[4\]$_DFFE_PP_/D
     494* |       0 |      17 |        0 |      0 |    14 |    +0.0% |  -14.734 |    -2223.3 |   -37243.6 |   7531 | me.network/data_cmd_channel/genblk7_1__adapter_out.data_o\[4\]$_DFFE_PP_/D
     495* |       0 |      17 |        0 |      0 |    14 |    +0.0% |  -14.734 |    -2223.3 |   -37243.6 |   7531 | me.network/data_cmd_channel/genblk7_1__adapter_out.data_o\[4\]$_DFFE_PP_/D
     496* |       0 |      17 |        0 |      0 |    14 |    +0.0% |  -14.734 |    -2223.3 |   -37243.6 |   7531 | me.network/data_cmd_channel/genblk7_1__adapter_out.data_o\[4\]$_DFFE_PP_/D
     497* |       0 |      17 |        0 |      0 |    14 |    +0.0% |  -14.734 |    -2223.3 |   -37243.6 |   7531 | me.network/data_cmd_channel/genblk7_1__adapter_out.data_o\[4\]$_DFFE_PP_/D
     498* |       0 |      17 |        0 |      0 |    14 |    +0.0% |  -14.734 |    -2223.3 |   -37243.6 |   7531 | me.network/data_cmd_channel/genblk7_1__adapter_out.data_o\[4\]$_DFFE_PP_/D
     499* |       0 |      17 |        0 |      0 |    14 |    +0.0% |  -14.734 |    -2223.3 |   -37243.6 |   7531 | me.network/data_cmd_channel/genblk7_1__adapter_out.data_o\[4\]$_DFFE_PP_/D
     500* |       0 |      17 |        0 |      0 |    14 |    +0.0% |  -14.734 |    -2223.3 |   -37243.6 |   7531 | me.network/data_cmd_channel/genblk7_1__adapter_out.data_o\[4\]$_DFFE_PP_/D
     500* |       0 |      17 |        0 |      0 |    14 |    +0.0% |  -14.734 |    -2223.3 |   -37243.6 |   7531 | me.network/data_cmd_channel/genblk7_1__adapter_out.data_o\[4\]$_DFFE_PP_/D
     501* |       0 |      17 |        0 |      0 |    14 |    +0.0% |  -14.734 |    -2223.3 |   -37243.6 |   7531 | me.network/data_cmd_channel/genblk7_1__adapter_out.data_o\[4\]$_DFFE_PP_/D
     502* |       0 |      17 |        0 |      0 |    14 |    +0.0% |  -14.734 |    -2223.3 |   -37243.6 |   7531 | me.network/data_cmd_channel/genblk7_1__adapter_out.data_o\[4\]$_DFFE_PP_/D
     503* |       0 |      17 |        0 |      0 |    14 |    +0.0% |  -14.734 |    -2223.3 |   -37243.6 |   7531 | me.network/data_cmd_channel/genblk7_1__adapter_out.data_o\[4\]$_DFFE_PP_/D
     504* |       0 |      17 |        0 |      0 |    14 |    +0.0% |  -14.734 |    -2223.3 |   -37243.6 |   7531 | me.network/data_cmd_channel/genblk7_1__adapter_out.data_o\[4\]$_DFFE_PP_/D
     505* |       0 |      17 |        0 |      0 |    14 |    +0.0% |  -14.734 |    -2223.3 |   -37243.6 |   7531 | me.network/data_cmd_channel/genblk7_1__adapter_out.data_o\[4\]$_DFFE_PP_/D
     506* |       0 |      17 |        0 |      0 |    14 |    +0.0% |  -14.734 |    -2223.3 |   -37243.6 |   7531 | me.network/data_cmd_channel/genblk7_1__adapter_out.data_o\[4\]$_DFFE_PP_/D
     507* |       0 |      17 |        0 |      0 |    14 |    +0.0% |  -14.734 |    -2223.3 |   -37243.6 |   7531 | me.network/data_cmd_channel/genblk7_1__adapter_out.data_o\[4\]$_DFFE_PP_/D
     508* |       0 |      17 |        0 |      0 |    14 |    +0.0% |  -14.734 |    -2223.3 |   -37243.6 |   7531 | me.network/data_cmd_channel/genblk7_1__adapter_out.data_o\[4\]$_DFFE_PP_/D
     509* |       0 |      17 |        0 |      0 |    14 |    +0.0% |  -14.734 |    -2223.3 |   -37243.6 |   7531 | me.network/data_cmd_channel/genblk7_1__adapter_out.data_o\[4\]$_DFFE_PP_/D
     510* |       0 |      17 |        0 |      0 |    14 |    +0.0% |  -14.734 |    -2223.3 |   -37243.6 |   7531 | me.network/data_cmd_channel/genblk7_1__adapter_out.data_o\[4\]$_DFFE_PP_/D
     510* |       0 |      17 |        0 |      0 |    14 |    +0.0% |  -14.734 |    -2223.3 |   -37243.6 |   7531 | me.network/data_cmd_channel/genblk7_1__adapter_out.data_o\[4\]$_DFFE_PP_/D
     511* |       0 |      17 |        0 |      0 |    14 |    +0.0% |  -14.734 |    -2223.3 |   -37243.6 |   7531 | me.network/data_cmd_channel/genblk7_1__adapter_out.data_o\[4\]$_DFFE_PP_/D
     512* |       0 |      17 |        0 |      0 |    14 |    +0.0% |  -14.734 |    -2223.3 |   -37243.6 |   7531 | me.network/data_cmd_channel/genblk7_1__adapter_out.data_o\[4\]$_DFFE_PP_/D
     513* |       0 |      17 |        0 |      0 |    14 |    +0.0% |  -14.734 |    -2223.3 |   -37243.6 |   7531 | me.network/data_cmd_channel/genblk7_1__adapter_out.data_o\[4\]$_DFFE_PP_/D
     514* |       0 |      17 |        0 |      0 |    14 |    +0.0% |  -14.734 |    -2223.3 |   -37243.6 |   7531 | me.network/data_cmd_channel/genblk7_1__adapter_out.data_o\[4\]$_DFFE_PP_/D
     515* |       0 |      17 |        0 |      0 |    14 |    +0.0% |  -14.734 |    -2223.3 |   -37243.6 |   7531 | me.network/data_cmd_channel/genblk7_1__adapter_out.data_o\[4\]$_DFFE_PP_/D
     516* |       0 |      17 |        0 |      0 |    14 |    +0.0% |  -14.734 |    -2223.3 |   -37243.6 |   7531 | me.network/data_cmd_channel/genblk7_1__adapter_out.data_o\[4\]$_DFFE_PP_/D
     517* |       0 |      17 |        0 |      0 |    14 |    +0.0% |  -14.734 |    -2223.3 |   -37243.6 |   7531 | me.network/data_cmd_channel/genblk7_1__adapter_out.data_o\[4\]$_DFFE_PP_/D
     518* |       0 |      17 |        0 |      0 |    14 |    +0.0% |  -14.734 |    -2223.3 |   -37243.6 |   7531 | me.network/data_cmd_channel/genblk7_1__adapter_out.data_o\[4\]$_DFFE_PP_/D
     519* |       0 |      17 |        0 |      0 |    14 |    +0.0% |  -14.734 |    -2223.3 |   -37243.6 |   7531 | me.network/data_cmd_channel/genblk7_1__adapter_out.data_o\[4\]$_DFFE_PP_/D
     520* |       0 |      17 |        0 |      0 |    14 |    +0.0% |  -14.734 |    -2223.3 |   -37243.6 |   7531 | me.network/data_cmd_channel/genblk7_1__adapter_out.data_o\[4\]$_DFFE_PP_/D
     520* |       0 |      17 |        0 |      0 |    14 |    +0.0% |  -14.734 |    -2223.3 |   -37243.6 |   7531 | me.network/data_cmd_channel/genblk7_1__adapter_out.data_o\[4\]$_DFFE_PP_/D
     521* |       0 |      17 |        0 |      0 |    14 |    +0.0% |  -14.734 |    -2223.3 |   -37243.6 |   7531 | me.network/data_cmd_channel/genblk7_1__adapter_out.data_o\[4\]$_DFFE_PP_/D
     522* |       0 |      17 |        0 |      0 |    14 |    +0.0% |  -14.734 |    -2223.3 |   -37243.6 |   7531 | me.network/data_cmd_channel/genblk7_1__adapter_out.data_o\[4\]$_DFFE_PP_/D
     523* |       0 |      17 |        0 |      0 |    14 |    +0.0% |  -14.734 |    -2223.3 |   -37243.6 |   7531 | me.network/data_cmd_channel/genblk7_1__adapter_out.data_o\[4\]$_DFFE_PP_/D
     524* |       0 |      17 |        0 |      0 |    14 |    +0.0% |  -14.734 |    -2223.3 |   -37243.6 |   7531 | me.network/data_cmd_channel/genblk7_1__adapter_out.data_o\[4\]$_DFFE_PP_/D
     525* |       0 |      17 |        0 |      0 |    14 |    +0.0% |  -14.734 |    -2223.3 |   -37243.6 |   7531 | me.network/data_cmd_channel/genblk7_1__adapter_out.data_o\[4\]$_DFFE_PP_/D
     526* |       0 |      17 |        0 |      0 |    14 |    +0.0% |  -14.734 |    -2223.3 |   -37243.6 |   7531 | me.network/data_cmd_channel/genblk7_1__adapter_out.data_o\[4\]$_DFFE_PP_/D
     527* |       0 |      17 |        0 |      0 |    14 |    +0.0% |  -14.734 |    -2223.3 |   -37243.6 |   7531 | me.network/data_cmd_channel/genblk7_1__adapter_out.data_o\[4\]$_DFFE_PP_/D
     528* |       0 |      17 |        0 |      0 |    14 |    +0.0% |  -14.734 |    -2223.3 |   -37243.6 |   7531 | me.network/data_cmd_channel/genblk7_1__adapter_out.data_o\[4\]$_DFFE_PP_/D
     529* |       0 |      17 |        0 |      0 |    14 |    +0.0% |  -14.734 |    -2223.3 |   -37243.6 |   7531 | me.network/data_cmd_channel/genblk7_1__adapter_out.data_o\[4\]$_DFFE_PP_/D
     530* |       0 |      17 |        0 |      0 |    14 |    +0.0% |  -14.734 |    -2223.3 |   -37243.6 |   7531 | me.network/data_cmd_channel/genblk7_1__adapter_out.data_o\[4\]$_DFFE_PP_/D
     530* |       0 |      17 |        0 |      0 |    14 |    +0.0% |  -14.734 |    -2223.3 |   -37243.6 |   7531 | me.network/data_cmd_channel/genblk7_1__adapter_out.data_o\[4\]$_DFFE_PP_/D
     531* |       0 |      17 |        0 |      0 |    14 |    +0.0% |  -14.734 |    -2223.3 |   -37243.6 |   7531 | me.network/data_cmd_channel/genblk7_1__adapter_out.data_o\[4\]$_DFFE_PP_/D
     532* |       0 |      17 |        0 |      0 |    14 |    +0.0% |  -14.734 |    -2223.3 |   -37243.6 |   7531 | me.network/data_cmd_channel/genblk7_1__adapter_out.data_o\[4\]$_DFFE_PP_/D
     533* |       0 |      17 |        0 |      0 |    14 |    +0.0% |  -14.734 |    -2223.3 |   -37243.6 |   7531 | me.network/data_cmd_channel/genblk7_1__adapter_out.data_o\[4\]$_DFFE_PP_/D
     534* |       0 |      17 |        0 |      0 |    14 |    +0.0% |  -14.734 |    -2223.3 |   -37243.6 |   7531 | me.network/data_cmd_channel/genblk7_1__adapter_out.data_o\[4\]$_DFFE_PP_/D
     535* |       0 |      17 |        0 |      0 |    14 |    +0.0% |  -14.734 |    -2223.3 |   -37243.6 |   7531 | me.network/data_cmd_channel/genblk7_1__adapter_out.data_o\[4\]$_DFFE_PP_/D
     536* |       0 |      17 |        0 |      0 |    14 |    +0.0% |  -14.734 |    -2223.3 |   -37243.6 |   7531 | me.network/data_cmd_channel/genblk7_1__adapter_out.data_o\[4\]$_DFFE_PP_/D
     537* |       0 |      17 |        0 |      0 |    14 |    +0.0% |  -14.734 |    -2223.3 |   -37243.6 |   7531 | me.network/data_cmd_channel/genblk7_1__adapter_out.data_o\[4\]$_DFFE_PP_/D
     538* |       0 |      17 |        0 |      0 |    14 |    +0.0% |  -14.734 |    -2223.3 |   -37243.6 |   7531 | me.network/data_cmd_channel/genblk7_1__adapter_out.data_o\[4\]$_DFFE_PP_/D
     539* |       0 |      17 |        0 |      0 |    14 |    +0.0% |  -14.734 |    -2223.3 |   -37243.6 |   7531 | me.network/data_cmd_channel/genblk7_1__adapter_out.data_o\[4\]$_DFFE_PP_/D
     540* |       0 |      17 |        0 |      0 |    14 |    +0.0% |  -14.734 |    -2223.3 |   -37243.6 |   7531 | me.network/data_cmd_channel/genblk7_1__adapter_out.data_o\[4\]$_DFFE_PP_/D
     540* |       0 |      17 |        0 |      0 |    14 |    +0.0% |  -14.734 |    -2223.3 |   -37243.6 |   7531 | me.network/data_cmd_channel/genblk7_1__adapter_out.data_o\[4\]$_DFFE_PP_/D
     541* |       0 |      17 |        0 |      0 |    14 |    +0.0% |  -14.734 |    -2223.3 |   -37243.6 |   7531 | me.network/data_cmd_channel/genblk7_1__adapter_out.data_o\[4\]$_DFFE_PP_/D
     542* |       0 |      17 |        0 |      0 |    14 |    +0.0% |  -14.734 |    -2223.3 |   -37243.6 |   7531 | me.network/data_cmd_channel/genblk7_1__adapter_out.data_o\[4\]$_DFFE_PP_/D
     543* |       0 |      17 |        0 |      0 |    14 |    +0.0% |  -14.734 |    -2223.3 |   -37243.6 |   7531 | me.network/data_cmd_channel/genblk7_1__adapter_out.data_o\[4\]$_DFFE_PP_/D
     544* |       0 |      17 |        0 |      0 |    14 |    +0.0% |  -14.734 |    -2223.3 |   -37243.6 |   7531 | me.network/data_cmd_channel/genblk7_1__adapter_out.data_o\[4\]$_DFFE_PP_/D
     545* |       0 |      17 |        0 |      0 |    14 |    +0.0% |  -14.734 |    -2223.3 |   -37243.6 |   7531 | me.network/data_cmd_channel/genblk7_1__adapter_out.data_o\[4\]$_DFFE_PP_/D
     546* |       0 |      17 |        0 |      0 |    14 |    +0.0% |  -14.734 |    -2223.3 |   -37243.6 |   7531 | me.network/data_cmd_channel/genblk7_1__adapter_out.data_o\[4\]$_DFFE_PP_/D
     547* |       0 |      17 |        0 |      0 |    14 |    +0.0% |  -14.734 |    -2223.3 |   -37243.6 |   7531 | me.network/data_cmd_channel/genblk7_1__adapter_out.data_o\[4\]$_DFFE_PP_/D
     548* |       0 |      17 |        0 |      0 |    14 |    +0.0% |  -14.734 |    -2223.3 |   -37243.6 |   7531 | me.network/data_cmd_channel/genblk7_1__adapter_out.data_o\[4\]$_DFFE_PP_/D
     549* |       0 |      17 |        0 |      0 |    14 |    +0.0% |  -14.734 |    -2223.3 |   -37243.6 |   7531 | me.network/data_cmd_channel/genblk7_1__adapter_out.data_o\[4\]$_DFFE_PP_/D
     550* |       0 |      17 |        0 |      0 |    14 |    +0.0% |  -14.734 |    -2223.3 |   -37243.6 |   7531 | me.network/data_cmd_channel/genblk7_1__adapter_out.data_o\[4\]$_DFFE_PP_/D
     550* |       0 |      17 |        0 |      0 |    14 |    +0.0% |  -14.734 |    -2223.3 |   -37243.6 |   7531 | me.network/data_cmd_channel/genblk7_1__adapter_out.data_o\[4\]$_DFFE_PP_/D
     551* |       0 |      17 |        0 |      0 |    14 |    +0.0% |  -14.734 |    -2223.3 |   -37243.6 |   7531 | me.network/data_cmd_channel/genblk7_1__adapter_out.data_o\[4\]$_DFFE_PP_/D
     560* |       0 |      20 |        0 |      0 |    19 |    +0.0% |  -14.731 |    -2223.3 |   -37240.2 |   7531 | me.network/data_cmd_channel/genblk7_1__adapter_out.data_o\[4\]$_DFFE_PP_/D
     569* |       0 |      19 |        0 |      0 |    19 |    +0.0% |  -14.731 |    -2223.3 |   -37240.1 |   7531 | me.network/data_cmd_channel/genblk7_1__adapter_out.data_o\[4\]$_DFFE_PP_/D
     570* |       0 |      19 |        0 |      0 |    19 |    +0.0% |  -14.731 |    -2223.3 |   -37240.1 |   7531 | me.network/data_cmd_channel/genblk7_1__adapter_out.data_o\[4\]$_DFFE_PP_/D
     580* |       0 |      26 |        0 |      0 |    22 |    +0.0% |  -14.731 |    -2223.3 |   -37240.2 |   7531 | me.network/data_cmd_channel/genblk7_1__adapter_out.data_o\[4\]$_DFFE_PP_/D
     581* |       0 |      27 |        0 |      0 |    22 |    +0.0% |  -14.731 |    -2223.3 |   -37240.2 |   7531 | me.network/data_cmd_channel/genblk7_1__adapter_out.data_o\[4\]$_DFFE_PP_/D
     583* |       0 |      27 |        0 |      0 |    23 |    +0.0% |  -14.731 |    -2223.3 |   -37240.2 |   7531 | me.network/data_cmd_channel/genblk7_1__adapter_out.data_o\[4\]$_DFFE_PP_/D
     590* |       0 |      30 |        0 |      0 |    26 |    +0.0% |  -14.731 |    -2223.3 |   -37240.2 |   7531 | me.network/data_cmd_channel/genblk7_1__adapter_out.data_o\[4\]$_DFFE_PP_/D
     592* |       0 |      27 |        0 |      0 |    23 |    +0.0% |  -14.731 |    -2223.3 |   -37240.2 |   7531 | me.network/data_cmd_channel/genblk7_1__adapter_out.data_o\[4\]$_DFFE_PP_/D
     597* |       0 |      29 |        0 |      0 |    24 |    +0.0% |  -14.731 |    -2223.3 |   -37240.2 |   7531 | me.network/data_cmd_channel/genblk7_1__adapter_out.data_o\[4\]$_DFFE_PP_/D
     600* |       0 |      30 |        0 |      0 |    25 |    +0.0% |  -14.731 |    -2223.3 |   -37240.2 |   7531 | me.network/data_cmd_channel/genblk7_1__adapter_out.data_o\[4\]$_DFFE_PP_/D
     606* |       0 |      34 |        0 |      0 |    26 |    +0.0% |  -14.731 |    -2223.3 |   -37240.2 |   7531 | me.network/data_cmd_channel/genblk7_1__adapter_out.data_o\[4\]$_DFFE_PP_/D
     610* |       0 |      35 |        0 |      0 |    28 |    +0.0% |  -14.731 |    -2223.3 |   -37240.2 |   7531 | me.network/data_cmd_channel/genblk7_1__adapter_out.data_o\[4\]$_DFFE_PP_/D
     611* |       0 |      35 |        0 |      0 |    28 |    +0.0% |  -14.731 |    -2223.3 |   -37240.2 |   7531 | me.network/data_cmd_channel/genblk7_1__adapter_out.data_o\[4\]$_DFFE_PP_/D
     618* |       0 |      35 |        0 |      0 |    30 |    +0.0% |  -14.731 |    -2223.3 |   -37240.2 |   7531 | me.network/data_cmd_channel/genblk7_1__adapter_out.data_o\[4\]$_DFFE_PP_/D
     620* |       0 |      36 |        0 |      0 |    30 |    +0.0% |  -14.731 |    -2223.3 |   -37240.1 |   7531 | me.network/data_cmd_channel/genblk7_1__adapter_out.data_o\[4\]$_DFFE_PP_/D
     627* |       0 |      39 |        0 |      0 |    33 |    +0.0% |  -14.731 |    -2223.3 |   -37240.1 |   7531 | me.network/data_cmd_channel/genblk7_1__adapter_out.data_o\[4\]$_DFFE_PP_/D
     630* |       0 |      40 |        0 |      0 |    34 |    +0.0% |  -14.731 |    -2223.3 |   -37240.1 |   7531 | me.network/data_cmd_channel/genblk7_1__adapter_out.data_o\[4\]$_DFFE_PP_/D
     630* |       0 |      39 |        0 |      0 |    33 |    +0.0% |  -14.731 |    -2223.3 |   -37240.1 |   7531 | me.network/data_cmd_channel/genblk7_1__adapter_out.data_o\[4\]$_DFFE_PP_/D
     633* |       0 |      39 |        0 |      0 |    33 |    +0.0% |  -14.731 |    -2223.3 |   -37240.1 |   7531 | me.network/data_cmd_channel/genblk7_1__adapter_out.data_o\[4\]$_DFFE_PP_/D
     640* |       0 |      43 |        0 |      0 |    35 |    +0.0% |  -14.735 |    -2223.4 |   -37242.2 |   7531 | me.network/data_cmd_channel/genblk7_1__adapter_out.data_o\[4\]$_DFFE_PP_/D
     641* |       0 |      39 |        0 |      0 |    33 |    +0.0% |  -14.731 |    -2223.3 |   -37240.1 |   7531 | me.network/data_cmd_channel/genblk7_1__adapter_out.data_o\[4\]$_DFFE_PP_/D
     648* |       0 |      39 |        0 |      0 |    33 |    +0.0% |  -14.731 |    -2223.3 |   -37240.1 |   7531 | me.network/data_cmd_channel/genblk7_1__adapter_out.data_o\[4\]$_DFFE_PP_/D
     650* |       0 |      40 |        0 |      0 |    33 |    +0.0% |  -14.732 |    -2223.3 |   -37240.7 |   7531 | me.network/data_cmd_channel/genblk7_1__adapter_out.data_o\[4\]$_DFFE_PP_/D
     653* |       0 |      39 |        0 |      0 |    33 |    +0.0% |  -14.731 |    -2223.3 |   -37240.1 |   7531 | me.network/data_cmd_channel/genblk7_1__adapter_out.data_o\[4\]$_DFFE_PP_/D
     660* |       0 |      40 |        0 |      0 |    38 |    +0.0% |  -14.731 |    -2223.3 |   -37240.0 |   7531 | me.network/data_cmd_channel/genblk7_1__adapter_out.data_o\[4\]$_DFFE_PP_/D
     662* |       0 |      40 |        0 |      0 |    37 |    +0.0% |  -14.731 |    -2223.3 |   -37240.0 |   7531 | me.network/data_cmd_channel/genblk7_1__adapter_out.data_o\[4\]$_DFFE_PP_/D
     665* |       0 |      40 |        0 |      0 |    38 |    +0.0% |  -14.731 |    -2223.3 |   -37240.0 |   7531 | me.network/data_cmd_channel/genblk7_1__adapter_out.data_o\[4\]$_DFFE_PP_/D
     670* |       0 |      44 |        0 |      0 |    38 |    +0.0% |  -14.731 |    -2223.3 |   -37240.0 |   7531 | me.network/data_cmd_channel/genblk7_1__adapter_out.data_o\[4\]$_DFFE_PP_/D
     675* |       0 |      46 |        0 |      0 |    41 |    +0.0% |  -14.731 |    -2223.3 |   -37240.0 |   7531 | me.network/data_cmd_channel/genblk7_1__adapter_out.data_o\[4\]$_DFFE_PP_/D
     679* |       0 |      47 |        0 |      0 |    41 |    +0.0% |  -14.731 |    -2223.8 |   -37240.0 |   7531 | me.network/data_cmd_channel/genblk7_1__adapter_out.data_o\[4\]$_DFFE_PP_/D
     680* |       0 |      47 |        0 |      0 |    41 |    +0.0% |  -14.731 |    -2223.8 |   -37240.0 |   7531 | me.network/data_cmd_channel/genblk7_1__adapter_out.data_o\[4\]$_DFFE_PP_/D
     686* |       0 |      50 |        0 |      0 |    44 |    +0.0% |  -14.731 |    -2223.8 |   -37240.0 |   7531 | me.network/data_cmd_channel/genblk7_1__adapter_out.data_o\[4\]$_DFFE_PP_/D
     687* |       0 |      50 |        0 |      0 |    44 |    +0.0% |  -14.731 |    -2223.8 |   -37240.0 |   7531 | me.network/data_cmd_channel/genblk7_1__adapter_out.data_o\[4\]$_DFFE_PP_/D
     688* |       0 |      50 |        0 |      0 |    44 |    +0.0% |  -14.731 |    -2223.8 |   -37240.0 |   7531 | me.network/data_cmd_channel/genblk7_1__adapter_out.data_o\[4\]$_DFFE_PP_/D
     689* |       0 |      50 |        0 |      0 |    44 |    +0.0% |  -14.731 |    -2223.8 |   -37240.0 |   7531 | me.network/data_cmd_channel/genblk7_1__adapter_out.data_o\[4\]$_DFFE_PP_/D
     690* |       0 |      50 |        0 |      0 |    44 |    +0.0% |  -14.731 |    -2223.8 |   -37240.0 |   7531 | me.network/data_cmd_channel/genblk7_1__adapter_out.data_o\[4\]$_DFFE_PP_/D
     694* |       0 |      52 |        0 |      0 |    45 |    +0.0% |  -14.731 |    -2225.3 |   -37246.7 |   7531 | me.network/data_cmd_channel/genblk7_1__adapter_out.data_o\[4\]$_DFFE_PP_/D
     696* |       0 |      52 |        0 |      0 |    45 |    +0.0% |  -14.731 |    -2225.3 |   -37246.7 |   7531 | me.network/data_cmd_channel/genblk7_1__adapter_out.data_o\[4\]$_DFFE_PP_/D
     698* |       0 |      52 |        0 |      0 |    45 |    +0.0% |  -14.731 |    -2225.3 |   -37246.7 |   7531 | me.network/data_cmd_channel/genblk7_1__adapter_out.data_o\[4\]$_DFFE_PP_/D
     700* |       0 |      53 |        0 |      0 |    45 |    +0.0% |  -14.734 |    -2225.4 |   -37248.2 |   7531 | me.network/data_cmd_channel/genblk7_1__adapter_out.data_o\[4\]$_DFFE_PP_/D
     700* |       0 |      52 |        0 |      0 |    45 |    +0.0% |  -14.731 |    -2225.3 |   -37246.7 |   7531 | me.network/data_cmd_channel/genblk7_1__adapter_out.data_o\[4\]$_DFFE_PP_/D
     702* |       0 |      52 |        0 |      0 |    45 |    +0.0% |  -14.731 |    -2225.3 |   -37246.7 |   7531 | me.network/data_cmd_channel/genblk7_1__adapter_out.data_o\[4\]$_DFFE_PP_/D
     704* |       0 |      52 |        0 |      0 |    45 |    +0.0% |  -14.731 |    -2225.3 |   -37246.7 |   7531 | me.network/data_cmd_channel/genblk7_1__adapter_out.data_o\[4\]$_DFFE_PP_/D
     706* |       0 |      52 |        0 |      0 |    45 |    +0.0% |  -14.731 |    -2225.3 |   -37246.7 |   7531 | me.network/data_cmd_channel/genblk7_1__adapter_out.data_o\[4\]$_DFFE_PP_/D
     708* |       0 |      52 |        0 |      0 |    45 |    +0.0% |  -14.731 |    -2225.3 |   -37246.7 |   7531 | me.network/data_cmd_channel/genblk7_1__adapter_out.data_o\[4\]$_DFFE_PP_/D
     710* |       0 |      53 |        0 |      0 |    45 |    +0.0% |  -14.731 |    -2225.3 |   -37246.7 |   7531 | me.network/data_cmd_channel/genblk7_1__adapter_out.data_o\[4\]$_DFFE_PP_/D
     711* |       0 |      53 |        0 |      0 |    45 |    +0.0% |  -14.731 |    -2225.3 |   -37246.7 |   7531 | me.network/data_cmd_channel/genblk7_1__adapter_out.data_o\[4\]$_DFFE_PP_/D
     716* |       0 |      54 |        0 |      0 |    46 |    +0.0% |  -14.731 |    -2225.3 |   -37246.7 |   7531 | me.network/data_cmd_channel/genblk7_1__adapter_out.data_o\[4\]$_DFFE_PP_/D
     720* |       0 |      56 |        0 |      0 |    47 |    +0.0% |  -14.731 |    -2225.3 |   -37246.7 |   7531 | me.network/data_cmd_channel/genblk7_1__adapter_out.data_o\[4\]$_DFFE_PP_/D
     730* |       0 |      66 |        0 |      0 |    47 |    +0.0% |  -14.733 |    -2225.4 |   -37248.6 |   7531 | me.network/data_cmd_channel/genblk7_1__adapter_out.data_o\[4\]$_DFFE_PP_/D
     731* |       0 |      63 |        0 |      0 |    47 |    +0.0% |  -14.730 |    -2225.3 |   -37246.2 |   7531 | me.network/data_cmd_channel/genblk7_1__adapter_out.data_o\[4\]$_DFFE_PP_/D
     740* |       0 |      69 |        0 |      0 |    49 |    +0.0% |  -14.733 |    -2225.4 |   -37248.6 |   7531 | me.network/data_cmd_channel/genblk7_1__adapter_out.data_o\[4\]$_DFFE_PP_/D
     741* |       0 |      64 |        0 |      0 |    49 |    +0.0% |  -14.730 |    -2225.3 |   -37246.2 |   7531 | me.network/data_cmd_channel/genblk7_1__adapter_out.data_o\[4\]$_DFFE_PP_/D
     749* |       0 |      64 |        0 |      0 |    50 |    +0.0% |  -14.730 |    -2225.3 |   -37246.2 |   7531 | me.network/data_cmd_channel/genblk7_1__adapter_out.data_o\[4\]$_DFFE_PP_/D
     750* |       0 |      64 |        0 |      0 |    50 |    +0.0% |  -14.730 |    -2225.3 |   -37246.2 |   7531 | me.network/data_cmd_channel/genblk7_1__adapter_out.data_o\[4\]$_DFFE_PP_/D
     754* |       0 |      64 |        0 |      0 |    50 |    +0.0% |  -14.730 |    -2225.3 |   -37246.2 |   7531 | me.network/data_cmd_channel/genblk7_1__adapter_out.data_o\[4\]$_DFFE_PP_/D
     755* |       0 |      64 |        0 |      0 |    50 |    +0.0% |  -14.730 |    -2225.3 |   -37246.2 |   7531 | me.network/data_cmd_channel/genblk7_1__adapter_out.data_o\[4\]$_DFFE_PP_/D
     756* |       0 |      64 |        0 |      0 |    50 |    +0.0% |  -14.730 |    -2225.3 |   -37246.2 |   7531 | me.network/data_cmd_channel/genblk7_1__adapter_out.data_o\[4\]$_DFFE_PP_/D
     757* |       0 |      64 |        0 |      0 |    50 |    +0.0% |  -14.730 |    -2225.3 |   -37246.2 |   7531 | me.network/data_cmd_channel/genblk7_1__adapter_out.data_o\[4\]$_DFFE_PP_/D
     758* |       0 |      64 |        0 |      0 |    50 |    +0.0% |  -14.730 |    -2225.3 |   -37246.2 |   7531 | me.network/data_cmd_channel/genblk7_1__adapter_out.data_o\[4\]$_DFFE_PP_/D
     759* |       0 |      64 |        0 |      0 |    50 |    +0.0% |  -14.730 |    -2225.3 |   -37246.2 |   7531 | me.network/data_cmd_channel/genblk7_1__adapter_out.data_o\[4\]$_DFFE_PP_/D
     760* |       0 |      64 |        0 |      0 |    50 |    +0.0% |  -14.730 |    -2225.3 |   -37246.2 |   7531 | me.network/data_cmd_channel/genblk7_1__adapter_out.data_o\[4\]$_DFFE_PP_/D
     760* |       0 |      64 |        0 |      0 |    50 |    +0.0% |  -14.730 |    -2225.3 |   -37246.2 |   7531 | me.network/data_cmd_channel/genblk7_1__adapter_out.data_o\[4\]$_DFFE_PP_/D
     761* |       0 |      64 |        0 |      0 |    50 |    +0.0% |  -14.730 |    -2225.3 |   -37246.2 |   7531 | me.network/data_cmd_channel/genblk7_1__adapter_out.data_o\[4\]$_DFFE_PP_/D
     762* |       0 |      64 |        0 |      0 |    50 |    +0.0% |  -14.730 |    -2225.3 |   -37246.2 |   7531 | me.network/data_cmd_channel/genblk7_1__adapter_out.data_o\[4\]$_DFFE_PP_/D
     763* |       0 |      64 |        0 |      0 |    50 |    +0.0% |  -14.730 |    -2225.3 |   -37246.2 |   7531 | me.network/data_cmd_channel/genblk7_1__adapter_out.data_o\[4\]$_DFFE_PP_/D
     764* |       0 |      64 |        0 |      0 |    50 |    +0.0% |  -14.730 |    -2225.3 |   -37246.2 |   7531 | me.network/data_cmd_channel/genblk7_1__adapter_out.data_o\[4\]$_DFFE_PP_/D
     765* |       0 |      64 |        0 |      0 |    50 |    +0.0% |  -14.730 |    -2225.3 |   -37246.2 |   7531 | me.network/data_cmd_channel/genblk7_1__adapter_out.data_o\[4\]$_DFFE_PP_/D
     766* |       0 |      64 |        0 |      0 |    50 |    +0.0% |  -14.730 |    -2225.3 |   -37246.2 |   7531 | me.network/data_cmd_channel/genblk7_1__adapter_out.data_o\[4\]$_DFFE_PP_/D
     767* |       0 |      64 |        0 |      0 |    50 |    +0.0% |  -14.730 |    -2225.3 |   -37246.2 |   7531 | me.network/data_cmd_channel/genblk7_1__adapter_out.data_o\[4\]$_DFFE_PP_/D
     768* |       0 |      64 |        0 |      0 |    50 |    +0.0% |  -14.730 |    -2225.3 |   -37246.2 |   7531 | me.network/data_cmd_channel/genblk7_1__adapter_out.data_o\[4\]$_DFFE_PP_/D
     769* |       0 |      64 |        0 |      0 |    50 |    +0.0% |  -14.730 |    -2225.3 |   -37246.2 |   7531 | me.network/data_cmd_channel/genblk7_1__adapter_out.data_o\[4\]$_DFFE_PP_/D
     770* |       0 |      64 |        0 |      0 |    50 |    +0.0% |  -14.730 |    -2225.3 |   -37246.2 |   7531 | me.network/data_cmd_channel/genblk7_1__adapter_out.data_o\[4\]$_DFFE_PP_/D
     770* |       0 |      64 |        0 |      0 |    50 |    +0.0% |  -14.730 |    -2225.3 |   -37246.2 |   7531 | me.network/data_cmd_channel/genblk7_1__adapter_out.data_o\[4\]$_DFFE_PP_/D
     771* |       0 |      64 |        0 |      0 |    50 |    +0.0% |  -14.730 |    -2225.3 |   -37246.2 |   7531 | me.network/data_cmd_channel/genblk7_1__adapter_out.data_o\[4\]$_DFFE_PP_/D
     772* |       0 |      64 |        0 |      0 |    50 |    +0.0% |  -14.730 |    -2225.3 |   -37246.2 |   7531 | me.network/data_cmd_channel/genblk7_1__adapter_out.data_o\[4\]$_DFFE_PP_/D
     773* |       0 |      64 |        0 |      0 |    50 |    +0.0% |  -14.730 |    -2225.3 |   -37246.2 |   7531 | me.network/data_cmd_channel/genblk7_1__adapter_out.data_o\[4\]$_DFFE_PP_/D
     774* |       0 |      64 |        0 |      0 |    50 |    +0.0% |  -14.730 |    -2225.3 |   -37246.2 |   7531 | me.network/data_cmd_channel/genblk7_1__adapter_out.data_o\[4\]$_DFFE_PP_/D
     775* |       0 |      64 |        0 |      0 |    50 |    +0.0% |  -14.730 |    -2225.3 |   -37246.2 |   7531 | me.network/data_cmd_channel/genblk7_1__adapter_out.data_o\[4\]$_DFFE_PP_/D
     776* |       0 |      64 |        0 |      0 |    50 |    +0.0% |  -14.730 |    -2225.3 |   -37246.2 |   7531 | me.network/data_cmd_channel/genblk7_1__adapter_out.data_o\[4\]$_DFFE_PP_/D
     777* |       0 |      64 |        0 |      0 |    50 |    +0.0% |  -14.730 |    -2225.3 |   -37246.2 |   7531 | me.network/data_cmd_channel/genblk7_1__adapter_out.data_o\[4\]$_DFFE_PP_/D
     778* |       0 |      64 |        0 |      0 |    50 |    +0.0% |  -14.730 |    -2225.3 |   -37246.2 |   7531 | me.network/data_cmd_channel/genblk7_1__adapter_out.data_o\[4\]$_DFFE_PP_/D
     779* |       0 |      64 |        0 |      0 |    50 |    +0.0% |  -14.730 |    -2225.3 |   -37246.2 |   7531 | me.network/data_cmd_channel/genblk7_1__adapter_out.data_o\[4\]$_DFFE_PP_/D
     780* |       0 |      64 |        0 |      0 |    50 |    +0.0% |  -14.730 |    -2225.3 |   -37246.2 |   7531 | me.network/data_cmd_channel/genblk7_1__adapter_out.data_o\[4\]$_DFFE_PP_/D
     780* |       0 |      64 |        0 |      0 |    50 |    +0.0% |  -14.730 |    -2225.3 |   -37246.2 |   7531 | me.network/data_cmd_channel/genblk7_1__adapter_out.data_o\[4\]$_DFFE_PP_/D
     781* |       0 |      64 |        0 |      0 |    50 |    +0.0% |  -14.730 |    -2225.3 |   -37246.2 |   7531 | me.network/data_cmd_channel/genblk7_1__adapter_out.data_o\[4\]$_DFFE_PP_/D
     782* |       0 |      64 |        0 |      0 |    50 |    +0.0% |  -14.730 |    -2225.3 |   -37246.2 |   7531 | me.network/data_cmd_channel/genblk7_1__adapter_out.data_o\[4\]$_DFFE_PP_/D
     783* |       0 |      64 |        0 |      0 |    50 |    +0.0% |  -14.730 |    -2225.3 |   -37246.2 |   7531 | me.network/data_cmd_channel/genblk7_1__adapter_out.data_o\[4\]$_DFFE_PP_/D
     784* |       0 |      64 |        0 |      0 |    50 |    +0.0% |  -14.730 |    -2225.3 |   -37246.2 |   7531 | me.network/data_cmd_channel/genblk7_1__adapter_out.data_o\[4\]$_DFFE_PP_/D
     785* |       0 |      64 |        0 |      0 |    50 |    +0.0% |  -14.730 |    -2225.3 |   -37246.2 |   7531 | me.network/data_cmd_channel/genblk7_1__adapter_out.data_o\[4\]$_DFFE_PP_/D
     786* |       0 |      64 |        0 |      0 |    50 |    +0.0% |  -14.730 |    -2225.3 |   -37246.2 |   7531 | me.network/data_cmd_channel/genblk7_1__adapter_out.data_o\[4\]$_DFFE_PP_/D
     787* |       0 |      64 |        0 |      0 |    50 |    +0.0% |  -14.730 |    -2225.3 |   -37246.2 |   7531 | me.network/data_cmd_channel/genblk7_1__adapter_out.data_o\[4\]$_DFFE_PP_/D
     788* |       0 |      64 |        0 |      0 |    50 |    +0.0% |  -14.730 |    -2225.3 |   -37246.2 |   7531 | me.network/data_cmd_channel/genblk7_1__adapter_out.data_o\[4\]$_DFFE_PP_/D
     789* |       0 |      64 |        0 |      0 |    50 |    +0.0% |  -14.730 |    -2225.3 |   -37246.2 |   7531 | me.network/data_cmd_channel/genblk7_1__adapter_out.data_o\[4\]$_DFFE_PP_/D
     790* |       0 |      64 |        0 |      0 |    50 |    +0.0% |  -14.730 |    -2225.3 |   -37246.2 |   7531 | me.network/data_cmd_channel/genblk7_1__adapter_out.data_o\[4\]$_DFFE_PP_/D
     790* |       0 |      64 |        0 |      0 |    50 |    +0.0% |  -14.730 |    -2225.3 |   -37246.2 |   7531 | me.network/data_cmd_channel/genblk7_1__adapter_out.data_o\[4\]$_DFFE_PP_/D
     791* |       0 |      64 |        0 |      0 |    50 |    +0.0% |  -14.730 |    -2225.3 |   -37246.2 |   7531 | me.network/data_cmd_channel/genblk7_1__adapter_out.data_o\[4\]$_DFFE_PP_/D
     792* |       0 |      64 |        0 |      0 |    50 |    +0.0% |  -14.730 |    -2225.3 |   -37246.2 |   7531 | me.network/data_cmd_channel/genblk7_1__adapter_out.data_o\[4\]$_DFFE_PP_/D
     793* |       0 |      64 |        0 |      0 |    50 |    +0.0% |  -14.730 |    -2225.3 |   -37246.2 |   7531 | me.network/data_cmd_channel/genblk7_1__adapter_out.data_o\[4\]$_DFFE_PP_/D
     794* |       0 |      64 |        0 |      0 |    50 |    +0.0% |  -14.730 |    -2225.3 |   -37246.2 |   7531 | me.network/data_cmd_channel/genblk7_1__adapter_out.data_o\[4\]$_DFFE_PP_/D
     795* |       0 |      64 |        0 |      0 |    50 |    +0.0% |  -14.730 |    -2225.3 |   -37246.2 |   7531 | me.network/data_cmd_channel/genblk7_1__adapter_out.data_o\[4\]$_DFFE_PP_/D
     796* |       0 |      64 |        0 |      0 |    50 |    +0.0% |  -14.730 |    -2225.3 |   -37246.2 |   7531 | me.network/data_cmd_channel/genblk7_1__adapter_out.data_o\[4\]$_DFFE_PP_/D
     797* |       0 |      64 |        0 |      0 |    50 |    +0.0% |  -14.730 |    -2225.3 |   -37246.2 |   7531 | me.network/data_cmd_channel/genblk7_1__adapter_out.data_o\[4\]$_DFFE_PP_/D
     798* |       0 |      64 |        0 |      0 |    50 |    +0.0% |  -14.730 |    -2225.3 |   -37246.2 |   7531 | me.network/data_cmd_channel/genblk7_1__adapter_out.data_o\[4\]$_DFFE_PP_/D
     799* |       0 |      64 |        0 |      0 |    50 |    +0.0% |  -14.730 |    -2225.3 |   -37246.2 |   7531 | me.network/data_cmd_channel/genblk7_1__adapter_out.data_o\[4\]$_DFFE_PP_/D
     800* |       0 |      64 |        0 |      0 |    50 |    +0.0% |  -14.730 |    -2225.3 |   -37246.2 |   7531 | me.network/data_cmd_channel/genblk7_1__adapter_out.data_o\[4\]$_DFFE_PP_/D
     800* |       0 |      64 |        0 |      0 |    50 |    +0.0% |  -14.730 |    -2225.3 |   -37246.2 |   7531 | me.network/data_cmd_channel/genblk7_1__adapter_out.data_o\[4\]$_DFFE_PP_/D
     801* |       0 |      64 |        0 |      0 |    50 |    +0.0% |  -14.730 |    -2225.3 |   -37246.2 |   7531 | me.network/data_cmd_channel/genblk7_1__adapter_out.data_o\[4\]$_DFFE_PP_/D
     802* |       0 |      64 |        0 |      0 |    50 |    +0.0% |  -14.730 |    -2225.3 |   -37246.2 |   7531 | me.network/data_cmd_channel/genblk7_1__adapter_out.data_o\[4\]$_DFFE_PP_/D
     803* |       0 |      64 |        0 |      0 |    50 |    +0.0% |  -14.730 |    -2225.3 |   -37246.2 |   7531 | me.network/data_cmd_channel/genblk7_1__adapter_out.data_o\[4\]$_DFFE_PP_/D
     804* |       0 |      64 |        0 |      0 |    50 |    +0.0% |  -14.730 |    -2225.3 |   -37246.2 |   7531 | me.network/data_cmd_channel/genblk7_1__adapter_out.data_o\[4\]$_DFFE_PP_/D
     805* |       0 |      64 |        0 |      0 |    50 |    +0.0% |  -14.730 |    -2225.3 |   -37246.2 |   7531 | me.network/data_cmd_channel/genblk7_1__adapter_out.data_o\[4\]$_DFFE_PP_/D
     806* |       0 |      64 |        0 |      0 |    50 |    +0.0% |  -14.730 |    -2225.3 |   -37246.2 |   7531 | me.network/data_cmd_channel/genblk7_1__adapter_out.data_o\[4\]$_DFFE_PP_/D
     807* |       0 |      64 |        0 |      0 |    50 |    +0.0% |  -14.730 |    -2225.3 |   -37246.2 |   7531 | me.network/data_cmd_channel/genblk7_1__adapter_out.data_o\[4\]$_DFFE_PP_/D
     808* |       0 |      64 |        0 |      0 |    50 |    +0.0% |  -14.730 |    -2225.3 |   -37246.2 |   7531 | me.network/data_cmd_channel/genblk7_1__adapter_out.data_o\[4\]$_DFFE_PP_/D
     809* |       0 |      64 |        0 |      0 |    50 |    +0.0% |  -14.730 |    -2225.3 |   -37246.2 |   7531 | me.network/data_cmd_channel/genblk7_1__adapter_out.data_o\[4\]$_DFFE_PP_/D
     810* |       0 |      64 |        0 |      0 |    50 |    +0.0% |  -14.730 |    -2225.3 |   -37246.2 |   7531 | me.network/data_cmd_channel/genblk7_1__adapter_out.data_o\[4\]$_DFFE_PP_/D
     810* |       0 |      64 |        0 |      0 |    50 |    +0.0% |  -14.730 |    -2225.3 |   -37246.2 |   7531 | me.network/data_cmd_channel/genblk7_1__adapter_out.data_o\[4\]$_DFFE_PP_/D
     811* |       0 |      64 |        0 |      0 |    50 |    +0.0% |  -14.730 |    -2225.3 |   -37246.2 |   7531 | me.network/data_cmd_channel/genblk7_1__adapter_out.data_o\[4\]$_DFFE_PP_/D
     812* |       0 |      64 |        0 |      0 |    50 |    +0.0% |  -14.730 |    -2225.3 |   -37246.2 |   7531 | me.network/data_cmd_channel/genblk7_1__adapter_out.data_o\[4\]$_DFFE_PP_/D
     813* |       0 |      64 |        0 |      0 |    50 |    +0.0% |  -14.730 |    -2225.3 |   -37246.2 |   7531 | me.network/data_cmd_channel/genblk7_1__adapter_out.data_o\[4\]$_DFFE_PP_/D
     814* |       0 |      64 |        0 |      0 |    50 |    +0.0% |  -14.730 |    -2225.3 |   -37246.2 |   7531 | me.network/data_cmd_channel/genblk7_1__adapter_out.data_o\[4\]$_DFFE_PP_/D
     815* |       0 |      64 |        0 |      0 |    50 |    +0.0% |  -14.730 |    -2225.3 |   -37246.2 |   7531 | me.network/data_cmd_channel/genblk7_1__adapter_out.data_o\[4\]$_DFFE_PP_/D
     816* |       0 |      64 |        0 |      0 |    50 |    +0.0% |  -14.730 |    -2225.3 |   -37246.2 |   7531 | me.network/data_cmd_channel/genblk7_1__adapter_out.data_o\[4\]$_DFFE_PP_/D
     817* |       0 |      64 |        0 |      0 |    50 |    +0.0% |  -14.730 |    -2225.3 |   -37246.2 |   7531 | me.network/data_cmd_channel/genblk7_1__adapter_out.data_o\[4\]$_DFFE_PP_/D
     818* |       0 |      64 |        0 |      0 |    50 |    +0.0% |  -14.730 |    -2225.3 |   -37246.2 |   7531 | me.network/data_cmd_channel/genblk7_1__adapter_out.data_o\[4\]$_DFFE_PP_/D
     819* |       0 |      64 |        0 |      0 |    50 |    +0.0% |  -14.730 |    -2225.3 |   -37246.2 |   7531 | me.network/data_cmd_channel/genblk7_1__adapter_out.data_o\[4\]$_DFFE_PP_/D
     820* |       0 |      64 |        0 |      0 |    50 |    +0.0% |  -14.730 |    -2225.3 |   -37246.2 |   7531 | me.network/data_cmd_channel/genblk7_1__adapter_out.data_o\[4\]$_DFFE_PP_/D
     820* |       0 |      64 |        0 |      0 |    50 |    +0.0% |  -14.730 |    -2225.3 |   -37246.2 |   7531 | me.network/data_cmd_channel/genblk7_1__adapter_out.data_o\[4\]$_DFFE_PP_/D
     821* |       0 |      64 |        0 |      0 |    50 |    +0.0% |  -14.730 |    -2225.3 |   -37246.2 |   7531 | me.network/data_cmd_channel/genblk7_1__adapter_out.data_o\[4\]$_DFFE_PP_/D
     822* |       0 |      64 |        0 |      0 |    50 |    +0.0% |  -14.730 |    -2225.3 |   -37246.2 |   7531 | me.network/data_cmd_channel/genblk7_1__adapter_out.data_o\[4\]$_DFFE_PP_/D
     823* |       0 |      64 |        0 |      0 |    50 |    +0.0% |  -14.730 |    -2225.3 |   -37246.2 |   7531 | me.network/data_cmd_channel/genblk7_1__adapter_out.data_o\[4\]$_DFFE_PP_/D
     824* |       0 |      64 |        0 |      0 |    50 |    +0.0% |  -14.730 |    -2225.3 |   -37246.2 |   7531 | me.network/data_cmd_channel/genblk7_1__adapter_out.data_o\[4\]$_DFFE_PP_/D
     825* |       0 |      64 |        0 |      0 |    50 |    +0.0% |  -14.730 |    -2225.3 |   -37246.2 |   7531 | me.network/data_cmd_channel/genblk7_1__adapter_out.data_o\[4\]$_DFFE_PP_/D
     826* |       0 |      64 |        0 |      0 |    50 |    +0.0% |  -14.730 |    -2225.3 |   -37246.2 |   7531 | me.network/data_cmd_channel/genblk7_1__adapter_out.data_o\[4\]$_DFFE_PP_/D
     827* |       0 |      64 |        0 |      0 |    50 |    +0.0% |  -14.730 |    -2225.3 |   -37246.2 |   7531 | me.network/data_cmd_channel/genblk7_1__adapter_out.data_o\[4\]$_DFFE_PP_/D
     828* |       0 |      64 |        0 |      0 |    50 |    +0.0% |  -14.730 |    -2225.3 |   -37246.2 |   7531 | me.network/data_cmd_channel/genblk7_1__adapter_out.data_o\[4\]$_DFFE_PP_/D
     829* |       0 |      64 |        0 |      0 |    50 |    +0.0% |  -14.730 |    -2225.3 |   -37246.2 |   7531 | me.network/data_cmd_channel/genblk7_1__adapter_out.data_o\[4\]$_DFFE_PP_/D
     830* |       0 |      64 |        0 |      0 |    50 |    +0.0% |  -14.730 |    -2225.3 |   -37246.2 |   7531 | me.network/data_cmd_channel/genblk7_1__adapter_out.data_o\[4\]$_DFFE_PP_/D
     830* |       0 |      64 |        0 |      0 |    50 |    +0.0% |  -14.730 |    -2225.3 |   -37246.2 |   7531 | me.network/data_cmd_channel/genblk7_1__adapter_out.data_o\[4\]$_DFFE_PP_/D
     831* |       0 |      64 |        0 |      0 |    50 |    +0.0% |  -14.730 |    -2225.3 |   -37246.2 |   7531 | me.network/data_cmd_channel/genblk7_1__adapter_out.data_o\[4\]$_DFFE_PP_/D
     832* |       0 |      64 |        0 |      0 |    50 |    +0.0% |  -14.730 |    -2225.3 |   -37246.2 |   7531 | me.network/data_cmd_channel/genblk7_1__adapter_out.data_o\[4\]$_DFFE_PP_/D
     833* |       0 |      64 |        0 |      0 |    50 |    +0.0% |  -14.730 |    -2225.3 |   -37246.2 |   7531 | me.network/data_cmd_channel/genblk7_1__adapter_out.data_o\[4\]$_DFFE_PP_/D
     834* |       0 |      64 |        0 |      0 |    50 |    +0.0% |  -14.730 |    -2225.3 |   -37246.2 |   7531 | me.network/data_cmd_channel/genblk7_1__adapter_out.data_o\[4\]$_DFFE_PP_/D
     835* |       0 |      64 |        0 |      0 |    50 |    +0.0% |  -14.730 |    -2225.3 |   -37246.2 |   7531 | me.network/data_cmd_channel/genblk7_1__adapter_out.data_o\[4\]$_DFFE_PP_/D
     836* |       0 |      64 |        0 |      0 |    50 |    +0.0% |  -14.730 |    -2225.3 |   -37246.2 |   7531 | me.network/data_cmd_channel/genblk7_1__adapter_out.data_o\[4\]$_DFFE_PP_/D
     837* |       0 |      64 |        0 |      0 |    50 |    +0.0% |  -14.730 |    -2225.3 |   -37246.2 |   7531 | me.network/data_cmd_channel/genblk7_1__adapter_out.data_o\[4\]$_DFFE_PP_/D
     838* |       0 |      64 |        0 |      0 |    50 |    +0.0% |  -14.730 |    -2225.3 |   -37246.2 |   7531 | me.network/data_cmd_channel/genblk7_1__adapter_out.data_o\[4\]$_DFFE_PP_/D
     839* |       0 |      64 |        0 |      0 |    50 |    +0.0% |  -14.730 |    -2225.3 |   -37246.2 |   7531 | me.network/data_cmd_channel/genblk7_1__adapter_out.data_o\[4\]$_DFFE_PP_/D
     840* |       0 |      64 |        0 |      0 |    50 |    +0.0% |  -14.730 |    -2225.3 |   -37246.2 |   7531 | me.network/data_cmd_channel/genblk7_1__adapter_out.data_o\[4\]$_DFFE_PP_/D
     840* |       0 |      64 |        0 |      0 |    50 |    +0.0% |  -14.730 |    -2225.3 |   -37246.2 |   7531 | me.network/data_cmd_channel/genblk7_1__adapter_out.data_o\[4\]$_DFFE_PP_/D
     841* |       0 |      64 |        0 |      0 |    50 |    +0.0% |  -14.730 |    -2225.3 |   -37246.2 |   7531 | me.network/data_cmd_channel/genblk7_1__adapter_out.data_o\[4\]$_DFFE_PP_/D
     842* |       0 |      64 |        0 |      0 |    50 |    +0.0% |  -14.730 |    -2225.3 |   -37246.2 |   7531 | me.network/data_cmd_channel/genblk7_1__adapter_out.data_o\[4\]$_DFFE_PP_/D
     843* |       0 |      64 |        0 |      0 |    50 |    +0.0% |  -14.730 |    -2225.3 |   -37246.2 |   7531 | me.network/data_cmd_channel/genblk7_1__adapter_out.data_o\[4\]$_DFFE_PP_/D
     844* |       0 |      64 |        0 |      0 |    50 |    +0.0% |  -14.730 |    -2225.3 |   -37246.2 |   7531 | me.network/data_cmd_channel/genblk7_1__adapter_out.data_o\[4\]$_DFFE_PP_/D
     845* |       0 |      64 |        0 |      0 |    50 |    +0.0% |  -14.730 |    -2225.3 |   -37246.2 |   7531 | me.network/data_cmd_channel/genblk7_1__adapter_out.data_o\[4\]$_DFFE_PP_/D
     846* |       0 |      64 |        0 |      0 |    50 |    +0.0% |  -14.730 |    -2225.3 |   -37246.2 |   7531 | me.network/data_cmd_channel/genblk7_1__adapter_out.data_o\[4\]$_DFFE_PP_/D
     847* |       0 |      64 |        0 |      0 |    50 |    +0.0% |  -14.730 |    -2225.3 |   -37246.2 |   7531 | me.network/data_cmd_channel/genblk7_1__adapter_out.data_o\[4\]$_DFFE_PP_/D
     848* |       0 |      64 |        0 |      0 |    50 |    +0.0% |  -14.730 |    -2225.3 |   -37246.2 |   7531 | me.network/data_cmd_channel/genblk7_1__adapter_out.data_o\[4\]$_DFFE_PP_/D
     849* |       0 |      64 |        0 |      0 |    50 |    +0.0% |  -14.730 |    -2225.3 |   -37246.2 |   7531 | me.network/data_cmd_channel/genblk7_1__adapter_out.data_o\[4\]$_DFFE_PP_/D
     850* |       0 |      64 |        0 |      0 |    50 |    +0.0% |  -14.730 |    -2225.3 |   -37246.2 |   7531 | me.network/data_cmd_channel/genblk7_1__adapter_out.data_o\[4\]$_DFFE_PP_/D
     850* |       0 |      64 |        0 |      0 |    50 |    +0.0% |  -14.730 |    -2225.3 |   -37246.2 |   7531 | me.network/data_cmd_channel/genblk7_1__adapter_out.data_o\[4\]$_DFFE_PP_/D
     851* |       0 |      64 |        0 |      0 |    50 |    +0.0% |  -14.730 |    -2225.3 |   -37246.2 |   7531 | me.network/data_cmd_channel/genblk7_1__adapter_out.data_o\[4\]$_DFFE_PP_/D
     852* |       0 |      64 |        0 |      0 |    50 |    +0.0% |  -14.730 |    -2225.3 |   -37246.2 |   7531 | me.network/data_cmd_channel/genblk7_1__adapter_out.data_o\[4\]$_DFFE_PP_/D
     853* |       0 |      64 |        0 |      0 |    50 |    +0.0% |  -14.730 |    -2225.3 |   -37246.2 |   7531 | me.network/data_cmd_channel/genblk7_1__adapter_out.data_o\[4\]$_DFFE_PP_/D
     854* |       0 |      64 |        0 |      0 |    50 |    +0.0% |  -14.730 |    -2225.3 |   -37246.2 |   7531 | me.network/data_cmd_channel/genblk7_1__adapter_out.data_o\[4\]$_DFFE_PP_/D
     855* |       0 |      64 |        0 |      0 |    50 |    +0.0% |  -14.730 |    -2225.3 |   -37246.2 |   7531 | me.network/data_cmd_channel/genblk7_1__adapter_out.data_o\[4\]$_DFFE_PP_/D
     856* |       0 |      64 |        0 |      0 |    50 |    +0.0% |  -14.730 |    -2225.3 |   -37246.2 |   7531 | me.network/data_cmd_channel/genblk7_1__adapter_out.data_o\[4\]$_DFFE_PP_/D
     857* |       0 |      64 |        0 |      0 |    50 |    +0.0% |  -14.730 |    -2225.3 |   -37246.2 |   7531 | me.network/data_cmd_channel/genblk7_1__adapter_out.data_o\[4\]$_DFFE_PP_/D
     858* |       0 |      64 |        0 |      0 |    50 |    +0.0% |  -14.730 |    -2225.3 |   -37246.2 |   7531 | me.network/data_cmd_channel/genblk7_1__adapter_out.data_o\[4\]$_DFFE_PP_/D
     859* |       0 |      64 |        0 |      0 |    50 |    +0.0% |  -14.730 |    -2225.3 |   -37246.2 |   7531 | me.network/data_cmd_channel/genblk7_1__adapter_out.data_o\[4\]$_DFFE_PP_/D
     860* |       0 |      64 |        0 |      0 |    50 |    +0.0% |  -14.730 |    -2225.3 |   -37246.2 |   7531 | me.network/data_cmd_channel/genblk7_1__adapter_out.data_o\[4\]$_DFFE_PP_/D
     860* |       0 |      64 |        0 |      0 |    50 |    +0.0% |  -14.730 |    -2225.3 |   -37246.2 |   7531 | me.network/data_cmd_channel/genblk7_1__adapter_out.data_o\[4\]$_DFFE_PP_/D
     861* |       0 |      64 |        0 |      0 |    50 |    +0.0% |  -14.730 |    -2225.3 |   -37246.2 |   7531 | me.network/data_cmd_channel/genblk7_1__adapter_out.data_o\[4\]$_DFFE_PP_/D
     862* |       0 |      64 |        0 |      0 |    50 |    +0.0% |  -14.730 |    -2225.3 |   -37246.2 |   7531 | me.network/data_cmd_channel/genblk7_1__adapter_out.data_o\[4\]$_DFFE_PP_/D
     863* |       0 |      64 |        0 |      0 |    50 |    +0.0% |  -14.730 |    -2225.3 |   -37246.2 |   7531 | me.network/data_cmd_channel/genblk7_1__adapter_out.data_o\[4\]$_DFFE_PP_/D
     864* |       0 |      64 |        0 |      0 |    50 |    +0.0% |  -14.730 |    -2225.3 |   -37246.2 |   7531 | me.network/data_cmd_channel/genblk7_1__adapter_out.data_o\[4\]$_DFFE_PP_/D
     865* |       0 |      64 |        0 |      0 |    50 |    +0.0% |  -14.730 |    -2225.3 |   -37246.2 |   7531 | me.network/data_cmd_channel/genblk7_1__adapter_out.data_o\[4\]$_DFFE_PP_/D
     866* |       0 |      64 |        0 |      0 |    50 |    +0.0% |  -14.730 |    -2225.3 |   -37246.2 |   7531 | me.network/data_cmd_channel/genblk7_1__adapter_out.data_o\[4\]$_DFFE_PP_/D
     867* |       0 |      64 |        0 |      0 |    50 |    +0.0% |  -14.730 |    -2225.3 |   -37246.2 |   7531 | me.network/data_cmd_channel/genblk7_1__adapter_out.data_o\[4\]$_DFFE_PP_/D
     868* |       0 |      64 |        0 |      0 |    50 |    +0.0% |  -14.730 |    -2225.3 |   -37246.2 |   7531 | me.network/data_cmd_channel/genblk7_1__adapter_out.data_o\[4\]$_DFFE_PP_/D
     869* |       0 |      64 |        0 |      0 |    50 |    +0.0% |  -14.730 |    -2225.3 |   -37246.2 |   7531 | me.network/data_cmd_channel/genblk7_1__adapter_out.data_o\[4\]$_DFFE_PP_/D
     870* |       0 |      64 |        0 |      0 |    50 |    +0.0% |  -14.730 |    -2225.3 |   -37246.2 |   7531 | me.network/data_cmd_channel/genblk7_1__adapter_out.data_o\[4\]$_DFFE_PP_/D
     870* |       0 |      64 |        0 |      0 |    50 |    +0.0% |  -14.730 |    -2225.3 |   -37246.2 |   7531 | me.network/data_cmd_channel/genblk7_1__adapter_out.data_o\[4\]$_DFFE_PP_/D
     871* |       0 |      64 |        0 |      0 |    50 |    +0.0% |  -14.730 |    -2225.3 |   -37246.2 |   7531 | me.network/data_cmd_channel/genblk7_1__adapter_out.data_o\[4\]$_DFFE_PP_/D
     872* |       0 |      64 |        0 |      0 |    50 |    +0.0% |  -14.730 |    -2225.3 |   -37246.2 |   7531 | me.network/data_cmd_channel/genblk7_1__adapter_out.data_o\[4\]$_DFFE_PP_/D
     873* |       0 |      64 |        0 |      0 |    50 |    +0.0% |  -14.730 |    -2225.3 |   -37246.2 |   7531 | me.network/data_cmd_channel/genblk7_1__adapter_out.data_o\[4\]$_DFFE_PP_/D
     874* |       0 |      64 |        0 |      0 |    50 |    +0.0% |  -14.730 |    -2225.3 |   -37246.2 |   7531 | me.network/data_cmd_channel/genblk7_1__adapter_out.data_o\[4\]$_DFFE_PP_/D
     875* |       0 |      64 |        0 |      0 |    50 |    +0.0% |  -14.730 |    -2225.3 |   -37246.2 |   7531 | me.network/data_cmd_channel/genblk7_1__adapter_out.data_o\[4\]$_DFFE_PP_/D
     876* |       0 |      64 |        0 |      0 |    50 |    +0.0% |  -14.730 |    -2225.3 |   -37246.2 |   7531 | me.network/data_cmd_channel/genblk7_1__adapter_out.data_o\[4\]$_DFFE_PP_/D
     877* |       0 |      64 |        0 |      0 |    50 |    +0.0% |  -14.730 |    -2225.3 |   -37246.2 |   7531 | me.network/data_cmd_channel/genblk7_1__adapter_out.data_o\[4\]$_DFFE_PP_/D
     878* |       0 |      64 |        0 |      0 |    50 |    +0.0% |  -14.730 |    -2225.3 |   -37246.2 |   7531 | me.network/data_cmd_channel/genblk7_1__adapter_out.data_o\[4\]$_DFFE_PP_/D
     879* |       0 |      64 |        0 |      0 |    50 |    +0.0% |  -14.730 |    -2225.3 |   -37246.2 |   7531 | me.network/data_cmd_channel/genblk7_1__adapter_out.data_o\[4\]$_DFFE_PP_/D
     880* |       0 |      64 |        0 |      0 |    50 |    +0.0% |  -14.730 |    -2225.3 |   -37246.2 |   7531 | me.network/data_cmd_channel/genblk7_1__adapter_out.data_o\[4\]$_DFFE_PP_/D
     880* |       0 |      64 |        0 |      0 |    50 |    +0.0% |  -14.730 |    -2225.3 |   -37246.2 |   7531 | me.network/data_cmd_channel/genblk7_1__adapter_out.data_o\[4\]$_DFFE_PP_/D
     881* |       0 |      64 |        0 |      0 |    50 |    +0.0% |  -14.730 |    -2225.3 |   -37246.2 |   7531 | me.network/data_cmd_channel/genblk7_1__adapter_out.data_o\[4\]$_DFFE_PP_/D
     882* |       0 |      64 |        0 |      0 |    50 |    +0.0% |  -14.730 |    -2225.3 |   -37246.2 |   7531 | me.network/data_cmd_channel/genblk7_1__adapter_out.data_o\[4\]$_DFFE_PP_/D
     883* |       0 |      64 |        0 |      0 |    50 |    +0.0% |  -14.730 |    -2225.3 |   -37246.2 |   7531 | me.network/data_cmd_channel/genblk7_1__adapter_out.data_o\[4\]$_DFFE_PP_/D
     884* |       0 |      64 |        0 |      0 |    50 |    +0.0% |  -14.730 |    -2225.3 |   -37246.2 |   7531 | me.network/data_cmd_channel/genblk7_1__adapter_out.data_o\[4\]$_DFFE_PP_/D
     885* |       0 |      64 |        0 |      0 |    50 |    +0.0% |  -14.730 |    -2225.3 |   -37246.2 |   7531 | me.network/data_cmd_channel/genblk7_1__adapter_out.data_o\[4\]$_DFFE_PP_/D
     886* |       0 |      64 |        0 |      0 |    50 |    +0.0% |  -14.730 |    -2225.3 |   -37246.2 |   7531 | me.network/data_cmd_channel/genblk7_1__adapter_out.data_o\[4\]$_DFFE_PP_/D
     887* |       0 |      64 |        0 |      0 |    50 |    +0.0% |  -14.730 |    -2225.3 |   -37246.2 |   7531 | me.network/data_cmd_channel/genblk7_1__adapter_out.data_o\[4\]$_DFFE_PP_/D
     888* |       0 |      64 |        0 |      0 |    50 |    +0.0% |  -14.730 |    -2225.3 |   -37246.2 |   7531 | me.network/data_cmd_channel/genblk7_1__adapter_out.data_o\[4\]$_DFFE_PP_/D
     889* |       0 |      64 |        0 |      0 |    50 |    +0.0% |  -14.730 |    -2225.3 |   -37246.2 |   7531 | me.network/data_cmd_channel/genblk7_1__adapter_out.data_o\[4\]$_DFFE_PP_/D
     890* |       0 |      64 |        0 |      0 |    50 |    +0.0% |  -14.730 |    -2225.3 |   -37246.2 |   7531 | me.network/data_cmd_channel/genblk7_1__adapter_out.data_o\[4\]$_DFFE_PP_/D
     890* |       0 |      64 |        0 |      0 |    50 |    +0.0% |  -14.730 |    -2225.3 |   -37246.2 |   7531 | me.network/data_cmd_channel/genblk7_1__adapter_out.data_o\[4\]$_DFFE_PP_/D
     891* |       0 |      64 |        0 |      0 |    50 |    +0.0% |  -14.730 |    -2225.3 |   -37246.2 |   7531 | me.network/data_cmd_channel/genblk7_1__adapter_out.data_o\[4\]$_DFFE_PP_/D
     892* |       0 |      64 |        0 |      0 |    50 |    +0.0% |  -14.730 |    -2225.3 |   -37246.2 |   7531 | me.network/data_cmd_channel/genblk7_1__adapter_out.data_o\[4\]$_DFFE_PP_/D
     893* |       0 |      64 |        0 |      0 |    50 |    +0.0% |  -14.730 |    -2225.3 |   -37246.2 |   7531 | me.network/data_cmd_channel/genblk7_1__adapter_out.data_o\[4\]$_DFFE_PP_/D
     894* |       0 |      64 |        0 |      0 |    50 |    +0.0% |  -14.730 |    -2225.3 |   -37246.2 |   7531 | me.network/data_cmd_channel/genblk7_1__adapter_out.data_o\[4\]$_DFFE_PP_/D
     895* |       0 |      64 |        0 |      0 |    50 |    +0.0% |  -14.730 |    -2225.3 |   -37246.2 |   7531 | me.network/data_cmd_channel/genblk7_1__adapter_out.data_o\[4\]$_DFFE_PP_/D
     896* |       0 |      64 |        0 |      0 |    50 |    +0.0% |  -14.730 |    -2225.3 |   -37246.2 |   7531 | me.network/data_cmd_channel/genblk7_1__adapter_out.data_o\[4\]$_DFFE_PP_/D
     897* |       0 |      64 |        0 |      0 |    50 |    +0.0% |  -14.730 |    -2225.3 |   -37246.2 |   7531 | me.network/data_cmd_channel/genblk7_1__adapter_out.data_o\[4\]$_DFFE_PP_/D
     898* |       0 |      64 |        0 |      0 |    50 |    +0.0% |  -14.730 |    -2225.3 |   -37246.2 |   7531 | me.network/data_cmd_channel/genblk7_1__adapter_out.data_o\[4\]$_DFFE_PP_/D
     899* |       0 |      64 |        0 |      0 |    50 |    +0.0% |  -14.730 |    -2225.3 |   -37246.2 |   7531 | me.network/data_cmd_channel/genblk7_1__adapter_out.data_o\[4\]$_DFFE_PP_/D
     900* |       0 |      64 |        0 |      0 |    50 |    +0.0% |  -14.730 |    -2225.3 |   -37246.2 |   7531 | me.network/data_cmd_channel/genblk7_1__adapter_out.data_o\[4\]$_DFFE_PP_/D
     900* |       0 |      64 |        0 |      0 |    50 |    +0.0% |  -14.730 |    -2225.3 |   -37246.2 |   7531 | me.network/data_cmd_channel/genblk7_1__adapter_out.data_o\[4\]$_DFFE_PP_/D
     901* |       0 |      64 |        0 |      0 |    50 |    +0.0% |  -14.730 |    -2225.3 |   -37246.2 |   7531 | me.network/data_cmd_channel/genblk7_1__adapter_out.data_o\[4\]$_DFFE_PP_/D
     902* |       0 |      64 |        0 |      0 |    50 |    +0.0% |  -14.730 |    -2225.3 |   -37246.2 |   7531 | me.network/data_cmd_channel/genblk7_1__adapter_out.data_o\[4\]$_DFFE_PP_/D
     903* |       0 |      64 |        0 |      0 |    50 |    +0.0% |  -14.730 |    -2225.3 |   -37246.2 |   7531 | me.network/data_cmd_channel/genblk7_1__adapter_out.data_o\[4\]$_DFFE_PP_/D
     904* |       0 |      64 |        0 |      0 |    50 |    +0.0% |  -14.730 |    -2225.3 |   -37246.2 |   7531 | me.network/data_cmd_channel/genblk7_1__adapter_out.data_o\[4\]$_DFFE_PP_/D
     905* |       0 |      64 |        0 |      0 |    50 |    +0.0% |  -14.730 |    -2225.3 |   -37246.2 |   7531 | me.network/data_cmd_channel/genblk7_1__adapter_out.data_o\[4\]$_DFFE_PP_/D
     906* |       0 |      64 |        0 |      0 |    50 |    +0.0% |  -14.730 |    -2225.3 |   -37246.2 |   7531 | me.network/data_cmd_channel/genblk7_1__adapter_out.data_o\[4\]$_DFFE_PP_/D
     907* |       0 |      64 |        0 |      0 |    50 |    +0.0% |  -14.730 |    -2225.3 |   -37246.2 |   7531 | me.network/data_cmd_channel/genblk7_1__adapter_out.data_o\[4\]$_DFFE_PP_/D
     908* |       0 |      64 |        0 |      0 |    50 |    +0.0% |  -14.730 |    -2225.3 |   -37246.2 |   7531 | me.network/data_cmd_channel/genblk7_1__adapter_out.data_o\[4\]$_DFFE_PP_/D
     909* |       0 |      64 |        0 |      0 |    50 |    +0.0% |  -14.730 |    -2225.3 |   -37246.2 |   7531 | me.network/data_cmd_channel/genblk7_1__adapter_out.data_o\[4\]$_DFFE_PP_/D
     910* |       0 |      64 |        0 |      0 |    50 |    +0.0% |  -14.730 |    -2225.3 |   -37246.2 |   7531 | me.network/data_cmd_channel/genblk7_1__adapter_out.data_o\[4\]$_DFFE_PP_/D
     910* |       0 |      64 |        0 |      0 |    50 |    +0.0% |  -14.730 |    -2225.3 |   -37246.2 |   7531 | me.network/data_cmd_channel/genblk7_1__adapter_out.data_o\[4\]$_DFFE_PP_/D
     911* |       0 |      64 |        0 |      0 |    50 |    +0.0% |  -14.730 |    -2225.3 |   -37246.2 |   7531 | me.network/data_cmd_channel/genblk7_1__adapter_out.data_o\[4\]$_DFFE_PP_/D
     912* |       0 |      64 |        0 |      0 |    50 |    +0.0% |  -14.730 |    -2225.3 |   -37246.2 |   7531 | me.network/data_cmd_channel/genblk7_1__adapter_out.data_o\[4\]$_DFFE_PP_/D
     913* |       0 |      64 |        0 |      0 |    50 |    +0.0% |  -14.730 |    -2225.3 |   -37246.2 |   7531 | me.network/data_cmd_channel/genblk7_1__adapter_out.data_o\[4\]$_DFFE_PP_/D
     914* |       0 |      64 |        0 |      0 |    50 |    +0.0% |  -14.730 |    -2225.3 |   -37246.2 |   7531 | me.network/data_cmd_channel/genblk7_1__adapter_out.data_o\[4\]$_DFFE_PP_/D
     915* |       0 |      64 |        0 |      0 |    50 |    +0.0% |  -14.730 |    -2225.3 |   -37246.2 |   7531 | me.network/data_cmd_channel/genblk7_1__adapter_out.data_o\[4\]$_DFFE_PP_/D
     916* |       0 |      64 |        0 |      0 |    50 |    +0.0% |  -14.730 |    -2225.3 |   -37246.2 |   7531 | me.network/data_cmd_channel/genblk7_1__adapter_out.data_o\[4\]$_DFFE_PP_/D
     917* |       0 |      64 |        0 |      0 |    50 |    +0.0% |  -14.730 |    -2225.3 |   -37246.2 |   7531 | me.network/data_cmd_channel/genblk7_1__adapter_out.data_o\[4\]$_DFFE_PP_/D
     918* |       0 |      64 |        0 |      0 |    50 |    +0.0% |  -14.730 |    -2225.3 |   -37246.2 |   7531 | me.network/data_cmd_channel/genblk7_1__adapter_out.data_o\[4\]$_DFFE_PP_/D
     919* |       0 |      64 |        0 |      0 |    50 |    +0.0% |  -14.730 |    -2225.3 |   -37246.2 |   7531 | me.network/data_cmd_channel/genblk7_1__adapter_out.data_o\[4\]$_DFFE_PP_/D
     920* |       0 |      64 |        0 |      0 |    50 |    +0.0% |  -14.730 |    -2225.3 |   -37246.2 |   7531 | me.network/data_cmd_channel/genblk7_1__adapter_out.data_o\[4\]$_DFFE_PP_/D
     920* |       0 |      64 |        0 |      0 |    50 |    +0.0% |  -14.730 |    -2225.3 |   -37246.2 |   7531 | me.network/data_cmd_channel/genblk7_1__adapter_out.data_o\[4\]$_DFFE_PP_/D
     921* |       0 |      64 |        0 |      0 |    50 |    +0.0% |  -14.730 |    -2225.3 |   -37246.2 |   7531 | me.network/data_cmd_channel/genblk7_1__adapter_out.data_o\[4\]$_DFFE_PP_/D
     922* |       0 |      64 |        0 |      0 |    50 |    +0.0% |  -14.730 |    -2225.3 |   -37246.2 |   7531 | me.network/data_cmd_channel/genblk7_1__adapter_out.data_o\[4\]$_DFFE_PP_/D
     923* |       0 |      64 |        0 |      0 |    50 |    +0.0% |  -14.730 |    -2225.3 |   -37246.2 |   7531 | me.network/data_cmd_channel/genblk7_1__adapter_out.data_o\[4\]$_DFFE_PP_/D
     924* |       0 |      64 |        0 |      0 |    50 |    +0.0% |  -14.730 |    -2225.3 |   -37246.2 |   7531 | me.network/data_cmd_channel/genblk7_1__adapter_out.data_o\[4\]$_DFFE_PP_/D
     925* |       0 |      64 |        0 |      0 |    50 |    +0.0% |  -14.730 |    -2225.3 |   -37246.2 |   7531 | me.network/data_cmd_channel/genblk7_1__adapter_out.data_o\[4\]$_DFFE_PP_/D
     926* |       0 |      64 |        0 |      0 |    50 |    +0.0% |  -14.730 |    -2225.3 |   -37246.2 |   7531 | me.network/data_cmd_channel/genblk7_1__adapter_out.data_o\[4\]$_DFFE_PP_/D
     927* |       0 |      64 |        0 |      0 |    50 |    +0.0% |  -14.730 |    -2225.3 |   -37246.2 |   7531 | me.network/data_cmd_channel/genblk7_1__adapter_out.data_o\[4\]$_DFFE_PP_/D
     928* |       0 |      64 |        0 |      0 |    50 |    +0.0% |  -14.730 |    -2225.3 |   -37246.2 |   7531 | me.network/data_cmd_channel/genblk7_1__adapter_out.data_o\[4\]$_DFFE_PP_/D
     929* |       0 |      64 |        0 |      0 |    50 |    +0.0% |  -14.730 |    -2225.3 |   -37246.2 |   7531 | me.network/data_cmd_channel/genblk7_1__adapter_out.data_o\[4\]$_DFFE_PP_/D
     930* |       0 |      64 |        0 |      0 |    50 |    +0.0% |  -14.730 |    -2225.3 |   -37246.2 |   7531 | me.network/data_cmd_channel/genblk7_1__adapter_out.data_o\[4\]$_DFFE_PP_/D
     930* |       0 |      64 |        0 |      0 |    50 |    +0.0% |  -14.730 |    -2225.3 |   -37246.2 |   7531 | me.network/data_cmd_channel/genblk7_1__adapter_out.data_o\[4\]$_DFFE_PP_/D
     931* |       0 |      64 |        0 |      0 |    50 |    +0.0% |  -14.730 |    -2225.3 |   -37246.2 |   7531 | me.network/data_cmd_channel/genblk7_1__adapter_out.data_o\[4\]$_DFFE_PP_/D
     932* |       0 |      64 |        0 |      0 |    50 |    +0.0% |  -14.730 |    -2225.3 |   -37246.2 |   7531 | me.network/data_cmd_channel/genblk7_1__adapter_out.data_o\[4\]$_DFFE_PP_/D
     933* |       0 |      64 |        0 |      0 |    50 |    +0.0% |  -14.730 |    -2225.3 |   -37246.2 |   7531 | me.network/data_cmd_channel/genblk7_1__adapter_out.data_o\[4\]$_DFFE_PP_/D
     934* |       0 |      64 |        0 |      0 |    50 |    +0.0% |  -14.730 |    -2225.3 |   -37246.2 |   7531 | me.network/data_cmd_channel/genblk7_1__adapter_out.data_o\[4\]$_DFFE_PP_/D
     935* |       0 |      64 |        0 |      0 |    50 |    +0.0% |  -14.730 |    -2225.3 |   -37246.2 |   7531 | me.network/data_cmd_channel/genblk7_1__adapter_out.data_o\[4\]$_DFFE_PP_/D
     936* |       0 |      64 |        0 |      0 |    50 |    +0.0% |  -14.730 |    -2225.3 |   -37246.2 |   7531 | me.network/data_cmd_channel/genblk7_1__adapter_out.data_o\[4\]$_DFFE_PP_/D
     937* |       0 |      64 |        0 |      0 |    50 |    +0.0% |  -14.730 |    -2225.3 |   -37246.2 |   7531 | me.network/data_cmd_channel/genblk7_1__adapter_out.data_o\[4\]$_DFFE_PP_/D
     938* |       0 |      64 |        0 |      0 |    50 |    +0.0% |  -14.730 |    -2225.3 |   -37246.2 |   7531 | me.network/data_cmd_channel/genblk7_1__adapter_out.data_o\[4\]$_DFFE_PP_/D
     939* |       0 |      64 |        0 |      0 |    50 |    +0.0% |  -14.730 |    -2225.3 |   -37246.2 |   7531 | me.network/data_cmd_channel/genblk7_1__adapter_out.data_o\[4\]$_DFFE_PP_/D
     940* |       0 |      64 |        0 |      0 |    50 |    +0.0% |  -14.730 |    -2225.3 |   -37246.2 |   7531 | me.network/data_cmd_channel/genblk7_1__adapter_out.data_o\[4\]$_DFFE_PP_/D
     940* |       0 |      64 |        0 |      0 |    50 |    +0.0% |  -14.730 |    -2225.3 |   -37246.2 |   7531 | me.network/data_cmd_channel/genblk7_1__adapter_out.data_o\[4\]$_DFFE_PP_/D
     941* |       0 |      64 |        0 |      0 |    50 |    +0.0% |  -14.730 |    -2225.3 |   -37246.2 |   7531 | me.network/data_cmd_channel/genblk7_1__adapter_out.data_o\[4\]$_DFFE_PP_/D
     942* |       0 |      64 |        0 |      0 |    50 |    +0.0% |  -14.730 |    -2225.3 |   -37246.2 |   7531 | me.network/data_cmd_channel/genblk7_1__adapter_out.data_o\[4\]$_DFFE_PP_/D
     943* |       0 |      64 |        0 |      0 |    50 |    +0.0% |  -14.730 |    -2225.3 |   -37246.2 |   7531 | me.network/data_cmd_channel/genblk7_1__adapter_out.data_o\[4\]$_DFFE_PP_/D
     944* |       0 |      64 |        0 |      0 |    50 |    +0.0% |  -14.730 |    -2225.3 |   -37246.2 |   7531 | me.network/data_cmd_channel/genblk7_1__adapter_out.data_o\[4\]$_DFFE_PP_/D
     945* |       0 |      64 |        0 |      0 |    50 |    +0.0% |  -14.730 |    -2225.3 |   -37246.2 |   7531 | me.network/data_cmd_channel/genblk7_1__adapter_out.data_o\[4\]$_DFFE_PP_/D
     946* |       0 |      64 |        0 |      0 |    50 |    +0.0% |  -14.730 |    -2225.3 |   -37246.2 |   7531 | me.network/data_cmd_channel/genblk7_1__adapter_out.data_o\[4\]$_DFFE_PP_/D
     947* |       0 |      64 |        0 |      0 |    50 |    +0.0% |  -14.730 |    -2225.3 |   -37246.2 |   7531 | me.network/data_cmd_channel/genblk7_1__adapter_out.data_o\[4\]$_DFFE_PP_/D
     948* |       0 |      64 |        0 |      0 |    50 |    +0.0% |  -14.730 |    -2225.3 |   -37246.2 |   7531 | me.network/data_cmd_channel/genblk7_1__adapter_out.data_o\[4\]$_DFFE_PP_/D
     949* |       0 |      64 |        0 |      0 |    50 |    +0.0% |  -14.730 |    -2225.3 |   -37246.2 |   7531 | me.network/data_cmd_channel/genblk7_1__adapter_out.data_o\[4\]$_DFFE_PP_/D
     950* |       0 |      64 |        0 |      0 |    50 |    +0.0% |  -14.730 |    -2225.3 |   -37246.2 |   7531 | me.network/data_cmd_channel/genblk7_1__adapter_out.data_o\[4\]$_DFFE_PP_/D
     950* |       0 |      64 |        0 |      0 |    50 |    +0.0% |  -14.730 |    -2225.3 |   -37246.2 |   7531 | me.network/data_cmd_channel/genblk7_1__adapter_out.data_o\[4\]$_DFFE_PP_/D
     951* |       0 |      64 |        0 |      0 |    50 |    +0.0% |  -14.730 |    -2225.3 |   -37246.2 |   7531 | me.network/data_cmd_channel/genblk7_1__adapter_out.data_o\[4\]$_DFFE_PP_/D
     952* |       0 |      64 |        0 |      0 |    50 |    +0.0% |  -14.730 |    -2225.3 |   -37246.2 |   7531 | me.network/data_cmd_channel/genblk7_1__adapter_out.data_o\[4\]$_DFFE_PP_/D
     953* |       0 |      64 |        0 |      0 |    50 |    +0.0% |  -14.730 |    -2225.3 |   -37246.2 |   7531 | me.network/data_cmd_channel/genblk7_1__adapter_out.data_o\[4\]$_DFFE_PP_/D
     954* |       0 |      64 |        0 |      0 |    50 |    +0.0% |  -14.730 |    -2225.3 |   -37246.2 |   7531 | me.network/data_cmd_channel/genblk7_1__adapter_out.data_o\[4\]$_DFFE_PP_/D
     955* |       0 |      64 |        0 |      0 |    50 |    +0.0% |  -14.730 |    -2225.3 |   -37246.2 |   7531 | me.network/data_cmd_channel/genblk7_1__adapter_out.data_o\[4\]$_DFFE_PP_/D
     956* |       0 |      64 |        0 |      0 |    50 |    +0.0% |  -14.730 |    -2225.3 |   -37246.2 |   7531 | me.network/data_cmd_channel/genblk7_1__adapter_out.data_o\[4\]$_DFFE_PP_/D
     957* |       0 |      64 |        0 |      0 |    50 |    +0.0% |  -14.730 |    -2225.3 |   -37246.2 |   7531 | me.network/data_cmd_channel/genblk7_1__adapter_out.data_o\[4\]$_DFFE_PP_/D
     958* |       0 |      64 |        0 |      0 |    50 |    +0.0% |  -14.730 |    -2225.3 |   -37246.2 |   7531 | me.network/data_cmd_channel/genblk7_1__adapter_out.data_o\[4\]$_DFFE_PP_/D
     959* |       0 |      64 |        0 |      0 |    50 |    +0.0% |  -14.730 |    -2225.3 |   -37246.2 |   7531 | me.network/data_cmd_channel/genblk7_1__adapter_out.data_o\[4\]$_DFFE_PP_/D
     960* |       0 |      64 |        0 |      0 |    50 |    +0.0% |  -14.730 |    -2225.3 |   -37246.2 |   7531 | me.network/data_cmd_channel/genblk7_1__adapter_out.data_o\[4\]$_DFFE_PP_/D
     960* |       0 |      64 |        0 |      0 |    50 |    +0.0% |  -14.730 |    -2225.3 |   -37246.2 |   7531 | me.network/data_cmd_channel/genblk7_1__adapter_out.data_o\[4\]$_DFFE_PP_/D
     961* |       0 |      64 |        0 |      0 |    50 |    +0.0% |  -14.730 |    -2225.3 |   -37246.2 |   7531 | me.network/data_cmd_channel/genblk7_1__adapter_out.data_o\[4\]$_DFFE_PP_/D
     962* |       0 |      64 |        0 |      0 |    50 |    +0.0% |  -14.730 |    -2225.3 |   -37246.2 |   7531 | me.network/data_cmd_channel/genblk7_1__adapter_out.data_o\[4\]$_DFFE_PP_/D
     963* |       0 |      64 |        0 |      0 |    50 |    +0.0% |  -14.730 |    -2225.3 |   -37246.2 |   7531 | me.network/data_cmd_channel/genblk7_1__adapter_out.data_o\[4\]$_DFFE_PP_/D
     964* |       0 |      64 |        0 |      0 |    50 |    +0.0% |  -14.730 |    -2225.3 |   -37246.2 |   7531 | me.network/data_cmd_channel/genblk7_1__adapter_out.data_o\[4\]$_DFFE_PP_/D
     965* |       0 |      64 |        0 |      0 |    50 |    +0.0% |  -14.730 |    -2225.3 |   -37246.2 |   7531 | me.network/data_cmd_channel/genblk7_1__adapter_out.data_o\[4\]$_DFFE_PP_/D
     966* |       0 |      64 |        0 |      0 |    50 |    +0.0% |  -14.730 |    -2225.3 |   -37246.2 |   7531 | me.network/data_cmd_channel/genblk7_1__adapter_out.data_o\[4\]$_DFFE_PP_/D
     967* |       0 |      64 |        0 |      0 |    50 |    +0.0% |  -14.730 |    -2225.3 |   -37246.2 |   7531 | me.network/data_cmd_channel/genblk7_1__adapter_out.data_o\[4\]$_DFFE_PP_/D
     968* |       0 |      64 |        0 |      0 |    50 |    +0.0% |  -14.730 |    -2225.3 |   -37246.2 |   7531 | me.network/data_cmd_channel/genblk7_1__adapter_out.data_o\[4\]$_DFFE_PP_/D
     969* |       0 |      64 |        0 |      0 |    50 |    +0.0% |  -14.730 |    -2225.3 |   -37246.2 |   7531 | me.network/data_cmd_channel/genblk7_1__adapter_out.data_o\[4\]$_DFFE_PP_/D
     970* |       0 |      64 |        0 |      0 |    50 |    +0.0% |  -14.730 |    -2225.3 |   -37246.2 |   7531 | me.network/data_cmd_channel/genblk7_1__adapter_out.data_o\[4\]$_DFFE_PP_/D
     970* |       0 |      64 |        0 |      0 |    50 |    +0.0% |  -14.730 |    -2225.3 |   -37246.2 |   7531 | me.network/data_cmd_channel/genblk7_1__adapter_out.data_o\[4\]$_DFFE_PP_/D
     971* |       0 |      64 |        0 |      0 |    50 |    +0.0% |  -14.730 |    -2225.3 |   -37246.2 |   7531 | me.network/data_cmd_channel/genblk7_1__adapter_out.data_o\[4\]$_DFFE_PP_/D
     972* |       0 |      64 |        0 |      0 |    50 |    +0.0% |  -14.730 |    -2225.3 |   -37246.2 |   7531 | me.network/data_cmd_channel/genblk7_1__adapter_out.data_o\[4\]$_DFFE_PP_/D
     973* |       0 |      64 |        0 |      0 |    50 |    +0.0% |  -14.730 |    -2225.3 |   -37246.2 |   7531 | me.network/data_cmd_channel/genblk7_1__adapter_out.data_o\[4\]$_DFFE_PP_/D
     974* |       0 |      64 |        0 |      0 |    50 |    +0.0% |  -14.730 |    -2225.3 |   -37246.2 |   7531 | me.network/data_cmd_channel/genblk7_1__adapter_out.data_o\[4\]$_DFFE_PP_/D
     975* |       0 |      64 |        0 |      0 |    50 |    +0.0% |  -14.730 |    -2225.3 |   -37246.2 |   7531 | me.network/data_cmd_channel/genblk7_1__adapter_out.data_o\[4\]$_DFFE_PP_/D
     976* |       0 |      64 |        0 |      0 |    50 |    +0.0% |  -14.730 |    -2225.3 |   -37246.2 |   7531 | me.network/data_cmd_channel/genblk7_1__adapter_out.data_o\[4\]$_DFFE_PP_/D
     977* |       0 |      64 |        0 |      0 |    50 |    +0.0% |  -14.730 |    -2225.3 |   -37246.2 |   7531 | me.network/data_cmd_channel/genblk7_1__adapter_out.data_o\[4\]$_DFFE_PP_/D
     978* |       0 |      64 |        0 |      0 |    50 |    +0.0% |  -14.730 |    -2225.3 |   -37246.2 |   7531 | me.network/data_cmd_channel/genblk7_1__adapter_out.data_o\[4\]$_DFFE_PP_/D
     979* |       0 |      64 |        0 |      0 |    50 |    +0.0% |  -14.730 |    -2225.3 |   -37246.2 |   7531 | me.network/data_cmd_channel/genblk7_1__adapter_out.data_o\[4\]$_DFFE_PP_/D
     980* |       0 |      64 |        0 |      0 |    50 |    +0.0% |  -14.730 |    -2225.3 |   -37246.2 |   7531 | me.network/data_cmd_channel/genblk7_1__adapter_out.data_o\[4\]$_DFFE_PP_/D
     980* |       0 |      64 |        0 |      0 |    50 |    +0.0% |  -14.730 |    -2225.3 |   -37246.2 |   7531 | me.network/data_cmd_channel/genblk7_1__adapter_out.data_o\[4\]$_DFFE_PP_/D
     981* |       0 |      64 |        0 |      0 |    50 |    +0.0% |  -14.730 |    -2225.3 |   -37246.2 |   7531 | me.network/data_cmd_channel/genblk7_1__adapter_out.data_o\[4\]$_DFFE_PP_/D
     982* |       0 |      64 |        0 |      0 |    50 |    +0.0% |  -14.730 |    -2225.3 |   -37246.2 |   7531 | me.network/data_cmd_channel/genblk7_1__adapter_out.data_o\[4\]$_DFFE_PP_/D
     983* |       0 |      64 |        0 |      0 |    50 |    +0.0% |  -14.730 |    -2225.3 |   -37246.2 |   7531 | me.network/data_cmd_channel/genblk7_1__adapter_out.data_o\[4\]$_DFFE_PP_/D
     984* |       0 |      64 |        0 |      0 |    50 |    +0.0% |  -14.730 |    -2225.3 |   -37246.2 |   7531 | me.network/data_cmd_channel/genblk7_1__adapter_out.data_o\[4\]$_DFFE_PP_/D
     985* |       0 |      64 |        0 |      0 |    50 |    +0.0% |  -14.730 |    -2225.3 |   -37246.2 |   7531 | me.network/data_cmd_channel/genblk7_1__adapter_out.data_o\[4\]$_DFFE_PP_/D
     986* |       0 |      64 |        0 |      0 |    50 |    +0.0% |  -14.730 |    -2225.3 |   -37246.2 |   7531 | me.network/data_cmd_channel/genblk7_1__adapter_out.data_o\[4\]$_DFFE_PP_/D
     987* |       0 |      64 |        0 |      0 |    50 |    +0.0% |  -14.730 |    -2225.3 |   -37246.2 |   7531 | me.network/data_cmd_channel/genblk7_1__adapter_out.data_o\[4\]$_DFFE_PP_/D
     988* |       0 |      64 |        0 |      0 |    50 |    +0.0% |  -14.730 |    -2225.3 |   -37246.2 |   7531 | me.network/data_cmd_channel/genblk7_1__adapter_out.data_o\[4\]$_DFFE_PP_/D
     989* |       0 |      64 |        0 |      0 |    50 |    +0.0% |  -14.730 |    -2225.3 |   -37246.2 |   7531 | me.network/data_cmd_channel/genblk7_1__adapter_out.data_o\[4\]$_DFFE_PP_/D
     990* |       0 |      64 |        0 |      0 |    50 |    +0.0% |  -14.730 |    -2225.3 |   -37246.2 |   7531 | me.network/data_cmd_channel/genblk7_1__adapter_out.data_o\[4\]$_DFFE_PP_/D
     990* |       0 |      64 |        0 |      0 |    50 |    +0.0% |  -14.730 |    -2225.3 |   -37246.2 |   7531 | me.network/data_cmd_channel/genblk7_1__adapter_out.data_o\[4\]$_DFFE_PP_/D
     991* |       0 |      64 |        0 |      0 |    50 |    +0.0% |  -14.730 |    -2225.3 |   -37246.2 |   7531 | me.network/data_cmd_channel/genblk7_1__adapter_out.data_o\[4\]$_DFFE_PP_/D
     992* |       0 |      64 |        0 |      0 |    50 |    +0.0% |  -14.730 |    -2225.3 |   -37246.2 |   7531 | me.network/data_cmd_channel/genblk7_1__adapter_out.data_o\[4\]$_DFFE_PP_/D
     993* |       0 |      64 |        0 |      0 |    50 |    +0.0% |  -14.730 |    -2225.3 |   -37246.2 |   7531 | me.network/data_cmd_channel/genblk7_1__adapter_out.data_o\[4\]$_DFFE_PP_/D
     994* |       0 |      64 |        0 |      0 |    50 |    +0.0% |  -14.730 |    -2225.3 |   -37246.2 |   7531 | me.network/data_cmd_channel/genblk7_1__adapter_out.data_o\[4\]$_DFFE_PP_/D
     995* |       0 |      64 |        0 |      0 |    50 |    +0.0% |  -14.730 |    -2225.3 |   -37246.2 |   7531 | me.network/data_cmd_channel/genblk7_1__adapter_out.data_o\[4\]$_DFFE_PP_/D
     996* |       0 |      64 |        0 |      0 |    50 |    +0.0% |  -14.730 |    -2225.3 |   -37246.2 |   7531 | me.network/data_cmd_channel/genblk7_1__adapter_out.data_o\[4\]$_DFFE_PP_/D
     997* |       0 |      64 |        0 |      0 |    50 |    +0.0% |  -14.730 |    -2225.3 |   -37246.2 |   7531 | me.network/data_cmd_channel/genblk7_1__adapter_out.data_o\[4\]$_DFFE_PP_/D
     998* |       0 |      64 |        0 |      0 |    50 |    +0.0% |  -14.730 |    -2225.3 |   -37246.2 |   7531 | me.network/data_cmd_channel/genblk7_1__adapter_out.data_o\[4\]$_DFFE_PP_/D
     999* |       0 |      64 |        0 |      0 |    50 |    +0.0% |  -14.730 |    -2225.3 |   -37246.2 |   7531 | me.network/data_cmd_channel/genblk7_1__adapter_out.data_o\[4\]$_DFFE_PP_/D
    1000* |       0 |      64 |        0 |      0 |    50 |    +0.0% |  -14.730 |    -2225.3 |   -37246.2 |   7531 | me.network/data_cmd_channel/genblk7_1__adapter_out.data_o\[4\]$_DFFE_PP_/D
    1000* |       0 |      64 |        0 |      0 |    50 |    +0.0% |  -14.730 |    -2225.3 |   -37246.2 |   7531 | me.network/data_cmd_channel/genblk7_1__adapter_out.data_o\[4\]$_DFFE_PP_/D
    1001* |       0 |      64 |        0 |      0 |    50 |    +0.0% |  -14.730 |    -2225.3 |   -37246.2 |   7531 | me.network/data_cmd_channel/genblk7_1__adapter_out.data_o\[4\]$_DFFE_PP_/D
    1002* |       0 |      64 |        0 |      0 |    50 |    +0.0% |  -14.730 |    -2225.3 |   -37246.2 |   7531 | me.network/data_cmd_channel/genblk7_1__adapter_out.data_o\[4\]$_DFFE_PP_/D
    1003* |       0 |      64 |        0 |      0 |    50 |    +0.0% |  -14.730 |    -2225.3 |   -37246.2 |   7531 | me.network/data_cmd_channel/genblk7_1__adapter_out.data_o\[4\]$_DFFE_PP_/D
    1004* |       0 |      64 |        0 |      0 |    50 |    +0.0% |  -14.730 |    -2225.3 |   -37246.2 |   7531 | me.network/data_cmd_channel/genblk7_1__adapter_out.data_o\[4\]$_DFFE_PP_/D
    1005* |       0 |      64 |        0 |      0 |    50 |    +0.0% |  -14.730 |    -2225.3 |   -37246.2 |   7531 | me.network/data_cmd_channel/genblk7_1__adapter_out.data_o\[4\]$_DFFE_PP_/D
    1006* |       0 |      64 |        0 |      0 |    50 |    +0.0% |  -14.730 |    -2225.3 |   -37246.2 |   7531 | me.network/data_cmd_channel/genblk7_1__adapter_out.data_o\[4\]$_DFFE_PP_/D
    1007* |       0 |      64 |        0 |      0 |    50 |    +0.0% |  -14.730 |    -2225.3 |   -37246.2 |   7531 | me.network/data_cmd_channel/genblk7_1__adapter_out.data_o\[4\]$_DFFE_PP_/D
    1008* |       0 |      64 |        0 |      0 |    50 |    +0.0% |  -14.730 |    -2225.3 |   -37246.2 |   7531 | me.network/data_cmd_channel/genblk7_1__adapter_out.data_o\[4\]$_DFFE_PP_/D
    1009* |       0 |      64 |        0 |      0 |    50 |    +0.0% |  -14.730 |    -2225.3 |   -37246.2 |   7531 | me.network/data_cmd_channel/genblk7_1__adapter_out.data_o\[4\]$_DFFE_PP_/D
    1010* |       0 |      64 |        0 |      0 |    50 |    +0.0% |  -14.730 |    -2225.3 |   -37246.2 |   7531 | me.network/data_cmd_channel/genblk7_1__adapter_out.data_o\[4\]$_DFFE_PP_/D
    1010* |       0 |      64 |        0 |      0 |    50 |    +0.0% |  -14.730 |    -2225.3 |   -37246.2 |   7531 | me.network/data_cmd_channel/genblk7_1__adapter_out.data_o\[4\]$_DFFE_PP_/D
    1011* |       0 |      64 |        0 |      0 |    50 |    +0.0% |  -14.730 |    -2225.3 |   -37246.2 |   7531 | me.network/data_cmd_channel/genblk7_1__adapter_out.data_o\[4\]$_DFFE_PP_/D
    1012* |       0 |      64 |        0 |      0 |    50 |    +0.0% |  -14.730 |    -2225.3 |   -37246.2 |   7531 | me.network/data_cmd_channel/genblk7_1__adapter_out.data_o\[4\]$_DFFE_PP_/D
    1013* |       0 |      64 |        0 |      0 |    50 |    +0.0% |  -14.730 |    -2225.3 |   -37246.2 |   7531 | me.network/data_cmd_channel/genblk7_1__adapter_out.data_o\[4\]$_DFFE_PP_/D
    1014* |       0 |      64 |        0 |      0 |    50 |    +0.0% |  -14.730 |    -2225.3 |   -37246.2 |   7531 | me.network/data_cmd_channel/genblk7_1__adapter_out.data_o\[4\]$_DFFE_PP_/D
    1015* |       0 |      64 |        0 |      0 |    50 |    +0.0% |  -14.730 |    -2225.3 |   -37246.2 |   7531 | me.network/data_cmd_channel/genblk7_1__adapter_out.data_o\[4\]$_DFFE_PP_/D
    1016* |       0 |      64 |        0 |      0 |    50 |    +0.0% |  -14.730 |    -2225.3 |   -37246.2 |   7531 | me.network/data_cmd_channel/genblk7_1__adapter_out.data_o\[4\]$_DFFE_PP_/D
    1017* |       0 |      64 |        0 |      0 |    50 |    +0.0% |  -14.730 |    -2225.3 |   -37246.2 |   7531 | me.network/data_cmd_channel/genblk7_1__adapter_out.data_o\[4\]$_DFFE_PP_/D
    1018* |       0 |      64 |        0 |      0 |    50 |    +0.0% |  -14.730 |    -2225.3 |   -37246.2 |   7531 | me.network/data_cmd_channel/genblk7_1__adapter_out.data_o\[4\]$_DFFE_PP_/D
    1019* |       0 |      64 |        0 |      0 |    50 |    +0.0% |  -14.730 |    -2225.3 |   -37246.2 |   7531 | me.network/data_cmd_channel/genblk7_1__adapter_out.data_o\[4\]$_DFFE_PP_/D
    1020* |       0 |      64 |        0 |      0 |    50 |    +0.0% |  -14.730 |    -2225.3 |   -37246.2 |   7531 | me.network/data_cmd_channel/genblk7_1__adapter_out.data_o\[4\]$_DFFE_PP_/D
    1020* |       0 |      64 |        0 |      0 |    50 |    +0.0% |  -14.730 |    -2225.3 |   -37246.2 |   7531 | me.network/data_cmd_channel/genblk7_1__adapter_out.data_o\[4\]$_DFFE_PP_/D
    1021* |       0 |      64 |        0 |      0 |    50 |    +0.0% |  -14.730 |    -2225.3 |   -37246.2 |   7531 | me.network/data_cmd_channel/genblk7_1__adapter_out.data_o\[4\]$_DFFE_PP_/D
    1022* |       0 |      64 |        0 |      0 |    50 |    +0.0% |  -14.730 |    -2225.3 |   -37246.2 |   7531 | me.network/data_cmd_channel/genblk7_1__adapter_out.data_o\[4\]$_DFFE_PP_/D
    1023* |       0 |      64 |        0 |      0 |    50 |    +0.0% |  -14.730 |    -2225.3 |   -37246.2 |   7531 | me.network/data_cmd_channel/genblk7_1__adapter_out.data_o\[4\]$_DFFE_PP_/D
    1024* |       0 |      64 |        0 |      0 |    50 |    +0.0% |  -14.730 |    -2225.3 |   -37246.2 |   7531 | me.network/data_cmd_channel/genblk7_1__adapter_out.data_o\[4\]$_DFFE_PP_/D
    1025* |       0 |      64 |        0 |      0 |    50 |    +0.0% |  -14.730 |    -2225.3 |   -37246.2 |   7531 | me.network/data_cmd_channel/genblk7_1__adapter_out.data_o\[4\]$_DFFE_PP_/D
    1026* |       0 |      64 |        0 |      0 |    50 |    +0.0% |  -14.730 |    -2225.3 |   -37246.2 |   7531 | me.network/data_cmd_channel/genblk7_1__adapter_out.data_o\[4\]$_DFFE_PP_/D
    1027* |       0 |      64 |        0 |      0 |    50 |    +0.0% |  -14.730 |    -2225.3 |   -37246.2 |   7531 | me.network/data_cmd_channel/genblk7_1__adapter_out.data_o\[4\]$_DFFE_PP_/D
    1028* |       0 |      64 |        0 |      0 |    50 |    +0.0% |  -14.730 |    -2225.3 |   -37246.2 |   7531 | me.network/data_cmd_channel/genblk7_1__adapter_out.data_o\[4\]$_DFFE_PP_/D
    1029* |       0 |      64 |        0 |      0 |    50 |    +0.0% |  -14.730 |    -2225.3 |   -37246.2 |   7531 | me.network/data_cmd_channel/genblk7_1__adapter_out.data_o\[4\]$_DFFE_PP_/D
    1030* |       0 |      64 |        0 |      0 |    50 |    +0.0% |  -14.730 |    -2225.3 |   -37246.2 |   7531 | me.network/data_cmd_channel/genblk7_1__adapter_out.data_o\[4\]$_DFFE_PP_/D
    1030* |       0 |      64 |        0 |      0 |    50 |    +0.0% |  -14.730 |    -2225.3 |   -37246.2 |   7531 | me.network/data_cmd_channel/genblk7_1__adapter_out.data_o\[4\]$_DFFE_PP_/D
    1031* |       0 |      64 |        0 |      0 |    50 |    +0.0% |  -14.730 |    -2225.3 |   -37246.2 |   7531 | me.network/data_cmd_channel/genblk7_1__adapter_out.data_o\[4\]$_DFFE_PP_/D
    1032* |       0 |      64 |        0 |      0 |    50 |    +0.0% |  -14.730 |    -2225.3 |   -37246.2 |   7531 | me.network/data_cmd_channel/genblk7_1__adapter_out.data_o\[4\]$_DFFE_PP_/D
    1033* |       0 |      64 |        0 |      0 |    50 |    +0.0% |  -14.730 |    -2225.3 |   -37246.2 |   7531 | me.network/data_cmd_channel/genblk7_1__adapter_out.data_o\[4\]$_DFFE_PP_/D
    1034* |       0 |      64 |        0 |      0 |    50 |    +0.0% |  -14.730 |    -2225.3 |   -37246.2 |   7531 | me.network/data_cmd_channel/genblk7_1__adapter_out.data_o\[4\]$_DFFE_PP_/D
    1035* |       0 |      64 |        0 |      0 |    50 |    +0.0% |  -14.730 |    -2225.3 |   -37246.2 |   7531 | me.network/data_cmd_channel/genblk7_1__adapter_out.data_o\[4\]$_DFFE_PP_/D
    1036* |       0 |      64 |        0 |      0 |    50 |    +0.0% |  -14.730 |    -2225.3 |   -37246.2 |   7531 | me.network/data_cmd_channel/genblk7_1__adapter_out.data_o\[4\]$_DFFE_PP_/D
    1037* |       0 |      64 |        0 |      0 |    50 |    +0.0% |  -14.730 |    -2225.3 |   -37246.2 |   7531 | me.network/data_cmd_channel/genblk7_1__adapter_out.data_o\[4\]$_DFFE_PP_/D
    1038* |       0 |      64 |        0 |      0 |    50 |    +0.0% |  -14.730 |    -2225.3 |   -37246.2 |   7531 | me.network/data_cmd_channel/genblk7_1__adapter_out.data_o\[4\]$_DFFE_PP_/D
    1039* |       0 |      64 |        0 |      0 |    50 |    +0.0% |  -14.730 |    -2225.3 |   -37246.2 |   7531 | me.network/data_cmd_channel/genblk7_1__adapter_out.data_o\[4\]$_DFFE_PP_/D
    1040* |       0 |      64 |        0 |      0 |    50 |    +0.0% |  -14.730 |    -2225.3 |   -37246.2 |   7531 | me.network/data_cmd_channel/genblk7_1__adapter_out.data_o\[4\]$_DFFE_PP_/D
    1040* |       0 |      64 |        0 |      0 |    50 |    +0.0% |  -14.730 |    -2225.3 |   -37246.2 |   7531 | me.network/data_cmd_channel/genblk7_1__adapter_out.data_o\[4\]$_DFFE_PP_/D
    1041* |       0 |      64 |        0 |      0 |    50 |    +0.0% |  -14.730 |    -2225.3 |   -37246.2 |   7531 | me.network/data_cmd_channel/genblk7_1__adapter_out.data_o\[4\]$_DFFE_PP_/D
    1042* |       0 |      64 |        0 |      0 |    50 |    +0.0% |  -14.730 |    -2225.3 |   -37246.2 |   7531 | me.network/data_cmd_channel/genblk7_1__adapter_out.data_o\[4\]$_DFFE_PP_/D
    1043* |       0 |      64 |        0 |      0 |    50 |    +0.0% |  -14.730 |    -2225.3 |   -37246.2 |   7531 | me.network/data_cmd_channel/genblk7_1__adapter_out.data_o\[4\]$_DFFE_PP_/D
    1044* |       0 |      64 |        0 |      0 |    50 |    +0.0% |  -14.730 |    -2225.3 |   -37246.2 |   7531 | me.network/data_cmd_channel/genblk7_1__adapter_out.data_o\[4\]$_DFFE_PP_/D
    1045* |       0 |      64 |        0 |      0 |    50 |    +0.0% |  -14.730 |    -2225.3 |   -37246.2 |   7531 | me.network/data_cmd_channel/genblk7_1__adapter_out.data_o\[4\]$_DFFE_PP_/D
    1046* |       0 |      64 |        0 |      0 |    50 |    +0.0% |  -14.730 |    -2225.3 |   -37246.2 |   7531 | me.network/data_cmd_channel/genblk7_1__adapter_out.data_o\[4\]$_DFFE_PP_/D
    1047* |       0 |      64 |        0 |      0 |    50 |    +0.0% |  -14.730 |    -2225.3 |   -37246.2 |   7531 | me.network/data_cmd_channel/genblk7_1__adapter_out.data_o\[4\]$_DFFE_PP_/D
    1048* |       0 |      64 |        0 |      0 |    50 |    +0.0% |  -14.730 |    -2225.3 |   -37246.2 |   7531 | me.network/data_cmd_channel/genblk7_1__adapter_out.data_o\[4\]$_DFFE_PP_/D
    1049* |       0 |      64 |        0 |      0 |    50 |    +0.0% |  -14.730 |    -2225.3 |   -37246.2 |   7531 | me.network/data_cmd_channel/genblk7_1__adapter_out.data_o\[4\]$_DFFE_PP_/D
    1050* |       0 |      64 |        0 |      0 |    50 |    +0.0% |  -14.730 |    -2225.3 |   -37246.2 |   7531 | me.network/data_cmd_channel/genblk7_1__adapter_out.data_o\[4\]$_DFFE_PP_/D
    1050* |       0 |      64 |        0 |      0 |    50 |    +0.0% |  -14.730 |    -2225.3 |   -37246.2 |   7531 | me.network/data_cmd_channel/genblk7_1__adapter_out.data_o\[4\]$_DFFE_PP_/D
    1051* |       0 |      64 |        0 |      0 |    50 |    +0.0% |  -14.730 |    -2225.3 |   -37246.2 |   7531 | me.network/data_cmd_channel/genblk7_1__adapter_out.data_o\[4\]$_DFFE_PP_/D
    1052* |       0 |      64 |        0 |      0 |    50 |    +0.0% |  -14.730 |    -2225.3 |   -37246.2 |   7531 | me.network/data_cmd_channel/genblk7_1__adapter_out.data_o\[4\]$_DFFE_PP_/D
    1053* |       0 |      64 |        0 |      0 |    50 |    +0.0% |  -14.730 |    -2225.3 |   -37246.2 |   7531 | me.network/data_cmd_channel/genblk7_1__adapter_out.data_o\[4\]$_DFFE_PP_/D
    1054* |       0 |      64 |        0 |      0 |    50 |    +0.0% |  -14.730 |    -2225.3 |   -37246.2 |   7531 | me.network/data_cmd_channel/genblk7_1__adapter_out.data_o\[4\]$_DFFE_PP_/D
    1055* |       0 |      64 |        0 |      0 |    50 |    +0.0% |  -14.730 |    -2225.3 |   -37246.2 |   7531 | me.network/data_cmd_channel/genblk7_1__adapter_out.data_o\[4\]$_DFFE_PP_/D
    1056* |       0 |      64 |        0 |      0 |    50 |    +0.0% |  -14.730 |    -2225.3 |   -37246.2 |   7531 | me.network/data_cmd_channel/genblk7_1__adapter_out.data_o\[4\]$_DFFE_PP_/D
    1057* |       0 |      64 |        0 |      0 |    50 |    +0.0% |  -14.730 |    -2225.3 |   -37246.2 |   7531 | me.network/data_cmd_channel/genblk7_1__adapter_out.data_o\[4\]$_DFFE_PP_/D
    1058* |       0 |      64 |        0 |      0 |    50 |    +0.0% |  -14.730 |    -2225.3 |   -37246.2 |   7531 | me.network/data_cmd_channel/genblk7_1__adapter_out.data_o\[4\]$_DFFE_PP_/D
    1059* |       0 |      64 |        0 |      0 |    50 |    +0.0% |  -14.730 |    -2225.3 |   -37246.2 |   7531 | me.network/data_cmd_channel/genblk7_1__adapter_out.data_o\[4\]$_DFFE_PP_/D
    1060* |       0 |      64 |        0 |      0 |    50 |    +0.0% |  -14.730 |    -2225.3 |   -37246.2 |   7531 | me.network/data_cmd_channel/genblk7_1__adapter_out.data_o\[4\]$_DFFE_PP_/D
    1060* |       0 |      64 |        0 |      0 |    50 |    +0.0% |  -14.730 |    -2225.3 |   -37246.2 |   7531 | me.network/data_cmd_channel/genblk7_1__adapter_out.data_o\[4\]$_DFFE_PP_/D
    1061* |       0 |      64 |        0 |      0 |    50 |    +0.0% |  -14.730 |    -2225.3 |   -37246.2 |   7531 | me.network/data_cmd_channel/genblk7_1__adapter_out.data_o\[4\]$_DFFE_PP_/D
    1062* |       0 |      64 |        0 |      0 |    50 |    +0.0% |  -14.730 |    -2225.3 |   -37246.2 |   7531 | me.network/data_cmd_channel/genblk7_1__adapter_out.data_o\[4\]$_DFFE_PP_/D
    1063* |       0 |      64 |        0 |      0 |    50 |    +0.0% |  -14.730 |    -2225.3 |   -37246.2 |   7531 | me.network/data_cmd_channel/genblk7_1__adapter_out.data_o\[4\]$_DFFE_PP_/D
    1064* |       0 |      64 |        0 |      0 |    50 |    +0.0% |  -14.730 |    -2225.3 |   -37246.2 |   7531 | me.network/data_cmd_channel/genblk7_1__adapter_out.data_o\[4\]$_DFFE_PP_/D
    1065* |       0 |      64 |        0 |      0 |    50 |    +0.0% |  -14.730 |    -2225.3 |   -37246.2 |   7531 | me.network/data_cmd_channel/genblk7_1__adapter_out.data_o\[4\]$_DFFE_PP_/D
    1066* |       0 |      64 |        0 |      0 |    50 |    +0.0% |  -14.730 |    -2225.3 |   -37246.2 |   7531 | me.network/data_cmd_channel/genblk7_1__adapter_out.data_o\[4\]$_DFFE_PP_/D
    1067* |       0 |      64 |        0 |      0 |    50 |    +0.0% |  -14.730 |    -2225.3 |   -37246.2 |   7531 | me.network/data_cmd_channel/genblk7_1__adapter_out.data_o\[4\]$_DFFE_PP_/D
    1068* |       0 |      64 |        0 |      0 |    50 |    +0.0% |  -14.730 |    -2225.3 |   -37246.2 |   7531 | me.network/data_cmd_channel/genblk7_1__adapter_out.data_o\[4\]$_DFFE_PP_/D
    1069* |       0 |      64 |        0 |      0 |    50 |    +0.0% |  -14.730 |    -2225.3 |   -37246.2 |   7531 | me.network/data_cmd_channel/genblk7_1__adapter_out.data_o\[4\]$_DFFE_PP_/D
    1070* |       0 |      64 |        0 |      0 |    50 |    +0.0% |  -14.730 |    -2225.3 |   -37246.2 |   7531 | me.network/data_cmd_channel/genblk7_1__adapter_out.data_o\[4\]$_DFFE_PP_/D
    1070* |       0 |      64 |        0 |      0 |    50 |    +0.0% |  -14.730 |    -2225.3 |   -37246.2 |   7531 | me.network/data_cmd_channel/genblk7_1__adapter_out.data_o\[4\]$_DFFE_PP_/D
    1071* |       0 |      64 |        0 |      0 |    50 |    +0.0% |  -14.730 |    -2225.3 |   -37246.2 |   7531 | me.network/data_cmd_channel/genblk7_1__adapter_out.data_o\[4\]$_DFFE_PP_/D
    1072* |       0 |      64 |        0 |      0 |    50 |    +0.0% |  -14.730 |    -2225.3 |   -37246.2 |   7531 | me.network/data_cmd_channel/genblk7_1__adapter_out.data_o\[4\]$_DFFE_PP_/D
    1073* |       0 |      64 |        0 |      0 |    50 |    +0.0% |  -14.730 |    -2225.3 |   -37246.2 |   7531 | me.network/data_cmd_channel/genblk7_1__adapter_out.data_o\[4\]$_DFFE_PP_/D
    1074* |       0 |      64 |        0 |      0 |    50 |    +0.0% |  -14.730 |    -2225.3 |   -37246.2 |   7531 | me.network/data_cmd_channel/genblk7_1__adapter_out.data_o\[4\]$_DFFE_PP_/D
    1075* |       0 |      64 |        0 |      0 |    50 |    +0.0% |  -14.730 |    -2225.3 |   -37246.2 |   7531 | me.network/data_cmd_channel/genblk7_1__adapter_out.data_o\[4\]$_DFFE_PP_/D
    1076* |       0 |      64 |        0 |      0 |    50 |    +0.0% |  -14.730 |    -2225.3 |   -37246.2 |   7531 | me.network/data_cmd_channel/genblk7_1__adapter_out.data_o\[4\]$_DFFE_PP_/D
    1077* |       0 |      64 |        0 |      0 |    50 |    +0.0% |  -14.730 |    -2225.3 |   -37246.2 |   7531 | me.network/data_cmd_channel/genblk7_1__adapter_out.data_o\[4\]$_DFFE_PP_/D
    1078* |       0 |      64 |        0 |      0 |    50 |    +0.0% |  -14.730 |    -2225.3 |   -37246.2 |   7531 | me.network/data_cmd_channel/genblk7_1__adapter_out.data_o\[4\]$_DFFE_PP_/D
    1079* |       0 |      64 |        0 |      0 |    50 |    +0.0% |  -14.730 |    -2225.3 |   -37246.2 |   7531 | me.network/data_cmd_channel/genblk7_1__adapter_out.data_o\[4\]$_DFFE_PP_/D
    1080* |       0 |      64 |        0 |      0 |    50 |    +0.0% |  -14.730 |    -2225.3 |   -37246.2 |   7531 | me.network/data_cmd_channel/genblk7_1__adapter_out.data_o\[4\]$_DFFE_PP_/D
    1080* |       0 |      64 |        0 |      0 |    50 |    +0.0% |  -14.730 |    -2225.3 |   -37246.2 |   7531 | me.network/data_cmd_channel/genblk7_1__adapter_out.data_o\[4\]$_DFFE_PP_/D
    1081* |       0 |      64 |        0 |      0 |    50 |    +0.0% |  -14.730 |    -2225.3 |   -37246.2 |   7531 | me.network/data_cmd_channel/genblk7_1__adapter_out.data_o\[4\]$_DFFE_PP_/D
    1082* |       0 |      64 |        0 |      0 |    50 |    +0.0% |  -14.730 |    -2225.3 |   -37246.2 |   7531 | me.network/data_cmd_channel/genblk7_1__adapter_out.data_o\[4\]$_DFFE_PP_/D
    1083* |       0 |      64 |        0 |      0 |    50 |    +0.0% |  -14.730 |    -2225.3 |   -37246.2 |   7531 | me.network/data_cmd_channel/genblk7_1__adapter_out.data_o\[4\]$_DFFE_PP_/D
    1084* |       0 |      64 |        0 |      0 |    50 |    +0.0% |  -14.730 |    -2225.3 |   -37246.2 |   7531 | me.network/data_cmd_channel/genblk7_1__adapter_out.data_o\[4\]$_DFFE_PP_/D
    1085* |       0 |      64 |        0 |      0 |    50 |    +0.0% |  -14.730 |    -2225.3 |   -37246.2 |   7531 | me.network/data_cmd_channel/genblk7_1__adapter_out.data_o\[4\]$_DFFE_PP_/D
    1086* |       0 |      64 |        0 |      0 |    50 |    +0.0% |  -14.730 |    -2225.3 |   -37246.2 |   7531 | me.network/data_cmd_channel/genblk7_1__adapter_out.data_o\[4\]$_DFFE_PP_/D
    1087* |       0 |      64 |        0 |      0 |    50 |    +0.0% |  -14.730 |    -2225.3 |   -37246.2 |   7531 | me.network/data_cmd_channel/genblk7_1__adapter_out.data_o\[4\]$_DFFE_PP_/D
    1088* |       0 |      64 |        0 |      0 |    50 |    +0.0% |  -14.730 |    -2225.3 |   -37246.2 |   7531 | me.network/data_cmd_channel/genblk7_1__adapter_out.data_o\[4\]$_DFFE_PP_/D
    1089* |       0 |      64 |        0 |      0 |    50 |    +0.0% |  -14.730 |    -2225.3 |   -37246.2 |   7531 | me.network/data_cmd_channel/genblk7_1__adapter_out.data_o\[4\]$_DFFE_PP_/D
    1090* |       0 |      64 |        0 |      0 |    50 |    +0.0% |  -14.730 |    -2225.3 |   -37246.2 |   7531 | me.network/data_cmd_channel/genblk7_1__adapter_out.data_o\[4\]$_DFFE_PP_/D
    1090* |       0 |      64 |        0 |      0 |    50 |    +0.0% |  -14.730 |    -2225.3 |   -37246.2 |   7531 | me.network/data_cmd_channel/genblk7_1__adapter_out.data_o\[4\]$_DFFE_PP_/D
    1091* |       0 |      64 |        0 |      0 |    50 |    +0.0% |  -14.730 |    -2225.3 |   -37246.2 |   7531 | me.network/data_cmd_channel/genblk7_1__adapter_out.data_o\[4\]$_DFFE_PP_/D
    1092* |       0 |      64 |        0 |      0 |    50 |    +0.0% |  -14.730 |    -2225.3 |   -37246.2 |   7531 | me.network/data_cmd_channel/genblk7_1__adapter_out.data_o\[4\]$_DFFE_PP_/D
    1093* |       0 |      64 |        0 |      0 |    50 |    +0.0% |  -14.730 |    -2225.3 |   -37246.2 |   7531 | me.network/data_cmd_channel/genblk7_1__adapter_out.data_o\[4\]$_DFFE_PP_/D
    1094* |       0 |      64 |        0 |      0 |    50 |    +0.0% |  -14.730 |    -2225.3 |   -37246.2 |   7531 | me.network/data_cmd_channel/genblk7_1__adapter_out.data_o\[4\]$_DFFE_PP_/D
    1095* |       0 |      64 |        0 |      0 |    50 |    +0.0% |  -14.730 |    -2225.3 |   -37246.2 |   7531 | me.network/data_cmd_channel/genblk7_1__adapter_out.data_o\[4\]$_DFFE_PP_/D
    1096* |       0 |      64 |        0 |      0 |    50 |    +0.0% |  -14.730 |    -2225.3 |   -37246.2 |   7531 | me.network/data_cmd_channel/genblk7_1__adapter_out.data_o\[4\]$_DFFE_PP_/D
    1097* |       0 |      64 |        0 |      0 |    50 |    +0.0% |  -14.730 |    -2225.3 |   -37246.2 |   7531 | me.network/data_cmd_channel/genblk7_1__adapter_out.data_o\[4\]$_DFFE_PP_/D
    1098* |       0 |      64 |        0 |      0 |    50 |    +0.0% |  -14.730 |    -2225.3 |   -37246.2 |   7531 | me.network/data_cmd_channel/genblk7_1__adapter_out.data_o\[4\]$_DFFE_PP_/D
    1099* |       0 |      64 |        0 |      0 |    50 |    +0.0% |  -14.730 |    -2225.3 |   -37246.2 |   7531 | me.network/data_cmd_channel/genblk7_1__adapter_out.data_o\[4\]$_DFFE_PP_/D
    1100* |       0 |      64 |        0 |      0 |    50 |    +0.0% |  -14.730 |    -2225.3 |   -37246.2 |   7531 | me.network/data_cmd_channel/genblk7_1__adapter_out.data_o\[4\]$_DFFE_PP_/D
    1100* |       0 |      64 |        0 |      0 |    50 |    +0.0% |  -14.730 |    -2225.3 |   -37246.2 |   7531 | me.network/data_cmd_channel/genblk7_1__adapter_out.data_o\[4\]$_DFFE_PP_/D
    1101* |       0 |      64 |        0 |      0 |    50 |    +0.0% |  -14.730 |    -2225.3 |   -37246.2 |   7531 | me.network/data_cmd_channel/genblk7_1__adapter_out.data_o\[4\]$_DFFE_PP_/D
    1102* |       0 |      64 |        0 |      0 |    50 |    +0.0% |  -14.730 |    -2225.3 |   -37246.2 |   7531 | me.network/data_cmd_channel/genblk7_1__adapter_out.data_o\[4\]$_DFFE_PP_/D
    1103* |       0 |      64 |        0 |      0 |    50 |    +0.0% |  -14.730 |    -2225.3 |   -37246.2 |   7531 | me.network/data_cmd_channel/genblk7_1__adapter_out.data_o\[4\]$_DFFE_PP_/D
    1104* |       0 |      64 |        0 |      0 |    50 |    +0.0% |  -14.730 |    -2225.3 |   -37246.2 |   7531 | me.network/data_cmd_channel/genblk7_1__adapter_out.data_o\[4\]$_DFFE_PP_/D
    1105* |       0 |      64 |        0 |      0 |    50 |    +0.0% |  -14.730 |    -2225.3 |   -37246.2 |   7531 | me.network/data_cmd_channel/genblk7_1__adapter_out.data_o\[4\]$_DFFE_PP_/D
    1106* |       0 |      64 |        0 |      0 |    50 |    +0.0% |  -14.730 |    -2225.3 |   -37246.2 |   7531 | me.network/data_cmd_channel/genblk7_1__adapter_out.data_o\[4\]$_DFFE_PP_/D
    1107* |       0 |      64 |        0 |      0 |    50 |    +0.0% |  -14.730 |    -2225.3 |   -37246.2 |   7531 | me.network/data_cmd_channel/genblk7_1__adapter_out.data_o\[4\]$_DFFE_PP_/D
    1108* |       0 |      64 |        0 |      0 |    50 |    +0.0% |  -14.730 |    -2225.3 |   -37246.2 |   7531 | me.network/data_cmd_channel/genblk7_1__adapter_out.data_o\[4\]$_DFFE_PP_/D
    1109* |       0 |      64 |        0 |      0 |    50 |    +0.0% |  -14.730 |    -2225.3 |   -37246.2 |   7531 | me.network/data_cmd_channel/genblk7_1__adapter_out.data_o\[4\]$_DFFE_PP_/D
    1110* |       0 |      64 |        0 |      0 |    50 |    +0.0% |  -14.730 |    -2225.3 |   -37246.2 |   7531 | me.network/data_cmd_channel/genblk7_1__adapter_out.data_o\[4\]$_DFFE_PP_/D
    1110* |       0 |      64 |        0 |      0 |    50 |    +0.0% |  -14.730 |    -2225.3 |   -37246.2 |   7531 | me.network/data_cmd_channel/genblk7_1__adapter_out.data_o\[4\]$_DFFE_PP_/D
    1111* |       0 |      64 |        0 |      0 |    50 |    +0.0% |  -14.730 |    -2225.3 |   -37246.2 |   7531 | me.network/data_cmd_channel/genblk7_1__adapter_out.data_o\[4\]$_DFFE_PP_/D
    1112* |       0 |      64 |        0 |      0 |    50 |    +0.0% |  -14.730 |    -2225.3 |   -37246.2 |   7531 | me.network/data_cmd_channel/genblk7_1__adapter_out.data_o\[4\]$_DFFE_PP_/D
    1113* |       0 |      64 |        0 |      0 |    50 |    +0.0% |  -14.730 |    -2225.3 |   -37246.2 |   7531 | me.network/data_cmd_channel/genblk7_1__adapter_out.data_o\[4\]$_DFFE_PP_/D
    1114* |       0 |      64 |        0 |      0 |    50 |    +0.0% |  -14.730 |    -2225.3 |   -37246.2 |   7531 | me.network/data_cmd_channel/genblk7_1__adapter_out.data_o\[4\]$_DFFE_PP_/D
    1115* |       0 |      64 |        0 |      0 |    50 |    +0.0% |  -14.730 |    -2225.3 |   -37246.2 |   7531 | me.network/data_cmd_channel/genblk7_1__adapter_out.data_o\[4\]$_DFFE_PP_/D
    1116* |       0 |      64 |        0 |      0 |    50 |    +0.0% |  -14.730 |    -2225.3 |   -37246.2 |   7531 | me.network/data_cmd_channel/genblk7_1__adapter_out.data_o\[4\]$_DFFE_PP_/D
    1117* |       0 |      64 |        0 |      0 |    50 |    +0.0% |  -14.730 |    -2225.3 |   -37246.2 |   7531 | me.network/data_cmd_channel/genblk7_1__adapter_out.data_o\[4\]$_DFFE_PP_/D
    1118* |       0 |      64 |        0 |      0 |    50 |    +0.0% |  -14.730 |    -2225.3 |   -37246.2 |   7531 | me.network/data_cmd_channel/genblk7_1__adapter_out.data_o\[4\]$_DFFE_PP_/D
    1119* |       0 |      64 |        0 |      0 |    50 |    +0.0% |  -14.730 |    -2225.3 |   -37246.2 |   7531 | me.network/data_cmd_channel/genblk7_1__adapter_out.data_o\[4\]$_DFFE_PP_/D
    1120* |       0 |      64 |        0 |      0 |    50 |    +0.0% |  -14.730 |    -2225.3 |   -37246.2 |   7531 | me.network/data_cmd_channel/genblk7_1__adapter_out.data_o\[4\]$_DFFE_PP_/D
    1120* |       0 |      64 |        0 |      0 |    50 |    +0.0% |  -14.730 |    -2225.3 |   -37246.2 |   7531 | me.network/data_cmd_channel/genblk7_1__adapter_out.data_o\[4\]$_DFFE_PP_/D
    1121* |       0 |      64 |        0 |      0 |    50 |    +0.0% |  -14.730 |    -2225.3 |   -37246.2 |   7531 | me.network/data_cmd_channel/genblk7_1__adapter_out.data_o\[4\]$_DFFE_PP_/D
    1122* |       0 |      64 |        0 |      0 |    50 |    +0.0% |  -14.730 |    -2225.3 |   -37246.2 |   7531 | me.network/data_cmd_channel/genblk7_1__adapter_out.data_o\[4\]$_DFFE_PP_/D
    1123* |       0 |      64 |        0 |      0 |    50 |    +0.0% |  -14.730 |    -2225.3 |   -37246.2 |   7531 | me.network/data_cmd_channel/genblk7_1__adapter_out.data_o\[4\]$_DFFE_PP_/D
    1124* |       0 |      64 |        0 |      0 |    50 |    +0.0% |  -14.730 |    -2225.3 |   -37246.2 |   7531 | me.network/data_cmd_channel/genblk7_1__adapter_out.data_o\[4\]$_DFFE_PP_/D
    1125* |       0 |      64 |        0 |      0 |    50 |    +0.0% |  -14.730 |    -2225.3 |   -37246.2 |   7531 | me.network/data_cmd_channel/genblk7_1__adapter_out.data_o\[4\]$_DFFE_PP_/D
    1126* |       0 |      64 |        0 |      0 |    50 |    +0.0% |  -14.730 |    -2225.3 |   -37246.2 |   7531 | me.network/data_cmd_channel/genblk7_1__adapter_out.data_o\[4\]$_DFFE_PP_/D
    1127* |       0 |      64 |        0 |      0 |    50 |    +0.0% |  -14.730 |    -2225.3 |   -37246.2 |   7531 | me.network/data_cmd_channel/genblk7_1__adapter_out.data_o\[4\]$_DFFE_PP_/D
    1128* |       0 |      64 |        0 |      0 |    50 |    +0.0% |  -14.730 |    -2225.3 |   -37246.2 |   7531 | me.network/data_cmd_channel/genblk7_1__adapter_out.data_o\[4\]$_DFFE_PP_/D
    1129* |       0 |      64 |        0 |      0 |    50 |    +0.0% |  -14.730 |    -2225.3 |   -37246.2 |   7531 | me.network/data_cmd_channel/genblk7_1__adapter_out.data_o\[4\]$_DFFE_PP_/D
    1130* |       0 |      64 |        0 |      0 |    50 |    +0.0% |  -14.730 |    -2225.3 |   -37246.2 |   7531 | me.network/data_cmd_channel/genblk7_1__adapter_out.data_o\[4\]$_DFFE_PP_/D
    1130* |       0 |      64 |        0 |      0 |    50 |    +0.0% |  -14.730 |    -2225.3 |   -37246.2 |   7531 | me.network/data_cmd_channel/genblk7_1__adapter_out.data_o\[4\]$_DFFE_PP_/D
    1131* |       0 |      64 |        0 |      0 |    50 |    +0.0% |  -14.730 |    -2225.3 |   -37246.2 |   7531 | me.network/data_cmd_channel/genblk7_1__adapter_out.data_o\[4\]$_DFFE_PP_/D
    1132* |       0 |      64 |        0 |      0 |    50 |    +0.0% |  -14.730 |    -2225.3 |   -37246.2 |   7531 | me.network/data_cmd_channel/genblk7_1__adapter_out.data_o\[4\]$_DFFE_PP_/D
    1133* |       0 |      64 |        0 |      0 |    50 |    +0.0% |  -14.730 |    -2225.3 |   -37246.2 |   7531 | me.network/data_cmd_channel/genblk7_1__adapter_out.data_o\[4\]$_DFFE_PP_/D
    1134* |       0 |      64 |        0 |      0 |    50 |    +0.0% |  -14.730 |    -2225.3 |   -37246.2 |   7531 | me.network/data_cmd_channel/genblk7_1__adapter_out.data_o\[4\]$_DFFE_PP_/D
    1135* |       0 |      64 |        0 |      0 |    50 |    +0.0% |  -14.730 |    -2225.3 |   -37246.2 |   7531 | me.network/data_cmd_channel/genblk7_1__adapter_out.data_o\[4\]$_DFFE_PP_/D
    1136* |       0 |      64 |        0 |      0 |    50 |    +0.0% |  -14.730 |    -2225.3 |   -37246.2 |   7531 | me.network/data_cmd_channel/genblk7_1__adapter_out.data_o\[4\]$_DFFE_PP_/D
    1137* |       0 |      64 |        0 |      0 |    50 |    +0.0% |  -14.730 |    -2225.3 |   -37246.2 |   7531 | me.network/data_cmd_channel/genblk7_1__adapter_out.data_o\[4\]$_DFFE_PP_/D
    1138* |       0 |      64 |        0 |      0 |    50 |    +0.0% |  -14.730 |    -2225.3 |   -37246.2 |   7531 | me.network/data_cmd_channel/genblk7_1__adapter_out.data_o\[4\]$_DFFE_PP_/D
    1139* |       0 |      64 |        0 |      0 |    50 |    +0.0% |  -14.730 |    -2225.3 |   -37246.2 |   7531 | me.network/data_cmd_channel/genblk7_1__adapter_out.data_o\[4\]$_DFFE_PP_/D
    1140* |       0 |      64 |        0 |      0 |    50 |    +0.0% |  -14.730 |    -2225.3 |   -37246.2 |   7531 | me.network/data_cmd_channel/genblk7_1__adapter_out.data_o\[4\]$_DFFE_PP_/D
    1140* |       0 |      64 |        0 |      0 |    50 |    +0.0% |  -14.730 |    -2225.3 |   -37246.2 |   7531 | me.network/data_cmd_channel/genblk7_1__adapter_out.data_o\[4\]$_DFFE_PP_/D
    1141* |       0 |      64 |        0 |      0 |    50 |    +0.0% |  -14.730 |    -2225.3 |   -37246.2 |   7531 | me.network/data_cmd_channel/genblk7_1__adapter_out.data_o\[4\]$_DFFE_PP_/D
    1142* |       0 |      64 |        0 |      0 |    50 |    +0.0% |  -14.730 |    -2225.3 |   -37246.2 |   7531 | me.network/data_cmd_channel/genblk7_1__adapter_out.data_o\[4\]$_DFFE_PP_/D
    1143* |       0 |      64 |        0 |      0 |    50 |    +0.0% |  -14.730 |    -2225.3 |   -37246.2 |   7531 | me.network/data_cmd_channel/genblk7_1__adapter_out.data_o\[4\]$_DFFE_PP_/D
    1144* |       0 |      64 |        0 |      0 |    50 |    +0.0% |  -14.730 |    -2225.3 |   -37246.2 |   7531 | me.network/data_cmd_channel/genblk7_1__adapter_out.data_o\[4\]$_DFFE_PP_/D
    1145* |       0 |      64 |        0 |      0 |    50 |    +0.0% |  -14.730 |    -2225.3 |   -37246.2 |   7531 | me.network/data_cmd_channel/genblk7_1__adapter_out.data_o\[4\]$_DFFE_PP_/D
    1146* |       0 |      64 |        0 |      0 |    50 |    +0.0% |  -14.730 |    -2225.3 |   -37246.2 |   7531 | me.network/data_cmd_channel/genblk7_1__adapter_out.data_o\[4\]$_DFFE_PP_/D
    1147* |       0 |      64 |        0 |      0 |    50 |    +0.0% |  -14.730 |    -2225.3 |   -37246.2 |   7531 | me.network/data_cmd_channel/genblk7_1__adapter_out.data_o\[4\]$_DFFE_PP_/D
    1148* |       0 |      64 |        0 |      0 |    50 |    +0.0% |  -14.730 |    -2225.3 |   -37246.2 |   7531 | me.network/data_cmd_channel/genblk7_1__adapter_out.data_o\[4\]$_DFFE_PP_/D
    1149* |       0 |      64 |        0 |      0 |    50 |    +0.0% |  -14.730 |    -2225.3 |   -37246.2 |   7531 | me.network/data_cmd_channel/genblk7_1__adapter_out.data_o\[4\]$_DFFE_PP_/D
    1150* |       0 |      64 |        0 |      0 |    50 |    +0.0% |  -14.730 |    -2225.3 |   -37246.2 |   7531 | me.network/data_cmd_channel/genblk7_1__adapter_out.data_o\[4\]$_DFFE_PP_/D
    1150* |       0 |      64 |        0 |      0 |    50 |    +0.0% |  -14.730 |    -2225.3 |   -37246.2 |   7531 | me.network/data_cmd_channel/genblk7_1__adapter_out.data_o\[4\]$_DFFE_PP_/D
    1151* |       0 |      64 |        0 |      0 |    50 |    +0.0% |  -14.730 |    -2225.3 |   -37246.2 |   7531 | me.network/data_cmd_channel/genblk7_1__adapter_out.data_o\[4\]$_DFFE_PP_/D
    1152* |       0 |      64 |        0 |      0 |    50 |    +0.0% |  -14.730 |    -2225.3 |   -37246.2 |   7531 | me.network/data_cmd_channel/genblk7_1__adapter_out.data_o\[4\]$_DFFE_PP_/D
    1153* |       0 |      64 |        0 |      0 |    50 |    +0.0% |  -14.730 |    -2225.3 |   -37246.2 |   7531 | me.network/data_cmd_channel/genblk7_1__adapter_out.data_o\[4\]$_DFFE_PP_/D
    1154* |       0 |      64 |        0 |      0 |    50 |    +0.0% |  -14.730 |    -2225.3 |   -37246.2 |   7531 | me.network/data_cmd_channel/genblk7_1__adapter_out.data_o\[4\]$_DFFE_PP_/D
    1155* |       0 |      64 |        0 |      0 |    50 |    +0.0% |  -14.730 |    -2225.3 |   -37246.2 |   7531 | me.network/data_cmd_channel/genblk7_1__adapter_out.data_o\[4\]$_DFFE_PP_/D
    1156* |       0 |      64 |        0 |      0 |    50 |    +0.0% |  -14.730 |    -2225.3 |   -37246.2 |   7531 | me.network/data_cmd_channel/genblk7_1__adapter_out.data_o\[4\]$_DFFE_PP_/D
    1157* |       0 |      64 |        0 |      0 |    50 |    +0.0% |  -14.730 |    -2225.3 |   -37246.2 |   7531 | me.network/data_cmd_channel/genblk7_1__adapter_out.data_o\[4\]$_DFFE_PP_/D
    1158* |       0 |      64 |        0 |      0 |    50 |    +0.0% |  -14.730 |    -2225.3 |   -37246.2 |   7531 | me.network/data_cmd_channel/genblk7_1__adapter_out.data_o\[4\]$_DFFE_PP_/D
    1159* |       0 |      64 |        0 |      0 |    50 |    +0.0% |  -14.730 |    -2225.3 |   -37246.2 |   7531 | me.network/data_cmd_channel/genblk7_1__adapter_out.data_o\[4\]$_DFFE_PP_/D
    1160* |       0 |      64 |        0 |      0 |    50 |    +0.0% |  -14.730 |    -2225.3 |   -37246.2 |   7531 | me.network/data_cmd_channel/genblk7_1__adapter_out.data_o\[4\]$_DFFE_PP_/D
    1160* |       0 |      64 |        0 |      0 |    50 |    +0.0% |  -14.730 |    -2225.3 |   -37246.2 |   7531 | me.network/data_cmd_channel/genblk7_1__adapter_out.data_o\[4\]$_DFFE_PP_/D
    1161* |       0 |      64 |        0 |      0 |    50 |    +0.0% |  -14.730 |    -2225.3 |   -37246.2 |   7531 | me.network/data_cmd_channel/genblk7_1__adapter_out.data_o\[4\]$_DFFE_PP_/D
    1162* |       0 |      64 |        0 |      0 |    50 |    +0.0% |  -14.730 |    -2225.3 |   -37246.2 |   7531 | me.network/data_cmd_channel/genblk7_1__adapter_out.data_o\[4\]$_DFFE_PP_/D
    1163* |       0 |      64 |        0 |      0 |    50 |    +0.0% |  -14.730 |    -2225.3 |   -37246.2 |   7531 | me.network/data_cmd_channel/genblk7_1__adapter_out.data_o\[4\]$_DFFE_PP_/D
    1164* |       0 |      64 |        0 |      0 |    50 |    +0.0% |  -14.730 |    -2225.3 |   -37246.2 |   7531 | me.network/data_cmd_channel/genblk7_1__adapter_out.data_o\[4\]$_DFFE_PP_/D
    1165* |       0 |      64 |        0 |      0 |    50 |    +0.0% |  -14.730 |    -2225.3 |   -37246.2 |   7531 | me.network/data_cmd_channel/genblk7_1__adapter_out.data_o\[4\]$_DFFE_PP_/D
    1166* |       0 |      64 |        0 |      0 |    50 |    +0.0% |  -14.730 |    -2225.3 |   -37246.2 |   7531 | me.network/data_cmd_channel/genblk7_1__adapter_out.data_o\[4\]$_DFFE_PP_/D
    1167* |       0 |      64 |        0 |      0 |    50 |    +0.0% |  -14.730 |    -2225.3 |   -37246.2 |   7531 | me.network/data_cmd_channel/genblk7_1__adapter_out.data_o\[4\]$_DFFE_PP_/D
    1168* |       0 |      64 |        0 |      0 |    50 |    +0.0% |  -14.730 |    -2225.3 |   -37246.2 |   7531 | me.network/data_cmd_channel/genblk7_1__adapter_out.data_o\[4\]$_DFFE_PP_/D
    1169* |       0 |      64 |        0 |      0 |    50 |    +0.0% |  -14.730 |    -2225.3 |   -37246.2 |   7531 | me.network/data_cmd_channel/genblk7_1__adapter_out.data_o\[4\]$_DFFE_PP_/D
    1170* |       0 |      64 |        0 |      0 |    50 |    +0.0% |  -14.730 |    -2225.3 |   -37246.2 |   7531 | me.network/data_cmd_channel/genblk7_1__adapter_out.data_o\[4\]$_DFFE_PP_/D
    1170* |       0 |      64 |        0 |      0 |    50 |    +0.0% |  -14.730 |    -2225.3 |   -37246.2 |   7531 | me.network/data_cmd_channel/genblk7_1__adapter_out.data_o\[4\]$_DFFE_PP_/D
    1171* |       0 |      64 |        0 |      0 |    50 |    +0.0% |  -14.730 |    -2225.3 |   -37246.2 |   7531 | me.network/data_cmd_channel/genblk7_1__adapter_out.data_o\[4\]$_DFFE_PP_/D
    1172* |       0 |      64 |        0 |      0 |    50 |    +0.0% |  -14.730 |    -2225.3 |   -37246.2 |   7531 | me.network/data_cmd_channel/genblk7_1__adapter_out.data_o\[4\]$_DFFE_PP_/D
    1173* |       0 |      64 |        0 |      0 |    50 |    +0.0% |  -14.730 |    -2225.3 |   -37246.2 |   7531 | me.network/data_cmd_channel/genblk7_1__adapter_out.data_o\[4\]$_DFFE_PP_/D
    1174* |       0 |      64 |        0 |      0 |    50 |    +0.0% |  -14.730 |    -2225.3 |   -37246.2 |   7531 | me.network/data_cmd_channel/genblk7_1__adapter_out.data_o\[4\]$_DFFE_PP_/D
    1175* |       0 |      64 |        0 |      0 |    50 |    +0.0% |  -14.730 |    -2225.3 |   -37246.2 |   7531 | me.network/data_cmd_channel/genblk7_1__adapter_out.data_o\[4\]$_DFFE_PP_/D
    1176* |       0 |      64 |        0 |      0 |    50 |    +0.0% |  -14.730 |    -2225.3 |   -37246.2 |   7531 | me.network/data_cmd_channel/genblk7_1__adapter_out.data_o\[4\]$_DFFE_PP_/D
    1177* |       0 |      64 |        0 |      0 |    50 |    +0.0% |  -14.730 |    -2225.3 |   -37246.2 |   7531 | me.network/data_cmd_channel/genblk7_1__adapter_out.data_o\[4\]$_DFFE_PP_/D
    1178* |       0 |      64 |        0 |      0 |    50 |    +0.0% |  -14.730 |    -2225.3 |   -37246.2 |   7531 | me.network/data_cmd_channel/genblk7_1__adapter_out.data_o\[4\]$_DFFE_PP_/D
    1179* |       0 |      64 |        0 |      0 |    50 |    +0.0% |  -14.730 |    -2225.3 |   -37246.2 |   7531 | me.network/data_cmd_channel/genblk7_1__adapter_out.data_o\[4\]$_DFFE_PP_/D
    1180* |       0 |      64 |        0 |      0 |    50 |    +0.0% |  -14.730 |    -2225.3 |   -37246.2 |   7531 | me.network/data_cmd_channel/genblk7_1__adapter_out.data_o\[4\]$_DFFE_PP_/D
    1180* |       0 |      64 |        0 |      0 |    50 |    +0.0% |  -14.730 |    -2225.3 |   -37246.2 |   7531 | me.network/data_cmd_channel/genblk7_1__adapter_out.data_o\[4\]$_DFFE_PP_/D
    1181* |       0 |      64 |        0 |      0 |    50 |    +0.0% |  -14.730 |    -2225.3 |   -37246.2 |   7531 | me.network/data_cmd_channel/genblk7_1__adapter_out.data_o\[4\]$_DFFE_PP_/D
    1182* |       0 |      64 |        0 |      0 |    50 |    +0.0% |  -14.730 |    -2225.3 |   -37246.2 |   7531 | me.network/data_cmd_channel/genblk7_1__adapter_out.data_o\[4\]$_DFFE_PP_/D
    1183* |       0 |      64 |        0 |      0 |    50 |    +0.0% |  -14.730 |    -2225.3 |   -37246.2 |   7531 | me.network/data_cmd_channel/genblk7_1__adapter_out.data_o\[4\]$_DFFE_PP_/D
    1184* |       0 |      64 |        0 |      0 |    50 |    +0.0% |  -14.730 |    -2225.3 |   -37246.2 |   7531 | me.network/data_cmd_channel/genblk7_1__adapter_out.data_o\[4\]$_DFFE_PP_/D
    1185* |       0 |      64 |        0 |      0 |    50 |    +0.0% |  -14.730 |    -2225.3 |   -37246.2 |   7531 | me.network/data_cmd_channel/genblk7_1__adapter_out.data_o\[4\]$_DFFE_PP_/D
    1186* |       0 |      64 |        0 |      0 |    50 |    +0.0% |  -14.730 |    -2225.3 |   -37246.2 |   7531 | me.network/data_cmd_channel/genblk7_1__adapter_out.data_o\[4\]$_DFFE_PP_/D
    1187* |       0 |      64 |        0 |      0 |    50 |    +0.0% |  -14.730 |    -2225.3 |   -37246.2 |   7531 | me.network/data_cmd_channel/genblk7_1__adapter_out.data_o\[4\]$_DFFE_PP_/D
    1188* |       0 |      64 |        0 |      0 |    50 |    +0.0% |  -14.730 |    -2225.3 |   -37246.2 |   7531 | me.network/data_cmd_channel/genblk7_1__adapter_out.data_o\[4\]$_DFFE_PP_/D
    1189* |       0 |      64 |        0 |      0 |    50 |    +0.0% |  -14.730 |    -2225.3 |   -37246.2 |   7531 | me.network/data_cmd_channel/genblk7_1__adapter_out.data_o\[4\]$_DFFE_PP_/D
    1190* |       0 |      64 |        0 |      0 |    50 |    +0.0% |  -14.730 |    -2225.3 |   -37246.2 |   7531 | me.network/data_cmd_channel/genblk7_1__adapter_out.data_o\[4\]$_DFFE_PP_/D
    1190* |       0 |      64 |        0 |      0 |    50 |    +0.0% |  -14.730 |    -2225.3 |   -37246.2 |   7531 | me.network/data_cmd_channel/genblk7_1__adapter_out.data_o\[4\]$_DFFE_PP_/D
    1191* |       0 |      64 |        0 |      0 |    50 |    +0.0% |  -14.730 |    -2225.3 |   -37246.2 |   7531 | me.network/data_cmd_channel/genblk7_1__adapter_out.data_o\[4\]$_DFFE_PP_/D
    1192* |       0 |      64 |        0 |      0 |    50 |    +0.0% |  -14.730 |    -2225.3 |   -37246.2 |   7531 | me.network/data_cmd_channel/genblk7_1__adapter_out.data_o\[4\]$_DFFE_PP_/D
    1193* |       0 |      64 |        0 |      0 |    50 |    +0.0% |  -14.730 |    -2225.3 |   -37246.2 |   7531 | me.network/data_cmd_channel/genblk7_1__adapter_out.data_o\[4\]$_DFFE_PP_/D
    1194* |       0 |      64 |        0 |      0 |    50 |    +0.0% |  -14.730 |    -2225.3 |   -37246.2 |   7531 | me.network/data_cmd_channel/genblk7_1__adapter_out.data_o\[4\]$_DFFE_PP_/D
    1195* |       0 |      64 |        0 |      0 |    50 |    +0.0% |  -14.730 |    -2225.3 |   -37246.2 |   7531 | me.network/data_cmd_channel/genblk7_1__adapter_out.data_o\[4\]$_DFFE_PP_/D
    1196* |       0 |      64 |        0 |      0 |    50 |    +0.0% |  -14.730 |    -2225.3 |   -37246.2 |   7531 | me.network/data_cmd_channel/genblk7_1__adapter_out.data_o\[4\]$_DFFE_PP_/D
    1197* |       0 |      64 |        0 |      0 |    50 |    +0.0% |  -14.730 |    -2225.3 |   -37246.2 |   7531 | me.network/data_cmd_channel/genblk7_1__adapter_out.data_o\[4\]$_DFFE_PP_/D
    1198* |       0 |      64 |        0 |      0 |    50 |    +0.0% |  -14.730 |    -2225.3 |   -37246.2 |   7531 | me.network/data_cmd_channel/genblk7_1__adapter_out.data_o\[4\]$_DFFE_PP_/D
    1199* |       0 |      64 |        0 |      0 |    50 |    +0.0% |  -14.730 |    -2225.3 |   -37246.2 |   7531 | me.network/data_cmd_channel/genblk7_1__adapter_out.data_o\[4\]$_DFFE_PP_/D
    1200* |       0 |      64 |        0 |      0 |    50 |    +0.0% |  -14.730 |    -2225.3 |   -37246.2 |   7531 | me.network/data_cmd_channel/genblk7_1__adapter_out.data_o\[4\]$_DFFE_PP_/D
    1200* |       0 |      64 |        0 |      0 |    50 |    +0.0% |  -14.730 |    -2225.3 |   -37246.2 |   7531 | me.network/data_cmd_channel/genblk7_1__adapter_out.data_o\[4\]$_DFFE_PP_/D
    1200* |       0 |      64 |        0 |      0 |    50 |    +0.0% |  -14.730 |    -2225.3 |   -37246.2 |   7531 | me.network/data_cmd_channel/genblk7_1__adapter_out.data_o\[4\]$_DFFE_PP_/D
    final |       0 |      64 |        0 |      0 |    50 |    +0.0% |  -14.730 |    -2225.3 |   -37246.2 |   6887 | me.network/data_cmd_channel/genblk7_1__adapter_out.data_o\[4\]$_DFFE_PP_/D
------------------------------------------------------------------------------------------------------------------------------
[INFO RSZ-0051] Resized 64 instances: 64 up, 0 up match, 0 down, 0 VT
[INFO RSZ-0043] Swapped pins on 50 instances.
[WARNING RSZ-0062] Unable to repair all setup violations.
[INFO RSZ-0505] Runtime: 135.05s
Took 135 seconds: repair_timing -setup_margin 0 -hold_margin 0 -repair_tns 100 -skip_gate_cloning -setup -skip_last_gasp -sequence unbuffer,sizeup,swap,vt_swap -verbose
Default units for flow
 time 1ns
 capacitance 1fF
 resistance 1kohm
 voltage 1v
 current 1mA
 power 1nW
 distance 1um
   Layer   | Unit Resistance | Unit Capacitance 
           |       (kohm/um) |          (fF/um)
------------------------------------------------
    metal1 |        5.43e-03 |         7.42e-02
    metal2 |        3.57e-03 |         8.34e-02
    metal3 |        3.57e-03 |         1.04e-01
    metal4 |        1.50e-03 |         1.19e-01
    metal5 |        1.50e-03 |         1.09e-01
    metal6 |        1.50e-03 |         1.14e-01
    metal7 |        1.88e-04 |         1.17e-01
    metal8 |        1.88e-04 |         9.45e-02
    metal9 |        3.75e-05 |         1.06e-01
   metal10 |        3.75e-05 |         7.37e-01
------------------------------------------------

   Layer   | Via Resistance 
           |         (kohm) 
----------------------------
      via1 |       5.00e-03 
      via2 |       5.00e-03 
      via3 |       5.00e-03 
      via4 |       3.00e-03 
      via5 |       3.00e-03 
      via6 |       3.00e-03 
      via7 |       1.00e-03 
      via8 |       1.00e-03 
      via9 |       5.00e-04 
----------------------------
Report metrics stage 2, floorplan final...

==========================================================================
floorplan final report_design_area
--------------------------------------------------------------------------
Design area 491755 um^2 42% utilization.
source /OpenROAD-flow-scripts/flow/designs/nangate45/bp_multi_top/io.tcl
write_db /tmp/workspace/scripts-Private_test-fr_cugr_cmp-1-/results/nangate45/bp_multi/base/2_1_floorplan.odb
write_sdc -no_timestamp /tmp/workspace/scripts-Private_test-fr_cugr_cmp-1-/results/nangate45/bp_multi/base/2_1_floorplan.sdc
Elapsed time: 2:31.56[h:]min:sec. CPU time: user 173.72 sys 45.69 (144%). Peak memory: 511048KB.
Log                       Ext     Elapsed/s Peak Memory/MB sha1sum result [0:20)
2_1_floorplan             .odb          151            499 f7459491e1e98bc1d10f
2_1_floorplan             .sdc                             0836dcd3276c431e40c6
