rm -f /tmp/workspace/scripts-Private_test-fr_cugr_cmp-1-/results/ihp-sg13g2/spi/base/1_* /tmp/workspace/scripts-Private_test-fr_cugr_cmp-1-/results/ihp-sg13g2/spi/base/mem*.json
rm -rf /tmp/workspace/scripts-Private_test-fr_cugr_cmp-1-/results/ihp-sg13g2/spi/base/memories
rm -f /tmp/workspace/scripts-Private_test-fr_cugr_cmp-1-/reports/ihp-sg13g2/spi/base/synth_*
rm -f /tmp/workspace/scripts-Private_test-fr_cugr_cmp-1-/logs/ihp-sg13g2/spi/base/1_*
rm -f 
rm -f /tmp/workspace/scripts-Private_test-fr_cugr_cmp-1-/results/ihp-sg13g2/spi/base/clock_period.txt
rm -f /tmp/workspace/scripts-Private_test-fr_cugr_cmp-1-/results/ihp-sg13g2/spi/base/2_*floorplan*.odb /tmp/workspace/scripts-Private_test-fr_cugr_cmp-1-/results/ihp-sg13g2/spi/base/2_floorplan.sdc /tmp/workspace/scripts-Private_test-fr_cugr_cmp-1-/results/ihp-sg13g2/spi/base/2_*.v /tmp/workspace/scripts-Private_test-fr_cugr_cmp-1-/results/ihp-sg13g2/spi/base/2_*.def
rm -f /tmp/workspace/scripts-Private_test-fr_cugr_cmp-1-/reports/ihp-sg13g2/spi/base/2_*
rm -f /tmp/workspace/scripts-Private_test-fr_cugr_cmp-1-/logs/ihp-sg13g2/spi/base/2_*
rm -f /tmp/workspace/scripts-Private_test-fr_cugr_cmp-1-/results/ihp-sg13g2/spi/base/3_*place*.odb
rm -f /tmp/workspace/scripts-Private_test-fr_cugr_cmp-1-/results/ihp-sg13g2/spi/base/3_place.sdc
rm -f /tmp/workspace/scripts-Private_test-fr_cugr_cmp-1-/results/ihp-sg13g2/spi/base/3_*.def /tmp/workspace/scripts-Private_test-fr_cugr_cmp-1-/results/ihp-sg13g2/spi/base/3_*.v
rm -f /tmp/workspace/scripts-Private_test-fr_cugr_cmp-1-/reports/ihp-sg13g2/spi/base/3_*
rm -f /tmp/workspace/scripts-Private_test-fr_cugr_cmp-1-/logs/ihp-sg13g2/spi/base/3_*
rm -rf /tmp/workspace/scripts-Private_test-fr_cugr_cmp-1-/results/ihp-sg13g2/spi/base/4_*cts*.odb /tmp/workspace/scripts-Private_test-fr_cugr_cmp-1-/results/ihp-sg13g2/spi/base/4_cts.sdc /tmp/workspace/scripts-Private_test-fr_cugr_cmp-1-/results/ihp-sg13g2/spi/base/4_*.v /tmp/workspace/scripts-Private_test-fr_cugr_cmp-1-/results/ihp-sg13g2/spi/base/4_*.def
rm -f  /tmp/workspace/scripts-Private_test-fr_cugr_cmp-1-/reports/ihp-sg13g2/spi/base/4_*
rm -rf /tmp/workspace/scripts-Private_test-fr_cugr_cmp-1-/logs/ihp-sg13g2/spi/base/4_*
rm -rf /tmp/workspace/scripts-Private_test-fr_cugr_cmp-1-/results/ihp-sg13g2/spi/base/route.guide /tmp/workspace/scripts-Private_test-fr_cugr_cmp-1-/results/ihp-sg13g2/spi/base/output_guide.mod /tmp/workspace/scripts-Private_test-fr_cugr_cmp-1-/results/ihp-sg13g2/spi/base/updated_clks.sdc
rm -rf /tmp/workspace/scripts-Private_test-fr_cugr_cmp-1-/results/ihp-sg13g2/spi/base/5_*.odb /tmp/workspace/scripts-Private_test-fr_cugr_cmp-1-/results/ihp-sg13g2/spi/base/5_route.sdc /tmp/workspace/scripts-Private_test-fr_cugr_cmp-1-/results/ihp-sg13g2/spi/base/5_*.def /tmp/workspace/scripts-Private_test-fr_cugr_cmp-1-/results/ihp-sg13g2/spi/base/5_*.v
rm -f  /tmp/workspace/scripts-Private_test-fr_cugr_cmp-1-/reports/ihp-sg13g2/spi/base/5_*
rm -f  /tmp/workspace/scripts-Private_test-fr_cugr_cmp-1-/logs/ihp-sg13g2/spi/base/5_*
rm -rf /tmp/workspace/scripts-Private_test-fr_cugr_cmp-1-/results/ihp-sg13g2/spi/base/6_*.gds /tmp/workspace/scripts-Private_test-fr_cugr_cmp-1-/results/ihp-sg13g2/spi/base/6_*.oas /tmp/workspace/scripts-Private_test-fr_cugr_cmp-1-/results/ihp-sg13g2/spi/base/6_*.odb /tmp/workspace/scripts-Private_test-fr_cugr_cmp-1-/results/ihp-sg13g2/spi/base/6_*.v /tmp/workspace/scripts-Private_test-fr_cugr_cmp-1-/results/ihp-sg13g2/spi/base/6_*.def /tmp/workspace/scripts-Private_test-fr_cugr_cmp-1-/results/ihp-sg13g2/spi/base/6_*.sdc /tmp/workspace/scripts-Private_test-fr_cugr_cmp-1-/results/ihp-sg13g2/spi/base/6_*.spef
rm -rf /tmp/workspace/scripts-Private_test-fr_cugr_cmp-1-/reports/ihp-sg13g2/spi/base/6_*.rpt
rm -f  /tmp/workspace/scripts-Private_test-fr_cugr_cmp-1-/logs/ihp-sg13g2/spi/base/6_*
rm -f /tmp/workspace/scripts-Private_test-fr_cugr_cmp-1-/reports/ihp-sg13g2/spi/base/design-dir.txt
rm -f /tmp/workspace/scripts-Private_test-fr_cugr_cmp-1-/reports/ihp-sg13g2/spi/base/metadata*.*
rm -f /tmp/workspace/scripts-Private_test-fr_cugr_cmp-1-/results/ihp-sg13g2/spi/base/spi.lib /tmp/workspace/scripts-Private_test-fr_cugr_cmp-1-/results/ihp-sg13g2/spi/base/spi.lef
rm -rf /tmp/workspace/scripts-Private_test-fr_cugr_cmp-1-/objects/ihp-sg13g2/spi/base
make: Nothing to be done for 'clean_metadata'.
mkdir -p /tmp/workspace/scripts-Private_test-fr_cugr_cmp-1-/results/ihp-sg13g2/spi/base/
echo 1000 > /tmp/workspace/scripts-Private_test-fr_cugr_cmp-1-/results/ihp-sg13g2/spi/base/clock_period.txt
/OpenROAD-flow-scripts/flow/scripts/synth.sh /OpenROAD-flow-scripts/flow/scripts/synth_canonicalize.tcl /tmp/workspace/scripts-Private_test-fr_cugr_cmp-1-/logs/ihp-sg13g2/spi/base/1_1_yosys_canonicalize.log
Using ABC speed script.
Extracting clock period from SDC file: /tmp/workspace/scripts-Private_test-fr_cugr_cmp-1-/results/ihp-sg13g2/spi/base/clock_period.txt
Setting clock period to 1000
1. Executing Liberty frontend: ./platforms/ihp-sg13g2/lib/sg13g2_stdcell_typ_1p20V_25C.lib
2. Executing Liberty frontend: ./platforms/ihp-sg13g2/lib/sg13g2_stdcell_typ_1p20V_25C.lib
3. Executing Verilog-2005 frontend: /OpenROAD-flow-scripts/flow/designs/src/spi/spi.v
4. Executing Verilog-2005 frontend: ./platforms/ihp-sg13g2/cells_clkgate.v
5. Executing HIERARCHY pass (managing design hierarchy).
6. Executing AST frontend in derive mode using pre-parsed AST for module `\spi'.
6.1. Analyzing design hierarchy..
6.2. Analyzing design hierarchy..
7. Executing OPT_CLEAN pass (remove unused cells and wires).
Warning: Ignoring module spi because it contains processes (run 'proc' command first).
8. Executing RTLIL backend.
Warnings: 1 unique messages, 1 total
End of script. Logfile hash: 089cc99569, time: 0.05s, user: 0.03s, system: 0.01s, MEM: 29.73 MB peak
Yosys 0.68+post (git sha1 UNKNOWN, Release, GNU /usr/local/bin/wrapped-cc/g++ 11.4.0)
Time spent: 69% 4x read_liberty (0 sec), 6% 1x opt_clean (0 sec), ...
Elapsed time: 0:00.06[h:]min:sec. CPU time: user 0.04 sys 0.02 (99%). Peak memory: 33520KB.
Log                       Ext     Elapsed/s Peak Memory/MB sha1sum result [0:20)
1_1_yosys_canonicalize    .rtlil          0             32 932c3068d46acd0c052f
/OpenROAD-flow-scripts/flow/scripts/synth.sh /OpenROAD-flow-scripts/flow/scripts/synth.tcl /tmp/workspace/scripts-Private_test-fr_cugr_cmp-1-/logs/ihp-sg13g2/spi/base/1_2_yosys.log
Using ABC speed script.
Extracting clock period from SDC file: /tmp/workspace/scripts-Private_test-fr_cugr_cmp-1-/results/ihp-sg13g2/spi/base/clock_period.txt
Setting clock period to 1000
1. Executing RTLIL frontend.
2. Executing HIERARCHY pass (managing design hierarchy).
2.1. Analyzing design hierarchy..
2.2. Analyzing design hierarchy..
3. Executing SYNTH pass.
3.1. Executing HIERARCHY pass (managing design hierarchy).
3.1.1. Analyzing design hierarchy..
3.1.2. Analyzing design hierarchy..
3.2. Executing PROC pass (convert processes to netlists).
3.2.1. Executing PROC_CLEAN pass (remove empty switches from decision trees).
3.2.2. Executing PROC_RMDEAD pass (remove dead branches from decision trees).
3.2.3. Executing PROC_PRUNE pass (remove redundant assignments in processes).
3.2.4. Executing PROC_INIT pass (extract init attributes).
3.2.5. Executing PROC_ARST pass (detect async resets in processes).
3.2.6. Executing PROC_ROM pass (convert switches to ROMs).
3.2.7. Executing PROC_MUX pass (convert decision trees to multiplexers).
3.2.8. Executing PROC_DLATCH pass (convert process syncs to latches).
3.2.9. Executing PROC_DFF pass (convert process syncs to FFs).
3.2.10. Executing PROC_MEMWR pass (convert process memory writes to cells).
3.2.11. Executing PROC_CLEAN pass (remove empty switches from decision trees).
3.2.12. Executing OPT_EXPR pass (perform const folding).
3.3. Executing CHECK pass (checking for obvious problems).
3.4. Executing FLATTEN pass (flatten design).
3.5. Executing OPT_EXPR pass (perform const folding).
3.6. Executing OPT_CLEAN pass (remove unused cells and wires).
3.7. Executing CHECK pass (checking for obvious problems).
3.8. Executing OPT pass (performing simple optimizations).
3.8.1. Executing OPT_EXPR pass (perform const folding).
3.8.2. Executing OPT_MERGE pass (detect identical cells).
3.8.3. Executing OPT_MUXTREE pass (detect dead branches in mux trees).
3.8.4. Executing OPT_REDUCE pass (consolidate $*mux and $reduce_* inputs).
3.8.5. Executing OPT_MERGE pass (detect identical cells).
3.8.6. Executing OPT_DFF pass (perform DFF optimizations).
3.8.7. Executing OPT_CLEAN pass (remove unused cells and wires).
3.8.8. Executing OPT_EXPR pass (perform const folding).
3.8.9. Rerunning OPT passes. (Maybe there is more to do..)
3.8.10. Executing OPT_MUXTREE pass (detect dead branches in mux trees).
3.8.11. Executing OPT_REDUCE pass (consolidate $*mux and $reduce_* inputs).
3.8.12. Executing OPT_MERGE pass (detect identical cells).
3.8.13. Executing OPT_DFF pass (perform DFF optimizations).
3.8.14. Executing OPT_CLEAN pass (remove unused cells and wires).
3.8.15. Executing OPT_EXPR pass (perform const folding).
3.8.16. Finished fast OPT passes. (There is nothing left to do.)
3.9. Executing FSM pass (extract and optimize FSM).
3.9.1. Executing FSM_DETECT pass (finding FSMs in design).
3.9.2. Executing FSM_EXTRACT pass (extracting FSM from design).
3.9.3. Executing FSM_OPT pass (simple optimizations of FSMs).
3.9.4. Executing OPT_CLEAN pass (remove unused cells and wires).
3.9.5. Executing FSM_OPT pass (simple optimizations of FSMs).
3.9.6. Executing FSM_RECODE pass (re-assigning FSM state encoding).
3.9.7. Executing FSM_INFO pass (dumping all available information on FSM cells).
3.9.8. Executing FSM_MAP pass (mapping FSMs to basic logic).
3.10. Executing OPT pass (performing simple optimizations).
3.10.1. Executing OPT_EXPR pass (perform const folding).
3.10.2. Executing OPT_MERGE pass (detect identical cells).
3.10.3. Executing OPT_MUXTREE pass (detect dead branches in mux trees).
3.10.4. Executing OPT_REDUCE pass (consolidate $*mux and $reduce_* inputs).
3.10.5. Executing OPT_MERGE pass (detect identical cells).
3.10.6. Executing OPT_DFF pass (perform DFF optimizations).
3.10.7. Executing OPT_CLEAN pass (remove unused cells and wires).
3.10.8. Executing OPT_EXPR pass (perform const folding).
3.10.9. Rerunning OPT passes. (Maybe there is more to do..)
3.10.10. Executing OPT_MUXTREE pass (detect dead branches in mux trees).
3.10.11. Executing OPT_REDUCE pass (consolidate $*mux and $reduce_* inputs).
3.10.12. Executing OPT_MERGE pass (detect identical cells).
3.10.13. Executing OPT_DFF pass (perform DFF optimizations).
3.10.14. Executing OPT_CLEAN pass (remove unused cells and wires).
3.10.15. Executing OPT_EXPR pass (perform const folding).
3.10.16. Finished fast OPT passes. (There is nothing left to do.)
3.11. Executing WREDUCE pass (reducing word size of cells).
3.12. Executing PEEPOPT pass (run peephole optimizers).
3.13. Executing OPT_CLEAN pass (remove unused cells and wires).
3.14. Executing ALUMACC pass (create $alu and $macc cells).
3.15. Executing SHARE pass (SAT-based resource sharing).
3.16. Executing OPT pass (performing simple optimizations).
3.16.1. Executing OPT_EXPR pass (perform const folding).
3.16.2. Executing OPT_MERGE pass (detect identical cells).
3.16.3. Executing OPT_MUXTREE pass (detect dead branches in mux trees).
3.16.4. Executing OPT_REDUCE pass (consolidate $*mux and $reduce_* inputs).
3.16.5. Executing OPT_MERGE pass (detect identical cells).
3.16.6. Executing OPT_DFF pass (perform DFF optimizations).
3.16.7. Executing OPT_CLEAN pass (remove unused cells and wires).
3.16.8. Executing OPT_EXPR pass (perform const folding).
3.16.9. Finished fast OPT passes. (There is nothing left to do.)
3.17. Executing MEMORY pass.
3.17.1. Executing OPT_MEM pass (optimize memories).
3.17.2. Executing OPT_MEM_PRIORITY pass (removing unnecessary memory write priority relations).
3.17.3. Executing OPT_MEM_FEEDBACK pass (finding memory read-to-write feedback paths).
3.17.4. Executing MEMORY_BMUX2ROM pass (converting muxes to ROMs).
3.17.5. Executing MEMORY_DFF pass (merging $dff cells to $memrd).
3.17.6. Executing OPT_CLEAN pass (remove unused cells and wires).
3.17.7. Executing MEMORY_SHARE pass (consolidating $memrd/$memwr cells).
3.17.8. Executing OPT_MEM_WIDEN pass (optimize memories where all ports are wide).
3.17.9. Executing OPT_CLEAN pass (remove unused cells and wires).
3.17.10. Executing MEMORY_COLLECT pass (generating $mem cells).
3.18. Executing OPT_CLEAN pass (remove unused cells and wires).
4. Executing TECHMAP pass (map to technology primitives).
4.1. Executing Verilog-2005 frontend: /OpenROAD-flow-scripts/tools/install/yosys/bin/../share/yosys/techmap.v
4.2. Continuing TECHMAP pass.
5. Generating architectural options for $alu
5.1. Executing WRAPCELL pass. (wrap selected cells)
5.2. Executing TECHMAP pass (map to technology primitives).
5.2.1. Executing Verilog-2005 frontend: /OpenROAD-flow-scripts/tools/install/yosys/bin/../share/yosys/techmap.v
5.2.2. Executing Verilog-2005 frontend: /OpenROAD-flow-scripts/tools/install/yosys/bin/../share/yosys/choices/han-carlson.v
5.2.3. Continuing TECHMAP pass.
5.3. Executing TECHMAP pass (map to technology primitives).
5.3.1. Executing Verilog-2005 frontend: /OpenROAD-flow-scripts/tools/install/yosys/bin/../share/yosys/techmap.v
5.3.2. Executing Verilog-2005 frontend: /OpenROAD-flow-scripts/tools/install/yosys/bin/../share/yosys/choices/kogge-stone.v
5.3.3. Continuing TECHMAP pass.
5.4. Executing TECHMAP pass (map to technology primitives).
5.4.1. Executing Verilog-2005 frontend: /OpenROAD-flow-scripts/tools/install/yosys/bin/../share/yosys/techmap.v
5.4.2. Executing Verilog-2005 frontend: /OpenROAD-flow-scripts/tools/install/yosys/bin/../share/yosys/choices/sklansky.v
5.4.3. Continuing TECHMAP pass.
5.5. Executing TECHMAP pass (map to technology primitives).
5.5.1. Executing Verilog-2005 frontend: /OpenROAD-flow-scripts/tools/install/yosys/bin/../share/yosys/techmap.v
5.5.2. Continuing TECHMAP pass.
6. Generating architectural options for $macc
6.1. Executing WRAPCELL pass. (wrap selected cells)
6.2. Executing TECHMAP pass (map to technology primitives).
6.2.1. Executing Verilog-2005 frontend: /OpenROAD-flow-scripts/tools/install/yosys/bin/../share/yosys/techmap.v
6.2.2. Executing Verilog-2005 frontend: /OpenROAD-flow-scripts/flow/scripts/synth_wrap_operators-booth.v
6.2.3. Continuing TECHMAP pass.
6.3. Executing TECHMAP pass (map to technology primitives).
6.3.1. Executing Verilog-2005 frontend: /OpenROAD-flow-scripts/tools/install/yosys/bin/../share/yosys/techmap.v
6.3.2. Executing Verilog-2005 frontend: /OpenROAD-flow-scripts/tools/install/yosys/bin/../share/yosys/choices/han-carlson.v
6.3.3. Continuing TECHMAP pass.
7. Executing OPT pass (performing simple optimizations).
7.1. Executing OPT_EXPR pass (perform const folding).
7.2. Executing OPT_MERGE pass (detect identical cells).
7.3. Executing OPT_DFF pass (perform DFF optimizations).
7.4. Executing OPT_CLEAN pass (remove unused cells and wires).
7.5. Finished fast OPT passes.
8. Executing MEMORY_MAP pass (converting memories to logic and flip-flops).
9. Executing OPT pass (performing simple optimizations).
9.1. Executing OPT_EXPR pass (perform const folding).
9.2. Executing OPT_MERGE pass (detect identical cells).
9.3. Executing OPT_MUXTREE pass (detect dead branches in mux trees).
9.4. Executing OPT_REDUCE pass (consolidate $*mux and $reduce_* inputs).
9.5. Executing OPT_MERGE pass (detect identical cells).
9.6. Executing OPT_SHARE pass.
9.7. Executing OPT_DFF pass (perform DFF optimizations).
9.8. Executing OPT_CLEAN pass (remove unused cells and wires).
9.9. Executing OPT_EXPR pass (perform const folding).
9.10. Finished fast OPT passes. (There is nothing left to do.)
10. Executing TECHMAP pass (map to technology primitives).
10.1. Executing Verilog-2005 frontend: /OpenROAD-flow-scripts/tools/install/yosys/bin/../share/yosys/techmap.v
10.2. Executing Verilog-2005 frontend: /OpenROAD-flow-scripts/tools/install/yosys/bin/../share/yosys/choices/han-carlson.v
10.3. Continuing TECHMAP pass.
Warning: Latch inferred for signal `$paramod\_80_lcu_han_carlson\WIDTH=32'00000000000000000000000000000011.\j [0]' from process `$paramod\_80_lcu_han_carlson\WIDTH=32'00000000000000000000000000000011.$proc$/OpenROAD-flow-scripts/tools/install/yosys/bin/../share/yosys/choices/han-carlson.v:18$1426': $auto$proc_dlatch.cc:545:proc_dlatch$1525
Warning: Latch inferred for signal `$paramod\_80_lcu_han_carlson\WIDTH=32'00000000000000000000000000000011.\j [31:1]' from process `$paramod\_80_lcu_han_carlson\WIDTH=32'00000000000000000000000000000011.$proc$/OpenROAD-flow-scripts/tools/install/yosys/bin/../share/yosys/choices/han-carlson.v:18$1426': $auto$proc_dlatch.cc:547:proc_dlatch$1528
11. Executing OPT pass (performing simple optimizations).
11.1. Executing OPT_EXPR pass (perform const folding).
11.2. Executing OPT_MERGE pass (detect identical cells).
11.3. Executing OPT_MUXTREE pass (detect dead branches in mux trees).
11.4. Executing OPT_REDUCE pass (consolidate $*mux and $reduce_* inputs).
11.5. Executing OPT_MERGE pass (detect identical cells).
11.6. Executing OPT_DFF pass (perform DFF optimizations).
11.7. Executing OPT_CLEAN pass (remove unused cells and wires).
11.8. Executing OPT_EXPR pass (perform const folding).
11.9. Rerunning OPT passes. (Maybe there is more to do..)
11.10. Executing OPT_MUXTREE pass (detect dead branches in mux trees).
11.11. Executing OPT_REDUCE pass (consolidate $*mux and $reduce_* inputs).
11.12. Executing OPT_MERGE pass (detect identical cells).
11.13. Executing OPT_DFF pass (perform DFF optimizations).
11.14. Executing OPT_CLEAN pass (remove unused cells and wires).
11.15. Executing OPT_EXPR pass (perform const folding).
11.16. Finished fast OPT passes. (There is nothing left to do.)
12. Executing DFFLEGALIZE pass (convert FFs to types supported by the target).
13. Executing TECHMAP pass (map to technology primitives).
13.1. Executing Verilog-2005 frontend: ./platforms/ihp-sg13g2/cells_latch.v
13.2. Continuing TECHMAP pass.
14. Executing DFFLIBMAP pass (mapping DFF cells to sequential cells from liberty file).
14.1. Executing DFFLEGALIZE pass (convert FFs to types supported by the target).
15. Executing OPT pass (performing simple optimizations).
15.1. Executing OPT_EXPR pass (perform const folding).
15.2. Executing OPT_MERGE pass (detect identical cells).
15.3. Executing OPT_MUXTREE pass (detect dead branches in mux trees).
15.4. Executing OPT_REDUCE pass (consolidate $*mux and $reduce_* inputs).
15.5. Executing OPT_MERGE pass (detect identical cells).
15.6. Executing OPT_DFF pass (perform DFF optimizations).
15.7. Executing OPT_CLEAN pass (remove unused cells and wires).
15.8. Executing OPT_EXPR pass (perform const folding).
15.9. Finished fast OPT passes. (There is nothing left to do.)
16. Executing SETUNDEF pass (replace undef values with defined constants).
abc_new -liberty ./platforms/ihp-sg13g2/lib/sg13g2_stdcell_typ_1p20V_25C.lib -dont_use sg13g2_lgcp_1 -dont_use sg13g2_sighold -dont_use sg13g2_slgcp_1 -dont_use sg13g2_dfrbp_2 -constr /tmp/workspace/scripts-Private_test-fr_cugr_cmp-1-/objects/ihp-sg13g2/spi/base/abc.constr -D 1000
Warning: Feature 'abc_new' is experimental.
17. Executing ABC_NEW pass.
17.1. Executing ABC9_OPS pass (helper functions for ABC9).
17.2. Executing BOX_DERIVE pass. (derive modules for boxes)
17.3. Executing ABC9_OPS pass (helper functions for ABC9).
17.4. Executing ABC9_OPS pass (helper functions for ABC9).
17.5. Mapping module 'spi'.
17.5.1. Executing ABC9_OPS pass (helper functions for ABC9).
Warning: Feature 'write_xaiger2' is experimental.
17.5.2. Executing XAIGER2 backend.
17.5.3. Executing ABC9_EXE pass (technology mapping using ABC9).
17.5.4. Executing ABC9.
Warning: Feature 'read_xaiger2' is experimental.
17.5.5. Executing XAIGER2 frontend.
17.6. Executing ABC9_OPS pass (helper functions for ABC9).
18. Executing SPLITNETS pass (splitting up multi-bit signals).
19. Executing OPT_CLEAN pass (remove unused cells and wires).
20. Executing HILOMAP pass (mapping to constant drivers).
21. Executing INSBUF pass (insert buffer cells for connected wires).
22. Executing CHECK pass (checking for obvious problems).
23. Printing statistics.
24. Executing CHECK pass (checking for obvious problems).
25. Executing Verilog backend.
25.1. Executing BMUXMAP pass.
25.2. Executing DEMUXMAP pass.
Warnings: 5 unique messages, 5 total
Warnings: 3 experimental features used (not excluded with -x).
End of script. Logfile hash: e88a9a74c5, time: 0.36s, user: 0.13s, system: 0.09s, MEM: 32.93 MB peak
Yosys 0.68+post (git sha1 UNKNOWN, Release, GNU /usr/local/bin/wrapped-cc/g++ 11.4.0)
Time spent: 37% 1x abc9_exe (0 sec), 17% 15x read_verilog (0 sec), ...
Elapsed time: 0:00.37[h:]min:sec. CPU time: user 0.25 sys 0.12 (100%). Peak memory: 35512KB.
Log                       Ext     Elapsed/s Peak Memory/MB sha1sum result [0:20)
1_2_yosys                 .v              0             34 3cc489cede7cd5ec5ace
cp /OpenROAD-flow-scripts/flow/designs/ihp-sg13g2/spi/constraint.sdc /tmp/workspace/scripts-Private_test-fr_cugr_cmp-1-/results/ihp-sg13g2/spi/base/1_2_yosys.sdc
touch -r /OpenROAD-flow-scripts/flow/designs/ihp-sg13g2/spi/constraint.sdc /tmp/workspace/scripts-Private_test-fr_cugr_cmp-1-/results/ihp-sg13g2/spi/base/1_2_yosys.sdc
OpenROAD 26Q3-1464-gb22abfea20 
Features included (+) or not (-): +GPU +GUI +Python
This program is licensed under the BSD-3 license. See the LICENSE file for details.
Components of this program may be licensed under more restrictive licenses which must be honored.
[INFO ORD-0030] Using 30 thread(s).
mkdir -p /tmp/workspace/scripts-Private_test-fr_cugr_cmp-1-/objects/ihp-sg13g2/spi/base
/OpenROAD-flow-scripts/flow/scripts/flow.sh 1_synth synth_odb
Running synth_odb.tcl, stage 1_synth
source ./platforms/ihp-sg13g2/suppress_message.tcl
read_liberty ./platforms/ihp-sg13g2/lib/sg13g2_stdcell_typ_1p20V_25C.lib
[INFO ODB-0227] LEF file: ./platforms/ihp-sg13g2/lef/sg13g2_tech.lef, created 19 layers, 70 vias
[INFO ODB-0227] LEF file: ./platforms/ihp-sg13g2/lef/sg13g2_stdcell.lef, created 84 library cells
link_design -hier spi
[WARNING ORD-0011] Hierarchical flow (-hier) is currently in development and may cause multiple issues. Do not use in production environments.
read_sdc /tmp/workspace/scripts-Private_test-fr_cugr_cmp-1-/results/ihp-sg13g2/spi/base/1_2_yosys.sdc
source ./platforms/ihp-sg13g2/setRC.tcl
eliminate_dead_logic
Removed 0 unused instances and 0 unused nets.
Design area 2130 um^2 100% utilization.
write_db /tmp/workspace/scripts-Private_test-fr_cugr_cmp-1-/results/ihp-sg13g2/spi/base/1_synth.odb
write_sdc -no_timestamp /tmp/workspace/scripts-Private_test-fr_cugr_cmp-1-/results/ihp-sg13g2/spi/base/1_synth.sdc
Elapsed time: 0:00.17[h:]min:sec. CPU time: user 0.14 sys 0.03 (100%). Peak memory: 107024KB.
Log                       Ext     Elapsed/s Peak Memory/MB sha1sum result [0:20)
1_synth                   .odb            0            104 d7288b5c81cdced17ac2
1_synth                   .sdc                             3f758f8e0aa2fd8aed74
/OpenROAD-flow-scripts/flow/scripts/flow.sh 2_1_floorplan floorplan
Running floorplan.tcl, stage 2_1_floorplan
source ./platforms/ihp-sg13g2/suppress_message.tcl
read_liberty ./platforms/ihp-sg13g2/lib/sg13g2_stdcell_typ_1p20V_25C.lib
read_db -hier /tmp/workspace/scripts-Private_test-fr_cugr_cmp-1-/results/ihp-sg13g2/spi/base/1_synth.odb
[WARNING ORD-0012] Hierarchical flow (-hier) is currently in development and may cause multiple issues. Do not use in production environments.
read_sdc /tmp/workspace/scripts-Private_test-fr_cugr_cmp-1-/results/ihp-sg13g2/spi/base/1_synth.sdc
source ./platforms/ihp-sg13g2/setRC.tcl

==========================================================================
Floorplan check_setup
--------------------------------------------------------------------------
number instances in verilog is 113
[INFO IFP-0107] Defining die area using utilization: 20.00% and aspect ratio: 1.
[WARNING IFP-0028] Core area lower left (17.500, 17.500) snapped to (17.760, 18.900).
[INFO IFP-0001] Added 26 rows of 214 site CoreSite.
[INFO IFP-0100] Die BBox:  (  0.000  0.000 ) ( 138.200 138.200 ) um
[INFO IFP-0101] Core BBox: ( 17.760 18.900 ) ( 120.480 117.180 ) um
[INFO IFP-0102] Core area:                        10095.322 um^2
[INFO IFP-0103] Total instances area:              2130.106 um^2
[INFO IFP-0104] Effective utilization:                0.211
[INFO IFP-0105] Number of instances:                    113
source ./platforms/ihp-sg13g2/make_tracks.tcl
source ./platforms/ihp-sg13g2/fastroute.tcl
Repair tie lo fanout...
Repair tie hi fanout...
[INFO RSZ-0042] Inserted 25 tie sg13g2_tiehi instances.
replace_arith_modules -path_count 1000 -target setup -slack_threshold 0.0
[INFO RSZ-0151] Starting arithmetic module replacement to optimize 'setup' target
[INFO RSZ-0152] Analyzing 1000 critical paths with slack < 0.00
[INFO RSZ-0153] Identified 8 violating endpoints
[INFO RSZ-0154] Identified 0 critical arithmetic instances
repair_timing -setup_margin 0 -hold_margin 0 -repair_tns 100 -match_cell_footprint -setup -skip_last_gasp -sequence unbuffer,sizeup,swap,vt_swap -verbose
[WARNING EST-0027] no estimated parasitics. Using wire load models.
[INFO RSZ-0100] Repair move sequence: UnbufferMove SizeUpMove SwapPinsMove 
[INFO RSZ-0094] Found 8 endpoints with setup violations.
[INFO RSZ-0099] Repairing 8 out of 8 (100.00%) violating endpoints...
   Iter   | Removed | Resized | Inserted | Cloned |  Pin  |   Area   |    WNS   |   StTNS    |   EnTNS    |  Viol  |  Worst  
          | Buffers |  Gates  | Buffers  |  Gates | Swaps |          |          |            |            | Endpts | St/EnPt 
------------------------------------------------------------------------------------------------------------------------------
       0* |       0 |       0 |        0 |      0 |     0 |    +0.0% |   -0.245 |       -0.7 |       -2.0 |      8 | dout_q\[0\]$_SDFFE_PP0P_/D
       4* |       0 |       2 |        0 |      0 |     1 |    +0.4% |    0.064 |        0.0 |        0.0 |      8 | dout_q\[1\]$_SDFFE_PP0P_/D
       5* |       0 |       2 |        0 |      0 |     1 |    +0.4% |    0.064 |        0.0 |        0.0 |      8 | dout_q\[1\]$_SDFFE_PP0P_/D
       6* |       0 |       2 |        0 |      0 |     1 |    +0.4% |    0.064 |        0.0 |        0.0 |      8 | dout_q\[1\]$_SDFFE_PP0P_/D
       7* |       0 |       2 |        0 |      0 |     1 |    +0.4% |    0.064 |        0.0 |        0.0 |      8 | dout_q\[1\]$_SDFFE_PP0P_/D
       8* |       0 |       2 |        0 |      0 |     1 |    +0.4% |    0.064 |        0.0 |        0.0 |      8 | dout_q\[1\]$_SDFFE_PP0P_/D
       9* |       0 |       2 |        0 |      0 |     1 |    +0.4% |    0.064 |        0.0 |        0.0 |      8 | dout_q\[1\]$_SDFFE_PP0P_/D
      10* |       0 |       2 |        0 |      0 |     1 |    +0.4% |    0.064 |        0.0 |        0.0 |      8 | dout_q\[1\]$_SDFFE_PP0P_/D
      10* |       0 |       2 |        0 |      0 |     1 |    +0.4% |    0.064 |        0.0 |        0.0 |      8 | dout_q\[1\]$_SDFFE_PP0P_/D
      11* |       0 |       2 |        0 |      0 |     1 |    +0.4% |    0.064 |        0.0 |        0.0 |      8 | dout_q\[1\]$_SDFFE_PP0P_/D
      11* |       0 |       2 |        0 |      0 |     1 |    +0.4% |    0.064 |        0.0 |        0.0 |      8 | dout_q\[1\]$_SDFFE_PP0P_/D
    final |       0 |       2 |        0 |      0 |     1 |    +0.4% |    0.064 |        0.0 |        0.0 |      0 | dout_q\[1\]$_SDFFE_PP0P_/D
------------------------------------------------------------------------------------------------------------------------------
[INFO RSZ-0051] Resized 2 instances: 2 up, 0 up match, 0 down, 0 VT
[INFO RSZ-0043] Swapped pins on 1 instances.
[INFO RSZ-0505] Runtime: 0.04s
Default units for flow
 time 1ns
 capacitance 1pF
 resistance 1kohm
 voltage 1v
 current 1uA
 power 1pW
 distance 1um
   Layer   | Unit Resistance | Unit Capacitance 
           |       (kohm/um) |          (pF/um)
------------------------------------------------
    Metal1 |        8.55e-03 |         1.00e-10
    Metal2 |        4.40e-04 |         1.69e-04
    Metal3 |        4.40e-04 |         1.83e-04
    Metal4 |        4.40e-04 |         1.66e-04
    Metal5 |        4.40e-04 |         8.57e-05
 TopMetal1 |        1.28e-05 |         1.11e-04
 TopMetal2 |        7.25e-06 |         9.01e-05
------------------------------------------------

   Layer   | Via Resistance 
           |         (kohm) 
----------------------------
      Via1 |       2.00e-03 
      Via2 |       2.00e-03 
      Via3 |       2.00e-03 
      Via4 |       2.00e-03 
   TopVia1 |       4.00e-04 
   TopVia2 |       2.20e-04 
----------------------------
Report metrics stage 2, floorplan final...

==========================================================================
floorplan final report_design_area
--------------------------------------------------------------------------
Design area 2313 um^2 23% utilization.
write_db /tmp/workspace/scripts-Private_test-fr_cugr_cmp-1-/results/ihp-sg13g2/spi/base/2_1_floorplan.odb
write_sdc -no_timestamp /tmp/workspace/scripts-Private_test-fr_cugr_cmp-1-/results/ihp-sg13g2/spi/base/2_1_floorplan.sdc
Elapsed time: 0:00.23[h:]min:sec. CPU time: user 0.17 sys 0.08 (109%). Peak memory: 126356KB.
Log                       Ext     Elapsed/s Peak Memory/MB sha1sum result [0:20)
2_1_floorplan             .odb            0            123 f59592cb9624bc8a6db2
2_1_floorplan             .sdc                             3f758f8e0aa2fd8aed74
/OpenROAD-flow-scripts/flow/scripts/flow.sh 2_2_floorplan_macro macro_place
Running macro_place.tcl, stage 2_2_floorplan_macro
source ./platforms/ihp-sg13g2/suppress_message.tcl
read_liberty ./platforms/ihp-sg13g2/lib/sg13g2_stdcell_typ_1p20V_25C.lib
read_db -hier /tmp/workspace/scripts-Private_test-fr_cugr_cmp-1-/results/ihp-sg13g2/spi/base/2_1_floorplan.odb
[WARNING ORD-0012] Hierarchical flow (-hier) is currently in development and may cause multiple issues. Do not use in production environments.
read_sdc /tmp/workspace/scripts-Private_test-fr_cugr_cmp-1-/results/ihp-sg13g2/spi/base/2_1_floorplan.sdc
source ./platforms/ihp-sg13g2/setRC.tcl
No macros found: Skipping macro_placement
Design area 2313 um^2 23% utilization.
write_db /tmp/workspace/scripts-Private_test-fr_cugr_cmp-1-/results/ihp-sg13g2/spi/base/2_2_floorplan_macro.odb
Elapsed time: 0:00.17[h:]min:sec. CPU time: user 0.12 sys 0.04 (100%). Peak memory: 105132KB.
Log                       Ext     Elapsed/s Peak Memory/MB sha1sum result [0:20)
2_2_floorplan_macro       .odb            0            102 f59592cb9624bc8a6db2
/OpenROAD-flow-scripts/flow/scripts/flow.sh 2_3_floorplan_tapcell tapcell
Running tapcell.tcl, stage 2_3_floorplan_tapcell
source ./platforms/ihp-sg13g2/suppress_message.tcl
read_liberty ./platforms/ihp-sg13g2/lib/sg13g2_stdcell_typ_1p20V_25C.lib
read_db -hier /tmp/workspace/scripts-Private_test-fr_cugr_cmp-1-/results/ihp-sg13g2/spi/base/2_2_floorplan_macro.odb
[WARNING ORD-0012] Hierarchical flow (-hier) is currently in development and may cause multiple issues. Do not use in production environments.
read_sdc /tmp/workspace/scripts-Private_test-fr_cugr_cmp-1-/results/ihp-sg13g2/spi/base/2_1_floorplan.sdc
source ./platforms/ihp-sg13g2/setRC.tcl
Design area 2313 um^2 23% utilization.
write_db /tmp/workspace/scripts-Private_test-fr_cugr_cmp-1-/results/ihp-sg13g2/spi/base/2_3_floorplan_tapcell.odb
Elapsed time: 0:00.17[h:]min:sec. CPU time: user 0.12 sys 0.05 (100%). Peak memory: 105780KB.
Log                       Ext     Elapsed/s Peak Memory/MB sha1sum result [0:20)
2_3_floorplan_tapcell     .odb            0            103 f59592cb9624bc8a6db2
/OpenROAD-flow-scripts/flow/scripts/flow.sh 2_4_floorplan_pdn pdn
Running pdn.tcl, stage 2_4_floorplan_pdn
source ./platforms/ihp-sg13g2/suppress_message.tcl
read_liberty ./platforms/ihp-sg13g2/lib/sg13g2_stdcell_typ_1p20V_25C.lib
read_db -hier /tmp/workspace/scripts-Private_test-fr_cugr_cmp-1-/results/ihp-sg13g2/spi/base/2_3_floorplan_tapcell.odb
[WARNING ORD-0012] Hierarchical flow (-hier) is currently in development and may cause multiple issues. Do not use in production environments.
read_sdc /tmp/workspace/scripts-Private_test-fr_cugr_cmp-1-/results/ihp-sg13g2/spi/base/2_1_floorplan.sdc
source ./platforms/ihp-sg13g2/setRC.tcl
[INFO PDN-0001] Inserting grid: grid
[INFO PDN-0500] Runtime: 0.00s
Design area 2313 um^2 23% utilization.
write_db /tmp/workspace/scripts-Private_test-fr_cugr_cmp-1-/results/ihp-sg13g2/spi/base/2_4_floorplan_pdn.odb
Elapsed time: 0:00.17[h:]min:sec. CPU time: user 0.14 sys 0.03 (100%). Peak memory: 106520KB.
Log                       Ext     Elapsed/s Peak Memory/MB sha1sum result [0:20)
2_4_floorplan_pdn         .odb            0            104 87a1ae781beff82c3024
cp /tmp/workspace/scripts-Private_test-fr_cugr_cmp-1-/results/ihp-sg13g2/spi/base/2_4_floorplan_pdn.odb /tmp/workspace/scripts-Private_test-fr_cugr_cmp-1-/results/ihp-sg13g2/spi/base/2_floorplan.odb
cp /tmp/workspace/scripts-Private_test-fr_cugr_cmp-1-/results/ihp-sg13g2/spi/base/2_1_floorplan.sdc /tmp/workspace/scripts-Private_test-fr_cugr_cmp-1-/results/ihp-sg13g2/spi/base/2_floorplan.sdc
/OpenROAD-flow-scripts/flow/scripts/flow.sh 3_1_place_gp_skip_io global_place_skip_io
Running global_place_skip_io.tcl, stage 3_1_place_gp_skip_io
source ./platforms/ihp-sg13g2/suppress_message.tcl
read_liberty ./platforms/ihp-sg13g2/lib/sg13g2_stdcell_typ_1p20V_25C.lib
read_db -hier /tmp/workspace/scripts-Private_test-fr_cugr_cmp-1-/results/ihp-sg13g2/spi/base/2_floorplan.odb
[WARNING ORD-0012] Hierarchical flow (-hier) is currently in development and may cause multiple issues. Do not use in production environments.
read_sdc /tmp/workspace/scripts-Private_test-fr_cugr_cmp-1-/results/ihp-sg13g2/spi/base/2_floorplan.sdc
source ./platforms/ihp-sg13g2/setRC.tcl
global_placement -skip_io -density 0.88 -pad_left 0 -pad_right 0
[INFO GPL-0001] ---- Initialize GPL Main Data Structures
[INFO GPL-0002] DBU: 1000
[INFO GPL-0003] SiteSize: (  0.480  3.780 ) um
[INFO GPL-0004] CoreBBox: ( 17.760 18.900 ) ( 120.480 117.180 ) um
[INFO GPL-0016] Core area:                   10095.322 um^2
[INFO GPL-0036] Movable instances area:       2313.360 um^2
[INFO GPL-0037] Total instances area:         2313.360 um^2
[INFO GPL-0035] Pin density area adjust:       212.285 um^2
[INFO GPL-0032] ---- Initialize Region: Top-level
[INFO GPL-0006] Number of instances:               137
[INFO GPL-0007] Movable instances:                 137
[INFO GPL-0008] Fixed instances:                     0
[INFO GPL-0009] Dummy instances:                     0
[INFO GPL-0010] Number of nets:                    150
[INFO GPL-0011] Number of pins:                    445
[INFO GPL-0012] Die BBox:       (  0.000  0.000 ) ( 138.200 138.200 ) um
[INFO GPL-0013] Placement BBox: ( 17.760 18.900 ) ( 120.480 117.180 ) um
[INFO GPL-0014] Region name: top-level.
[INFO GPL-0015] Region area:                 10095.322 um^2
[INFO GPL-0017] Fixed instances area:            0.000 um^2
[INFO GPL-0018] Movable instances area:       2525.645 um^2
[INFO GPL-0019] Utilization:                    25.018 %
[INFO GPL-0020] Standard cells area:          2525.645 um^2
[INFO GPL-0021] Large instances area:            0.000 um^2
[INFO GPL-0005] ---- Execute Conjugate Gradient Initial Placement.
[INFO GPL-0051] Source of initial instance position counters:
	Odb location = 0	Core center = 137	Region center = 0
[INFO GPL-0033] ---- Initialize Nesterov Region: Top-level
[INFO GPL-0023] Placement target density:       0.8800
[INFO GPL-0024] Movable insts average area:     18.435 um^2
[INFO GPL-0025] Ideal bin area:                 20.949 um^2
[INFO GPL-0026] Ideal bin count:                   481
[INFO GPL-0027] Total bin area:              10095.322 um^2
[INFO GPL-0028] Bin count (X, Y):          16 ,     16
[INFO GPL-0029] Bin size (W * H):       6.420 *  6.143 um
[INFO GPL-0030] Number of bins:                    256
[INFO GPL-0084] ---- Execute Nesterov Global Placement.
[INFO GPL-0031] HPWL: Half-Perimeter Wirelength
Iteration | Overflow |     HPWL (um) |  HPWL(%) |   Penalty | Group
---------------------------------------------------------------
        0 |   0.9135 |  4.310490e+02 |   +0.00% |  1.50e-14 |      
       10 |   0.8889 |  4.048930e+02 |   -6.07% |  2.45e-14 |      
       20 |   0.8891 |  4.011410e+02 |   -0.93% |  3.99e-14 |      
       30 |   0.8890 |  4.012810e+02 |   +0.03% |  6.50e-14 |      
       40 |   0.8891 |  4.014670e+02 |   +0.05% |  1.06e-13 |      
       50 |   0.8890 |  4.013210e+02 |   -0.04% |  1.72e-13 |      
       60 |   0.8890 |  4.016600e+02 |   +0.08% |  2.81e-13 |      
       70 |   0.8890 |  4.018930e+02 |   +0.06% |  4.58e-13 |      
       80 |   0.8890 |  4.023550e+02 |   +0.11% |  7.45e-13 |      
       90 |   0.8890 |  4.030110e+02 |   +0.16% |  1.21e-12 |      
      100 |   0.8889 |  4.041210e+02 |   +0.28% |  1.98e-12 |      
      110 |   0.8888 |  4.056850e+02 |   +0.39% |  3.22e-12 |      
      120 |   0.8887 |  4.073520e+02 |   +0.41% |  5.25e-12 |      
      130 |   0.8885 |  4.085480e+02 |   +0.29% |  8.55e-12 |      
      140 |   0.8873 |  4.079600e+02 |   -0.14% |  1.39e-11 |      
      150 |   0.8847 |  4.045090e+02 |   -0.85% |  2.27e-11 |      
      160 |   0.8735 |  4.065040e+02 |   +0.49% |  3.69e-11 |      
      170 |   0.8516 |  4.249100e+02 |   +4.53% |  6.02e-11 |      
      180 |   0.8245 |  4.714250e+02 |  +10.95% |  9.80e-11 |      
      190 |   0.7751 |  5.631520e+02 |  +19.46% |  1.60e-10 |      
      200 |   0.7423 |  6.099790e+02 |   +8.32% |  2.60e-10 |      
      210 |   0.6923 |  6.677110e+02 |   +9.46% |  4.24e-10 |      
      220 |   0.6511 |  7.352510e+02 |  +10.12% |  6.90e-10 |      
      230 |   0.6086 |  7.843730e+02 |   +6.68% |  1.12e-09 |      
      240 |   0.5631 |  8.494040e+02 |   +8.29% |  1.83e-09 |      
      250 |   0.5232 |  9.090640e+02 |   +7.02% |  2.98e-09 |      
      260 |   0.4729 |  9.570440e+02 |   +5.28% |  4.86e-09 |      
      270 |   0.4172 |  9.960730e+02 |   +4.08% |  7.91e-09 |      
      280 |   0.3526 |  1.029040e+03 |   +3.31% |  1.29e-08 |      
      290 |   0.3006 |  1.038694e+03 |   +0.94% |  1.94e-08 |      
      300 |   0.2580 |  1.077243e+03 |   +3.71% |  2.85e-08 |      
      310 |   0.2048 |  1.075566e+03 |   -0.16% |  4.20e-08 |      
      320 |   0.1834 |  1.095871e+03 |   +1.89% |  6.19e-08 |      
      330 |   0.1621 |  1.116504e+03 |   +1.88% |  9.12e-08 |      
      340 |   0.1344 |  1.127312e+03 |   +0.97% |  1.34e-07 |      
      350 |   0.1150 |  1.136423e+03 |   +0.81% |  1.98e-07 |      
      358 |   0.0992 |  1.135645e+03 |          |  2.81e-07 |      
---------------------------------------------------------------
[INFO GPL-1001] Global placement finished at iteration 358
[INFO GPL-1002] Placed Cell Area             2525.6448
[INFO GPL-1003] Available Free Area         10095.3216
[INFO GPL-1004] Minimum Feasible Density        0.2600 (cell_area / free_area)
[INFO GPL-1006]   Suggested Target Densities:
[INFO GPL-1007]     - For 90% usage of free space: 0.2780
[INFO GPL-1008]     - For 80% usage of free space: 0.3127
[INFO GPL-1009]     - For 50% usage of free space: 0.5004
[INFO GPL-1014] Final placement area: 2525.64 (+0.00%)
Design area 2313 um^2 23% utilization.
write_db /tmp/workspace/scripts-Private_test-fr_cugr_cmp-1-/results/ihp-sg13g2/spi/base/3_1_place_gp_skip_io.odb
Elapsed time: 0:00.26[h:]min:sec. CPU time: user 2.98 sys 0.04 (1159%). Peak memory: 107192KB.
Log                       Ext     Elapsed/s Peak Memory/MB sha1sum result [0:20)
3_1_place_gp_skip_io      .odb            0            104 5454d2894b67ac21513a
/OpenROAD-flow-scripts/flow/scripts/flow.sh 3_2_place_iop io_placement
Running io_placement.tcl, stage 3_2_place_iop
source ./platforms/ihp-sg13g2/suppress_message.tcl
read_liberty ./platforms/ihp-sg13g2/lib/sg13g2_stdcell_typ_1p20V_25C.lib
read_db -hier /tmp/workspace/scripts-Private_test-fr_cugr_cmp-1-/results/ihp-sg13g2/spi/base/3_1_place_gp_skip_io.odb
[WARNING ORD-0012] Hierarchical flow (-hier) is currently in development and may cause multiple issues. Do not use in production environments.
read_sdc /tmp/workspace/scripts-Private_test-fr_cugr_cmp-1-/results/ihp-sg13g2/spi/base/2_floorplan.sdc
source ./platforms/ihp-sg13g2/setRC.tcl
place_pins -hor_layers Metal3 -ver_layers Metal2
Found 0 macro blocks.
Using 2 tracks default min distance between IO pins.
[INFO PPL-0001] Number of available slots 600
[INFO PPL-0002] Number of I/O             23
[INFO PPL-0003] Number of I/O w/sink      23
[INFO PPL-0004] Number of I/O w/o sink    0
[INFO PPL-0005] Slots per section         200
[INFO PPL-0008] Successfully assigned pins to sections.
[INFO PPL-0012] I/O nets HPWL: 1373.64 um.
Design area 2313 um^2 23% utilization.
write_db /tmp/workspace/scripts-Private_test-fr_cugr_cmp-1-/results/ihp-sg13g2/spi/base/3_2_place_iop.odb
Elapsed time: 0:00.17[h:]min:sec. CPU time: user 0.13 sys 0.04 (100%). Peak memory: 105348KB.
Log                       Ext     Elapsed/s Peak Memory/MB sha1sum result [0:20)
3_2_place_iop             .odb            0            102 1b2431b60d6810c62428
/OpenROAD-flow-scripts/flow/scripts/flow.sh 3_3_place_gp global_place
Running global_place.tcl, stage 3_3_place_gp
source ./platforms/ihp-sg13g2/suppress_message.tcl
read_liberty ./platforms/ihp-sg13g2/lib/sg13g2_stdcell_typ_1p20V_25C.lib
read_db -hier /tmp/workspace/scripts-Private_test-fr_cugr_cmp-1-/results/ihp-sg13g2/spi/base/3_2_place_iop.odb
[WARNING ORD-0012] Hierarchical flow (-hier) is currently in development and may cause multiple issues. Do not use in production environments.
read_sdc /tmp/workspace/scripts-Private_test-fr_cugr_cmp-1-/results/ihp-sg13g2/spi/base/2_floorplan.sdc
source ./platforms/ihp-sg13g2/setRC.tcl
[INFO RSZ-0026] Removed 0 buffers.
Perform port buffering...
[INFO RSZ-0027] Inserted 12 sg13g2_buf_1 input buffers.
[INFO RSZ-0028] Inserted 10 sg13g2_buf_1 output buffers.
global_placement -density 0.88 -pad_left 0 -pad_right 0 -routability_driven -timing_driven -force_center_initial_place -min_phi_coef 0.95 -max_phi_coef 1.05
[INFO GPL-0001] ---- Initialize GPL Main Data Structures
[INFO GPL-0002] DBU: 1000
[INFO GPL-0003] SiteSize: (  0.480  3.780 ) um
[INFO GPL-0004] CoreBBox: ( 17.760 18.900 ) ( 120.480 117.180 ) um
[INFO GPL-0016] Core area:                   10095.322 um^2
[INFO GPL-0036] Movable instances area:       2473.027 um^2
[INFO GPL-0037] Total instances area:         2473.027 um^2
[INFO GPL-0035] Pin density area adjust:       205.759 um^2
[INFO GPL-0032] ---- Initialize Region: Top-level
[INFO GPL-0006] Number of instances:               159
[INFO GPL-0007] Movable instances:                 159
[INFO GPL-0008] Fixed instances:                     0
[INFO GPL-0009] Dummy instances:                     0
[INFO GPL-0010] Number of nets:                    172
[INFO GPL-0011] Number of pins:                    512
[INFO GPL-0012] Die BBox:       (  0.000  0.000 ) ( 138.200 138.200 ) um
[INFO GPL-0013] Placement BBox: ( 17.760 18.900 ) ( 120.480 117.180 ) um
[INFO GPL-0014] Region name: top-level.
[INFO GPL-0015] Region area:                 10095.322 um^2
[INFO GPL-0017] Fixed instances area:            0.000 um^2
[INFO GPL-0018] Movable instances area:       2678.786 um^2
[INFO GPL-0019] Utilization:                    26.535 %
[INFO GPL-0020] Standard cells area:          2678.786 um^2
[INFO GPL-0021] Large instances area:            0.000 um^2
[INFO GPL-0005] ---- Execute Conjugate Gradient Initial Placement.
[INFO GPL-0051] Source of initial instance position counters:
	Odb location = 0	Core center = 159	Region center = 0
[InitialPlace]  Iter: 1 conjugate gradient residual: 0.00000010 HPWL: 3960205
[InitialPlace]  Iter: 2 conjugate gradient residual: 0.00000012 HPWL: 3656253
[InitialPlace]  Iter: 3 conjugate gradient residual: 0.00000008 HPWL: 3623104
[InitialPlace]  Iter: 4 conjugate gradient residual: 0.00000005 HPWL: 3616023
[InitialPlace]  Iter: 5 conjugate gradient residual: 0.00000011 HPWL: 3618501
[INFO GPL-0033] ---- Initialize Nesterov Region: Top-level
[INFO GPL-0023] Placement target density:       0.8800
[INFO GPL-0024] Movable insts average area:     16.848 um^2
[INFO GPL-0025] Ideal bin area:                 19.145 um^2
[INFO GPL-0026] Ideal bin count:                   527
[INFO GPL-0027] Total bin area:              10095.322 um^2
[INFO GPL-0028] Bin count (X, Y):          16 ,     16
[INFO GPL-0029] Bin size (W * H):       6.420 *  6.143 um
[INFO GPL-0030] Number of bins:                    256
[INFO GPL-0084] ---- Execute Nesterov Global Placement.
[INFO GPL-0031] HPWL: Half-Perimeter Wirelength
Iteration | Overflow |     HPWL (um) |  HPWL(%) |   Penalty | Group
---------------------------------------------------------------
        0 |   0.6480 |  2.058547e+03 |   +0.00% |  9.65e-14 |      
[INFO GPL-0100] Timing-driven iteration 1/2, virtual: false.
[INFO GPL-0101]    Iter: 2, overflow: 0.560, keep resizer changes at: 1, HPWL: 2148308
Iteration |   Area    | Resized | Buffers | Nets repaired | Remaining
---------------------------------------------------------------------
        0 |     +0.0% |       0 |       0 |             0 |       172
    final |     +3.5% |       0 |      12 |             4 |         0
---------------------------------------------------------------------
[INFO RSZ-0035] Found 4 fanout violations.
[INFO RSZ-0038] Inserted 12 buffers in 4 nets.
   Iter   |    Area   | Removed | Inserted |   Pins
          |           | Buffers | Buffers  | Remaining
-------------------------------------------------------
        0 |     +0.0% |       0 |        0 |       134
       13 |     +0.0% |       0 |        0 |       121
       26 |     +0.0% |       0 |        0 |       108
       39 |     +0.9% |       0 |        1 |        95
       52 |     +0.9% |       0 |        1 |        82
       65 |     +0.9% |       0 |        1 |        69
       78 |     +1.0% |       1 |        2 |        56
       91 |     +1.0% |       2 |        3 |        43
      104 |     +1.0% |       8 |        9 |        30
      117 |     +1.0% |       8 |        9 |        17
      130 |     +1.3% |      12 |       14 |         4
    final |     +1.3% |      12 |       14 |         0
-------------------------------------------------------
[INFO GPL-0106] Timing-driven: worst slack 1.6860047e-10
[INFO GPL-0107] Timing-driven: repair_design delta area: 119.750 um^2 (+4.47%)
[INFO GPL-0108] Timing-driven: repair_design, gpl delta gcells: 14 (+8.81%)
[INFO GPL-0109] Timing-driven: repair_design, gcells created: 26, deleted: 12
[INFO GPL-0110] Timing-driven: new target density: 0.89186203
[INFO GPL-0038] Routability snapshot saved at iter = 2
        1 |   0.5599 |  2.248334e+03 |          |           |      
Iteration | Overflow |     HPWL (um) |  HPWL(%) |   Penalty | Group
---------------------------------------------------------------
       10 |   0.5171 |  2.328729e+03 |  +13.12% |  1.57e-13 |      
       20 |   0.4730 |  2.367235e+03 |   +1.65% |  2.56e-13 |      
       30 |   0.4771 |  2.347614e+03 |   -0.83% |  4.17e-13 |      
       40 |   0.4804 |  2.346087e+03 |   -0.07% |  6.80e-13 |      
       50 |   0.4780 |  2.350975e+03 |   +0.21% |  1.11e-12 |      
       60 |   0.4765 |  2.353506e+03 |   +0.11% |  1.80e-12 |      
       70 |   0.4768 |  2.352921e+03 |   -0.02% |  2.94e-12 |      
       80 |   0.4772 |  2.351808e+03 |   -0.05% |  4.78e-12 |      
       90 |   0.4771 |  2.351666e+03 |   -0.01% |  7.79e-12 |      
      100 |   0.4766 |  2.351206e+03 |   -0.02% |  1.27e-11 |      
      110 |   0.4768 |  2.350148e+03 |   -0.04% |  2.07e-11 |      
      120 |   0.4765 |  2.350695e+03 |   +0.02% |  3.37e-11 |      
      130 |   0.4755 |  2.352343e+03 |   +0.07% |  5.49e-11 |      
      140 |   0.4743 |  2.354123e+03 |   +0.08% |  8.94e-11 |      
      150 |   0.4724 |  2.357005e+03 |   +0.12% |  1.46e-10 |      
      160 |   0.4689 |  2.362028e+03 |   +0.21% |  2.37e-10 |      
      170 |   0.4638 |  2.366601e+03 |   +0.19% |  3.86e-10 |      
      180 |   0.4563 |  2.369190e+03 |   +0.11% |  6.29e-10 |      
      190 |   0.4458 |  2.372593e+03 |   +0.14% |  1.02e-09 |      
      200 |   0.4312 |  2.387660e+03 |   +0.64% |  1.67e-09 |      
      210 |   0.4130 |  2.393408e+03 |   +0.24% |  2.72e-09 |      
      220 |   0.3904 |  2.405783e+03 |   +0.52% |  4.43e-09 |      
      230 |   0.3646 |  2.414366e+03 |   +0.36% |  7.21e-09 |      
      240 |   0.3341 |  2.439040e+03 |   +1.02% |  1.14e-08 |      
      250 |   0.3015 |  2.448533e+03 |   +0.39% |  1.68e-08 |      
[INFO GPL-0040] Routability iteration: 1
[INFO GPL-0041] Total routing overflow: 0.0000
[INFO GPL-0042] Number of overflowed tiles: 0 (0.00%)
[INFO GPL-0043] Average top 0.5% routing congestion: 0.4967
[INFO GPL-0044] Average top 1.0% routing congestion: 0.4892
[INFO GPL-0045] Average top 2.0% routing congestion: 0.4725
[INFO GPL-0046] Average top 5.0% routing congestion: 0.4538
[INFO GPL-0047] Routability iteration weighted routing congestion: 0.4929
[INFO GPL-0050] Weighted routing congestion is lower than target routing congestion(1.0100), end routability optimization.
[INFO GPL-0090] Routability finished. Target routing congestion achieved succesfully.
Iteration | Overflow |     HPWL (um) |  HPWL(%) |   Penalty | Group
---------------------------------------------------------------
      260 |   0.2743 |  2.466397e+03 |   +0.73% |  2.47e-08 |      
      270 |   0.2458 |  2.472228e+03 |   +0.24% |  3.65e-08 |      
      280 |   0.2164 |  2.489253e+03 |   +0.69% |  5.37e-08 |      
[INFO GPL-0100] Timing-driven iteration 2/2, virtual: false.
[INFO GPL-0101]    Iter: 289, overflow: 0.193, keep resizer changes at: 1, HPWL: 2492985
Iteration |   Area    | Resized | Buffers | Nets repaired | Remaining
---------------------------------------------------------------------
        0 |     +0.0% |       0 |       0 |             0 |       186
    final |     +0.0% |       0 |       0 |             0 |         0
---------------------------------------------------------------------
   Iter   |    Area   | Removed | Inserted |   Pins
          |           | Buffers | Buffers  | Remaining
-------------------------------------------------------
        0 |     +0.0% |       0 |        0 |       134
       13 |     +0.0% |       0 |        0 |       121
       26 |     +0.0% |       0 |        0 |       108
       39 |     -0.3% |       1 |        1 |        95
       52 |     -0.3% |       1 |        1 |        82
       65 |     -0.3% |       1 |        1 |        69
       78 |     -0.4% |       2 |        2 |        56
       91 |     -0.1% |       3 |        4 |        43
      104 |     -0.1% |       9 |       10 |        30
      117 |     -0.1% |       9 |       10 |        17
      130 |     -0.7% |      14 |       13 |         4
    final |     -0.7% |      14 |       13 |         0
-------------------------------------------------------
[INFO GPL-0106] Timing-driven: worst slack 1.1940335e-10
[INFO GPL-0107] Timing-driven: repair_design delta area: -18.144 um^2 (-0.65%)
[INFO GPL-0108] Timing-driven: repair_design, gpl delta gcells: -1 (-0.58%)
[INFO GPL-0109] Timing-driven: repair_design, gcells created: 13, deleted: 14
[INFO GPL-0110] Timing-driven: new target density: 0.8900648
Iteration | Overflow |     HPWL (um) |  HPWL(%) |   Penalty | Group
---------------------------------------------------------------
      290 |   0.1935 |  2.507473e+03 |   +0.73% |  7.91e-08 |      
      300 |   0.1553 |  2.465589e+03 |   -1.67% |  1.17e-07 |      
      310 |   0.1354 |  2.467831e+03 |   +0.09% |  1.72e-07 |      
      320 |   0.1198 |  2.477488e+03 |   +0.39% |  2.53e-07 |      
      330 |   0.1075 |  2.480975e+03 |   +0.14% |  3.73e-07 |      
      336 |   0.0996 |  2.486867e+03 |          |  4.89e-07 |      
---------------------------------------------------------------
[INFO GPL-1001] Global placement finished at iteration 336
[INFO GPL-1017] Routability mode iteration count: 249
[INFO GPL-1005] Routability final weighted congestion: 0.4800
[INFO GPL-1002] Placed Cell Area             2780.3922
[INFO GPL-1003] Available Free Area         10095.3216
[INFO GPL-1004] Minimum Feasible Density        0.2700 (cell_area / free_area)
[INFO GPL-1006]   Suggested Target Densities:
[INFO GPL-1007]     - For 90% usage of free space: 0.3060
[INFO GPL-1008]     - For 80% usage of free space: 0.3443
[INFO GPL-1009]     - For 50% usage of free space: 0.5508
[INFO GPL-1011] Original area (um^2): 2678.79
[INFO GPL-1012] Total routability artificial inflation: 0.00 (+0.00%)
[INFO GPL-1013] Total timing-driven delta area: 101.61 (+3.79%)
[INFO GPL-1014] Final placement area: 2780.39 (+3.79%)
estimate_parasitics -placement
Report metrics stage 3, global place...

==========================================================================
global place report_design_area
--------------------------------------------------------------------------
Design area 2575 um^2 26% utilization.
write_db /tmp/workspace/scripts-Private_test-fr_cugr_cmp-1-/results/ihp-sg13g2/spi/base/3_3_place_gp.odb
Elapsed time: 0:00.47[h:]min:sec. CPU time: user 5.25 sys 0.12 (1136%). Peak memory: 214608KB.
Log                       Ext     Elapsed/s Peak Memory/MB sha1sum result [0:20)
3_3_place_gp              .odb            0            209 7220500c0a7c8d88bb87
/OpenROAD-flow-scripts/flow/scripts/flow.sh 3_4_place_resized resize
Running resize.tcl, stage 3_4_place_resized
source ./platforms/ihp-sg13g2/suppress_message.tcl
read_liberty ./platforms/ihp-sg13g2/lib/sg13g2_stdcell_typ_1p20V_25C.lib
read_db -hier /tmp/workspace/scripts-Private_test-fr_cugr_cmp-1-/results/ihp-sg13g2/spi/base/3_3_place_gp.odb
[WARNING ORD-0012] Hierarchical flow (-hier) is currently in development and may cause multiple issues. Do not use in production environments.
read_sdc /tmp/workspace/scripts-Private_test-fr_cugr_cmp-1-/results/ihp-sg13g2/spi/base/2_floorplan.sdc
source ./platforms/ihp-sg13g2/setRC.tcl
estimate_parasitics -placement
replace_arith_modules -path_count 1000 -target setup -slack_threshold 0.0
[INFO RSZ-0151] Starting arithmetic module replacement to optimize 'setup' target
[INFO RSZ-0152] Analyzing 1000 critical paths with slack < 0.00
[INFO RSZ-0153] Identified 0 violating endpoints
[INFO RSZ-0154] Identified 0 critical arithmetic instances
[INFO GPL-0083] Execute incremental mode global placement.
[INFO GPL-0001] ---- Initialize GPL Main Data Structures
[INFO GPL-0002] DBU: 1000
[INFO GPL-0003] SiteSize: (  0.480  3.780 ) um
[INFO GPL-0004] CoreBBox: ( 17.760 18.900 ) ( 120.480 117.180 ) um
[INFO GPL-0016] Core area:                   10095.322 um^2
[INFO GPL-0036] Movable instances area:       2574.634 um^2
[INFO GPL-0037] Total instances area:         2574.634 um^2
[INFO GPL-0035] Pin density area adjust:       203.110 um^2
[INFO GPL-0032] ---- Initialize Region: Top-level
[INFO GPL-0006] Number of instances:               172
[INFO GPL-0007] Movable instances:                 172
[INFO GPL-0008] Fixed instances:                     0
[INFO GPL-0009] Dummy instances:                     0
[INFO GPL-0010] Number of nets:                    185
[INFO GPL-0011] Number of pins:                    538
[INFO GPL-0012] Die BBox:       (  0.000  0.000 ) ( 138.200 138.200 ) um
[INFO GPL-0013] Placement BBox: ( 17.760 18.900 ) ( 120.480 117.180 ) um
[INFO GPL-0014] Region name: top-level.
[INFO GPL-0015] Region area:                 10095.322 um^2
[INFO GPL-0017] Fixed instances area:            0.000 um^2
[INFO GPL-0018] Movable instances area:       2777.743 um^2
[INFO GPL-0019] Utilization:                    27.515 %
[INFO GPL-0020] Standard cells area:          2777.743 um^2
[INFO GPL-0021] Large instances area:            0.000 um^2
[INFO GPL-0154] Identified 172 placed instances
[INFO GPL-0155] Identified 0 not placed instances
[INFO GPL-0156] Identified all instances as placed. Skipping incremental mode
Perform buffer insertion and gate resizing...
repair_design -verbose -match_cell_footprint
Iteration |   Area    | Resized | Buffers | Nets repaired | Remaining
---------------------------------------------------------------------
        0 |     +0.0% |       0 |       0 |             0 |       185
       10 |     +0.0% |       0 |       0 |             0 |       175
       20 |     +0.0% |       0 |       0 |             0 |       165
       30 |     +0.0% |       0 |       0 |             0 |       155
       40 |     +0.0% |       0 |       0 |             0 |       145
       50 |     +0.0% |       0 |       0 |             0 |       135
       60 |     +0.0% |       0 |       0 |             0 |       125
       70 |     +0.0% |       0 |       0 |             0 |       115
       80 |     +0.0% |       0 |       0 |             0 |       105
       90 |     +0.0% |       0 |       0 |             0 |        95
      100 |     +0.0% |       0 |       0 |             0 |        85
      110 |     +0.0% |       0 |       0 |             0 |        75
      120 |     +0.0% |       0 |       0 |             0 |        65
      130 |     +0.0% |       0 |       0 |             0 |        55
      140 |     +0.0% |       0 |       0 |             0 |        45
      150 |     +0.0% |       0 |       0 |             0 |        35
      160 |     +0.0% |       0 |       0 |             0 |        25
      170 |     +0.0% |       0 |       0 |             0 |        15
      180 |     +0.0% |       0 |       0 |             0 |         5
    final |     +0.0% |       0 |       0 |             0 |         0
---------------------------------------------------------------------
[INFO RSZ-0504] Runtime: 0.01s
Floating nets: 
Report metrics stage 3, resizer...

==========================================================================
resizer report_design_area
--------------------------------------------------------------------------
Design area 2575 um^2 26% utilization.
Instance count before 172, after 172
Pin count before 515, after 515
write_db /tmp/workspace/scripts-Private_test-fr_cugr_cmp-1-/results/ihp-sg13g2/spi/base/3_4_place_resized.odb
Elapsed time: 0:00.24[h:]min:sec. CPU time: user 0.21 sys 0.06 (111%). Peak memory: 124904KB.
Log                       Ext     Elapsed/s Peak Memory/MB sha1sum result [0:20)
3_4_place_resized         .odb            0            121 7220500c0a7c8d88bb87
/OpenROAD-flow-scripts/flow/scripts/flow.sh 3_5_place_dp detail_place
Running detail_place.tcl, stage 3_5_place_dp
source ./platforms/ihp-sg13g2/suppress_message.tcl
read_liberty ./platforms/ihp-sg13g2/lib/sg13g2_stdcell_typ_1p20V_25C.lib
read_db -hier /tmp/workspace/scripts-Private_test-fr_cugr_cmp-1-/results/ihp-sg13g2/spi/base/3_4_place_resized.odb
[WARNING ORD-0012] Hierarchical flow (-hier) is currently in development and may cause multiple issues. Do not use in production environments.
read_sdc /tmp/workspace/scripts-Private_test-fr_cugr_cmp-1-/results/ihp-sg13g2/spi/base/2_floorplan.sdc
source ./platforms/ihp-sg13g2/setRC.tcl
detailed_placement
[INFO DPL-0006] Core area: 10095.32 um^2
[INFO DPL-0007] Movable instances area: 2574.63 um^2
[INFO DPL-0008] Fixed instances area within core: 0.00 um^2
[INFO DPL-0009] Utilization: 25.5%
[INFO DPL-0005] Diamond search max displacement: +/- 500 sites horizontally, +/- 100 rows vertically.
[INFO DPL-1102] Legalizing using negotiation legalizer.
[INFO DPL-1103] Negotiation base search window: +/-20 sites horizontally, +/-5 rows vertically 
	Automatic search window extension enabled.
	Search window extendable up to the max displacement cap of +/-500 sites, +/-100 rows near walls.
[INFO DPL-1104] NegotiationLegalizer DRC penalty: 5.
[INFO DPL-0392] Negotiation cell height distribution (1 unique row-count(s)):
[INFO DPL-0393]   height 1 row(s): 172 cells
          |      Total |  Illegal |  Illegal
Iteration | Violations |    Cells |    Sites
---------------------------------------------
        0 |          0 |         0 |         0
Negotiation phase 1 converged at iteration 0.
[INFO DPL-0500] Runtime: 0.00s
Placement Analysis
---------------------------------
total displacement        814.1 u
average displacement        4.7 u
max displacement           23.1 u
original HPWL            2498.4 u
legalized HPWL           3538.3 u
delta HPWL                   42 %

improve_placement -max_displacement "5 1"
Detailed placement improvement.
[INFO DPL-0401] Setting random seed to 1.
[INFO DPL-0402] Setting maximum displacement 5 1 to 18900 3780 units.
[INFO DPL-0320] Collected 23 fixed cells.
[INFO DPL-0318] Collected 172 single height cells.
[INFO DPL-0321] Collected 0 wide cells.
[INFO DPL-0322] Image (17760, 18900) - (120480, 117180)
[INFO DPL-0310] Assigned 172 cells into segments.  Movement in X-direction is 0.000000, movement in Y-direction is 0.000000.
[INFO DPL-0313] Found 0 cells in wrong regions.
[INFO DPL-0315] Found 0 row alignment problems.
[INFO DPL-0314] Found 0 site alignment problems.
[INFO DPL-0311] Found 0 overlaps between adjacent cells.
[INFO DPL-0312] Found 0 edge spacing violations and 0 padding violations.
[INFO DPL-0303] Running algorithm for independent set matching.
[INFO DPL-0300] Set matching objective is wirelength.
[INFO DPL-0301] Pass   1 of matching; objective is 3.540348e+06.
[INFO DPL-0302] End of matching; objective is 3.533386e+06, improvement is 0.20 percent.
[INFO DPL-0303] Running algorithm for global swaps.
[INFO DPL-0306] Pass   1 of global swaps; hpwl is 3.398218e+06.
[INFO DPL-0306] Pass   2 of global swaps; hpwl is 3.385451e+06.
[INFO DPL-0307] End of global swaps; objective is 3.385451e+06, improvement is 4.19 percent.
[INFO DPL-0303] Running algorithm for vertical swaps.
[INFO DPL-0308] Pass   1 of vertical swaps; hpwl is 3.331790e+06.
[INFO DPL-0308] Pass   2 of vertical swaps; hpwl is 3.308677e+06.
[INFO DPL-0309] End of vertical swaps; objective is 3.308677e+06, improvement is 2.27 percent.
[INFO DPL-0303] Running algorithm for reordering.
[INFO DPL-0304] Pass   1 of reordering; objective is 3.303711e+06.
[INFO DPL-0305] End of reordering; objective is 3.303711e+06, improvement is 0.15 percent.
[INFO DPL-0303] Running algorithm for random improvement.
[INFO DPL-0324] Random improver is using random generator.
[INFO DPL-0325] Random improver is using hpwl objective.
[INFO DPL-0326] Random improver cost string is (a).
[INFO DPL-0332] End of pass, Generator random called 3440 times.
[INFO DPL-0335] Generator random, Cumulative attempts 3440, swaps 364, moves  1146 since last reset.
[INFO DPL-0333] End of pass, Objective hpwl, Initial cost 3.303711e+06, Scratch cost 3.254579e+06, Incremental cost 3.254579e+06, Mismatch? N
[INFO DPL-0338] End of pass, Total cost is 3.254579e+06.
[INFO DPL-0327] Pass   1 of random improver; improvement in cost is 1.49 percent.
[INFO DPL-0332] End of pass, Generator random called 3440 times.
[INFO DPL-0335] Generator random, Cumulative attempts 6880, swaps 736, moves  2285 since last reset.
[INFO DPL-0333] End of pass, Objective hpwl, Initial cost 3.254579e+06, Scratch cost 3.225923e+06, Incremental cost 3.225923e+06, Mismatch? N
[INFO DPL-0338] End of pass, Total cost is 3.225923e+06.
[INFO DPL-0327] Pass   2 of random improver; improvement in cost is 0.88 percent.
[INFO DPL-0328] End of random improver; improvement is 2.354564 percent.
[INFO DPL-0380] Cell flipping.
[INFO DPL-0382] Changed 0 cell orientations for row compatibility.
[INFO DPL-0383] Performed 44 cell flips.
[INFO DPL-0384] End of flipping; objective is 3.163200e+06, improvement is 1.94 percent.
[INFO DPL-0313] Found 0 cells in wrong regions.
[INFO DPL-0315] Found 0 row alignment problems.
[INFO DPL-0314] Found 0 site alignment problems.
[INFO DPL-0311] Found 0 overlaps between adjacent cells.
[INFO DPL-0312] Found 0 edge spacing violations and 0 padding violations.
Detailed Improvement Results
------------------------------------------
Original HPWL             3538.3 u (    1418.5,     2119.8)
Final HPWL                3160.5 u (    1411.1,     1749.4)
Delta HPWL                 -10.7 % (      -0.5,      -17.5)

optimize_mirroring
[INFO DPL-0020] Mirrored 4 instances
[INFO DPL-0021] HPWL before            3160.5 u
[INFO DPL-0022] HPWL after             3160.0 u
[INFO DPL-0023] HPWL delta               -0.0 %
[INFO FLW-0012] Placement violations .
estimate_parasitics -placement
Report metrics stage 3, detailed place...

==========================================================================
detailed place report_design_area
--------------------------------------------------------------------------
Design area 2575 um^2 26% utilization.
write_db /tmp/workspace/scripts-Private_test-fr_cugr_cmp-1-/results/ihp-sg13g2/spi/base/3_5_place_dp.odb
write_sdc -no_timestamp /tmp/workspace/scripts-Private_test-fr_cugr_cmp-1-/results/ihp-sg13g2/spi/base/3_place.sdc
Elapsed time: 0:00.25[h:]min:sec. CPU time: user 0.21 sys 0.06 (110%). Peak memory: 109784KB.
Log                       Ext     Elapsed/s Peak Memory/MB sha1sum result [0:20)
3_5_place_dp              .odb            0            107 ac66bc9dd68774862c01
cp /tmp/workspace/scripts-Private_test-fr_cugr_cmp-1-/results/ihp-sg13g2/spi/base/3_5_place_dp.odb /tmp/workspace/scripts-Private_test-fr_cugr_cmp-1-/results/ihp-sg13g2/spi/base/3_place.odb
/OpenROAD-flow-scripts/flow/scripts/flow.sh 4_1_cts cts
Running cts.tcl, stage 4_1_cts
source ./platforms/ihp-sg13g2/suppress_message.tcl
read_liberty ./platforms/ihp-sg13g2/lib/sg13g2_stdcell_typ_1p20V_25C.lib
read_db -hier /tmp/workspace/scripts-Private_test-fr_cugr_cmp-1-/results/ihp-sg13g2/spi/base/3_place.odb
[WARNING ORD-0012] Hierarchical flow (-hier) is currently in development and may cause multiple issues. Do not use in production environments.
read_sdc /tmp/workspace/scripts-Private_test-fr_cugr_cmp-1-/results/ihp-sg13g2/spi/base/3_place.sdc
source ./platforms/ihp-sg13g2/setRC.tcl
clock_tree_synthesis -sink_clustering_enable -repair_clock_nets
[INFO CTS-0050] Root buffer is sg13g2_buf_4.
[INFO CTS-0051] Sink buffer is sg13g2_buf_8.
[INFO CTS-0052] The following clock buffers will be used for CTS:
                    sg13g2_buf_4
                    sg13g2_buf_8
[INFO CTS-0049] Characterization buffer is sg13g2_buf_8.
[INFO CTS-0007] Net "clk" found for clock "core_clock".
[INFO CTS-0010]  Clock net "clk" has 25 sinks.
[INFO CTS-0008] TritonCTS found 1 clock nets.
[INFO CTS-0097] Characterization used 2 buffer(s) types.
[INFO CTS-0201] 0 blockages from hard placement blockages and placed macros will be used.
[INFO CTS-0027] Generating H-Tree topology for net clk.
[INFO CTS-0028]  Total number of sinks: 25.
[INFO CTS-0060]  Register sinks will be clustered in groups of up to 8 and based on buffer max cap.
[INFO CTS-0030]  Number of static layers: 0.
[INFO CTS-0020]  Wire segment unit: 18900  dbu (18 um).
[INFO CTS-0023]  Original sink region: [(33120, 39900), (100800, 92820)].
[INFO CTS-0024]  Normalized sink region: [(1.75238, 2.11111), (5.33333, 4.91111)].
[INFO CTS-0025]     Width:  3.5810.
[INFO CTS-0026]     Height: 2.8000.
 Level 1
    Direction: Horizontal
    Sinks per sub-region: 13
    Sub-region size: 1.7905 X 2.8000
[INFO CTS-0034]     Segment length (rounded): 1.
 Level 2
    Direction: Vertical
    Sinks per sub-region: 7
    Sub-region size: 1.7905 X 1.4000
[INFO CTS-0034]     Segment length (rounded): 1.
[INFO CTS-0038]  Stop criterion found. Sink region hpwl is smaller than max wirelength (1155.915 um) and max number of sinks is 8.
[INFO CTS-0035]  Number of sinks covered: 25.
[INFO CTS-0018]     Created 5 clock buffers.
[INFO CTS-0012]     Minimum number of buffers in the clock path: 2.
[INFO CTS-0013]     Maximum number of buffers in the clock path: 2.
[INFO CTS-0015]     Created 5 clock nets.
[INFO CTS-0016]     Fanout distribution for the current clock = 6:3, 7:1..
[INFO CTS-0017]     Max level of the clock tree: 2.
[INFO CTS-0098] Clock net "clk"
[INFO CTS-0099]  Sinks 28
[INFO CTS-0100]  Leaf buffers 0
[INFO CTS-0101]  Average sink wire length 141.60 um
[INFO CTS-0102]  Path depth 2 - 2
[INFO CTS-0207]  Dummy loads inserted 3
[INFO CTS-0500] Runtime: 1.75s
estimate_parasitics -placement
detailed_placement
[INFO DPL-0006] Core area: 10095.32 um^2
[INFO DPL-0007] Movable instances area: 2663.54 um^2
[INFO DPL-0008] Fixed instances area within core: 0.00 um^2
[INFO DPL-0009] Utilization: 26.4%
[INFO DPL-0005] Diamond search max displacement: +/- 500 sites horizontally, +/- 100 rows vertically.
[INFO DPL-1102] Legalizing using negotiation legalizer.
[INFO DPL-1103] Negotiation base search window: +/-20 sites horizontally, +/-5 rows vertically 
	Automatic search window extension enabled.
	Search window extendable up to the max displacement cap of +/-500 sites, +/-100 rows near walls.
[INFO DPL-1104] NegotiationLegalizer DRC penalty: 5.
[INFO DPL-0392] Negotiation cell height distribution (1 unique row-count(s)):
[INFO DPL-0393]   height 1 row(s): 180 cells
          |      Total |  Illegal |  Illegal
Iteration | Violations |    Cells |    Sites
---------------------------------------------
        0 |          0 |         0 |         0
Negotiation phase 1 converged at iteration 0.
[INFO DPL-0500] Runtime: 0.00s
Placement Analysis
---------------------------------
total displacement        201.2 u
average displacement        1.1 u
max displacement           18.0 u
original HPWL            3373.4 u
legalized HPWL           3519.4 u
delta HPWL                    4 %

estimate_parasitics -placement
[WARNING STA-0101] object 'bondpad_70*' not found.
repair_timing -setup_margin 0 -hold_margin 0 -repair_tns 100 -match_cell_footprint -verbose
[INFO RSZ-0100] Repair move sequence: UnbufferMove SizeUpMove SwapPinsMove BufferMove CloneMove SplitLoadMove 
[INFO RSZ-0098] No setup violations found
[INFO RSZ-0505] Runtime: 0.01s
[INFO RSZ-0033] No hold violations found.
[INFO RSZ-0506] Runtime: 0.00s
[WARNING STA-0101] object 'bondpad_70*' not found.
Repair timing output passed lec test
detailed_placement
[INFO DPL-0006] Core area: 10095.32 um^2
[INFO DPL-0007] Movable instances area: 2663.54 um^2
[INFO DPL-0008] Fixed instances area within core: 0.00 um^2
[INFO DPL-0009] Utilization: 26.4%
[INFO DPL-0005] Diamond search max displacement: +/- 500 sites horizontally, +/- 100 rows vertically.
[INFO DPL-1102] Legalizing using negotiation legalizer.
[INFO DPL-1103] Negotiation base search window: +/-20 sites horizontally, +/-5 rows vertically 
	Automatic search window extension enabled.
	Search window extendable up to the max displacement cap of +/-500 sites, +/-100 rows near walls.
[INFO DPL-1104] NegotiationLegalizer DRC penalty: 5.
[INFO DPL-0392] Negotiation cell height distribution (1 unique row-count(s)):
[INFO DPL-0393]   height 1 row(s): 180 cells
[INFO DPL-0500] Runtime: 0.00s
Placement Analysis
---------------------------------
total displacement          0.0 u
average displacement        0.0 u
max displacement            0.0 u
original HPWL            3519.4 u
legalized HPWL           3519.4 u
delta HPWL                    0 %

estimate_parasitics -placement
Report metrics stage 4, cts final...

==========================================================================
cts final report_design_area
--------------------------------------------------------------------------
Design area 2664 um^2 26% utilization.
write_db /tmp/workspace/scripts-Private_test-fr_cugr_cmp-1-/results/ihp-sg13g2/spi/base/4_1_cts.odb
write_sdc -no_timestamp /tmp/workspace/scripts-Private_test-fr_cugr_cmp-1-/results/ihp-sg13g2/spi/base/4_cts.sdc
Elapsed time: 0:02.04[h:]min:sec. CPU time: user 1.99 sys 0.10 (102%). Peak memory: 143416KB.
Log                       Ext     Elapsed/s Peak Memory/MB sha1sum result [0:20)
4_1_cts                   .odb            2            140 e5e5912c95e1f165a075
cp /tmp/workspace/scripts-Private_test-fr_cugr_cmp-1-/results/ihp-sg13g2/spi/base/4_1_cts.odb /tmp/workspace/scripts-Private_test-fr_cugr_cmp-1-/results/ihp-sg13g2/spi/base/4_cts.odb
/OpenROAD-flow-scripts/flow/scripts/flow.sh 5_1_grt global_route
Running global_route.tcl, stage 5_1_grt
source ./platforms/ihp-sg13g2/suppress_message.tcl
read_liberty ./platforms/ihp-sg13g2/lib/sg13g2_stdcell_typ_1p20V_25C.lib
read_db -hier /tmp/workspace/scripts-Private_test-fr_cugr_cmp-1-/results/ihp-sg13g2/spi/base/4_cts.odb
[WARNING ORD-0012] Hierarchical flow (-hier) is currently in development and may cause multiple issues. Do not use in production environments.
read_sdc /tmp/workspace/scripts-Private_test-fr_cugr_cmp-1-/results/ihp-sg13g2/spi/base/4_cts.sdc
source ./platforms/ihp-sg13g2/setRC.tcl
pin_access
[INFO DRT-0149] Reading tech and libs.

Units:                1000
Number of layers:     15
Number of macros:     84
Number of vias:       84
Number of viarulegen: 6

[INFO DRT-0150] Reading design.

Design:                   spi
Die area:                 ( 0 0 ) ( 138200 138200 )
Number of track patterns: 14
Number of DEF vias:       0
Number of components:     180
Number of terminals:      25
Number of snets:          2
Number of nets:           190

[INFO DRT-0167] List of default vias:
  Layer Via2
    default via: Via2_YX
  Layer Via3
    default via: Via3_XY
  Layer Via4
    default via: Via4_YX
  Layer TopVia1
    default via: TopVia1EWNS
  Layer TopVia2
    default via: TopVia2EWNS
[INFO DRT-0162] Library cell analysis.
[INFO DRT-0163] Instance analysis.
[INFO DRT-0164] Number of unique instances = 33.
[INFO DRT-0168] Init region query.
[INFO DRT-0024]   Complete GatPoly.
[INFO DRT-0024]   Complete Cont.
[INFO DRT-0024]   Complete Metal1.
[INFO DRT-0024]   Complete Via1.
[INFO DRT-0024]   Complete Metal2.
[INFO DRT-0024]   Complete Via2.
[INFO DRT-0024]   Complete Metal3.
[INFO DRT-0024]   Complete Via3.
[INFO DRT-0024]   Complete Metal4.
[INFO DRT-0024]   Complete Via4.
[INFO DRT-0024]   Complete Metal5.
[INFO DRT-0024]   Complete TopVia1.
[INFO DRT-0024]   Complete TopMetal1.
[INFO DRT-0024]   Complete TopVia2.
[INFO DRT-0024]   Complete TopMetal2.
[INFO DRT-0033] GatPoly shape region query size = 0.
[INFO DRT-0033] Cont shape region query size = 0.
[INFO DRT-0033] Metal1 shape region query size = 4718.
[INFO DRT-0033] Via1 shape region query size = 853.
[INFO DRT-0033] Metal2 shape region query size = 199.
[INFO DRT-0033] Via2 shape region query size = 853.
[INFO DRT-0033] Metal3 shape region query size = 204.
[INFO DRT-0033] Via3 shape region query size = 853.
[INFO DRT-0033] Metal4 shape region query size = 190.
[INFO DRT-0033] Via4 shape region query size = 853.
[INFO DRT-0033] Metal5 shape region query size = 285.
[INFO DRT-0033] TopVia1 shape region query size = 352.
[INFO DRT-0033] TopMetal1 shape region query size = 134.
[INFO DRT-0033] TopVia2 shape region query size = 61.
[INFO DRT-0033] TopMetal2 shape region query size = 39.
[INFO DRT-0165] Start pin access.
[INFO DRT-0078]   Complete 176 pins.
[INFO DRT-0081]   Complete 33 unique inst patterns.
[INFO DRT-0084]   Complete 112 groups.
#scanned instances     = 180
#unique  instances     = 33
#stdCellGenAp          = 1306
#stdCellValidPlanarAp  = 0
#stdCellValidViaAp     = 1031
#stdCellPinNoAp        = 0
#stdCellPinCnt         = 528
#instTermValidViaApCnt = 0
#macroGenAp            = 0
#macroValidPlanarAp    = 0
#macroValidViaAp       = 0
#macroNoAp             = 0
[INFO DRT-0166] Complete pin access.
[INFO DRT-0267] cpu time = 00:00:07, elapsed time = 00:00:00, memory = 107.93 (MB), peak = 103.14 (MB)
global_route -congestion_report_file /tmp/workspace/scripts-Private_test-fr_cugr_cmp-1-/reports/ihp-sg13g2/spi/base/congestion.rpt -congestion_iterations 30 -congestion_report_iter_step 5 -verbose
[INFO GRT-0020] Min routing layer: Metal2
[INFO GRT-0021] Max routing layer: Metal5
[INFO GRT-0022] Global adjustment: 0%
[INFO GRT-0023] Grid origin: (0, 0)
[INFO GRT-0088] Layer Metal1  Track-Pitch = 0.4200  line-2-Via Pitch: 0.3650
[INFO GRT-0088] Layer Metal2  Track-Pitch = 0.4800  line-2-Via Pitch: 0.4150
[INFO GRT-0088] Layer Metal3  Track-Pitch = 0.4200  line-2-Via Pitch: 0.4150
[INFO GRT-0088] Layer Metal4  Track-Pitch = 0.4800  line-2-Via Pitch: 0.4150
[INFO GRT-0088] Layer Metal5  Track-Pitch = 0.4200  line-2-Via Pitch: 0.4100
[INFO GRT-0003] Macros: 0
[INFO GRT-0004] Blockages: 0
[INFO GRT-0019] Found 6 clock nets.
[INFO GRT-0001] Minimum degree: 2
[INFO GRT-0002] Maximum degree: 9

[INFO GRT-0053] Routing resources analysis:
          Routing      Original      Derated      Resource
Layer     Direction    Resources     Resources    Reduction (%)
---------------------------------------------------------------
Metal1     Horizontal          0             0          0.00%
Metal2     Vertical         4448          4106          7.69%
Metal3     Horizontal       5822          5480          5.87%
Metal4     Vertical         4448          4106          7.69%
Metal5     Horizontal       5736          5394          5.96%
---------------------------------------------------------------

[INFO GRT-0197] Via related to pin nodes: 883
[INFO GRT-0198] Via related Steiner nodes: 11
[INFO GRT-0199] Via filling finished.
[INFO GRT-0111] Final number of vias: 1045
[INFO GRT-0112] Final usage 3D: 3720

[INFO GRT-0096] Final congestion report:
Layer         Resource        Demand        Usage (%)    Max H / Max V / Total Congestion
---------------------------------------------------------------------------------------
Metal1               0             0            0.00%             0 /  0 /  0
Metal2            4106           303            7.38%             0 /  0 /  0
Metal3            5480           269            4.91%             0 /  0 /  0
Metal4            4106            13            0.32%             0 /  0 /  0
Metal5            5394             0            0.00%             0 /  0 /  0
---------------------------------------------------------------------------------------
Total            19086           585            3.07%             0 /  0 /  0

[INFO GRT-0018] Total wirelength: 6292 um
[INFO GRT-0014] Routed nets: 190
[INFO GRT-0303] Global routing runtime = 00:00:00
[WARNING STA-0450] virtual clock vclk_core_clock can not be propagated.
estimate_parasitics -global_routing
Perform buffer insertion and gate resizing...
repair_design -verbose
Iteration |   Area    | Resized | Buffers | Nets repaired | Remaining
---------------------------------------------------------------------
        0 |     +0.0% |       0 |       0 |             0 |       193
       10 |     +0.0% |       0 |       0 |             0 |       183
       20 |     +0.0% |       0 |       0 |             0 |       173
       30 |     +0.0% |       0 |       0 |             0 |       163
       40 |     +0.0% |       0 |       0 |             0 |       153
       50 |     +0.0% |       0 |       0 |             0 |       143
       60 |     +0.0% |       0 |       0 |             0 |       133
       70 |     +0.0% |       0 |       0 |             0 |       123
       80 |     +0.0% |       0 |       0 |             0 |       113
       90 |     +0.0% |       0 |       0 |             0 |       103
      100 |     +0.0% |       0 |       0 |             0 |        93
      110 |     +0.0% |       0 |       0 |             0 |        83
      120 |     +0.0% |       0 |       0 |             0 |        73
      130 |     +0.0% |       0 |       0 |             0 |        63
      140 |     +0.0% |       0 |       0 |             0 |        53
      150 |     +0.0% |       0 |       0 |             0 |        43
      160 |     +0.0% |       0 |       0 |             0 |        33
      170 |     +0.0% |       0 |       0 |             0 |        23
      180 |     +0.0% |       0 |       0 |             0 |        13
      190 |     +0.0% |       0 |       0 |             0 |         3
    final |     +0.0% |       0 |       0 |             0 |         0
---------------------------------------------------------------------
[INFO RSZ-0504] Runtime: 0.03s
global_route -start_incremental
detailed_placement
[INFO DPL-0006] Core area: 10095.32 um^2
[INFO DPL-0007] Movable instances area: 2663.54 um^2
[INFO DPL-0008] Fixed instances area within core: 0.00 um^2
[INFO DPL-0009] Utilization: 26.4%
[INFO DPL-0005] Diamond search max displacement: +/- 500 sites horizontally, +/- 100 rows vertically.
[INFO DPL-1102] Legalizing using negotiation legalizer.
[INFO DPL-1103] Negotiation base search window: +/-20 sites horizontally, +/-5 rows vertically 
	Automatic search window extension enabled.
	Search window extendable up to the max displacement cap of +/-500 sites, +/-100 rows near walls.
[INFO DPL-1104] NegotiationLegalizer DRC penalty: 5.
[INFO DPL-0392] Negotiation cell height distribution (1 unique row-count(s)):
[INFO DPL-0393]   height 1 row(s): 180 cells
[INFO DPL-0500] Runtime: 0.00s
Placement Analysis
---------------------------------
total displacement          0.0 u
average displacement        0.0 u
max displacement            0.0 u
original HPWL            3519.4 u
legalized HPWL           3519.4 u
delta HPWL                    0 %

global_route -end_incremental -congestion_report_file /tmp/workspace/scripts-Private_test-fr_cugr_cmp-1-/reports/ihp-sg13g2/spi/base/congestion_post_repair_design.rpt
Repair setup and hold violations...
estimate_parasitics -global_routing
repair_timing -setup_margin 0 -hold_margin 0 -repair_tns 100 -verbose
[INFO RSZ-0100] Repair move sequence: UnbufferMove SizeUpMove SwapPinsMove BufferMove CloneMove SplitLoadMove 
[INFO RSZ-0098] No setup violations found
[INFO RSZ-0505] Runtime: 0.02s
[INFO RSZ-0033] No hold violations found.
[INFO RSZ-0506] Runtime: 0.01s
global_route -start_incremental
detailed_placement
[INFO DPL-0006] Core area: 10095.32 um^2
[INFO DPL-0007] Movable instances area: 2663.54 um^2
[INFO DPL-0008] Fixed instances area within core: 0.00 um^2
[INFO DPL-0009] Utilization: 26.4%
[INFO DPL-0005] Diamond search max displacement: +/- 500 sites horizontally, +/- 100 rows vertically.
[INFO DPL-1102] Legalizing using negotiation legalizer.
[INFO DPL-1103] Negotiation base search window: +/-20 sites horizontally, +/-5 rows vertically 
	Automatic search window extension enabled.
	Search window extendable up to the max displacement cap of +/-500 sites, +/-100 rows near walls.
[INFO DPL-1104] NegotiationLegalizer DRC penalty: 5.
[INFO DPL-0392] Negotiation cell height distribution (1 unique row-count(s)):
[INFO DPL-0393]   height 1 row(s): 180 cells
[INFO DPL-0500] Runtime: 0.00s
Placement Analysis
---------------------------------
total displacement          0.0 u
average displacement        0.0 u
max displacement            0.0 u
original HPWL            3519.4 u
legalized HPWL           3519.4 u
delta HPWL                    0 %

check_placement -verbose
global_route -end_incremental -congestion_report_file /tmp/workspace/scripts-Private_test-fr_cugr_cmp-1-/reports/ihp-sg13g2/spi/base/congestion_post_repair_timing.rpt
estimate_parasitics -global_routing
global_route -start_incremental
global_route -end_incremental -congestion_report_file /tmp/workspace/scripts-Private_test-fr_cugr_cmp-1-/reports/ihp-sg13g2/spi/base/congestion_post_recover_power.rpt
Repair antennas...
[INFO GRT-0012] Found 0 antenna violations.
[INFO ANT-0002] Found 0 net violations.
[INFO ANT-0001] Found 0 pin violations.
Estimate parasitics...
estimate_parasitics -global_routing
Report metrics stage 5, global route...

==========================================================================
global route report_design_area
--------------------------------------------------------------------------
Design area 2664 um^2 26% utilization.
[INFO FLW-0007] clock core_clock period 1.000000
[WARNING FLW-0010] more than one clock found. Skipping sdc update.
[INFO FLW-0011] Path endpoint path count 38
write_db /tmp/workspace/scripts-Private_test-fr_cugr_cmp-1-/results/ihp-sg13g2/spi/base/5_1_grt.odb
write_sdc -no_timestamp /tmp/workspace/scripts-Private_test-fr_cugr_cmp-1-/results/ihp-sg13g2/spi/base/5_1_grt.sdc
Elapsed time: 0:01.27[h:]min:sec. CPU time: user 10.10 sys 0.10 (805%). Peak memory: 219112KB.
Log                       Ext     Elapsed/s Peak Memory/MB sha1sum result [0:20)
5_1_grt                   .odb            1            213 9dc9f4e361c230c05217
5_1_grt                   .sdc                             41e992c46d76f1b3246c
/OpenROAD-flow-scripts/flow/scripts/flow.sh 5_2_route detail_route
Running detail_route.tcl, stage 5_2_route
source ./platforms/ihp-sg13g2/suppress_message.tcl
read_liberty ./platforms/ihp-sg13g2/lib/sg13g2_stdcell_typ_1p20V_25C.lib
read_db -hier /tmp/workspace/scripts-Private_test-fr_cugr_cmp-1-/results/ihp-sg13g2/spi/base/5_1_grt.odb
[WARNING ORD-0012] Hierarchical flow (-hier) is currently in development and may cause multiple issues. Do not use in production environments.
read_sdc /tmp/workspace/scripts-Private_test-fr_cugr_cmp-1-/results/ihp-sg13g2/spi/base/5_1_grt.sdc
source ./platforms/ihp-sg13g2/setRC.tcl
[WARNING STA-0450] virtual clock vclk_core_clock can not be propagated.
detailed_route -output_drc /tmp/workspace/scripts-Private_test-fr_cugr_cmp-1-/reports/ihp-sg13g2/spi/base/5_route_drc.rpt -output_maze /tmp/workspace/scripts-Private_test-fr_cugr_cmp-1-/results/ihp-sg13g2/spi/base/maze.log -droute_end_iter 64 -verbose 1 -drc_report_iter_step 5
[INFO DRT-0149] Reading tech and libs.

Units:                1000
Number of layers:     15
Number of macros:     84
Number of vias:       84
Number of viarulegen: 6

[INFO DRT-0150] Reading design.

Design:                   spi
Die area:                 ( 0 0 ) ( 138200 138200 )
Number of track patterns: 14
Number of DEF vias:       0
Number of components:     180
Number of terminals:      25
Number of snets:          2
Number of nets:           190

[INFO DRT-0167] List of default vias:
  Layer Via2
    default via: Via2_YX
  Layer Via3
    default via: Via3_XY
  Layer Via4
    default via: Via4_YX
  Layer TopVia1
    default via: TopVia1EWNS
  Layer TopVia2
    default via: TopVia2EWNS
[INFO DRT-0162] Library cell analysis.
[INFO DRT-0163] Instance analysis.
[INFO DRT-0164] Number of unique instances = 33.
[INFO DRT-0168] Init region query.
[INFO DRT-0024]   Complete GatPoly.
[INFO DRT-0024]   Complete Cont.
[INFO DRT-0024]   Complete Metal1.
[INFO DRT-0024]   Complete Via1.
[INFO DRT-0024]   Complete Metal2.
[INFO DRT-0024]   Complete Via2.
[INFO DRT-0024]   Complete Metal3.
[INFO DRT-0024]   Complete Via3.
[INFO DRT-0024]   Complete Metal4.
[INFO DRT-0024]   Complete Via4.
[INFO DRT-0024]   Complete Metal5.
[INFO DRT-0024]   Complete TopVia1.
[INFO DRT-0024]   Complete TopMetal1.
[INFO DRT-0024]   Complete TopVia2.
[INFO DRT-0024]   Complete TopMetal2.
[INFO DRT-0033] GatPoly shape region query size = 0.
[INFO DRT-0033] Cont shape region query size = 0.
[INFO DRT-0033] Metal1 shape region query size = 4718.
[INFO DRT-0033] Via1 shape region query size = 853.
[INFO DRT-0033] Metal2 shape region query size = 199.
[INFO DRT-0033] Via2 shape region query size = 853.
[INFO DRT-0033] Metal3 shape region query size = 204.
[INFO DRT-0033] Via3 shape region query size = 853.
[INFO DRT-0033] Metal4 shape region query size = 190.
[INFO DRT-0033] Via4 shape region query size = 853.
[INFO DRT-0033] Metal5 shape region query size = 285.
[INFO DRT-0033] TopVia1 shape region query size = 352.
[INFO DRT-0033] TopMetal1 shape region query size = 134.
[INFO DRT-0033] TopVia2 shape region query size = 61.
[INFO DRT-0033] TopMetal2 shape region query size = 39.
[INFO DRT-0165] Start pin access.
[INFO DRT-0078]   Complete 176 pins.
[INFO DRT-0081]   Complete 33 unique inst patterns.
[INFO DRT-0084]   Complete 112 groups.
#scanned instances     = 180
#unique  instances     = 33
#stdCellGenAp          = 1306
#stdCellValidPlanarAp  = 0
#stdCellValidViaAp     = 1031
#stdCellPinNoAp        = 0
#stdCellPinCnt         = 528
#instTermValidViaApCnt = 0
#macroGenAp            = 0
#macroValidPlanarAp    = 0
#macroValidViaAp       = 0
#macroNoAp             = 0
[INFO DRT-0166] Complete pin access.
[INFO DRT-0267] cpu time = 00:00:06, elapsed time = 00:00:00, memory = 190.81 (MB), peak = 186.05 (MB)

[INFO DRT-0157] Number of guides:     1100

[INFO DRT-0169] Post process guides.
[INFO DRT-0176] GCELLGRID X 0 DO 19 STEP 7200 ;
[INFO DRT-0177] GCELLGRID Y 0 DO 19 STEP 7200 ;
[INFO DRT-0028]   Complete GatPoly.
[INFO DRT-0028]   Complete Cont.
[INFO DRT-0028]   Complete Metal1.
[INFO DRT-0028]   Complete Via1.
[INFO DRT-0028]   Complete Metal2.
[INFO DRT-0028]   Complete Via2.
[INFO DRT-0028]   Complete Metal3.
[INFO DRT-0028]   Complete Via3.
[INFO DRT-0028]   Complete Metal4.
[INFO DRT-0028]   Complete Via4.
[INFO DRT-0028]   Complete Metal5.
[INFO DRT-0028]   Complete TopVia1.
[INFO DRT-0028]   Complete TopMetal1.
[INFO DRT-0028]   Complete TopVia2.
[INFO DRT-0028]   Complete TopMetal2.
[INFO DRT-0178] Init guide query.
[INFO DRT-0035]   Complete GatPoly (guide).
[INFO DRT-0035]   Complete Cont (guide).
[INFO DRT-0035]   Complete Metal1 (guide).
[INFO DRT-0035]   Complete Via1 (guide).
[INFO DRT-0035]   Complete Metal2 (guide).
[INFO DRT-0035]   Complete Via2 (guide).
[INFO DRT-0035]   Complete Metal3 (guide).
[INFO DRT-0035]   Complete Via3 (guide).
[INFO DRT-0035]   Complete Metal4 (guide).
[INFO DRT-0035]   Complete Via4 (guide).
[INFO DRT-0035]   Complete Metal5 (guide).
[INFO DRT-0035]   Complete TopVia1 (guide).
[INFO DRT-0035]   Complete TopMetal1 (guide).
[INFO DRT-0035]   Complete TopVia2 (guide).
[INFO DRT-0035]   Complete TopMetal2 (guide).
[INFO DRT-0036] GatPoly guide region query size = 0.
[INFO DRT-0036] Cont guide region query size = 0.
[INFO DRT-0036] Metal1 guide region query size = 438.
[INFO DRT-0036] Via1 guide region query size = 0.
[INFO DRT-0036] Metal2 guide region query size = 341.
[INFO DRT-0036] Via2 guide region query size = 0.
[INFO DRT-0036] Metal3 guide region query size = 141.
[INFO DRT-0036] Via3 guide region query size = 0.
[INFO DRT-0036] Metal4 guide region query size = 4.
[INFO DRT-0036] Via4 guide region query size = 0.
[INFO DRT-0036] Metal5 guide region query size = 0.
[INFO DRT-0036] TopVia1 guide region query size = 0.
[INFO DRT-0036] TopMetal1 guide region query size = 0.
[INFO DRT-0036] TopVia2 guide region query size = 0.
[INFO DRT-0036] TopMetal2 guide region query size = 0.
[INFO DRT-0179] Init gr pin query.
[INFO DRT-0267] cpu time = 00:00:00, elapsed time = 00:00:00, memory = 191.13 (MB), peak = 186.29 (MB)
[INFO DRT-0245] skipped writing guide updates to database.
[INFO DRT-0181] Start track assignment.
[INFO DRT-0184] Done with 345 vertical wires in 1 frboxes and 579 horizontal wires in 1 frboxes.
[INFO DRT-0186] Done with 87 vertical wires in 1 frboxes and 42 horizontal wires in 1 frboxes.
[INFO DRT-0182] Complete track assignment.
[INFO DRT-0267] cpu time = 00:00:00, elapsed time = 00:00:00, memory = 196.14 (MB), peak = 191.44 (MB)
[INFO DRT-0187] Start routing data preparation.
[INFO DRT-0267] cpu time = 00:00:00, elapsed time = 00:00:00, memory = 196.18 (MB), peak = 191.44 (MB)
[INFO DRT-0194] Start detail routing.
[INFO DRT-0195] Start 0th optimization iteration.
    Completing 10% with 0 violations.
    elapsed time = 00:00:00, memory = 196.51 (MB).
    Completing 20% with 0 violations.
    elapsed time = 00:00:00, memory = 196.61 (MB).
    Completing 30% with 0 violations.
    elapsed time = 00:00:00, memory = 200.78 (MB).
    Completing 40% with 0 violations.
    elapsed time = 00:00:00, memory = 199.75 (MB).
    Completing 50% with 0 violations.
    elapsed time = 00:00:00, memory = 210.38 (MB).
    Completing 60% with 0 violations.
    elapsed time = 00:00:00, memory = 208.09 (MB).
    Completing 70% with 5 violations.
    elapsed time = 00:00:00, memory = 213.09 (MB).
    Completing 80% with 5 violations.
    elapsed time = 00:00:00, memory = 216.70 (MB).
    Completing 100% with 33 violations.
    elapsed time = 00:00:04, memory = 231.42 (MB).
[INFO DRT-0199]   Number of violations = 41.
Viol/Layer      Metal2 Metal3
Metal Spacing       14      1
Recheck              7      1
Short               18      0
[INFO DRT-0267] cpu time = 00:00:06, elapsed time = 00:00:04, memory = 641.63 (MB), peak = 637.08 (MB)
Total wire length = 4057 um.
Total wire length on LAYER Metal1 = 0 um.
Total wire length on LAYER Metal2 = 2244 um.
Total wire length on LAYER Metal3 = 1708 um.
Total wire length on LAYER Metal4 = 104 um.
Total wire length on LAYER Metal5 = 0 um.
Total wire length on LAYER TopMetal1 = 0 um.
Total wire length on LAYER TopMetal2 = 0 um.
Total number of vias = 934.
Up-via summary (total 934):

-----------------
   GatPoly      0
    Metal1    532
    Metal2    384
    Metal3     18
    Metal4      0
    Metal5      0
 TopMetal1      0
-----------------
          934


[INFO DRT-0195] Start 1st optimization iteration.
    Completing 10% with 41 violations.
    elapsed time = 00:00:00, memory = 641.64 (MB).
    Completing 20% with 41 violations.
    elapsed time = 00:00:00, memory = 641.78 (MB).
    Completing 30% with 41 violations.
    elapsed time = 00:00:00, memory = 645.88 (MB).
    Completing 40% with 41 violations.
    elapsed time = 00:00:00, memory = 646.39 (MB).
    Completing 50% with 41 violations.
    elapsed time = 00:00:00, memory = 656.18 (MB).
    Completing 60% with 41 violations.
    elapsed time = 00:00:00, memory = 659.05 (MB).
    Completing 70% with 37 violations.
    elapsed time = 00:00:00, memory = 665.43 (MB).
    Completing 80% with 37 violations.
    elapsed time = 00:00:00, memory = 666.84 (MB).
    Completing 100% with 23 violations.
    elapsed time = 00:00:04, memory = 703.80 (MB).
[INFO DRT-0199]   Number of violations = 23.
Viol/Layer      Metal2
Metal Spacing        9
Short               14
[INFO DRT-0267] cpu time = 00:00:06, elapsed time = 00:00:04, memory = 704.80 (MB), peak = 742.71 (MB)
Total wire length = 3991 um.
Total wire length on LAYER Metal1 = 0 um.
Total wire length on LAYER Metal2 = 2199 um.
Total wire length on LAYER Metal3 = 1670 um.
Total wire length on LAYER Metal4 = 120 um.
Total wire length on LAYER Metal5 = 0 um.
Total wire length on LAYER TopMetal1 = 0 um.
Total wire length on LAYER TopMetal2 = 0 um.
Total number of vias = 915.
Up-via summary (total 915):

-----------------
   GatPoly      0
    Metal1    531
    Metal2    365
    Metal3     19
    Metal4      0
    Metal5      0
 TopMetal1      0
-----------------
          915


[INFO DRT-0195] Start 2nd optimization iteration.
    Completing 10% with 23 violations.
    elapsed time = 00:00:00, memory = 704.81 (MB).
    Completing 20% with 23 violations.
    elapsed time = 00:00:00, memory = 720.75 (MB).
    Completing 30% with 24 violations.
    elapsed time = 00:00:00, memory = 720.75 (MB).
    Completing 40% with 24 violations.
    elapsed time = 00:00:00, memory = 720.75 (MB).
    Completing 50% with 24 violations.
    elapsed time = 00:00:00, memory = 720.75 (MB).
    Completing 60% with 24 violations.
    elapsed time = 00:00:00, memory = 720.75 (MB).
    Completing 70% with 24 violations.
    elapsed time = 00:00:01, memory = 740.64 (MB).
    Completing 80% with 32 violations.
    elapsed time = 00:00:01, memory = 740.66 (MB).
    Completing 90% with 32 violations.
    elapsed time = 00:00:01, memory = 740.68 (MB).
    Completing 100% with 28 violations.
    elapsed time = 00:00:01, memory = 759.41 (MB).
[INFO DRT-0199]   Number of violations = 28.
Viol/Layer      Metal2
Metal Spacing       12
Short               16
[INFO DRT-0267] cpu time = 00:00:03, elapsed time = 00:00:01, memory = 759.54 (MB), peak = 754.99 (MB)
Total wire length = 3970 um.
Total wire length on LAYER Metal1 = 0 um.
Total wire length on LAYER Metal2 = 2162 um.
Total wire length on LAYER Metal3 = 1684 um.
Total wire length on LAYER Metal4 = 124 um.
Total wire length on LAYER Metal5 = 0 um.
Total wire length on LAYER TopMetal1 = 0 um.
Total wire length on LAYER TopMetal2 = 0 um.
Total number of vias = 921.
Up-via summary (total 921):

-----------------
   GatPoly      0
    Metal1    532
    Metal2    367
    Metal3     22
    Metal4      0
    Metal5      0
 TopMetal1      0
-----------------
          921


[INFO DRT-0195] Start 3rd guides tiles iteration.
    Completing 10% with 28 violations.
    elapsed time = 00:00:01, memory = 780.64 (MB).
    Completing 30% with 0 violations.
    elapsed time = 00:00:01, memory = 780.64 (MB).
    Completing 50% with 0 violations.
    elapsed time = 00:00:01, memory = 780.64 (MB).
    Completing 60% with 0 violations.
    elapsed time = 00:00:01, memory = 780.64 (MB).
    Completing 80% with 0 violations.
    elapsed time = 00:00:01, memory = 780.64 (MB).
    Completing 100% with 0 violations.
    elapsed time = 00:00:01, memory = 780.64 (MB).
[INFO DRT-0199]   Number of violations = 0.
[INFO DRT-0267] cpu time = 00:00:01, elapsed time = 00:00:01, memory = 780.64 (MB), peak = 776.12 (MB)
Total wire length = 3994 um.
Total wire length on LAYER Metal1 = 0 um.
Total wire length on LAYER Metal2 = 2063 um.
Total wire length on LAYER Metal3 = 1715 um.
Total wire length on LAYER Metal4 = 216 um.
Total wire length on LAYER Metal5 = 0 um.
Total wire length on LAYER TopMetal1 = 0 um.
Total wire length on LAYER TopMetal2 = 0 um.
Total number of vias = 947.
Up-via summary (total 947):

-----------------
   GatPoly      0
    Metal1    533
    Metal2    377
    Metal3     37
    Metal4      0
    Metal5      0
 TopMetal1      0
-----------------
          947


[INFO DRT-0198] Complete detail routing.
Total wire length = 3994 um.
Total wire length on LAYER Metal1 = 0 um.
Total wire length on LAYER Metal2 = 2063 um.
Total wire length on LAYER Metal3 = 1715 um.
Total wire length on LAYER Metal4 = 216 um.
Total wire length on LAYER Metal5 = 0 um.
Total wire length on LAYER TopMetal1 = 0 um.
Total wire length on LAYER TopMetal2 = 0 um.
Total number of vias = 947.
Up-via summary (total 947):

-----------------
   GatPoly      0
    Metal1    533
    Metal2    377
    Metal3     37
    Metal4      0
    Metal5      0
 TopMetal1      0
-----------------
          947


[INFO DRT-0267] cpu time = 00:00:17, elapsed time = 00:00:12, memory = 780.70 (MB), peak = 776.12 (MB)

[INFO DRT-0180] Post processing.
[INFO DRT-0501] Runtime: 13.36s
Took 13 seconds: detailed_route -output_drc /tmp/workspace/scripts-Private_test-fr_cugr_cmp-1-/reports/ihp-sg13g2/spi/base/5_route_drc.rpt -output_maze /tmp/workspace/scripts-Private_test-fr_cugr_cmp-1-/results/ihp-sg13g2/spi/base/maze.log -droute_end_iter 64 -verbose 1 -drc_report_iter_step 5
[INFO GRT-0012] Found 0 antenna violations.
[INFO ANT-0002] Found 0 net violations.
[INFO ANT-0001] Found 0 pin violations.
[INFO ANT-0002] Found 0 net violations.
[INFO ANT-0001] Found 0 pin violations.
Design area 2664 um^2 26% utilization.
write_db /tmp/workspace/scripts-Private_test-fr_cugr_cmp-1-/results/ihp-sg13g2/spi/base/5_2_route.odb
Elapsed time: 0:13.63[h:]min:sec. CPU time: user 25.51 sys 0.33 (189%). Peak memory: 794752KB.
Log                       Ext     Elapsed/s Peak Memory/MB sha1sum result [0:20)
5_2_route                 .odb           13            776 0f9c9f10f9d58edefb33
/OpenROAD-flow-scripts/flow/scripts/flow.sh 5_3_fillcell fillcell
Running fillcell.tcl, stage 5_3_fillcell
source ./platforms/ihp-sg13g2/suppress_message.tcl
read_liberty ./platforms/ihp-sg13g2/lib/sg13g2_stdcell_typ_1p20V_25C.lib
read_db -hier /tmp/workspace/scripts-Private_test-fr_cugr_cmp-1-/results/ihp-sg13g2/spi/base/5_2_route.odb
[WARNING ORD-0012] Hierarchical flow (-hier) is currently in development and may cause multiple issues. Do not use in production environments.
read_sdc /tmp/workspace/scripts-Private_test-fr_cugr_cmp-1-/results/ihp-sg13g2/spi/base/5_1_grt.sdc
source ./platforms/ihp-sg13g2/setRC.tcl
[WARNING STA-0450] virtual clock vclk_core_clock can not be propagated.
filler_placement "sg13g2_fill_1 sg13g2_fill_2 sg13g2_decap_4 sg13g2_decap_8"
[INFO DPL-0001] Placed 700 filler instances.
Design area 2664 um^2 26% utilization.
write_db /tmp/workspace/scripts-Private_test-fr_cugr_cmp-1-/results/ihp-sg13g2/spi/base/5_3_fillcell.odb
Elapsed time: 0:00.17[h:]min:sec. CPU time: user 0.13 sys 0.04 (100%). Peak memory: 107936KB.
Log                       Ext     Elapsed/s Peak Memory/MB sha1sum result [0:20)
5_3_fillcell              .odb            0            105 52379676563672086d44
cp /tmp/workspace/scripts-Private_test-fr_cugr_cmp-1-/results/ihp-sg13g2/spi/base/5_3_fillcell.odb /tmp/workspace/scripts-Private_test-fr_cugr_cmp-1-/results/ihp-sg13g2/spi/base/5_route.odb
cp /tmp/workspace/scripts-Private_test-fr_cugr_cmp-1-/results/ihp-sg13g2/spi/base/5_1_grt.sdc /tmp/workspace/scripts-Private_test-fr_cugr_cmp-1-/results/ihp-sg13g2/spi/base/5_route.sdc
/OpenROAD-flow-scripts/flow/scripts/flow.sh 6_1_fill density_fill
Running density_fill.tcl, stage 6_1_fill
source ./platforms/ihp-sg13g2/suppress_message.tcl
read_liberty ./platforms/ihp-sg13g2/lib/sg13g2_stdcell_typ_1p20V_25C.lib
read_db -hier /tmp/workspace/scripts-Private_test-fr_cugr_cmp-1-/results/ihp-sg13g2/spi/base/5_route.odb
[WARNING ORD-0012] Hierarchical flow (-hier) is currently in development and may cause multiple issues. Do not use in production environments.
read_sdc /tmp/workspace/scripts-Private_test-fr_cugr_cmp-1-/results/ihp-sg13g2/spi/base/5_route.sdc
source ./platforms/ihp-sg13g2/setRC.tcl
[WARNING STA-0450] virtual clock vclk_core_clock can not be propagated.
[WARNING FIN-0010] Skipping layer OVERLAP.
[WARNING FIN-0010] Skipping layer LOCKED.
[WARNING FIN-0010] Skipping layer LOCKED1.
[WARNING FIN-0010] Skipping layer LOCKED2.
[WARNING FIN-0010] Skipping layer GatPoly.
[WARNING FIN-0010] Skipping layer Cont.
[INFO FIN-0003] Filling layer Metal1.
[INFO FIN-0009] Filling 17 areas with non-OPC fill.
[INFO FIN-0004] Total fills: 0.
[WARNING FIN-0010] Skipping layer Via1.
[INFO FIN-0003] Filling layer Metal2.
[INFO FIN-0009] Filling 36 areas with non-OPC fill.
[INFO FIN-0004] Total fills: 232.
[WARNING FIN-0010] Skipping layer Via2.
[INFO FIN-0003] Filling layer Metal3.
[INFO FIN-0009] Filling 16 areas with non-OPC fill.
[INFO FIN-0004] Total fills: 512.
[WARNING FIN-0010] Skipping layer Via3.
[INFO FIN-0003] Filling layer Metal4.
[INFO FIN-0009] Filling 5 areas with non-OPC fill.
[INFO FIN-0004] Total fills: 918.
[WARNING FIN-0010] Skipping layer Via4.
[INFO FIN-0003] Filling layer Metal5.
[INFO FIN-0009] Filling 1 areas with non-OPC fill.
[INFO FIN-0004] Total fills: 1358.
[WARNING FIN-0010] Skipping layer TopVia1.
[INFO FIN-0003] Filling layer TopMetal1.
[INFO FIN-0009] Filling 4 areas with non-OPC fill.
[INFO FIN-0004] Total fills: 1414.
[WARNING FIN-0010] Skipping layer TopVia2.
[INFO FIN-0003] Filling layer TopMetal2.
[INFO FIN-0009] Filling 4 areas with non-OPC fill.
[INFO FIN-0004] Total fills: 1470.
write_db /tmp/workspace/scripts-Private_test-fr_cugr_cmp-1-/results/ihp-sg13g2/spi/base/6_1_fill.odb
Elapsed time: 0:00.21[h:]min:sec. CPU time: user 0.18 sys 0.03 (100%). Peak memory: 107904KB.
Log                       Ext     Elapsed/s Peak Memory/MB sha1sum result [0:20)
6_1_fill                  .v              0            105 a1fae740d766eee19294
6_1_fill                  .odb                             5cb94d4da7deda3b3095
cp /tmp/workspace/scripts-Private_test-fr_cugr_cmp-1-/results/ihp-sg13g2/spi/base/5_route.sdc /tmp/workspace/scripts-Private_test-fr_cugr_cmp-1-/results/ihp-sg13g2/spi/base/6_1_fill.sdc
/OpenROAD-flow-scripts/flow/scripts/flow.sh 6_report final_report
Running final_report.tcl, stage 6_report
source ./platforms/ihp-sg13g2/suppress_message.tcl
read_liberty ./platforms/ihp-sg13g2/lib/sg13g2_stdcell_typ_1p20V_25C.lib
read_db -hier /tmp/workspace/scripts-Private_test-fr_cugr_cmp-1-/results/ihp-sg13g2/spi/base/6_1_fill.odb
[WARNING ORD-0012] Hierarchical flow (-hier) is currently in development and may cause multiple issues. Do not use in production environments.
read_sdc /tmp/workspace/scripts-Private_test-fr_cugr_cmp-1-/results/ihp-sg13g2/spi/base/6_1_fill.sdc
source ./platforms/ihp-sg13g2/setRC.tcl
[WARNING STA-0450] virtual clock vclk_core_clock can not be propagated.
write_db /tmp/workspace/scripts-Private_test-fr_cugr_cmp-1-/results/ihp-sg13g2/spi/base/6_final.odb
write_sdc -no_timestamp /tmp/workspace/scripts-Private_test-fr_cugr_cmp-1-/results/ihp-sg13g2/spi/base/6_final.sdc
Deleted 0 routing obstructions
[INFO RCX-0431] Defined process_corner X with ext_model_index 0
[INFO RCX-0029] Defined extraction corner X
[WARNING RCX-0514] The ext_model_file option is deprecated. Use set_extraction_rules_file command instead.
[INFO RCX-0435] Reading extraction model file ./platforms/ihp-sg13g2/rcx_patterns.rules ...
[INFO RCX-0436] RC segment generation spi (max_merge_res 50.0) ...
[INFO RCX-0040] Final 666 rc segments
[INFO RCX-0439] Coupling Cap extraction spi ...
[INFO RCX-0440] Coupling threshhold is 0.1000 fF, coupling capacitance less than 0.1000 fF will be grounded.
[INFO RCX-0442] 52% of 1060 wires extracted
[INFO RCX-0442] 100% of 1060 wires extracted
[INFO RCX-0045] Extract 190 nets, 856 rsegs, 856 caps, 941 ccs
[INFO RCX-0443] 190 nets finished
[INFO PSM-0040] All shapes on net VDD are connected.
########## IR report #################
Net              : VDD
Corner           : default
Total power      : 1.97e-03 W
Supply voltage   : 1.20e+00 V
Worstcase voltage: 1.20e+00 V
Average voltage  : 1.20e+00 V
Average IR drop  : 5.39e-04 V
Worstcase IR drop: 3.00e-03 V
Percentage drop  : 0.25 %
######################################
[INFO PSM-0040] All shapes on net VSS are connected.
########## IR report #################
Net              : VSS
Corner           : default
Total power      : 1.97e-03 W
Supply voltage   : 0.00e+00 V
Worstcase voltage: 3.80e-03 V
Average voltage  : 4.16e-04 V
Average IR drop  : 4.16e-04 V
Worstcase IR drop: 3.80e-03 V
Percentage drop  : 0.32 %
######################################
Cell type report:                       Count       Area
  Fill cell                               700    7431.78
  Clock buffer                              5      72.58
  Timing Repair Buffer                     35     261.27
  Inverter                                  2      10.89
  Clock inverter                            3      16.33
  Sequential cell                          25    1226.53
  Multi-Input combinational cell          110    1075.94
  Total                                   880   10095.32
Report metrics stage 6, finish...

==========================================================================
finish report_design_area
--------------------------------------------------------------------------
Design area 2664 um^2 26% utilization.
[WARNING GUI-0076] QStandardPaths: XDG_RUNTIME_DIR not set, defaulting to '/tmp/runtime-root'
Elapsed time: 0:01.45[h:]min:sec. CPU time: user 1.41 sys 0.32 (119%). Peak memory: 171132KB.
Log                       Ext     Elapsed/s Peak Memory/MB sha1sum result [0:20)
6_report                                  1            167                  N/A
cp ./platforms/ihp-sg13g2/lef/sg13g2_tech.lef /tmp/workspace/scripts-Private_test-fr_cugr_cmp-1-/objects/ihp-sg13g2/spi/base/klayout_tech.lef
/usr/bin/python3 /OpenROAD-flow-scripts/flow/util/generate_klayout_tech.py \
	--template ./platforms/ihp-sg13g2/sg13g2.lyt \
	--output /tmp/workspace/scripts-Private_test-fr_cugr_cmp-1-/objects/ihp-sg13g2/spi/base/klayout.lyt \
	--lef-files /tmp/workspace/scripts-Private_test-fr_cugr_cmp-1-/objects/ihp-sg13g2/spi/base/klayout_tech.lef ./platforms/ihp-sg13g2/lef/sg13g2_stdcell.lef   \
	--map-files /OpenROAD-flow-scripts/flow/platforms/ihp-sg13g2/sg13g2.map
/usr/bin/python3 /OpenROAD-flow-scripts/flow/scripts/run_command.py --log /tmp/workspace/scripts-Private_test-fr_cugr_cmp-1-/logs/ihp-sg13g2/spi/base/6_1_merge.log --tee -- \
        /OpenROAD-flow-scripts/flow/scripts/klayout.sh -zz -rd design_name=spi \
        -rd in_def=/tmp/workspace/scripts-Private_test-fr_cugr_cmp-1-/results/ihp-sg13g2/spi/base/6_final.def \
        -rd in_files="./platforms/ihp-sg13g2/gds/sg13g2_stdcell.gds  " \
        -rd seal_file="" \
        -rd out_file=/tmp/workspace/scripts-Private_test-fr_cugr_cmp-1-/results/ihp-sg13g2/spi/base/6_1_merged.gds \
        -rd tech_file=/tmp/workspace/scripts-Private_test-fr_cugr_cmp-1-/objects/ihp-sg13g2/spi/base/klayout.lyt \
        -rd layer_map= \
        -r /OpenROAD-flow-scripts/flow/util/def2stream.py
KLayout 0.30.7
[INFO] Reporting cells prior to loading DEF ...
	./platforms/ihp-sg13g2/gds/sg13g2_stdcell.gds
[INFO] GDS_ALLOW_EMPTY=RM_IHPSG13_\dP_BITKIT_16x2_(CORNER|EDGE_TB|LE_con_corner|LE_con_edge_lr|LE_con_tap_lr|POWER_ramtap|TAP|TAP_LR)
[INFO] All LEF cells have matching GDS/OAS cells
[INFO] No orphan cells in the final layout
Elapsed time: 0:01.50[h:]min:sec. CPU time: user 1.27 sys 0.23 (99%). Peak memory: 436280KB.
cp /tmp/workspace/scripts-Private_test-fr_cugr_cmp-1-/results/ihp-sg13g2/spi/base/6_1_merged.gds /tmp/workspace/scripts-Private_test-fr_cugr_cmp-1-/results/ihp-sg13g2/spi/base/6_final.gds
/tmp/workspace/scripts-Private_test-fr_cugr_cmp-1-/logs/ihp-sg13g2/spi/base
Log                       Ext     Elapsed/s Peak Memory/MB sha1sum result [0:20)
1_1_yosys_canonicalize    .rtlil          0             32 932c3068d46acd0c052f
1_2_yosys                 .v              0             34 3cc489cede7cd5ec5ace
1_2_yosys                 .sdc                             d7fb0f638bda383b8efb
1_synth                   .odb            0            104 d7288b5c81cdced17ac2
1_synth                   .sdc                             3f758f8e0aa2fd8aed74
2_1_floorplan             .odb            0            123 f59592cb9624bc8a6db2
2_1_floorplan             .sdc                             3f758f8e0aa2fd8aed74
2_2_floorplan_macro       .odb            0            102 f59592cb9624bc8a6db2
2_3_floorplan_tapcell     .odb            0            103 f59592cb9624bc8a6db2
2_4_floorplan_pdn         .odb            0            104 87a1ae781beff82c3024
3_1_place_gp_skip_io      .odb            0            104 5454d2894b67ac21513a
3_2_place_iop             .odb            0            102 1b2431b60d6810c62428
3_3_place_gp              .odb            0            209 7220500c0a7c8d88bb87
3_4_place_resized         .odb            0            121 7220500c0a7c8d88bb87
3_5_place_dp              .odb            0            107 ac66bc9dd68774862c01
4_1_cts                   .odb            2            140 e5e5912c95e1f165a075
5_1_grt                   .odb            1            213 9dc9f4e361c230c05217
5_1_grt                   .sdc                             41e992c46d76f1b3246c
5_2_route                 .odb           13            776 0f9c9f10f9d58edefb33
5_3_fillcell              .odb            0            105 52379676563672086d44
6_1_fill                  .v              0            105 a1fae740d766eee19294
6_1_fill                  .odb                             5cb94d4da7deda3b3095
6_1_fill                  .sdc                             41e992c46d76f1b3246c
6_1_merge                                 1            426                  N/A
6_report                                  1            167                  N/A
Total                                    18            776                     
mkdir -p /tmp/workspace/scripts-Private_test-fr_cugr_cmp-1-/reports/ihp-sg13g2/spi/base
echo ./designs/ihp-sg13g2/spi > /tmp/workspace/scripts-Private_test-fr_cugr_cmp-1-/reports/ihp-sg13g2/spi/base/design-dir.txt
/usr/bin/python3 /OpenROAD-flow-scripts/flow/util/genMetrics.py -d spi \
    -p ihp-sg13g2 \
    -v base \
    --logs /tmp/workspace/scripts-Private_test-fr_cugr_cmp-1-/logs/ihp-sg13g2/spi/base \
    --reports /tmp/workspace/scripts-Private_test-fr_cugr_cmp-1-/reports/ihp-sg13g2/spi/base \
    --results /tmp/workspace/scripts-Private_test-fr_cugr_cmp-1-/results/ihp-sg13g2/spi/base \
    -o /tmp/workspace/scripts-Private_test-fr_cugr_cmp-1-/reports/ihp-sg13g2/spi/base/metadata.json 2>&1 \
    | tee /tmp/workspace/scripts-Private_test-fr_cugr_cmp-1-/reports/ihp-sg13g2/spi/base/metadata-generate.log
[WARN] not a git repo: /OpenROAD-flow-scripts/flow/util/../
[WARN] not a git repo: ./platforms/ihp-sg13g2
[WARN] Tag globalroute__timing__clock__slack not found in /tmp/workspace/scripts-Private_test-fr_cugr_cmp-1-/logs/ihp-sg13g2/spi/base/5_1_grt.log. Will use N/A.
[WARN] Overwriting Tag synth__runtime__total
[WARN] Overwriting Tag synth__cpu__total
[WARN] Overwriting Tag synth__mem__peak
[WARN] Overwriting Tag finish__runtime__total
[WARN] Overwriting Tag finish__cpu__total
[WARN] Overwriting Tag finish__mem__peak
/usr/bin/python3 /OpenROAD-flow-scripts/flow/util/checkMetadata.py \
    -m /tmp/workspace/scripts-Private_test-fr_cugr_cmp-1-/reports/ihp-sg13g2/spi/base/metadata.json \
    -r ./designs/ihp-sg13g2/spi/rules-base.json 2>&1 \
    | tee /tmp/workspace/scripts-Private_test-fr_cugr_cmp-1-/reports/ihp-sg13g2/spi/base/metadata-check.log
[INFO] synth__canonical_netlist__hash pass test: 932c3068d46acd0c052faec6ef5b4d27a4a6cca4 == 932c3068d46acd0c052faec6ef5b4d27a4a6cca4
[INFO] synth__netlist__hash pass test: 3cc489cede7cd5ec5ace3dc04045cbd21f476225 == 3cc489cede7cd5ec5ace3dc04045cbd21f476225
[INFO] synth__design__instance__area__stdcell pass test: 2130.11 <= 2180
[INFO] constraints__clocks__count pass test: 2 == 2
[INFO] placeopt__design__instance__area pass test: 2574.63 <= 2635
[INFO] placeopt__design__instance__count__stdcell pass test: 172 <= 178
[INFO] detailedplace__design__violations pass test: 0 == 0
[INFO] cts__design__instance__count__setup_buffer pass test: 0 <= 13
[INFO] cts__design__instance__count__hold_buffer pass test: 0 <= 13
[INFO] cts__timing__setup__ws pass test: 0.0793533 >= 0
[INFO] cts__timing__setup__tns pass test: 0 >= -0.18
[INFO] cts__timing__hold__ws pass test: 0.261803 >= -0.045
[INFO] cts__timing__hold__tns pass test: 0 >= -0.18
[INFO] globalroute__antenna_diodes_count pass test: 0 <= 100
[INFO] globalroute__timing__setup__ws pass test: 0.00446754 >= -0.0426
[INFO] globalroute__timing__setup__tns pass test: 0 >= -0.2
[INFO] globalroute__timing__hold__ws pass test: 0.258201 >= -0.045
[INFO] globalroute__timing__hold__tns pass test: 0 >= -0.18
[INFO] detailedroute__route__wirelength pass test: 3994 <= 4630
[INFO] detailedroute__route__drc_errors pass test: 0 <= 0
[INFO] detailedroute__antenna__violating__nets pass test: 0 <= 0
[INFO] detailedroute__antenna_diodes_count pass test: 0 <= 100
[INFO] finish__timing__setup__ws pass test: 0.0922394 >= -0.045
[INFO] finish__timing__setup__tns pass test: 0 >= -0.18
[INFO] finish__timing__hold__ws pass test: 0.255984 >= -0.045
[INFO] finish__timing__hold__tns pass test: 0 >= -0.18
[INFO] finish__design__instance__area pass test: 2663.54 <= 2756
Metadata check warnings: 0
All metadata rules passed (27 rules)
/OpenROAD-flow-scripts/flow/util/makeIssue.sh /tmp/workspace/scripts-Private_test-fr_cugr_cmp-1-/final_report
Creating issue for target final_report in /tmp/workspace/scripts-Private_test-fr_cugr_cmp-1-
Archiving issue to /tmp/workspace/scripts-Private_test-fr_cugr_cmp-1-/final_report_spi_ihp-sg13g2_base_2026-08-20_04-15.tar.gz
Using gzip to compress tar file
tar: Removing leading `/' from member names
tar: Removing leading `/' from hard link targets
