rm -f /tmp/workspace/scripts-Private_test-fr_cugr_cmp-2-/results/asap7/mock-cpu/base/1_* /tmp/workspace/scripts-Private_test-fr_cugr_cmp-2-/results/asap7/mock-cpu/base/mem*.json
rm -rf /tmp/workspace/scripts-Private_test-fr_cugr_cmp-2-/results/asap7/mock-cpu/base/memories
rm -f /tmp/workspace/scripts-Private_test-fr_cugr_cmp-2-/reports/asap7/mock-cpu/base/synth_*
rm -f /tmp/workspace/scripts-Private_test-fr_cugr_cmp-2-/logs/asap7/mock-cpu/base/1_*
rm -f 
rm -f /tmp/workspace/scripts-Private_test-fr_cugr_cmp-2-/results/asap7/mock-cpu/base/clock_period.txt
rm -f /tmp/workspace/scripts-Private_test-fr_cugr_cmp-2-/results/asap7/mock-cpu/base/2_*floorplan*.odb /tmp/workspace/scripts-Private_test-fr_cugr_cmp-2-/results/asap7/mock-cpu/base/2_floorplan.sdc /tmp/workspace/scripts-Private_test-fr_cugr_cmp-2-/results/asap7/mock-cpu/base/2_*.v /tmp/workspace/scripts-Private_test-fr_cugr_cmp-2-/results/asap7/mock-cpu/base/2_*.def
rm -f /tmp/workspace/scripts-Private_test-fr_cugr_cmp-2-/reports/asap7/mock-cpu/base/2_*
rm -f /tmp/workspace/scripts-Private_test-fr_cugr_cmp-2-/logs/asap7/mock-cpu/base/2_*
rm -f /tmp/workspace/scripts-Private_test-fr_cugr_cmp-2-/results/asap7/mock-cpu/base/3_*place*.odb
rm -f /tmp/workspace/scripts-Private_test-fr_cugr_cmp-2-/results/asap7/mock-cpu/base/3_place.sdc
rm -f /tmp/workspace/scripts-Private_test-fr_cugr_cmp-2-/results/asap7/mock-cpu/base/3_*.def /tmp/workspace/scripts-Private_test-fr_cugr_cmp-2-/results/asap7/mock-cpu/base/3_*.v
rm -f /tmp/workspace/scripts-Private_test-fr_cugr_cmp-2-/reports/asap7/mock-cpu/base/3_*
rm -f /tmp/workspace/scripts-Private_test-fr_cugr_cmp-2-/logs/asap7/mock-cpu/base/3_*
rm -rf /tmp/workspace/scripts-Private_test-fr_cugr_cmp-2-/results/asap7/mock-cpu/base/4_*cts*.odb /tmp/workspace/scripts-Private_test-fr_cugr_cmp-2-/results/asap7/mock-cpu/base/4_cts.sdc /tmp/workspace/scripts-Private_test-fr_cugr_cmp-2-/results/asap7/mock-cpu/base/4_*.v /tmp/workspace/scripts-Private_test-fr_cugr_cmp-2-/results/asap7/mock-cpu/base/4_*.def
rm -f  /tmp/workspace/scripts-Private_test-fr_cugr_cmp-2-/reports/asap7/mock-cpu/base/4_*
rm -rf /tmp/workspace/scripts-Private_test-fr_cugr_cmp-2-/logs/asap7/mock-cpu/base/4_*
rm -rf /tmp/workspace/scripts-Private_test-fr_cugr_cmp-2-/results/asap7/mock-cpu/base/route.guide /tmp/workspace/scripts-Private_test-fr_cugr_cmp-2-/results/asap7/mock-cpu/base/output_guide.mod /tmp/workspace/scripts-Private_test-fr_cugr_cmp-2-/results/asap7/mock-cpu/base/updated_clks.sdc
rm -rf /tmp/workspace/scripts-Private_test-fr_cugr_cmp-2-/results/asap7/mock-cpu/base/5_*.odb /tmp/workspace/scripts-Private_test-fr_cugr_cmp-2-/results/asap7/mock-cpu/base/5_route.sdc /tmp/workspace/scripts-Private_test-fr_cugr_cmp-2-/results/asap7/mock-cpu/base/5_*.def /tmp/workspace/scripts-Private_test-fr_cugr_cmp-2-/results/asap7/mock-cpu/base/5_*.v
rm -f  /tmp/workspace/scripts-Private_test-fr_cugr_cmp-2-/reports/asap7/mock-cpu/base/5_*
rm -f  /tmp/workspace/scripts-Private_test-fr_cugr_cmp-2-/logs/asap7/mock-cpu/base/5_*
rm -rf /tmp/workspace/scripts-Private_test-fr_cugr_cmp-2-/results/asap7/mock-cpu/base/6_*.gds /tmp/workspace/scripts-Private_test-fr_cugr_cmp-2-/results/asap7/mock-cpu/base/6_*.oas /tmp/workspace/scripts-Private_test-fr_cugr_cmp-2-/results/asap7/mock-cpu/base/6_*.odb /tmp/workspace/scripts-Private_test-fr_cugr_cmp-2-/results/asap7/mock-cpu/base/6_*.v /tmp/workspace/scripts-Private_test-fr_cugr_cmp-2-/results/asap7/mock-cpu/base/6_*.def /tmp/workspace/scripts-Private_test-fr_cugr_cmp-2-/results/asap7/mock-cpu/base/6_*.sdc /tmp/workspace/scripts-Private_test-fr_cugr_cmp-2-/results/asap7/mock-cpu/base/6_*.spef
rm -rf /tmp/workspace/scripts-Private_test-fr_cugr_cmp-2-/reports/asap7/mock-cpu/base/6_*.rpt
rm -f  /tmp/workspace/scripts-Private_test-fr_cugr_cmp-2-/logs/asap7/mock-cpu/base/6_*
rm -f /tmp/workspace/scripts-Private_test-fr_cugr_cmp-2-/reports/asap7/mock-cpu/base/design-dir.txt
rm -f /tmp/workspace/scripts-Private_test-fr_cugr_cmp-2-/reports/asap7/mock-cpu/base/metadata*.*
rm -f /tmp/workspace/scripts-Private_test-fr_cugr_cmp-2-/results/asap7/mock-cpu/base/mock_cpu.lib /tmp/workspace/scripts-Private_test-fr_cugr_cmp-2-/results/asap7/mock-cpu/base/mock_cpu.lef
rm -rf /tmp/workspace/scripts-Private_test-fr_cugr_cmp-2-/objects/asap7/mock-cpu/base
make: Nothing to be done for 'clean_metadata'.
mkdir -p /tmp/workspace/scripts-Private_test-fr_cugr_cmp-2-/results/asap7/mock-cpu/base/
echo 333 > /tmp/workspace/scripts-Private_test-fr_cugr_cmp-2-/results/asap7/mock-cpu/base/clock_period.txt
/OpenROAD-flow-scripts/flow/scripts/synth.sh /OpenROAD-flow-scripts/flow/scripts/synth_canonicalize.tcl /tmp/workspace/scripts-Private_test-fr_cugr_cmp-2-/logs/asap7/mock-cpu/base/1_1_yosys_canonicalize.log
Using ABC speed script.
Extracting clock period from SDC file: /tmp/workspace/scripts-Private_test-fr_cugr_cmp-2-/results/asap7/mock-cpu/base/clock_period.txt
Setting clock period to 333
1. Executing Liberty frontend: ./platforms/asap7/lib/NLDM/asap7sc7p5t_AO_RVT_FF_nldm_211120.lib.gz
2. Executing Liberty frontend: ./platforms/asap7/lib/NLDM/asap7sc7p5t_INVBUF_RVT_FF_nldm_220122.lib.gz
3. Executing Liberty frontend: ./platforms/asap7/lib/NLDM/asap7sc7p5t_OA_RVT_FF_nldm_211120.lib.gz
4. Executing Liberty frontend: ./platforms/asap7/lib/NLDM/asap7sc7p5t_SIMPLE_RVT_FF_nldm_211120.lib.gz
5. Executing Liberty frontend: ./platforms/asap7/lib/NLDM/asap7sc7p5t_SEQ_RVT_FF_nldm_220123.lib
6. Executing Liberty frontend: ./platforms/asap7/lib/NLDM/asap7sc7p5t_AO_RVT_FF_nldm_211120.lib.gz
7. Executing Liberty frontend: ./platforms/asap7/lib/NLDM/asap7sc7p5t_INVBUF_RVT_FF_nldm_220122.lib.gz
8. Executing Liberty frontend: ./platforms/asap7/lib/NLDM/asap7sc7p5t_OA_RVT_FF_nldm_211120.lib.gz
9. Executing Liberty frontend: ./platforms/asap7/lib/NLDM/asap7sc7p5t_SIMPLE_RVT_FF_nldm_211120.lib.gz
10. Executing Liberty frontend: ./platforms/asap7/lib/NLDM/asap7sc7p5t_SEQ_RVT_FF_nldm_220123.lib
11. Executing Verilog-2005 frontend: /OpenROAD-flow-scripts/flow/designs/src/fifo/fifo.v
12. Executing Verilog-2005 frontend: /OpenROAD-flow-scripts/flow/designs/src/fifo/fifo1.v
13. Executing Verilog-2005 frontend: /OpenROAD-flow-scripts/flow/designs/src/fifo/fifomem.v
14. Executing Verilog-2005 frontend: /OpenROAD-flow-scripts/flow/designs/src/fifo/mock_cpu.v
15. Executing Verilog-2005 frontend: /OpenROAD-flow-scripts/flow/designs/src/fifo/mock_cpu_tb.v
16. Executing Verilog-2005 frontend: /OpenROAD-flow-scripts/flow/designs/src/fifo/rptr_empty.v
17. Executing Verilog-2005 frontend: /OpenROAD-flow-scripts/flow/designs/src/fifo/sync_r2w.v
18. Executing Verilog-2005 frontend: /OpenROAD-flow-scripts/flow/designs/src/fifo/sync_w2r.v
19. Executing Verilog-2005 frontend: /OpenROAD-flow-scripts/flow/designs/src/fifo/wptr_full.v
20. Executing Verilog-2005 frontend: ./platforms/asap7/yoSys/cells_clkgate_R.v
21. Executing HIERARCHY pass (managing design hierarchy).
22. Executing AST frontend in derive mode using pre-parsed AST for module `\mock_cpu'.
Warning: Replacing memory \winc_out with list of registers. See /OpenROAD-flow-scripts/flow/designs/src/fifo/mock_cpu.v:62
Warning: Replacing memory \mult_result with list of registers. See /OpenROAD-flow-scripts/flow/designs/src/fifo/mock_cpu.v:61
22.1. Analyzing design hierarchy..
22.2. Executing AST frontend in derive mode using pre-parsed AST for module `\fifo1'.
22.3. Executing AST frontend in derive mode using pre-parsed AST for module `\fifo1'.
22.4. Analyzing design hierarchy..
22.5. Analyzing design hierarchy..
22.6. Executing AST frontend in derive mode using pre-parsed AST for module `\wptr_full'.
/OpenROAD-flow-scripts/flow/designs/src/fifo/wptr_full.v:28: Warning: Identifier `\wfull_val' is implicitly declared.
22.7. Executing AST frontend in derive mode using pre-parsed AST for module `\rptr_empty'.
/OpenROAD-flow-scripts/flow/designs/src/fifo/rptr_empty.v:27: Warning: Identifier `\rempty_val' is implicitly declared.
22.8. Executing AST frontend in derive mode using pre-parsed AST for module `\fifomem'.
22.9. Executing AST frontend in derive mode using pre-parsed AST for module `\sync_w2r'.
22.10. Executing AST frontend in derive mode using pre-parsed AST for module `\sync_r2w'.
22.11. Executing AST frontend in derive mode using pre-parsed AST for module `\wptr_full'.
/OpenROAD-flow-scripts/flow/designs/src/fifo/wptr_full.v:28: Warning: Range [0:-1] select out of bounds on signal `\wq2_rptr': Setting 1 LSB bits to undef.
22.12. Executing AST frontend in derive mode using pre-parsed AST for module `\rptr_empty'.
22.13. Executing AST frontend in derive mode using pre-parsed AST for module `\fifomem'.
22.14. Executing AST frontend in derive mode using pre-parsed AST for module `\sync_w2r'.
22.15. Executing AST frontend in derive mode using pre-parsed AST for module `\sync_r2w'.
22.16. Analyzing design hierarchy..
22.17. Analyzing design hierarchy..
23. Executing OPT_CLEAN pass (remove unused cells and wires).
Warning: Ignoring module mock_cpu because it contains processes (run 'proc' command first).
Warning: Ignoring module $paramod\sync_r2w\ADDRSIZE=s32'00000000000000000000000000000001 because it contains processes (run 'proc' command first).
Warning: Ignoring module $paramod\sync_w2r\ADDRSIZE=s32'00000000000000000000000000000001 because it contains processes (run 'proc' command first).
Warning: Ignoring module $paramod$75ce5a72ae5024fa7116cdc32fde1d129bf3c962\fifomem because it contains processes (run 'proc' command first).
Warning: Ignoring module $paramod\rptr_empty\ADDRSIZE=s32'00000000000000000000000000000001 because it contains processes (run 'proc' command first).
Warning: Ignoring module $paramod\wptr_full\ADDRSIZE=s32'00000000000000000000000000000001 because it contains processes (run 'proc' command first).
Warning: Ignoring module $paramod\sync_r2w\ADDRSIZE=s32'00000000000000000000000000000011 because it contains processes (run 'proc' command first).
Warning: Ignoring module $paramod\sync_w2r\ADDRSIZE=s32'00000000000000000000000000000011 because it contains processes (run 'proc' command first).
Warning: Ignoring module $paramod$9d78fcbc7384b1d36bc42a1cda608fd8eb80348e\fifomem because it contains processes (run 'proc' command first).
Warning: Ignoring module $paramod\rptr_empty\ADDRSIZE=s32'00000000000000000000000000000011 because it contains processes (run 'proc' command first).
Warning: Ignoring module $paramod\wptr_full\ADDRSIZE=s32'00000000000000000000000000000011 because it contains processes (run 'proc' command first).
24. Executing RTLIL backend.
Warnings: 16 unique messages, 20 total
End of script. Logfile hash: 8bc27714fa, time: 1.00s, user: 0.94s, system: 0.04s, MEM: 82.43 MB peak
Yosys 0.68+post (git sha1 UNKNOWN, Release, GNU /usr/local/bin/wrapped-cc/g++ 11.4.0)
Time spent: 67% 12x read_liberty (0 sec), 29% 1x hierarchy (0 sec), ...
Elapsed time: 0:01.01[h:]min:sec. CPU time: user 0.96 sys 0.05 (99%). Peak memory: 87204KB.
Log                       Ext     Elapsed/s Peak Memory/MB sha1sum result [0:20)
1_1_yosys_canonicalize    .rtlil          1             85 7ea8b2cecb490a111d58
/OpenROAD-flow-scripts/flow/scripts/synth.sh /OpenROAD-flow-scripts/flow/scripts/synth.tcl /tmp/workspace/scripts-Private_test-fr_cugr_cmp-2-/logs/asap7/mock-cpu/base/1_2_yosys.log
Using ABC speed script.
Extracting clock period from SDC file: /tmp/workspace/scripts-Private_test-fr_cugr_cmp-2-/results/asap7/mock-cpu/base/clock_period.txt
Setting clock period to 333
1. Executing RTLIL frontend.
2. Executing HIERARCHY pass (managing design hierarchy).
2.1. Analyzing design hierarchy..
2.2. Analyzing design hierarchy..
3. Executing SYNTH pass.
3.1. Executing HIERARCHY pass (managing design hierarchy).
3.1.1. Analyzing design hierarchy..
3.1.2. Analyzing design hierarchy..
3.2. Executing PROC pass (convert processes to netlists).
3.2.1. Executing PROC_CLEAN pass (remove empty switches from decision trees).
3.2.2. Executing PROC_RMDEAD pass (remove dead branches from decision trees).
3.2.3. Executing PROC_PRUNE pass (remove redundant assignments in processes).
3.2.4. Executing PROC_INIT pass (extract init attributes).
3.2.5. Executing PROC_ARST pass (detect async resets in processes).
3.2.6. Executing PROC_ROM pass (convert switches to ROMs).
3.2.7. Executing PROC_MUX pass (convert decision trees to multiplexers).
3.2.8. Executing PROC_DLATCH pass (convert process syncs to latches).
3.2.9. Executing PROC_DFF pass (convert process syncs to FFs).
3.2.10. Executing PROC_MEMWR pass (convert process memory writes to cells).
3.2.11. Executing PROC_CLEAN pass (remove empty switches from decision trees).
3.2.12. Executing OPT_EXPR pass (perform const folding).
3.3. Executing CHECK pass (checking for obvious problems).
3.4. Executing FLATTEN pass (flatten design).
3.5. Executing OPT_EXPR pass (perform const folding).
3.6. Executing OPT_CLEAN pass (remove unused cells and wires).
3.7. Executing CHECK pass (checking for obvious problems).
3.8. Executing OPT pass (performing simple optimizations).
3.8.1. Executing OPT_EXPR pass (perform const folding).
3.8.2. Executing OPT_MERGE pass (detect identical cells).
3.8.3. Executing OPT_MUXTREE pass (detect dead branches in mux trees).
3.8.4. Executing OPT_REDUCE pass (consolidate $*mux and $reduce_* inputs).
3.8.5. Executing OPT_MERGE pass (detect identical cells).
3.8.6. Executing OPT_DFF pass (perform DFF optimizations).
3.8.7. Executing OPT_CLEAN pass (remove unused cells and wires).
3.8.8. Executing OPT_EXPR pass (perform const folding).
3.8.9. Rerunning OPT passes. (Maybe there is more to do..)
3.8.10. Executing OPT_MUXTREE pass (detect dead branches in mux trees).
3.8.11. Executing OPT_REDUCE pass (consolidate $*mux and $reduce_* inputs).
3.8.12. Executing OPT_MERGE pass (detect identical cells).
3.8.13. Executing OPT_DFF pass (perform DFF optimizations).
3.8.14. Executing OPT_CLEAN pass (remove unused cells and wires).
3.8.15. Executing OPT_EXPR pass (perform const folding).
3.8.16. Finished fast OPT passes. (There is nothing left to do.)
3.9. Executing FSM pass (extract and optimize FSM).
3.9.1. Executing FSM_DETECT pass (finding FSMs in design).
3.9.2. Executing FSM_EXTRACT pass (extracting FSM from design).
3.9.3. Executing FSM_OPT pass (simple optimizations of FSMs).
3.9.4. Executing OPT_CLEAN pass (remove unused cells and wires).
3.9.5. Executing FSM_OPT pass (simple optimizations of FSMs).
3.9.6. Executing FSM_RECODE pass (re-assigning FSM state encoding).
3.9.7. Executing FSM_INFO pass (dumping all available information on FSM cells).
3.9.8. Executing FSM_MAP pass (mapping FSMs to basic logic).
3.10. Executing OPT pass (performing simple optimizations).
3.10.1. Executing OPT_EXPR pass (perform const folding).
3.10.2. Executing OPT_MERGE pass (detect identical cells).
3.10.3. Executing OPT_MUXTREE pass (detect dead branches in mux trees).
3.10.4. Executing OPT_REDUCE pass (consolidate $*mux and $reduce_* inputs).
3.10.5. Executing OPT_MERGE pass (detect identical cells).
3.10.6. Executing OPT_DFF pass (perform DFF optimizations).
3.10.7. Executing OPT_CLEAN pass (remove unused cells and wires).
3.10.8. Executing OPT_EXPR pass (perform const folding).
3.10.9. Finished fast OPT passes. (There is nothing left to do.)
3.11. Executing WREDUCE pass (reducing word size of cells).
3.12. Executing PEEPOPT pass (run peephole optimizers).
3.13. Executing OPT_CLEAN pass (remove unused cells and wires).
3.14. Executing ALUMACC pass (create $alu and $macc cells).
3.15. Executing SHARE pass (SAT-based resource sharing).
3.16. Executing OPT pass (performing simple optimizations).
3.16.1. Executing OPT_EXPR pass (perform const folding).
3.16.2. Executing OPT_MERGE pass (detect identical cells).
3.16.3. Executing OPT_MUXTREE pass (detect dead branches in mux trees).
3.16.4. Executing OPT_REDUCE pass (consolidate $*mux and $reduce_* inputs).
3.16.5. Executing OPT_MERGE pass (detect identical cells).
3.16.6. Executing OPT_DFF pass (perform DFF optimizations).
3.16.7. Executing OPT_CLEAN pass (remove unused cells and wires).
3.16.8. Executing OPT_EXPR pass (perform const folding).
3.16.9. Finished fast OPT passes. (There is nothing left to do.)
3.17. Executing MEMORY pass.
3.17.1. Executing OPT_MEM pass (optimize memories).
3.17.2. Executing OPT_MEM_PRIORITY pass (removing unnecessary memory write priority relations).
3.17.3. Executing OPT_MEM_FEEDBACK pass (finding memory read-to-write feedback paths).
3.17.4. Executing MEMORY_BMUX2ROM pass (converting muxes to ROMs).
3.17.5. Executing MEMORY_DFF pass (merging $dff cells to $memrd).
3.17.6. Executing OPT_CLEAN pass (remove unused cells and wires).
3.17.7. Executing MEMORY_SHARE pass (consolidating $memrd/$memwr cells).
3.17.8. Executing OPT_MEM_WIDEN pass (optimize memories where all ports are wide).
3.17.9. Executing OPT_CLEAN pass (remove unused cells and wires).
3.17.10. Executing MEMORY_COLLECT pass (generating $mem cells).
3.18. Executing OPT_CLEAN pass (remove unused cells and wires).
4. Executing SYNTH pass.
4.1. Executing OPT pass (performing simple optimizations).
4.1.1. Executing OPT_EXPR pass (perform const folding).
4.1.2. Executing OPT_MERGE pass (detect identical cells).
4.1.3. Executing OPT_DFF pass (perform DFF optimizations).
4.1.4. Executing OPT_CLEAN pass (remove unused cells and wires).
4.1.5. Finished fast OPT passes.
4.2. Executing MEMORY_MAP pass (converting memories to logic and flip-flops).
4.3. Executing OPT pass (performing simple optimizations).
4.3.1. Executing OPT_EXPR pass (perform const folding).
4.3.2. Executing OPT_MERGE pass (detect identical cells).
4.3.3. Executing OPT_MUXTREE pass (detect dead branches in mux trees).
4.3.4. Executing OPT_REDUCE pass (consolidate $*mux and $reduce_* inputs).
4.3.5. Executing OPT_MERGE pass (detect identical cells).
4.3.6. Executing OPT_SHARE pass.
4.3.7. Executing OPT_DFF pass (perform DFF optimizations).
4.3.8. Executing OPT_CLEAN pass (remove unused cells and wires).
4.3.9. Executing OPT_EXPR pass (perform const folding).
4.3.10. Rerunning OPT passes. (Maybe there is more to do..)
4.3.11. Executing OPT_MUXTREE pass (detect dead branches in mux trees).
4.3.12. Executing OPT_REDUCE pass (consolidate $*mux and $reduce_* inputs).
4.3.13. Executing OPT_MERGE pass (detect identical cells).
4.3.14. Executing OPT_SHARE pass.
4.3.15. Executing OPT_DFF pass (perform DFF optimizations).
4.3.16. Executing OPT_CLEAN pass (remove unused cells and wires).
4.3.17. Executing OPT_EXPR pass (perform const folding).
4.3.18. Rerunning OPT passes. (Maybe there is more to do..)
4.3.19. Executing OPT_MUXTREE pass (detect dead branches in mux trees).
4.3.20. Executing OPT_REDUCE pass (consolidate $*mux and $reduce_* inputs).
4.3.21. Executing OPT_MERGE pass (detect identical cells).
4.3.22. Executing OPT_SHARE pass.
4.3.23. Executing OPT_DFF pass (perform DFF optimizations).
4.3.24. Executing OPT_CLEAN pass (remove unused cells and wires).
4.3.25. Executing OPT_EXPR pass (perform const folding).
4.3.26. Finished fast OPT passes. (There is nothing left to do.)
4.4. Executing TECHMAP pass (map to technology primitives).
4.4.1. Executing Verilog-2005 frontend: /OpenROAD-flow-scripts/tools/install/yosys/bin/../share/yosys/techmap.v
4.4.2. Executing Verilog-2005 frontend: /OpenROAD-flow-scripts/flow/platforms/common/lcu_kogge_stone.v
4.4.3. Continuing TECHMAP pass.
4.5. Executing OPT pass (performing simple optimizations).
4.5.1. Executing OPT_EXPR pass (perform const folding).
4.5.2. Executing OPT_MERGE pass (detect identical cells).
4.5.3. Executing OPT_DFF pass (perform DFF optimizations).
4.5.4. Executing OPT_CLEAN pass (remove unused cells and wires).
4.5.5. Finished fast OPT passes.
4.6. Executing HIERARCHY pass (managing design hierarchy).
4.6.1. Analyzing design hierarchy..
4.6.2. Analyzing design hierarchy..
4.7. Printing statistics.
4.8. Executing CHECK pass (checking for obvious problems).
5. Executing OPT pass (performing simple optimizations).
5.1. Executing OPT_EXPR pass (perform const folding).
5.2. Executing OPT_MERGE pass (detect identical cells).
5.3. Executing OPT_MUXTREE pass (detect dead branches in mux trees).
5.4. Executing OPT_REDUCE pass (consolidate $*mux and $reduce_* inputs).
5.5. Executing OPT_MERGE pass (detect identical cells).
5.6. Executing OPT_DFF pass (perform DFF optimizations).
5.7. Executing OPT_CLEAN pass (remove unused cells and wires).
5.8. Executing OPT_EXPR pass (perform const folding).
5.9. Rerunning OPT passes. (Maybe there is more to do..)
5.10. Executing OPT_MUXTREE pass (detect dead branches in mux trees).
5.11. Executing OPT_REDUCE pass (consolidate $*mux and $reduce_* inputs).
5.12. Executing OPT_MERGE pass (detect identical cells).
5.13. Executing OPT_DFF pass (perform DFF optimizations).
5.14. Executing OPT_CLEAN pass (remove unused cells and wires).
5.15. Executing OPT_EXPR pass (perform const folding).
5.16. Finished fast OPT passes. (There is nothing left to do.)
6. Executing EXTRACT_FA pass (find and extract full/half adders).
7. Executing TECHMAP pass (map to technology primitives).
7.1. Executing Verilog-2005 frontend: ./platforms/asap7/yoSys/cells_adders_R.v
7.2. Continuing TECHMAP pass.
8. Executing TECHMAP pass (map to technology primitives).
8.1. Executing Verilog-2005 frontend: /OpenROAD-flow-scripts/tools/install/yosys/bin/../share/yosys/techmap.v
8.2. Continuing TECHMAP pass.
9. Executing OPT pass (performing simple optimizations).
9.1. Executing OPT_EXPR pass (perform const folding).
9.2. Executing OPT_MERGE pass (detect identical cells).
9.3. Executing OPT_DFF pass (perform DFF optimizations).
9.4. Executing OPT_CLEAN pass (remove unused cells and wires).
9.5. Finished fast OPT passes.
10. Executing DFFLEGALIZE pass (convert FFs to types supported by the target).
11. Executing TECHMAP pass (map to technology primitives).
11.1. Executing Verilog-2005 frontend: ./platforms/asap7/yoSys/cells_latch_R.v
11.2. Continuing TECHMAP pass.
12. Executing DFFLIBMAP pass (mapping DFF cells to sequential cells from liberty file).
12.1. Executing DFFLEGALIZE pass (convert FFs to types supported by the target).
13. Executing OPT pass (performing simple optimizations).
13.1. Executing OPT_EXPR pass (perform const folding).
13.2. Executing OPT_MERGE pass (detect identical cells).
13.3. Executing OPT_MUXTREE pass (detect dead branches in mux trees).
13.4. Executing OPT_REDUCE pass (consolidate $*mux and $reduce_* inputs).
13.5. Executing OPT_MERGE pass (detect identical cells).
13.6. Executing OPT_DFF pass (perform DFF optimizations).
13.7. Executing OPT_CLEAN pass (remove unused cells and wires).
13.8. Executing OPT_EXPR pass (perform const folding).
13.9. Rerunning OPT passes. (Maybe there is more to do..)
13.10. Executing OPT_MUXTREE pass (detect dead branches in mux trees).
13.11. Executing OPT_REDUCE pass (consolidate $*mux and $reduce_* inputs).
13.12. Executing OPT_MERGE pass (detect identical cells).
13.13. Executing OPT_DFF pass (perform DFF optimizations).
13.14. Executing OPT_CLEAN pass (remove unused cells and wires).
13.15. Executing OPT_EXPR pass (perform const folding).
13.16. Finished fast OPT passes. (There is nothing left to do.)
14. Executing SETUNDEF pass (replace undef values with defined constants).
abc -script /OpenROAD-flow-scripts/flow/scripts/abc_speed.script -liberty ./platforms/asap7/lib/NLDM/asap7sc7p5t_AO_RVT_FF_nldm_211120.lib.gz -liberty ./platforms/asap7/lib/NLDM/asap7sc7p5t_INVBUF_RVT_FF_nldm_220122.lib.gz -liberty ./platforms/asap7/lib/NLDM/asap7sc7p5t_OA_RVT_FF_nldm_211120.lib.gz -liberty ./platforms/asap7/lib/NLDM/asap7sc7p5t_SIMPLE_RVT_FF_nldm_211120.lib.gz -liberty ./platforms/asap7/lib/NLDM/asap7sc7p5t_SEQ_RVT_FF_nldm_220123.lib -dont_use *x1p*_ASAP7* -dont_use *xp*_ASAP7* -dont_use SDF* -dont_use ICG* -constr /tmp/workspace/scripts-Private_test-fr_cugr_cmp-2-/objects/asap7/mock-cpu/base/abc.constr -D 333
15. Executing ABC pass (technology mapping using ABC).
15.1. Extracting gate netlist of module `$paramod$2e476bda300a1642fccc3c20eb78784624e104be\fifo1' to `<abc-temp-dir>/input.blif'..
15.1.1. Executed ABC.
15.1.2. Re-integrating ABC results.
15.2. Extracting gate netlist of module `$paramod$69be88f88d5b8555e38e706f06729c07fb8e6c27\fifo1' to `<abc-temp-dir>/input.blif'..
15.2.1. Executed ABC.
15.2.2. Re-integrating ABC results.
15.3. Extracting gate netlist of module `\mock_cpu' to `<abc-temp-dir>/input.blif'..
15.3.1. Executed ABC.
15.3.2. Re-integrating ABC results.
16. Executing SPLITNETS pass (splitting up multi-bit signals).
17. Executing OPT_CLEAN pass (remove unused cells and wires).
18. Executing HILOMAP pass (mapping to constant drivers).
19. Executing INSBUF pass (insert buffer cells for connected wires).
20. Executing CHECK pass (checking for obvious problems).
21. Printing statistics.
22. Executing CHECK pass (checking for obvious problems).
23. Executing Verilog backend.
23.1. Executing BMUXMAP pass.
23.2. Executing DEMUXMAP pass.
End of script. Logfile hash: ab85fa1e88, time: 5.60s, user: 3.82s, system: 0.50s, MEM: 225.30 MB peak
Yosys 0.68+post (git sha1 UNKNOWN, Release, GNU /usr/local/bin/wrapped-cc/g++ 11.4.0)
Time spent: 31% 1x abc (1 sec), 17% 24x opt_clean (1 sec), ...
Elapsed time: 0:05.66[h:]min:sec. CPU time: user 5.53 sys 0.59 (108%). Peak memory: 232236KB.
Log                       Ext     Elapsed/s Peak Memory/MB sha1sum result [0:20)
1_2_yosys                 .v              5            226 d8887b5c222ea5a8be8b
cp /OpenROAD-flow-scripts/flow/designs/asap7/mock-cpu/constraint.sdc /tmp/workspace/scripts-Private_test-fr_cugr_cmp-2-/results/asap7/mock-cpu/base/1_2_yosys.sdc
touch -r /OpenROAD-flow-scripts/flow/designs/asap7/mock-cpu/constraint.sdc /tmp/workspace/scripts-Private_test-fr_cugr_cmp-2-/results/asap7/mock-cpu/base/1_2_yosys.sdc
OpenROAD 26Q3-1464-gb22abfea20 
Features included (+) or not (-): +GPU +GUI +Python
This program is licensed under the BSD-3 license. See the LICENSE file for details.
Components of this program may be licensed under more restrictive licenses which must be honored.
[INFO ORD-0030] Using 30 thread(s).
mkdir -p /tmp/workspace/scripts-Private_test-fr_cugr_cmp-2-/objects/asap7/mock-cpu/base
/OpenROAD-flow-scripts/flow/scripts/flow.sh 1_synth synth_odb
Running synth_odb.tcl, stage 1_synth
source ./platforms/asap7/liberty_suppressions.tcl
read_liberty ./platforms/asap7/lib/NLDM/asap7sc7p5t_AO_RVT_FF_nldm_211120.lib.gz
read_liberty ./platforms/asap7/lib/NLDM/asap7sc7p5t_INVBUF_RVT_FF_nldm_220122.lib.gz
read_liberty ./platforms/asap7/lib/NLDM/asap7sc7p5t_OA_RVT_FF_nldm_211120.lib.gz
read_liberty ./platforms/asap7/lib/NLDM/asap7sc7p5t_SIMPLE_RVT_FF_nldm_211120.lib.gz
read_liberty ./platforms/asap7/lib/NLDM/asap7sc7p5t_SEQ_RVT_FF_nldm_220123.lib
[INFO ODB-0227] LEF file: ./platforms/asap7/lef/asap7_tech_1x_201209.lef, created 30 layers, 9 vias
[INFO ODB-0227] LEF file: ./platforms/asap7/lef/asap7sc7p5t_28_R_1x_220121a.lef, created 212 library cells
link_design -hier mock_cpu
[WARNING ORD-0011] Hierarchical flow (-hier) is currently in development and may cause multiple issues. Do not use in production environments.
read_sdc /tmp/workspace/scripts-Private_test-fr_cugr_cmp-2-/results/asap7/mock-cpu/base/1_2_yosys.sdc
[WARNING STA-1551] /tmp/workspace/scripts-Private_test-fr_cugr_cmp-2-/results/asap7/mock-cpu/base/1_2_yosys.sdc line 51, 'rrst_n' is not a valid endpoint.
[WARNING STA-1551] /tmp/workspace/scripts-Private_test-fr_cugr_cmp-2-/results/asap7/mock-cpu/base/1_2_yosys.sdc line 51, 'wrst_n' is not a valid endpoint.
[WARNING STA-1551] /tmp/workspace/scripts-Private_test-fr_cugr_cmp-2-/results/asap7/mock-cpu/base/1_2_yosys.sdc line 65, 'fifo_in/wdata[31]' is not a valid endpoint.
[WARNING STA-1551] /tmp/workspace/scripts-Private_test-fr_cugr_cmp-2-/results/asap7/mock-cpu/base/1_2_yosys.sdc line 65, 'fifo_in/wdata[30]' is not a valid endpoint.
[WARNING STA-1551] /tmp/workspace/scripts-Private_test-fr_cugr_cmp-2-/results/asap7/mock-cpu/base/1_2_yosys.sdc line 65, 'fifo_in/wdata[29]' is not a valid endpoint.
[WARNING STA-1551] /tmp/workspace/scripts-Private_test-fr_cugr_cmp-2-/results/asap7/mock-cpu/base/1_2_yosys.sdc line 65, 'fifo_in/wdata[28]' is not a valid endpoint.
[WARNING STA-1551] /tmp/workspace/scripts-Private_test-fr_cugr_cmp-2-/results/asap7/mock-cpu/base/1_2_yosys.sdc line 65, 'fifo_in/wdata[27]' is not a valid endpoint.
[WARNING STA-1551] /tmp/workspace/scripts-Private_test-fr_cugr_cmp-2-/results/asap7/mock-cpu/base/1_2_yosys.sdc line 65, 'fifo_in/wdata[26]' is not a valid endpoint.
[WARNING STA-1551] /tmp/workspace/scripts-Private_test-fr_cugr_cmp-2-/results/asap7/mock-cpu/base/1_2_yosys.sdc line 65, 'fifo_in/wdata[25]' is not a valid endpoint.
[WARNING STA-1551] /tmp/workspace/scripts-Private_test-fr_cugr_cmp-2-/results/asap7/mock-cpu/base/1_2_yosys.sdc line 65, 'fifo_in/wdata[24]' is not a valid endpoint.
[WARNING STA-1551] /tmp/workspace/scripts-Private_test-fr_cugr_cmp-2-/results/asap7/mock-cpu/base/1_2_yosys.sdc line 65, 'fifo_in/wdata[23]' is not a valid endpoint.
[WARNING STA-1551] /tmp/workspace/scripts-Private_test-fr_cugr_cmp-2-/results/asap7/mock-cpu/base/1_2_yosys.sdc line 65, 'fifo_in/wdata[22]' is not a valid endpoint.
[WARNING STA-1551] /tmp/workspace/scripts-Private_test-fr_cugr_cmp-2-/results/asap7/mock-cpu/base/1_2_yosys.sdc line 65, 'fifo_in/wdata[21]' is not a valid endpoint.
[WARNING STA-1551] /tmp/workspace/scripts-Private_test-fr_cugr_cmp-2-/results/asap7/mock-cpu/base/1_2_yosys.sdc line 65, 'fifo_in/wdata[20]' is not a valid endpoint.
[WARNING STA-1551] /tmp/workspace/scripts-Private_test-fr_cugr_cmp-2-/results/asap7/mock-cpu/base/1_2_yosys.sdc line 65, 'fifo_in/wdata[19]' is not a valid endpoint.
[WARNING STA-1551] /tmp/workspace/scripts-Private_test-fr_cugr_cmp-2-/results/asap7/mock-cpu/base/1_2_yosys.sdc line 65, 'fifo_in/wdata[18]' is not a valid endpoint.
[WARNING STA-1551] /tmp/workspace/scripts-Private_test-fr_cugr_cmp-2-/results/asap7/mock-cpu/base/1_2_yosys.sdc line 65, 'fifo_in/wdata[17]' is not a valid endpoint.
[WARNING STA-1551] /tmp/workspace/scripts-Private_test-fr_cugr_cmp-2-/results/asap7/mock-cpu/base/1_2_yosys.sdc line 65, 'fifo_in/wdata[16]' is not a valid endpoint.
[WARNING STA-1551] /tmp/workspace/scripts-Private_test-fr_cugr_cmp-2-/results/asap7/mock-cpu/base/1_2_yosys.sdc line 65, 'fifo_in/wdata[15]' is not a valid endpoint.
[WARNING STA-1551] /tmp/workspace/scripts-Private_test-fr_cugr_cmp-2-/results/asap7/mock-cpu/base/1_2_yosys.sdc line 65, 'fifo_in/wdata[14]' is not a valid endpoint.
[WARNING STA-1551] /tmp/workspace/scripts-Private_test-fr_cugr_cmp-2-/results/asap7/mock-cpu/base/1_2_yosys.sdc line 65, 'fifo_in/wdata[13]' is not a valid endpoint.
[WARNING STA-1551] /tmp/workspace/scripts-Private_test-fr_cugr_cmp-2-/results/asap7/mock-cpu/base/1_2_yosys.sdc line 65, 'fifo_in/wdata[12]' is not a valid endpoint.
[WARNING STA-1551] /tmp/workspace/scripts-Private_test-fr_cugr_cmp-2-/results/asap7/mock-cpu/base/1_2_yosys.sdc line 65, 'fifo_in/wdata[11]' is not a valid endpoint.
[WARNING STA-1551] /tmp/workspace/scripts-Private_test-fr_cugr_cmp-2-/results/asap7/mock-cpu/base/1_2_yosys.sdc line 65, 'fifo_in/wdata[10]' is not a valid endpoint.
[WARNING STA-1551] /tmp/workspace/scripts-Private_test-fr_cugr_cmp-2-/results/asap7/mock-cpu/base/1_2_yosys.sdc line 65, 'fifo_in/wdata[9]' is not a valid endpoint.
[WARNING STA-1551] /tmp/workspace/scripts-Private_test-fr_cugr_cmp-2-/results/asap7/mock-cpu/base/1_2_yosys.sdc line 65, 'fifo_in/wdata[8]' is not a valid endpoint.
[WARNING STA-1551] /tmp/workspace/scripts-Private_test-fr_cugr_cmp-2-/results/asap7/mock-cpu/base/1_2_yosys.sdc line 65, 'fifo_in/wdata[7]' is not a valid endpoint.
[WARNING STA-1551] /tmp/workspace/scripts-Private_test-fr_cugr_cmp-2-/results/asap7/mock-cpu/base/1_2_yosys.sdc line 65, 'fifo_in/wdata[6]' is not a valid endpoint.
[WARNING STA-1551] /tmp/workspace/scripts-Private_test-fr_cugr_cmp-2-/results/asap7/mock-cpu/base/1_2_yosys.sdc line 65, 'fifo_in/wdata[5]' is not a valid endpoint.
[WARNING STA-1551] /tmp/workspace/scripts-Private_test-fr_cugr_cmp-2-/results/asap7/mock-cpu/base/1_2_yosys.sdc line 65, 'fifo_in/wdata[4]' is not a valid endpoint.
[WARNING STA-1551] /tmp/workspace/scripts-Private_test-fr_cugr_cmp-2-/results/asap7/mock-cpu/base/1_2_yosys.sdc line 65, 'fifo_in/wdata[3]' is not a valid endpoint.
[WARNING STA-1551] /tmp/workspace/scripts-Private_test-fr_cugr_cmp-2-/results/asap7/mock-cpu/base/1_2_yosys.sdc line 65, 'fifo_in/wdata[2]' is not a valid endpoint.
[WARNING STA-1551] /tmp/workspace/scripts-Private_test-fr_cugr_cmp-2-/results/asap7/mock-cpu/base/1_2_yosys.sdc line 65, 'fifo_in/wdata[1]' is not a valid endpoint.
[WARNING STA-1551] /tmp/workspace/scripts-Private_test-fr_cugr_cmp-2-/results/asap7/mock-cpu/base/1_2_yosys.sdc line 65, 'fifo_in/wdata[0]' is not a valid endpoint.
[WARNING STA-1551] /tmp/workspace/scripts-Private_test-fr_cugr_cmp-2-/results/asap7/mock-cpu/base/1_2_yosys.sdc line 67, 'fifo_in/winc' is not a valid endpoint.
[WARNING STA-1551] /tmp/workspace/scripts-Private_test-fr_cugr_cmp-2-/results/asap7/mock-cpu/base/1_2_yosys.sdc line 69, 'fifo_out/rinc' is not a valid endpoint.
[WARNING STA-1551] /tmp/workspace/scripts-Private_test-fr_cugr_cmp-2-/results/asap7/mock-cpu/base/1_2_yosys.sdc line 86, 'fifo_in/wdata[31]' is not a valid endpoint.
[WARNING STA-1551] /tmp/workspace/scripts-Private_test-fr_cugr_cmp-2-/results/asap7/mock-cpu/base/1_2_yosys.sdc line 86, 'fifo_in/wdata[30]' is not a valid endpoint.
[WARNING STA-1551] /tmp/workspace/scripts-Private_test-fr_cugr_cmp-2-/results/asap7/mock-cpu/base/1_2_yosys.sdc line 86, 'fifo_in/wdata[29]' is not a valid endpoint.
[WARNING STA-1551] /tmp/workspace/scripts-Private_test-fr_cugr_cmp-2-/results/asap7/mock-cpu/base/1_2_yosys.sdc line 86, 'fifo_in/wdata[28]' is not a valid endpoint.
[WARNING STA-1551] /tmp/workspace/scripts-Private_test-fr_cugr_cmp-2-/results/asap7/mock-cpu/base/1_2_yosys.sdc line 86, 'fifo_in/wdata[27]' is not a valid endpoint.
[WARNING STA-1551] /tmp/workspace/scripts-Private_test-fr_cugr_cmp-2-/results/asap7/mock-cpu/base/1_2_yosys.sdc line 86, 'fifo_in/wdata[26]' is not a valid endpoint.
[WARNING STA-1551] /tmp/workspace/scripts-Private_test-fr_cugr_cmp-2-/results/asap7/mock-cpu/base/1_2_yosys.sdc line 86, 'fifo_in/wdata[25]' is not a valid endpoint.
[WARNING STA-1551] /tmp/workspace/scripts-Private_test-fr_cugr_cmp-2-/results/asap7/mock-cpu/base/1_2_yosys.sdc line 86, 'fifo_in/wdata[24]' is not a valid endpoint.
[WARNING STA-1551] /tmp/workspace/scripts-Private_test-fr_cugr_cmp-2-/results/asap7/mock-cpu/base/1_2_yosys.sdc line 86, 'fifo_in/wdata[23]' is not a valid endpoint.
[WARNING STA-1551] /tmp/workspace/scripts-Private_test-fr_cugr_cmp-2-/results/asap7/mock-cpu/base/1_2_yosys.sdc line 86, 'fifo_in/wdata[22]' is not a valid endpoint.
[WARNING STA-1551] /tmp/workspace/scripts-Private_test-fr_cugr_cmp-2-/results/asap7/mock-cpu/base/1_2_yosys.sdc line 86, 'fifo_in/wdata[21]' is not a valid endpoint.
[WARNING STA-1551] /tmp/workspace/scripts-Private_test-fr_cugr_cmp-2-/results/asap7/mock-cpu/base/1_2_yosys.sdc line 86, 'fifo_in/wdata[20]' is not a valid endpoint.
[WARNING STA-1551] /tmp/workspace/scripts-Private_test-fr_cugr_cmp-2-/results/asap7/mock-cpu/base/1_2_yosys.sdc line 86, 'fifo_in/wdata[19]' is not a valid endpoint.
[WARNING STA-1551] /tmp/workspace/scripts-Private_test-fr_cugr_cmp-2-/results/asap7/mock-cpu/base/1_2_yosys.sdc line 86, 'fifo_in/wdata[18]' is not a valid endpoint.
[WARNING STA-1551] /tmp/workspace/scripts-Private_test-fr_cugr_cmp-2-/results/asap7/mock-cpu/base/1_2_yosys.sdc line 86, 'fifo_in/wdata[17]' is not a valid endpoint.
[WARNING STA-1551] /tmp/workspace/scripts-Private_test-fr_cugr_cmp-2-/results/asap7/mock-cpu/base/1_2_yosys.sdc line 86, 'fifo_in/wdata[16]' is not a valid endpoint.
[WARNING STA-1551] /tmp/workspace/scripts-Private_test-fr_cugr_cmp-2-/results/asap7/mock-cpu/base/1_2_yosys.sdc line 86, 'fifo_in/wdata[15]' is not a valid endpoint.
[WARNING STA-1551] /tmp/workspace/scripts-Private_test-fr_cugr_cmp-2-/results/asap7/mock-cpu/base/1_2_yosys.sdc line 86, 'fifo_in/wdata[14]' is not a valid endpoint.
[WARNING STA-1551] /tmp/workspace/scripts-Private_test-fr_cugr_cmp-2-/results/asap7/mock-cpu/base/1_2_yosys.sdc line 86, 'fifo_in/wdata[13]' is not a valid endpoint.
[WARNING STA-1551] /tmp/workspace/scripts-Private_test-fr_cugr_cmp-2-/results/asap7/mock-cpu/base/1_2_yosys.sdc line 86, 'fifo_in/wdata[12]' is not a valid endpoint.
[WARNING STA-1551] /tmp/workspace/scripts-Private_test-fr_cugr_cmp-2-/results/asap7/mock-cpu/base/1_2_yosys.sdc line 86, 'fifo_in/wdata[11]' is not a valid endpoint.
[WARNING STA-1551] /tmp/workspace/scripts-Private_test-fr_cugr_cmp-2-/results/asap7/mock-cpu/base/1_2_yosys.sdc line 86, 'fifo_in/wdata[10]' is not a valid endpoint.
[WARNING STA-1551] /tmp/workspace/scripts-Private_test-fr_cugr_cmp-2-/results/asap7/mock-cpu/base/1_2_yosys.sdc line 86, 'fifo_in/wdata[9]' is not a valid endpoint.
[WARNING STA-1551] /tmp/workspace/scripts-Private_test-fr_cugr_cmp-2-/results/asap7/mock-cpu/base/1_2_yosys.sdc line 86, 'fifo_in/wdata[8]' is not a valid endpoint.
[WARNING STA-1551] /tmp/workspace/scripts-Private_test-fr_cugr_cmp-2-/results/asap7/mock-cpu/base/1_2_yosys.sdc line 86, 'fifo_in/wdata[7]' is not a valid endpoint.
[WARNING STA-1551] /tmp/workspace/scripts-Private_test-fr_cugr_cmp-2-/results/asap7/mock-cpu/base/1_2_yosys.sdc line 86, 'fifo_in/wdata[6]' is not a valid endpoint.
[WARNING STA-1551] /tmp/workspace/scripts-Private_test-fr_cugr_cmp-2-/results/asap7/mock-cpu/base/1_2_yosys.sdc line 86, 'fifo_in/wdata[5]' is not a valid endpoint.
[WARNING STA-1551] /tmp/workspace/scripts-Private_test-fr_cugr_cmp-2-/results/asap7/mock-cpu/base/1_2_yosys.sdc line 86, 'fifo_in/wdata[4]' is not a valid endpoint.
[WARNING STA-1551] /tmp/workspace/scripts-Private_test-fr_cugr_cmp-2-/results/asap7/mock-cpu/base/1_2_yosys.sdc line 86, 'fifo_in/wdata[3]' is not a valid endpoint.
[WARNING STA-1551] /tmp/workspace/scripts-Private_test-fr_cugr_cmp-2-/results/asap7/mock-cpu/base/1_2_yosys.sdc line 86, 'fifo_in/wdata[2]' is not a valid endpoint.
[WARNING STA-1551] /tmp/workspace/scripts-Private_test-fr_cugr_cmp-2-/results/asap7/mock-cpu/base/1_2_yosys.sdc line 86, 'fifo_in/wdata[1]' is not a valid endpoint.
[WARNING STA-1551] /tmp/workspace/scripts-Private_test-fr_cugr_cmp-2-/results/asap7/mock-cpu/base/1_2_yosys.sdc line 86, 'fifo_in/wdata[0]' is not a valid endpoint.
[WARNING STA-1551] /tmp/workspace/scripts-Private_test-fr_cugr_cmp-2-/results/asap7/mock-cpu/base/1_2_yosys.sdc line 86, 'fifo_in/winc' is not a valid endpoint.
[WARNING STA-1551] /tmp/workspace/scripts-Private_test-fr_cugr_cmp-2-/results/asap7/mock-cpu/base/1_2_yosys.sdc line 86, 'fifo_out/rinc' is not a valid endpoint.
source ./platforms/asap7/setRC.tcl
eliminate_dead_logic
Removed 1 unused instances and 1 unused nets.
Design area 6434 um^2 100% utilization.
write_db /tmp/workspace/scripts-Private_test-fr_cugr_cmp-2-/results/asap7/mock-cpu/base/1_synth.odb
write_sdc -no_timestamp /tmp/workspace/scripts-Private_test-fr_cugr_cmp-2-/results/asap7/mock-cpu/base/1_synth.sdc
Elapsed time: 0:02.75[h:]min:sec. CPU time: user 2.57 sys 0.18 (100%). Peak memory: 336312KB.
Log                       Ext     Elapsed/s Peak Memory/MB sha1sum result [0:20)
1_synth                   .odb            2            328 43321db866a35ede6a3b
1_synth                   .sdc                             e3c808b3924ecc5cbbd6
/OpenROAD-flow-scripts/flow/scripts/flow.sh 2_1_floorplan floorplan
Running floorplan.tcl, stage 2_1_floorplan
source ./platforms/asap7/liberty_suppressions.tcl
read_liberty ./platforms/asap7/lib/NLDM/asap7sc7p5t_AO_RVT_FF_nldm_211120.lib.gz
read_liberty ./platforms/asap7/lib/NLDM/asap7sc7p5t_INVBUF_RVT_FF_nldm_220122.lib.gz
read_liberty ./platforms/asap7/lib/NLDM/asap7sc7p5t_OA_RVT_FF_nldm_211120.lib.gz
read_liberty ./platforms/asap7/lib/NLDM/asap7sc7p5t_SIMPLE_RVT_FF_nldm_211120.lib.gz
read_liberty ./platforms/asap7/lib/NLDM/asap7sc7p5t_SEQ_RVT_FF_nldm_220123.lib
read_db -hier /tmp/workspace/scripts-Private_test-fr_cugr_cmp-2-/results/asap7/mock-cpu/base/1_synth.odb
[WARNING ORD-0012] Hierarchical flow (-hier) is currently in development and may cause multiple issues. Do not use in production environments.
read_sdc /tmp/workspace/scripts-Private_test-fr_cugr_cmp-2-/results/asap7/mock-cpu/base/1_synth.sdc
[WARNING STA-1551] /tmp/workspace/scripts-Private_test-fr_cugr_cmp-2-/results/asap7/mock-cpu/base/1_synth.sdc line 56522, 'fifo_in/wdata[31]' is not a valid endpoint.
[WARNING STA-1551] /tmp/workspace/scripts-Private_test-fr_cugr_cmp-2-/results/asap7/mock-cpu/base/1_synth.sdc line 56522, 'fifo_in/wdata[30]' is not a valid endpoint.
[WARNING STA-1551] /tmp/workspace/scripts-Private_test-fr_cugr_cmp-2-/results/asap7/mock-cpu/base/1_synth.sdc line 56522, 'fifo_in/wdata[29]' is not a valid endpoint.
[WARNING STA-1551] /tmp/workspace/scripts-Private_test-fr_cugr_cmp-2-/results/asap7/mock-cpu/base/1_synth.sdc line 56522, 'fifo_in/wdata[28]' is not a valid endpoint.
[WARNING STA-1551] /tmp/workspace/scripts-Private_test-fr_cugr_cmp-2-/results/asap7/mock-cpu/base/1_synth.sdc line 56522, 'fifo_in/wdata[27]' is not a valid endpoint.
[WARNING STA-1551] /tmp/workspace/scripts-Private_test-fr_cugr_cmp-2-/results/asap7/mock-cpu/base/1_synth.sdc line 56522, 'fifo_in/wdata[26]' is not a valid endpoint.
[WARNING STA-1551] /tmp/workspace/scripts-Private_test-fr_cugr_cmp-2-/results/asap7/mock-cpu/base/1_synth.sdc line 56522, 'fifo_in/wdata[25]' is not a valid endpoint.
[WARNING STA-1551] /tmp/workspace/scripts-Private_test-fr_cugr_cmp-2-/results/asap7/mock-cpu/base/1_synth.sdc line 56522, 'fifo_in/wdata[24]' is not a valid endpoint.
[WARNING STA-1551] /tmp/workspace/scripts-Private_test-fr_cugr_cmp-2-/results/asap7/mock-cpu/base/1_synth.sdc line 56522, 'fifo_in/wdata[23]' is not a valid endpoint.
[WARNING STA-1551] /tmp/workspace/scripts-Private_test-fr_cugr_cmp-2-/results/asap7/mock-cpu/base/1_synth.sdc line 56522, 'fifo_in/wdata[22]' is not a valid endpoint.
[WARNING STA-1551] /tmp/workspace/scripts-Private_test-fr_cugr_cmp-2-/results/asap7/mock-cpu/base/1_synth.sdc line 56522, 'fifo_in/wdata[21]' is not a valid endpoint.
[WARNING STA-1551] /tmp/workspace/scripts-Private_test-fr_cugr_cmp-2-/results/asap7/mock-cpu/base/1_synth.sdc line 56522, 'fifo_in/wdata[20]' is not a valid endpoint.
[WARNING STA-1551] /tmp/workspace/scripts-Private_test-fr_cugr_cmp-2-/results/asap7/mock-cpu/base/1_synth.sdc line 56522, 'fifo_in/wdata[19]' is not a valid endpoint.
[WARNING STA-1551] /tmp/workspace/scripts-Private_test-fr_cugr_cmp-2-/results/asap7/mock-cpu/base/1_synth.sdc line 56522, 'fifo_in/wdata[18]' is not a valid endpoint.
[WARNING STA-1551] /tmp/workspace/scripts-Private_test-fr_cugr_cmp-2-/results/asap7/mock-cpu/base/1_synth.sdc line 56522, 'fifo_in/wdata[17]' is not a valid endpoint.
[WARNING STA-1551] /tmp/workspace/scripts-Private_test-fr_cugr_cmp-2-/results/asap7/mock-cpu/base/1_synth.sdc line 56522, 'fifo_in/wdata[16]' is not a valid endpoint.
[WARNING STA-1551] /tmp/workspace/scripts-Private_test-fr_cugr_cmp-2-/results/asap7/mock-cpu/base/1_synth.sdc line 56522, 'fifo_in/wdata[15]' is not a valid endpoint.
[WARNING STA-1551] /tmp/workspace/scripts-Private_test-fr_cugr_cmp-2-/results/asap7/mock-cpu/base/1_synth.sdc line 56522, 'fifo_in/wdata[14]' is not a valid endpoint.
[WARNING STA-1551] /tmp/workspace/scripts-Private_test-fr_cugr_cmp-2-/results/asap7/mock-cpu/base/1_synth.sdc line 56522, 'fifo_in/wdata[13]' is not a valid endpoint.
[WARNING STA-1551] /tmp/workspace/scripts-Private_test-fr_cugr_cmp-2-/results/asap7/mock-cpu/base/1_synth.sdc line 56522, 'fifo_in/wdata[12]' is not a valid endpoint.
[WARNING STA-1551] /tmp/workspace/scripts-Private_test-fr_cugr_cmp-2-/results/asap7/mock-cpu/base/1_synth.sdc line 56522, 'fifo_in/wdata[11]' is not a valid endpoint.
[WARNING STA-1551] /tmp/workspace/scripts-Private_test-fr_cugr_cmp-2-/results/asap7/mock-cpu/base/1_synth.sdc line 56522, 'fifo_in/wdata[10]' is not a valid endpoint.
[WARNING STA-1551] /tmp/workspace/scripts-Private_test-fr_cugr_cmp-2-/results/asap7/mock-cpu/base/1_synth.sdc line 56522, 'fifo_in/wdata[9]' is not a valid endpoint.
[WARNING STA-1551] /tmp/workspace/scripts-Private_test-fr_cugr_cmp-2-/results/asap7/mock-cpu/base/1_synth.sdc line 56522, 'fifo_in/wdata[8]' is not a valid endpoint.
[WARNING STA-1551] /tmp/workspace/scripts-Private_test-fr_cugr_cmp-2-/results/asap7/mock-cpu/base/1_synth.sdc line 56522, 'fifo_in/wdata[7]' is not a valid endpoint.
[WARNING STA-1551] /tmp/workspace/scripts-Private_test-fr_cugr_cmp-2-/results/asap7/mock-cpu/base/1_synth.sdc line 56522, 'fifo_in/wdata[6]' is not a valid endpoint.
[WARNING STA-1551] /tmp/workspace/scripts-Private_test-fr_cugr_cmp-2-/results/asap7/mock-cpu/base/1_synth.sdc line 56522, 'fifo_in/wdata[5]' is not a valid endpoint.
[WARNING STA-1551] /tmp/workspace/scripts-Private_test-fr_cugr_cmp-2-/results/asap7/mock-cpu/base/1_synth.sdc line 56522, 'fifo_in/wdata[4]' is not a valid endpoint.
[WARNING STA-1551] /tmp/workspace/scripts-Private_test-fr_cugr_cmp-2-/results/asap7/mock-cpu/base/1_synth.sdc line 56522, 'fifo_in/wdata[3]' is not a valid endpoint.
[WARNING STA-1551] /tmp/workspace/scripts-Private_test-fr_cugr_cmp-2-/results/asap7/mock-cpu/base/1_synth.sdc line 56522, 'fifo_in/wdata[2]' is not a valid endpoint.
[WARNING STA-1551] /tmp/workspace/scripts-Private_test-fr_cugr_cmp-2-/results/asap7/mock-cpu/base/1_synth.sdc line 56522, 'fifo_in/wdata[1]' is not a valid endpoint.
[WARNING STA-1551] /tmp/workspace/scripts-Private_test-fr_cugr_cmp-2-/results/asap7/mock-cpu/base/1_synth.sdc line 56522, 'fifo_in/wdata[0]' is not a valid endpoint.
[WARNING STA-1551] /tmp/workspace/scripts-Private_test-fr_cugr_cmp-2-/results/asap7/mock-cpu/base/1_synth.sdc line 56522, 'fifo_in/winc' is not a valid endpoint.
[WARNING STA-1551] /tmp/workspace/scripts-Private_test-fr_cugr_cmp-2-/results/asap7/mock-cpu/base/1_synth.sdc line 56522, 'fifo_out/rinc' is not a valid endpoint.
[WARNING STA-1551] /tmp/workspace/scripts-Private_test-fr_cugr_cmp-2-/results/asap7/mock-cpu/base/1_synth.sdc line 94135, 'fifo_out/rinc' is not a valid endpoint.
[WARNING STA-1551] /tmp/workspace/scripts-Private_test-fr_cugr_cmp-2-/results/asap7/mock-cpu/base/1_synth.sdc line 94138, 'fifo_in/winc' is not a valid endpoint.
[WARNING STA-1551] /tmp/workspace/scripts-Private_test-fr_cugr_cmp-2-/results/asap7/mock-cpu/base/1_synth.sdc line 94203, 'fifo_in/wdata[31]' is not a valid endpoint.
[WARNING STA-1551] /tmp/workspace/scripts-Private_test-fr_cugr_cmp-2-/results/asap7/mock-cpu/base/1_synth.sdc line 94203, 'fifo_in/wdata[30]' is not a valid endpoint.
[WARNING STA-1551] /tmp/workspace/scripts-Private_test-fr_cugr_cmp-2-/results/asap7/mock-cpu/base/1_synth.sdc line 94203, 'fifo_in/wdata[29]' is not a valid endpoint.
[WARNING STA-1551] /tmp/workspace/scripts-Private_test-fr_cugr_cmp-2-/results/asap7/mock-cpu/base/1_synth.sdc line 94203, 'fifo_in/wdata[28]' is not a valid endpoint.
[WARNING STA-1551] /tmp/workspace/scripts-Private_test-fr_cugr_cmp-2-/results/asap7/mock-cpu/base/1_synth.sdc line 94203, 'fifo_in/wdata[27]' is not a valid endpoint.
[WARNING STA-1551] /tmp/workspace/scripts-Private_test-fr_cugr_cmp-2-/results/asap7/mock-cpu/base/1_synth.sdc line 94203, 'fifo_in/wdata[26]' is not a valid endpoint.
[WARNING STA-1551] /tmp/workspace/scripts-Private_test-fr_cugr_cmp-2-/results/asap7/mock-cpu/base/1_synth.sdc line 94203, 'fifo_in/wdata[25]' is not a valid endpoint.
[WARNING STA-1551] /tmp/workspace/scripts-Private_test-fr_cugr_cmp-2-/results/asap7/mock-cpu/base/1_synth.sdc line 94203, 'fifo_in/wdata[24]' is not a valid endpoint.
[WARNING STA-1551] /tmp/workspace/scripts-Private_test-fr_cugr_cmp-2-/results/asap7/mock-cpu/base/1_synth.sdc line 94203, 'fifo_in/wdata[23]' is not a valid endpoint.
[WARNING STA-1551] /tmp/workspace/scripts-Private_test-fr_cugr_cmp-2-/results/asap7/mock-cpu/base/1_synth.sdc line 94203, 'fifo_in/wdata[22]' is not a valid endpoint.
[WARNING STA-1551] /tmp/workspace/scripts-Private_test-fr_cugr_cmp-2-/results/asap7/mock-cpu/base/1_synth.sdc line 94203, 'fifo_in/wdata[21]' is not a valid endpoint.
[WARNING STA-1551] /tmp/workspace/scripts-Private_test-fr_cugr_cmp-2-/results/asap7/mock-cpu/base/1_synth.sdc line 94203, 'fifo_in/wdata[20]' is not a valid endpoint.
[WARNING STA-1551] /tmp/workspace/scripts-Private_test-fr_cugr_cmp-2-/results/asap7/mock-cpu/base/1_synth.sdc line 94203, 'fifo_in/wdata[19]' is not a valid endpoint.
[WARNING STA-1551] /tmp/workspace/scripts-Private_test-fr_cugr_cmp-2-/results/asap7/mock-cpu/base/1_synth.sdc line 94203, 'fifo_in/wdata[18]' is not a valid endpoint.
[WARNING STA-1551] /tmp/workspace/scripts-Private_test-fr_cugr_cmp-2-/results/asap7/mock-cpu/base/1_synth.sdc line 94203, 'fifo_in/wdata[17]' is not a valid endpoint.
[WARNING STA-1551] /tmp/workspace/scripts-Private_test-fr_cugr_cmp-2-/results/asap7/mock-cpu/base/1_synth.sdc line 94203, 'fifo_in/wdata[16]' is not a valid endpoint.
[WARNING STA-1551] /tmp/workspace/scripts-Private_test-fr_cugr_cmp-2-/results/asap7/mock-cpu/base/1_synth.sdc line 94203, 'fifo_in/wdata[15]' is not a valid endpoint.
[WARNING STA-1551] /tmp/workspace/scripts-Private_test-fr_cugr_cmp-2-/results/asap7/mock-cpu/base/1_synth.sdc line 94203, 'fifo_in/wdata[14]' is not a valid endpoint.
[WARNING STA-1551] /tmp/workspace/scripts-Private_test-fr_cugr_cmp-2-/results/asap7/mock-cpu/base/1_synth.sdc line 94203, 'fifo_in/wdata[13]' is not a valid endpoint.
[WARNING STA-1551] /tmp/workspace/scripts-Private_test-fr_cugr_cmp-2-/results/asap7/mock-cpu/base/1_synth.sdc line 94203, 'fifo_in/wdata[12]' is not a valid endpoint.
[WARNING STA-1551] /tmp/workspace/scripts-Private_test-fr_cugr_cmp-2-/results/asap7/mock-cpu/base/1_synth.sdc line 94203, 'fifo_in/wdata[11]' is not a valid endpoint.
[WARNING STA-1551] /tmp/workspace/scripts-Private_test-fr_cugr_cmp-2-/results/asap7/mock-cpu/base/1_synth.sdc line 94203, 'fifo_in/wdata[10]' is not a valid endpoint.
[WARNING STA-1551] /tmp/workspace/scripts-Private_test-fr_cugr_cmp-2-/results/asap7/mock-cpu/base/1_synth.sdc line 94203, 'fifo_in/wdata[9]' is not a valid endpoint.
[WARNING STA-1551] /tmp/workspace/scripts-Private_test-fr_cugr_cmp-2-/results/asap7/mock-cpu/base/1_synth.sdc line 94203, 'fifo_in/wdata[8]' is not a valid endpoint.
[WARNING STA-1551] /tmp/workspace/scripts-Private_test-fr_cugr_cmp-2-/results/asap7/mock-cpu/base/1_synth.sdc line 94203, 'fifo_in/wdata[7]' is not a valid endpoint.
[WARNING STA-1551] /tmp/workspace/scripts-Private_test-fr_cugr_cmp-2-/results/asap7/mock-cpu/base/1_synth.sdc line 94203, 'fifo_in/wdata[6]' is not a valid endpoint.
[WARNING STA-1551] /tmp/workspace/scripts-Private_test-fr_cugr_cmp-2-/results/asap7/mock-cpu/base/1_synth.sdc line 94203, 'fifo_in/wdata[5]' is not a valid endpoint.
[WARNING STA-1551] /tmp/workspace/scripts-Private_test-fr_cugr_cmp-2-/results/asap7/mock-cpu/base/1_synth.sdc line 94203, 'fifo_in/wdata[4]' is not a valid endpoint.
[WARNING STA-1551] /tmp/workspace/scripts-Private_test-fr_cugr_cmp-2-/results/asap7/mock-cpu/base/1_synth.sdc line 94203, 'fifo_in/wdata[3]' is not a valid endpoint.
[WARNING STA-1551] /tmp/workspace/scripts-Private_test-fr_cugr_cmp-2-/results/asap7/mock-cpu/base/1_synth.sdc line 94203, 'fifo_in/wdata[2]' is not a valid endpoint.
[WARNING STA-1551] /tmp/workspace/scripts-Private_test-fr_cugr_cmp-2-/results/asap7/mock-cpu/base/1_synth.sdc line 94203, 'fifo_in/wdata[1]' is not a valid endpoint.
[WARNING STA-1551] /tmp/workspace/scripts-Private_test-fr_cugr_cmp-2-/results/asap7/mock-cpu/base/1_synth.sdc line 94203, 'fifo_in/wdata[0]' is not a valid endpoint.
[WARNING STA-1551] /tmp/workspace/scripts-Private_test-fr_cugr_cmp-2-/results/asap7/mock-cpu/base/1_synth.sdc line 94247, 'rrst_n' is not a valid endpoint.
[WARNING STA-1551] /tmp/workspace/scripts-Private_test-fr_cugr_cmp-2-/results/asap7/mock-cpu/base/1_synth.sdc line 94247, 'wrst_n' is not a valid endpoint.
source ./platforms/asap7/setRC.tcl

==========================================================================
Floorplan check_setup
--------------------------------------------------------------------------
Warning: There are 36 input ports missing set_input_delay.
Warning: There are 34 output ports missing set_output_delay.
Warning: There are 32 unconstrained endpoints.
number instances in verilog is 38759
[INFO IFP-0107] Defining die area using utilization: 40.00% and aspect ratio: 1.
[WARNING IFP-0028] Core area lower left (2.000, 2.000) snapped to (2.052, 2.160).
[INFO IFP-0001] Added 469 rows of 2347 site asap7sc7p5t.
[INFO IFP-0100] Die BBox:  (  0.000  0.000 ) ( 130.827 130.827 ) um
[INFO IFP-0101] Core BBox: (  2.052  2.160 ) ( 128.790 128.790 ) um
[INFO IFP-0102] Core area:                        16048.833 um^2
[INFO IFP-0103] Total instances area:              6434.125 um^2
[INFO IFP-0104] Effective utilization:                0.401
[INFO IFP-0105] Number of instances:                  38757
source ./platforms/asap7/openRoad/make_tracks.tcl
source ./platforms/asap7/fastroute.tcl
Repair tie lo fanout...
[INFO RSZ-0042] Inserted 120 tie TIELOx1_ASAP7_75t_R instances.
Repair tie hi fanout...
[INFO RSZ-0042] Inserted 48 tie TIEHIx1_ASAP7_75t_R instances.
repair_timing -setup_margin 0 -hold_margin 0 -repair_tns 100 -setup -skip_last_gasp -sequence unbuffer,sizeup,swap,vt_swap -verbose
[WARNING EST-0027] no estimated parasitics. Using wire load models.
[INFO RSZ-0100] Repair move sequence: UnbufferMove SizeUpMove SwapPinsMove 
[INFO RSZ-0098] No setup violations found
[INFO RSZ-0505] Runtime: 0.37s
Default units for flow
 time 1ps
 capacitance 1fF
 resistance 1kohm
 voltage 1v
 current 1mA
 power 1pW
 distance 1um
   Layer   | Unit Resistance | Unit Capacitance 
           |       (kohm/um) |          (fF/um)
------------------------------------------------
        M1 |        7.04e-02 |         1.00e-10
        M2 |        2.97e-02 |         1.75e-01
        M3 |        3.13e-02 |         1.56e-01
        M4 |        1.80e-02 |         1.78e-01
        M5 |        1.90e-02 |         1.64e-01
        M6 |        1.19e-02 |         1.87e-01
        M7 |        1.25e-02 |         1.63e-01
        M8 |        8.45e-03 |         1.04e-01
        M9 |        8.90e-03 |         9.28e-02
       Pad |        0.00e+00 |         0.00e+00
------------------------------------------------

   Layer   | Via Resistance 
           |         (kohm) 
----------------------------
        V1 |       1.72e-02 
        V2 |       1.72e-02 
        V3 |       1.72e-02 
        V4 |       1.18e-02 
        V5 |       1.18e-02 
        V6 |       8.20e-03 
        V7 |       8.20e-03 
        V8 |       6.30e-03 
        V9 |       6.30e-03 
----------------------------
Report metrics stage 2, floorplan final...

==========================================================================
floorplan final report_design_area
--------------------------------------------------------------------------
Design area 6441 um^2 40% utilization.
source designs/asap7/mock-cpu/io.tcl
write_db /tmp/workspace/scripts-Private_test-fr_cugr_cmp-2-/results/asap7/mock-cpu/base/2_1_floorplan.odb
write_sdc -no_timestamp /tmp/workspace/scripts-Private_test-fr_cugr_cmp-2-/results/asap7/mock-cpu/base/2_1_floorplan.sdc
Elapsed time: 0:06.10[h:]min:sec. CPU time: user 7.64 sys 5.10 (208%). Peak memory: 359188KB.
Log                       Ext     Elapsed/s Peak Memory/MB sha1sum result [0:20)
2_1_floorplan             .odb            6            350 7cb61b529b9791567fde
2_1_floorplan             .sdc                             e3c808b3924ecc5cbbd6
/OpenROAD-flow-scripts/flow/scripts/flow.sh 2_2_floorplan_macro macro_place
Running macro_place.tcl, stage 2_2_floorplan_macro
source ./platforms/asap7/liberty_suppressions.tcl
read_liberty ./platforms/asap7/lib/NLDM/asap7sc7p5t_AO_RVT_FF_nldm_211120.lib.gz
read_liberty ./platforms/asap7/lib/NLDM/asap7sc7p5t_INVBUF_RVT_FF_nldm_220122.lib.gz
read_liberty ./platforms/asap7/lib/NLDM/asap7sc7p5t_OA_RVT_FF_nldm_211120.lib.gz
read_liberty ./platforms/asap7/lib/NLDM/asap7sc7p5t_SIMPLE_RVT_FF_nldm_211120.lib.gz
read_liberty ./platforms/asap7/lib/NLDM/asap7sc7p5t_SEQ_RVT_FF_nldm_220123.lib
read_db -hier /tmp/workspace/scripts-Private_test-fr_cugr_cmp-2-/results/asap7/mock-cpu/base/2_1_floorplan.odb
[WARNING ORD-0012] Hierarchical flow (-hier) is currently in development and may cause multiple issues. Do not use in production environments.
read_sdc /tmp/workspace/scripts-Private_test-fr_cugr_cmp-2-/results/asap7/mock-cpu/base/2_1_floorplan.sdc
[WARNING STA-1551] /tmp/workspace/scripts-Private_test-fr_cugr_cmp-2-/results/asap7/mock-cpu/base/2_1_floorplan.sdc line 56522, 'fifo_in/wdata[31]' is not a valid endpoint.
[WARNING STA-1551] /tmp/workspace/scripts-Private_test-fr_cugr_cmp-2-/results/asap7/mock-cpu/base/2_1_floorplan.sdc line 56522, 'fifo_in/wdata[30]' is not a valid endpoint.
[WARNING STA-1551] /tmp/workspace/scripts-Private_test-fr_cugr_cmp-2-/results/asap7/mock-cpu/base/2_1_floorplan.sdc line 56522, 'fifo_in/wdata[29]' is not a valid endpoint.
[WARNING STA-1551] /tmp/workspace/scripts-Private_test-fr_cugr_cmp-2-/results/asap7/mock-cpu/base/2_1_floorplan.sdc line 56522, 'fifo_in/wdata[28]' is not a valid endpoint.
[WARNING STA-1551] /tmp/workspace/scripts-Private_test-fr_cugr_cmp-2-/results/asap7/mock-cpu/base/2_1_floorplan.sdc line 56522, 'fifo_in/wdata[27]' is not a valid endpoint.
[WARNING STA-1551] /tmp/workspace/scripts-Private_test-fr_cugr_cmp-2-/results/asap7/mock-cpu/base/2_1_floorplan.sdc line 56522, 'fifo_in/wdata[26]' is not a valid endpoint.
[WARNING STA-1551] /tmp/workspace/scripts-Private_test-fr_cugr_cmp-2-/results/asap7/mock-cpu/base/2_1_floorplan.sdc line 56522, 'fifo_in/wdata[25]' is not a valid endpoint.
[WARNING STA-1551] /tmp/workspace/scripts-Private_test-fr_cugr_cmp-2-/results/asap7/mock-cpu/base/2_1_floorplan.sdc line 56522, 'fifo_in/wdata[24]' is not a valid endpoint.
[WARNING STA-1551] /tmp/workspace/scripts-Private_test-fr_cugr_cmp-2-/results/asap7/mock-cpu/base/2_1_floorplan.sdc line 56522, 'fifo_in/wdata[23]' is not a valid endpoint.
[WARNING STA-1551] /tmp/workspace/scripts-Private_test-fr_cugr_cmp-2-/results/asap7/mock-cpu/base/2_1_floorplan.sdc line 56522, 'fifo_in/wdata[22]' is not a valid endpoint.
[WARNING STA-1551] /tmp/workspace/scripts-Private_test-fr_cugr_cmp-2-/results/asap7/mock-cpu/base/2_1_floorplan.sdc line 56522, 'fifo_in/wdata[21]' is not a valid endpoint.
[WARNING STA-1551] /tmp/workspace/scripts-Private_test-fr_cugr_cmp-2-/results/asap7/mock-cpu/base/2_1_floorplan.sdc line 56522, 'fifo_in/wdata[20]' is not a valid endpoint.
[WARNING STA-1551] /tmp/workspace/scripts-Private_test-fr_cugr_cmp-2-/results/asap7/mock-cpu/base/2_1_floorplan.sdc line 56522, 'fifo_in/wdata[19]' is not a valid endpoint.
[WARNING STA-1551] /tmp/workspace/scripts-Private_test-fr_cugr_cmp-2-/results/asap7/mock-cpu/base/2_1_floorplan.sdc line 56522, 'fifo_in/wdata[18]' is not a valid endpoint.
[WARNING STA-1551] /tmp/workspace/scripts-Private_test-fr_cugr_cmp-2-/results/asap7/mock-cpu/base/2_1_floorplan.sdc line 56522, 'fifo_in/wdata[17]' is not a valid endpoint.
[WARNING STA-1551] /tmp/workspace/scripts-Private_test-fr_cugr_cmp-2-/results/asap7/mock-cpu/base/2_1_floorplan.sdc line 56522, 'fifo_in/wdata[16]' is not a valid endpoint.
[WARNING STA-1551] /tmp/workspace/scripts-Private_test-fr_cugr_cmp-2-/results/asap7/mock-cpu/base/2_1_floorplan.sdc line 56522, 'fifo_in/wdata[15]' is not a valid endpoint.
[WARNING STA-1551] /tmp/workspace/scripts-Private_test-fr_cugr_cmp-2-/results/asap7/mock-cpu/base/2_1_floorplan.sdc line 56522, 'fifo_in/wdata[14]' is not a valid endpoint.
[WARNING STA-1551] /tmp/workspace/scripts-Private_test-fr_cugr_cmp-2-/results/asap7/mock-cpu/base/2_1_floorplan.sdc line 56522, 'fifo_in/wdata[13]' is not a valid endpoint.
[WARNING STA-1551] /tmp/workspace/scripts-Private_test-fr_cugr_cmp-2-/results/asap7/mock-cpu/base/2_1_floorplan.sdc line 56522, 'fifo_in/wdata[12]' is not a valid endpoint.
[WARNING STA-1551] /tmp/workspace/scripts-Private_test-fr_cugr_cmp-2-/results/asap7/mock-cpu/base/2_1_floorplan.sdc line 56522, 'fifo_in/wdata[11]' is not a valid endpoint.
[WARNING STA-1551] /tmp/workspace/scripts-Private_test-fr_cugr_cmp-2-/results/asap7/mock-cpu/base/2_1_floorplan.sdc line 56522, 'fifo_in/wdata[10]' is not a valid endpoint.
[WARNING STA-1551] /tmp/workspace/scripts-Private_test-fr_cugr_cmp-2-/results/asap7/mock-cpu/base/2_1_floorplan.sdc line 56522, 'fifo_in/wdata[9]' is not a valid endpoint.
[WARNING STA-1551] /tmp/workspace/scripts-Private_test-fr_cugr_cmp-2-/results/asap7/mock-cpu/base/2_1_floorplan.sdc line 56522, 'fifo_in/wdata[8]' is not a valid endpoint.
[WARNING STA-1551] /tmp/workspace/scripts-Private_test-fr_cugr_cmp-2-/results/asap7/mock-cpu/base/2_1_floorplan.sdc line 56522, 'fifo_in/wdata[7]' is not a valid endpoint.
[WARNING STA-1551] /tmp/workspace/scripts-Private_test-fr_cugr_cmp-2-/results/asap7/mock-cpu/base/2_1_floorplan.sdc line 56522, 'fifo_in/wdata[6]' is not a valid endpoint.
[WARNING STA-1551] /tmp/workspace/scripts-Private_test-fr_cugr_cmp-2-/results/asap7/mock-cpu/base/2_1_floorplan.sdc line 56522, 'fifo_in/wdata[5]' is not a valid endpoint.
[WARNING STA-1551] /tmp/workspace/scripts-Private_test-fr_cugr_cmp-2-/results/asap7/mock-cpu/base/2_1_floorplan.sdc line 56522, 'fifo_in/wdata[4]' is not a valid endpoint.
[WARNING STA-1551] /tmp/workspace/scripts-Private_test-fr_cugr_cmp-2-/results/asap7/mock-cpu/base/2_1_floorplan.sdc line 56522, 'fifo_in/wdata[3]' is not a valid endpoint.
[WARNING STA-1551] /tmp/workspace/scripts-Private_test-fr_cugr_cmp-2-/results/asap7/mock-cpu/base/2_1_floorplan.sdc line 56522, 'fifo_in/wdata[2]' is not a valid endpoint.
[WARNING STA-1551] /tmp/workspace/scripts-Private_test-fr_cugr_cmp-2-/results/asap7/mock-cpu/base/2_1_floorplan.sdc line 56522, 'fifo_in/wdata[1]' is not a valid endpoint.
[WARNING STA-1551] /tmp/workspace/scripts-Private_test-fr_cugr_cmp-2-/results/asap7/mock-cpu/base/2_1_floorplan.sdc line 56522, 'fifo_in/wdata[0]' is not a valid endpoint.
[WARNING STA-1551] /tmp/workspace/scripts-Private_test-fr_cugr_cmp-2-/results/asap7/mock-cpu/base/2_1_floorplan.sdc line 56522, 'fifo_in/winc' is not a valid endpoint.
[WARNING STA-1551] /tmp/workspace/scripts-Private_test-fr_cugr_cmp-2-/results/asap7/mock-cpu/base/2_1_floorplan.sdc line 56522, 'fifo_out/rinc' is not a valid endpoint.
[WARNING STA-1551] /tmp/workspace/scripts-Private_test-fr_cugr_cmp-2-/results/asap7/mock-cpu/base/2_1_floorplan.sdc line 94135, 'fifo_out/rinc' is not a valid endpoint.
[WARNING STA-1551] /tmp/workspace/scripts-Private_test-fr_cugr_cmp-2-/results/asap7/mock-cpu/base/2_1_floorplan.sdc line 94138, 'fifo_in/winc' is not a valid endpoint.
[WARNING STA-1551] /tmp/workspace/scripts-Private_test-fr_cugr_cmp-2-/results/asap7/mock-cpu/base/2_1_floorplan.sdc line 94203, 'fifo_in/wdata[31]' is not a valid endpoint.
[WARNING STA-1551] /tmp/workspace/scripts-Private_test-fr_cugr_cmp-2-/results/asap7/mock-cpu/base/2_1_floorplan.sdc line 94203, 'fifo_in/wdata[30]' is not a valid endpoint.
[WARNING STA-1551] /tmp/workspace/scripts-Private_test-fr_cugr_cmp-2-/results/asap7/mock-cpu/base/2_1_floorplan.sdc line 94203, 'fifo_in/wdata[29]' is not a valid endpoint.
[WARNING STA-1551] /tmp/workspace/scripts-Private_test-fr_cugr_cmp-2-/results/asap7/mock-cpu/base/2_1_floorplan.sdc line 94203, 'fifo_in/wdata[28]' is not a valid endpoint.
[WARNING STA-1551] /tmp/workspace/scripts-Private_test-fr_cugr_cmp-2-/results/asap7/mock-cpu/base/2_1_floorplan.sdc line 94203, 'fifo_in/wdata[27]' is not a valid endpoint.
[WARNING STA-1551] /tmp/workspace/scripts-Private_test-fr_cugr_cmp-2-/results/asap7/mock-cpu/base/2_1_floorplan.sdc line 94203, 'fifo_in/wdata[26]' is not a valid endpoint.
[WARNING STA-1551] /tmp/workspace/scripts-Private_test-fr_cugr_cmp-2-/results/asap7/mock-cpu/base/2_1_floorplan.sdc line 94203, 'fifo_in/wdata[25]' is not a valid endpoint.
[WARNING STA-1551] /tmp/workspace/scripts-Private_test-fr_cugr_cmp-2-/results/asap7/mock-cpu/base/2_1_floorplan.sdc line 94203, 'fifo_in/wdata[24]' is not a valid endpoint.
[WARNING STA-1551] /tmp/workspace/scripts-Private_test-fr_cugr_cmp-2-/results/asap7/mock-cpu/base/2_1_floorplan.sdc line 94203, 'fifo_in/wdata[23]' is not a valid endpoint.
[WARNING STA-1551] /tmp/workspace/scripts-Private_test-fr_cugr_cmp-2-/results/asap7/mock-cpu/base/2_1_floorplan.sdc line 94203, 'fifo_in/wdata[22]' is not a valid endpoint.
[WARNING STA-1551] /tmp/workspace/scripts-Private_test-fr_cugr_cmp-2-/results/asap7/mock-cpu/base/2_1_floorplan.sdc line 94203, 'fifo_in/wdata[21]' is not a valid endpoint.
[WARNING STA-1551] /tmp/workspace/scripts-Private_test-fr_cugr_cmp-2-/results/asap7/mock-cpu/base/2_1_floorplan.sdc line 94203, 'fifo_in/wdata[20]' is not a valid endpoint.
[WARNING STA-1551] /tmp/workspace/scripts-Private_test-fr_cugr_cmp-2-/results/asap7/mock-cpu/base/2_1_floorplan.sdc line 94203, 'fifo_in/wdata[19]' is not a valid endpoint.
[WARNING STA-1551] /tmp/workspace/scripts-Private_test-fr_cugr_cmp-2-/results/asap7/mock-cpu/base/2_1_floorplan.sdc line 94203, 'fifo_in/wdata[18]' is not a valid endpoint.
[WARNING STA-1551] /tmp/workspace/scripts-Private_test-fr_cugr_cmp-2-/results/asap7/mock-cpu/base/2_1_floorplan.sdc line 94203, 'fifo_in/wdata[17]' is not a valid endpoint.
[WARNING STA-1551] /tmp/workspace/scripts-Private_test-fr_cugr_cmp-2-/results/asap7/mock-cpu/base/2_1_floorplan.sdc line 94203, 'fifo_in/wdata[16]' is not a valid endpoint.
[WARNING STA-1551] /tmp/workspace/scripts-Private_test-fr_cugr_cmp-2-/results/asap7/mock-cpu/base/2_1_floorplan.sdc line 94203, 'fifo_in/wdata[15]' is not a valid endpoint.
[WARNING STA-1551] /tmp/workspace/scripts-Private_test-fr_cugr_cmp-2-/results/asap7/mock-cpu/base/2_1_floorplan.sdc line 94203, 'fifo_in/wdata[14]' is not a valid endpoint.
[WARNING STA-1551] /tmp/workspace/scripts-Private_test-fr_cugr_cmp-2-/results/asap7/mock-cpu/base/2_1_floorplan.sdc line 94203, 'fifo_in/wdata[13]' is not a valid endpoint.
[WARNING STA-1551] /tmp/workspace/scripts-Private_test-fr_cugr_cmp-2-/results/asap7/mock-cpu/base/2_1_floorplan.sdc line 94203, 'fifo_in/wdata[12]' is not a valid endpoint.
[WARNING STA-1551] /tmp/workspace/scripts-Private_test-fr_cugr_cmp-2-/results/asap7/mock-cpu/base/2_1_floorplan.sdc line 94203, 'fifo_in/wdata[11]' is not a valid endpoint.
[WARNING STA-1551] /tmp/workspace/scripts-Private_test-fr_cugr_cmp-2-/results/asap7/mock-cpu/base/2_1_floorplan.sdc line 94203, 'fifo_in/wdata[10]' is not a valid endpoint.
[WARNING STA-1551] /tmp/workspace/scripts-Private_test-fr_cugr_cmp-2-/results/asap7/mock-cpu/base/2_1_floorplan.sdc line 94203, 'fifo_in/wdata[9]' is not a valid endpoint.
[WARNING STA-1551] /tmp/workspace/scripts-Private_test-fr_cugr_cmp-2-/results/asap7/mock-cpu/base/2_1_floorplan.sdc line 94203, 'fifo_in/wdata[8]' is not a valid endpoint.
[WARNING STA-1551] /tmp/workspace/scripts-Private_test-fr_cugr_cmp-2-/results/asap7/mock-cpu/base/2_1_floorplan.sdc line 94203, 'fifo_in/wdata[7]' is not a valid endpoint.
[WARNING STA-1551] /tmp/workspace/scripts-Private_test-fr_cugr_cmp-2-/results/asap7/mock-cpu/base/2_1_floorplan.sdc line 94203, 'fifo_in/wdata[6]' is not a valid endpoint.
[WARNING STA-1551] /tmp/workspace/scripts-Private_test-fr_cugr_cmp-2-/results/asap7/mock-cpu/base/2_1_floorplan.sdc line 94203, 'fifo_in/wdata[5]' is not a valid endpoint.
[WARNING STA-1551] /tmp/workspace/scripts-Private_test-fr_cugr_cmp-2-/results/asap7/mock-cpu/base/2_1_floorplan.sdc line 94203, 'fifo_in/wdata[4]' is not a valid endpoint.
[WARNING STA-1551] /tmp/workspace/scripts-Private_test-fr_cugr_cmp-2-/results/asap7/mock-cpu/base/2_1_floorplan.sdc line 94203, 'fifo_in/wdata[3]' is not a valid endpoint.
[WARNING STA-1551] /tmp/workspace/scripts-Private_test-fr_cugr_cmp-2-/results/asap7/mock-cpu/base/2_1_floorplan.sdc line 94203, 'fifo_in/wdata[2]' is not a valid endpoint.
[WARNING STA-1551] /tmp/workspace/scripts-Private_test-fr_cugr_cmp-2-/results/asap7/mock-cpu/base/2_1_floorplan.sdc line 94203, 'fifo_in/wdata[1]' is not a valid endpoint.
[WARNING STA-1551] /tmp/workspace/scripts-Private_test-fr_cugr_cmp-2-/results/asap7/mock-cpu/base/2_1_floorplan.sdc line 94203, 'fifo_in/wdata[0]' is not a valid endpoint.
[WARNING STA-1551] /tmp/workspace/scripts-Private_test-fr_cugr_cmp-2-/results/asap7/mock-cpu/base/2_1_floorplan.sdc line 94247, 'rrst_n' is not a valid endpoint.
[WARNING STA-1551] /tmp/workspace/scripts-Private_test-fr_cugr_cmp-2-/results/asap7/mock-cpu/base/2_1_floorplan.sdc line 94247, 'wrst_n' is not a valid endpoint.
source ./platforms/asap7/setRC.tcl
No macros found: Skipping macro_placement
Design area 6441 um^2 40% utilization.
write_db /tmp/workspace/scripts-Private_test-fr_cugr_cmp-2-/results/asap7/mock-cpu/base/2_2_floorplan_macro.odb
Elapsed time: 0:02.63[h:]min:sec. CPU time: user 2.46 sys 0.17 (100%). Peak memory: 283772KB.
Log                       Ext     Elapsed/s Peak Memory/MB sha1sum result [0:20)
2_2_floorplan_macro       .odb            2            277 7cb61b529b9791567fde
/OpenROAD-flow-scripts/flow/scripts/flow.sh 2_3_floorplan_tapcell tapcell
Running tapcell.tcl, stage 2_3_floorplan_tapcell
source ./platforms/asap7/liberty_suppressions.tcl
read_liberty ./platforms/asap7/lib/NLDM/asap7sc7p5t_AO_RVT_FF_nldm_211120.lib.gz
read_liberty ./platforms/asap7/lib/NLDM/asap7sc7p5t_INVBUF_RVT_FF_nldm_220122.lib.gz
read_liberty ./platforms/asap7/lib/NLDM/asap7sc7p5t_OA_RVT_FF_nldm_211120.lib.gz
read_liberty ./platforms/asap7/lib/NLDM/asap7sc7p5t_SIMPLE_RVT_FF_nldm_211120.lib.gz
read_liberty ./platforms/asap7/lib/NLDM/asap7sc7p5t_SEQ_RVT_FF_nldm_220123.lib
read_db -hier /tmp/workspace/scripts-Private_test-fr_cugr_cmp-2-/results/asap7/mock-cpu/base/2_2_floorplan_macro.odb
[WARNING ORD-0012] Hierarchical flow (-hier) is currently in development and may cause multiple issues. Do not use in production environments.
read_sdc /tmp/workspace/scripts-Private_test-fr_cugr_cmp-2-/results/asap7/mock-cpu/base/2_1_floorplan.sdc
[WARNING STA-1551] /tmp/workspace/scripts-Private_test-fr_cugr_cmp-2-/results/asap7/mock-cpu/base/2_1_floorplan.sdc line 56522, 'fifo_in/wdata[31]' is not a valid endpoint.
[WARNING STA-1551] /tmp/workspace/scripts-Private_test-fr_cugr_cmp-2-/results/asap7/mock-cpu/base/2_1_floorplan.sdc line 56522, 'fifo_in/wdata[30]' is not a valid endpoint.
[WARNING STA-1551] /tmp/workspace/scripts-Private_test-fr_cugr_cmp-2-/results/asap7/mock-cpu/base/2_1_floorplan.sdc line 56522, 'fifo_in/wdata[29]' is not a valid endpoint.
[WARNING STA-1551] /tmp/workspace/scripts-Private_test-fr_cugr_cmp-2-/results/asap7/mock-cpu/base/2_1_floorplan.sdc line 56522, 'fifo_in/wdata[28]' is not a valid endpoint.
[WARNING STA-1551] /tmp/workspace/scripts-Private_test-fr_cugr_cmp-2-/results/asap7/mock-cpu/base/2_1_floorplan.sdc line 56522, 'fifo_in/wdata[27]' is not a valid endpoint.
[WARNING STA-1551] /tmp/workspace/scripts-Private_test-fr_cugr_cmp-2-/results/asap7/mock-cpu/base/2_1_floorplan.sdc line 56522, 'fifo_in/wdata[26]' is not a valid endpoint.
[WARNING STA-1551] /tmp/workspace/scripts-Private_test-fr_cugr_cmp-2-/results/asap7/mock-cpu/base/2_1_floorplan.sdc line 56522, 'fifo_in/wdata[25]' is not a valid endpoint.
[WARNING STA-1551] /tmp/workspace/scripts-Private_test-fr_cugr_cmp-2-/results/asap7/mock-cpu/base/2_1_floorplan.sdc line 56522, 'fifo_in/wdata[24]' is not a valid endpoint.
[WARNING STA-1551] /tmp/workspace/scripts-Private_test-fr_cugr_cmp-2-/results/asap7/mock-cpu/base/2_1_floorplan.sdc line 56522, 'fifo_in/wdata[23]' is not a valid endpoint.
[WARNING STA-1551] /tmp/workspace/scripts-Private_test-fr_cugr_cmp-2-/results/asap7/mock-cpu/base/2_1_floorplan.sdc line 56522, 'fifo_in/wdata[22]' is not a valid endpoint.
[WARNING STA-1551] /tmp/workspace/scripts-Private_test-fr_cugr_cmp-2-/results/asap7/mock-cpu/base/2_1_floorplan.sdc line 56522, 'fifo_in/wdata[21]' is not a valid endpoint.
[WARNING STA-1551] /tmp/workspace/scripts-Private_test-fr_cugr_cmp-2-/results/asap7/mock-cpu/base/2_1_floorplan.sdc line 56522, 'fifo_in/wdata[20]' is not a valid endpoint.
[WARNING STA-1551] /tmp/workspace/scripts-Private_test-fr_cugr_cmp-2-/results/asap7/mock-cpu/base/2_1_floorplan.sdc line 56522, 'fifo_in/wdata[19]' is not a valid endpoint.
[WARNING STA-1551] /tmp/workspace/scripts-Private_test-fr_cugr_cmp-2-/results/asap7/mock-cpu/base/2_1_floorplan.sdc line 56522, 'fifo_in/wdata[18]' is not a valid endpoint.
[WARNING STA-1551] /tmp/workspace/scripts-Private_test-fr_cugr_cmp-2-/results/asap7/mock-cpu/base/2_1_floorplan.sdc line 56522, 'fifo_in/wdata[17]' is not a valid endpoint.
[WARNING STA-1551] /tmp/workspace/scripts-Private_test-fr_cugr_cmp-2-/results/asap7/mock-cpu/base/2_1_floorplan.sdc line 56522, 'fifo_in/wdata[16]' is not a valid endpoint.
[WARNING STA-1551] /tmp/workspace/scripts-Private_test-fr_cugr_cmp-2-/results/asap7/mock-cpu/base/2_1_floorplan.sdc line 56522, 'fifo_in/wdata[15]' is not a valid endpoint.
[WARNING STA-1551] /tmp/workspace/scripts-Private_test-fr_cugr_cmp-2-/results/asap7/mock-cpu/base/2_1_floorplan.sdc line 56522, 'fifo_in/wdata[14]' is not a valid endpoint.
[WARNING STA-1551] /tmp/workspace/scripts-Private_test-fr_cugr_cmp-2-/results/asap7/mock-cpu/base/2_1_floorplan.sdc line 56522, 'fifo_in/wdata[13]' is not a valid endpoint.
[WARNING STA-1551] /tmp/workspace/scripts-Private_test-fr_cugr_cmp-2-/results/asap7/mock-cpu/base/2_1_floorplan.sdc line 56522, 'fifo_in/wdata[12]' is not a valid endpoint.
[WARNING STA-1551] /tmp/workspace/scripts-Private_test-fr_cugr_cmp-2-/results/asap7/mock-cpu/base/2_1_floorplan.sdc line 56522, 'fifo_in/wdata[11]' is not a valid endpoint.
[WARNING STA-1551] /tmp/workspace/scripts-Private_test-fr_cugr_cmp-2-/results/asap7/mock-cpu/base/2_1_floorplan.sdc line 56522, 'fifo_in/wdata[10]' is not a valid endpoint.
[WARNING STA-1551] /tmp/workspace/scripts-Private_test-fr_cugr_cmp-2-/results/asap7/mock-cpu/base/2_1_floorplan.sdc line 56522, 'fifo_in/wdata[9]' is not a valid endpoint.
[WARNING STA-1551] /tmp/workspace/scripts-Private_test-fr_cugr_cmp-2-/results/asap7/mock-cpu/base/2_1_floorplan.sdc line 56522, 'fifo_in/wdata[8]' is not a valid endpoint.
[WARNING STA-1551] /tmp/workspace/scripts-Private_test-fr_cugr_cmp-2-/results/asap7/mock-cpu/base/2_1_floorplan.sdc line 56522, 'fifo_in/wdata[7]' is not a valid endpoint.
[WARNING STA-1551] /tmp/workspace/scripts-Private_test-fr_cugr_cmp-2-/results/asap7/mock-cpu/base/2_1_floorplan.sdc line 56522, 'fifo_in/wdata[6]' is not a valid endpoint.
[WARNING STA-1551] /tmp/workspace/scripts-Private_test-fr_cugr_cmp-2-/results/asap7/mock-cpu/base/2_1_floorplan.sdc line 56522, 'fifo_in/wdata[5]' is not a valid endpoint.
[WARNING STA-1551] /tmp/workspace/scripts-Private_test-fr_cugr_cmp-2-/results/asap7/mock-cpu/base/2_1_floorplan.sdc line 56522, 'fifo_in/wdata[4]' is not a valid endpoint.
[WARNING STA-1551] /tmp/workspace/scripts-Private_test-fr_cugr_cmp-2-/results/asap7/mock-cpu/base/2_1_floorplan.sdc line 56522, 'fifo_in/wdata[3]' is not a valid endpoint.
[WARNING STA-1551] /tmp/workspace/scripts-Private_test-fr_cugr_cmp-2-/results/asap7/mock-cpu/base/2_1_floorplan.sdc line 56522, 'fifo_in/wdata[2]' is not a valid endpoint.
[WARNING STA-1551] /tmp/workspace/scripts-Private_test-fr_cugr_cmp-2-/results/asap7/mock-cpu/base/2_1_floorplan.sdc line 56522, 'fifo_in/wdata[1]' is not a valid endpoint.
[WARNING STA-1551] /tmp/workspace/scripts-Private_test-fr_cugr_cmp-2-/results/asap7/mock-cpu/base/2_1_floorplan.sdc line 56522, 'fifo_in/wdata[0]' is not a valid endpoint.
[WARNING STA-1551] /tmp/workspace/scripts-Private_test-fr_cugr_cmp-2-/results/asap7/mock-cpu/base/2_1_floorplan.sdc line 56522, 'fifo_in/winc' is not a valid endpoint.
[WARNING STA-1551] /tmp/workspace/scripts-Private_test-fr_cugr_cmp-2-/results/asap7/mock-cpu/base/2_1_floorplan.sdc line 56522, 'fifo_out/rinc' is not a valid endpoint.
[WARNING STA-1551] /tmp/workspace/scripts-Private_test-fr_cugr_cmp-2-/results/asap7/mock-cpu/base/2_1_floorplan.sdc line 94135, 'fifo_out/rinc' is not a valid endpoint.
[WARNING STA-1551] /tmp/workspace/scripts-Private_test-fr_cugr_cmp-2-/results/asap7/mock-cpu/base/2_1_floorplan.sdc line 94138, 'fifo_in/winc' is not a valid endpoint.
[WARNING STA-1551] /tmp/workspace/scripts-Private_test-fr_cugr_cmp-2-/results/asap7/mock-cpu/base/2_1_floorplan.sdc line 94203, 'fifo_in/wdata[31]' is not a valid endpoint.
[WARNING STA-1551] /tmp/workspace/scripts-Private_test-fr_cugr_cmp-2-/results/asap7/mock-cpu/base/2_1_floorplan.sdc line 94203, 'fifo_in/wdata[30]' is not a valid endpoint.
[WARNING STA-1551] /tmp/workspace/scripts-Private_test-fr_cugr_cmp-2-/results/asap7/mock-cpu/base/2_1_floorplan.sdc line 94203, 'fifo_in/wdata[29]' is not a valid endpoint.
[WARNING STA-1551] /tmp/workspace/scripts-Private_test-fr_cugr_cmp-2-/results/asap7/mock-cpu/base/2_1_floorplan.sdc line 94203, 'fifo_in/wdata[28]' is not a valid endpoint.
[WARNING STA-1551] /tmp/workspace/scripts-Private_test-fr_cugr_cmp-2-/results/asap7/mock-cpu/base/2_1_floorplan.sdc line 94203, 'fifo_in/wdata[27]' is not a valid endpoint.
[WARNING STA-1551] /tmp/workspace/scripts-Private_test-fr_cugr_cmp-2-/results/asap7/mock-cpu/base/2_1_floorplan.sdc line 94203, 'fifo_in/wdata[26]' is not a valid endpoint.
[WARNING STA-1551] /tmp/workspace/scripts-Private_test-fr_cugr_cmp-2-/results/asap7/mock-cpu/base/2_1_floorplan.sdc line 94203, 'fifo_in/wdata[25]' is not a valid endpoint.
[WARNING STA-1551] /tmp/workspace/scripts-Private_test-fr_cugr_cmp-2-/results/asap7/mock-cpu/base/2_1_floorplan.sdc line 94203, 'fifo_in/wdata[24]' is not a valid endpoint.
[WARNING STA-1551] /tmp/workspace/scripts-Private_test-fr_cugr_cmp-2-/results/asap7/mock-cpu/base/2_1_floorplan.sdc line 94203, 'fifo_in/wdata[23]' is not a valid endpoint.
[WARNING STA-1551] /tmp/workspace/scripts-Private_test-fr_cugr_cmp-2-/results/asap7/mock-cpu/base/2_1_floorplan.sdc line 94203, 'fifo_in/wdata[22]' is not a valid endpoint.
[WARNING STA-1551] /tmp/workspace/scripts-Private_test-fr_cugr_cmp-2-/results/asap7/mock-cpu/base/2_1_floorplan.sdc line 94203, 'fifo_in/wdata[21]' is not a valid endpoint.
[WARNING STA-1551] /tmp/workspace/scripts-Private_test-fr_cugr_cmp-2-/results/asap7/mock-cpu/base/2_1_floorplan.sdc line 94203, 'fifo_in/wdata[20]' is not a valid endpoint.
[WARNING STA-1551] /tmp/workspace/scripts-Private_test-fr_cugr_cmp-2-/results/asap7/mock-cpu/base/2_1_floorplan.sdc line 94203, 'fifo_in/wdata[19]' is not a valid endpoint.
[WARNING STA-1551] /tmp/workspace/scripts-Private_test-fr_cugr_cmp-2-/results/asap7/mock-cpu/base/2_1_floorplan.sdc line 94203, 'fifo_in/wdata[18]' is not a valid endpoint.
[WARNING STA-1551] /tmp/workspace/scripts-Private_test-fr_cugr_cmp-2-/results/asap7/mock-cpu/base/2_1_floorplan.sdc line 94203, 'fifo_in/wdata[17]' is not a valid endpoint.
[WARNING STA-1551] /tmp/workspace/scripts-Private_test-fr_cugr_cmp-2-/results/asap7/mock-cpu/base/2_1_floorplan.sdc line 94203, 'fifo_in/wdata[16]' is not a valid endpoint.
[WARNING STA-1551] /tmp/workspace/scripts-Private_test-fr_cugr_cmp-2-/results/asap7/mock-cpu/base/2_1_floorplan.sdc line 94203, 'fifo_in/wdata[15]' is not a valid endpoint.
[WARNING STA-1551] /tmp/workspace/scripts-Private_test-fr_cugr_cmp-2-/results/asap7/mock-cpu/base/2_1_floorplan.sdc line 94203, 'fifo_in/wdata[14]' is not a valid endpoint.
[WARNING STA-1551] /tmp/workspace/scripts-Private_test-fr_cugr_cmp-2-/results/asap7/mock-cpu/base/2_1_floorplan.sdc line 94203, 'fifo_in/wdata[13]' is not a valid endpoint.
[WARNING STA-1551] /tmp/workspace/scripts-Private_test-fr_cugr_cmp-2-/results/asap7/mock-cpu/base/2_1_floorplan.sdc line 94203, 'fifo_in/wdata[12]' is not a valid endpoint.
[WARNING STA-1551] /tmp/workspace/scripts-Private_test-fr_cugr_cmp-2-/results/asap7/mock-cpu/base/2_1_floorplan.sdc line 94203, 'fifo_in/wdata[11]' is not a valid endpoint.
[WARNING STA-1551] /tmp/workspace/scripts-Private_test-fr_cugr_cmp-2-/results/asap7/mock-cpu/base/2_1_floorplan.sdc line 94203, 'fifo_in/wdata[10]' is not a valid endpoint.
[WARNING STA-1551] /tmp/workspace/scripts-Private_test-fr_cugr_cmp-2-/results/asap7/mock-cpu/base/2_1_floorplan.sdc line 94203, 'fifo_in/wdata[9]' is not a valid endpoint.
[WARNING STA-1551] /tmp/workspace/scripts-Private_test-fr_cugr_cmp-2-/results/asap7/mock-cpu/base/2_1_floorplan.sdc line 94203, 'fifo_in/wdata[8]' is not a valid endpoint.
[WARNING STA-1551] /tmp/workspace/scripts-Private_test-fr_cugr_cmp-2-/results/asap7/mock-cpu/base/2_1_floorplan.sdc line 94203, 'fifo_in/wdata[7]' is not a valid endpoint.
[WARNING STA-1551] /tmp/workspace/scripts-Private_test-fr_cugr_cmp-2-/results/asap7/mock-cpu/base/2_1_floorplan.sdc line 94203, 'fifo_in/wdata[6]' is not a valid endpoint.
[WARNING STA-1551] /tmp/workspace/scripts-Private_test-fr_cugr_cmp-2-/results/asap7/mock-cpu/base/2_1_floorplan.sdc line 94203, 'fifo_in/wdata[5]' is not a valid endpoint.
[WARNING STA-1551] /tmp/workspace/scripts-Private_test-fr_cugr_cmp-2-/results/asap7/mock-cpu/base/2_1_floorplan.sdc line 94203, 'fifo_in/wdata[4]' is not a valid endpoint.
[WARNING STA-1551] /tmp/workspace/scripts-Private_test-fr_cugr_cmp-2-/results/asap7/mock-cpu/base/2_1_floorplan.sdc line 94203, 'fifo_in/wdata[3]' is not a valid endpoint.
[WARNING STA-1551] /tmp/workspace/scripts-Private_test-fr_cugr_cmp-2-/results/asap7/mock-cpu/base/2_1_floorplan.sdc line 94203, 'fifo_in/wdata[2]' is not a valid endpoint.
[WARNING STA-1551] /tmp/workspace/scripts-Private_test-fr_cugr_cmp-2-/results/asap7/mock-cpu/base/2_1_floorplan.sdc line 94203, 'fifo_in/wdata[1]' is not a valid endpoint.
[WARNING STA-1551] /tmp/workspace/scripts-Private_test-fr_cugr_cmp-2-/results/asap7/mock-cpu/base/2_1_floorplan.sdc line 94203, 'fifo_in/wdata[0]' is not a valid endpoint.
[WARNING STA-1551] /tmp/workspace/scripts-Private_test-fr_cugr_cmp-2-/results/asap7/mock-cpu/base/2_1_floorplan.sdc line 94247, 'rrst_n' is not a valid endpoint.
[WARNING STA-1551] /tmp/workspace/scripts-Private_test-fr_cugr_cmp-2-/results/asap7/mock-cpu/base/2_1_floorplan.sdc line 94247, 'wrst_n' is not a valid endpoint.
source ./platforms/asap7/setRC.tcl
Tap and End Cap cell insertion
  TAP Cell          : TAPCELL_ASAP7_75t_R
  ENDCAP Cell       : TAPCELL_ASAP7_75t_R
  Halo Around Macro : 2 2
  TAP Cell Distance : 25
[INFO TAP-0004] Inserted 938 endcaps.
[INFO TAP-0005] Inserted 1177 tapcells.
Design area 6503 um^2 41% utilization.
write_db /tmp/workspace/scripts-Private_test-fr_cugr_cmp-2-/results/asap7/mock-cpu/base/2_3_floorplan_tapcell.odb
Elapsed time: 0:02.60[h:]min:sec. CPU time: user 2.47 sys 0.13 (100%). Peak memory: 278024KB.
Log                       Ext     Elapsed/s Peak Memory/MB sha1sum result [0:20)
2_3_floorplan_tapcell     .odb            2            271 e1d4c3f971ea58e6d848
/OpenROAD-flow-scripts/flow/scripts/flow.sh 2_4_floorplan_pdn pdn
Running pdn.tcl, stage 2_4_floorplan_pdn
source ./platforms/asap7/liberty_suppressions.tcl
read_liberty ./platforms/asap7/lib/NLDM/asap7sc7p5t_AO_RVT_FF_nldm_211120.lib.gz
read_liberty ./platforms/asap7/lib/NLDM/asap7sc7p5t_INVBUF_RVT_FF_nldm_220122.lib.gz
read_liberty ./platforms/asap7/lib/NLDM/asap7sc7p5t_OA_RVT_FF_nldm_211120.lib.gz
read_liberty ./platforms/asap7/lib/NLDM/asap7sc7p5t_SIMPLE_RVT_FF_nldm_211120.lib.gz
read_liberty ./platforms/asap7/lib/NLDM/asap7sc7p5t_SEQ_RVT_FF_nldm_220123.lib
read_db -hier /tmp/workspace/scripts-Private_test-fr_cugr_cmp-2-/results/asap7/mock-cpu/base/2_3_floorplan_tapcell.odb
[WARNING ORD-0012] Hierarchical flow (-hier) is currently in development and may cause multiple issues. Do not use in production environments.
read_sdc /tmp/workspace/scripts-Private_test-fr_cugr_cmp-2-/results/asap7/mock-cpu/base/2_1_floorplan.sdc
[WARNING STA-1551] /tmp/workspace/scripts-Private_test-fr_cugr_cmp-2-/results/asap7/mock-cpu/base/2_1_floorplan.sdc line 56522, 'fifo_in/wdata[31]' is not a valid endpoint.
[WARNING STA-1551] /tmp/workspace/scripts-Private_test-fr_cugr_cmp-2-/results/asap7/mock-cpu/base/2_1_floorplan.sdc line 56522, 'fifo_in/wdata[30]' is not a valid endpoint.
[WARNING STA-1551] /tmp/workspace/scripts-Private_test-fr_cugr_cmp-2-/results/asap7/mock-cpu/base/2_1_floorplan.sdc line 56522, 'fifo_in/wdata[29]' is not a valid endpoint.
[WARNING STA-1551] /tmp/workspace/scripts-Private_test-fr_cugr_cmp-2-/results/asap7/mock-cpu/base/2_1_floorplan.sdc line 56522, 'fifo_in/wdata[28]' is not a valid endpoint.
[WARNING STA-1551] /tmp/workspace/scripts-Private_test-fr_cugr_cmp-2-/results/asap7/mock-cpu/base/2_1_floorplan.sdc line 56522, 'fifo_in/wdata[27]' is not a valid endpoint.
[WARNING STA-1551] /tmp/workspace/scripts-Private_test-fr_cugr_cmp-2-/results/asap7/mock-cpu/base/2_1_floorplan.sdc line 56522, 'fifo_in/wdata[26]' is not a valid endpoint.
[WARNING STA-1551] /tmp/workspace/scripts-Private_test-fr_cugr_cmp-2-/results/asap7/mock-cpu/base/2_1_floorplan.sdc line 56522, 'fifo_in/wdata[25]' is not a valid endpoint.
[WARNING STA-1551] /tmp/workspace/scripts-Private_test-fr_cugr_cmp-2-/results/asap7/mock-cpu/base/2_1_floorplan.sdc line 56522, 'fifo_in/wdata[24]' is not a valid endpoint.
[WARNING STA-1551] /tmp/workspace/scripts-Private_test-fr_cugr_cmp-2-/results/asap7/mock-cpu/base/2_1_floorplan.sdc line 56522, 'fifo_in/wdata[23]' is not a valid endpoint.
[WARNING STA-1551] /tmp/workspace/scripts-Private_test-fr_cugr_cmp-2-/results/asap7/mock-cpu/base/2_1_floorplan.sdc line 56522, 'fifo_in/wdata[22]' is not a valid endpoint.
[WARNING STA-1551] /tmp/workspace/scripts-Private_test-fr_cugr_cmp-2-/results/asap7/mock-cpu/base/2_1_floorplan.sdc line 56522, 'fifo_in/wdata[21]' is not a valid endpoint.
[WARNING STA-1551] /tmp/workspace/scripts-Private_test-fr_cugr_cmp-2-/results/asap7/mock-cpu/base/2_1_floorplan.sdc line 56522, 'fifo_in/wdata[20]' is not a valid endpoint.
[WARNING STA-1551] /tmp/workspace/scripts-Private_test-fr_cugr_cmp-2-/results/asap7/mock-cpu/base/2_1_floorplan.sdc line 56522, 'fifo_in/wdata[19]' is not a valid endpoint.
[WARNING STA-1551] /tmp/workspace/scripts-Private_test-fr_cugr_cmp-2-/results/asap7/mock-cpu/base/2_1_floorplan.sdc line 56522, 'fifo_in/wdata[18]' is not a valid endpoint.
[WARNING STA-1551] /tmp/workspace/scripts-Private_test-fr_cugr_cmp-2-/results/asap7/mock-cpu/base/2_1_floorplan.sdc line 56522, 'fifo_in/wdata[17]' is not a valid endpoint.
[WARNING STA-1551] /tmp/workspace/scripts-Private_test-fr_cugr_cmp-2-/results/asap7/mock-cpu/base/2_1_floorplan.sdc line 56522, 'fifo_in/wdata[16]' is not a valid endpoint.
[WARNING STA-1551] /tmp/workspace/scripts-Private_test-fr_cugr_cmp-2-/results/asap7/mock-cpu/base/2_1_floorplan.sdc line 56522, 'fifo_in/wdata[15]' is not a valid endpoint.
[WARNING STA-1551] /tmp/workspace/scripts-Private_test-fr_cugr_cmp-2-/results/asap7/mock-cpu/base/2_1_floorplan.sdc line 56522, 'fifo_in/wdata[14]' is not a valid endpoint.
[WARNING STA-1551] /tmp/workspace/scripts-Private_test-fr_cugr_cmp-2-/results/asap7/mock-cpu/base/2_1_floorplan.sdc line 56522, 'fifo_in/wdata[13]' is not a valid endpoint.
[WARNING STA-1551] /tmp/workspace/scripts-Private_test-fr_cugr_cmp-2-/results/asap7/mock-cpu/base/2_1_floorplan.sdc line 56522, 'fifo_in/wdata[12]' is not a valid endpoint.
[WARNING STA-1551] /tmp/workspace/scripts-Private_test-fr_cugr_cmp-2-/results/asap7/mock-cpu/base/2_1_floorplan.sdc line 56522, 'fifo_in/wdata[11]' is not a valid endpoint.
[WARNING STA-1551] /tmp/workspace/scripts-Private_test-fr_cugr_cmp-2-/results/asap7/mock-cpu/base/2_1_floorplan.sdc line 56522, 'fifo_in/wdata[10]' is not a valid endpoint.
[WARNING STA-1551] /tmp/workspace/scripts-Private_test-fr_cugr_cmp-2-/results/asap7/mock-cpu/base/2_1_floorplan.sdc line 56522, 'fifo_in/wdata[9]' is not a valid endpoint.
[WARNING STA-1551] /tmp/workspace/scripts-Private_test-fr_cugr_cmp-2-/results/asap7/mock-cpu/base/2_1_floorplan.sdc line 56522, 'fifo_in/wdata[8]' is not a valid endpoint.
[WARNING STA-1551] /tmp/workspace/scripts-Private_test-fr_cugr_cmp-2-/results/asap7/mock-cpu/base/2_1_floorplan.sdc line 56522, 'fifo_in/wdata[7]' is not a valid endpoint.
[WARNING STA-1551] /tmp/workspace/scripts-Private_test-fr_cugr_cmp-2-/results/asap7/mock-cpu/base/2_1_floorplan.sdc line 56522, 'fifo_in/wdata[6]' is not a valid endpoint.
[WARNING STA-1551] /tmp/workspace/scripts-Private_test-fr_cugr_cmp-2-/results/asap7/mock-cpu/base/2_1_floorplan.sdc line 56522, 'fifo_in/wdata[5]' is not a valid endpoint.
[WARNING STA-1551] /tmp/workspace/scripts-Private_test-fr_cugr_cmp-2-/results/asap7/mock-cpu/base/2_1_floorplan.sdc line 56522, 'fifo_in/wdata[4]' is not a valid endpoint.
[WARNING STA-1551] /tmp/workspace/scripts-Private_test-fr_cugr_cmp-2-/results/asap7/mock-cpu/base/2_1_floorplan.sdc line 56522, 'fifo_in/wdata[3]' is not a valid endpoint.
[WARNING STA-1551] /tmp/workspace/scripts-Private_test-fr_cugr_cmp-2-/results/asap7/mock-cpu/base/2_1_floorplan.sdc line 56522, 'fifo_in/wdata[2]' is not a valid endpoint.
[WARNING STA-1551] /tmp/workspace/scripts-Private_test-fr_cugr_cmp-2-/results/asap7/mock-cpu/base/2_1_floorplan.sdc line 56522, 'fifo_in/wdata[1]' is not a valid endpoint.
[WARNING STA-1551] /tmp/workspace/scripts-Private_test-fr_cugr_cmp-2-/results/asap7/mock-cpu/base/2_1_floorplan.sdc line 56522, 'fifo_in/wdata[0]' is not a valid endpoint.
[WARNING STA-1551] /tmp/workspace/scripts-Private_test-fr_cugr_cmp-2-/results/asap7/mock-cpu/base/2_1_floorplan.sdc line 56522, 'fifo_in/winc' is not a valid endpoint.
[WARNING STA-1551] /tmp/workspace/scripts-Private_test-fr_cugr_cmp-2-/results/asap7/mock-cpu/base/2_1_floorplan.sdc line 56522, 'fifo_out/rinc' is not a valid endpoint.
[WARNING STA-1551] /tmp/workspace/scripts-Private_test-fr_cugr_cmp-2-/results/asap7/mock-cpu/base/2_1_floorplan.sdc line 94135, 'fifo_out/rinc' is not a valid endpoint.
[WARNING STA-1551] /tmp/workspace/scripts-Private_test-fr_cugr_cmp-2-/results/asap7/mock-cpu/base/2_1_floorplan.sdc line 94138, 'fifo_in/winc' is not a valid endpoint.
[WARNING STA-1551] /tmp/workspace/scripts-Private_test-fr_cugr_cmp-2-/results/asap7/mock-cpu/base/2_1_floorplan.sdc line 94203, 'fifo_in/wdata[31]' is not a valid endpoint.
[WARNING STA-1551] /tmp/workspace/scripts-Private_test-fr_cugr_cmp-2-/results/asap7/mock-cpu/base/2_1_floorplan.sdc line 94203, 'fifo_in/wdata[30]' is not a valid endpoint.
[WARNING STA-1551] /tmp/workspace/scripts-Private_test-fr_cugr_cmp-2-/results/asap7/mock-cpu/base/2_1_floorplan.sdc line 94203, 'fifo_in/wdata[29]' is not a valid endpoint.
[WARNING STA-1551] /tmp/workspace/scripts-Private_test-fr_cugr_cmp-2-/results/asap7/mock-cpu/base/2_1_floorplan.sdc line 94203, 'fifo_in/wdata[28]' is not a valid endpoint.
[WARNING STA-1551] /tmp/workspace/scripts-Private_test-fr_cugr_cmp-2-/results/asap7/mock-cpu/base/2_1_floorplan.sdc line 94203, 'fifo_in/wdata[27]' is not a valid endpoint.
[WARNING STA-1551] /tmp/workspace/scripts-Private_test-fr_cugr_cmp-2-/results/asap7/mock-cpu/base/2_1_floorplan.sdc line 94203, 'fifo_in/wdata[26]' is not a valid endpoint.
[WARNING STA-1551] /tmp/workspace/scripts-Private_test-fr_cugr_cmp-2-/results/asap7/mock-cpu/base/2_1_floorplan.sdc line 94203, 'fifo_in/wdata[25]' is not a valid endpoint.
[WARNING STA-1551] /tmp/workspace/scripts-Private_test-fr_cugr_cmp-2-/results/asap7/mock-cpu/base/2_1_floorplan.sdc line 94203, 'fifo_in/wdata[24]' is not a valid endpoint.
[WARNING STA-1551] /tmp/workspace/scripts-Private_test-fr_cugr_cmp-2-/results/asap7/mock-cpu/base/2_1_floorplan.sdc line 94203, 'fifo_in/wdata[23]' is not a valid endpoint.
[WARNING STA-1551] /tmp/workspace/scripts-Private_test-fr_cugr_cmp-2-/results/asap7/mock-cpu/base/2_1_floorplan.sdc line 94203, 'fifo_in/wdata[22]' is not a valid endpoint.
[WARNING STA-1551] /tmp/workspace/scripts-Private_test-fr_cugr_cmp-2-/results/asap7/mock-cpu/base/2_1_floorplan.sdc line 94203, 'fifo_in/wdata[21]' is not a valid endpoint.
[WARNING STA-1551] /tmp/workspace/scripts-Private_test-fr_cugr_cmp-2-/results/asap7/mock-cpu/base/2_1_floorplan.sdc line 94203, 'fifo_in/wdata[20]' is not a valid endpoint.
[WARNING STA-1551] /tmp/workspace/scripts-Private_test-fr_cugr_cmp-2-/results/asap7/mock-cpu/base/2_1_floorplan.sdc line 94203, 'fifo_in/wdata[19]' is not a valid endpoint.
[WARNING STA-1551] /tmp/workspace/scripts-Private_test-fr_cugr_cmp-2-/results/asap7/mock-cpu/base/2_1_floorplan.sdc line 94203, 'fifo_in/wdata[18]' is not a valid endpoint.
[WARNING STA-1551] /tmp/workspace/scripts-Private_test-fr_cugr_cmp-2-/results/asap7/mock-cpu/base/2_1_floorplan.sdc line 94203, 'fifo_in/wdata[17]' is not a valid endpoint.
[WARNING STA-1551] /tmp/workspace/scripts-Private_test-fr_cugr_cmp-2-/results/asap7/mock-cpu/base/2_1_floorplan.sdc line 94203, 'fifo_in/wdata[16]' is not a valid endpoint.
[WARNING STA-1551] /tmp/workspace/scripts-Private_test-fr_cugr_cmp-2-/results/asap7/mock-cpu/base/2_1_floorplan.sdc line 94203, 'fifo_in/wdata[15]' is not a valid endpoint.
[WARNING STA-1551] /tmp/workspace/scripts-Private_test-fr_cugr_cmp-2-/results/asap7/mock-cpu/base/2_1_floorplan.sdc line 94203, 'fifo_in/wdata[14]' is not a valid endpoint.
[WARNING STA-1551] /tmp/workspace/scripts-Private_test-fr_cugr_cmp-2-/results/asap7/mock-cpu/base/2_1_floorplan.sdc line 94203, 'fifo_in/wdata[13]' is not a valid endpoint.
[WARNING STA-1551] /tmp/workspace/scripts-Private_test-fr_cugr_cmp-2-/results/asap7/mock-cpu/base/2_1_floorplan.sdc line 94203, 'fifo_in/wdata[12]' is not a valid endpoint.
[WARNING STA-1551] /tmp/workspace/scripts-Private_test-fr_cugr_cmp-2-/results/asap7/mock-cpu/base/2_1_floorplan.sdc line 94203, 'fifo_in/wdata[11]' is not a valid endpoint.
[WARNING STA-1551] /tmp/workspace/scripts-Private_test-fr_cugr_cmp-2-/results/asap7/mock-cpu/base/2_1_floorplan.sdc line 94203, 'fifo_in/wdata[10]' is not a valid endpoint.
[WARNING STA-1551] /tmp/workspace/scripts-Private_test-fr_cugr_cmp-2-/results/asap7/mock-cpu/base/2_1_floorplan.sdc line 94203, 'fifo_in/wdata[9]' is not a valid endpoint.
[WARNING STA-1551] /tmp/workspace/scripts-Private_test-fr_cugr_cmp-2-/results/asap7/mock-cpu/base/2_1_floorplan.sdc line 94203, 'fifo_in/wdata[8]' is not a valid endpoint.
[WARNING STA-1551] /tmp/workspace/scripts-Private_test-fr_cugr_cmp-2-/results/asap7/mock-cpu/base/2_1_floorplan.sdc line 94203, 'fifo_in/wdata[7]' is not a valid endpoint.
[WARNING STA-1551] /tmp/workspace/scripts-Private_test-fr_cugr_cmp-2-/results/asap7/mock-cpu/base/2_1_floorplan.sdc line 94203, 'fifo_in/wdata[6]' is not a valid endpoint.
[WARNING STA-1551] /tmp/workspace/scripts-Private_test-fr_cugr_cmp-2-/results/asap7/mock-cpu/base/2_1_floorplan.sdc line 94203, 'fifo_in/wdata[5]' is not a valid endpoint.
[WARNING STA-1551] /tmp/workspace/scripts-Private_test-fr_cugr_cmp-2-/results/asap7/mock-cpu/base/2_1_floorplan.sdc line 94203, 'fifo_in/wdata[4]' is not a valid endpoint.
[WARNING STA-1551] /tmp/workspace/scripts-Private_test-fr_cugr_cmp-2-/results/asap7/mock-cpu/base/2_1_floorplan.sdc line 94203, 'fifo_in/wdata[3]' is not a valid endpoint.
[WARNING STA-1551] /tmp/workspace/scripts-Private_test-fr_cugr_cmp-2-/results/asap7/mock-cpu/base/2_1_floorplan.sdc line 94203, 'fifo_in/wdata[2]' is not a valid endpoint.
[WARNING STA-1551] /tmp/workspace/scripts-Private_test-fr_cugr_cmp-2-/results/asap7/mock-cpu/base/2_1_floorplan.sdc line 94203, 'fifo_in/wdata[1]' is not a valid endpoint.
[WARNING STA-1551] /tmp/workspace/scripts-Private_test-fr_cugr_cmp-2-/results/asap7/mock-cpu/base/2_1_floorplan.sdc line 94203, 'fifo_in/wdata[0]' is not a valid endpoint.
[WARNING STA-1551] /tmp/workspace/scripts-Private_test-fr_cugr_cmp-2-/results/asap7/mock-cpu/base/2_1_floorplan.sdc line 94247, 'rrst_n' is not a valid endpoint.
[WARNING STA-1551] /tmp/workspace/scripts-Private_test-fr_cugr_cmp-2-/results/asap7/mock-cpu/base/2_1_floorplan.sdc line 94247, 'wrst_n' is not a valid endpoint.
source ./platforms/asap7/setRC.tcl
[WARNING PDN-1051] No instances found for grid (CORE_macro_grid_1).
[WARNING PDN-1051] No instances found for grid (CORE_macro_grid_2).
[INFO PDN-0001] Inserting grid: top
[INFO PDN-0500] Runtime: 0.26s
Design area 6503 um^2 41% utilization.
write_db /tmp/workspace/scripts-Private_test-fr_cugr_cmp-2-/results/asap7/mock-cpu/base/2_4_floorplan_pdn.odb
Elapsed time: 0:03.11[h:]min:sec. CPU time: user 2.99 sys 0.12 (100%). Peak memory: 291464KB.
Log                       Ext     Elapsed/s Peak Memory/MB sha1sum result [0:20)
2_4_floorplan_pdn         .odb            3            284 1dd8f6fb2d56e920cb1f
cp /tmp/workspace/scripts-Private_test-fr_cugr_cmp-2-/results/asap7/mock-cpu/base/2_4_floorplan_pdn.odb /tmp/workspace/scripts-Private_test-fr_cugr_cmp-2-/results/asap7/mock-cpu/base/2_floorplan.odb
cp /tmp/workspace/scripts-Private_test-fr_cugr_cmp-2-/results/asap7/mock-cpu/base/2_1_floorplan.sdc /tmp/workspace/scripts-Private_test-fr_cugr_cmp-2-/results/asap7/mock-cpu/base/2_floorplan.sdc
/OpenROAD-flow-scripts/flow/scripts/flow.sh 3_1_place_gp_skip_io global_place_skip_io
Running global_place_skip_io.tcl, stage 3_1_place_gp_skip_io
source ./platforms/asap7/liberty_suppressions.tcl
read_liberty ./platforms/asap7/lib/NLDM/asap7sc7p5t_AO_RVT_FF_nldm_211120.lib.gz
read_liberty ./platforms/asap7/lib/NLDM/asap7sc7p5t_INVBUF_RVT_FF_nldm_220122.lib.gz
read_liberty ./platforms/asap7/lib/NLDM/asap7sc7p5t_OA_RVT_FF_nldm_211120.lib.gz
read_liberty ./platforms/asap7/lib/NLDM/asap7sc7p5t_SIMPLE_RVT_FF_nldm_211120.lib.gz
read_liberty ./platforms/asap7/lib/NLDM/asap7sc7p5t_SEQ_RVT_FF_nldm_220123.lib
read_db -hier /tmp/workspace/scripts-Private_test-fr_cugr_cmp-2-/results/asap7/mock-cpu/base/2_floorplan.odb
[WARNING ORD-0012] Hierarchical flow (-hier) is currently in development and may cause multiple issues. Do not use in production environments.
read_sdc /tmp/workspace/scripts-Private_test-fr_cugr_cmp-2-/results/asap7/mock-cpu/base/2_floorplan.sdc
[WARNING STA-1551] /tmp/workspace/scripts-Private_test-fr_cugr_cmp-2-/results/asap7/mock-cpu/base/2_floorplan.sdc line 56522, 'fifo_in/wdata[31]' is not a valid endpoint.
[WARNING STA-1551] /tmp/workspace/scripts-Private_test-fr_cugr_cmp-2-/results/asap7/mock-cpu/base/2_floorplan.sdc line 56522, 'fifo_in/wdata[30]' is not a valid endpoint.
[WARNING STA-1551] /tmp/workspace/scripts-Private_test-fr_cugr_cmp-2-/results/asap7/mock-cpu/base/2_floorplan.sdc line 56522, 'fifo_in/wdata[29]' is not a valid endpoint.
[WARNING STA-1551] /tmp/workspace/scripts-Private_test-fr_cugr_cmp-2-/results/asap7/mock-cpu/base/2_floorplan.sdc line 56522, 'fifo_in/wdata[28]' is not a valid endpoint.
[WARNING STA-1551] /tmp/workspace/scripts-Private_test-fr_cugr_cmp-2-/results/asap7/mock-cpu/base/2_floorplan.sdc line 56522, 'fifo_in/wdata[27]' is not a valid endpoint.
[WARNING STA-1551] /tmp/workspace/scripts-Private_test-fr_cugr_cmp-2-/results/asap7/mock-cpu/base/2_floorplan.sdc line 56522, 'fifo_in/wdata[26]' is not a valid endpoint.
[WARNING STA-1551] /tmp/workspace/scripts-Private_test-fr_cugr_cmp-2-/results/asap7/mock-cpu/base/2_floorplan.sdc line 56522, 'fifo_in/wdata[25]' is not a valid endpoint.
[WARNING STA-1551] /tmp/workspace/scripts-Private_test-fr_cugr_cmp-2-/results/asap7/mock-cpu/base/2_floorplan.sdc line 56522, 'fifo_in/wdata[24]' is not a valid endpoint.
[WARNING STA-1551] /tmp/workspace/scripts-Private_test-fr_cugr_cmp-2-/results/asap7/mock-cpu/base/2_floorplan.sdc line 56522, 'fifo_in/wdata[23]' is not a valid endpoint.
[WARNING STA-1551] /tmp/workspace/scripts-Private_test-fr_cugr_cmp-2-/results/asap7/mock-cpu/base/2_floorplan.sdc line 56522, 'fifo_in/wdata[22]' is not a valid endpoint.
[WARNING STA-1551] /tmp/workspace/scripts-Private_test-fr_cugr_cmp-2-/results/asap7/mock-cpu/base/2_floorplan.sdc line 56522, 'fifo_in/wdata[21]' is not a valid endpoint.
[WARNING STA-1551] /tmp/workspace/scripts-Private_test-fr_cugr_cmp-2-/results/asap7/mock-cpu/base/2_floorplan.sdc line 56522, 'fifo_in/wdata[20]' is not a valid endpoint.
[WARNING STA-1551] /tmp/workspace/scripts-Private_test-fr_cugr_cmp-2-/results/asap7/mock-cpu/base/2_floorplan.sdc line 56522, 'fifo_in/wdata[19]' is not a valid endpoint.
[WARNING STA-1551] /tmp/workspace/scripts-Private_test-fr_cugr_cmp-2-/results/asap7/mock-cpu/base/2_floorplan.sdc line 56522, 'fifo_in/wdata[18]' is not a valid endpoint.
[WARNING STA-1551] /tmp/workspace/scripts-Private_test-fr_cugr_cmp-2-/results/asap7/mock-cpu/base/2_floorplan.sdc line 56522, 'fifo_in/wdata[17]' is not a valid endpoint.
[WARNING STA-1551] /tmp/workspace/scripts-Private_test-fr_cugr_cmp-2-/results/asap7/mock-cpu/base/2_floorplan.sdc line 56522, 'fifo_in/wdata[16]' is not a valid endpoint.
[WARNING STA-1551] /tmp/workspace/scripts-Private_test-fr_cugr_cmp-2-/results/asap7/mock-cpu/base/2_floorplan.sdc line 56522, 'fifo_in/wdata[15]' is not a valid endpoint.
[WARNING STA-1551] /tmp/workspace/scripts-Private_test-fr_cugr_cmp-2-/results/asap7/mock-cpu/base/2_floorplan.sdc line 56522, 'fifo_in/wdata[14]' is not a valid endpoint.
[WARNING STA-1551] /tmp/workspace/scripts-Private_test-fr_cugr_cmp-2-/results/asap7/mock-cpu/base/2_floorplan.sdc line 56522, 'fifo_in/wdata[13]' is not a valid endpoint.
[WARNING STA-1551] /tmp/workspace/scripts-Private_test-fr_cugr_cmp-2-/results/asap7/mock-cpu/base/2_floorplan.sdc line 56522, 'fifo_in/wdata[12]' is not a valid endpoint.
[WARNING STA-1551] /tmp/workspace/scripts-Private_test-fr_cugr_cmp-2-/results/asap7/mock-cpu/base/2_floorplan.sdc line 56522, 'fifo_in/wdata[11]' is not a valid endpoint.
[WARNING STA-1551] /tmp/workspace/scripts-Private_test-fr_cugr_cmp-2-/results/asap7/mock-cpu/base/2_floorplan.sdc line 56522, 'fifo_in/wdata[10]' is not a valid endpoint.
[WARNING STA-1551] /tmp/workspace/scripts-Private_test-fr_cugr_cmp-2-/results/asap7/mock-cpu/base/2_floorplan.sdc line 56522, 'fifo_in/wdata[9]' is not a valid endpoint.
[WARNING STA-1551] /tmp/workspace/scripts-Private_test-fr_cugr_cmp-2-/results/asap7/mock-cpu/base/2_floorplan.sdc line 56522, 'fifo_in/wdata[8]' is not a valid endpoint.
[WARNING STA-1551] /tmp/workspace/scripts-Private_test-fr_cugr_cmp-2-/results/asap7/mock-cpu/base/2_floorplan.sdc line 56522, 'fifo_in/wdata[7]' is not a valid endpoint.
[WARNING STA-1551] /tmp/workspace/scripts-Private_test-fr_cugr_cmp-2-/results/asap7/mock-cpu/base/2_floorplan.sdc line 56522, 'fifo_in/wdata[6]' is not a valid endpoint.
[WARNING STA-1551] /tmp/workspace/scripts-Private_test-fr_cugr_cmp-2-/results/asap7/mock-cpu/base/2_floorplan.sdc line 56522, 'fifo_in/wdata[5]' is not a valid endpoint.
[WARNING STA-1551] /tmp/workspace/scripts-Private_test-fr_cugr_cmp-2-/results/asap7/mock-cpu/base/2_floorplan.sdc line 56522, 'fifo_in/wdata[4]' is not a valid endpoint.
[WARNING STA-1551] /tmp/workspace/scripts-Private_test-fr_cugr_cmp-2-/results/asap7/mock-cpu/base/2_floorplan.sdc line 56522, 'fifo_in/wdata[3]' is not a valid endpoint.
[WARNING STA-1551] /tmp/workspace/scripts-Private_test-fr_cugr_cmp-2-/results/asap7/mock-cpu/base/2_floorplan.sdc line 56522, 'fifo_in/wdata[2]' is not a valid endpoint.
[WARNING STA-1551] /tmp/workspace/scripts-Private_test-fr_cugr_cmp-2-/results/asap7/mock-cpu/base/2_floorplan.sdc line 56522, 'fifo_in/wdata[1]' is not a valid endpoint.
[WARNING STA-1551] /tmp/workspace/scripts-Private_test-fr_cugr_cmp-2-/results/asap7/mock-cpu/base/2_floorplan.sdc line 56522, 'fifo_in/wdata[0]' is not a valid endpoint.
[WARNING STA-1551] /tmp/workspace/scripts-Private_test-fr_cugr_cmp-2-/results/asap7/mock-cpu/base/2_floorplan.sdc line 56522, 'fifo_in/winc' is not a valid endpoint.
[WARNING STA-1551] /tmp/workspace/scripts-Private_test-fr_cugr_cmp-2-/results/asap7/mock-cpu/base/2_floorplan.sdc line 56522, 'fifo_out/rinc' is not a valid endpoint.
[WARNING STA-1551] /tmp/workspace/scripts-Private_test-fr_cugr_cmp-2-/results/asap7/mock-cpu/base/2_floorplan.sdc line 94135, 'fifo_out/rinc' is not a valid endpoint.
[WARNING STA-1551] /tmp/workspace/scripts-Private_test-fr_cugr_cmp-2-/results/asap7/mock-cpu/base/2_floorplan.sdc line 94138, 'fifo_in/winc' is not a valid endpoint.
[WARNING STA-1551] /tmp/workspace/scripts-Private_test-fr_cugr_cmp-2-/results/asap7/mock-cpu/base/2_floorplan.sdc line 94203, 'fifo_in/wdata[31]' is not a valid endpoint.
[WARNING STA-1551] /tmp/workspace/scripts-Private_test-fr_cugr_cmp-2-/results/asap7/mock-cpu/base/2_floorplan.sdc line 94203, 'fifo_in/wdata[30]' is not a valid endpoint.
[WARNING STA-1551] /tmp/workspace/scripts-Private_test-fr_cugr_cmp-2-/results/asap7/mock-cpu/base/2_floorplan.sdc line 94203, 'fifo_in/wdata[29]' is not a valid endpoint.
[WARNING STA-1551] /tmp/workspace/scripts-Private_test-fr_cugr_cmp-2-/results/asap7/mock-cpu/base/2_floorplan.sdc line 94203, 'fifo_in/wdata[28]' is not a valid endpoint.
[WARNING STA-1551] /tmp/workspace/scripts-Private_test-fr_cugr_cmp-2-/results/asap7/mock-cpu/base/2_floorplan.sdc line 94203, 'fifo_in/wdata[27]' is not a valid endpoint.
[WARNING STA-1551] /tmp/workspace/scripts-Private_test-fr_cugr_cmp-2-/results/asap7/mock-cpu/base/2_floorplan.sdc line 94203, 'fifo_in/wdata[26]' is not a valid endpoint.
[WARNING STA-1551] /tmp/workspace/scripts-Private_test-fr_cugr_cmp-2-/results/asap7/mock-cpu/base/2_floorplan.sdc line 94203, 'fifo_in/wdata[25]' is not a valid endpoint.
[WARNING STA-1551] /tmp/workspace/scripts-Private_test-fr_cugr_cmp-2-/results/asap7/mock-cpu/base/2_floorplan.sdc line 94203, 'fifo_in/wdata[24]' is not a valid endpoint.
[WARNING STA-1551] /tmp/workspace/scripts-Private_test-fr_cugr_cmp-2-/results/asap7/mock-cpu/base/2_floorplan.sdc line 94203, 'fifo_in/wdata[23]' is not a valid endpoint.
[WARNING STA-1551] /tmp/workspace/scripts-Private_test-fr_cugr_cmp-2-/results/asap7/mock-cpu/base/2_floorplan.sdc line 94203, 'fifo_in/wdata[22]' is not a valid endpoint.
[WARNING STA-1551] /tmp/workspace/scripts-Private_test-fr_cugr_cmp-2-/results/asap7/mock-cpu/base/2_floorplan.sdc line 94203, 'fifo_in/wdata[21]' is not a valid endpoint.
[WARNING STA-1551] /tmp/workspace/scripts-Private_test-fr_cugr_cmp-2-/results/asap7/mock-cpu/base/2_floorplan.sdc line 94203, 'fifo_in/wdata[20]' is not a valid endpoint.
[WARNING STA-1551] /tmp/workspace/scripts-Private_test-fr_cugr_cmp-2-/results/asap7/mock-cpu/base/2_floorplan.sdc line 94203, 'fifo_in/wdata[19]' is not a valid endpoint.
[WARNING STA-1551] /tmp/workspace/scripts-Private_test-fr_cugr_cmp-2-/results/asap7/mock-cpu/base/2_floorplan.sdc line 94203, 'fifo_in/wdata[18]' is not a valid endpoint.
[WARNING STA-1551] /tmp/workspace/scripts-Private_test-fr_cugr_cmp-2-/results/asap7/mock-cpu/base/2_floorplan.sdc line 94203, 'fifo_in/wdata[17]' is not a valid endpoint.
[WARNING STA-1551] /tmp/workspace/scripts-Private_test-fr_cugr_cmp-2-/results/asap7/mock-cpu/base/2_floorplan.sdc line 94203, 'fifo_in/wdata[16]' is not a valid endpoint.
[WARNING STA-1551] /tmp/workspace/scripts-Private_test-fr_cugr_cmp-2-/results/asap7/mock-cpu/base/2_floorplan.sdc line 94203, 'fifo_in/wdata[15]' is not a valid endpoint.
[WARNING STA-1551] /tmp/workspace/scripts-Private_test-fr_cugr_cmp-2-/results/asap7/mock-cpu/base/2_floorplan.sdc line 94203, 'fifo_in/wdata[14]' is not a valid endpoint.
[WARNING STA-1551] /tmp/workspace/scripts-Private_test-fr_cugr_cmp-2-/results/asap7/mock-cpu/base/2_floorplan.sdc line 94203, 'fifo_in/wdata[13]' is not a valid endpoint.
[WARNING STA-1551] /tmp/workspace/scripts-Private_test-fr_cugr_cmp-2-/results/asap7/mock-cpu/base/2_floorplan.sdc line 94203, 'fifo_in/wdata[12]' is not a valid endpoint.
[WARNING STA-1551] /tmp/workspace/scripts-Private_test-fr_cugr_cmp-2-/results/asap7/mock-cpu/base/2_floorplan.sdc line 94203, 'fifo_in/wdata[11]' is not a valid endpoint.
[WARNING STA-1551] /tmp/workspace/scripts-Private_test-fr_cugr_cmp-2-/results/asap7/mock-cpu/base/2_floorplan.sdc line 94203, 'fifo_in/wdata[10]' is not a valid endpoint.
[WARNING STA-1551] /tmp/workspace/scripts-Private_test-fr_cugr_cmp-2-/results/asap7/mock-cpu/base/2_floorplan.sdc line 94203, 'fifo_in/wdata[9]' is not a valid endpoint.
[WARNING STA-1551] /tmp/workspace/scripts-Private_test-fr_cugr_cmp-2-/results/asap7/mock-cpu/base/2_floorplan.sdc line 94203, 'fifo_in/wdata[8]' is not a valid endpoint.
[WARNING STA-1551] /tmp/workspace/scripts-Private_test-fr_cugr_cmp-2-/results/asap7/mock-cpu/base/2_floorplan.sdc line 94203, 'fifo_in/wdata[7]' is not a valid endpoint.
[WARNING STA-1551] /tmp/workspace/scripts-Private_test-fr_cugr_cmp-2-/results/asap7/mock-cpu/base/2_floorplan.sdc line 94203, 'fifo_in/wdata[6]' is not a valid endpoint.
[WARNING STA-1551] /tmp/workspace/scripts-Private_test-fr_cugr_cmp-2-/results/asap7/mock-cpu/base/2_floorplan.sdc line 94203, 'fifo_in/wdata[5]' is not a valid endpoint.
[WARNING STA-1551] /tmp/workspace/scripts-Private_test-fr_cugr_cmp-2-/results/asap7/mock-cpu/base/2_floorplan.sdc line 94203, 'fifo_in/wdata[4]' is not a valid endpoint.
[WARNING STA-1551] /tmp/workspace/scripts-Private_test-fr_cugr_cmp-2-/results/asap7/mock-cpu/base/2_floorplan.sdc line 94203, 'fifo_in/wdata[3]' is not a valid endpoint.
[WARNING STA-1551] /tmp/workspace/scripts-Private_test-fr_cugr_cmp-2-/results/asap7/mock-cpu/base/2_floorplan.sdc line 94203, 'fifo_in/wdata[2]' is not a valid endpoint.
[WARNING STA-1551] /tmp/workspace/scripts-Private_test-fr_cugr_cmp-2-/results/asap7/mock-cpu/base/2_floorplan.sdc line 94203, 'fifo_in/wdata[1]' is not a valid endpoint.
[WARNING STA-1551] /tmp/workspace/scripts-Private_test-fr_cugr_cmp-2-/results/asap7/mock-cpu/base/2_floorplan.sdc line 94203, 'fifo_in/wdata[0]' is not a valid endpoint.
[WARNING STA-1551] /tmp/workspace/scripts-Private_test-fr_cugr_cmp-2-/results/asap7/mock-cpu/base/2_floorplan.sdc line 94247, 'rrst_n' is not a valid endpoint.
[WARNING STA-1551] /tmp/workspace/scripts-Private_test-fr_cugr_cmp-2-/results/asap7/mock-cpu/base/2_floorplan.sdc line 94247, 'wrst_n' is not a valid endpoint.
source ./platforms/asap7/setRC.tcl
global_placement -skip_io -density 0.71 -pad_left 0 -pad_right 0
[INFO GPL-0001] ---- Initialize GPL Main Data Structures
[INFO GPL-0002] DBU: 1000
[INFO GPL-0003] SiteSize: (  0.054  0.270 ) um
[INFO GPL-0004] CoreBBox: (  2.052  2.160 ) ( 128.790 128.790 ) um
[INFO GPL-0016] Core area:                   16048.833 um^2
[INFO GPL-0036] Movable instances area:       6441.342 um^2
[INFO GPL-0037] Total instances area:         6503.015 um^2
[INFO GPL-0035] Pin density area adjust:      -494.635 um^2
[INFO GPL-0032] ---- Initialize Region: Top-level
[INFO GPL-0006] Number of instances:             41037
[INFO GPL-0007] Movable instances:               38922
[INFO GPL-0008] Fixed instances:                  2115
[INFO GPL-0009] Dummy instances:                     0
[INFO GPL-0010] Number of nets:                  38984
[INFO GPL-0011] Number of pins:                  98619
[INFO GPL-0012] Die BBox:       (  0.000  0.000 ) ( 130.827 130.827 ) um
[INFO GPL-0013] Placement BBox: (  2.052  2.160 ) ( 128.790 128.790 ) um
[INFO GPL-0014] Region name: top-level.
[INFO GPL-0015] Region area:                 16048.833 um^2
[INFO GPL-0017] Fixed instances area:           61.673 um^2
[INFO GPL-0018] Movable instances area:       5946.707 um^2
[INFO GPL-0019] Utilization:                    37.197 %
[INFO GPL-0020] Standard cells area:          5946.707 um^2
[INFO GPL-0021] Large instances area:            0.000 um^2
[INFO GPL-0005] ---- Execute Conjugate Gradient Initial Placement.
[INFO GPL-0051] Source of initial instance position counters:
	Odb location = 0	Core center = 38922	Region center = 0
[INFO GPL-0033] ---- Initialize Nesterov Region: Top-level
[INFO GPL-0023] Placement target density:       0.7100
[INFO GPL-0024] Movable insts average area:      0.153 um^2
[INFO GPL-0025] Ideal bin area:                  0.215 um^2
[INFO GPL-0026] Ideal bin count:                 74579
[INFO GPL-0027] Total bin area:              16048.833 um^2
[INFO GPL-0028] Bin count (X, Y):         256 ,    256
[INFO GPL-0029] Bin size (W * H):       0.495 *  0.495 um
[INFO GPL-0030] Number of bins:                  65536
[INFO GPL-0084] ---- Execute Nesterov Global Placement.
[INFO GPL-0031] HPWL: Half-Perimeter Wirelength
Iteration | Overflow |     HPWL (um) |  HPWL(%) |   Penalty | Group
---------------------------------------------------------------
        0 |   0.9974 |  1.746605e+04 |   +0.00% |  1.18e-14 |      
       10 |   0.9975 |  1.618014e+04 |   -7.36% |  1.92e-14 |      
       20 |   0.9975 |  1.615380e+04 |   -0.16% |  3.13e-14 |      
       30 |   0.9974 |  1.617071e+04 |   +0.10% |  5.10e-14 |      
       40 |   0.9973 |  1.619025e+04 |   +0.12% |  8.31e-14 |      
       50 |   0.9973 |  1.621153e+04 |   +0.13% |  1.35e-13 |      
       60 |   0.9972 |  1.623239e+04 |   +0.13% |  2.20e-13 |      
       70 |   0.9972 |  1.625700e+04 |   +0.15% |  3.59e-13 |      
       80 |   0.9970 |  1.628841e+04 |   +0.19% |  5.85e-13 |      
       90 |   0.9970 |  1.634680e+04 |   +0.36% |  9.53e-13 |      
      100 |   0.9967 |  1.644397e+04 |   +0.59% |  1.55e-12 |      
      110 |   0.9965 |  1.670114e+04 |   +1.56% |  2.53e-12 |      
      120 |   0.9955 |  1.758931e+04 |   +5.32% |  4.12e-12 |      
      130 |   0.9933 |  1.871036e+04 |   +6.37% |  6.71e-12 |      
      140 |   0.9892 |  1.958539e+04 |   +4.68% |  1.09e-11 |      
      150 |   0.9825 |  2.042071e+04 |   +4.27% |  1.78e-11 |      
      160 |   0.9715 |  2.139023e+04 |   +4.75% |  2.90e-11 |      
      170 |   0.9548 |  2.257098e+04 |   +5.52% |  4.72e-11 |      
      180 |   0.9302 |  2.402168e+04 |   +6.43% |  7.69e-11 |      
      190 |   0.8948 |  2.577456e+04 |   +7.30% |  1.25e-10 |      
      200 |   0.8464 |  2.773419e+04 |   +7.60% |  2.04e-10 |      
      210 |   0.7843 |  2.973864e+04 |   +7.23% |  3.32e-10 |      
      220 |   0.7109 |  3.159081e+04 |   +6.23% |  5.41e-10 |      
      230 |   0.6319 |  3.315064e+04 |   +4.94% |  8.81e-10 |      
      240 |   0.5530 |  3.446387e+04 |   +3.96% |  1.43e-09 |      
      250 |   0.4819 |  3.529674e+04 |   +2.42% |  2.34e-09 |      
      260 |   0.4209 |  3.540902e+04 |   +0.32% |  3.80e-09 |      
      270 |   0.3711 |  3.479985e+04 |   -1.72% |  6.20e-09 |      
      280 |   0.3338 |  3.385427e+04 |   -2.72% |  9.79e-09 |      
      290 |   0.3020 |  3.328854e+04 |   -1.67% |  1.44e-08 |      
      300 |   0.2806 |  3.355093e+04 |   +0.79% |  2.13e-08 |      
      310 |   0.2688 |  3.450479e+04 |   +2.84% |  3.13e-08 |      
      320 |   0.2578 |  3.518095e+04 |   +1.96% |  4.61e-08 |      
      330 |   0.2519 |  3.480449e+04 |   -1.07% |  6.79e-08 |      
      340 |   0.2488 |  3.413922e+04 |   -1.91% |  1.00e-07 |      
      350 |   0.2422 |  3.353192e+04 |   -1.78% |  1.47e-07 |      
      360 |   0.2389 |  3.171053e+04 |   -5.43% |  2.17e-07 |      
      370 |   0.2274 |  3.283264e+04 |   +3.54% |  3.20e-07 |      
      380 |   0.2209 |  3.106962e+04 |   -5.37% |  4.71e-07 |      
      390 |   0.2076 |  3.178010e+04 |   +2.29% |  6.94e-07 |      
      400 |   0.1963 |  3.025660e+04 |   -4.79% |  1.02e-06 |      
      410 |   0.1767 |  2.972033e+04 |   -1.77% |  1.51e-06 |      
      420 |   0.1606 |  2.919772e+04 |   -1.76% |  2.22e-06 |      
      430 |   0.1428 |  2.844437e+04 |   -2.58% |  3.27e-06 |      
      440 |   0.1268 |  2.784167e+04 |   -2.12% |  4.82e-06 |      
      450 |   0.1111 |  2.734807e+04 |   -1.77% |  7.10e-06 |      
      458 |   0.0992 |  2.704020e+04 |          |  1.01e-05 |      
---------------------------------------------------------------
[INFO GPL-1001] Global placement finished at iteration 458
[INFO GPL-1002] Placed Cell Area             5946.7070
[INFO GPL-1003] Available Free Area         15987.1595
[INFO GPL-1004] Minimum Feasible Density        0.3800 (cell_area / free_area)
[INFO GPL-1006]   Suggested Target Densities:
[INFO GPL-1007]     - For 90% usage of free space: 0.4133
[INFO GPL-1008]     - For 80% usage of free space: 0.4650
[INFO GPL-1009]     - For 50% usage of free space: 0.7439
[INFO GPL-1014] Final placement area: 5946.71 (+0.00%)
Took 10 seconds: global_placement -skip_io -density 0.71 -pad_left 0 -pad_right 0
Design area 6503 um^2 41% utilization.
write_db /tmp/workspace/scripts-Private_test-fr_cugr_cmp-2-/results/asap7/mock-cpu/base/3_1_place_gp_skip_io.odb
Elapsed time: 0:12.37[h:]min:sec. CPU time: user 190.75 sys 0.47 (1546%). Peak memory: 351652KB.
Log                       Ext     Elapsed/s Peak Memory/MB sha1sum result [0:20)
3_1_place_gp_skip_io      .odb           12            343 f998b72d30c311ab6587
/OpenROAD-flow-scripts/flow/scripts/flow.sh 3_2_place_iop io_placement
Running io_placement.tcl, stage 3_2_place_iop
source ./platforms/asap7/liberty_suppressions.tcl
read_liberty ./platforms/asap7/lib/NLDM/asap7sc7p5t_AO_RVT_FF_nldm_211120.lib.gz
read_liberty ./platforms/asap7/lib/NLDM/asap7sc7p5t_INVBUF_RVT_FF_nldm_220122.lib.gz
read_liberty ./platforms/asap7/lib/NLDM/asap7sc7p5t_OA_RVT_FF_nldm_211120.lib.gz
read_liberty ./platforms/asap7/lib/NLDM/asap7sc7p5t_SIMPLE_RVT_FF_nldm_211120.lib.gz
read_liberty ./platforms/asap7/lib/NLDM/asap7sc7p5t_SEQ_RVT_FF_nldm_220123.lib
read_db -hier /tmp/workspace/scripts-Private_test-fr_cugr_cmp-2-/results/asap7/mock-cpu/base/3_1_place_gp_skip_io.odb
[WARNING ORD-0012] Hierarchical flow (-hier) is currently in development and may cause multiple issues. Do not use in production environments.
read_sdc /tmp/workspace/scripts-Private_test-fr_cugr_cmp-2-/results/asap7/mock-cpu/base/2_floorplan.sdc
[WARNING STA-1551] /tmp/workspace/scripts-Private_test-fr_cugr_cmp-2-/results/asap7/mock-cpu/base/2_floorplan.sdc line 56522, 'fifo_in/wdata[31]' is not a valid endpoint.
[WARNING STA-1551] /tmp/workspace/scripts-Private_test-fr_cugr_cmp-2-/results/asap7/mock-cpu/base/2_floorplan.sdc line 56522, 'fifo_in/wdata[30]' is not a valid endpoint.
[WARNING STA-1551] /tmp/workspace/scripts-Private_test-fr_cugr_cmp-2-/results/asap7/mock-cpu/base/2_floorplan.sdc line 56522, 'fifo_in/wdata[29]' is not a valid endpoint.
[WARNING STA-1551] /tmp/workspace/scripts-Private_test-fr_cugr_cmp-2-/results/asap7/mock-cpu/base/2_floorplan.sdc line 56522, 'fifo_in/wdata[28]' is not a valid endpoint.
[WARNING STA-1551] /tmp/workspace/scripts-Private_test-fr_cugr_cmp-2-/results/asap7/mock-cpu/base/2_floorplan.sdc line 56522, 'fifo_in/wdata[27]' is not a valid endpoint.
[WARNING STA-1551] /tmp/workspace/scripts-Private_test-fr_cugr_cmp-2-/results/asap7/mock-cpu/base/2_floorplan.sdc line 56522, 'fifo_in/wdata[26]' is not a valid endpoint.
[WARNING STA-1551] /tmp/workspace/scripts-Private_test-fr_cugr_cmp-2-/results/asap7/mock-cpu/base/2_floorplan.sdc line 56522, 'fifo_in/wdata[25]' is not a valid endpoint.
[WARNING STA-1551] /tmp/workspace/scripts-Private_test-fr_cugr_cmp-2-/results/asap7/mock-cpu/base/2_floorplan.sdc line 56522, 'fifo_in/wdata[24]' is not a valid endpoint.
[WARNING STA-1551] /tmp/workspace/scripts-Private_test-fr_cugr_cmp-2-/results/asap7/mock-cpu/base/2_floorplan.sdc line 56522, 'fifo_in/wdata[23]' is not a valid endpoint.
[WARNING STA-1551] /tmp/workspace/scripts-Private_test-fr_cugr_cmp-2-/results/asap7/mock-cpu/base/2_floorplan.sdc line 56522, 'fifo_in/wdata[22]' is not a valid endpoint.
[WARNING STA-1551] /tmp/workspace/scripts-Private_test-fr_cugr_cmp-2-/results/asap7/mock-cpu/base/2_floorplan.sdc line 56522, 'fifo_in/wdata[21]' is not a valid endpoint.
[WARNING STA-1551] /tmp/workspace/scripts-Private_test-fr_cugr_cmp-2-/results/asap7/mock-cpu/base/2_floorplan.sdc line 56522, 'fifo_in/wdata[20]' is not a valid endpoint.
[WARNING STA-1551] /tmp/workspace/scripts-Private_test-fr_cugr_cmp-2-/results/asap7/mock-cpu/base/2_floorplan.sdc line 56522, 'fifo_in/wdata[19]' is not a valid endpoint.
[WARNING STA-1551] /tmp/workspace/scripts-Private_test-fr_cugr_cmp-2-/results/asap7/mock-cpu/base/2_floorplan.sdc line 56522, 'fifo_in/wdata[18]' is not a valid endpoint.
[WARNING STA-1551] /tmp/workspace/scripts-Private_test-fr_cugr_cmp-2-/results/asap7/mock-cpu/base/2_floorplan.sdc line 56522, 'fifo_in/wdata[17]' is not a valid endpoint.
[WARNING STA-1551] /tmp/workspace/scripts-Private_test-fr_cugr_cmp-2-/results/asap7/mock-cpu/base/2_floorplan.sdc line 56522, 'fifo_in/wdata[16]' is not a valid endpoint.
[WARNING STA-1551] /tmp/workspace/scripts-Private_test-fr_cugr_cmp-2-/results/asap7/mock-cpu/base/2_floorplan.sdc line 56522, 'fifo_in/wdata[15]' is not a valid endpoint.
[WARNING STA-1551] /tmp/workspace/scripts-Private_test-fr_cugr_cmp-2-/results/asap7/mock-cpu/base/2_floorplan.sdc line 56522, 'fifo_in/wdata[14]' is not a valid endpoint.
[WARNING STA-1551] /tmp/workspace/scripts-Private_test-fr_cugr_cmp-2-/results/asap7/mock-cpu/base/2_floorplan.sdc line 56522, 'fifo_in/wdata[13]' is not a valid endpoint.
[WARNING STA-1551] /tmp/workspace/scripts-Private_test-fr_cugr_cmp-2-/results/asap7/mock-cpu/base/2_floorplan.sdc line 56522, 'fifo_in/wdata[12]' is not a valid endpoint.
[WARNING STA-1551] /tmp/workspace/scripts-Private_test-fr_cugr_cmp-2-/results/asap7/mock-cpu/base/2_floorplan.sdc line 56522, 'fifo_in/wdata[11]' is not a valid endpoint.
[WARNING STA-1551] /tmp/workspace/scripts-Private_test-fr_cugr_cmp-2-/results/asap7/mock-cpu/base/2_floorplan.sdc line 56522, 'fifo_in/wdata[10]' is not a valid endpoint.
[WARNING STA-1551] /tmp/workspace/scripts-Private_test-fr_cugr_cmp-2-/results/asap7/mock-cpu/base/2_floorplan.sdc line 56522, 'fifo_in/wdata[9]' is not a valid endpoint.
[WARNING STA-1551] /tmp/workspace/scripts-Private_test-fr_cugr_cmp-2-/results/asap7/mock-cpu/base/2_floorplan.sdc line 56522, 'fifo_in/wdata[8]' is not a valid endpoint.
[WARNING STA-1551] /tmp/workspace/scripts-Private_test-fr_cugr_cmp-2-/results/asap7/mock-cpu/base/2_floorplan.sdc line 56522, 'fifo_in/wdata[7]' is not a valid endpoint.
[WARNING STA-1551] /tmp/workspace/scripts-Private_test-fr_cugr_cmp-2-/results/asap7/mock-cpu/base/2_floorplan.sdc line 56522, 'fifo_in/wdata[6]' is not a valid endpoint.
[WARNING STA-1551] /tmp/workspace/scripts-Private_test-fr_cugr_cmp-2-/results/asap7/mock-cpu/base/2_floorplan.sdc line 56522, 'fifo_in/wdata[5]' is not a valid endpoint.
[WARNING STA-1551] /tmp/workspace/scripts-Private_test-fr_cugr_cmp-2-/results/asap7/mock-cpu/base/2_floorplan.sdc line 56522, 'fifo_in/wdata[4]' is not a valid endpoint.
[WARNING STA-1551] /tmp/workspace/scripts-Private_test-fr_cugr_cmp-2-/results/asap7/mock-cpu/base/2_floorplan.sdc line 56522, 'fifo_in/wdata[3]' is not a valid endpoint.
[WARNING STA-1551] /tmp/workspace/scripts-Private_test-fr_cugr_cmp-2-/results/asap7/mock-cpu/base/2_floorplan.sdc line 56522, 'fifo_in/wdata[2]' is not a valid endpoint.
[WARNING STA-1551] /tmp/workspace/scripts-Private_test-fr_cugr_cmp-2-/results/asap7/mock-cpu/base/2_floorplan.sdc line 56522, 'fifo_in/wdata[1]' is not a valid endpoint.
[WARNING STA-1551] /tmp/workspace/scripts-Private_test-fr_cugr_cmp-2-/results/asap7/mock-cpu/base/2_floorplan.sdc line 56522, 'fifo_in/wdata[0]' is not a valid endpoint.
[WARNING STA-1551] /tmp/workspace/scripts-Private_test-fr_cugr_cmp-2-/results/asap7/mock-cpu/base/2_floorplan.sdc line 56522, 'fifo_in/winc' is not a valid endpoint.
[WARNING STA-1551] /tmp/workspace/scripts-Private_test-fr_cugr_cmp-2-/results/asap7/mock-cpu/base/2_floorplan.sdc line 56522, 'fifo_out/rinc' is not a valid endpoint.
[WARNING STA-1551] /tmp/workspace/scripts-Private_test-fr_cugr_cmp-2-/results/asap7/mock-cpu/base/2_floorplan.sdc line 94135, 'fifo_out/rinc' is not a valid endpoint.
[WARNING STA-1551] /tmp/workspace/scripts-Private_test-fr_cugr_cmp-2-/results/asap7/mock-cpu/base/2_floorplan.sdc line 94138, 'fifo_in/winc' is not a valid endpoint.
[WARNING STA-1551] /tmp/workspace/scripts-Private_test-fr_cugr_cmp-2-/results/asap7/mock-cpu/base/2_floorplan.sdc line 94203, 'fifo_in/wdata[31]' is not a valid endpoint.
[WARNING STA-1551] /tmp/workspace/scripts-Private_test-fr_cugr_cmp-2-/results/asap7/mock-cpu/base/2_floorplan.sdc line 94203, 'fifo_in/wdata[30]' is not a valid endpoint.
[WARNING STA-1551] /tmp/workspace/scripts-Private_test-fr_cugr_cmp-2-/results/asap7/mock-cpu/base/2_floorplan.sdc line 94203, 'fifo_in/wdata[29]' is not a valid endpoint.
[WARNING STA-1551] /tmp/workspace/scripts-Private_test-fr_cugr_cmp-2-/results/asap7/mock-cpu/base/2_floorplan.sdc line 94203, 'fifo_in/wdata[28]' is not a valid endpoint.
[WARNING STA-1551] /tmp/workspace/scripts-Private_test-fr_cugr_cmp-2-/results/asap7/mock-cpu/base/2_floorplan.sdc line 94203, 'fifo_in/wdata[27]' is not a valid endpoint.
[WARNING STA-1551] /tmp/workspace/scripts-Private_test-fr_cugr_cmp-2-/results/asap7/mock-cpu/base/2_floorplan.sdc line 94203, 'fifo_in/wdata[26]' is not a valid endpoint.
[WARNING STA-1551] /tmp/workspace/scripts-Private_test-fr_cugr_cmp-2-/results/asap7/mock-cpu/base/2_floorplan.sdc line 94203, 'fifo_in/wdata[25]' is not a valid endpoint.
[WARNING STA-1551] /tmp/workspace/scripts-Private_test-fr_cugr_cmp-2-/results/asap7/mock-cpu/base/2_floorplan.sdc line 94203, 'fifo_in/wdata[24]' is not a valid endpoint.
[WARNING STA-1551] /tmp/workspace/scripts-Private_test-fr_cugr_cmp-2-/results/asap7/mock-cpu/base/2_floorplan.sdc line 94203, 'fifo_in/wdata[23]' is not a valid endpoint.
[WARNING STA-1551] /tmp/workspace/scripts-Private_test-fr_cugr_cmp-2-/results/asap7/mock-cpu/base/2_floorplan.sdc line 94203, 'fifo_in/wdata[22]' is not a valid endpoint.
[WARNING STA-1551] /tmp/workspace/scripts-Private_test-fr_cugr_cmp-2-/results/asap7/mock-cpu/base/2_floorplan.sdc line 94203, 'fifo_in/wdata[21]' is not a valid endpoint.
[WARNING STA-1551] /tmp/workspace/scripts-Private_test-fr_cugr_cmp-2-/results/asap7/mock-cpu/base/2_floorplan.sdc line 94203, 'fifo_in/wdata[20]' is not a valid endpoint.
[WARNING STA-1551] /tmp/workspace/scripts-Private_test-fr_cugr_cmp-2-/results/asap7/mock-cpu/base/2_floorplan.sdc line 94203, 'fifo_in/wdata[19]' is not a valid endpoint.
[WARNING STA-1551] /tmp/workspace/scripts-Private_test-fr_cugr_cmp-2-/results/asap7/mock-cpu/base/2_floorplan.sdc line 94203, 'fifo_in/wdata[18]' is not a valid endpoint.
[WARNING STA-1551] /tmp/workspace/scripts-Private_test-fr_cugr_cmp-2-/results/asap7/mock-cpu/base/2_floorplan.sdc line 94203, 'fifo_in/wdata[17]' is not a valid endpoint.
[WARNING STA-1551] /tmp/workspace/scripts-Private_test-fr_cugr_cmp-2-/results/asap7/mock-cpu/base/2_floorplan.sdc line 94203, 'fifo_in/wdata[16]' is not a valid endpoint.
[WARNING STA-1551] /tmp/workspace/scripts-Private_test-fr_cugr_cmp-2-/results/asap7/mock-cpu/base/2_floorplan.sdc line 94203, 'fifo_in/wdata[15]' is not a valid endpoint.
[WARNING STA-1551] /tmp/workspace/scripts-Private_test-fr_cugr_cmp-2-/results/asap7/mock-cpu/base/2_floorplan.sdc line 94203, 'fifo_in/wdata[14]' is not a valid endpoint.
[WARNING STA-1551] /tmp/workspace/scripts-Private_test-fr_cugr_cmp-2-/results/asap7/mock-cpu/base/2_floorplan.sdc line 94203, 'fifo_in/wdata[13]' is not a valid endpoint.
[WARNING STA-1551] /tmp/workspace/scripts-Private_test-fr_cugr_cmp-2-/results/asap7/mock-cpu/base/2_floorplan.sdc line 94203, 'fifo_in/wdata[12]' is not a valid endpoint.
[WARNING STA-1551] /tmp/workspace/scripts-Private_test-fr_cugr_cmp-2-/results/asap7/mock-cpu/base/2_floorplan.sdc line 94203, 'fifo_in/wdata[11]' is not a valid endpoint.
[WARNING STA-1551] /tmp/workspace/scripts-Private_test-fr_cugr_cmp-2-/results/asap7/mock-cpu/base/2_floorplan.sdc line 94203, 'fifo_in/wdata[10]' is not a valid endpoint.
[WARNING STA-1551] /tmp/workspace/scripts-Private_test-fr_cugr_cmp-2-/results/asap7/mock-cpu/base/2_floorplan.sdc line 94203, 'fifo_in/wdata[9]' is not a valid endpoint.
[WARNING STA-1551] /tmp/workspace/scripts-Private_test-fr_cugr_cmp-2-/results/asap7/mock-cpu/base/2_floorplan.sdc line 94203, 'fifo_in/wdata[8]' is not a valid endpoint.
[WARNING STA-1551] /tmp/workspace/scripts-Private_test-fr_cugr_cmp-2-/results/asap7/mock-cpu/base/2_floorplan.sdc line 94203, 'fifo_in/wdata[7]' is not a valid endpoint.
[WARNING STA-1551] /tmp/workspace/scripts-Private_test-fr_cugr_cmp-2-/results/asap7/mock-cpu/base/2_floorplan.sdc line 94203, 'fifo_in/wdata[6]' is not a valid endpoint.
[WARNING STA-1551] /tmp/workspace/scripts-Private_test-fr_cugr_cmp-2-/results/asap7/mock-cpu/base/2_floorplan.sdc line 94203, 'fifo_in/wdata[5]' is not a valid endpoint.
[WARNING STA-1551] /tmp/workspace/scripts-Private_test-fr_cugr_cmp-2-/results/asap7/mock-cpu/base/2_floorplan.sdc line 94203, 'fifo_in/wdata[4]' is not a valid endpoint.
[WARNING STA-1551] /tmp/workspace/scripts-Private_test-fr_cugr_cmp-2-/results/asap7/mock-cpu/base/2_floorplan.sdc line 94203, 'fifo_in/wdata[3]' is not a valid endpoint.
[WARNING STA-1551] /tmp/workspace/scripts-Private_test-fr_cugr_cmp-2-/results/asap7/mock-cpu/base/2_floorplan.sdc line 94203, 'fifo_in/wdata[2]' is not a valid endpoint.
[WARNING STA-1551] /tmp/workspace/scripts-Private_test-fr_cugr_cmp-2-/results/asap7/mock-cpu/base/2_floorplan.sdc line 94203, 'fifo_in/wdata[1]' is not a valid endpoint.
[WARNING STA-1551] /tmp/workspace/scripts-Private_test-fr_cugr_cmp-2-/results/asap7/mock-cpu/base/2_floorplan.sdc line 94203, 'fifo_in/wdata[0]' is not a valid endpoint.
[WARNING STA-1551] /tmp/workspace/scripts-Private_test-fr_cugr_cmp-2-/results/asap7/mock-cpu/base/2_floorplan.sdc line 94247, 'rrst_n' is not a valid endpoint.
[WARNING STA-1551] /tmp/workspace/scripts-Private_test-fr_cugr_cmp-2-/results/asap7/mock-cpu/base/2_floorplan.sdc line 94247, 'wrst_n' is not a valid endpoint.
source ./platforms/asap7/setRC.tcl
place_pins -hor_layers M4 -ver_layers M5
Found 0 macro blocks.
Using 2 tracks default min distance between IO pins.
[INFO PPL-0044] Pin group: [ rdata[0] rdata[1] rdata[2] rdata[3] rdata[4] ... ]
[INFO PPL-0067] Restrict pins [ clk clk_uncore rdata[0] rdata[10] rdata[11] ... ] to region 0.00u-130.83u at the BOTTOM edge.
[INFO PPL-0001] Number of available slots 5388
[INFO PPL-0002] Number of I/O             72
[INFO PPL-0003] Number of I/O w/sink      72
[INFO PPL-0004] Number of I/O w/o sink    0
[INFO PPL-0006] Number of I/O Groups    1
[INFO PPL-0005] Slots per section         200
[INFO PPL-0008] Successfully assigned pins to sections.
[INFO PPL-0012] I/O nets HPWL: 8861.58 um.
Design area 6503 um^2 41% utilization.
write_db /tmp/workspace/scripts-Private_test-fr_cugr_cmp-2-/results/asap7/mock-cpu/base/3_2_place_iop.odb
Elapsed time: 0:02.64[h:]min:sec. CPU time: user 2.47 sys 0.17 (100%). Peak memory: 291560KB.
Log                       Ext     Elapsed/s Peak Memory/MB sha1sum result [0:20)
3_2_place_iop             .odb            2            284 c57aedc1cf3394799d4b
/OpenROAD-flow-scripts/flow/scripts/flow.sh 3_3_place_gp global_place
Running global_place.tcl, stage 3_3_place_gp
source ./platforms/asap7/liberty_suppressions.tcl
read_liberty ./platforms/asap7/lib/NLDM/asap7sc7p5t_AO_RVT_FF_nldm_211120.lib.gz
read_liberty ./platforms/asap7/lib/NLDM/asap7sc7p5t_INVBUF_RVT_FF_nldm_220122.lib.gz
read_liberty ./platforms/asap7/lib/NLDM/asap7sc7p5t_OA_RVT_FF_nldm_211120.lib.gz
read_liberty ./platforms/asap7/lib/NLDM/asap7sc7p5t_SIMPLE_RVT_FF_nldm_211120.lib.gz
read_liberty ./platforms/asap7/lib/NLDM/asap7sc7p5t_SEQ_RVT_FF_nldm_220123.lib
read_db -hier /tmp/workspace/scripts-Private_test-fr_cugr_cmp-2-/results/asap7/mock-cpu/base/3_2_place_iop.odb
[WARNING ORD-0012] Hierarchical flow (-hier) is currently in development and may cause multiple issues. Do not use in production environments.
read_sdc /tmp/workspace/scripts-Private_test-fr_cugr_cmp-2-/results/asap7/mock-cpu/base/2_floorplan.sdc
[WARNING STA-1551] /tmp/workspace/scripts-Private_test-fr_cugr_cmp-2-/results/asap7/mock-cpu/base/2_floorplan.sdc line 56522, 'fifo_in/wdata[31]' is not a valid endpoint.
[WARNING STA-1551] /tmp/workspace/scripts-Private_test-fr_cugr_cmp-2-/results/asap7/mock-cpu/base/2_floorplan.sdc line 56522, 'fifo_in/wdata[30]' is not a valid endpoint.
[WARNING STA-1551] /tmp/workspace/scripts-Private_test-fr_cugr_cmp-2-/results/asap7/mock-cpu/base/2_floorplan.sdc line 56522, 'fifo_in/wdata[29]' is not a valid endpoint.
[WARNING STA-1551] /tmp/workspace/scripts-Private_test-fr_cugr_cmp-2-/results/asap7/mock-cpu/base/2_floorplan.sdc line 56522, 'fifo_in/wdata[28]' is not a valid endpoint.
[WARNING STA-1551] /tmp/workspace/scripts-Private_test-fr_cugr_cmp-2-/results/asap7/mock-cpu/base/2_floorplan.sdc line 56522, 'fifo_in/wdata[27]' is not a valid endpoint.
[WARNING STA-1551] /tmp/workspace/scripts-Private_test-fr_cugr_cmp-2-/results/asap7/mock-cpu/base/2_floorplan.sdc line 56522, 'fifo_in/wdata[26]' is not a valid endpoint.
[WARNING STA-1551] /tmp/workspace/scripts-Private_test-fr_cugr_cmp-2-/results/asap7/mock-cpu/base/2_floorplan.sdc line 56522, 'fifo_in/wdata[25]' is not a valid endpoint.
[WARNING STA-1551] /tmp/workspace/scripts-Private_test-fr_cugr_cmp-2-/results/asap7/mock-cpu/base/2_floorplan.sdc line 56522, 'fifo_in/wdata[24]' is not a valid endpoint.
[WARNING STA-1551] /tmp/workspace/scripts-Private_test-fr_cugr_cmp-2-/results/asap7/mock-cpu/base/2_floorplan.sdc line 56522, 'fifo_in/wdata[23]' is not a valid endpoint.
[WARNING STA-1551] /tmp/workspace/scripts-Private_test-fr_cugr_cmp-2-/results/asap7/mock-cpu/base/2_floorplan.sdc line 56522, 'fifo_in/wdata[22]' is not a valid endpoint.
[WARNING STA-1551] /tmp/workspace/scripts-Private_test-fr_cugr_cmp-2-/results/asap7/mock-cpu/base/2_floorplan.sdc line 56522, 'fifo_in/wdata[21]' is not a valid endpoint.
[WARNING STA-1551] /tmp/workspace/scripts-Private_test-fr_cugr_cmp-2-/results/asap7/mock-cpu/base/2_floorplan.sdc line 56522, 'fifo_in/wdata[20]' is not a valid endpoint.
[WARNING STA-1551] /tmp/workspace/scripts-Private_test-fr_cugr_cmp-2-/results/asap7/mock-cpu/base/2_floorplan.sdc line 56522, 'fifo_in/wdata[19]' is not a valid endpoint.
[WARNING STA-1551] /tmp/workspace/scripts-Private_test-fr_cugr_cmp-2-/results/asap7/mock-cpu/base/2_floorplan.sdc line 56522, 'fifo_in/wdata[18]' is not a valid endpoint.
[WARNING STA-1551] /tmp/workspace/scripts-Private_test-fr_cugr_cmp-2-/results/asap7/mock-cpu/base/2_floorplan.sdc line 56522, 'fifo_in/wdata[17]' is not a valid endpoint.
[WARNING STA-1551] /tmp/workspace/scripts-Private_test-fr_cugr_cmp-2-/results/asap7/mock-cpu/base/2_floorplan.sdc line 56522, 'fifo_in/wdata[16]' is not a valid endpoint.
[WARNING STA-1551] /tmp/workspace/scripts-Private_test-fr_cugr_cmp-2-/results/asap7/mock-cpu/base/2_floorplan.sdc line 56522, 'fifo_in/wdata[15]' is not a valid endpoint.
[WARNING STA-1551] /tmp/workspace/scripts-Private_test-fr_cugr_cmp-2-/results/asap7/mock-cpu/base/2_floorplan.sdc line 56522, 'fifo_in/wdata[14]' is not a valid endpoint.
[WARNING STA-1551] /tmp/workspace/scripts-Private_test-fr_cugr_cmp-2-/results/asap7/mock-cpu/base/2_floorplan.sdc line 56522, 'fifo_in/wdata[13]' is not a valid endpoint.
[WARNING STA-1551] /tmp/workspace/scripts-Private_test-fr_cugr_cmp-2-/results/asap7/mock-cpu/base/2_floorplan.sdc line 56522, 'fifo_in/wdata[12]' is not a valid endpoint.
[WARNING STA-1551] /tmp/workspace/scripts-Private_test-fr_cugr_cmp-2-/results/asap7/mock-cpu/base/2_floorplan.sdc line 56522, 'fifo_in/wdata[11]' is not a valid endpoint.
[WARNING STA-1551] /tmp/workspace/scripts-Private_test-fr_cugr_cmp-2-/results/asap7/mock-cpu/base/2_floorplan.sdc line 56522, 'fifo_in/wdata[10]' is not a valid endpoint.
[WARNING STA-1551] /tmp/workspace/scripts-Private_test-fr_cugr_cmp-2-/results/asap7/mock-cpu/base/2_floorplan.sdc line 56522, 'fifo_in/wdata[9]' is not a valid endpoint.
[WARNING STA-1551] /tmp/workspace/scripts-Private_test-fr_cugr_cmp-2-/results/asap7/mock-cpu/base/2_floorplan.sdc line 56522, 'fifo_in/wdata[8]' is not a valid endpoint.
[WARNING STA-1551] /tmp/workspace/scripts-Private_test-fr_cugr_cmp-2-/results/asap7/mock-cpu/base/2_floorplan.sdc line 56522, 'fifo_in/wdata[7]' is not a valid endpoint.
[WARNING STA-1551] /tmp/workspace/scripts-Private_test-fr_cugr_cmp-2-/results/asap7/mock-cpu/base/2_floorplan.sdc line 56522, 'fifo_in/wdata[6]' is not a valid endpoint.
[WARNING STA-1551] /tmp/workspace/scripts-Private_test-fr_cugr_cmp-2-/results/asap7/mock-cpu/base/2_floorplan.sdc line 56522, 'fifo_in/wdata[5]' is not a valid endpoint.
[WARNING STA-1551] /tmp/workspace/scripts-Private_test-fr_cugr_cmp-2-/results/asap7/mock-cpu/base/2_floorplan.sdc line 56522, 'fifo_in/wdata[4]' is not a valid endpoint.
[WARNING STA-1551] /tmp/workspace/scripts-Private_test-fr_cugr_cmp-2-/results/asap7/mock-cpu/base/2_floorplan.sdc line 56522, 'fifo_in/wdata[3]' is not a valid endpoint.
[WARNING STA-1551] /tmp/workspace/scripts-Private_test-fr_cugr_cmp-2-/results/asap7/mock-cpu/base/2_floorplan.sdc line 56522, 'fifo_in/wdata[2]' is not a valid endpoint.
[WARNING STA-1551] /tmp/workspace/scripts-Private_test-fr_cugr_cmp-2-/results/asap7/mock-cpu/base/2_floorplan.sdc line 56522, 'fifo_in/wdata[1]' is not a valid endpoint.
[WARNING STA-1551] /tmp/workspace/scripts-Private_test-fr_cugr_cmp-2-/results/asap7/mock-cpu/base/2_floorplan.sdc line 56522, 'fifo_in/wdata[0]' is not a valid endpoint.
[WARNING STA-1551] /tmp/workspace/scripts-Private_test-fr_cugr_cmp-2-/results/asap7/mock-cpu/base/2_floorplan.sdc line 56522, 'fifo_in/winc' is not a valid endpoint.
[WARNING STA-1551] /tmp/workspace/scripts-Private_test-fr_cugr_cmp-2-/results/asap7/mock-cpu/base/2_floorplan.sdc line 56522, 'fifo_out/rinc' is not a valid endpoint.
[WARNING STA-1551] /tmp/workspace/scripts-Private_test-fr_cugr_cmp-2-/results/asap7/mock-cpu/base/2_floorplan.sdc line 94135, 'fifo_out/rinc' is not a valid endpoint.
[WARNING STA-1551] /tmp/workspace/scripts-Private_test-fr_cugr_cmp-2-/results/asap7/mock-cpu/base/2_floorplan.sdc line 94138, 'fifo_in/winc' is not a valid endpoint.
[WARNING STA-1551] /tmp/workspace/scripts-Private_test-fr_cugr_cmp-2-/results/asap7/mock-cpu/base/2_floorplan.sdc line 94203, 'fifo_in/wdata[31]' is not a valid endpoint.
[WARNING STA-1551] /tmp/workspace/scripts-Private_test-fr_cugr_cmp-2-/results/asap7/mock-cpu/base/2_floorplan.sdc line 94203, 'fifo_in/wdata[30]' is not a valid endpoint.
[WARNING STA-1551] /tmp/workspace/scripts-Private_test-fr_cugr_cmp-2-/results/asap7/mock-cpu/base/2_floorplan.sdc line 94203, 'fifo_in/wdata[29]' is not a valid endpoint.
[WARNING STA-1551] /tmp/workspace/scripts-Private_test-fr_cugr_cmp-2-/results/asap7/mock-cpu/base/2_floorplan.sdc line 94203, 'fifo_in/wdata[28]' is not a valid endpoint.
[WARNING STA-1551] /tmp/workspace/scripts-Private_test-fr_cugr_cmp-2-/results/asap7/mock-cpu/base/2_floorplan.sdc line 94203, 'fifo_in/wdata[27]' is not a valid endpoint.
[WARNING STA-1551] /tmp/workspace/scripts-Private_test-fr_cugr_cmp-2-/results/asap7/mock-cpu/base/2_floorplan.sdc line 94203, 'fifo_in/wdata[26]' is not a valid endpoint.
[WARNING STA-1551] /tmp/workspace/scripts-Private_test-fr_cugr_cmp-2-/results/asap7/mock-cpu/base/2_floorplan.sdc line 94203, 'fifo_in/wdata[25]' is not a valid endpoint.
[WARNING STA-1551] /tmp/workspace/scripts-Private_test-fr_cugr_cmp-2-/results/asap7/mock-cpu/base/2_floorplan.sdc line 94203, 'fifo_in/wdata[24]' is not a valid endpoint.
[WARNING STA-1551] /tmp/workspace/scripts-Private_test-fr_cugr_cmp-2-/results/asap7/mock-cpu/base/2_floorplan.sdc line 94203, 'fifo_in/wdata[23]' is not a valid endpoint.
[WARNING STA-1551] /tmp/workspace/scripts-Private_test-fr_cugr_cmp-2-/results/asap7/mock-cpu/base/2_floorplan.sdc line 94203, 'fifo_in/wdata[22]' is not a valid endpoint.
[WARNING STA-1551] /tmp/workspace/scripts-Private_test-fr_cugr_cmp-2-/results/asap7/mock-cpu/base/2_floorplan.sdc line 94203, 'fifo_in/wdata[21]' is not a valid endpoint.
[WARNING STA-1551] /tmp/workspace/scripts-Private_test-fr_cugr_cmp-2-/results/asap7/mock-cpu/base/2_floorplan.sdc line 94203, 'fifo_in/wdata[20]' is not a valid endpoint.
[WARNING STA-1551] /tmp/workspace/scripts-Private_test-fr_cugr_cmp-2-/results/asap7/mock-cpu/base/2_floorplan.sdc line 94203, 'fifo_in/wdata[19]' is not a valid endpoint.
[WARNING STA-1551] /tmp/workspace/scripts-Private_test-fr_cugr_cmp-2-/results/asap7/mock-cpu/base/2_floorplan.sdc line 94203, 'fifo_in/wdata[18]' is not a valid endpoint.
[WARNING STA-1551] /tmp/workspace/scripts-Private_test-fr_cugr_cmp-2-/results/asap7/mock-cpu/base/2_floorplan.sdc line 94203, 'fifo_in/wdata[17]' is not a valid endpoint.
[WARNING STA-1551] /tmp/workspace/scripts-Private_test-fr_cugr_cmp-2-/results/asap7/mock-cpu/base/2_floorplan.sdc line 94203, 'fifo_in/wdata[16]' is not a valid endpoint.
[WARNING STA-1551] /tmp/workspace/scripts-Private_test-fr_cugr_cmp-2-/results/asap7/mock-cpu/base/2_floorplan.sdc line 94203, 'fifo_in/wdata[15]' is not a valid endpoint.
[WARNING STA-1551] /tmp/workspace/scripts-Private_test-fr_cugr_cmp-2-/results/asap7/mock-cpu/base/2_floorplan.sdc line 94203, 'fifo_in/wdata[14]' is not a valid endpoint.
[WARNING STA-1551] /tmp/workspace/scripts-Private_test-fr_cugr_cmp-2-/results/asap7/mock-cpu/base/2_floorplan.sdc line 94203, 'fifo_in/wdata[13]' is not a valid endpoint.
[WARNING STA-1551] /tmp/workspace/scripts-Private_test-fr_cugr_cmp-2-/results/asap7/mock-cpu/base/2_floorplan.sdc line 94203, 'fifo_in/wdata[12]' is not a valid endpoint.
[WARNING STA-1551] /tmp/workspace/scripts-Private_test-fr_cugr_cmp-2-/results/asap7/mock-cpu/base/2_floorplan.sdc line 94203, 'fifo_in/wdata[11]' is not a valid endpoint.
[WARNING STA-1551] /tmp/workspace/scripts-Private_test-fr_cugr_cmp-2-/results/asap7/mock-cpu/base/2_floorplan.sdc line 94203, 'fifo_in/wdata[10]' is not a valid endpoint.
[WARNING STA-1551] /tmp/workspace/scripts-Private_test-fr_cugr_cmp-2-/results/asap7/mock-cpu/base/2_floorplan.sdc line 94203, 'fifo_in/wdata[9]' is not a valid endpoint.
[WARNING STA-1551] /tmp/workspace/scripts-Private_test-fr_cugr_cmp-2-/results/asap7/mock-cpu/base/2_floorplan.sdc line 94203, 'fifo_in/wdata[8]' is not a valid endpoint.
[WARNING STA-1551] /tmp/workspace/scripts-Private_test-fr_cugr_cmp-2-/results/asap7/mock-cpu/base/2_floorplan.sdc line 94203, 'fifo_in/wdata[7]' is not a valid endpoint.
[WARNING STA-1551] /tmp/workspace/scripts-Private_test-fr_cugr_cmp-2-/results/asap7/mock-cpu/base/2_floorplan.sdc line 94203, 'fifo_in/wdata[6]' is not a valid endpoint.
[WARNING STA-1551] /tmp/workspace/scripts-Private_test-fr_cugr_cmp-2-/results/asap7/mock-cpu/base/2_floorplan.sdc line 94203, 'fifo_in/wdata[5]' is not a valid endpoint.
[WARNING STA-1551] /tmp/workspace/scripts-Private_test-fr_cugr_cmp-2-/results/asap7/mock-cpu/base/2_floorplan.sdc line 94203, 'fifo_in/wdata[4]' is not a valid endpoint.
[WARNING STA-1551] /tmp/workspace/scripts-Private_test-fr_cugr_cmp-2-/results/asap7/mock-cpu/base/2_floorplan.sdc line 94203, 'fifo_in/wdata[3]' is not a valid endpoint.
[WARNING STA-1551] /tmp/workspace/scripts-Private_test-fr_cugr_cmp-2-/results/asap7/mock-cpu/base/2_floorplan.sdc line 94203, 'fifo_in/wdata[2]' is not a valid endpoint.
[WARNING STA-1551] /tmp/workspace/scripts-Private_test-fr_cugr_cmp-2-/results/asap7/mock-cpu/base/2_floorplan.sdc line 94203, 'fifo_in/wdata[1]' is not a valid endpoint.
[WARNING STA-1551] /tmp/workspace/scripts-Private_test-fr_cugr_cmp-2-/results/asap7/mock-cpu/base/2_floorplan.sdc line 94203, 'fifo_in/wdata[0]' is not a valid endpoint.
[WARNING STA-1551] /tmp/workspace/scripts-Private_test-fr_cugr_cmp-2-/results/asap7/mock-cpu/base/2_floorplan.sdc line 94247, 'rrst_n' is not a valid endpoint.
[WARNING STA-1551] /tmp/workspace/scripts-Private_test-fr_cugr_cmp-2-/results/asap7/mock-cpu/base/2_floorplan.sdc line 94247, 'wrst_n' is not a valid endpoint.
source ./platforms/asap7/setRC.tcl
[INFO RSZ-0026] Removed 133 buffers.
Perform port buffering...
[INFO RSZ-0027] Inserted 36 BUFx2_ASAP7_75t_R input buffers.
[INFO RSZ-0028] Inserted 34 BUFx2_ASAP7_75t_R output buffers.
global_placement -density 0.71 -pad_left 0 -pad_right 0 -routability_driven -timing_driven -force_center_initial_place -min_phi_coef 0.95 -max_phi_coef 1.05
[INFO GPL-0001] ---- Initialize GPL Main Data Structures
[INFO GPL-0002] DBU: 1000
[INFO GPL-0003] SiteSize: (  0.054  0.270 ) um
[INFO GPL-0004] CoreBBox: (  2.052  2.160 ) ( 128.790 128.790 ) um
[INFO GPL-0016] Core area:                   16048.833 um^2
[INFO GPL-0036] Movable instances area:       6430.801 um^2
[INFO GPL-0037] Total instances area:         6492.474 um^2
[INFO GPL-0035] Pin density area adjust:      -494.636 um^2
[INFO GPL-0032] ---- Initialize Region: Top-level
[INFO GPL-0006] Number of instances:             40974
[INFO GPL-0007] Movable instances:               38859
[INFO GPL-0008] Fixed instances:                  2115
[INFO GPL-0009] Dummy instances:                     0
[INFO GPL-0010] Number of nets:                  38921
[INFO GPL-0011] Number of pins:                  98565
[INFO GPL-0012] Die BBox:       (  0.000  0.000 ) ( 130.827 130.827 ) um
[INFO GPL-0013] Placement BBox: (  2.052  2.160 ) ( 128.790 128.790 ) um
[INFO GPL-0014] Region name: top-level.
[INFO GPL-0015] Region area:                 16048.833 um^2
[INFO GPL-0017] Fixed instances area:           61.673 um^2
[INFO GPL-0018] Movable instances area:       5936.165 um^2
[INFO GPL-0019] Utilization:                    37.131 %
[INFO GPL-0020] Standard cells area:          5936.165 um^2
[INFO GPL-0021] Large instances area:            0.000 um^2
[INFO GPL-0005] ---- Execute Conjugate Gradient Initial Placement.
[INFO GPL-0051] Source of initial instance position counters:
	Odb location = 0	Core center = 38859	Region center = 0
[InitialPlace]  Iter: 1 conjugate gradient residual: 0.48961866 HPWL: 77709208
[InitialPlace]  Iter: 2 conjugate gradient residual: 0.37630221 HPWL: 55923293
[InitialPlace]  Iter: 3 conjugate gradient residual: 0.20683683 HPWL: 54830765
[InitialPlace]  Iter: 4 conjugate gradient residual: 0.13902880 HPWL: 54640616
[InitialPlace]  Iter: 5 conjugate gradient residual: 0.13279580 HPWL: 54626056
[InitialPlace]  Iter: 6 conjugate gradient residual: 0.11837922 HPWL: 54604334
[InitialPlace]  Iter: 7 conjugate gradient residual: 0.08922170 HPWL: 54592741
[InitialPlace]  Iter: 8 conjugate gradient residual: 0.09249547 HPWL: 54575670
[InitialPlace]  Iter: 9 conjugate gradient residual: 0.06999955 HPWL: 54567067
[InitialPlace]  Iter: 10 conjugate gradient residual: 0.06877695 HPWL: 54552809
[InitialPlace]  Iter: 11 conjugate gradient residual: 0.06121541 HPWL: 54549510
[InitialPlace]  Iter: 12 conjugate gradient residual: 0.05753408 HPWL: 54532476
[InitialPlace]  Iter: 13 conjugate gradient residual: 0.05178385 HPWL: 54533345
[InitialPlace]  Iter: 14 conjugate gradient residual: 0.04901494 HPWL: 54520008
[InitialPlace]  Iter: 15 conjugate gradient residual: 0.04902642 HPWL: 54520398
[InitialPlace]  Iter: 16 conjugate gradient residual: 0.04739335 HPWL: 54507369
[InitialPlace]  Iter: 17 conjugate gradient residual: 0.04009223 HPWL: 54508849
[InitialPlace]  Iter: 18 conjugate gradient residual: 0.03928674 HPWL: 54499688
[InitialPlace]  Iter: 19 conjugate gradient residual: 0.03908801 HPWL: 54502992
[InitialPlace]  Iter: 20 conjugate gradient residual: 0.04270731 HPWL: 54490768
[INFO GPL-0033] ---- Initialize Nesterov Region: Top-level
[INFO GPL-0023] Placement target density:       0.7100
[INFO GPL-0024] Movable insts average area:      0.153 um^2
[INFO GPL-0025] Ideal bin area:                  0.215 um^2
[INFO GPL-0026] Ideal bin count:                 74591
[INFO GPL-0027] Total bin area:              16048.833 um^2
[INFO GPL-0028] Bin count (X, Y):         256 ,    256
[INFO GPL-0029] Bin size (W * H):       0.495 *  0.495 um
[INFO GPL-0030] Number of bins:                  65536
[INFO GPL-0084] ---- Execute Nesterov Global Placement.
[INFO GPL-0031] HPWL: Half-Perimeter Wirelength
Iteration | Overflow |     HPWL (um) |  HPWL(%) |   Penalty | Group
---------------------------------------------------------------
        0 |   0.9705 |  1.916328e+04 |   +0.00% |  3.47e-14 |      
       10 |   0.9708 |  1.874906e+04 |   -2.16% |  5.66e-14 |      
       20 |   0.9708 |  1.875468e+04 |   +0.03% |  9.21e-14 |      
       30 |   0.9709 |  1.877040e+04 |   +0.08% |  1.50e-13 |      
       40 |   0.9709 |  1.878928e+04 |   +0.10% |  2.44e-13 |      
       50 |   0.9710 |  1.880562e+04 |   +0.09% |  3.98e-13 |      
       60 |   0.9710 |  1.881903e+04 |   +0.07% |  6.49e-13 |      
       70 |   0.9711 |  1.882775e+04 |   +0.05% |  1.06e-12 |      
       80 |   0.9711 |  1.883497e+04 |   +0.04% |  1.72e-12 |      
       90 |   0.9711 |  1.884491e+04 |   +0.05% |  2.80e-12 |      
      100 |   0.9711 |  1.886388e+04 |   +0.10% |  4.57e-12 |      
      110 |   0.9708 |  1.889556e+04 |   +0.17% |  7.44e-12 |      
      120 |   0.9699 |  1.895444e+04 |   +0.31% |  1.21e-11 |      
      130 |   0.9680 |  1.907070e+04 |   +0.61% |  1.97e-11 |      
      140 |   0.9640 |  1.930594e+04 |   +1.23% |  3.21e-11 |      
      150 |   0.9564 |  1.981662e+04 |   +2.65% |  5.24e-11 |      
      160 |   0.9429 |  2.072269e+04 |   +4.57% |  8.53e-11 |      
      170 |   0.9208 |  2.220458e+04 |   +7.15% |  1.39e-10 |      
      180 |   0.8875 |  2.440302e+04 |   +9.90% |  2.26e-10 |      
      190 |   0.8387 |  2.709971e+04 |  +11.05% |  3.68e-10 |      
      200 |   0.7749 |  2.975558e+04 |   +9.80% |  6.00e-10 |      
      210 |   0.7029 |  3.175448e+04 |   +6.72% |  9.77e-10 |      
      220 |   0.6320 |  3.298460e+04 |   +3.87% |  1.59e-09 |      
[INFO GPL-0100] Timing-driven iteration 1/2, virtual: false.
[INFO GPL-0101]    Iter: 221, overflow: 0.632, keep resizer changes at: 1, HPWL: 32984598
Iteration |   Area    | Resized | Buffers | Nets repaired | Remaining
---------------------------------------------------------------------
        0 |     +0.0% |       0 |       0 |             0 |     38921
    final |     +0.1% |       6 |      18 |             8 |         0
---------------------------------------------------------------------
[INFO RSZ-0034] Found 8 slew violations.
[INFO RSZ-0036] Found 2 capacitance violations.
[INFO RSZ-0039] Resized 6 instances.
[INFO RSZ-0038] Inserted 18 buffers in 8 nets.
   Iter   |    Area   | Removed | Inserted |   Pins
          |           | Buffers | Buffers  | Remaining
-------------------------------------------------------
        0 |     +0.0% |       0 |        0 |     38700
     3800 |     +0.0% |       6 |       38 |     34900
     7600 |     +0.0% |       6 |       38 |     31100
    11400 |     +0.0% |       6 |       38 |     27300
    15200 |     +0.0% |       6 |       38 |     23500
    19000 |     +0.0% |       6 |       38 |     19700
    22800 |     +0.0% |       6 |       38 |     15900
    26600 |     +0.0% |       6 |       38 |     12100
    30400 |     +0.0% |       6 |       38 |      8300
    34200 |     +0.0% |       6 |       38 |      4500
    38000 |     +0.0% |       6 |       38 |       700
    final |     -0.0% |      18 |       44 |         0
-------------------------------------------------------
[INFO GPL-0106] Timing-driven: worst slack 1.6381466e-11
[INFO GPL-0107] Timing-driven: repair_design delta area: 4.161 um^2 (+0.07%)
[INFO GPL-0108] Timing-driven: repair_design, gpl delta gcells: 44 (+0.11%)
[INFO GPL-0109] Timing-driven: repair_design, gcells created: 62, deleted: 18
[INFO GPL-0110] Timing-driven: new target density: 0.7102603
[INFO GPL-0038] Routability snapshot saved at iter = 228
      227 |   0.5972 |  2.400484e+04 |          |           |      
Iteration | Overflow |     HPWL (um) |  HPWL(%) |   Penalty | Group
---------------------------------------------------------------
      230 |   0.5799 |  2.396824e+04 |  -27.34% |  2.59e-09 |      
      240 |   0.5302 |  2.382745e+04 |   -0.59% |  4.22e-09 |      
      250 |   0.4894 |  2.370958e+04 |   -0.49% |  6.88e-09 |      
      260 |   0.4571 |  2.341269e+04 |   -1.25% |  1.12e-08 |      
      270 |   0.4284 |  2.322842e+04 |   -0.79% |  1.82e-08 |      
      280 |   0.4057 |  2.394261e+04 |   +3.07% |  2.97e-08 |      
      290 |   0.3880 |  2.657704e+04 |  +11.00% |  4.84e-08 |      
      300 |   0.3707 |  2.940813e+04 |  +10.65% |  7.88e-08 |      
      310 |   0.3432 |  3.740461e+04 |  +27.19% |  1.23e-07 |      
      320 |   0.3387 |  2.699724e+04 |  -27.82% |  1.81e-07 |      
[INFO GPL-0040] Routability iteration: 1
[WARNING GRT-0281] Net clk has a large fanout of 18713 terminals.
[INFO GPL-0041] Total routing overflow: 2.9743
[INFO GPL-0042] Number of overflowed tiles: 19 (0.04%)
[INFO GPL-0043] Average top 0.5% routing congestion: 0.7434
[INFO GPL-0044] Average top 1.0% routing congestion: 0.6515
[INFO GPL-0045] Average top 2.0% routing congestion: 0.5843
[INFO GPL-0046] Average top 5.0% routing congestion: 0.5196
[INFO GPL-0047] Routability iteration weighted routing congestion: 0.6975
[INFO GPL-0050] Weighted routing congestion is lower than target routing congestion(1.0100), end routability optimization.
[INFO GPL-0090] Routability finished. Target routing congestion achieved succesfully.
Iteration | Overflow |     HPWL (um) |  HPWL(%) |   Penalty | Group
---------------------------------------------------------------
      330 |   0.3003 |  3.881987e+04 |  +43.79% |  2.67e-07 |      
      340 |   0.3168 |  2.569780e+04 |  -33.80% |  3.93e-07 |      
      350 |   0.2802 |  3.332030e+04 |  +29.66% |  5.79e-07 |      
      360 |   0.2663 |  2.676738e+04 |  -19.67% |  8.53e-07 |      
      370 |   0.2490 |  2.540870e+04 |   -5.08% |  1.26e-06 |      
      380 |   0.2236 |  2.567990e+04 |   +1.07% |  1.85e-06 |      
      390 |   0.2014 |  2.493980e+04 |   -2.88% |  2.72e-06 |      
[INFO GPL-0100] Timing-driven iteration 2/2, virtual: false.
[INFO GPL-0101]    Iter: 395, overflow: 0.194, keep resizer changes at: 1, HPWL: 24549489
Iteration |   Area    | Resized | Buffers | Nets repaired | Remaining
---------------------------------------------------------------------
        0 |     +0.0% |       0 |       0 |             0 |     38965
    final |     +0.0% |       0 |       6 |             3 |         0
---------------------------------------------------------------------
[INFO RSZ-0034] Found 2 slew violations.
[INFO RSZ-0036] Found 2 capacitance violations.
[INFO RSZ-0038] Inserted 6 buffers in 3 nets.
   Iter   |    Area   | Removed | Inserted |   Pins
          |           | Buffers | Buffers  | Remaining
-------------------------------------------------------
        0 |     +0.0% |       0 |        0 |     38700
     3800 |     -0.0% |      42 |       30 |     34900
     7600 |     -0.0% |      42 |       30 |     31100
    11400 |     -0.0% |      42 |       30 |     27300
    15200 |     -0.0% |      42 |       30 |     23500
    19000 |     -0.0% |      42 |       30 |     19700
    22800 |     -0.0% |      42 |       30 |     15900
    26600 |     -0.0% |      42 |       30 |     12100
    30400 |     -0.0% |      42 |       30 |      8300
    34200 |     -0.0% |      42 |       30 |      4500
    38000 |     -0.0% |      42 |       30 |       700
    final |     -0.0% |      50 |       36 |         0
-------------------------------------------------------
[INFO GPL-0106] Timing-driven: worst slack 6.58075e-12
[INFO GPL-0107] Timing-driven: repair_design delta area: -0.583 um^2 (-0.01%)
[INFO GPL-0108] Timing-driven: repair_design, gpl delta gcells: -8 (-0.02%)
[INFO GPL-0109] Timing-driven: repair_design, gcells created: 42, deleted: 50
[INFO GPL-0110] Timing-driven: new target density: 0.71022373
Iteration | Overflow |     HPWL (um) |  HPWL(%) |   Penalty | Group
---------------------------------------------------------------
      400 |   0.1817 |  2.437117e+04 |   -2.28% |  4.01e-06 |      
      410 |   0.1623 |  2.407437e+04 |   -1.22% |  5.91e-06 |      
      420 |   0.1409 |  2.384163e+04 |   -0.97% |  8.71e-06 |      
      430 |   0.1180 |  2.370827e+04 |   -0.56% |  1.28e-05 |      
      438 |   0.0985 |  2.364858e+04 |          |  1.82e-05 |      
---------------------------------------------------------------
[INFO GPL-1001] Global placement finished at iteration 438
[INFO GPL-1017] Routability mode iteration count: 118
[INFO GPL-1005] Routability final weighted congestion: 0.5122
[INFO GPL-1002] Placed Cell Area             5939.7433
[INFO GPL-1003] Available Free Area         15987.1595
[INFO GPL-1004] Minimum Feasible Density        0.3800 (cell_area / free_area)
[INFO GPL-1006]   Suggested Target Densities:
[INFO GPL-1007]     - For 90% usage of free space: 0.4128
[INFO GPL-1008]     - For 80% usage of free space: 0.4644
[INFO GPL-1009]     - For 50% usage of free space: 0.7431
[INFO GPL-1011] Original area (um^2): 5936.17
[INFO GPL-1012] Total routability artificial inflation: 0.00 (+0.00%)
[INFO GPL-1013] Total timing-driven delta area: 3.58 (+0.06%)
[INFO GPL-1014] Final placement area: 5939.74 (+0.06%)
Took 26 seconds: global_placement -density 0.71 -pad_left 0 -pad_right 0 -routability_driven -timing_driven -force_center_initial_place -min_phi_coef 0.95 -max_phi_coef 1.05
estimate_parasitics -placement
Report metrics stage 3, global place...

==========================================================================
global place report_design_area
--------------------------------------------------------------------------
Design area 6496 um^2 40% utilization.
write_db /tmp/workspace/scripts-Private_test-fr_cugr_cmp-2-/results/asap7/mock-cpu/base/3_3_place_gp.odb
Elapsed time: 0:32.77[h:]min:sec. CPU time: user 273.92 sys 23.58 (907%). Peak memory: 726796KB.
Log                       Ext     Elapsed/s Peak Memory/MB sha1sum result [0:20)
3_3_place_gp              .odb           32            709 f340da656bc89ce45a33
/OpenROAD-flow-scripts/flow/scripts/flow.sh 3_4_place_resized resize
Running resize.tcl, stage 3_4_place_resized
source ./platforms/asap7/liberty_suppressions.tcl
read_liberty ./platforms/asap7/lib/NLDM/asap7sc7p5t_AO_RVT_FF_nldm_211120.lib.gz
read_liberty ./platforms/asap7/lib/NLDM/asap7sc7p5t_INVBUF_RVT_FF_nldm_220122.lib.gz
read_liberty ./platforms/asap7/lib/NLDM/asap7sc7p5t_OA_RVT_FF_nldm_211120.lib.gz
read_liberty ./platforms/asap7/lib/NLDM/asap7sc7p5t_SIMPLE_RVT_FF_nldm_211120.lib.gz
read_liberty ./platforms/asap7/lib/NLDM/asap7sc7p5t_SEQ_RVT_FF_nldm_220123.lib
read_db -hier /tmp/workspace/scripts-Private_test-fr_cugr_cmp-2-/results/asap7/mock-cpu/base/3_3_place_gp.odb
[WARNING ORD-0012] Hierarchical flow (-hier) is currently in development and may cause multiple issues. Do not use in production environments.
read_sdc /tmp/workspace/scripts-Private_test-fr_cugr_cmp-2-/results/asap7/mock-cpu/base/2_floorplan.sdc
[WARNING STA-1551] /tmp/workspace/scripts-Private_test-fr_cugr_cmp-2-/results/asap7/mock-cpu/base/2_floorplan.sdc line 56522, 'fifo_in/wdata[31]' is not a valid endpoint.
[WARNING STA-1551] /tmp/workspace/scripts-Private_test-fr_cugr_cmp-2-/results/asap7/mock-cpu/base/2_floorplan.sdc line 56522, 'fifo_in/wdata[30]' is not a valid endpoint.
[WARNING STA-1551] /tmp/workspace/scripts-Private_test-fr_cugr_cmp-2-/results/asap7/mock-cpu/base/2_floorplan.sdc line 56522, 'fifo_in/wdata[29]' is not a valid endpoint.
[WARNING STA-1551] /tmp/workspace/scripts-Private_test-fr_cugr_cmp-2-/results/asap7/mock-cpu/base/2_floorplan.sdc line 56522, 'fifo_in/wdata[28]' is not a valid endpoint.
[WARNING STA-1551] /tmp/workspace/scripts-Private_test-fr_cugr_cmp-2-/results/asap7/mock-cpu/base/2_floorplan.sdc line 56522, 'fifo_in/wdata[27]' is not a valid endpoint.
[WARNING STA-1551] /tmp/workspace/scripts-Private_test-fr_cugr_cmp-2-/results/asap7/mock-cpu/base/2_floorplan.sdc line 56522, 'fifo_in/wdata[26]' is not a valid endpoint.
[WARNING STA-1551] /tmp/workspace/scripts-Private_test-fr_cugr_cmp-2-/results/asap7/mock-cpu/base/2_floorplan.sdc line 56522, 'fifo_in/wdata[25]' is not a valid endpoint.
[WARNING STA-1551] /tmp/workspace/scripts-Private_test-fr_cugr_cmp-2-/results/asap7/mock-cpu/base/2_floorplan.sdc line 56522, 'fifo_in/wdata[24]' is not a valid endpoint.
[WARNING STA-1551] /tmp/workspace/scripts-Private_test-fr_cugr_cmp-2-/results/asap7/mock-cpu/base/2_floorplan.sdc line 56522, 'fifo_in/wdata[23]' is not a valid endpoint.
[WARNING STA-1551] /tmp/workspace/scripts-Private_test-fr_cugr_cmp-2-/results/asap7/mock-cpu/base/2_floorplan.sdc line 56522, 'fifo_in/wdata[22]' is not a valid endpoint.
[WARNING STA-1551] /tmp/workspace/scripts-Private_test-fr_cugr_cmp-2-/results/asap7/mock-cpu/base/2_floorplan.sdc line 56522, 'fifo_in/wdata[21]' is not a valid endpoint.
[WARNING STA-1551] /tmp/workspace/scripts-Private_test-fr_cugr_cmp-2-/results/asap7/mock-cpu/base/2_floorplan.sdc line 56522, 'fifo_in/wdata[20]' is not a valid endpoint.
[WARNING STA-1551] /tmp/workspace/scripts-Private_test-fr_cugr_cmp-2-/results/asap7/mock-cpu/base/2_floorplan.sdc line 56522, 'fifo_in/wdata[19]' is not a valid endpoint.
[WARNING STA-1551] /tmp/workspace/scripts-Private_test-fr_cugr_cmp-2-/results/asap7/mock-cpu/base/2_floorplan.sdc line 56522, 'fifo_in/wdata[18]' is not a valid endpoint.
[WARNING STA-1551] /tmp/workspace/scripts-Private_test-fr_cugr_cmp-2-/results/asap7/mock-cpu/base/2_floorplan.sdc line 56522, 'fifo_in/wdata[17]' is not a valid endpoint.
[WARNING STA-1551] /tmp/workspace/scripts-Private_test-fr_cugr_cmp-2-/results/asap7/mock-cpu/base/2_floorplan.sdc line 56522, 'fifo_in/wdata[16]' is not a valid endpoint.
[WARNING STA-1551] /tmp/workspace/scripts-Private_test-fr_cugr_cmp-2-/results/asap7/mock-cpu/base/2_floorplan.sdc line 56522, 'fifo_in/wdata[15]' is not a valid endpoint.
[WARNING STA-1551] /tmp/workspace/scripts-Private_test-fr_cugr_cmp-2-/results/asap7/mock-cpu/base/2_floorplan.sdc line 56522, 'fifo_in/wdata[14]' is not a valid endpoint.
[WARNING STA-1551] /tmp/workspace/scripts-Private_test-fr_cugr_cmp-2-/results/asap7/mock-cpu/base/2_floorplan.sdc line 56522, 'fifo_in/wdata[13]' is not a valid endpoint.
[WARNING STA-1551] /tmp/workspace/scripts-Private_test-fr_cugr_cmp-2-/results/asap7/mock-cpu/base/2_floorplan.sdc line 56522, 'fifo_in/wdata[12]' is not a valid endpoint.
[WARNING STA-1551] /tmp/workspace/scripts-Private_test-fr_cugr_cmp-2-/results/asap7/mock-cpu/base/2_floorplan.sdc line 56522, 'fifo_in/wdata[11]' is not a valid endpoint.
[WARNING STA-1551] /tmp/workspace/scripts-Private_test-fr_cugr_cmp-2-/results/asap7/mock-cpu/base/2_floorplan.sdc line 56522, 'fifo_in/wdata[10]' is not a valid endpoint.
[WARNING STA-1551] /tmp/workspace/scripts-Private_test-fr_cugr_cmp-2-/results/asap7/mock-cpu/base/2_floorplan.sdc line 56522, 'fifo_in/wdata[9]' is not a valid endpoint.
[WARNING STA-1551] /tmp/workspace/scripts-Private_test-fr_cugr_cmp-2-/results/asap7/mock-cpu/base/2_floorplan.sdc line 56522, 'fifo_in/wdata[8]' is not a valid endpoint.
[WARNING STA-1551] /tmp/workspace/scripts-Private_test-fr_cugr_cmp-2-/results/asap7/mock-cpu/base/2_floorplan.sdc line 56522, 'fifo_in/wdata[7]' is not a valid endpoint.
[WARNING STA-1551] /tmp/workspace/scripts-Private_test-fr_cugr_cmp-2-/results/asap7/mock-cpu/base/2_floorplan.sdc line 56522, 'fifo_in/wdata[6]' is not a valid endpoint.
[WARNING STA-1551] /tmp/workspace/scripts-Private_test-fr_cugr_cmp-2-/results/asap7/mock-cpu/base/2_floorplan.sdc line 56522, 'fifo_in/wdata[5]' is not a valid endpoint.
[WARNING STA-1551] /tmp/workspace/scripts-Private_test-fr_cugr_cmp-2-/results/asap7/mock-cpu/base/2_floorplan.sdc line 56522, 'fifo_in/wdata[4]' is not a valid endpoint.
[WARNING STA-1551] /tmp/workspace/scripts-Private_test-fr_cugr_cmp-2-/results/asap7/mock-cpu/base/2_floorplan.sdc line 56522, 'fifo_in/wdata[3]' is not a valid endpoint.
[WARNING STA-1551] /tmp/workspace/scripts-Private_test-fr_cugr_cmp-2-/results/asap7/mock-cpu/base/2_floorplan.sdc line 56522, 'fifo_in/wdata[2]' is not a valid endpoint.
[WARNING STA-1551] /tmp/workspace/scripts-Private_test-fr_cugr_cmp-2-/results/asap7/mock-cpu/base/2_floorplan.sdc line 56522, 'fifo_in/wdata[1]' is not a valid endpoint.
[WARNING STA-1551] /tmp/workspace/scripts-Private_test-fr_cugr_cmp-2-/results/asap7/mock-cpu/base/2_floorplan.sdc line 56522, 'fifo_in/wdata[0]' is not a valid endpoint.
[WARNING STA-1551] /tmp/workspace/scripts-Private_test-fr_cugr_cmp-2-/results/asap7/mock-cpu/base/2_floorplan.sdc line 56522, 'fifo_in/winc' is not a valid endpoint.
[WARNING STA-1551] /tmp/workspace/scripts-Private_test-fr_cugr_cmp-2-/results/asap7/mock-cpu/base/2_floorplan.sdc line 56522, 'fifo_out/rinc' is not a valid endpoint.
[WARNING STA-1551] /tmp/workspace/scripts-Private_test-fr_cugr_cmp-2-/results/asap7/mock-cpu/base/2_floorplan.sdc line 94135, 'fifo_out/rinc' is not a valid endpoint.
[WARNING STA-1551] /tmp/workspace/scripts-Private_test-fr_cugr_cmp-2-/results/asap7/mock-cpu/base/2_floorplan.sdc line 94138, 'fifo_in/winc' is not a valid endpoint.
[WARNING STA-1551] /tmp/workspace/scripts-Private_test-fr_cugr_cmp-2-/results/asap7/mock-cpu/base/2_floorplan.sdc line 94203, 'fifo_in/wdata[31]' is not a valid endpoint.
[WARNING STA-1551] /tmp/workspace/scripts-Private_test-fr_cugr_cmp-2-/results/asap7/mock-cpu/base/2_floorplan.sdc line 94203, 'fifo_in/wdata[30]' is not a valid endpoint.
[WARNING STA-1551] /tmp/workspace/scripts-Private_test-fr_cugr_cmp-2-/results/asap7/mock-cpu/base/2_floorplan.sdc line 94203, 'fifo_in/wdata[29]' is not a valid endpoint.
[WARNING STA-1551] /tmp/workspace/scripts-Private_test-fr_cugr_cmp-2-/results/asap7/mock-cpu/base/2_floorplan.sdc line 94203, 'fifo_in/wdata[28]' is not a valid endpoint.
[WARNING STA-1551] /tmp/workspace/scripts-Private_test-fr_cugr_cmp-2-/results/asap7/mock-cpu/base/2_floorplan.sdc line 94203, 'fifo_in/wdata[27]' is not a valid endpoint.
[WARNING STA-1551] /tmp/workspace/scripts-Private_test-fr_cugr_cmp-2-/results/asap7/mock-cpu/base/2_floorplan.sdc line 94203, 'fifo_in/wdata[26]' is not a valid endpoint.
[WARNING STA-1551] /tmp/workspace/scripts-Private_test-fr_cugr_cmp-2-/results/asap7/mock-cpu/base/2_floorplan.sdc line 94203, 'fifo_in/wdata[25]' is not a valid endpoint.
[WARNING STA-1551] /tmp/workspace/scripts-Private_test-fr_cugr_cmp-2-/results/asap7/mock-cpu/base/2_floorplan.sdc line 94203, 'fifo_in/wdata[24]' is not a valid endpoint.
[WARNING STA-1551] /tmp/workspace/scripts-Private_test-fr_cugr_cmp-2-/results/asap7/mock-cpu/base/2_floorplan.sdc line 94203, 'fifo_in/wdata[23]' is not a valid endpoint.
[WARNING STA-1551] /tmp/workspace/scripts-Private_test-fr_cugr_cmp-2-/results/asap7/mock-cpu/base/2_floorplan.sdc line 94203, 'fifo_in/wdata[22]' is not a valid endpoint.
[WARNING STA-1551] /tmp/workspace/scripts-Private_test-fr_cugr_cmp-2-/results/asap7/mock-cpu/base/2_floorplan.sdc line 94203, 'fifo_in/wdata[21]' is not a valid endpoint.
[WARNING STA-1551] /tmp/workspace/scripts-Private_test-fr_cugr_cmp-2-/results/asap7/mock-cpu/base/2_floorplan.sdc line 94203, 'fifo_in/wdata[20]' is not a valid endpoint.
[WARNING STA-1551] /tmp/workspace/scripts-Private_test-fr_cugr_cmp-2-/results/asap7/mock-cpu/base/2_floorplan.sdc line 94203, 'fifo_in/wdata[19]' is not a valid endpoint.
[WARNING STA-1551] /tmp/workspace/scripts-Private_test-fr_cugr_cmp-2-/results/asap7/mock-cpu/base/2_floorplan.sdc line 94203, 'fifo_in/wdata[18]' is not a valid endpoint.
[WARNING STA-1551] /tmp/workspace/scripts-Private_test-fr_cugr_cmp-2-/results/asap7/mock-cpu/base/2_floorplan.sdc line 94203, 'fifo_in/wdata[17]' is not a valid endpoint.
[WARNING STA-1551] /tmp/workspace/scripts-Private_test-fr_cugr_cmp-2-/results/asap7/mock-cpu/base/2_floorplan.sdc line 94203, 'fifo_in/wdata[16]' is not a valid endpoint.
[WARNING STA-1551] /tmp/workspace/scripts-Private_test-fr_cugr_cmp-2-/results/asap7/mock-cpu/base/2_floorplan.sdc line 94203, 'fifo_in/wdata[15]' is not a valid endpoint.
[WARNING STA-1551] /tmp/workspace/scripts-Private_test-fr_cugr_cmp-2-/results/asap7/mock-cpu/base/2_floorplan.sdc line 94203, 'fifo_in/wdata[14]' is not a valid endpoint.
[WARNING STA-1551] /tmp/workspace/scripts-Private_test-fr_cugr_cmp-2-/results/asap7/mock-cpu/base/2_floorplan.sdc line 94203, 'fifo_in/wdata[13]' is not a valid endpoint.
[WARNING STA-1551] /tmp/workspace/scripts-Private_test-fr_cugr_cmp-2-/results/asap7/mock-cpu/base/2_floorplan.sdc line 94203, 'fifo_in/wdata[12]' is not a valid endpoint.
[WARNING STA-1551] /tmp/workspace/scripts-Private_test-fr_cugr_cmp-2-/results/asap7/mock-cpu/base/2_floorplan.sdc line 94203, 'fifo_in/wdata[11]' is not a valid endpoint.
[WARNING STA-1551] /tmp/workspace/scripts-Private_test-fr_cugr_cmp-2-/results/asap7/mock-cpu/base/2_floorplan.sdc line 94203, 'fifo_in/wdata[10]' is not a valid endpoint.
[WARNING STA-1551] /tmp/workspace/scripts-Private_test-fr_cugr_cmp-2-/results/asap7/mock-cpu/base/2_floorplan.sdc line 94203, 'fifo_in/wdata[9]' is not a valid endpoint.
[WARNING STA-1551] /tmp/workspace/scripts-Private_test-fr_cugr_cmp-2-/results/asap7/mock-cpu/base/2_floorplan.sdc line 94203, 'fifo_in/wdata[8]' is not a valid endpoint.
[WARNING STA-1551] /tmp/workspace/scripts-Private_test-fr_cugr_cmp-2-/results/asap7/mock-cpu/base/2_floorplan.sdc line 94203, 'fifo_in/wdata[7]' is not a valid endpoint.
[WARNING STA-1551] /tmp/workspace/scripts-Private_test-fr_cugr_cmp-2-/results/asap7/mock-cpu/base/2_floorplan.sdc line 94203, 'fifo_in/wdata[6]' is not a valid endpoint.
[WARNING STA-1551] /tmp/workspace/scripts-Private_test-fr_cugr_cmp-2-/results/asap7/mock-cpu/base/2_floorplan.sdc line 94203, 'fifo_in/wdata[5]' is not a valid endpoint.
[WARNING STA-1551] /tmp/workspace/scripts-Private_test-fr_cugr_cmp-2-/results/asap7/mock-cpu/base/2_floorplan.sdc line 94203, 'fifo_in/wdata[4]' is not a valid endpoint.
[WARNING STA-1551] /tmp/workspace/scripts-Private_test-fr_cugr_cmp-2-/results/asap7/mock-cpu/base/2_floorplan.sdc line 94203, 'fifo_in/wdata[3]' is not a valid endpoint.
[WARNING STA-1551] /tmp/workspace/scripts-Private_test-fr_cugr_cmp-2-/results/asap7/mock-cpu/base/2_floorplan.sdc line 94203, 'fifo_in/wdata[2]' is not a valid endpoint.
[WARNING STA-1551] /tmp/workspace/scripts-Private_test-fr_cugr_cmp-2-/results/asap7/mock-cpu/base/2_floorplan.sdc line 94203, 'fifo_in/wdata[1]' is not a valid endpoint.
[WARNING STA-1551] /tmp/workspace/scripts-Private_test-fr_cugr_cmp-2-/results/asap7/mock-cpu/base/2_floorplan.sdc line 94203, 'fifo_in/wdata[0]' is not a valid endpoint.
[WARNING STA-1551] /tmp/workspace/scripts-Private_test-fr_cugr_cmp-2-/results/asap7/mock-cpu/base/2_floorplan.sdc line 94247, 'rrst_n' is not a valid endpoint.
[WARNING STA-1551] /tmp/workspace/scripts-Private_test-fr_cugr_cmp-2-/results/asap7/mock-cpu/base/2_floorplan.sdc line 94247, 'wrst_n' is not a valid endpoint.
source ./platforms/asap7/setRC.tcl
estimate_parasitics -placement
Perform buffer insertion and gate resizing...
repair_design -verbose
Iteration |   Area    | Resized | Buffers | Nets repaired | Remaining
---------------------------------------------------------------------
        0 |     +0.0% |       0 |       0 |             0 |     38957
     1000 |     +0.0% |       0 |       0 |             0 |     37957
     2000 |     +0.0% |       0 |       0 |             0 |     36957
     3000 |     +0.0% |       0 |       0 |             0 |     35957
     4000 |     +0.0% |       0 |       0 |             0 |     34957
     5000 |     +0.0% |       0 |       0 |             0 |     33957
     6000 |     +0.0% |       0 |       0 |             0 |     32957
     7000 |     +0.0% |       0 |       0 |             0 |     31957
     8000 |     +0.0% |       0 |       0 |             0 |     30957
     9000 |     +0.0% |       0 |       0 |             0 |     29957
    10000 |     +0.0% |       0 |       0 |             0 |     28957
    11000 |     +0.0% |       0 |       0 |             0 |     27957
    12000 |     +0.0% |       0 |       0 |             0 |     26957
    13000 |     +0.0% |       0 |       0 |             0 |     25957
    14000 |     +0.0% |       0 |       0 |             0 |     24957
    15000 |     +0.0% |       0 |       0 |             0 |     23957
    16000 |     +0.0% |       0 |       0 |             0 |     22957
    17000 |     +0.0% |       0 |       0 |             0 |     21957
    18000 |     +0.0% |       0 |       0 |             0 |     20957
    19000 |     +0.0% |       0 |       0 |             0 |     19957
    20000 |     +0.0% |       0 |       0 |             0 |     18957
    21000 |     +0.0% |       0 |       0 |             0 |     17957
    22000 |     +0.0% |       0 |       0 |             0 |     16957
    23000 |     +0.0% |       0 |       0 |             0 |     15957
    24000 |     +0.0% |       0 |       0 |             0 |     14957
    25000 |     +0.0% |       0 |       0 |             0 |     13957
    26000 |     +0.0% |       0 |       0 |             0 |     12957
    27000 |     +0.0% |       0 |       0 |             0 |     11957
    28000 |     +0.0% |       0 |       0 |             0 |     10957
    29000 |     +0.0% |       0 |       0 |             0 |      9957
    30000 |     +0.0% |       0 |       0 |             0 |      8957
    31000 |     +0.0% |       0 |       0 |             0 |      7957
    32000 |     +0.0% |       0 |       0 |             0 |      6957
    33000 |     +0.0% |       0 |       0 |             0 |      5957
    34000 |     +0.0% |       0 |       0 |             0 |      4957
    35000 |     +0.0% |       0 |       0 |             0 |      3957
    36000 |     +0.0% |       0 |       0 |             0 |      2957
    37000 |     +0.0% |       0 |       0 |             0 |      1957
    38000 |     +0.0% |       0 |       0 |             0 |       957
    final |     +0.0% |       0 |       0 |             0 |         0
---------------------------------------------------------------------
[INFO RSZ-0504] Runtime: 1.57s
Floating nets: 
Report metrics stage 3, resizer...

==========================================================================
resizer report_design_area
--------------------------------------------------------------------------
Design area 6496 um^2 40% utilization.
Instance count before 41010, after 41010
Pin count before 98565, after 98565
write_db /tmp/workspace/scripts-Private_test-fr_cugr_cmp-2-/results/asap7/mock-cpu/base/3_4_place_resized.odb
Elapsed time: 0:12.17[h:]min:sec. CPU time: user 19.87 sys 22.58 (348%). Peak memory: 382888KB.
Log                       Ext     Elapsed/s Peak Memory/MB sha1sum result [0:20)
3_4_place_resized         .odb           12            373 f340da656bc89ce45a33
/OpenROAD-flow-scripts/flow/scripts/flow.sh 3_5_place_dp detail_place
Running detail_place.tcl, stage 3_5_place_dp
source ./platforms/asap7/liberty_suppressions.tcl
read_liberty ./platforms/asap7/lib/NLDM/asap7sc7p5t_AO_RVT_FF_nldm_211120.lib.gz
read_liberty ./platforms/asap7/lib/NLDM/asap7sc7p5t_INVBUF_RVT_FF_nldm_220122.lib.gz
read_liberty ./platforms/asap7/lib/NLDM/asap7sc7p5t_OA_RVT_FF_nldm_211120.lib.gz
read_liberty ./platforms/asap7/lib/NLDM/asap7sc7p5t_SIMPLE_RVT_FF_nldm_211120.lib.gz
read_liberty ./platforms/asap7/lib/NLDM/asap7sc7p5t_SEQ_RVT_FF_nldm_220123.lib
read_db -hier /tmp/workspace/scripts-Private_test-fr_cugr_cmp-2-/results/asap7/mock-cpu/base/3_4_place_resized.odb
[WARNING ORD-0012] Hierarchical flow (-hier) is currently in development and may cause multiple issues. Do not use in production environments.
read_sdc /tmp/workspace/scripts-Private_test-fr_cugr_cmp-2-/results/asap7/mock-cpu/base/2_floorplan.sdc
[WARNING STA-1551] /tmp/workspace/scripts-Private_test-fr_cugr_cmp-2-/results/asap7/mock-cpu/base/2_floorplan.sdc line 56522, 'fifo_in/wdata[31]' is not a valid endpoint.
[WARNING STA-1551] /tmp/workspace/scripts-Private_test-fr_cugr_cmp-2-/results/asap7/mock-cpu/base/2_floorplan.sdc line 56522, 'fifo_in/wdata[30]' is not a valid endpoint.
[WARNING STA-1551] /tmp/workspace/scripts-Private_test-fr_cugr_cmp-2-/results/asap7/mock-cpu/base/2_floorplan.sdc line 56522, 'fifo_in/wdata[29]' is not a valid endpoint.
[WARNING STA-1551] /tmp/workspace/scripts-Private_test-fr_cugr_cmp-2-/results/asap7/mock-cpu/base/2_floorplan.sdc line 56522, 'fifo_in/wdata[28]' is not a valid endpoint.
[WARNING STA-1551] /tmp/workspace/scripts-Private_test-fr_cugr_cmp-2-/results/asap7/mock-cpu/base/2_floorplan.sdc line 56522, 'fifo_in/wdata[27]' is not a valid endpoint.
[WARNING STA-1551] /tmp/workspace/scripts-Private_test-fr_cugr_cmp-2-/results/asap7/mock-cpu/base/2_floorplan.sdc line 56522, 'fifo_in/wdata[26]' is not a valid endpoint.
[WARNING STA-1551] /tmp/workspace/scripts-Private_test-fr_cugr_cmp-2-/results/asap7/mock-cpu/base/2_floorplan.sdc line 56522, 'fifo_in/wdata[25]' is not a valid endpoint.
[WARNING STA-1551] /tmp/workspace/scripts-Private_test-fr_cugr_cmp-2-/results/asap7/mock-cpu/base/2_floorplan.sdc line 56522, 'fifo_in/wdata[24]' is not a valid endpoint.
[WARNING STA-1551] /tmp/workspace/scripts-Private_test-fr_cugr_cmp-2-/results/asap7/mock-cpu/base/2_floorplan.sdc line 56522, 'fifo_in/wdata[23]' is not a valid endpoint.
[WARNING STA-1551] /tmp/workspace/scripts-Private_test-fr_cugr_cmp-2-/results/asap7/mock-cpu/base/2_floorplan.sdc line 56522, 'fifo_in/wdata[22]' is not a valid endpoint.
[WARNING STA-1551] /tmp/workspace/scripts-Private_test-fr_cugr_cmp-2-/results/asap7/mock-cpu/base/2_floorplan.sdc line 56522, 'fifo_in/wdata[21]' is not a valid endpoint.
[WARNING STA-1551] /tmp/workspace/scripts-Private_test-fr_cugr_cmp-2-/results/asap7/mock-cpu/base/2_floorplan.sdc line 56522, 'fifo_in/wdata[20]' is not a valid endpoint.
[WARNING STA-1551] /tmp/workspace/scripts-Private_test-fr_cugr_cmp-2-/results/asap7/mock-cpu/base/2_floorplan.sdc line 56522, 'fifo_in/wdata[19]' is not a valid endpoint.
[WARNING STA-1551] /tmp/workspace/scripts-Private_test-fr_cugr_cmp-2-/results/asap7/mock-cpu/base/2_floorplan.sdc line 56522, 'fifo_in/wdata[18]' is not a valid endpoint.
[WARNING STA-1551] /tmp/workspace/scripts-Private_test-fr_cugr_cmp-2-/results/asap7/mock-cpu/base/2_floorplan.sdc line 56522, 'fifo_in/wdata[17]' is not a valid endpoint.
[WARNING STA-1551] /tmp/workspace/scripts-Private_test-fr_cugr_cmp-2-/results/asap7/mock-cpu/base/2_floorplan.sdc line 56522, 'fifo_in/wdata[16]' is not a valid endpoint.
[WARNING STA-1551] /tmp/workspace/scripts-Private_test-fr_cugr_cmp-2-/results/asap7/mock-cpu/base/2_floorplan.sdc line 56522, 'fifo_in/wdata[15]' is not a valid endpoint.
[WARNING STA-1551] /tmp/workspace/scripts-Private_test-fr_cugr_cmp-2-/results/asap7/mock-cpu/base/2_floorplan.sdc line 56522, 'fifo_in/wdata[14]' is not a valid endpoint.
[WARNING STA-1551] /tmp/workspace/scripts-Private_test-fr_cugr_cmp-2-/results/asap7/mock-cpu/base/2_floorplan.sdc line 56522, 'fifo_in/wdata[13]' is not a valid endpoint.
[WARNING STA-1551] /tmp/workspace/scripts-Private_test-fr_cugr_cmp-2-/results/asap7/mock-cpu/base/2_floorplan.sdc line 56522, 'fifo_in/wdata[12]' is not a valid endpoint.
[WARNING STA-1551] /tmp/workspace/scripts-Private_test-fr_cugr_cmp-2-/results/asap7/mock-cpu/base/2_floorplan.sdc line 56522, 'fifo_in/wdata[11]' is not a valid endpoint.
[WARNING STA-1551] /tmp/workspace/scripts-Private_test-fr_cugr_cmp-2-/results/asap7/mock-cpu/base/2_floorplan.sdc line 56522, 'fifo_in/wdata[10]' is not a valid endpoint.
[WARNING STA-1551] /tmp/workspace/scripts-Private_test-fr_cugr_cmp-2-/results/asap7/mock-cpu/base/2_floorplan.sdc line 56522, 'fifo_in/wdata[9]' is not a valid endpoint.
[WARNING STA-1551] /tmp/workspace/scripts-Private_test-fr_cugr_cmp-2-/results/asap7/mock-cpu/base/2_floorplan.sdc line 56522, 'fifo_in/wdata[8]' is not a valid endpoint.
[WARNING STA-1551] /tmp/workspace/scripts-Private_test-fr_cugr_cmp-2-/results/asap7/mock-cpu/base/2_floorplan.sdc line 56522, 'fifo_in/wdata[7]' is not a valid endpoint.
[WARNING STA-1551] /tmp/workspace/scripts-Private_test-fr_cugr_cmp-2-/results/asap7/mock-cpu/base/2_floorplan.sdc line 56522, 'fifo_in/wdata[6]' is not a valid endpoint.
[WARNING STA-1551] /tmp/workspace/scripts-Private_test-fr_cugr_cmp-2-/results/asap7/mock-cpu/base/2_floorplan.sdc line 56522, 'fifo_in/wdata[5]' is not a valid endpoint.
[WARNING STA-1551] /tmp/workspace/scripts-Private_test-fr_cugr_cmp-2-/results/asap7/mock-cpu/base/2_floorplan.sdc line 56522, 'fifo_in/wdata[4]' is not a valid endpoint.
[WARNING STA-1551] /tmp/workspace/scripts-Private_test-fr_cugr_cmp-2-/results/asap7/mock-cpu/base/2_floorplan.sdc line 56522, 'fifo_in/wdata[3]' is not a valid endpoint.
[WARNING STA-1551] /tmp/workspace/scripts-Private_test-fr_cugr_cmp-2-/results/asap7/mock-cpu/base/2_floorplan.sdc line 56522, 'fifo_in/wdata[2]' is not a valid endpoint.
[WARNING STA-1551] /tmp/workspace/scripts-Private_test-fr_cugr_cmp-2-/results/asap7/mock-cpu/base/2_floorplan.sdc line 56522, 'fifo_in/wdata[1]' is not a valid endpoint.
[WARNING STA-1551] /tmp/workspace/scripts-Private_test-fr_cugr_cmp-2-/results/asap7/mock-cpu/base/2_floorplan.sdc line 56522, 'fifo_in/wdata[0]' is not a valid endpoint.
[WARNING STA-1551] /tmp/workspace/scripts-Private_test-fr_cugr_cmp-2-/results/asap7/mock-cpu/base/2_floorplan.sdc line 56522, 'fifo_in/winc' is not a valid endpoint.
[WARNING STA-1551] /tmp/workspace/scripts-Private_test-fr_cugr_cmp-2-/results/asap7/mock-cpu/base/2_floorplan.sdc line 56522, 'fifo_out/rinc' is not a valid endpoint.
[WARNING STA-1551] /tmp/workspace/scripts-Private_test-fr_cugr_cmp-2-/results/asap7/mock-cpu/base/2_floorplan.sdc line 94135, 'fifo_out/rinc' is not a valid endpoint.
[WARNING STA-1551] /tmp/workspace/scripts-Private_test-fr_cugr_cmp-2-/results/asap7/mock-cpu/base/2_floorplan.sdc line 94138, 'fifo_in/winc' is not a valid endpoint.
[WARNING STA-1551] /tmp/workspace/scripts-Private_test-fr_cugr_cmp-2-/results/asap7/mock-cpu/base/2_floorplan.sdc line 94203, 'fifo_in/wdata[31]' is not a valid endpoint.
[WARNING STA-1551] /tmp/workspace/scripts-Private_test-fr_cugr_cmp-2-/results/asap7/mock-cpu/base/2_floorplan.sdc line 94203, 'fifo_in/wdata[30]' is not a valid endpoint.
[WARNING STA-1551] /tmp/workspace/scripts-Private_test-fr_cugr_cmp-2-/results/asap7/mock-cpu/base/2_floorplan.sdc line 94203, 'fifo_in/wdata[29]' is not a valid endpoint.
[WARNING STA-1551] /tmp/workspace/scripts-Private_test-fr_cugr_cmp-2-/results/asap7/mock-cpu/base/2_floorplan.sdc line 94203, 'fifo_in/wdata[28]' is not a valid endpoint.
[WARNING STA-1551] /tmp/workspace/scripts-Private_test-fr_cugr_cmp-2-/results/asap7/mock-cpu/base/2_floorplan.sdc line 94203, 'fifo_in/wdata[27]' is not a valid endpoint.
[WARNING STA-1551] /tmp/workspace/scripts-Private_test-fr_cugr_cmp-2-/results/asap7/mock-cpu/base/2_floorplan.sdc line 94203, 'fifo_in/wdata[26]' is not a valid endpoint.
[WARNING STA-1551] /tmp/workspace/scripts-Private_test-fr_cugr_cmp-2-/results/asap7/mock-cpu/base/2_floorplan.sdc line 94203, 'fifo_in/wdata[25]' is not a valid endpoint.
[WARNING STA-1551] /tmp/workspace/scripts-Private_test-fr_cugr_cmp-2-/results/asap7/mock-cpu/base/2_floorplan.sdc line 94203, 'fifo_in/wdata[24]' is not a valid endpoint.
[WARNING STA-1551] /tmp/workspace/scripts-Private_test-fr_cugr_cmp-2-/results/asap7/mock-cpu/base/2_floorplan.sdc line 94203, 'fifo_in/wdata[23]' is not a valid endpoint.
[WARNING STA-1551] /tmp/workspace/scripts-Private_test-fr_cugr_cmp-2-/results/asap7/mock-cpu/base/2_floorplan.sdc line 94203, 'fifo_in/wdata[22]' is not a valid endpoint.
[WARNING STA-1551] /tmp/workspace/scripts-Private_test-fr_cugr_cmp-2-/results/asap7/mock-cpu/base/2_floorplan.sdc line 94203, 'fifo_in/wdata[21]' is not a valid endpoint.
[WARNING STA-1551] /tmp/workspace/scripts-Private_test-fr_cugr_cmp-2-/results/asap7/mock-cpu/base/2_floorplan.sdc line 94203, 'fifo_in/wdata[20]' is not a valid endpoint.
[WARNING STA-1551] /tmp/workspace/scripts-Private_test-fr_cugr_cmp-2-/results/asap7/mock-cpu/base/2_floorplan.sdc line 94203, 'fifo_in/wdata[19]' is not a valid endpoint.
[WARNING STA-1551] /tmp/workspace/scripts-Private_test-fr_cugr_cmp-2-/results/asap7/mock-cpu/base/2_floorplan.sdc line 94203, 'fifo_in/wdata[18]' is not a valid endpoint.
[WARNING STA-1551] /tmp/workspace/scripts-Private_test-fr_cugr_cmp-2-/results/asap7/mock-cpu/base/2_floorplan.sdc line 94203, 'fifo_in/wdata[17]' is not a valid endpoint.
[WARNING STA-1551] /tmp/workspace/scripts-Private_test-fr_cugr_cmp-2-/results/asap7/mock-cpu/base/2_floorplan.sdc line 94203, 'fifo_in/wdata[16]' is not a valid endpoint.
[WARNING STA-1551] /tmp/workspace/scripts-Private_test-fr_cugr_cmp-2-/results/asap7/mock-cpu/base/2_floorplan.sdc line 94203, 'fifo_in/wdata[15]' is not a valid endpoint.
[WARNING STA-1551] /tmp/workspace/scripts-Private_test-fr_cugr_cmp-2-/results/asap7/mock-cpu/base/2_floorplan.sdc line 94203, 'fifo_in/wdata[14]' is not a valid endpoint.
[WARNING STA-1551] /tmp/workspace/scripts-Private_test-fr_cugr_cmp-2-/results/asap7/mock-cpu/base/2_floorplan.sdc line 94203, 'fifo_in/wdata[13]' is not a valid endpoint.
[WARNING STA-1551] /tmp/workspace/scripts-Private_test-fr_cugr_cmp-2-/results/asap7/mock-cpu/base/2_floorplan.sdc line 94203, 'fifo_in/wdata[12]' is not a valid endpoint.
[WARNING STA-1551] /tmp/workspace/scripts-Private_test-fr_cugr_cmp-2-/results/asap7/mock-cpu/base/2_floorplan.sdc line 94203, 'fifo_in/wdata[11]' is not a valid endpoint.
[WARNING STA-1551] /tmp/workspace/scripts-Private_test-fr_cugr_cmp-2-/results/asap7/mock-cpu/base/2_floorplan.sdc line 94203, 'fifo_in/wdata[10]' is not a valid endpoint.
[WARNING STA-1551] /tmp/workspace/scripts-Private_test-fr_cugr_cmp-2-/results/asap7/mock-cpu/base/2_floorplan.sdc line 94203, 'fifo_in/wdata[9]' is not a valid endpoint.
[WARNING STA-1551] /tmp/workspace/scripts-Private_test-fr_cugr_cmp-2-/results/asap7/mock-cpu/base/2_floorplan.sdc line 94203, 'fifo_in/wdata[8]' is not a valid endpoint.
[WARNING STA-1551] /tmp/workspace/scripts-Private_test-fr_cugr_cmp-2-/results/asap7/mock-cpu/base/2_floorplan.sdc line 94203, 'fifo_in/wdata[7]' is not a valid endpoint.
[WARNING STA-1551] /tmp/workspace/scripts-Private_test-fr_cugr_cmp-2-/results/asap7/mock-cpu/base/2_floorplan.sdc line 94203, 'fifo_in/wdata[6]' is not a valid endpoint.
[WARNING STA-1551] /tmp/workspace/scripts-Private_test-fr_cugr_cmp-2-/results/asap7/mock-cpu/base/2_floorplan.sdc line 94203, 'fifo_in/wdata[5]' is not a valid endpoint.
[WARNING STA-1551] /tmp/workspace/scripts-Private_test-fr_cugr_cmp-2-/results/asap7/mock-cpu/base/2_floorplan.sdc line 94203, 'fifo_in/wdata[4]' is not a valid endpoint.
[WARNING STA-1551] /tmp/workspace/scripts-Private_test-fr_cugr_cmp-2-/results/asap7/mock-cpu/base/2_floorplan.sdc line 94203, 'fifo_in/wdata[3]' is not a valid endpoint.
[WARNING STA-1551] /tmp/workspace/scripts-Private_test-fr_cugr_cmp-2-/results/asap7/mock-cpu/base/2_floorplan.sdc line 94203, 'fifo_in/wdata[2]' is not a valid endpoint.
[WARNING STA-1551] /tmp/workspace/scripts-Private_test-fr_cugr_cmp-2-/results/asap7/mock-cpu/base/2_floorplan.sdc line 94203, 'fifo_in/wdata[1]' is not a valid endpoint.
[WARNING STA-1551] /tmp/workspace/scripts-Private_test-fr_cugr_cmp-2-/results/asap7/mock-cpu/base/2_floorplan.sdc line 94203, 'fifo_in/wdata[0]' is not a valid endpoint.
[WARNING STA-1551] /tmp/workspace/scripts-Private_test-fr_cugr_cmp-2-/results/asap7/mock-cpu/base/2_floorplan.sdc line 94247, 'rrst_n' is not a valid endpoint.
[WARNING STA-1551] /tmp/workspace/scripts-Private_test-fr_cugr_cmp-2-/results/asap7/mock-cpu/base/2_floorplan.sdc line 94247, 'wrst_n' is not a valid endpoint.
source ./platforms/asap7/setRC.tcl
detailed_placement
[INFO DPL-0006] Core area: 16048.83 um^2
[INFO DPL-0007] Movable instances area: 6434.62 um^2
[INFO DPL-0008] Fixed instances area within core: 61.67 um^2
[INFO DPL-0009] Utilization: 40.5%
[INFO DPL-0005] Diamond search max displacement: +/- 500 sites horizontally, +/- 100 rows vertically.
[INFO DPL-1102] Legalizing using negotiation legalizer.
[INFO DPL-1103] Negotiation base search window: +/-20 sites horizontally, +/-5 rows vertically 
	Automatic search window extension enabled.
	Search window extendable up to the max displacement cap of +/-500 sites, +/-100 rows near walls.
[INFO DPL-1104] NegotiationLegalizer DRC penalty: 5.
[INFO DPL-0392] Negotiation cell height distribution (1 unique row-count(s)):
[INFO DPL-0393]   height 1 row(s): 41010 cells
          |      Total |  Illegal |  Illegal
Iteration | Violations |    Cells |    Sites
---------------------------------------------
        0 |        343 |        89 |       254
        1 |         66 |        12 |        54
        2 |         12 |         2 |        10
        3 |          0 |         0 |         0
Negotiation phase 1 converged at iteration 3.
[INFO DPL-0500] Runtime: 0.64s
Placement Analysis
---------------------------------
total displacement      13056.9 u
average displacement        0.3 u
max displacement            2.6 u
original HPWL           24240.3 u
legalized HPWL          36599.7 u
delta HPWL                   51 %

improve_placement -max_displacement "5 1"
Detailed placement improvement.
[INFO DPL-0401] Setting random seed to 1.
[INFO DPL-0402] Setting maximum displacement 5 1 to 1350 270 units.
[INFO DPL-0320] Collected 2187 fixed cells.
[INFO DPL-0318] Collected 38895 single height cells.
[INFO DPL-0321] Collected 0 wide cells.
[INFO DPL-0322] Image (2052, 2160) - (128790, 128790)
[INFO DPL-0310] Assigned 38895 cells into segments.  Movement in X-direction is 0.000000, movement in Y-direction is 0.000000.
[INFO DPL-0313] Found 0 cells in wrong regions.
[INFO DPL-0315] Found 0 row alignment problems.
[INFO DPL-0314] Found 0 site alignment problems.
[INFO DPL-0311] Found 0 overlaps between adjacent cells.
[INFO DPL-0312] Found 0 edge spacing violations and 0 padding violations.
[INFO DPL-0303] Running algorithm for independent set matching.
[INFO DPL-0300] Set matching objective is wirelength.
[INFO DPL-0301] Pass   1 of matching; objective is 3.603707e+07.
[INFO DPL-0301] Pass   2 of matching; objective is 3.565864e+07.
[INFO DPL-0302] End of matching; objective is 3.563213e+07, improvement is 1.12 percent.
[INFO DPL-0303] Running algorithm for global swaps.
[INFO DPL-0306] Pass   1 of global swaps; hpwl is 3.413504e+07.
[INFO DPL-0306] Pass   2 of global swaps; hpwl is 3.389846e+07.
[INFO DPL-0307] End of global swaps; objective is 3.389846e+07, improvement is 4.87 percent.
[INFO DPL-0303] Running algorithm for vertical swaps.
[INFO DPL-0308] Pass   1 of vertical swaps; hpwl is 3.335386e+07.
[INFO DPL-0308] Pass   2 of vertical swaps; hpwl is 3.304698e+07.
[INFO DPL-0309] End of vertical swaps; objective is 3.304698e+07, improvement is 2.51 percent.
[INFO DPL-0303] Running algorithm for reordering.
[INFO DPL-0304] Pass   1 of reordering; objective is 3.294747e+07.
[INFO DPL-0305] End of reordering; objective is 3.294747e+07, improvement is 0.30 percent.
[INFO DPL-0303] Running algorithm for random improvement.
[INFO DPL-0324] Random improver is using random generator.
[INFO DPL-0325] Random improver is using hpwl objective.
[INFO DPL-0326] Random improver cost string is (a).
[INFO DPL-0332] End of pass, Generator random called 777900 times.
[INFO DPL-0335] Generator random, Cumulative attempts 777900, swaps 95139, moves 199243 since last reset.
[INFO DPL-0333] End of pass, Objective hpwl, Initial cost 3.268272e+07, Scratch cost 3.165546e+07, Incremental cost 3.165546e+07, Mismatch? N
[INFO DPL-0338] End of pass, Total cost is 3.165546e+07.
[INFO DPL-0327] Pass   1 of random improver; improvement in cost is 3.14 percent.
[INFO DPL-0332] End of pass, Generator random called 777900 times.
[INFO DPL-0335] Generator random, Cumulative attempts 1555800, swaps 185711, moves 398944 since last reset.
[INFO DPL-0333] End of pass, Objective hpwl, Initial cost 3.165546e+07, Scratch cost 3.117280e+07, Incremental cost 3.117280e+07, Mismatch? N
[INFO DPL-0338] End of pass, Total cost is 3.117280e+07.
[INFO DPL-0327] Pass   2 of random improver; improvement in cost is 1.52 percent.
[INFO DPL-0332] End of pass, Generator random called 777900 times.
[INFO DPL-0335] Generator random, Cumulative attempts 2333700, swaps 274803, moves 598001 since last reset.
[INFO DPL-0333] End of pass, Objective hpwl, Initial cost 3.117280e+07, Scratch cost 3.091038e+07, Incremental cost 3.091038e+07, Mismatch? N
[INFO DPL-0338] End of pass, Total cost is 3.091038e+07.
[INFO DPL-0327] Pass   3 of random improver; improvement in cost is 0.84 percent.
[INFO DPL-0328] End of random improver; improvement is 5.422862 percent.
[INFO DPL-0380] Cell flipping.
[INFO DPL-0382] Changed 0 cell orientations for row compatibility.
[INFO DPL-0383] Performed 21427 cell flips.
[INFO DPL-0384] End of flipping; objective is 2.576551e+07, improvement is 17.35 percent.
[INFO DPL-0313] Found 0 cells in wrong regions.
[INFO DPL-0315] Found 0 row alignment problems.
[INFO DPL-0314] Found 0 site alignment problems.
[INFO DPL-0311] Found 0 overlaps between adjacent cells.
[INFO DPL-0312] Found 0 edge spacing violations and 0 padding violations.
Detailed Improvement Results
------------------------------------------
Original HPWL            36599.7 u (   18020.4,    18579.3)
Final HPWL               25750.5 u (   13021.7,    12728.8)
Delta HPWL                 -29.6 % (     -27.7,      -31.5)

Took 16 seconds: improve_placement -max_displacement "5 1"
optimize_mirroring
[INFO DPL-0020] Mirrored 6891 instances
[INFO DPL-0021] HPWL before           25750.5 u
[INFO DPL-0022] HPWL after            25630.6 u
[INFO DPL-0023] HPWL delta               -0.5 %
[INFO FLW-0012] Placement violations .
estimate_parasitics -placement
Report metrics stage 3, detailed place...

==========================================================================
detailed place report_design_area
--------------------------------------------------------------------------
Design area 6496 um^2 40% utilization.
write_db /tmp/workspace/scripts-Private_test-fr_cugr_cmp-2-/results/asap7/mock-cpu/base/3_5_place_dp.odb
write_sdc -no_timestamp /tmp/workspace/scripts-Private_test-fr_cugr_cmp-2-/results/asap7/mock-cpu/base/3_place.sdc
Elapsed time: 0:28.31[h:]min:sec. CPU time: user 36.00 sys 21.32 (202%). Peak memory: 467212KB.
Log                       Ext     Elapsed/s Peak Memory/MB sha1sum result [0:20)
3_5_place_dp              .odb           28            456 2fd34fb768c573e560ef
cp /tmp/workspace/scripts-Private_test-fr_cugr_cmp-2-/results/asap7/mock-cpu/base/3_5_place_dp.odb /tmp/workspace/scripts-Private_test-fr_cugr_cmp-2-/results/asap7/mock-cpu/base/3_place.odb
/OpenROAD-flow-scripts/flow/scripts/flow.sh 4_1_cts cts
Running cts.tcl, stage 4_1_cts
source ./platforms/asap7/liberty_suppressions.tcl
read_liberty ./platforms/asap7/lib/NLDM/asap7sc7p5t_AO_RVT_FF_nldm_211120.lib.gz
read_liberty ./platforms/asap7/lib/NLDM/asap7sc7p5t_INVBUF_RVT_FF_nldm_220122.lib.gz
read_liberty ./platforms/asap7/lib/NLDM/asap7sc7p5t_OA_RVT_FF_nldm_211120.lib.gz
read_liberty ./platforms/asap7/lib/NLDM/asap7sc7p5t_SIMPLE_RVT_FF_nldm_211120.lib.gz
read_liberty ./platforms/asap7/lib/NLDM/asap7sc7p5t_SEQ_RVT_FF_nldm_220123.lib
read_db -hier /tmp/workspace/scripts-Private_test-fr_cugr_cmp-2-/results/asap7/mock-cpu/base/3_place.odb
[WARNING ORD-0012] Hierarchical flow (-hier) is currently in development and may cause multiple issues. Do not use in production environments.
read_sdc /tmp/workspace/scripts-Private_test-fr_cugr_cmp-2-/results/asap7/mock-cpu/base/3_place.sdc
[WARNING STA-1551] /tmp/workspace/scripts-Private_test-fr_cugr_cmp-2-/results/asap7/mock-cpu/base/3_place.sdc line 56522, 'fifo_in/wdata[31]' is not a valid endpoint.
[WARNING STA-1551] /tmp/workspace/scripts-Private_test-fr_cugr_cmp-2-/results/asap7/mock-cpu/base/3_place.sdc line 56522, 'fifo_in/wdata[30]' is not a valid endpoint.
[WARNING STA-1551] /tmp/workspace/scripts-Private_test-fr_cugr_cmp-2-/results/asap7/mock-cpu/base/3_place.sdc line 56522, 'fifo_in/wdata[29]' is not a valid endpoint.
[WARNING STA-1551] /tmp/workspace/scripts-Private_test-fr_cugr_cmp-2-/results/asap7/mock-cpu/base/3_place.sdc line 56522, 'fifo_in/wdata[28]' is not a valid endpoint.
[WARNING STA-1551] /tmp/workspace/scripts-Private_test-fr_cugr_cmp-2-/results/asap7/mock-cpu/base/3_place.sdc line 56522, 'fifo_in/wdata[27]' is not a valid endpoint.
[WARNING STA-1551] /tmp/workspace/scripts-Private_test-fr_cugr_cmp-2-/results/asap7/mock-cpu/base/3_place.sdc line 56522, 'fifo_in/wdata[26]' is not a valid endpoint.
[WARNING STA-1551] /tmp/workspace/scripts-Private_test-fr_cugr_cmp-2-/results/asap7/mock-cpu/base/3_place.sdc line 56522, 'fifo_in/wdata[25]' is not a valid endpoint.
[WARNING STA-1551] /tmp/workspace/scripts-Private_test-fr_cugr_cmp-2-/results/asap7/mock-cpu/base/3_place.sdc line 56522, 'fifo_in/wdata[24]' is not a valid endpoint.
[WARNING STA-1551] /tmp/workspace/scripts-Private_test-fr_cugr_cmp-2-/results/asap7/mock-cpu/base/3_place.sdc line 56522, 'fifo_in/wdata[23]' is not a valid endpoint.
[WARNING STA-1551] /tmp/workspace/scripts-Private_test-fr_cugr_cmp-2-/results/asap7/mock-cpu/base/3_place.sdc line 56522, 'fifo_in/wdata[22]' is not a valid endpoint.
[WARNING STA-1551] /tmp/workspace/scripts-Private_test-fr_cugr_cmp-2-/results/asap7/mock-cpu/base/3_place.sdc line 56522, 'fifo_in/wdata[21]' is not a valid endpoint.
[WARNING STA-1551] /tmp/workspace/scripts-Private_test-fr_cugr_cmp-2-/results/asap7/mock-cpu/base/3_place.sdc line 56522, 'fifo_in/wdata[20]' is not a valid endpoint.
[WARNING STA-1551] /tmp/workspace/scripts-Private_test-fr_cugr_cmp-2-/results/asap7/mock-cpu/base/3_place.sdc line 56522, 'fifo_in/wdata[19]' is not a valid endpoint.
[WARNING STA-1551] /tmp/workspace/scripts-Private_test-fr_cugr_cmp-2-/results/asap7/mock-cpu/base/3_place.sdc line 56522, 'fifo_in/wdata[18]' is not a valid endpoint.
[WARNING STA-1551] /tmp/workspace/scripts-Private_test-fr_cugr_cmp-2-/results/asap7/mock-cpu/base/3_place.sdc line 56522, 'fifo_in/wdata[17]' is not a valid endpoint.
[WARNING STA-1551] /tmp/workspace/scripts-Private_test-fr_cugr_cmp-2-/results/asap7/mock-cpu/base/3_place.sdc line 56522, 'fifo_in/wdata[16]' is not a valid endpoint.
[WARNING STA-1551] /tmp/workspace/scripts-Private_test-fr_cugr_cmp-2-/results/asap7/mock-cpu/base/3_place.sdc line 56522, 'fifo_in/wdata[15]' is not a valid endpoint.
[WARNING STA-1551] /tmp/workspace/scripts-Private_test-fr_cugr_cmp-2-/results/asap7/mock-cpu/base/3_place.sdc line 56522, 'fifo_in/wdata[14]' is not a valid endpoint.
[WARNING STA-1551] /tmp/workspace/scripts-Private_test-fr_cugr_cmp-2-/results/asap7/mock-cpu/base/3_place.sdc line 56522, 'fifo_in/wdata[13]' is not a valid endpoint.
[WARNING STA-1551] /tmp/workspace/scripts-Private_test-fr_cugr_cmp-2-/results/asap7/mock-cpu/base/3_place.sdc line 56522, 'fifo_in/wdata[12]' is not a valid endpoint.
[WARNING STA-1551] /tmp/workspace/scripts-Private_test-fr_cugr_cmp-2-/results/asap7/mock-cpu/base/3_place.sdc line 56522, 'fifo_in/wdata[11]' is not a valid endpoint.
[WARNING STA-1551] /tmp/workspace/scripts-Private_test-fr_cugr_cmp-2-/results/asap7/mock-cpu/base/3_place.sdc line 56522, 'fifo_in/wdata[10]' is not a valid endpoint.
[WARNING STA-1551] /tmp/workspace/scripts-Private_test-fr_cugr_cmp-2-/results/asap7/mock-cpu/base/3_place.sdc line 56522, 'fifo_in/wdata[9]' is not a valid endpoint.
[WARNING STA-1551] /tmp/workspace/scripts-Private_test-fr_cugr_cmp-2-/results/asap7/mock-cpu/base/3_place.sdc line 56522, 'fifo_in/wdata[8]' is not a valid endpoint.
[WARNING STA-1551] /tmp/workspace/scripts-Private_test-fr_cugr_cmp-2-/results/asap7/mock-cpu/base/3_place.sdc line 56522, 'fifo_in/wdata[7]' is not a valid endpoint.
[WARNING STA-1551] /tmp/workspace/scripts-Private_test-fr_cugr_cmp-2-/results/asap7/mock-cpu/base/3_place.sdc line 56522, 'fifo_in/wdata[6]' is not a valid endpoint.
[WARNING STA-1551] /tmp/workspace/scripts-Private_test-fr_cugr_cmp-2-/results/asap7/mock-cpu/base/3_place.sdc line 56522, 'fifo_in/wdata[5]' is not a valid endpoint.
[WARNING STA-1551] /tmp/workspace/scripts-Private_test-fr_cugr_cmp-2-/results/asap7/mock-cpu/base/3_place.sdc line 56522, 'fifo_in/wdata[4]' is not a valid endpoint.
[WARNING STA-1551] /tmp/workspace/scripts-Private_test-fr_cugr_cmp-2-/results/asap7/mock-cpu/base/3_place.sdc line 56522, 'fifo_in/wdata[3]' is not a valid endpoint.
[WARNING STA-1551] /tmp/workspace/scripts-Private_test-fr_cugr_cmp-2-/results/asap7/mock-cpu/base/3_place.sdc line 56522, 'fifo_in/wdata[2]' is not a valid endpoint.
[WARNING STA-1551] /tmp/workspace/scripts-Private_test-fr_cugr_cmp-2-/results/asap7/mock-cpu/base/3_place.sdc line 56522, 'fifo_in/wdata[1]' is not a valid endpoint.
[WARNING STA-1551] /tmp/workspace/scripts-Private_test-fr_cugr_cmp-2-/results/asap7/mock-cpu/base/3_place.sdc line 56522, 'fifo_in/wdata[0]' is not a valid endpoint.
[WARNING STA-1551] /tmp/workspace/scripts-Private_test-fr_cugr_cmp-2-/results/asap7/mock-cpu/base/3_place.sdc line 56522, 'fifo_in/winc' is not a valid endpoint.
[WARNING STA-1551] /tmp/workspace/scripts-Private_test-fr_cugr_cmp-2-/results/asap7/mock-cpu/base/3_place.sdc line 56522, 'fifo_out/rinc' is not a valid endpoint.
[WARNING STA-1551] /tmp/workspace/scripts-Private_test-fr_cugr_cmp-2-/results/asap7/mock-cpu/base/3_place.sdc line 94135, 'fifo_out/rinc' is not a valid endpoint.
[WARNING STA-1551] /tmp/workspace/scripts-Private_test-fr_cugr_cmp-2-/results/asap7/mock-cpu/base/3_place.sdc line 94138, 'fifo_in/winc' is not a valid endpoint.
[WARNING STA-1551] /tmp/workspace/scripts-Private_test-fr_cugr_cmp-2-/results/asap7/mock-cpu/base/3_place.sdc line 94203, 'fifo_in/wdata[31]' is not a valid endpoint.
[WARNING STA-1551] /tmp/workspace/scripts-Private_test-fr_cugr_cmp-2-/results/asap7/mock-cpu/base/3_place.sdc line 94203, 'fifo_in/wdata[30]' is not a valid endpoint.
[WARNING STA-1551] /tmp/workspace/scripts-Private_test-fr_cugr_cmp-2-/results/asap7/mock-cpu/base/3_place.sdc line 94203, 'fifo_in/wdata[29]' is not a valid endpoint.
[WARNING STA-1551] /tmp/workspace/scripts-Private_test-fr_cugr_cmp-2-/results/asap7/mock-cpu/base/3_place.sdc line 94203, 'fifo_in/wdata[28]' is not a valid endpoint.
[WARNING STA-1551] /tmp/workspace/scripts-Private_test-fr_cugr_cmp-2-/results/asap7/mock-cpu/base/3_place.sdc line 94203, 'fifo_in/wdata[27]' is not a valid endpoint.
[WARNING STA-1551] /tmp/workspace/scripts-Private_test-fr_cugr_cmp-2-/results/asap7/mock-cpu/base/3_place.sdc line 94203, 'fifo_in/wdata[26]' is not a valid endpoint.
[WARNING STA-1551] /tmp/workspace/scripts-Private_test-fr_cugr_cmp-2-/results/asap7/mock-cpu/base/3_place.sdc line 94203, 'fifo_in/wdata[25]' is not a valid endpoint.
[WARNING STA-1551] /tmp/workspace/scripts-Private_test-fr_cugr_cmp-2-/results/asap7/mock-cpu/base/3_place.sdc line 94203, 'fifo_in/wdata[24]' is not a valid endpoint.
[WARNING STA-1551] /tmp/workspace/scripts-Private_test-fr_cugr_cmp-2-/results/asap7/mock-cpu/base/3_place.sdc line 94203, 'fifo_in/wdata[23]' is not a valid endpoint.
[WARNING STA-1551] /tmp/workspace/scripts-Private_test-fr_cugr_cmp-2-/results/asap7/mock-cpu/base/3_place.sdc line 94203, 'fifo_in/wdata[22]' is not a valid endpoint.
[WARNING STA-1551] /tmp/workspace/scripts-Private_test-fr_cugr_cmp-2-/results/asap7/mock-cpu/base/3_place.sdc line 94203, 'fifo_in/wdata[21]' is not a valid endpoint.
[WARNING STA-1551] /tmp/workspace/scripts-Private_test-fr_cugr_cmp-2-/results/asap7/mock-cpu/base/3_place.sdc line 94203, 'fifo_in/wdata[20]' is not a valid endpoint.
[WARNING STA-1551] /tmp/workspace/scripts-Private_test-fr_cugr_cmp-2-/results/asap7/mock-cpu/base/3_place.sdc line 94203, 'fifo_in/wdata[19]' is not a valid endpoint.
[WARNING STA-1551] /tmp/workspace/scripts-Private_test-fr_cugr_cmp-2-/results/asap7/mock-cpu/base/3_place.sdc line 94203, 'fifo_in/wdata[18]' is not a valid endpoint.
[WARNING STA-1551] /tmp/workspace/scripts-Private_test-fr_cugr_cmp-2-/results/asap7/mock-cpu/base/3_place.sdc line 94203, 'fifo_in/wdata[17]' is not a valid endpoint.
[WARNING STA-1551] /tmp/workspace/scripts-Private_test-fr_cugr_cmp-2-/results/asap7/mock-cpu/base/3_place.sdc line 94203, 'fifo_in/wdata[16]' is not a valid endpoint.
[WARNING STA-1551] /tmp/workspace/scripts-Private_test-fr_cugr_cmp-2-/results/asap7/mock-cpu/base/3_place.sdc line 94203, 'fifo_in/wdata[15]' is not a valid endpoint.
[WARNING STA-1551] /tmp/workspace/scripts-Private_test-fr_cugr_cmp-2-/results/asap7/mock-cpu/base/3_place.sdc line 94203, 'fifo_in/wdata[14]' is not a valid endpoint.
[WARNING STA-1551] /tmp/workspace/scripts-Private_test-fr_cugr_cmp-2-/results/asap7/mock-cpu/base/3_place.sdc line 94203, 'fifo_in/wdata[13]' is not a valid endpoint.
[WARNING STA-1551] /tmp/workspace/scripts-Private_test-fr_cugr_cmp-2-/results/asap7/mock-cpu/base/3_place.sdc line 94203, 'fifo_in/wdata[12]' is not a valid endpoint.
[WARNING STA-1551] /tmp/workspace/scripts-Private_test-fr_cugr_cmp-2-/results/asap7/mock-cpu/base/3_place.sdc line 94203, 'fifo_in/wdata[11]' is not a valid endpoint.
[WARNING STA-1551] /tmp/workspace/scripts-Private_test-fr_cugr_cmp-2-/results/asap7/mock-cpu/base/3_place.sdc line 94203, 'fifo_in/wdata[10]' is not a valid endpoint.
[WARNING STA-1551] /tmp/workspace/scripts-Private_test-fr_cugr_cmp-2-/results/asap7/mock-cpu/base/3_place.sdc line 94203, 'fifo_in/wdata[9]' is not a valid endpoint.
[WARNING STA-1551] /tmp/workspace/scripts-Private_test-fr_cugr_cmp-2-/results/asap7/mock-cpu/base/3_place.sdc line 94203, 'fifo_in/wdata[8]' is not a valid endpoint.
[WARNING STA-1551] /tmp/workspace/scripts-Private_test-fr_cugr_cmp-2-/results/asap7/mock-cpu/base/3_place.sdc line 94203, 'fifo_in/wdata[7]' is not a valid endpoint.
[WARNING STA-1551] /tmp/workspace/scripts-Private_test-fr_cugr_cmp-2-/results/asap7/mock-cpu/base/3_place.sdc line 94203, 'fifo_in/wdata[6]' is not a valid endpoint.
[WARNING STA-1551] /tmp/workspace/scripts-Private_test-fr_cugr_cmp-2-/results/asap7/mock-cpu/base/3_place.sdc line 94203, 'fifo_in/wdata[5]' is not a valid endpoint.
[WARNING STA-1551] /tmp/workspace/scripts-Private_test-fr_cugr_cmp-2-/results/asap7/mock-cpu/base/3_place.sdc line 94203, 'fifo_in/wdata[4]' is not a valid endpoint.
[WARNING STA-1551] /tmp/workspace/scripts-Private_test-fr_cugr_cmp-2-/results/asap7/mock-cpu/base/3_place.sdc line 94203, 'fifo_in/wdata[3]' is not a valid endpoint.
[WARNING STA-1551] /tmp/workspace/scripts-Private_test-fr_cugr_cmp-2-/results/asap7/mock-cpu/base/3_place.sdc line 94203, 'fifo_in/wdata[2]' is not a valid endpoint.
[WARNING STA-1551] /tmp/workspace/scripts-Private_test-fr_cugr_cmp-2-/results/asap7/mock-cpu/base/3_place.sdc line 94203, 'fifo_in/wdata[1]' is not a valid endpoint.
[WARNING STA-1551] /tmp/workspace/scripts-Private_test-fr_cugr_cmp-2-/results/asap7/mock-cpu/base/3_place.sdc line 94203, 'fifo_in/wdata[0]' is not a valid endpoint.
[WARNING STA-1551] /tmp/workspace/scripts-Private_test-fr_cugr_cmp-2-/results/asap7/mock-cpu/base/3_place.sdc line 94247, 'rrst_n' is not a valid endpoint.
[WARNING STA-1551] /tmp/workspace/scripts-Private_test-fr_cugr_cmp-2-/results/asap7/mock-cpu/base/3_place.sdc line 94247, 'wrst_n' is not a valid endpoint.
source ./platforms/asap7/setRC.tcl
clock_tree_synthesis -sink_clustering_enable -repair_clock_nets
[INFO CTS-0050] Root buffer is BUFx24_ASAP7_75t_R.
[INFO CTS-0051] Sink buffer is BUFx24_ASAP7_75t_R.
[INFO CTS-0052] The following clock buffers will be used for CTS:
                    BUFx24_ASAP7_75t_R
[INFO CTS-0049] Characterization buffer is BUFx24_ASAP7_75t_R.
[INFO CTS-0007] Net "clk" found for clock "clk".
[INFO CTS-0010]  Clock net "clk" has 18712 sinks.
[INFO CTS-0007] Net "clk_uncore" found for clock "clk_uncore".
[INFO CTS-0010]  Clock net "clk_uncore" has 88 sinks.
[INFO CTS-0008] TritonCTS found 2 clock nets.
[INFO CTS-0097] Characterization used 1 buffer(s) types.
[INFO CTS-0201] 0 blockages from hard placement blockages and placed macros will be used.
[INFO CTS-0027] Generating H-Tree topology for net clk.
[INFO CTS-0028]  Total number of sinks: 18712.
[INFO CTS-0090]  Sinks will be clustered based on buffer max cap.
[INFO CTS-0030]  Number of static layers: 0.
[INFO CTS-0020]  Wire segment unit: 1350  dbu (1 um).
[INFO CTS-0206] Best clustering solution was found from max clustering size of 31 and max clustering diameter of 43.
[INFO CTS-0019]  Total number of sinks after clustering: 755.
[INFO CTS-0024]  Normalized sink region: [(2.84574, 2.89167), (86.1467, 86.5095)].
[INFO CTS-0025]     Width:  83.3009.
[INFO CTS-0026]     Height: 83.6179.
 Level 1
    Direction: Vertical
    Sinks per sub-region: 378
    Sub-region size: 83.3009 X 41.8089
[INFO CTS-0034]     Segment length (rounded): 20.
 Level 2
    Direction: Horizontal
    Sinks per sub-region: 189
    Sub-region size: 41.6505 X 41.8089
[INFO CTS-0034]     Segment length (rounded): 20.
 Level 3
    Direction: Vertical
    Sinks per sub-region: 95
    Sub-region size: 41.6505 X 20.9045
[INFO CTS-0034]     Segment length (rounded): 10.
 Level 4
    Direction: Horizontal
    Sinks per sub-region: 48
    Sub-region size: 20.8252 X 20.9045
[INFO CTS-0034]     Segment length (rounded): 10.
 Level 5
    Direction: Vertical
    Sinks per sub-region: 24
    Sub-region size: 20.8252 X 10.4522
[INFO CTS-0034]     Segment length (rounded): 6.
 Level 6
    Direction: Horizontal
    Sinks per sub-region: 12
    Sub-region size: 10.4126 X 10.4522
[INFO CTS-0034]     Segment length (rounded): 6.
[INFO CTS-0038]  Stop criterion found. Sink region hpwl is smaller than max wirelength (137.460 um) and max number of sinks is 15.
[INFO CTS-0035]  Number of sinks covered: 755.
[INFO CTS-0201] 0 blockages from hard placement blockages and placed macros will be used.
[INFO CTS-0027] Generating H-Tree topology for net clk_uncore.
[INFO CTS-0028]  Total number of sinks: 88.
[INFO CTS-0090]  Sinks will be clustered based on buffer max cap.
[INFO CTS-0030]  Number of static layers: 0.
[INFO CTS-0020]  Wire segment unit: 1350  dbu (1 um).
[INFO CTS-0023]  Original sink region: [(28984, 2295), (39841, 19261)].
[INFO CTS-0024]  Normalized sink region: [(21.4696, 1.7), (29.5119, 14.2674)].
[INFO CTS-0025]     Width:  8.0422.
[INFO CTS-0026]     Height: 12.5674.
 Level 1
    Direction: Vertical
    Sinks per sub-region: 44
    Sub-region size: 8.0422 X 6.2837
[INFO CTS-0034]     Segment length (rounded): 4.
 Level 2
    Direction: Horizontal
    Sinks per sub-region: 22
    Sub-region size: 4.0211 X 6.2837
[INFO CTS-0034]     Segment length (rounded): 2.
 Level 3
    Direction: Vertical
    Sinks per sub-region: 11
    Sub-region size: 4.0211 X 3.1419
[INFO CTS-0034]     Segment length (rounded): 1.
[INFO CTS-0038]  Stop criterion found. Sink region hpwl is smaller than max wirelength (137.460 um) and max number of sinks is 15.
[INFO CTS-0035]  Number of sinks covered: 88.
[INFO CTS-0018]     Created 832 clock buffers.
[INFO CTS-0012]     Minimum number of buffers in the clock path: 5.
[INFO CTS-0013]     Maximum number of buffers in the clock path: 5.
[INFO CTS-0015]     Created 832 clock nets.
[INFO CTS-0016]     Fanout distribution for the current clock = 7:1, 8:2, 9:5, 10:6, 11:13, 12:16, 13:13, 14:6, 15:2, 16:7, 17:6, 18:4, 19:6, 20:20, 21:26, 22:42, 23:82, 24:111, 25:128, 26:148, 27:98, 28:39, 29:28, 30:7, 31:3..
[INFO CTS-0017]     Max level of the clock tree: 6.
[INFO CTS-0018]     Created 9 clock buffers.
[INFO CTS-0012]     Minimum number of buffers in the clock path: 2.
[INFO CTS-0013]     Maximum number of buffers in the clock path: 2.
[INFO CTS-0015]     Created 9 clock nets.
[INFO CTS-0016]     Fanout distribution for the current clock = 6:1, 10:1, 11:3, 12:1, 13:1, 14:1..
[INFO CTS-0017]     Max level of the clock tree: 3.
[INFO CTS-0098] Clock net "clk"
[INFO CTS-0099]  Sinks 19418
[INFO CTS-0100]  Leaf buffers 755
[INFO CTS-0101]  Average sink wire length 173.11 um
[INFO CTS-0102]  Path depth 4 - 5
[INFO CTS-0207]  Dummy loads inserted 706
[INFO CTS-0098] Clock net "clk_uncore"
[INFO CTS-0099]  Sinks 95
[INFO CTS-0100]  Leaf buffers 0
[INFO CTS-0101]  Average sink wire length 22.04 um
[INFO CTS-0102]  Path depth 2 - 2
[INFO CTS-0207]  Dummy loads inserted 7
[INFO CTS-0500] Runtime: 2.65s
estimate_parasitics -placement
detailed_placement
[INFO DPL-0006] Core area: 16048.83 um^2
[INFO DPL-0007] Movable instances area: 6936.26 um^2
[INFO DPL-0008] Fixed instances area within core: 61.67 um^2
[INFO DPL-0009] Utilization: 43.6%
[INFO DPL-0005] Diamond search max displacement: +/- 500 sites horizontally, +/- 100 rows vertically.
[INFO DPL-1102] Legalizing using negotiation legalizer.
[INFO DPL-1103] Negotiation base search window: +/-20 sites horizontally, +/-5 rows vertically 
	Automatic search window extension enabled.
	Search window extendable up to the max displacement cap of +/-500 sites, +/-100 rows near walls.
[INFO DPL-1104] NegotiationLegalizer DRC penalty: 5.
[INFO DPL-0392] Negotiation cell height distribution (1 unique row-count(s)):
[INFO DPL-0393]   height 1 row(s): 42564 cells
          |      Total |  Illegal |  Illegal
Iteration | Violations |    Cells |    Sites
---------------------------------------------
        0 |       2330 |       420 |      1910
        1 |        837 |       139 |       698
        2 |        472 |        62 |       410
        3 |        369 |        38 |       331
        4 |        210 |        20 |       190
        5 |        147 |        18 |       129
        6 |        131 |        11 |       120
        7 |         80 |         6 |        74
        8 |         75 |         5 |        70
        9 |         48 |         6 |        42
       10 |         63 |         6 |        57
       11 |          0 |         0 |         0
Negotiation phase 1 converged at iteration 11.
[INFO DPL-0500] Runtime: 1.15s
Placement Analysis
---------------------------------
total displacement       9177.4 u
average displacement        0.2 u
max displacement            3.9 u
original HPWL           34203.1 u
legalized HPWL          41755.6 u
delta HPWL                   22 %

estimate_parasitics -placement
repair_timing -setup_margin 0 -hold_margin 0 -repair_tns 100 -verbose
[INFO RSZ-0100] Repair move sequence: UnbufferMove SizeUpMove SwapPinsMove BufferMove CloneMove SplitLoadMove 
[INFO RSZ-0098] No setup violations found
[INFO RSZ-0505] Runtime: 1.16s
[INFO RSZ-0033] No hold violations found.
[INFO RSZ-0506] Runtime: 0.41s
Repair timing output passed lec test
detailed_placement
[INFO DPL-0006] Core area: 16048.83 um^2
[INFO DPL-0007] Movable instances area: 6936.26 um^2
[INFO DPL-0008] Fixed instances area within core: 61.67 um^2
[INFO DPL-0009] Utilization: 43.6%
[INFO DPL-0005] Diamond search max displacement: +/- 500 sites horizontally, +/- 100 rows vertically.
[INFO DPL-1102] Legalizing using negotiation legalizer.
[INFO DPL-1103] Negotiation base search window: +/-20 sites horizontally, +/-5 rows vertically 
	Automatic search window extension enabled.
	Search window extendable up to the max displacement cap of +/-500 sites, +/-100 rows near walls.
[INFO DPL-1104] NegotiationLegalizer DRC penalty: 5.
[INFO DPL-0392] Negotiation cell height distribution (1 unique row-count(s)):
[INFO DPL-0393]   height 1 row(s): 42564 cells
[INFO DPL-0500] Runtime: 0.27s
Placement Analysis
---------------------------------
total displacement          0.0 u
average displacement        0.0 u
max displacement            0.0 u
original HPWL           41755.6 u
legalized HPWL          41755.6 u
delta HPWL                    0 %

estimate_parasitics -placement
Report metrics stage 4, cts final...

==========================================================================
cts final report_design_area
--------------------------------------------------------------------------
Design area 6998 um^2 44% utilization.
write_db /tmp/workspace/scripts-Private_test-fr_cugr_cmp-2-/results/asap7/mock-cpu/base/4_1_cts.odb
write_sdc -no_timestamp /tmp/workspace/scripts-Private_test-fr_cugr_cmp-2-/results/asap7/mock-cpu/base/4_cts.sdc
Elapsed time: 0:25.02[h:]min:sec. CPU time: user 38.61 sys 29.63 (272%). Peak memory: 667768KB.
Log                       Ext     Elapsed/s Peak Memory/MB sha1sum result [0:20)
4_1_cts                   .odb           25            652 ba8db734a018bf99b644
cp /tmp/workspace/scripts-Private_test-fr_cugr_cmp-2-/results/asap7/mock-cpu/base/4_1_cts.odb /tmp/workspace/scripts-Private_test-fr_cugr_cmp-2-/results/asap7/mock-cpu/base/4_cts.odb
/OpenROAD-flow-scripts/flow/scripts/flow.sh 5_1_grt global_route
Running global_route.tcl, stage 5_1_grt
source ./platforms/asap7/liberty_suppressions.tcl
read_liberty ./platforms/asap7/lib/NLDM/asap7sc7p5t_AO_RVT_FF_nldm_211120.lib.gz
read_liberty ./platforms/asap7/lib/NLDM/asap7sc7p5t_INVBUF_RVT_FF_nldm_220122.lib.gz
read_liberty ./platforms/asap7/lib/NLDM/asap7sc7p5t_OA_RVT_FF_nldm_211120.lib.gz
read_liberty ./platforms/asap7/lib/NLDM/asap7sc7p5t_SIMPLE_RVT_FF_nldm_211120.lib.gz
read_liberty ./platforms/asap7/lib/NLDM/asap7sc7p5t_SEQ_RVT_FF_nldm_220123.lib
read_db -hier /tmp/workspace/scripts-Private_test-fr_cugr_cmp-2-/results/asap7/mock-cpu/base/4_cts.odb
[WARNING ORD-0012] Hierarchical flow (-hier) is currently in development and may cause multiple issues. Do not use in production environments.
read_sdc /tmp/workspace/scripts-Private_test-fr_cugr_cmp-2-/results/asap7/mock-cpu/base/4_cts.sdc
[WARNING STA-1551] /tmp/workspace/scripts-Private_test-fr_cugr_cmp-2-/results/asap7/mock-cpu/base/4_cts.sdc line 56524, 'fifo_in/wdata[31]' is not a valid endpoint.
[WARNING STA-1551] /tmp/workspace/scripts-Private_test-fr_cugr_cmp-2-/results/asap7/mock-cpu/base/4_cts.sdc line 56524, 'fifo_in/wdata[30]' is not a valid endpoint.
[WARNING STA-1551] /tmp/workspace/scripts-Private_test-fr_cugr_cmp-2-/results/asap7/mock-cpu/base/4_cts.sdc line 56524, 'fifo_in/wdata[29]' is not a valid endpoint.
[WARNING STA-1551] /tmp/workspace/scripts-Private_test-fr_cugr_cmp-2-/results/asap7/mock-cpu/base/4_cts.sdc line 56524, 'fifo_in/wdata[28]' is not a valid endpoint.
[WARNING STA-1551] /tmp/workspace/scripts-Private_test-fr_cugr_cmp-2-/results/asap7/mock-cpu/base/4_cts.sdc line 56524, 'fifo_in/wdata[27]' is not a valid endpoint.
[WARNING STA-1551] /tmp/workspace/scripts-Private_test-fr_cugr_cmp-2-/results/asap7/mock-cpu/base/4_cts.sdc line 56524, 'fifo_in/wdata[26]' is not a valid endpoint.
[WARNING STA-1551] /tmp/workspace/scripts-Private_test-fr_cugr_cmp-2-/results/asap7/mock-cpu/base/4_cts.sdc line 56524, 'fifo_in/wdata[25]' is not a valid endpoint.
[WARNING STA-1551] /tmp/workspace/scripts-Private_test-fr_cugr_cmp-2-/results/asap7/mock-cpu/base/4_cts.sdc line 56524, 'fifo_in/wdata[24]' is not a valid endpoint.
[WARNING STA-1551] /tmp/workspace/scripts-Private_test-fr_cugr_cmp-2-/results/asap7/mock-cpu/base/4_cts.sdc line 56524, 'fifo_in/wdata[23]' is not a valid endpoint.
[WARNING STA-1551] /tmp/workspace/scripts-Private_test-fr_cugr_cmp-2-/results/asap7/mock-cpu/base/4_cts.sdc line 56524, 'fifo_in/wdata[22]' is not a valid endpoint.
[WARNING STA-1551] /tmp/workspace/scripts-Private_test-fr_cugr_cmp-2-/results/asap7/mock-cpu/base/4_cts.sdc line 56524, 'fifo_in/wdata[21]' is not a valid endpoint.
[WARNING STA-1551] /tmp/workspace/scripts-Private_test-fr_cugr_cmp-2-/results/asap7/mock-cpu/base/4_cts.sdc line 56524, 'fifo_in/wdata[20]' is not a valid endpoint.
[WARNING STA-1551] /tmp/workspace/scripts-Private_test-fr_cugr_cmp-2-/results/asap7/mock-cpu/base/4_cts.sdc line 56524, 'fifo_in/wdata[19]' is not a valid endpoint.
[WARNING STA-1551] /tmp/workspace/scripts-Private_test-fr_cugr_cmp-2-/results/asap7/mock-cpu/base/4_cts.sdc line 56524, 'fifo_in/wdata[18]' is not a valid endpoint.
[WARNING STA-1551] /tmp/workspace/scripts-Private_test-fr_cugr_cmp-2-/results/asap7/mock-cpu/base/4_cts.sdc line 56524, 'fifo_in/wdata[17]' is not a valid endpoint.
[WARNING STA-1551] /tmp/workspace/scripts-Private_test-fr_cugr_cmp-2-/results/asap7/mock-cpu/base/4_cts.sdc line 56524, 'fifo_in/wdata[16]' is not a valid endpoint.
[WARNING STA-1551] /tmp/workspace/scripts-Private_test-fr_cugr_cmp-2-/results/asap7/mock-cpu/base/4_cts.sdc line 56524, 'fifo_in/wdata[15]' is not a valid endpoint.
[WARNING STA-1551] /tmp/workspace/scripts-Private_test-fr_cugr_cmp-2-/results/asap7/mock-cpu/base/4_cts.sdc line 56524, 'fifo_in/wdata[14]' is not a valid endpoint.
[WARNING STA-1551] /tmp/workspace/scripts-Private_test-fr_cugr_cmp-2-/results/asap7/mock-cpu/base/4_cts.sdc line 56524, 'fifo_in/wdata[13]' is not a valid endpoint.
[WARNING STA-1551] /tmp/workspace/scripts-Private_test-fr_cugr_cmp-2-/results/asap7/mock-cpu/base/4_cts.sdc line 56524, 'fifo_in/wdata[12]' is not a valid endpoint.
[WARNING STA-1551] /tmp/workspace/scripts-Private_test-fr_cugr_cmp-2-/results/asap7/mock-cpu/base/4_cts.sdc line 56524, 'fifo_in/wdata[11]' is not a valid endpoint.
[WARNING STA-1551] /tmp/workspace/scripts-Private_test-fr_cugr_cmp-2-/results/asap7/mock-cpu/base/4_cts.sdc line 56524, 'fifo_in/wdata[10]' is not a valid endpoint.
[WARNING STA-1551] /tmp/workspace/scripts-Private_test-fr_cugr_cmp-2-/results/asap7/mock-cpu/base/4_cts.sdc line 56524, 'fifo_in/wdata[9]' is not a valid endpoint.
[WARNING STA-1551] /tmp/workspace/scripts-Private_test-fr_cugr_cmp-2-/results/asap7/mock-cpu/base/4_cts.sdc line 56524, 'fifo_in/wdata[8]' is not a valid endpoint.
[WARNING STA-1551] /tmp/workspace/scripts-Private_test-fr_cugr_cmp-2-/results/asap7/mock-cpu/base/4_cts.sdc line 56524, 'fifo_in/wdata[7]' is not a valid endpoint.
[WARNING STA-1551] /tmp/workspace/scripts-Private_test-fr_cugr_cmp-2-/results/asap7/mock-cpu/base/4_cts.sdc line 56524, 'fifo_in/wdata[6]' is not a valid endpoint.
[WARNING STA-1551] /tmp/workspace/scripts-Private_test-fr_cugr_cmp-2-/results/asap7/mock-cpu/base/4_cts.sdc line 56524, 'fifo_in/wdata[5]' is not a valid endpoint.
[WARNING STA-1551] /tmp/workspace/scripts-Private_test-fr_cugr_cmp-2-/results/asap7/mock-cpu/base/4_cts.sdc line 56524, 'fifo_in/wdata[4]' is not a valid endpoint.
[WARNING STA-1551] /tmp/workspace/scripts-Private_test-fr_cugr_cmp-2-/results/asap7/mock-cpu/base/4_cts.sdc line 56524, 'fifo_in/wdata[3]' is not a valid endpoint.
[WARNING STA-1551] /tmp/workspace/scripts-Private_test-fr_cugr_cmp-2-/results/asap7/mock-cpu/base/4_cts.sdc line 56524, 'fifo_in/wdata[2]' is not a valid endpoint.
[WARNING STA-1551] /tmp/workspace/scripts-Private_test-fr_cugr_cmp-2-/results/asap7/mock-cpu/base/4_cts.sdc line 56524, 'fifo_in/wdata[1]' is not a valid endpoint.
[WARNING STA-1551] /tmp/workspace/scripts-Private_test-fr_cugr_cmp-2-/results/asap7/mock-cpu/base/4_cts.sdc line 56524, 'fifo_in/wdata[0]' is not a valid endpoint.
[WARNING STA-1551] /tmp/workspace/scripts-Private_test-fr_cugr_cmp-2-/results/asap7/mock-cpu/base/4_cts.sdc line 56524, 'fifo_in/winc' is not a valid endpoint.
[WARNING STA-1551] /tmp/workspace/scripts-Private_test-fr_cugr_cmp-2-/results/asap7/mock-cpu/base/4_cts.sdc line 56524, 'fifo_out/rinc' is not a valid endpoint.
[WARNING STA-1551] /tmp/workspace/scripts-Private_test-fr_cugr_cmp-2-/results/asap7/mock-cpu/base/4_cts.sdc line 94137, 'fifo_out/rinc' is not a valid endpoint.
[WARNING STA-1551] /tmp/workspace/scripts-Private_test-fr_cugr_cmp-2-/results/asap7/mock-cpu/base/4_cts.sdc line 94140, 'fifo_in/winc' is not a valid endpoint.
[WARNING STA-1551] /tmp/workspace/scripts-Private_test-fr_cugr_cmp-2-/results/asap7/mock-cpu/base/4_cts.sdc line 94205, 'fifo_in/wdata[31]' is not a valid endpoint.
[WARNING STA-1551] /tmp/workspace/scripts-Private_test-fr_cugr_cmp-2-/results/asap7/mock-cpu/base/4_cts.sdc line 94205, 'fifo_in/wdata[30]' is not a valid endpoint.
[WARNING STA-1551] /tmp/workspace/scripts-Private_test-fr_cugr_cmp-2-/results/asap7/mock-cpu/base/4_cts.sdc line 94205, 'fifo_in/wdata[29]' is not a valid endpoint.
[WARNING STA-1551] /tmp/workspace/scripts-Private_test-fr_cugr_cmp-2-/results/asap7/mock-cpu/base/4_cts.sdc line 94205, 'fifo_in/wdata[28]' is not a valid endpoint.
[WARNING STA-1551] /tmp/workspace/scripts-Private_test-fr_cugr_cmp-2-/results/asap7/mock-cpu/base/4_cts.sdc line 94205, 'fifo_in/wdata[27]' is not a valid endpoint.
[WARNING STA-1551] /tmp/workspace/scripts-Private_test-fr_cugr_cmp-2-/results/asap7/mock-cpu/base/4_cts.sdc line 94205, 'fifo_in/wdata[26]' is not a valid endpoint.
[WARNING STA-1551] /tmp/workspace/scripts-Private_test-fr_cugr_cmp-2-/results/asap7/mock-cpu/base/4_cts.sdc line 94205, 'fifo_in/wdata[25]' is not a valid endpoint.
[WARNING STA-1551] /tmp/workspace/scripts-Private_test-fr_cugr_cmp-2-/results/asap7/mock-cpu/base/4_cts.sdc line 94205, 'fifo_in/wdata[24]' is not a valid endpoint.
[WARNING STA-1551] /tmp/workspace/scripts-Private_test-fr_cugr_cmp-2-/results/asap7/mock-cpu/base/4_cts.sdc line 94205, 'fifo_in/wdata[23]' is not a valid endpoint.
[WARNING STA-1551] /tmp/workspace/scripts-Private_test-fr_cugr_cmp-2-/results/asap7/mock-cpu/base/4_cts.sdc line 94205, 'fifo_in/wdata[22]' is not a valid endpoint.
[WARNING STA-1551] /tmp/workspace/scripts-Private_test-fr_cugr_cmp-2-/results/asap7/mock-cpu/base/4_cts.sdc line 94205, 'fifo_in/wdata[21]' is not a valid endpoint.
[WARNING STA-1551] /tmp/workspace/scripts-Private_test-fr_cugr_cmp-2-/results/asap7/mock-cpu/base/4_cts.sdc line 94205, 'fifo_in/wdata[20]' is not a valid endpoint.
[WARNING STA-1551] /tmp/workspace/scripts-Private_test-fr_cugr_cmp-2-/results/asap7/mock-cpu/base/4_cts.sdc line 94205, 'fifo_in/wdata[19]' is not a valid endpoint.
[WARNING STA-1551] /tmp/workspace/scripts-Private_test-fr_cugr_cmp-2-/results/asap7/mock-cpu/base/4_cts.sdc line 94205, 'fifo_in/wdata[18]' is not a valid endpoint.
[WARNING STA-1551] /tmp/workspace/scripts-Private_test-fr_cugr_cmp-2-/results/asap7/mock-cpu/base/4_cts.sdc line 94205, 'fifo_in/wdata[17]' is not a valid endpoint.
[WARNING STA-1551] /tmp/workspace/scripts-Private_test-fr_cugr_cmp-2-/results/asap7/mock-cpu/base/4_cts.sdc line 94205, 'fifo_in/wdata[16]' is not a valid endpoint.
[WARNING STA-1551] /tmp/workspace/scripts-Private_test-fr_cugr_cmp-2-/results/asap7/mock-cpu/base/4_cts.sdc line 94205, 'fifo_in/wdata[15]' is not a valid endpoint.
[WARNING STA-1551] /tmp/workspace/scripts-Private_test-fr_cugr_cmp-2-/results/asap7/mock-cpu/base/4_cts.sdc line 94205, 'fifo_in/wdata[14]' is not a valid endpoint.
[WARNING STA-1551] /tmp/workspace/scripts-Private_test-fr_cugr_cmp-2-/results/asap7/mock-cpu/base/4_cts.sdc line 94205, 'fifo_in/wdata[13]' is not a valid endpoint.
[WARNING STA-1551] /tmp/workspace/scripts-Private_test-fr_cugr_cmp-2-/results/asap7/mock-cpu/base/4_cts.sdc line 94205, 'fifo_in/wdata[12]' is not a valid endpoint.
[WARNING STA-1551] /tmp/workspace/scripts-Private_test-fr_cugr_cmp-2-/results/asap7/mock-cpu/base/4_cts.sdc line 94205, 'fifo_in/wdata[11]' is not a valid endpoint.
[WARNING STA-1551] /tmp/workspace/scripts-Private_test-fr_cugr_cmp-2-/results/asap7/mock-cpu/base/4_cts.sdc line 94205, 'fifo_in/wdata[10]' is not a valid endpoint.
[WARNING STA-1551] /tmp/workspace/scripts-Private_test-fr_cugr_cmp-2-/results/asap7/mock-cpu/base/4_cts.sdc line 94205, 'fifo_in/wdata[9]' is not a valid endpoint.
[WARNING STA-1551] /tmp/workspace/scripts-Private_test-fr_cugr_cmp-2-/results/asap7/mock-cpu/base/4_cts.sdc line 94205, 'fifo_in/wdata[8]' is not a valid endpoint.
[WARNING STA-1551] /tmp/workspace/scripts-Private_test-fr_cugr_cmp-2-/results/asap7/mock-cpu/base/4_cts.sdc line 94205, 'fifo_in/wdata[7]' is not a valid endpoint.
[WARNING STA-1551] /tmp/workspace/scripts-Private_test-fr_cugr_cmp-2-/results/asap7/mock-cpu/base/4_cts.sdc line 94205, 'fifo_in/wdata[6]' is not a valid endpoint.
[WARNING STA-1551] /tmp/workspace/scripts-Private_test-fr_cugr_cmp-2-/results/asap7/mock-cpu/base/4_cts.sdc line 94205, 'fifo_in/wdata[5]' is not a valid endpoint.
[WARNING STA-1551] /tmp/workspace/scripts-Private_test-fr_cugr_cmp-2-/results/asap7/mock-cpu/base/4_cts.sdc line 94205, 'fifo_in/wdata[4]' is not a valid endpoint.
[WARNING STA-1551] /tmp/workspace/scripts-Private_test-fr_cugr_cmp-2-/results/asap7/mock-cpu/base/4_cts.sdc line 94205, 'fifo_in/wdata[3]' is not a valid endpoint.
[WARNING STA-1551] /tmp/workspace/scripts-Private_test-fr_cugr_cmp-2-/results/asap7/mock-cpu/base/4_cts.sdc line 94205, 'fifo_in/wdata[2]' is not a valid endpoint.
[WARNING STA-1551] /tmp/workspace/scripts-Private_test-fr_cugr_cmp-2-/results/asap7/mock-cpu/base/4_cts.sdc line 94205, 'fifo_in/wdata[1]' is not a valid endpoint.
[WARNING STA-1551] /tmp/workspace/scripts-Private_test-fr_cugr_cmp-2-/results/asap7/mock-cpu/base/4_cts.sdc line 94205, 'fifo_in/wdata[0]' is not a valid endpoint.
[WARNING STA-1551] /tmp/workspace/scripts-Private_test-fr_cugr_cmp-2-/results/asap7/mock-cpu/base/4_cts.sdc line 94249, 'rrst_n' is not a valid endpoint.
[WARNING STA-1551] /tmp/workspace/scripts-Private_test-fr_cugr_cmp-2-/results/asap7/mock-cpu/base/4_cts.sdc line 94249, 'wrst_n' is not a valid endpoint.
source ./platforms/asap7/setRC.tcl
pin_access
[INFO DRT-0149] Reading tech and libs.

Units:                1000
Number of layers:     21
Number of macros:     212
Number of vias:       14
Number of viarulegen: 11

[INFO DRT-0150] Reading design.
[WARNING DRT-0120] Large net fifo_out/net337 has 144 pins which may impact routing performance. Consider optimization.

Design:                   mock_cpu
Die area:                 ( 0 0 ) ( 130827 130827 )
Number of track patterns: 32
Number of DEF vias:       0
Number of components:     42564
Number of terminals:      74
Number of snets:          2
Number of nets:           39798

[INFO DRT-0167] List of default vias:
  Layer V2
    default via: VIA23
  Layer V3
    default via: VIA34
  Layer V4
    default via: VIA45
  Layer V5
    default via: VIA56
  Layer V6
    default via: VIA67
  Layer V7
    default via: VIA78
  Layer V8
    default via: VIA89
  Layer V9
    default via: VIA9Pad
[INFO DRT-0162] Library cell analysis.
[INFO DRT-0163] Instance analysis.
[INFO DRT-0164] Number of unique instances = 174.
[INFO DRT-0168] Init region query.
[INFO DRT-0024]   Complete Active.
[INFO DRT-0024]   Complete V0.
[INFO DRT-0024]   Complete M1.
[INFO DRT-0024]   Complete V1.
[INFO DRT-0024]   Complete M2.
[INFO DRT-0024]   Complete V2.
[INFO DRT-0024]   Complete M3.
[INFO DRT-0024]   Complete V3.
[INFO DRT-0024]   Complete M4.
[INFO DRT-0024]   Complete V4.
[INFO DRT-0024]   Complete M5.
[INFO DRT-0024]   Complete V5.
[INFO DRT-0024]   Complete M6.
[INFO DRT-0024]   Complete V6.
[INFO DRT-0024]   Complete M7.
[INFO DRT-0024]   Complete V7.
[INFO DRT-0024]   Complete M8.
[INFO DRT-0024]   Complete V8.
[INFO DRT-0024]   Complete M9.
[INFO DRT-0024]   Complete V9.
[INFO DRT-0024]   Complete Pad.
[INFO DRT-0033] Active shape region query size = 0.
[INFO DRT-0033] V0 shape region query size = 0.
[INFO DRT-0033] M1 shape region query size = 1078209.
[INFO DRT-0033] V1 shape region query size = 1824211.
[INFO DRT-0033] M2 shape region query size = 68876.
[INFO DRT-0033] V2 shape region query size = 33840.
[INFO DRT-0033] M3 shape region query size = 33840.
[INFO DRT-0033] V3 shape region query size = 22560.
[INFO DRT-0033] M4 shape region query size = 22560.
[INFO DRT-0033] V4 shape region query size = 22560.
[INFO DRT-0033] M5 shape region query size = 12552.
[INFO DRT-0033] V5 shape region query size = 2304.
[INFO DRT-0033] M6 shape region query size = 1248.
[INFO DRT-0033] V6 shape region query size = 0.
[INFO DRT-0033] M7 shape region query size = 0.
[INFO DRT-0033] V7 shape region query size = 0.
[INFO DRT-0033] M8 shape region query size = 0.
[INFO DRT-0033] V8 shape region query size = 0.
[INFO DRT-0033] M9 shape region query size = 0.
[INFO DRT-0033] V9 shape region query size = 0.
[INFO DRT-0033] Pad shape region query size = 0.
[INFO DRT-0165] Start pin access.
[INFO DRT-0078]   Complete 858 pins.
[INFO DRT-0079]   Complete 100 unique inst patterns.
[INFO DRT-0081]   Complete 174 unique inst patterns.
[INFO DRT-0082]   Complete 10000 groups.
[INFO DRT-0082]   Complete 20000 groups.
[INFO DRT-0084]   Complete 25198 groups.
#scanned instances     = 42564
#unique  instances     = 174
#stdCellGenAp          = 4439
#stdCellValidPlanarAp  = 52
#stdCellValidViaAp     = 3510
#stdCellPinNoAp        = 0
#stdCellPinCnt         = 100792
#instTermValidViaApCnt = 0
#macroGenAp            = 0
#macroValidPlanarAp    = 0
#macroValidViaAp       = 0
#macroNoAp             = 0
[INFO DRT-0166] Complete pin access.
[INFO DRT-0267] cpu time = 00:31:06, elapsed time = 00:01:03, memory = 496.65 (MB), peak = 538.94 (MB)
Took 64 seconds: pin_access
global_route -congestion_report_file /tmp/workspace/scripts-Private_test-fr_cugr_cmp-2-/reports/asap7/mock-cpu/base/congestion.rpt -congestion_iterations 10 -congestion_report_iter_step 5 -verbose -resistance_aware -use_cugr
[INFO GRT-0020] Min routing layer: M2
[INFO GRT-0021] Max routing layer: M7
[INFO GRT-0022] Global adjustment: 0%
[INFO GRT-0023] Grid origin: (0, 0)
[INFO GRT-0088] Layer M1      Track-Pitch = 0.0360  line-2-Via Pitch: 0.0360
[INFO GRT-0088] Layer M2      Track-Pitch = 0.0390  line-2-Via Pitch: 0.0360
[INFO GRT-0088] Layer M3      Track-Pitch = 0.0360  line-2-Via Pitch: 0.0360
[INFO GRT-0088] Layer M4      Track-Pitch = 0.0480  line-2-Via Pitch: 0.0480
[INFO GRT-0088] Layer M5      Track-Pitch = 0.0480  line-2-Via Pitch: 0.0480
[INFO GRT-0088] Layer M6      Track-Pitch = 0.0640  line-2-Via Pitch: 0.0640
[INFO GRT-0088] Layer M7      Track-Pitch = 0.0640  line-2-Via Pitch: 0.0640
[INFO GRT-0003] Macros: 0
[INFO GRT-0004] Blockages: 56544
[INFO GRT-0019] Found 843 clock nets.
[INFO GRT-0001] Minimum degree: 2
[INFO GRT-0002] Maximum degree: 144
Design statistics
Nets:                39797
Special nets:        2
Routing layers:      7

[INFO GRT-0053] Routing resources analysis:
          Routing      Original      Derated      Resource
Layer     Direction    Resources     Resources    Reduction (%)
---------------------------------------------------------------
M1         Vertical            0             0          0.00%
M2         Horizontal     632661        474496          25.00%
M3         Vertical       818192        613644          25.00%
M4         Horizontal     612148        459111          25.00%
M5         Vertical       568246        426184          25.00%
M6         Horizontal     395294        296581          24.97%
M7         Vertical       466032        349524          25.00%
---------------------------------------------------------------

Stage 1: Pattern routing.
Stage 2: Resistance-aware re-route of critical nets.
Stage 5: Iterative rip-up and re-route.
[INFO GRT-0117] Start extra iteration 1/10
[WARNING GRT-0118] Iterative RRR finished with congestion remaining (34).
Routing statistics
Wire length:           1296560
Total via count:       209034
Total congestion:      34.39
Min resource:          -0.35
Bottleneck:            (5, 9, 71)
[INFO GRT-0130] CUGR congestion report:
Layer   Dir     Resource     Wire Dmd      Via Dmd    Total Dmd  Usage (%)   Wire Ovf    Via Ovf  Max Edge Ovf
--------------------------------------------------------------------------------------------------------------
M1        V         0.00         0.00         0.00         0.00       0.00       0.00       0.00          0.00
M2        H    474495.69     29526.00     13819.62     43345.62       9.14       0.00       0.00          0.00
M3        V    613643.68     24184.00      8523.69     32707.69       5.33       0.00       0.00          0.00
M4        H    459110.96      7340.00      6011.69     13351.69       2.91       0.00       0.00          0.00
M5        V    426184.36      3439.50      5879.26      9318.76       2.19       0.00       0.00          0.00
M6        H    296581.30     12982.00      4922.98     17904.98       6.04       0.00      34.39          0.35
M7        V    349524.00     11561.50      2381.12     13942.62       3.99       0.00       0.00          0.00
--------------------------------------------------------------------------------------------------------------
Total         2619539.99     89033.00     41538.36    130571.36       4.98       0.00      34.39          0.35
[INFO GRT-0018] Total wirelength: 86507 um
[INFO GRT-0014] Routed nets: 39797
[WARNING GRT-0115] Global routing finished with congestion. Check the congestion regions in the DRC Viewer.
[INFO GRT-0303] Global routing runtime = 00:00:08
Took 8 seconds: global_route -congestion_report_file /tmp/workspace/scripts-Private_test-fr_cugr_cmp-2-/reports/asap7/mock-cpu/base/congestion.rpt -congestion_iterations 10 -congestion_report_iter_step 5 -verbose -resistance_aware -use_cugr
estimate_parasitics -global_routing
Perform buffer insertion and gate resizing...
repair_design -verbose
Iteration |   Area    | Resized | Buffers | Nets repaired | Remaining
---------------------------------------------------------------------
        0 |     +0.0% |       0 |       0 |             0 |     40511
     1000 |     +0.0% |       0 |       0 |             0 |     39511
     2000 |     +0.0% |       0 |       0 |             0 |     38511
     3000 |     +0.0% |       0 |       0 |             0 |     37511
     4000 |     +0.0% |       0 |       0 |             0 |     36511
     5000 |     +0.0% |       0 |       0 |             0 |     35511
     6000 |     +0.0% |       0 |       0 |             0 |     34511
     7000 |     +0.0% |       0 |       0 |             0 |     33511
     8000 |     +0.0% |       0 |       0 |             0 |     32511
     9000 |     +0.0% |       0 |       0 |             0 |     31511
    10000 |     +0.0% |       0 |       0 |             0 |     30511
    11000 |     +0.0% |       0 |       0 |             0 |     29511
    12000 |     +0.0% |       0 |       0 |             0 |     28511
    13000 |     +0.0% |       0 |       0 |             0 |     27511
    14000 |     +0.0% |       0 |       0 |             0 |     26511
    15000 |     +0.0% |       0 |       0 |             0 |     25511
    16000 |     +0.0% |       0 |       0 |             0 |     24511
    17000 |     +0.0% |       0 |       0 |             0 |     23511
    18000 |     +0.0% |       0 |       0 |             0 |     22511
    19000 |     +0.0% |       0 |       0 |             0 |     21511
    20000 |     +0.0% |       0 |       0 |             0 |     20511
    21000 |     +0.0% |       0 |       0 |             0 |     19511
    22000 |     +0.0% |       0 |       0 |             0 |     18511
    23000 |     +0.0% |       0 |       0 |             0 |     17511
    24000 |     +0.0% |       0 |       0 |             0 |     16511
    25000 |     +0.0% |       0 |       0 |             0 |     15511
    26000 |     +0.0% |       0 |       0 |             0 |     14511
    27000 |     +0.0% |       0 |       0 |             0 |     13511
    28000 |     +0.0% |       0 |       0 |             0 |     12511
    29000 |     +0.0% |       0 |       0 |             0 |     11511
    30000 |     +0.0% |       0 |       0 |             0 |     10511
    31000 |     +0.0% |       0 |       0 |             0 |      9511
    32000 |     +0.0% |       0 |       0 |             0 |      8511
    33000 |     +0.0% |       0 |       0 |             0 |      7511
    34000 |     +0.0% |       0 |       0 |             0 |      6511
    35000 |     +0.0% |       0 |       0 |             0 |      5511
    36000 |     +0.0% |       0 |       0 |             0 |      4511
    37000 |     +0.0% |       0 |       0 |             0 |      3511
    38000 |     +0.0% |       0 |       0 |             0 |      2511
[WARNING RSZ-0104] Net fifo_in/_305_ only has one pin. Check if it is intended to be dangling.
    39000 |     +0.0% |       0 |       0 |             0 |      1511
    40000 |     +0.0% |       0 |       0 |             0 |       511
    final |     +0.0% |       0 |       0 |             0 |         0
---------------------------------------------------------------------
[INFO RSZ-0504] Runtime: 2.05s
global_route -start_incremental
detailed_placement
[INFO DPL-0006] Core area: 16048.83 um^2
[INFO DPL-0007] Movable instances area: 6936.26 um^2
[INFO DPL-0008] Fixed instances area within core: 61.67 um^2
[INFO DPL-0009] Utilization: 43.6%
[INFO DPL-0005] Diamond search max displacement: +/- 500 sites horizontally, +/- 100 rows vertically.
[INFO DPL-1102] Legalizing using negotiation legalizer.
[INFO DPL-1103] Negotiation base search window: +/-20 sites horizontally, +/-5 rows vertically 
	Automatic search window extension enabled.
	Search window extendable up to the max displacement cap of +/-500 sites, +/-100 rows near walls.
[INFO DPL-1104] NegotiationLegalizer DRC penalty: 5.
[INFO DPL-0392] Negotiation cell height distribution (1 unique row-count(s)):
[INFO DPL-0393]   height 1 row(s): 42564 cells
[INFO DPL-0500] Runtime: 0.22s
Placement Analysis
---------------------------------
total displacement          0.0 u
average displacement        0.0 u
max displacement            0.0 u
original HPWL           41755.6 u
legalized HPWL          41755.6 u
delta HPWL                    0 %

global_route -end_incremental -resistance_aware -congestion_report_file /tmp/workspace/scripts-Private_test-fr_cugr_cmp-2-/reports/asap7/mock-cpu/base/congestion_post_repair_design.rpt
[WARNING GRT-0115] Global routing finished with congestion. Check the congestion regions in the DRC Viewer.
Repair setup and hold violations...
estimate_parasitics -global_routing
repair_timing -setup_margin 0 -hold_margin 0 -repair_tns 100 -verbose
[INFO RSZ-0100] Repair move sequence: UnbufferMove SizeUpMove SwapPinsMove BufferMove CloneMove SplitLoadMove 
[INFO RSZ-0094] Found 3 endpoints with setup violations.
[INFO RSZ-0099] Repairing 3 out of 3 (100.00%) violating endpoints...
   Iter   | Removed | Resized | Inserted | Cloned |  Pin  |   Area   |    WNS   |   StTNS    |   EnTNS    |  Viol  |  Worst  
          | Buffers |  Gates  | Buffers  |  Gates | Swaps |          |          |            |            | Endpts | St/EnPt 
------------------------------------------------------------------------------------------------------------------------------
       0* |       0 |       0 |        0 |      0 |     0 |    +0.0% |   -1.606 |       -1.6 |       -3.1 |      3 | mult_result\[0\]\[15\]$_DFF_P_/D
       3* |       0 |       0 |        2 |      0 |     1 |    +0.0% |    9.361 |        0.0 |        0.0 |      3 | mult_result\[0\]\[15\]$_DFF_P_/D
       4* |       0 |       0 |        2 |      0 |     1 |    +0.0% |    9.361 |        0.0 |        0.0 |      3 | mult_result\[0\]\[15\]$_DFF_P_/D
       5* |       0 |       0 |        2 |      0 |     1 |    +0.0% |    9.361 |        0.0 |        0.0 |      3 | mult_result\[0\]\[15\]$_DFF_P_/D
       5* |       0 |       0 |        2 |      0 |     1 |    +0.0% |    9.361 |        0.0 |        0.0 |      3 | mult_result\[0\]\[15\]$_DFF_P_/D
    final |       0 |       0 |        2 |      0 |     1 |    +0.0% |    9.361 |        0.0 |        0.0 |      0 | mult_result\[0\]\[15\]$_DFF_P_/D
------------------------------------------------------------------------------------------------------------------------------
[INFO RSZ-0040] Inserted 2 buffers.
[INFO RSZ-0043] Swapped pins on 1 instances.
[WARNING GRT-0128] Incremental global routing finished with congestion. Check the congestion regions in the DRC Viewer.
[INFO RSZ-0505] Runtime: 2.67s
[INFO RSZ-0033] No hold violations found.
[INFO RSZ-0506] Runtime: 0.32s
global_route -start_incremental
detailed_placement
[INFO DPL-0006] Core area: 16048.83 um^2
[INFO DPL-0007] Movable instances area: 6936.44 um^2
[INFO DPL-0008] Fixed instances area within core: 61.67 um^2
[INFO DPL-0009] Utilization: 43.6%
[INFO DPL-0005] Diamond search max displacement: +/- 500 sites horizontally, +/- 100 rows vertically.
[INFO DPL-1102] Legalizing using negotiation legalizer.
[INFO DPL-1103] Negotiation base search window: +/-20 sites horizontally, +/-5 rows vertically 
	Automatic search window extension enabled.
	Search window extendable up to the max displacement cap of +/-500 sites, +/-100 rows near walls.
[INFO DPL-1104] NegotiationLegalizer DRC penalty: 5.
[INFO DPL-0392] Negotiation cell height distribution (1 unique row-count(s)):
[INFO DPL-0393]   height 1 row(s): 42566 cells
          |      Total |  Illegal |  Illegal
Iteration | Violations |    Cells |    Sites
---------------------------------------------
        0 |          0 |         0 |         0
Negotiation phase 1 converged at iteration 0.
[INFO DPL-0500] Runtime: 0.26s
Placement Analysis
---------------------------------
total displacement          1.7 u
average displacement        0.0 u
max displacement            0.8 u
original HPWL           41755.9 u
legalized HPWL          41755.9 u
delta HPWL                    0 %

check_placement -verbose
global_route -end_incremental -resistance_aware -congestion_report_file /tmp/workspace/scripts-Private_test-fr_cugr_cmp-2-/reports/asap7/mock-cpu/base/congestion_post_repair_timing.rpt
[WARNING GRT-0128] Incremental global routing finished with congestion. Check the congestion regions in the DRC Viewer.
[WARNING GRT-0115] Global routing finished with congestion. Check the congestion regions in the DRC Viewer.
estimate_parasitics -global_routing
repair_timing -setup -sequence "vt_swap reroute" -skip_last_gasp -repair_tns 0 -verbose
[INFO RSZ-0100] Repair move sequence: RerouteMove 
[INFO RSZ-0098] No setup violations found
[INFO RSZ-0505] Runtime: 1.22s
Repair antennas...
[WARNING GRT-0246] No diode with LEF class CORE ANTENNACELL found.
[INFO ANT-0002] Found 0 net violations.
[INFO ANT-0001] Found 0 pin violations.
Estimate parasitics...
estimate_parasitics -global_routing
Report metrics stage 5, global route...

==========================================================================
global route report_design_area
--------------------------------------------------------------------------
Design area 6998 um^2 44% utilization.
[INFO FLW-0007] clock clk period 333.000000
[WARNING FLW-0010] more than one clock found. Skipping sdc update.
[INFO FLW-0011] Path endpoint path count 19730
write_db /tmp/workspace/scripts-Private_test-fr_cugr_cmp-2-/results/asap7/mock-cpu/base/5_1_grt.odb
write_sdc -no_timestamp /tmp/workspace/scripts-Private_test-fr_cugr_cmp-2-/results/asap7/mock-cpu/base/5_1_grt.sdc
Elapsed time: 1:40.89[h:]min:sec. CPU time: user 1966.71 sys 52.74 (2001%). Peak memory: 1024640KB.
Log                       Ext     Elapsed/s Peak Memory/MB sha1sum result [0:20)
5_1_grt                   .odb          100           1000 1d7c877c4f413b9fd388
5_1_grt                   .sdc                             2c2ef38e28c761623377
/OpenROAD-flow-scripts/flow/scripts/flow.sh 5_2_route detail_route
Running detail_route.tcl, stage 5_2_route
source ./platforms/asap7/liberty_suppressions.tcl
read_liberty ./platforms/asap7/lib/NLDM/asap7sc7p5t_AO_RVT_FF_nldm_211120.lib.gz
read_liberty ./platforms/asap7/lib/NLDM/asap7sc7p5t_INVBUF_RVT_FF_nldm_220122.lib.gz
read_liberty ./platforms/asap7/lib/NLDM/asap7sc7p5t_OA_RVT_FF_nldm_211120.lib.gz
read_liberty ./platforms/asap7/lib/NLDM/asap7sc7p5t_SIMPLE_RVT_FF_nldm_211120.lib.gz
read_liberty ./platforms/asap7/lib/NLDM/asap7sc7p5t_SEQ_RVT_FF_nldm_220123.lib
read_db -hier /tmp/workspace/scripts-Private_test-fr_cugr_cmp-2-/results/asap7/mock-cpu/base/5_1_grt.odb
[WARNING ORD-0012] Hierarchical flow (-hier) is currently in development and may cause multiple issues. Do not use in production environments.
read_sdc /tmp/workspace/scripts-Private_test-fr_cugr_cmp-2-/results/asap7/mock-cpu/base/5_1_grt.sdc
[WARNING STA-1551] /tmp/workspace/scripts-Private_test-fr_cugr_cmp-2-/results/asap7/mock-cpu/base/5_1_grt.sdc line 56524, 'fifo_in/wdata[31]' is not a valid endpoint.
[WARNING STA-1551] /tmp/workspace/scripts-Private_test-fr_cugr_cmp-2-/results/asap7/mock-cpu/base/5_1_grt.sdc line 56524, 'fifo_in/wdata[30]' is not a valid endpoint.
[WARNING STA-1551] /tmp/workspace/scripts-Private_test-fr_cugr_cmp-2-/results/asap7/mock-cpu/base/5_1_grt.sdc line 56524, 'fifo_in/wdata[29]' is not a valid endpoint.
[WARNING STA-1551] /tmp/workspace/scripts-Private_test-fr_cugr_cmp-2-/results/asap7/mock-cpu/base/5_1_grt.sdc line 56524, 'fifo_in/wdata[28]' is not a valid endpoint.
[WARNING STA-1551] /tmp/workspace/scripts-Private_test-fr_cugr_cmp-2-/results/asap7/mock-cpu/base/5_1_grt.sdc line 56524, 'fifo_in/wdata[27]' is not a valid endpoint.
[WARNING STA-1551] /tmp/workspace/scripts-Private_test-fr_cugr_cmp-2-/results/asap7/mock-cpu/base/5_1_grt.sdc line 56524, 'fifo_in/wdata[26]' is not a valid endpoint.
[WARNING STA-1551] /tmp/workspace/scripts-Private_test-fr_cugr_cmp-2-/results/asap7/mock-cpu/base/5_1_grt.sdc line 56524, 'fifo_in/wdata[25]' is not a valid endpoint.
[WARNING STA-1551] /tmp/workspace/scripts-Private_test-fr_cugr_cmp-2-/results/asap7/mock-cpu/base/5_1_grt.sdc line 56524, 'fifo_in/wdata[24]' is not a valid endpoint.
[WARNING STA-1551] /tmp/workspace/scripts-Private_test-fr_cugr_cmp-2-/results/asap7/mock-cpu/base/5_1_grt.sdc line 56524, 'fifo_in/wdata[23]' is not a valid endpoint.
[WARNING STA-1551] /tmp/workspace/scripts-Private_test-fr_cugr_cmp-2-/results/asap7/mock-cpu/base/5_1_grt.sdc line 56524, 'fifo_in/wdata[22]' is not a valid endpoint.
[WARNING STA-1551] /tmp/workspace/scripts-Private_test-fr_cugr_cmp-2-/results/asap7/mock-cpu/base/5_1_grt.sdc line 56524, 'fifo_in/wdata[21]' is not a valid endpoint.
[WARNING STA-1551] /tmp/workspace/scripts-Private_test-fr_cugr_cmp-2-/results/asap7/mock-cpu/base/5_1_grt.sdc line 56524, 'fifo_in/wdata[20]' is not a valid endpoint.
[WARNING STA-1551] /tmp/workspace/scripts-Private_test-fr_cugr_cmp-2-/results/asap7/mock-cpu/base/5_1_grt.sdc line 56524, 'fifo_in/wdata[19]' is not a valid endpoint.
[WARNING STA-1551] /tmp/workspace/scripts-Private_test-fr_cugr_cmp-2-/results/asap7/mock-cpu/base/5_1_grt.sdc line 56524, 'fifo_in/wdata[18]' is not a valid endpoint.
[WARNING STA-1551] /tmp/workspace/scripts-Private_test-fr_cugr_cmp-2-/results/asap7/mock-cpu/base/5_1_grt.sdc line 56524, 'fifo_in/wdata[17]' is not a valid endpoint.
[WARNING STA-1551] /tmp/workspace/scripts-Private_test-fr_cugr_cmp-2-/results/asap7/mock-cpu/base/5_1_grt.sdc line 56524, 'fifo_in/wdata[16]' is not a valid endpoint.
[WARNING STA-1551] /tmp/workspace/scripts-Private_test-fr_cugr_cmp-2-/results/asap7/mock-cpu/base/5_1_grt.sdc line 56524, 'fifo_in/wdata[15]' is not a valid endpoint.
[WARNING STA-1551] /tmp/workspace/scripts-Private_test-fr_cugr_cmp-2-/results/asap7/mock-cpu/base/5_1_grt.sdc line 56524, 'fifo_in/wdata[14]' is not a valid endpoint.
[WARNING STA-1551] /tmp/workspace/scripts-Private_test-fr_cugr_cmp-2-/results/asap7/mock-cpu/base/5_1_grt.sdc line 56524, 'fifo_in/wdata[13]' is not a valid endpoint.
[WARNING STA-1551] /tmp/workspace/scripts-Private_test-fr_cugr_cmp-2-/results/asap7/mock-cpu/base/5_1_grt.sdc line 56524, 'fifo_in/wdata[12]' is not a valid endpoint.
[WARNING STA-1551] /tmp/workspace/scripts-Private_test-fr_cugr_cmp-2-/results/asap7/mock-cpu/base/5_1_grt.sdc line 56524, 'fifo_in/wdata[11]' is not a valid endpoint.
[WARNING STA-1551] /tmp/workspace/scripts-Private_test-fr_cugr_cmp-2-/results/asap7/mock-cpu/base/5_1_grt.sdc line 56524, 'fifo_in/wdata[10]' is not a valid endpoint.
[WARNING STA-1551] /tmp/workspace/scripts-Private_test-fr_cugr_cmp-2-/results/asap7/mock-cpu/base/5_1_grt.sdc line 56524, 'fifo_in/wdata[9]' is not a valid endpoint.
[WARNING STA-1551] /tmp/workspace/scripts-Private_test-fr_cugr_cmp-2-/results/asap7/mock-cpu/base/5_1_grt.sdc line 56524, 'fifo_in/wdata[8]' is not a valid endpoint.
[WARNING STA-1551] /tmp/workspace/scripts-Private_test-fr_cugr_cmp-2-/results/asap7/mock-cpu/base/5_1_grt.sdc line 56524, 'fifo_in/wdata[7]' is not a valid endpoint.
[WARNING STA-1551] /tmp/workspace/scripts-Private_test-fr_cugr_cmp-2-/results/asap7/mock-cpu/base/5_1_grt.sdc line 56524, 'fifo_in/wdata[6]' is not a valid endpoint.
[WARNING STA-1551] /tmp/workspace/scripts-Private_test-fr_cugr_cmp-2-/results/asap7/mock-cpu/base/5_1_grt.sdc line 56524, 'fifo_in/wdata[5]' is not a valid endpoint.
[WARNING STA-1551] /tmp/workspace/scripts-Private_test-fr_cugr_cmp-2-/results/asap7/mock-cpu/base/5_1_grt.sdc line 56524, 'fifo_in/wdata[4]' is not a valid endpoint.
[WARNING STA-1551] /tmp/workspace/scripts-Private_test-fr_cugr_cmp-2-/results/asap7/mock-cpu/base/5_1_grt.sdc line 56524, 'fifo_in/wdata[3]' is not a valid endpoint.
[WARNING STA-1551] /tmp/workspace/scripts-Private_test-fr_cugr_cmp-2-/results/asap7/mock-cpu/base/5_1_grt.sdc line 56524, 'fifo_in/wdata[2]' is not a valid endpoint.
[WARNING STA-1551] /tmp/workspace/scripts-Private_test-fr_cugr_cmp-2-/results/asap7/mock-cpu/base/5_1_grt.sdc line 56524, 'fifo_in/wdata[1]' is not a valid endpoint.
[WARNING STA-1551] /tmp/workspace/scripts-Private_test-fr_cugr_cmp-2-/results/asap7/mock-cpu/base/5_1_grt.sdc line 56524, 'fifo_in/wdata[0]' is not a valid endpoint.
[WARNING STA-1551] /tmp/workspace/scripts-Private_test-fr_cugr_cmp-2-/results/asap7/mock-cpu/base/5_1_grt.sdc line 56524, 'fifo_in/winc' is not a valid endpoint.
[WARNING STA-1551] /tmp/workspace/scripts-Private_test-fr_cugr_cmp-2-/results/asap7/mock-cpu/base/5_1_grt.sdc line 56524, 'fifo_out/rinc' is not a valid endpoint.
[WARNING STA-1551] /tmp/workspace/scripts-Private_test-fr_cugr_cmp-2-/results/asap7/mock-cpu/base/5_1_grt.sdc line 94137, 'fifo_out/rinc' is not a valid endpoint.
[WARNING STA-1551] /tmp/workspace/scripts-Private_test-fr_cugr_cmp-2-/results/asap7/mock-cpu/base/5_1_grt.sdc line 94140, 'fifo_in/winc' is not a valid endpoint.
[WARNING STA-1551] /tmp/workspace/scripts-Private_test-fr_cugr_cmp-2-/results/asap7/mock-cpu/base/5_1_grt.sdc line 94205, 'fifo_in/wdata[31]' is not a valid endpoint.
[WARNING STA-1551] /tmp/workspace/scripts-Private_test-fr_cugr_cmp-2-/results/asap7/mock-cpu/base/5_1_grt.sdc line 94205, 'fifo_in/wdata[30]' is not a valid endpoint.
[WARNING STA-1551] /tmp/workspace/scripts-Private_test-fr_cugr_cmp-2-/results/asap7/mock-cpu/base/5_1_grt.sdc line 94205, 'fifo_in/wdata[29]' is not a valid endpoint.
[WARNING STA-1551] /tmp/workspace/scripts-Private_test-fr_cugr_cmp-2-/results/asap7/mock-cpu/base/5_1_grt.sdc line 94205, 'fifo_in/wdata[28]' is not a valid endpoint.
[WARNING STA-1551] /tmp/workspace/scripts-Private_test-fr_cugr_cmp-2-/results/asap7/mock-cpu/base/5_1_grt.sdc line 94205, 'fifo_in/wdata[27]' is not a valid endpoint.
[WARNING STA-1551] /tmp/workspace/scripts-Private_test-fr_cugr_cmp-2-/results/asap7/mock-cpu/base/5_1_grt.sdc line 94205, 'fifo_in/wdata[26]' is not a valid endpoint.
[WARNING STA-1551] /tmp/workspace/scripts-Private_test-fr_cugr_cmp-2-/results/asap7/mock-cpu/base/5_1_grt.sdc line 94205, 'fifo_in/wdata[25]' is not a valid endpoint.
[WARNING STA-1551] /tmp/workspace/scripts-Private_test-fr_cugr_cmp-2-/results/asap7/mock-cpu/base/5_1_grt.sdc line 94205, 'fifo_in/wdata[24]' is not a valid endpoint.
[WARNING STA-1551] /tmp/workspace/scripts-Private_test-fr_cugr_cmp-2-/results/asap7/mock-cpu/base/5_1_grt.sdc line 94205, 'fifo_in/wdata[23]' is not a valid endpoint.
[WARNING STA-1551] /tmp/workspace/scripts-Private_test-fr_cugr_cmp-2-/results/asap7/mock-cpu/base/5_1_grt.sdc line 94205, 'fifo_in/wdata[22]' is not a valid endpoint.
[WARNING STA-1551] /tmp/workspace/scripts-Private_test-fr_cugr_cmp-2-/results/asap7/mock-cpu/base/5_1_grt.sdc line 94205, 'fifo_in/wdata[21]' is not a valid endpoint.
[WARNING STA-1551] /tmp/workspace/scripts-Private_test-fr_cugr_cmp-2-/results/asap7/mock-cpu/base/5_1_grt.sdc line 94205, 'fifo_in/wdata[20]' is not a valid endpoint.
[WARNING STA-1551] /tmp/workspace/scripts-Private_test-fr_cugr_cmp-2-/results/asap7/mock-cpu/base/5_1_grt.sdc line 94205, 'fifo_in/wdata[19]' is not a valid endpoint.
[WARNING STA-1551] /tmp/workspace/scripts-Private_test-fr_cugr_cmp-2-/results/asap7/mock-cpu/base/5_1_grt.sdc line 94205, 'fifo_in/wdata[18]' is not a valid endpoint.
[WARNING STA-1551] /tmp/workspace/scripts-Private_test-fr_cugr_cmp-2-/results/asap7/mock-cpu/base/5_1_grt.sdc line 94205, 'fifo_in/wdata[17]' is not a valid endpoint.
[WARNING STA-1551] /tmp/workspace/scripts-Private_test-fr_cugr_cmp-2-/results/asap7/mock-cpu/base/5_1_grt.sdc line 94205, 'fifo_in/wdata[16]' is not a valid endpoint.
[WARNING STA-1551] /tmp/workspace/scripts-Private_test-fr_cugr_cmp-2-/results/asap7/mock-cpu/base/5_1_grt.sdc line 94205, 'fifo_in/wdata[15]' is not a valid endpoint.
[WARNING STA-1551] /tmp/workspace/scripts-Private_test-fr_cugr_cmp-2-/results/asap7/mock-cpu/base/5_1_grt.sdc line 94205, 'fifo_in/wdata[14]' is not a valid endpoint.
[WARNING STA-1551] /tmp/workspace/scripts-Private_test-fr_cugr_cmp-2-/results/asap7/mock-cpu/base/5_1_grt.sdc line 94205, 'fifo_in/wdata[13]' is not a valid endpoint.
[WARNING STA-1551] /tmp/workspace/scripts-Private_test-fr_cugr_cmp-2-/results/asap7/mock-cpu/base/5_1_grt.sdc line 94205, 'fifo_in/wdata[12]' is not a valid endpoint.
[WARNING STA-1551] /tmp/workspace/scripts-Private_test-fr_cugr_cmp-2-/results/asap7/mock-cpu/base/5_1_grt.sdc line 94205, 'fifo_in/wdata[11]' is not a valid endpoint.
[WARNING STA-1551] /tmp/workspace/scripts-Private_test-fr_cugr_cmp-2-/results/asap7/mock-cpu/base/5_1_grt.sdc line 94205, 'fifo_in/wdata[10]' is not a valid endpoint.
[WARNING STA-1551] /tmp/workspace/scripts-Private_test-fr_cugr_cmp-2-/results/asap7/mock-cpu/base/5_1_grt.sdc line 94205, 'fifo_in/wdata[9]' is not a valid endpoint.
[WARNING STA-1551] /tmp/workspace/scripts-Private_test-fr_cugr_cmp-2-/results/asap7/mock-cpu/base/5_1_grt.sdc line 94205, 'fifo_in/wdata[8]' is not a valid endpoint.
[WARNING STA-1551] /tmp/workspace/scripts-Private_test-fr_cugr_cmp-2-/results/asap7/mock-cpu/base/5_1_grt.sdc line 94205, 'fifo_in/wdata[7]' is not a valid endpoint.
[WARNING STA-1551] /tmp/workspace/scripts-Private_test-fr_cugr_cmp-2-/results/asap7/mock-cpu/base/5_1_grt.sdc line 94205, 'fifo_in/wdata[6]' is not a valid endpoint.
[WARNING STA-1551] /tmp/workspace/scripts-Private_test-fr_cugr_cmp-2-/results/asap7/mock-cpu/base/5_1_grt.sdc line 94205, 'fifo_in/wdata[5]' is not a valid endpoint.
[WARNING STA-1551] /tmp/workspace/scripts-Private_test-fr_cugr_cmp-2-/results/asap7/mock-cpu/base/5_1_grt.sdc line 94205, 'fifo_in/wdata[4]' is not a valid endpoint.
[WARNING STA-1551] /tmp/workspace/scripts-Private_test-fr_cugr_cmp-2-/results/asap7/mock-cpu/base/5_1_grt.sdc line 94205, 'fifo_in/wdata[3]' is not a valid endpoint.
[WARNING STA-1551] /tmp/workspace/scripts-Private_test-fr_cugr_cmp-2-/results/asap7/mock-cpu/base/5_1_grt.sdc line 94205, 'fifo_in/wdata[2]' is not a valid endpoint.
[WARNING STA-1551] /tmp/workspace/scripts-Private_test-fr_cugr_cmp-2-/results/asap7/mock-cpu/base/5_1_grt.sdc line 94205, 'fifo_in/wdata[1]' is not a valid endpoint.
[WARNING STA-1551] /tmp/workspace/scripts-Private_test-fr_cugr_cmp-2-/results/asap7/mock-cpu/base/5_1_grt.sdc line 94205, 'fifo_in/wdata[0]' is not a valid endpoint.
[WARNING STA-1551] /tmp/workspace/scripts-Private_test-fr_cugr_cmp-2-/results/asap7/mock-cpu/base/5_1_grt.sdc line 94249, 'rrst_n' is not a valid endpoint.
[WARNING STA-1551] /tmp/workspace/scripts-Private_test-fr_cugr_cmp-2-/results/asap7/mock-cpu/base/5_1_grt.sdc line 94249, 'wrst_n' is not a valid endpoint.
source ./platforms/asap7/setRC.tcl
detailed_route -output_drc /tmp/workspace/scripts-Private_test-fr_cugr_cmp-2-/reports/asap7/mock-cpu/base/5_route_drc.rpt -output_maze /tmp/workspace/scripts-Private_test-fr_cugr_cmp-2-/results/asap7/mock-cpu/base/maze.log -droute_end_iter 64 -verbose 1 -drc_report_iter_step 5
[INFO DRT-0149] Reading tech and libs.

Units:                1000
Number of layers:     21
Number of macros:     212
Number of vias:       14
Number of viarulegen: 11

[INFO DRT-0150] Reading design.
[WARNING DRT-0120] Large net fifo_out/net337 has 144 pins which may impact routing performance. Consider optimization.

Design:                   mock_cpu
Die area:                 ( 0 0 ) ( 130827 130827 )
Number of track patterns: 32
Number of DEF vias:       0
Number of components:     42566
Number of terminals:      74
Number of snets:          2
Number of nets:           39800

[INFO DRT-0167] List of default vias:
  Layer V2
    default via: VIA23
  Layer V3
    default via: VIA34
  Layer V4
    default via: VIA45
  Layer V5
    default via: VIA56
  Layer V6
    default via: VIA67
  Layer V7
    default via: VIA78
  Layer V8
    default via: VIA89
  Layer V9
    default via: VIA9Pad
[INFO DRT-0162] Library cell analysis.
[INFO DRT-0163] Instance analysis.
[INFO DRT-0164] Number of unique instances = 174.
[INFO DRT-0168] Init region query.
[INFO DRT-0024]   Complete Active.
[INFO DRT-0024]   Complete V0.
[INFO DRT-0024]   Complete M1.
[INFO DRT-0024]   Complete V1.
[INFO DRT-0024]   Complete M2.
[INFO DRT-0024]   Complete V2.
[INFO DRT-0024]   Complete M3.
[INFO DRT-0024]   Complete V3.
[INFO DRT-0024]   Complete M4.
[INFO DRT-0024]   Complete V4.
[INFO DRT-0024]   Complete M5.
[INFO DRT-0024]   Complete V5.
[INFO DRT-0024]   Complete M6.
[INFO DRT-0024]   Complete V6.
[INFO DRT-0024]   Complete M7.
[INFO DRT-0024]   Complete V7.
[INFO DRT-0024]   Complete M8.
[INFO DRT-0024]   Complete V8.
[INFO DRT-0024]   Complete M9.
[INFO DRT-0024]   Complete V9.
[INFO DRT-0024]   Complete Pad.
[INFO DRT-0033] Active shape region query size = 0.
[INFO DRT-0033] V0 shape region query size = 0.
[INFO DRT-0033] M1 shape region query size = 1078235.
[INFO DRT-0033] V1 shape region query size = 1824211.
[INFO DRT-0033] M2 shape region query size = 68876.
[INFO DRT-0033] V2 shape region query size = 33840.
[INFO DRT-0033] M3 shape region query size = 33840.
[INFO DRT-0033] V3 shape region query size = 22560.
[INFO DRT-0033] M4 shape region query size = 22560.
[INFO DRT-0033] V4 shape region query size = 22560.
[INFO DRT-0033] M5 shape region query size = 12552.
[INFO DRT-0033] V5 shape region query size = 2304.
[INFO DRT-0033] M6 shape region query size = 1248.
[INFO DRT-0033] V6 shape region query size = 0.
[INFO DRT-0033] M7 shape region query size = 0.
[INFO DRT-0033] V7 shape region query size = 0.
[INFO DRT-0033] M8 shape region query size = 0.
[INFO DRT-0033] V8 shape region query size = 0.
[INFO DRT-0033] M9 shape region query size = 0.
[INFO DRT-0033] V9 shape region query size = 0.
[INFO DRT-0033] Pad shape region query size = 0.
[INFO DRT-0165] Start pin access.
[INFO DRT-0078]   Complete 858 pins.
[INFO DRT-0079]   Complete 100 unique inst patterns.
[INFO DRT-0081]   Complete 174 unique inst patterns.
[INFO DRT-0082]   Complete 10000 groups.
[INFO DRT-0082]   Complete 20000 groups.
[INFO DRT-0084]   Complete 25199 groups.
#scanned instances     = 42566
#unique  instances     = 174
#stdCellGenAp          = 4439
#stdCellValidPlanarAp  = 52
#stdCellValidViaAp     = 3510
#stdCellPinNoAp        = 0
#stdCellPinCnt         = 100796
#instTermValidViaApCnt = 0
#macroGenAp            = 0
#macroValidPlanarAp    = 0
#macroValidViaAp       = 0
#macroNoAp             = 0
[INFO DRT-0166] Complete pin access.
[INFO DRT-0267] cpu time = 00:31:17, elapsed time = 00:01:03, memory = 750.39 (MB), peak = 792.60 (MB)
[INFO DRT-0156] guideIn read 100000 guides.
[INFO DRT-0156] guideIn read 200000 guides.

[INFO DRT-0157] Number of guides:     289537

[INFO DRT-0169] Post process guides.
[INFO DRT-0176] GCELLGRID X 0 DO 229 STEP 570 ;
[INFO DRT-0177] GCELLGRID Y 0 DO 229 STEP 570 ;
[INFO DRT-0026]   Complete 100000 origin guides.
[INFO DRT-0026]   Complete 200000 origin guides.
[INFO DRT-0028]   Complete Active.
[INFO DRT-0028]   Complete V0.
[INFO DRT-0028]   Complete M1.
[INFO DRT-0028]   Complete V1.
[INFO DRT-0028]   Complete M2.
[INFO DRT-0028]   Complete V2.
[INFO DRT-0028]   Complete M3.
[INFO DRT-0028]   Complete V3.
[INFO DRT-0028]   Complete M4.
[INFO DRT-0028]   Complete V4.
[INFO DRT-0028]   Complete M5.
[INFO DRT-0028]   Complete V5.
[INFO DRT-0028]   Complete M6.
[INFO DRT-0028]   Complete V6.
[INFO DRT-0028]   Complete M7.
[INFO DRT-0028]   Complete V7.
[INFO DRT-0028]   Complete M8.
[INFO DRT-0028]   Complete V8.
[INFO DRT-0028]   Complete M9.
[INFO DRT-0028]   Complete V9.
[INFO DRT-0028]   Complete Pad.
[INFO DRT-0178] Init guide query.
[INFO DRT-0035]   Complete Active (guide).
[INFO DRT-0035]   Complete V0 (guide).
[INFO DRT-0035]   Complete M1 (guide).
[INFO DRT-0035]   Complete V1 (guide).
[INFO DRT-0035]   Complete M2 (guide).
[INFO DRT-0035]   Complete V2 (guide).
[INFO DRT-0035]   Complete M3 (guide).
[INFO DRT-0035]   Complete V3 (guide).
[INFO DRT-0035]   Complete M4 (guide).
[INFO DRT-0035]   Complete V4 (guide).
[INFO DRT-0035]   Complete M5 (guide).
[INFO DRT-0035]   Complete V5 (guide).
[INFO DRT-0035]   Complete M6 (guide).
[INFO DRT-0035]   Complete V6 (guide).
[INFO DRT-0035]   Complete M7 (guide).
[INFO DRT-0035]   Complete V7 (guide).
[INFO DRT-0035]   Complete M8 (guide).
[INFO DRT-0035]   Complete V8 (guide).
[INFO DRT-0035]   Complete M9 (guide).
[INFO DRT-0035]   Complete V9 (guide).
[INFO DRT-0035]   Complete Pad (guide).
[INFO DRT-0036] Active guide region query size = 0.
[INFO DRT-0036] V0 guide region query size = 0.
[INFO DRT-0036] M1 guide region query size = 84165.
[INFO DRT-0036] V1 guide region query size = 0.
[INFO DRT-0036] M2 guide region query size = 60625.
[INFO DRT-0036] V2 guide region query size = 0.
[INFO DRT-0036] M3 guide region query size = 31063.
[INFO DRT-0036] V3 guide region query size = 0.
[INFO DRT-0036] M4 guide region query size = 11126.
[INFO DRT-0036] V4 guide region query size = 0.
[INFO DRT-0036] M5 guide region query size = 8569.
[INFO DRT-0036] V5 guide region query size = 0.
[INFO DRT-0036] M6 guide region query size = 7210.
[INFO DRT-0036] V6 guide region query size = 0.
[INFO DRT-0036] M7 guide region query size = 3077.
[INFO DRT-0036] V7 guide region query size = 0.
[INFO DRT-0036] M8 guide region query size = 0.
[INFO DRT-0036] V8 guide region query size = 0.
[INFO DRT-0036] M9 guide region query size = 0.
[INFO DRT-0036] V9 guide region query size = 0.
[INFO DRT-0036] Pad guide region query size = 0.
[INFO DRT-0179] Init gr pin query.
[INFO DRT-0267] cpu time = 00:00:01, elapsed time = 00:00:00, memory = 838.17 (MB), peak = 832.71 (MB)
[INFO DRT-0245] skipped writing guide updates to database.
[INFO DRT-0181] Start track assignment.
[INFO DRT-0184] Done with 126874 vertical wires in 5 frboxes and 78961 horizontal wires in 5 frboxes.
[INFO DRT-0186] Done with 4687 vertical wires in 5 frboxes and 12354 horizontal wires in 5 frboxes.
[INFO DRT-0182] Complete track assignment.
[INFO DRT-0267] cpu time = 00:00:13, elapsed time = 00:00:04, memory = 1599.95 (MB), peak = 1700.04 (MB)
[INFO DRT-0187] Start routing data preparation.
[INFO DRT-0267] cpu time = 00:00:00, elapsed time = 00:00:00, memory = 1599.95 (MB), peak = 1700.04 (MB)
[INFO DRT-0194] Start detail routing.
[INFO DRT-0195] Start 0th optimization iteration.
    Completing 10% with 0 violations.
    elapsed time = 00:00:02, memory = 3879.78 (MB).
    Completing 20% with 0 violations.
    elapsed time = 00:00:06, memory = 5552.47 (MB).
    Completing 30% with 524 violations.
    elapsed time = 00:00:09, memory = 5786.44 (MB).
    Completing 40% with 524 violations.
    elapsed time = 00:00:13, memory = 5857.22 (MB).
    Completing 50% with 524 violations.
    elapsed time = 00:00:16, memory = 5759.25 (MB).
    Completing 60% with 1001 violations.
    elapsed time = 00:00:21, memory = 6367.68 (MB).
    Completing 70% with 1001 violations.
    elapsed time = 00:00:25, memory = 6700.07 (MB).
    Completing 80% with 1466 violations.
    elapsed time = 00:00:30, memory = 6864.53 (MB).
    Completing 90% with 1466 violations.
    elapsed time = 00:00:35, memory = 6887.08 (MB).
    Completing 100% with 1950 violations.
    elapsed time = 00:00:42, memory = 5968.38 (MB).
[INFO DRT-0199]   Number of violations = 8631.
Viol/Layer          M1     M2     M3     V3     M4     V4     M5     V5     M6     V6     M7
CutSpcTbl            0      0      0      3      0     15      0      3      0     10      0
EOL                  0     31      0      0     11      0      3      0      0      0      0
Metal Spacing     1052     45     88      0      7      0      5      0      8      0      1
Recheck              4   1144   1572      0   1496      0   1440      0    858      0    167
Short                0    149     10      2      7      4      7      1      8      2      3
eolKeepOut           0    363     15      0     73      0     24      0      0      0      0
[INFO DRT-0267] cpu time = 00:15:35, elapsed time = 00:00:43, memory = 6341.05 (MB), peak = 7106.68 (MB)
Total wire length = 49277 um.
Total wire length on LAYER M1 = 0 um.
Total wire length on LAYER M2 = 22058 um.
Total wire length on LAYER M3 = 17271 um.
Total wire length on LAYER M4 = 4428 um.
Total wire length on LAYER M5 = 1064 um.
Total wire length on LAYER M6 = 2431 um.
Total wire length on LAYER M7 = 2023 um.
Total wire length on LAYER M8 = 0 um.
Total wire length on LAYER M9 = 0 um.
Total wire length on LAYER Pad = 0 um.
Total number of vias = 227797.
Up-via summary (total 227797):

-----------------
 Active         0
     M1    100868
     M2    105769
     M3     11601
     M4      4083
     M5      3279
     M6      2197
     M7         0
     M8         0
     M9         0
-----------------
       227797


[INFO DRT-0195] Start 1st optimization iteration.
    Completing 10% with 8631 violations.
    elapsed time = 00:00:03, memory = 7603.23 (MB).
    Completing 20% with 8631 violations.
    elapsed time = 00:00:06, memory = 7657.94 (MB).
    Completing 30% with 5831 violations.
    elapsed time = 00:00:10, memory = 7712.86 (MB).
    Completing 40% with 5831 violations.
    elapsed time = 00:00:14, memory = 7730.12 (MB).
    Completing 50% with 5831 violations.
    elapsed time = 00:00:17, memory = 7149.63 (MB).
    Completing 60% with 3956 violations.
    elapsed time = 00:00:22, memory = 7695.31 (MB).
    Completing 70% with 3956 violations.
    elapsed time = 00:00:25, memory = 7726.48 (MB).
    Completing 80% with 1760 violations.
    elapsed time = 00:00:29, memory = 7792.96 (MB).
    Completing 90% with 1760 violations.
    elapsed time = 00:00:34, memory = 7766.38 (MB).
    Completing 100% with 82 violations.
    elapsed time = 00:00:37, memory = 6604.37 (MB).
[INFO DRT-0199]   Number of violations = 82.
Viol/Layer          M1     M2     M3     V3     V4     V6
CutSpcTbl            0      0      0      1      2      4
Metal Spacing       59      0      2      0      0      0
Short                0      0      2      0      0      0
eolKeepOut           0     12      0      0      0      0
[INFO DRT-0267] cpu time = 00:14:57, elapsed time = 00:00:38, memory = 6607.37 (MB), peak = 7842.98 (MB)
Total wire length = 48446 um.
Total wire length on LAYER M1 = 0 um.
Total wire length on LAYER M2 = 22547 um.
Total wire length on LAYER M3 = 17301 um.
Total wire length on LAYER M4 = 4210 um.
Total wire length on LAYER M5 = 807 um.
Total wire length on LAYER M6 = 1884 um.
Total wire length on LAYER M7 = 1695 um.
Total wire length on LAYER M8 = 0 um.
Total wire length on LAYER M9 = 0 um.
Total wire length on LAYER Pad = 0 um.
Total number of vias = 217369.
Up-via summary (total 217369):

-----------------
 Active         0
     M1    100853
     M2    101945
     M3      9630
     M4      2109
     M5      1565
     M6      1267
     M7         0
     M8         0
     M9         0
-----------------
       217369


[INFO DRT-0195] Start 2nd optimization iteration.
    Completing 10% with 82 violations.
    elapsed time = 00:00:00, memory = 6607.37 (MB).
    Completing 20% with 82 violations.
    elapsed time = 00:00:00, memory = 6607.37 (MB).
    Completing 30% with 63 violations.
    elapsed time = 00:00:01, memory = 6607.37 (MB).
    Completing 40% with 63 violations.
    elapsed time = 00:00:01, memory = 6607.37 (MB).
    Completing 50% with 63 violations.
    elapsed time = 00:00:02, memory = 6607.37 (MB).
    Completing 60% with 55 violations.
    elapsed time = 00:00:03, memory = 6607.37 (MB).
    Completing 70% with 55 violations.
    elapsed time = 00:00:03, memory = 6607.37 (MB).
    Completing 80% with 31 violations.
    elapsed time = 00:00:05, memory = 6607.37 (MB).
    Completing 90% with 31 violations.
    elapsed time = 00:00:05, memory = 6607.37 (MB).
    Completing 100% with 22 violations.
    elapsed time = 00:00:06, memory = 6607.37 (MB).
[INFO DRT-0199]   Number of violations = 22.
Viol/Layer          M1     M2     M3     V4     V6
CutSpcTbl            0      0      0      1      2
EOL                  0      1      0      0      0
Metal Spacing       14      0      1      0      0
eolKeepOut           0      3      0      0      0
[INFO DRT-0267] cpu time = 00:01:06, elapsed time = 00:00:06, memory = 6607.37 (MB), peak = 7842.98 (MB)
Total wire length = 48435 um.
Total wire length on LAYER M1 = 0 um.
Total wire length on LAYER M2 = 22562 um.
Total wire length on LAYER M3 = 17309 um.
Total wire length on LAYER M4 = 4185 um.
Total wire length on LAYER M5 = 800 um.
Total wire length on LAYER M6 = 1883 um.
Total wire length on LAYER M7 = 1693 um.
Total wire length on LAYER M8 = 0 um.
Total wire length on LAYER M9 = 0 um.
Total wire length on LAYER Pad = 0 um.
Total number of vias = 217160.
Up-via summary (total 217160):

-----------------
 Active         0
     M1    100853
     M2    101861
     M3      9575
     M4      2057
     M5      1551
     M6      1263
     M7         0
     M8         0
     M9         0
-----------------
       217160


[INFO DRT-0195] Start 3rd guides tiles iteration.
    Completing 10% with 22 violations.
    elapsed time = 00:00:00, memory = 6710.75 (MB).
    Completing 20% with 22 violations.
    elapsed time = 00:00:00, memory = 6710.75 (MB).
    Completing 30% with 22 violations.
    elapsed time = 00:00:00, memory = 6710.75 (MB).
    Completing 40% with 22 violations.
    elapsed time = 00:00:00, memory = 6710.75 (MB).
    Completing 50% with 22 violations.
    elapsed time = 00:00:00, memory = 6710.75 (MB).
    Completing 60% with 22 violations.
    elapsed time = 00:00:00, memory = 6617.90 (MB).
    Completing 70% with 0 violations.
    elapsed time = 00:00:00, memory = 6617.90 (MB).
    Completing 80% with 0 violations.
    elapsed time = 00:00:00, memory = 6617.90 (MB).
    Completing 90% with 0 violations.
    elapsed time = 00:00:00, memory = 6617.90 (MB).
    Completing 100% with 0 violations.
    elapsed time = 00:00:00, memory = 6617.90 (MB).
[INFO DRT-0199]   Number of violations = 0.
[INFO DRT-0267] cpu time = 00:00:05, elapsed time = 00:00:01, memory = 6617.90 (MB), peak = 7842.98 (MB)
Total wire length = 48435 um.
Total wire length on LAYER M1 = 0 um.
Total wire length on LAYER M2 = 22563 um.
Total wire length on LAYER M3 = 17317 um.
Total wire length on LAYER M4 = 4179 um.
Total wire length on LAYER M5 = 802 um.
Total wire length on LAYER M6 = 1887 um.
Total wire length on LAYER M7 = 1684 um.
Total wire length on LAYER M8 = 0 um.
Total wire length on LAYER M9 = 0 um.
Total wire length on LAYER Pad = 0 um.
Total number of vias = 217167.
Up-via summary (total 217167):

-----------------
 Active         0
     M1    100853
     M2    101872
     M3      9573
     M4      2055
     M5      1555
     M6      1259
     M7         0
     M8         0
     M9         0
-----------------
       217167


[INFO DRT-0198] Complete detail routing.
Total wire length = 48435 um.
Total wire length on LAYER M1 = 0 um.
Total wire length on LAYER M2 = 22563 um.
Total wire length on LAYER M3 = 17317 um.
Total wire length on LAYER M4 = 4179 um.
Total wire length on LAYER M5 = 802 um.
Total wire length on LAYER M6 = 1887 um.
Total wire length on LAYER M7 = 1684 um.
Total wire length on LAYER M8 = 0 um.
Total wire length on LAYER M9 = 0 um.
Total wire length on LAYER Pad = 0 um.
Total number of vias = 217167.
Up-via summary (total 217167):

-----------------
 Active         0
     M1    100853
     M2    101872
     M3      9573
     M4      2055
     M5      1555
     M6      1259
     M7         0
     M8         0
     M9         0
-----------------
       217167


[INFO DRT-0267] cpu time = 00:31:45, elapsed time = 00:01:29, memory = 6618.02 (MB), peak = 7842.98 (MB)

[INFO DRT-0180] Post processing.
[INFO DRT-0501] Runtime: 159.32s
Took 159 seconds: detailed_route -output_drc /tmp/workspace/scripts-Private_test-fr_cugr_cmp-2-/reports/asap7/mock-cpu/base/5_route_drc.rpt -output_maze /tmp/workspace/scripts-Private_test-fr_cugr_cmp-2-/results/asap7/mock-cpu/base/maze.log -droute_end_iter 64 -verbose 1 -drc_report_iter_step 5
[WARNING GRT-0246] No diode with LEF class CORE ANTENNACELL found.
[INFO ANT-0002] Found 0 net violations.
[INFO ANT-0001] Found 0 pin violations.
[INFO ANT-0002] Found 0 net violations.
[INFO ANT-0001] Found 0 pin violations.
Design area 6998 um^2 44% utilization.
write_db /tmp/workspace/scripts-Private_test-fr_cugr_cmp-2-/results/asap7/mock-cpu/base/5_2_route.odb
Elapsed time: 2:45.73[h:]min:sec. CPU time: user 3831.44 sys 21.53 (2324%). Peak memory: 8031208KB.
Log                       Ext     Elapsed/s Peak Memory/MB sha1sum result [0:20)
5_2_route                 .odb          165           7842 d4db703a65f7d5d1fac2
/OpenROAD-flow-scripts/flow/scripts/flow.sh 5_3_fillcell fillcell
Running fillcell.tcl, stage 5_3_fillcell
source ./platforms/asap7/liberty_suppressions.tcl
read_liberty ./platforms/asap7/lib/NLDM/asap7sc7p5t_AO_RVT_FF_nldm_211120.lib.gz
read_liberty ./platforms/asap7/lib/NLDM/asap7sc7p5t_INVBUF_RVT_FF_nldm_220122.lib.gz
read_liberty ./platforms/asap7/lib/NLDM/asap7sc7p5t_OA_RVT_FF_nldm_211120.lib.gz
read_liberty ./platforms/asap7/lib/NLDM/asap7sc7p5t_SIMPLE_RVT_FF_nldm_211120.lib.gz
read_liberty ./platforms/asap7/lib/NLDM/asap7sc7p5t_SEQ_RVT_FF_nldm_220123.lib
read_db -hier /tmp/workspace/scripts-Private_test-fr_cugr_cmp-2-/results/asap7/mock-cpu/base/5_2_route.odb
[WARNING ORD-0012] Hierarchical flow (-hier) is currently in development and may cause multiple issues. Do not use in production environments.
read_sdc /tmp/workspace/scripts-Private_test-fr_cugr_cmp-2-/results/asap7/mock-cpu/base/5_1_grt.sdc
[WARNING STA-1551] /tmp/workspace/scripts-Private_test-fr_cugr_cmp-2-/results/asap7/mock-cpu/base/5_1_grt.sdc line 56524, 'fifo_in/wdata[31]' is not a valid endpoint.
[WARNING STA-1551] /tmp/workspace/scripts-Private_test-fr_cugr_cmp-2-/results/asap7/mock-cpu/base/5_1_grt.sdc line 56524, 'fifo_in/wdata[30]' is not a valid endpoint.
[WARNING STA-1551] /tmp/workspace/scripts-Private_test-fr_cugr_cmp-2-/results/asap7/mock-cpu/base/5_1_grt.sdc line 56524, 'fifo_in/wdata[29]' is not a valid endpoint.
[WARNING STA-1551] /tmp/workspace/scripts-Private_test-fr_cugr_cmp-2-/results/asap7/mock-cpu/base/5_1_grt.sdc line 56524, 'fifo_in/wdata[28]' is not a valid endpoint.
[WARNING STA-1551] /tmp/workspace/scripts-Private_test-fr_cugr_cmp-2-/results/asap7/mock-cpu/base/5_1_grt.sdc line 56524, 'fifo_in/wdata[27]' is not a valid endpoint.
[WARNING STA-1551] /tmp/workspace/scripts-Private_test-fr_cugr_cmp-2-/results/asap7/mock-cpu/base/5_1_grt.sdc line 56524, 'fifo_in/wdata[26]' is not a valid endpoint.
[WARNING STA-1551] /tmp/workspace/scripts-Private_test-fr_cugr_cmp-2-/results/asap7/mock-cpu/base/5_1_grt.sdc line 56524, 'fifo_in/wdata[25]' is not a valid endpoint.
[WARNING STA-1551] /tmp/workspace/scripts-Private_test-fr_cugr_cmp-2-/results/asap7/mock-cpu/base/5_1_grt.sdc line 56524, 'fifo_in/wdata[24]' is not a valid endpoint.
[WARNING STA-1551] /tmp/workspace/scripts-Private_test-fr_cugr_cmp-2-/results/asap7/mock-cpu/base/5_1_grt.sdc line 56524, 'fifo_in/wdata[23]' is not a valid endpoint.
[WARNING STA-1551] /tmp/workspace/scripts-Private_test-fr_cugr_cmp-2-/results/asap7/mock-cpu/base/5_1_grt.sdc line 56524, 'fifo_in/wdata[22]' is not a valid endpoint.
[WARNING STA-1551] /tmp/workspace/scripts-Private_test-fr_cugr_cmp-2-/results/asap7/mock-cpu/base/5_1_grt.sdc line 56524, 'fifo_in/wdata[21]' is not a valid endpoint.
[WARNING STA-1551] /tmp/workspace/scripts-Private_test-fr_cugr_cmp-2-/results/asap7/mock-cpu/base/5_1_grt.sdc line 56524, 'fifo_in/wdata[20]' is not a valid endpoint.
[WARNING STA-1551] /tmp/workspace/scripts-Private_test-fr_cugr_cmp-2-/results/asap7/mock-cpu/base/5_1_grt.sdc line 56524, 'fifo_in/wdata[19]' is not a valid endpoint.
[WARNING STA-1551] /tmp/workspace/scripts-Private_test-fr_cugr_cmp-2-/results/asap7/mock-cpu/base/5_1_grt.sdc line 56524, 'fifo_in/wdata[18]' is not a valid endpoint.
[WARNING STA-1551] /tmp/workspace/scripts-Private_test-fr_cugr_cmp-2-/results/asap7/mock-cpu/base/5_1_grt.sdc line 56524, 'fifo_in/wdata[17]' is not a valid endpoint.
[WARNING STA-1551] /tmp/workspace/scripts-Private_test-fr_cugr_cmp-2-/results/asap7/mock-cpu/base/5_1_grt.sdc line 56524, 'fifo_in/wdata[16]' is not a valid endpoint.
[WARNING STA-1551] /tmp/workspace/scripts-Private_test-fr_cugr_cmp-2-/results/asap7/mock-cpu/base/5_1_grt.sdc line 56524, 'fifo_in/wdata[15]' is not a valid endpoint.
[WARNING STA-1551] /tmp/workspace/scripts-Private_test-fr_cugr_cmp-2-/results/asap7/mock-cpu/base/5_1_grt.sdc line 56524, 'fifo_in/wdata[14]' is not a valid endpoint.
[WARNING STA-1551] /tmp/workspace/scripts-Private_test-fr_cugr_cmp-2-/results/asap7/mock-cpu/base/5_1_grt.sdc line 56524, 'fifo_in/wdata[13]' is not a valid endpoint.
[WARNING STA-1551] /tmp/workspace/scripts-Private_test-fr_cugr_cmp-2-/results/asap7/mock-cpu/base/5_1_grt.sdc line 56524, 'fifo_in/wdata[12]' is not a valid endpoint.
[WARNING STA-1551] /tmp/workspace/scripts-Private_test-fr_cugr_cmp-2-/results/asap7/mock-cpu/base/5_1_grt.sdc line 56524, 'fifo_in/wdata[11]' is not a valid endpoint.
[WARNING STA-1551] /tmp/workspace/scripts-Private_test-fr_cugr_cmp-2-/results/asap7/mock-cpu/base/5_1_grt.sdc line 56524, 'fifo_in/wdata[10]' is not a valid endpoint.
[WARNING STA-1551] /tmp/workspace/scripts-Private_test-fr_cugr_cmp-2-/results/asap7/mock-cpu/base/5_1_grt.sdc line 56524, 'fifo_in/wdata[9]' is not a valid endpoint.
[WARNING STA-1551] /tmp/workspace/scripts-Private_test-fr_cugr_cmp-2-/results/asap7/mock-cpu/base/5_1_grt.sdc line 56524, 'fifo_in/wdata[8]' is not a valid endpoint.
[WARNING STA-1551] /tmp/workspace/scripts-Private_test-fr_cugr_cmp-2-/results/asap7/mock-cpu/base/5_1_grt.sdc line 56524, 'fifo_in/wdata[7]' is not a valid endpoint.
[WARNING STA-1551] /tmp/workspace/scripts-Private_test-fr_cugr_cmp-2-/results/asap7/mock-cpu/base/5_1_grt.sdc line 56524, 'fifo_in/wdata[6]' is not a valid endpoint.
[WARNING STA-1551] /tmp/workspace/scripts-Private_test-fr_cugr_cmp-2-/results/asap7/mock-cpu/base/5_1_grt.sdc line 56524, 'fifo_in/wdata[5]' is not a valid endpoint.
[WARNING STA-1551] /tmp/workspace/scripts-Private_test-fr_cugr_cmp-2-/results/asap7/mock-cpu/base/5_1_grt.sdc line 56524, 'fifo_in/wdata[4]' is not a valid endpoint.
[WARNING STA-1551] /tmp/workspace/scripts-Private_test-fr_cugr_cmp-2-/results/asap7/mock-cpu/base/5_1_grt.sdc line 56524, 'fifo_in/wdata[3]' is not a valid endpoint.
[WARNING STA-1551] /tmp/workspace/scripts-Private_test-fr_cugr_cmp-2-/results/asap7/mock-cpu/base/5_1_grt.sdc line 56524, 'fifo_in/wdata[2]' is not a valid endpoint.
[WARNING STA-1551] /tmp/workspace/scripts-Private_test-fr_cugr_cmp-2-/results/asap7/mock-cpu/base/5_1_grt.sdc line 56524, 'fifo_in/wdata[1]' is not a valid endpoint.
[WARNING STA-1551] /tmp/workspace/scripts-Private_test-fr_cugr_cmp-2-/results/asap7/mock-cpu/base/5_1_grt.sdc line 56524, 'fifo_in/wdata[0]' is not a valid endpoint.
[WARNING STA-1551] /tmp/workspace/scripts-Private_test-fr_cugr_cmp-2-/results/asap7/mock-cpu/base/5_1_grt.sdc line 56524, 'fifo_in/winc' is not a valid endpoint.
[WARNING STA-1551] /tmp/workspace/scripts-Private_test-fr_cugr_cmp-2-/results/asap7/mock-cpu/base/5_1_grt.sdc line 56524, 'fifo_out/rinc' is not a valid endpoint.
[WARNING STA-1551] /tmp/workspace/scripts-Private_test-fr_cugr_cmp-2-/results/asap7/mock-cpu/base/5_1_grt.sdc line 94137, 'fifo_out/rinc' is not a valid endpoint.
[WARNING STA-1551] /tmp/workspace/scripts-Private_test-fr_cugr_cmp-2-/results/asap7/mock-cpu/base/5_1_grt.sdc line 94140, 'fifo_in/winc' is not a valid endpoint.
[WARNING STA-1551] /tmp/workspace/scripts-Private_test-fr_cugr_cmp-2-/results/asap7/mock-cpu/base/5_1_grt.sdc line 94205, 'fifo_in/wdata[31]' is not a valid endpoint.
[WARNING STA-1551] /tmp/workspace/scripts-Private_test-fr_cugr_cmp-2-/results/asap7/mock-cpu/base/5_1_grt.sdc line 94205, 'fifo_in/wdata[30]' is not a valid endpoint.
[WARNING STA-1551] /tmp/workspace/scripts-Private_test-fr_cugr_cmp-2-/results/asap7/mock-cpu/base/5_1_grt.sdc line 94205, 'fifo_in/wdata[29]' is not a valid endpoint.
[WARNING STA-1551] /tmp/workspace/scripts-Private_test-fr_cugr_cmp-2-/results/asap7/mock-cpu/base/5_1_grt.sdc line 94205, 'fifo_in/wdata[28]' is not a valid endpoint.
[WARNING STA-1551] /tmp/workspace/scripts-Private_test-fr_cugr_cmp-2-/results/asap7/mock-cpu/base/5_1_grt.sdc line 94205, 'fifo_in/wdata[27]' is not a valid endpoint.
[WARNING STA-1551] /tmp/workspace/scripts-Private_test-fr_cugr_cmp-2-/results/asap7/mock-cpu/base/5_1_grt.sdc line 94205, 'fifo_in/wdata[26]' is not a valid endpoint.
[WARNING STA-1551] /tmp/workspace/scripts-Private_test-fr_cugr_cmp-2-/results/asap7/mock-cpu/base/5_1_grt.sdc line 94205, 'fifo_in/wdata[25]' is not a valid endpoint.
[WARNING STA-1551] /tmp/workspace/scripts-Private_test-fr_cugr_cmp-2-/results/asap7/mock-cpu/base/5_1_grt.sdc line 94205, 'fifo_in/wdata[24]' is not a valid endpoint.
[WARNING STA-1551] /tmp/workspace/scripts-Private_test-fr_cugr_cmp-2-/results/asap7/mock-cpu/base/5_1_grt.sdc line 94205, 'fifo_in/wdata[23]' is not a valid endpoint.
[WARNING STA-1551] /tmp/workspace/scripts-Private_test-fr_cugr_cmp-2-/results/asap7/mock-cpu/base/5_1_grt.sdc line 94205, 'fifo_in/wdata[22]' is not a valid endpoint.
[WARNING STA-1551] /tmp/workspace/scripts-Private_test-fr_cugr_cmp-2-/results/asap7/mock-cpu/base/5_1_grt.sdc line 94205, 'fifo_in/wdata[21]' is not a valid endpoint.
[WARNING STA-1551] /tmp/workspace/scripts-Private_test-fr_cugr_cmp-2-/results/asap7/mock-cpu/base/5_1_grt.sdc line 94205, 'fifo_in/wdata[20]' is not a valid endpoint.
[WARNING STA-1551] /tmp/workspace/scripts-Private_test-fr_cugr_cmp-2-/results/asap7/mock-cpu/base/5_1_grt.sdc line 94205, 'fifo_in/wdata[19]' is not a valid endpoint.
[WARNING STA-1551] /tmp/workspace/scripts-Private_test-fr_cugr_cmp-2-/results/asap7/mock-cpu/base/5_1_grt.sdc line 94205, 'fifo_in/wdata[18]' is not a valid endpoint.
[WARNING STA-1551] /tmp/workspace/scripts-Private_test-fr_cugr_cmp-2-/results/asap7/mock-cpu/base/5_1_grt.sdc line 94205, 'fifo_in/wdata[17]' is not a valid endpoint.
[WARNING STA-1551] /tmp/workspace/scripts-Private_test-fr_cugr_cmp-2-/results/asap7/mock-cpu/base/5_1_grt.sdc line 94205, 'fifo_in/wdata[16]' is not a valid endpoint.
[WARNING STA-1551] /tmp/workspace/scripts-Private_test-fr_cugr_cmp-2-/results/asap7/mock-cpu/base/5_1_grt.sdc line 94205, 'fifo_in/wdata[15]' is not a valid endpoint.
[WARNING STA-1551] /tmp/workspace/scripts-Private_test-fr_cugr_cmp-2-/results/asap7/mock-cpu/base/5_1_grt.sdc line 94205, 'fifo_in/wdata[14]' is not a valid endpoint.
[WARNING STA-1551] /tmp/workspace/scripts-Private_test-fr_cugr_cmp-2-/results/asap7/mock-cpu/base/5_1_grt.sdc line 94205, 'fifo_in/wdata[13]' is not a valid endpoint.
[WARNING STA-1551] /tmp/workspace/scripts-Private_test-fr_cugr_cmp-2-/results/asap7/mock-cpu/base/5_1_grt.sdc line 94205, 'fifo_in/wdata[12]' is not a valid endpoint.
[WARNING STA-1551] /tmp/workspace/scripts-Private_test-fr_cugr_cmp-2-/results/asap7/mock-cpu/base/5_1_grt.sdc line 94205, 'fifo_in/wdata[11]' is not a valid endpoint.
[WARNING STA-1551] /tmp/workspace/scripts-Private_test-fr_cugr_cmp-2-/results/asap7/mock-cpu/base/5_1_grt.sdc line 94205, 'fifo_in/wdata[10]' is not a valid endpoint.
[WARNING STA-1551] /tmp/workspace/scripts-Private_test-fr_cugr_cmp-2-/results/asap7/mock-cpu/base/5_1_grt.sdc line 94205, 'fifo_in/wdata[9]' is not a valid endpoint.
[WARNING STA-1551] /tmp/workspace/scripts-Private_test-fr_cugr_cmp-2-/results/asap7/mock-cpu/base/5_1_grt.sdc line 94205, 'fifo_in/wdata[8]' is not a valid endpoint.
[WARNING STA-1551] /tmp/workspace/scripts-Private_test-fr_cugr_cmp-2-/results/asap7/mock-cpu/base/5_1_grt.sdc line 94205, 'fifo_in/wdata[7]' is not a valid endpoint.
[WARNING STA-1551] /tmp/workspace/scripts-Private_test-fr_cugr_cmp-2-/results/asap7/mock-cpu/base/5_1_grt.sdc line 94205, 'fifo_in/wdata[6]' is not a valid endpoint.
[WARNING STA-1551] /tmp/workspace/scripts-Private_test-fr_cugr_cmp-2-/results/asap7/mock-cpu/base/5_1_grt.sdc line 94205, 'fifo_in/wdata[5]' is not a valid endpoint.
[WARNING STA-1551] /tmp/workspace/scripts-Private_test-fr_cugr_cmp-2-/results/asap7/mock-cpu/base/5_1_grt.sdc line 94205, 'fifo_in/wdata[4]' is not a valid endpoint.
[WARNING STA-1551] /tmp/workspace/scripts-Private_test-fr_cugr_cmp-2-/results/asap7/mock-cpu/base/5_1_grt.sdc line 94205, 'fifo_in/wdata[3]' is not a valid endpoint.
[WARNING STA-1551] /tmp/workspace/scripts-Private_test-fr_cugr_cmp-2-/results/asap7/mock-cpu/base/5_1_grt.sdc line 94205, 'fifo_in/wdata[2]' is not a valid endpoint.
[WARNING STA-1551] /tmp/workspace/scripts-Private_test-fr_cugr_cmp-2-/results/asap7/mock-cpu/base/5_1_grt.sdc line 94205, 'fifo_in/wdata[1]' is not a valid endpoint.
[WARNING STA-1551] /tmp/workspace/scripts-Private_test-fr_cugr_cmp-2-/results/asap7/mock-cpu/base/5_1_grt.sdc line 94205, 'fifo_in/wdata[0]' is not a valid endpoint.
[WARNING STA-1551] /tmp/workspace/scripts-Private_test-fr_cugr_cmp-2-/results/asap7/mock-cpu/base/5_1_grt.sdc line 94249, 'rrst_n' is not a valid endpoint.
[WARNING STA-1551] /tmp/workspace/scripts-Private_test-fr_cugr_cmp-2-/results/asap7/mock-cpu/base/5_1_grt.sdc line 94249, 'wrst_n' is not a valid endpoint.
source ./platforms/asap7/setRC.tcl
filler_placement "FILLERxp5_ASAP7_75t_R FILLER_ASAP7_75t_R DECAPx1_ASAP7_75t_R DECAPx2_ASAP7_75t_R DECAPx4_ASAP7_75t_R DECAPx6_ASAP7_75t_R DECAPx10_ASAP7_75t_R"
[INFO DPL-0001] Placed 63788 filler instances.
Design area 6998 um^2 44% utilization.
write_db /tmp/workspace/scripts-Private_test-fr_cugr_cmp-2-/results/asap7/mock-cpu/base/5_3_fillcell.odb
Elapsed time: 0:03.43[h:]min:sec. CPU time: user 3.15 sys 0.28 (100%). Peak memory: 446720KB.
Log                       Ext     Elapsed/s Peak Memory/MB sha1sum result [0:20)
5_3_fillcell              .odb            3            436 ecca4d263c3c0ec1ef5a
cp /tmp/workspace/scripts-Private_test-fr_cugr_cmp-2-/results/asap7/mock-cpu/base/5_3_fillcell.odb /tmp/workspace/scripts-Private_test-fr_cugr_cmp-2-/results/asap7/mock-cpu/base/5_route.odb
cp /tmp/workspace/scripts-Private_test-fr_cugr_cmp-2-/results/asap7/mock-cpu/base/5_1_grt.sdc /tmp/workspace/scripts-Private_test-fr_cugr_cmp-2-/results/asap7/mock-cpu/base/5_route.sdc
/OpenROAD-flow-scripts/flow/scripts/flow.sh 6_1_fill density_fill
Running density_fill.tcl, stage 6_1_fill
source ./platforms/asap7/liberty_suppressions.tcl
read_liberty ./platforms/asap7/lib/NLDM/asap7sc7p5t_AO_RVT_FF_nldm_211120.lib.gz
read_liberty ./platforms/asap7/lib/NLDM/asap7sc7p5t_INVBUF_RVT_FF_nldm_220122.lib.gz
read_liberty ./platforms/asap7/lib/NLDM/asap7sc7p5t_OA_RVT_FF_nldm_211120.lib.gz
read_liberty ./platforms/asap7/lib/NLDM/asap7sc7p5t_SIMPLE_RVT_FF_nldm_211120.lib.gz
read_liberty ./platforms/asap7/lib/NLDM/asap7sc7p5t_SEQ_RVT_FF_nldm_220123.lib
read_db -hier /tmp/workspace/scripts-Private_test-fr_cugr_cmp-2-/results/asap7/mock-cpu/base/5_route.odb
[WARNING ORD-0012] Hierarchical flow (-hier) is currently in development and may cause multiple issues. Do not use in production environments.
read_sdc /tmp/workspace/scripts-Private_test-fr_cugr_cmp-2-/results/asap7/mock-cpu/base/5_route.sdc
[WARNING STA-1551] /tmp/workspace/scripts-Private_test-fr_cugr_cmp-2-/results/asap7/mock-cpu/base/5_route.sdc line 56524, 'fifo_in/wdata[31]' is not a valid endpoint.
[WARNING STA-1551] /tmp/workspace/scripts-Private_test-fr_cugr_cmp-2-/results/asap7/mock-cpu/base/5_route.sdc line 56524, 'fifo_in/wdata[30]' is not a valid endpoint.
[WARNING STA-1551] /tmp/workspace/scripts-Private_test-fr_cugr_cmp-2-/results/asap7/mock-cpu/base/5_route.sdc line 56524, 'fifo_in/wdata[29]' is not a valid endpoint.
[WARNING STA-1551] /tmp/workspace/scripts-Private_test-fr_cugr_cmp-2-/results/asap7/mock-cpu/base/5_route.sdc line 56524, 'fifo_in/wdata[28]' is not a valid endpoint.
[WARNING STA-1551] /tmp/workspace/scripts-Private_test-fr_cugr_cmp-2-/results/asap7/mock-cpu/base/5_route.sdc line 56524, 'fifo_in/wdata[27]' is not a valid endpoint.
[WARNING STA-1551] /tmp/workspace/scripts-Private_test-fr_cugr_cmp-2-/results/asap7/mock-cpu/base/5_route.sdc line 56524, 'fifo_in/wdata[26]' is not a valid endpoint.
[WARNING STA-1551] /tmp/workspace/scripts-Private_test-fr_cugr_cmp-2-/results/asap7/mock-cpu/base/5_route.sdc line 56524, 'fifo_in/wdata[25]' is not a valid endpoint.
[WARNING STA-1551] /tmp/workspace/scripts-Private_test-fr_cugr_cmp-2-/results/asap7/mock-cpu/base/5_route.sdc line 56524, 'fifo_in/wdata[24]' is not a valid endpoint.
[WARNING STA-1551] /tmp/workspace/scripts-Private_test-fr_cugr_cmp-2-/results/asap7/mock-cpu/base/5_route.sdc line 56524, 'fifo_in/wdata[23]' is not a valid endpoint.
[WARNING STA-1551] /tmp/workspace/scripts-Private_test-fr_cugr_cmp-2-/results/asap7/mock-cpu/base/5_route.sdc line 56524, 'fifo_in/wdata[22]' is not a valid endpoint.
[WARNING STA-1551] /tmp/workspace/scripts-Private_test-fr_cugr_cmp-2-/results/asap7/mock-cpu/base/5_route.sdc line 56524, 'fifo_in/wdata[21]' is not a valid endpoint.
[WARNING STA-1551] /tmp/workspace/scripts-Private_test-fr_cugr_cmp-2-/results/asap7/mock-cpu/base/5_route.sdc line 56524, 'fifo_in/wdata[20]' is not a valid endpoint.
[WARNING STA-1551] /tmp/workspace/scripts-Private_test-fr_cugr_cmp-2-/results/asap7/mock-cpu/base/5_route.sdc line 56524, 'fifo_in/wdata[19]' is not a valid endpoint.
[WARNING STA-1551] /tmp/workspace/scripts-Private_test-fr_cugr_cmp-2-/results/asap7/mock-cpu/base/5_route.sdc line 56524, 'fifo_in/wdata[18]' is not a valid endpoint.
[WARNING STA-1551] /tmp/workspace/scripts-Private_test-fr_cugr_cmp-2-/results/asap7/mock-cpu/base/5_route.sdc line 56524, 'fifo_in/wdata[17]' is not a valid endpoint.
[WARNING STA-1551] /tmp/workspace/scripts-Private_test-fr_cugr_cmp-2-/results/asap7/mock-cpu/base/5_route.sdc line 56524, 'fifo_in/wdata[16]' is not a valid endpoint.
[WARNING STA-1551] /tmp/workspace/scripts-Private_test-fr_cugr_cmp-2-/results/asap7/mock-cpu/base/5_route.sdc line 56524, 'fifo_in/wdata[15]' is not a valid endpoint.
[WARNING STA-1551] /tmp/workspace/scripts-Private_test-fr_cugr_cmp-2-/results/asap7/mock-cpu/base/5_route.sdc line 56524, 'fifo_in/wdata[14]' is not a valid endpoint.
[WARNING STA-1551] /tmp/workspace/scripts-Private_test-fr_cugr_cmp-2-/results/asap7/mock-cpu/base/5_route.sdc line 56524, 'fifo_in/wdata[13]' is not a valid endpoint.
[WARNING STA-1551] /tmp/workspace/scripts-Private_test-fr_cugr_cmp-2-/results/asap7/mock-cpu/base/5_route.sdc line 56524, 'fifo_in/wdata[12]' is not a valid endpoint.
[WARNING STA-1551] /tmp/workspace/scripts-Private_test-fr_cugr_cmp-2-/results/asap7/mock-cpu/base/5_route.sdc line 56524, 'fifo_in/wdata[11]' is not a valid endpoint.
[WARNING STA-1551] /tmp/workspace/scripts-Private_test-fr_cugr_cmp-2-/results/asap7/mock-cpu/base/5_route.sdc line 56524, 'fifo_in/wdata[10]' is not a valid endpoint.
[WARNING STA-1551] /tmp/workspace/scripts-Private_test-fr_cugr_cmp-2-/results/asap7/mock-cpu/base/5_route.sdc line 56524, 'fifo_in/wdata[9]' is not a valid endpoint.
[WARNING STA-1551] /tmp/workspace/scripts-Private_test-fr_cugr_cmp-2-/results/asap7/mock-cpu/base/5_route.sdc line 56524, 'fifo_in/wdata[8]' is not a valid endpoint.
[WARNING STA-1551] /tmp/workspace/scripts-Private_test-fr_cugr_cmp-2-/results/asap7/mock-cpu/base/5_route.sdc line 56524, 'fifo_in/wdata[7]' is not a valid endpoint.
[WARNING STA-1551] /tmp/workspace/scripts-Private_test-fr_cugr_cmp-2-/results/asap7/mock-cpu/base/5_route.sdc line 56524, 'fifo_in/wdata[6]' is not a valid endpoint.
[WARNING STA-1551] /tmp/workspace/scripts-Private_test-fr_cugr_cmp-2-/results/asap7/mock-cpu/base/5_route.sdc line 56524, 'fifo_in/wdata[5]' is not a valid endpoint.
[WARNING STA-1551] /tmp/workspace/scripts-Private_test-fr_cugr_cmp-2-/results/asap7/mock-cpu/base/5_route.sdc line 56524, 'fifo_in/wdata[4]' is not a valid endpoint.
[WARNING STA-1551] /tmp/workspace/scripts-Private_test-fr_cugr_cmp-2-/results/asap7/mock-cpu/base/5_route.sdc line 56524, 'fifo_in/wdata[3]' is not a valid endpoint.
[WARNING STA-1551] /tmp/workspace/scripts-Private_test-fr_cugr_cmp-2-/results/asap7/mock-cpu/base/5_route.sdc line 56524, 'fifo_in/wdata[2]' is not a valid endpoint.
[WARNING STA-1551] /tmp/workspace/scripts-Private_test-fr_cugr_cmp-2-/results/asap7/mock-cpu/base/5_route.sdc line 56524, 'fifo_in/wdata[1]' is not a valid endpoint.
[WARNING STA-1551] /tmp/workspace/scripts-Private_test-fr_cugr_cmp-2-/results/asap7/mock-cpu/base/5_route.sdc line 56524, 'fifo_in/wdata[0]' is not a valid endpoint.
[WARNING STA-1551] /tmp/workspace/scripts-Private_test-fr_cugr_cmp-2-/results/asap7/mock-cpu/base/5_route.sdc line 56524, 'fifo_in/winc' is not a valid endpoint.
[WARNING STA-1551] /tmp/workspace/scripts-Private_test-fr_cugr_cmp-2-/results/asap7/mock-cpu/base/5_route.sdc line 56524, 'fifo_out/rinc' is not a valid endpoint.
[WARNING STA-1551] /tmp/workspace/scripts-Private_test-fr_cugr_cmp-2-/results/asap7/mock-cpu/base/5_route.sdc line 94137, 'fifo_out/rinc' is not a valid endpoint.
[WARNING STA-1551] /tmp/workspace/scripts-Private_test-fr_cugr_cmp-2-/results/asap7/mock-cpu/base/5_route.sdc line 94140, 'fifo_in/winc' is not a valid endpoint.
[WARNING STA-1551] /tmp/workspace/scripts-Private_test-fr_cugr_cmp-2-/results/asap7/mock-cpu/base/5_route.sdc line 94205, 'fifo_in/wdata[31]' is not a valid endpoint.
[WARNING STA-1551] /tmp/workspace/scripts-Private_test-fr_cugr_cmp-2-/results/asap7/mock-cpu/base/5_route.sdc line 94205, 'fifo_in/wdata[30]' is not a valid endpoint.
[WARNING STA-1551] /tmp/workspace/scripts-Private_test-fr_cugr_cmp-2-/results/asap7/mock-cpu/base/5_route.sdc line 94205, 'fifo_in/wdata[29]' is not a valid endpoint.
[WARNING STA-1551] /tmp/workspace/scripts-Private_test-fr_cugr_cmp-2-/results/asap7/mock-cpu/base/5_route.sdc line 94205, 'fifo_in/wdata[28]' is not a valid endpoint.
[WARNING STA-1551] /tmp/workspace/scripts-Private_test-fr_cugr_cmp-2-/results/asap7/mock-cpu/base/5_route.sdc line 94205, 'fifo_in/wdata[27]' is not a valid endpoint.
[WARNING STA-1551] /tmp/workspace/scripts-Private_test-fr_cugr_cmp-2-/results/asap7/mock-cpu/base/5_route.sdc line 94205, 'fifo_in/wdata[26]' is not a valid endpoint.
[WARNING STA-1551] /tmp/workspace/scripts-Private_test-fr_cugr_cmp-2-/results/asap7/mock-cpu/base/5_route.sdc line 94205, 'fifo_in/wdata[25]' is not a valid endpoint.
[WARNING STA-1551] /tmp/workspace/scripts-Private_test-fr_cugr_cmp-2-/results/asap7/mock-cpu/base/5_route.sdc line 94205, 'fifo_in/wdata[24]' is not a valid endpoint.
[WARNING STA-1551] /tmp/workspace/scripts-Private_test-fr_cugr_cmp-2-/results/asap7/mock-cpu/base/5_route.sdc line 94205, 'fifo_in/wdata[23]' is not a valid endpoint.
[WARNING STA-1551] /tmp/workspace/scripts-Private_test-fr_cugr_cmp-2-/results/asap7/mock-cpu/base/5_route.sdc line 94205, 'fifo_in/wdata[22]' is not a valid endpoint.
[WARNING STA-1551] /tmp/workspace/scripts-Private_test-fr_cugr_cmp-2-/results/asap7/mock-cpu/base/5_route.sdc line 94205, 'fifo_in/wdata[21]' is not a valid endpoint.
[WARNING STA-1551] /tmp/workspace/scripts-Private_test-fr_cugr_cmp-2-/results/asap7/mock-cpu/base/5_route.sdc line 94205, 'fifo_in/wdata[20]' is not a valid endpoint.
[WARNING STA-1551] /tmp/workspace/scripts-Private_test-fr_cugr_cmp-2-/results/asap7/mock-cpu/base/5_route.sdc line 94205, 'fifo_in/wdata[19]' is not a valid endpoint.
[WARNING STA-1551] /tmp/workspace/scripts-Private_test-fr_cugr_cmp-2-/results/asap7/mock-cpu/base/5_route.sdc line 94205, 'fifo_in/wdata[18]' is not a valid endpoint.
[WARNING STA-1551] /tmp/workspace/scripts-Private_test-fr_cugr_cmp-2-/results/asap7/mock-cpu/base/5_route.sdc line 94205, 'fifo_in/wdata[17]' is not a valid endpoint.
[WARNING STA-1551] /tmp/workspace/scripts-Private_test-fr_cugr_cmp-2-/results/asap7/mock-cpu/base/5_route.sdc line 94205, 'fifo_in/wdata[16]' is not a valid endpoint.
[WARNING STA-1551] /tmp/workspace/scripts-Private_test-fr_cugr_cmp-2-/results/asap7/mock-cpu/base/5_route.sdc line 94205, 'fifo_in/wdata[15]' is not a valid endpoint.
[WARNING STA-1551] /tmp/workspace/scripts-Private_test-fr_cugr_cmp-2-/results/asap7/mock-cpu/base/5_route.sdc line 94205, 'fifo_in/wdata[14]' is not a valid endpoint.
[WARNING STA-1551] /tmp/workspace/scripts-Private_test-fr_cugr_cmp-2-/results/asap7/mock-cpu/base/5_route.sdc line 94205, 'fifo_in/wdata[13]' is not a valid endpoint.
[WARNING STA-1551] /tmp/workspace/scripts-Private_test-fr_cugr_cmp-2-/results/asap7/mock-cpu/base/5_route.sdc line 94205, 'fifo_in/wdata[12]' is not a valid endpoint.
[WARNING STA-1551] /tmp/workspace/scripts-Private_test-fr_cugr_cmp-2-/results/asap7/mock-cpu/base/5_route.sdc line 94205, 'fifo_in/wdata[11]' is not a valid endpoint.
[WARNING STA-1551] /tmp/workspace/scripts-Private_test-fr_cugr_cmp-2-/results/asap7/mock-cpu/base/5_route.sdc line 94205, 'fifo_in/wdata[10]' is not a valid endpoint.
[WARNING STA-1551] /tmp/workspace/scripts-Private_test-fr_cugr_cmp-2-/results/asap7/mock-cpu/base/5_route.sdc line 94205, 'fifo_in/wdata[9]' is not a valid endpoint.
[WARNING STA-1551] /tmp/workspace/scripts-Private_test-fr_cugr_cmp-2-/results/asap7/mock-cpu/base/5_route.sdc line 94205, 'fifo_in/wdata[8]' is not a valid endpoint.
[WARNING STA-1551] /tmp/workspace/scripts-Private_test-fr_cugr_cmp-2-/results/asap7/mock-cpu/base/5_route.sdc line 94205, 'fifo_in/wdata[7]' is not a valid endpoint.
[WARNING STA-1551] /tmp/workspace/scripts-Private_test-fr_cugr_cmp-2-/results/asap7/mock-cpu/base/5_route.sdc line 94205, 'fifo_in/wdata[6]' is not a valid endpoint.
[WARNING STA-1551] /tmp/workspace/scripts-Private_test-fr_cugr_cmp-2-/results/asap7/mock-cpu/base/5_route.sdc line 94205, 'fifo_in/wdata[5]' is not a valid endpoint.
[WARNING STA-1551] /tmp/workspace/scripts-Private_test-fr_cugr_cmp-2-/results/asap7/mock-cpu/base/5_route.sdc line 94205, 'fifo_in/wdata[4]' is not a valid endpoint.
[WARNING STA-1551] /tmp/workspace/scripts-Private_test-fr_cugr_cmp-2-/results/asap7/mock-cpu/base/5_route.sdc line 94205, 'fifo_in/wdata[3]' is not a valid endpoint.
[WARNING STA-1551] /tmp/workspace/scripts-Private_test-fr_cugr_cmp-2-/results/asap7/mock-cpu/base/5_route.sdc line 94205, 'fifo_in/wdata[2]' is not a valid endpoint.
[WARNING STA-1551] /tmp/workspace/scripts-Private_test-fr_cugr_cmp-2-/results/asap7/mock-cpu/base/5_route.sdc line 94205, 'fifo_in/wdata[1]' is not a valid endpoint.
[WARNING STA-1551] /tmp/workspace/scripts-Private_test-fr_cugr_cmp-2-/results/asap7/mock-cpu/base/5_route.sdc line 94205, 'fifo_in/wdata[0]' is not a valid endpoint.
[WARNING STA-1551] /tmp/workspace/scripts-Private_test-fr_cugr_cmp-2-/results/asap7/mock-cpu/base/5_route.sdc line 94249, 'rrst_n' is not a valid endpoint.
[WARNING STA-1551] /tmp/workspace/scripts-Private_test-fr_cugr_cmp-2-/results/asap7/mock-cpu/base/5_route.sdc line 94249, 'wrst_n' is not a valid endpoint.
source ./platforms/asap7/setRC.tcl
exec cp /tmp/workspace/scripts-Private_test-fr_cugr_cmp-2-/results/asap7/mock-cpu/base/5_route.odb /tmp/workspace/scripts-Private_test-fr_cugr_cmp-2-/results/asap7/mock-cpu/base/6_1_fill.odb
Elapsed time: 0:02.85[h:]min:sec. CPU time: user 2.63 sys 0.22 (100%). Peak memory: 348988KB.
Log                       Ext     Elapsed/s Peak Memory/MB sha1sum result [0:20)
6_1_fill                  .odb            2            340 ecca4d263c3c0ec1ef5a
cp /tmp/workspace/scripts-Private_test-fr_cugr_cmp-2-/results/asap7/mock-cpu/base/5_route.sdc /tmp/workspace/scripts-Private_test-fr_cugr_cmp-2-/results/asap7/mock-cpu/base/6_1_fill.sdc
/OpenROAD-flow-scripts/flow/scripts/flow.sh 6_report final_report
Running final_report.tcl, stage 6_report
source ./platforms/asap7/liberty_suppressions.tcl
read_liberty ./platforms/asap7/lib/NLDM/asap7sc7p5t_AO_RVT_FF_nldm_211120.lib.gz
read_liberty ./platforms/asap7/lib/NLDM/asap7sc7p5t_INVBUF_RVT_FF_nldm_220122.lib.gz
read_liberty ./platforms/asap7/lib/NLDM/asap7sc7p5t_OA_RVT_FF_nldm_211120.lib.gz
read_liberty ./platforms/asap7/lib/NLDM/asap7sc7p5t_SIMPLE_RVT_FF_nldm_211120.lib.gz
read_liberty ./platforms/asap7/lib/NLDM/asap7sc7p5t_SEQ_RVT_FF_nldm_220123.lib
read_db -hier /tmp/workspace/scripts-Private_test-fr_cugr_cmp-2-/results/asap7/mock-cpu/base/6_1_fill.odb
[WARNING ORD-0012] Hierarchical flow (-hier) is currently in development and may cause multiple issues. Do not use in production environments.
read_sdc /tmp/workspace/scripts-Private_test-fr_cugr_cmp-2-/results/asap7/mock-cpu/base/6_1_fill.sdc
[WARNING STA-1551] /tmp/workspace/scripts-Private_test-fr_cugr_cmp-2-/results/asap7/mock-cpu/base/6_1_fill.sdc line 56524, 'fifo_in/wdata[31]' is not a valid endpoint.
[WARNING STA-1551] /tmp/workspace/scripts-Private_test-fr_cugr_cmp-2-/results/asap7/mock-cpu/base/6_1_fill.sdc line 56524, 'fifo_in/wdata[30]' is not a valid endpoint.
[WARNING STA-1551] /tmp/workspace/scripts-Private_test-fr_cugr_cmp-2-/results/asap7/mock-cpu/base/6_1_fill.sdc line 56524, 'fifo_in/wdata[29]' is not a valid endpoint.
[WARNING STA-1551] /tmp/workspace/scripts-Private_test-fr_cugr_cmp-2-/results/asap7/mock-cpu/base/6_1_fill.sdc line 56524, 'fifo_in/wdata[28]' is not a valid endpoint.
[WARNING STA-1551] /tmp/workspace/scripts-Private_test-fr_cugr_cmp-2-/results/asap7/mock-cpu/base/6_1_fill.sdc line 56524, 'fifo_in/wdata[27]' is not a valid endpoint.
[WARNING STA-1551] /tmp/workspace/scripts-Private_test-fr_cugr_cmp-2-/results/asap7/mock-cpu/base/6_1_fill.sdc line 56524, 'fifo_in/wdata[26]' is not a valid endpoint.
[WARNING STA-1551] /tmp/workspace/scripts-Private_test-fr_cugr_cmp-2-/results/asap7/mock-cpu/base/6_1_fill.sdc line 56524, 'fifo_in/wdata[25]' is not a valid endpoint.
[WARNING STA-1551] /tmp/workspace/scripts-Private_test-fr_cugr_cmp-2-/results/asap7/mock-cpu/base/6_1_fill.sdc line 56524, 'fifo_in/wdata[24]' is not a valid endpoint.
[WARNING STA-1551] /tmp/workspace/scripts-Private_test-fr_cugr_cmp-2-/results/asap7/mock-cpu/base/6_1_fill.sdc line 56524, 'fifo_in/wdata[23]' is not a valid endpoint.
[WARNING STA-1551] /tmp/workspace/scripts-Private_test-fr_cugr_cmp-2-/results/asap7/mock-cpu/base/6_1_fill.sdc line 56524, 'fifo_in/wdata[22]' is not a valid endpoint.
[WARNING STA-1551] /tmp/workspace/scripts-Private_test-fr_cugr_cmp-2-/results/asap7/mock-cpu/base/6_1_fill.sdc line 56524, 'fifo_in/wdata[21]' is not a valid endpoint.
[WARNING STA-1551] /tmp/workspace/scripts-Private_test-fr_cugr_cmp-2-/results/asap7/mock-cpu/base/6_1_fill.sdc line 56524, 'fifo_in/wdata[20]' is not a valid endpoint.
[WARNING STA-1551] /tmp/workspace/scripts-Private_test-fr_cugr_cmp-2-/results/asap7/mock-cpu/base/6_1_fill.sdc line 56524, 'fifo_in/wdata[19]' is not a valid endpoint.
[WARNING STA-1551] /tmp/workspace/scripts-Private_test-fr_cugr_cmp-2-/results/asap7/mock-cpu/base/6_1_fill.sdc line 56524, 'fifo_in/wdata[18]' is not a valid endpoint.
[WARNING STA-1551] /tmp/workspace/scripts-Private_test-fr_cugr_cmp-2-/results/asap7/mock-cpu/base/6_1_fill.sdc line 56524, 'fifo_in/wdata[17]' is not a valid endpoint.
[WARNING STA-1551] /tmp/workspace/scripts-Private_test-fr_cugr_cmp-2-/results/asap7/mock-cpu/base/6_1_fill.sdc line 56524, 'fifo_in/wdata[16]' is not a valid endpoint.
[WARNING STA-1551] /tmp/workspace/scripts-Private_test-fr_cugr_cmp-2-/results/asap7/mock-cpu/base/6_1_fill.sdc line 56524, 'fifo_in/wdata[15]' is not a valid endpoint.
[WARNING STA-1551] /tmp/workspace/scripts-Private_test-fr_cugr_cmp-2-/results/asap7/mock-cpu/base/6_1_fill.sdc line 56524, 'fifo_in/wdata[14]' is not a valid endpoint.
[WARNING STA-1551] /tmp/workspace/scripts-Private_test-fr_cugr_cmp-2-/results/asap7/mock-cpu/base/6_1_fill.sdc line 56524, 'fifo_in/wdata[13]' is not a valid endpoint.
[WARNING STA-1551] /tmp/workspace/scripts-Private_test-fr_cugr_cmp-2-/results/asap7/mock-cpu/base/6_1_fill.sdc line 56524, 'fifo_in/wdata[12]' is not a valid endpoint.
[WARNING STA-1551] /tmp/workspace/scripts-Private_test-fr_cugr_cmp-2-/results/asap7/mock-cpu/base/6_1_fill.sdc line 56524, 'fifo_in/wdata[11]' is not a valid endpoint.
[WARNING STA-1551] /tmp/workspace/scripts-Private_test-fr_cugr_cmp-2-/results/asap7/mock-cpu/base/6_1_fill.sdc line 56524, 'fifo_in/wdata[10]' is not a valid endpoint.
[WARNING STA-1551] /tmp/workspace/scripts-Private_test-fr_cugr_cmp-2-/results/asap7/mock-cpu/base/6_1_fill.sdc line 56524, 'fifo_in/wdata[9]' is not a valid endpoint.
[WARNING STA-1551] /tmp/workspace/scripts-Private_test-fr_cugr_cmp-2-/results/asap7/mock-cpu/base/6_1_fill.sdc line 56524, 'fifo_in/wdata[8]' is not a valid endpoint.
[WARNING STA-1551] /tmp/workspace/scripts-Private_test-fr_cugr_cmp-2-/results/asap7/mock-cpu/base/6_1_fill.sdc line 56524, 'fifo_in/wdata[7]' is not a valid endpoint.
[WARNING STA-1551] /tmp/workspace/scripts-Private_test-fr_cugr_cmp-2-/results/asap7/mock-cpu/base/6_1_fill.sdc line 56524, 'fifo_in/wdata[6]' is not a valid endpoint.
[WARNING STA-1551] /tmp/workspace/scripts-Private_test-fr_cugr_cmp-2-/results/asap7/mock-cpu/base/6_1_fill.sdc line 56524, 'fifo_in/wdata[5]' is not a valid endpoint.
[WARNING STA-1551] /tmp/workspace/scripts-Private_test-fr_cugr_cmp-2-/results/asap7/mock-cpu/base/6_1_fill.sdc line 56524, 'fifo_in/wdata[4]' is not a valid endpoint.
[WARNING STA-1551] /tmp/workspace/scripts-Private_test-fr_cugr_cmp-2-/results/asap7/mock-cpu/base/6_1_fill.sdc line 56524, 'fifo_in/wdata[3]' is not a valid endpoint.
[WARNING STA-1551] /tmp/workspace/scripts-Private_test-fr_cugr_cmp-2-/results/asap7/mock-cpu/base/6_1_fill.sdc line 56524, 'fifo_in/wdata[2]' is not a valid endpoint.
[WARNING STA-1551] /tmp/workspace/scripts-Private_test-fr_cugr_cmp-2-/results/asap7/mock-cpu/base/6_1_fill.sdc line 56524, 'fifo_in/wdata[1]' is not a valid endpoint.
[WARNING STA-1551] /tmp/workspace/scripts-Private_test-fr_cugr_cmp-2-/results/asap7/mock-cpu/base/6_1_fill.sdc line 56524, 'fifo_in/wdata[0]' is not a valid endpoint.
[WARNING STA-1551] /tmp/workspace/scripts-Private_test-fr_cugr_cmp-2-/results/asap7/mock-cpu/base/6_1_fill.sdc line 56524, 'fifo_in/winc' is not a valid endpoint.
[WARNING STA-1551] /tmp/workspace/scripts-Private_test-fr_cugr_cmp-2-/results/asap7/mock-cpu/base/6_1_fill.sdc line 56524, 'fifo_out/rinc' is not a valid endpoint.
[WARNING STA-1551] /tmp/workspace/scripts-Private_test-fr_cugr_cmp-2-/results/asap7/mock-cpu/base/6_1_fill.sdc line 94137, 'fifo_out/rinc' is not a valid endpoint.
[WARNING STA-1551] /tmp/workspace/scripts-Private_test-fr_cugr_cmp-2-/results/asap7/mock-cpu/base/6_1_fill.sdc line 94140, 'fifo_in/winc' is not a valid endpoint.
[WARNING STA-1551] /tmp/workspace/scripts-Private_test-fr_cugr_cmp-2-/results/asap7/mock-cpu/base/6_1_fill.sdc line 94205, 'fifo_in/wdata[31]' is not a valid endpoint.
[WARNING STA-1551] /tmp/workspace/scripts-Private_test-fr_cugr_cmp-2-/results/asap7/mock-cpu/base/6_1_fill.sdc line 94205, 'fifo_in/wdata[30]' is not a valid endpoint.
[WARNING STA-1551] /tmp/workspace/scripts-Private_test-fr_cugr_cmp-2-/results/asap7/mock-cpu/base/6_1_fill.sdc line 94205, 'fifo_in/wdata[29]' is not a valid endpoint.
[WARNING STA-1551] /tmp/workspace/scripts-Private_test-fr_cugr_cmp-2-/results/asap7/mock-cpu/base/6_1_fill.sdc line 94205, 'fifo_in/wdata[28]' is not a valid endpoint.
[WARNING STA-1551] /tmp/workspace/scripts-Private_test-fr_cugr_cmp-2-/results/asap7/mock-cpu/base/6_1_fill.sdc line 94205, 'fifo_in/wdata[27]' is not a valid endpoint.
[WARNING STA-1551] /tmp/workspace/scripts-Private_test-fr_cugr_cmp-2-/results/asap7/mock-cpu/base/6_1_fill.sdc line 94205, 'fifo_in/wdata[26]' is not a valid endpoint.
[WARNING STA-1551] /tmp/workspace/scripts-Private_test-fr_cugr_cmp-2-/results/asap7/mock-cpu/base/6_1_fill.sdc line 94205, 'fifo_in/wdata[25]' is not a valid endpoint.
[WARNING STA-1551] /tmp/workspace/scripts-Private_test-fr_cugr_cmp-2-/results/asap7/mock-cpu/base/6_1_fill.sdc line 94205, 'fifo_in/wdata[24]' is not a valid endpoint.
[WARNING STA-1551] /tmp/workspace/scripts-Private_test-fr_cugr_cmp-2-/results/asap7/mock-cpu/base/6_1_fill.sdc line 94205, 'fifo_in/wdata[23]' is not a valid endpoint.
[WARNING STA-1551] /tmp/workspace/scripts-Private_test-fr_cugr_cmp-2-/results/asap7/mock-cpu/base/6_1_fill.sdc line 94205, 'fifo_in/wdata[22]' is not a valid endpoint.
[WARNING STA-1551] /tmp/workspace/scripts-Private_test-fr_cugr_cmp-2-/results/asap7/mock-cpu/base/6_1_fill.sdc line 94205, 'fifo_in/wdata[21]' is not a valid endpoint.
[WARNING STA-1551] /tmp/workspace/scripts-Private_test-fr_cugr_cmp-2-/results/asap7/mock-cpu/base/6_1_fill.sdc line 94205, 'fifo_in/wdata[20]' is not a valid endpoint.
[WARNING STA-1551] /tmp/workspace/scripts-Private_test-fr_cugr_cmp-2-/results/asap7/mock-cpu/base/6_1_fill.sdc line 94205, 'fifo_in/wdata[19]' is not a valid endpoint.
[WARNING STA-1551] /tmp/workspace/scripts-Private_test-fr_cugr_cmp-2-/results/asap7/mock-cpu/base/6_1_fill.sdc line 94205, 'fifo_in/wdata[18]' is not a valid endpoint.
[WARNING STA-1551] /tmp/workspace/scripts-Private_test-fr_cugr_cmp-2-/results/asap7/mock-cpu/base/6_1_fill.sdc line 94205, 'fifo_in/wdata[17]' is not a valid endpoint.
[WARNING STA-1551] /tmp/workspace/scripts-Private_test-fr_cugr_cmp-2-/results/asap7/mock-cpu/base/6_1_fill.sdc line 94205, 'fifo_in/wdata[16]' is not a valid endpoint.
[WARNING STA-1551] /tmp/workspace/scripts-Private_test-fr_cugr_cmp-2-/results/asap7/mock-cpu/base/6_1_fill.sdc line 94205, 'fifo_in/wdata[15]' is not a valid endpoint.
[WARNING STA-1551] /tmp/workspace/scripts-Private_test-fr_cugr_cmp-2-/results/asap7/mock-cpu/base/6_1_fill.sdc line 94205, 'fifo_in/wdata[14]' is not a valid endpoint.
[WARNING STA-1551] /tmp/workspace/scripts-Private_test-fr_cugr_cmp-2-/results/asap7/mock-cpu/base/6_1_fill.sdc line 94205, 'fifo_in/wdata[13]' is not a valid endpoint.
[WARNING STA-1551] /tmp/workspace/scripts-Private_test-fr_cugr_cmp-2-/results/asap7/mock-cpu/base/6_1_fill.sdc line 94205, 'fifo_in/wdata[12]' is not a valid endpoint.
[WARNING STA-1551] /tmp/workspace/scripts-Private_test-fr_cugr_cmp-2-/results/asap7/mock-cpu/base/6_1_fill.sdc line 94205, 'fifo_in/wdata[11]' is not a valid endpoint.
[WARNING STA-1551] /tmp/workspace/scripts-Private_test-fr_cugr_cmp-2-/results/asap7/mock-cpu/base/6_1_fill.sdc line 94205, 'fifo_in/wdata[10]' is not a valid endpoint.
[WARNING STA-1551] /tmp/workspace/scripts-Private_test-fr_cugr_cmp-2-/results/asap7/mock-cpu/base/6_1_fill.sdc line 94205, 'fifo_in/wdata[9]' is not a valid endpoint.
[WARNING STA-1551] /tmp/workspace/scripts-Private_test-fr_cugr_cmp-2-/results/asap7/mock-cpu/base/6_1_fill.sdc line 94205, 'fifo_in/wdata[8]' is not a valid endpoint.
[WARNING STA-1551] /tmp/workspace/scripts-Private_test-fr_cugr_cmp-2-/results/asap7/mock-cpu/base/6_1_fill.sdc line 94205, 'fifo_in/wdata[7]' is not a valid endpoint.
[WARNING STA-1551] /tmp/workspace/scripts-Private_test-fr_cugr_cmp-2-/results/asap7/mock-cpu/base/6_1_fill.sdc line 94205, 'fifo_in/wdata[6]' is not a valid endpoint.
[WARNING STA-1551] /tmp/workspace/scripts-Private_test-fr_cugr_cmp-2-/results/asap7/mock-cpu/base/6_1_fill.sdc line 94205, 'fifo_in/wdata[5]' is not a valid endpoint.
[WARNING STA-1551] /tmp/workspace/scripts-Private_test-fr_cugr_cmp-2-/results/asap7/mock-cpu/base/6_1_fill.sdc line 94205, 'fifo_in/wdata[4]' is not a valid endpoint.
[WARNING STA-1551] /tmp/workspace/scripts-Private_test-fr_cugr_cmp-2-/results/asap7/mock-cpu/base/6_1_fill.sdc line 94205, 'fifo_in/wdata[3]' is not a valid endpoint.
[WARNING STA-1551] /tmp/workspace/scripts-Private_test-fr_cugr_cmp-2-/results/asap7/mock-cpu/base/6_1_fill.sdc line 94205, 'fifo_in/wdata[2]' is not a valid endpoint.
[WARNING STA-1551] /tmp/workspace/scripts-Private_test-fr_cugr_cmp-2-/results/asap7/mock-cpu/base/6_1_fill.sdc line 94205, 'fifo_in/wdata[1]' is not a valid endpoint.
[WARNING STA-1551] /tmp/workspace/scripts-Private_test-fr_cugr_cmp-2-/results/asap7/mock-cpu/base/6_1_fill.sdc line 94205, 'fifo_in/wdata[0]' is not a valid endpoint.
[WARNING STA-1551] /tmp/workspace/scripts-Private_test-fr_cugr_cmp-2-/results/asap7/mock-cpu/base/6_1_fill.sdc line 94249, 'rrst_n' is not a valid endpoint.
[WARNING STA-1551] /tmp/workspace/scripts-Private_test-fr_cugr_cmp-2-/results/asap7/mock-cpu/base/6_1_fill.sdc line 94249, 'wrst_n' is not a valid endpoint.
source ./platforms/asap7/setRC.tcl
write_db /tmp/workspace/scripts-Private_test-fr_cugr_cmp-2-/results/asap7/mock-cpu/base/6_final.odb
write_sdc -no_timestamp /tmp/workspace/scripts-Private_test-fr_cugr_cmp-2-/results/asap7/mock-cpu/base/6_final.sdc
Deleted 0 routing obstructions
[INFO RCX-0431] Defined process_corner X with ext_model_index 0
[INFO RCX-0029] Defined extraction corner X
[WARNING RCX-0514] The ext_model_file option is deprecated. Use set_extraction_rules_file command instead.
[INFO RCX-0435] Reading extraction model file ./platforms/asap7/rcx_patterns.rules ...
[INFO RCX-0436] RC segment generation mock_cpu (max_merge_res 50.0) ...
[INFO RCX-0040] Final 150632 rc segments
[INFO RCX-0439] Coupling Cap extraction mock_cpu ...
[INFO RCX-0440] Coupling threshhold is 0.1000 fF, coupling capacitance less than 0.1000 fF will be grounded.
[INFO RCX-0442] 18% of 148728 wires extracted
[INFO RCX-0442] 36% of 148728 wires extracted
[INFO RCX-0442] 57% of 148728 wires extracted
[INFO RCX-0442] 68% of 148728 wires extracted
[INFO RCX-0442] 84% of 148728 wires extracted
[INFO RCX-0442] 100% of 148728 wires extracted
[INFO RCX-0045] Extract 39800 nets, 190431 rsegs, 190431 caps, 73111 ccs
[INFO RCX-0443] 39800 nets finished
[INFO PSM-0040] All shapes on net VDD are connected.
########## IR report #################
Net              : VDD
Corner           : default
Total power      : 1.48e-01 W
Supply voltage   : 7.70e-01 V
Worstcase voltage: 7.60e-01 V
Average voltage  : 7.68e-01 V
Average IR drop  : 1.75e-03 V
Worstcase IR drop: 9.99e-03 V
Percentage drop  : 1.30 %
######################################
[INFO PSM-0040] All shapes on net VSS are connected.
########## IR report #################
Net              : VSS
Corner           : default
Total power      : 1.48e-01 W
Supply voltage   : 0.00e+00 V
Worstcase voltage: 9.08e-03 V
Average voltage  : 1.75e-03 V
Average IR drop  : 1.75e-03 V
Worstcase IR drop: 9.08e-03 V
Percentage drop  : 1.18 %
######################################
Cell type report:                        Count       Area
  Fill cell                              63788    9050.72
  Tap cell                                2115      61.67
  Tie cell                                 168       7.35
  Clock buffer                            1300     462.01
  Timing Repair Buffer                     108       9.01
  Inverter                               18622     814.69
  Clock inverter                           254      39.63
  Sequential cell                        18800    5486.28
  Multi-Input combinational cell          1199     117.47
  Total                                 106354   16048.83
Report metrics stage 6, finish...

==========================================================================
finish report_design_area
--------------------------------------------------------------------------
Design area 6998 um^2 44% utilization.
[WARNING GUI-0076] QStandardPaths: XDG_RUNTIME_DIR not set, defaulting to '/tmp/runtime-root'
Elapsed time: 0:50.31[h:]min:sec. CPU time: user 60.47 sys 25.61 (171%). Peak memory: 1343752KB.
Log                       Ext     Elapsed/s Peak Memory/MB sha1sum result [0:20)
6_report                                 50           1312                  N/A
cp ./platforms/asap7/lef/asap7_tech_1x_201209.lef /tmp/workspace/scripts-Private_test-fr_cugr_cmp-2-/objects/asap7/mock-cpu/base/klayout_tech.lef
/usr/bin/python3 /OpenROAD-flow-scripts/flow/util/generate_klayout_tech.py \
	--template ./platforms/asap7/KLayout/asap7.lyt \
	--output /tmp/workspace/scripts-Private_test-fr_cugr_cmp-2-/objects/asap7/mock-cpu/base/klayout.lyt \
	--lef-files /tmp/workspace/scripts-Private_test-fr_cugr_cmp-2-/objects/asap7/mock-cpu/base/klayout_tech.lef ./platforms/asap7/lef/asap7sc7p5t_28_R_1x_220121a.lef   \
	--map-files 
/usr/bin/python3 /OpenROAD-flow-scripts/flow/scripts/run_command.py --log /tmp/workspace/scripts-Private_test-fr_cugr_cmp-2-/logs/asap7/mock-cpu/base/6_1_merge.log --tee -- \
        /OpenROAD-flow-scripts/flow/scripts/klayout.sh -zz -rd design_name=mock_cpu \
        -rd in_def=/tmp/workspace/scripts-Private_test-fr_cugr_cmp-2-/results/asap7/mock-cpu/base/6_final.def \
        -rd in_files="./platforms/asap7/gds/asap7sc7p5t_28_R_220121a.gds  " \
        -rd seal_file="" \
        -rd out_file=/tmp/workspace/scripts-Private_test-fr_cugr_cmp-2-/results/asap7/mock-cpu/base/6_1_merged.gds \
        -rd tech_file=/tmp/workspace/scripts-Private_test-fr_cugr_cmp-2-/objects/asap7/mock-cpu/base/klayout.lyt \
        -rd layer_map= \
        -r /OpenROAD-flow-scripts/flow/util/def2stream.py
KLayout 0.30.7
Warning: DEF UNITS does not match reader DBU (DEF UNITS is 1000 and corresponds to a DBU of 0.001, but reader DBU is set to 0.00025) (line=5, cell=, file=6_final.def)
[INFO] Reporting cells prior to loading DEF ...
	./platforms/asap7/gds/asap7sc7p5t_28_R_220121a.gds
[INFO] GDS_ALLOW_EMPTY=fakeram.*
[INFO] All LEF cells have matching GDS/OAS cells
[INFO] No orphan cells in the final layout
Elapsed time: 0:03.29[h:]min:sec. CPU time: user 3.00 sys 0.28 (99%). Peak memory: 587048KB.
cp /tmp/workspace/scripts-Private_test-fr_cugr_cmp-2-/results/asap7/mock-cpu/base/6_1_merged.gds /tmp/workspace/scripts-Private_test-fr_cugr_cmp-2-/results/asap7/mock-cpu/base/6_final.gds
/tmp/workspace/scripts-Private_test-fr_cugr_cmp-2-/logs/asap7/mock-cpu/base
Log                       Ext     Elapsed/s Peak Memory/MB sha1sum result [0:20)
1_1_yosys_canonicalize    .rtlil          1             85 7ea8b2cecb490a111d58
1_2_yosys                 .v              5            226 d8887b5c222ea5a8be8b
1_2_yosys                 .sdc                             cd9c30b4bd049dfc92ba
1_synth                   .odb            2            328 43321db866a35ede6a3b
1_synth                   .sdc                             e3c808b3924ecc5cbbd6
2_1_floorplan             .odb            6            350 7cb61b529b9791567fde
2_1_floorplan             .sdc                             e3c808b3924ecc5cbbd6
2_2_floorplan_macro       .odb            2            277 7cb61b529b9791567fde
2_3_floorplan_tapcell     .odb            2            271 e1d4c3f971ea58e6d848
2_4_floorplan_pdn         .odb            3            284 1dd8f6fb2d56e920cb1f
3_1_place_gp_skip_io      .odb           12            343 f998b72d30c311ab6587
3_2_place_iop             .odb            2            284 c57aedc1cf3394799d4b
3_3_place_gp              .odb           32            709 f340da656bc89ce45a33
3_4_place_resized         .odb           12            373 f340da656bc89ce45a33
3_5_place_dp              .odb           28            456 2fd34fb768c573e560ef
4_1_cts                   .odb           25            652 ba8db734a018bf99b644
5_1_grt                   .odb          100           1000 1d7c877c4f413b9fd388
5_1_grt                   .sdc                             2c2ef38e28c761623377
5_2_route                 .odb          165           7842 d4db703a65f7d5d1fac2
5_3_fillcell              .odb            3            436 ecca4d263c3c0ec1ef5a
6_1_fill                  .odb            2            340 ecca4d263c3c0ec1ef5a
6_1_fill                  .sdc                             2c2ef38e28c761623377
6_1_merge                                 3            573                  N/A
6_report                                 50           1312                  N/A
Total                                   455           7842                     
mkdir -p /tmp/workspace/scripts-Private_test-fr_cugr_cmp-2-/reports/asap7/mock-cpu/base
echo ./designs/asap7/mock-cpu > /tmp/workspace/scripts-Private_test-fr_cugr_cmp-2-/reports/asap7/mock-cpu/base/design-dir.txt
/usr/bin/python3 /OpenROAD-flow-scripts/flow/util/genMetrics.py -d mock-cpu \
    -p asap7 \
    -v base \
    --logs /tmp/workspace/scripts-Private_test-fr_cugr_cmp-2-/logs/asap7/mock-cpu/base \
    --reports /tmp/workspace/scripts-Private_test-fr_cugr_cmp-2-/reports/asap7/mock-cpu/base \
    --results /tmp/workspace/scripts-Private_test-fr_cugr_cmp-2-/results/asap7/mock-cpu/base \
    -o /tmp/workspace/scripts-Private_test-fr_cugr_cmp-2-/reports/asap7/mock-cpu/base/metadata.json 2>&1 \
    | tee /tmp/workspace/scripts-Private_test-fr_cugr_cmp-2-/reports/asap7/mock-cpu/base/metadata-generate.log
[WARN] not a git repo: /OpenROAD-flow-scripts/flow/util/../
[WARN] not a git repo: ./platforms/asap7
[WARN] Tag globalroute__timing__clock__slack not found in /tmp/workspace/scripts-Private_test-fr_cugr_cmp-2-/logs/asap7/mock-cpu/base/5_1_grt.log. Will use N/A.
[WARN] Overwriting Tag synth__runtime__total
[WARN] Overwriting Tag synth__cpu__total
[WARN] Overwriting Tag synth__mem__peak
[WARN] Overwriting Tag finish__runtime__total
[WARN] Overwriting Tag finish__cpu__total
[WARN] Overwriting Tag finish__mem__peak
/usr/bin/python3 /OpenROAD-flow-scripts/flow/util/checkMetadata.py \
    -m /tmp/workspace/scripts-Private_test-fr_cugr_cmp-2-/reports/asap7/mock-cpu/base/metadata.json \
    -r ./designs/asap7/mock-cpu/rules-base.json 2>&1 \
    | tee /tmp/workspace/scripts-Private_test-fr_cugr_cmp-2-/reports/asap7/mock-cpu/base/metadata-check.log
[INFO] synth__canonical_netlist__hash pass test: 7ea8b2cecb490a111d582bdb6f546f1395302615 == 7ea8b2cecb490a111d582bdb6f546f1395302615
[INFO] synth__netlist__hash pass test: d8887b5c222ea5a8be8b16a1ac67dbd3ace934b9 == d8887b5c222ea5a8be8b16a1ac67dbd3ace934b9
[INFO] synth__design__instance__area__stdcell pass test: 6434.12 <= 7400
[INFO] constraints__clocks__count pass test: 2 == 2
[INFO] placeopt__design__instance__area pass test: 6496.29 <= 7471
[INFO] placeopt__design__instance__count__stdcell pass test: 41010 <= 47168
[INFO] detailedplace__design__violations pass test: 0 == 0
[INFO] cts__design__instance__count__setup_buffer pass test: 0 <= 4102
[INFO] cts__design__instance__count__hold_buffer pass test: 0 <= 4102
[INFO] cts__timing__setup__ws pass test: 9.87113 >= -16.6
[INFO] cts__timing__setup__tns pass test: 0 >= -66.6
[INFO] cts__timing__hold__ws pass test: 4.52578 >= -16.6
[INFO] cts__timing__hold__tns pass test: 0 >= -66.6
[INFO] globalroute__antenna_diodes_count pass test: 0 <= 100
[INFO] globalroute__timing__setup__ws pass test: 9.36123 >= -16.6
[INFO] globalroute__timing__setup__tns pass test: 0 >= -66.6
[INFO] globalroute__timing__hold__ws pass test: 3.89111 >= -16.6
[INFO] globalroute__timing__hold__tns pass test: 0 >= -66.6
[INFO] detailedroute__route__wirelength pass test: 48435 <= 55190
[INFO] detailedroute__route__drc_errors pass test: 0 <= 0
[INFO] detailedroute__antenna__violating__nets pass test: 0 <= 0
[INFO] detailedroute__antenna_diodes_count pass test: 0 <= 100
[INFO] finish__timing__setup__ws pass test: 12.489 >= -16.6
[INFO] finish__timing__setup__tns pass test: 0 >= -66.6
[INFO] finish__timing__hold__ws pass test: 0.845671 >= -17.4
[INFO] finish__timing__hold__tns pass test: 0 >= -67.3
[INFO] finish__design__instance__area pass test: 6998.11 <= 8045
Metadata check warnings: 0
All metadata rules passed (27 rules)
/OpenROAD-flow-scripts/flow/util/makeIssue.sh /tmp/workspace/scripts-Private_test-fr_cugr_cmp-2-/final_report
Creating issue for target final_report in /tmp/workspace/scripts-Private_test-fr_cugr_cmp-2-
Archiving issue to /tmp/workspace/scripts-Private_test-fr_cugr_cmp-2-/final_report_mock-cpu_asap7_base_2026-08-20_04-28.tar.gz
Using gzip to compress tar file
tar: Removing leading `/' from member names
tar: Removing leading `/' from hard link targets
