rm -f /tmp/workspace/scripts-Private_test-fr_cugr_cmp-2-/results/asap7/swerv_wrapper/base/1_* /tmp/workspace/scripts-Private_test-fr_cugr_cmp-2-/results/asap7/swerv_wrapper/base/mem*.json
rm -rf /tmp/workspace/scripts-Private_test-fr_cugr_cmp-2-/results/asap7/swerv_wrapper/base/memories
rm -f /tmp/workspace/scripts-Private_test-fr_cugr_cmp-2-/reports/asap7/swerv_wrapper/base/synth_*
rm -f /tmp/workspace/scripts-Private_test-fr_cugr_cmp-2-/logs/asap7/swerv_wrapper/base/1_*
rm -f 
rm -f /tmp/workspace/scripts-Private_test-fr_cugr_cmp-2-/results/asap7/swerv_wrapper/base/clock_period.txt
rm -f /tmp/workspace/scripts-Private_test-fr_cugr_cmp-2-/results/asap7/swerv_wrapper/base/2_*floorplan*.odb /tmp/workspace/scripts-Private_test-fr_cugr_cmp-2-/results/asap7/swerv_wrapper/base/2_floorplan.sdc /tmp/workspace/scripts-Private_test-fr_cugr_cmp-2-/results/asap7/swerv_wrapper/base/2_*.v /tmp/workspace/scripts-Private_test-fr_cugr_cmp-2-/results/asap7/swerv_wrapper/base/2_*.def
rm -f /tmp/workspace/scripts-Private_test-fr_cugr_cmp-2-/reports/asap7/swerv_wrapper/base/2_*
rm -f /tmp/workspace/scripts-Private_test-fr_cugr_cmp-2-/logs/asap7/swerv_wrapper/base/2_*
rm -f /tmp/workspace/scripts-Private_test-fr_cugr_cmp-2-/results/asap7/swerv_wrapper/base/3_*place*.odb
rm -f /tmp/workspace/scripts-Private_test-fr_cugr_cmp-2-/results/asap7/swerv_wrapper/base/3_place.sdc
rm -f /tmp/workspace/scripts-Private_test-fr_cugr_cmp-2-/results/asap7/swerv_wrapper/base/3_*.def /tmp/workspace/scripts-Private_test-fr_cugr_cmp-2-/results/asap7/swerv_wrapper/base/3_*.v
rm -f /tmp/workspace/scripts-Private_test-fr_cugr_cmp-2-/reports/asap7/swerv_wrapper/base/3_*
rm -f /tmp/workspace/scripts-Private_test-fr_cugr_cmp-2-/logs/asap7/swerv_wrapper/base/3_*
rm -rf /tmp/workspace/scripts-Private_test-fr_cugr_cmp-2-/results/asap7/swerv_wrapper/base/4_*cts*.odb /tmp/workspace/scripts-Private_test-fr_cugr_cmp-2-/results/asap7/swerv_wrapper/base/4_cts.sdc /tmp/workspace/scripts-Private_test-fr_cugr_cmp-2-/results/asap7/swerv_wrapper/base/4_*.v /tmp/workspace/scripts-Private_test-fr_cugr_cmp-2-/results/asap7/swerv_wrapper/base/4_*.def
rm -f  /tmp/workspace/scripts-Private_test-fr_cugr_cmp-2-/reports/asap7/swerv_wrapper/base/4_*
rm -rf /tmp/workspace/scripts-Private_test-fr_cugr_cmp-2-/logs/asap7/swerv_wrapper/base/4_*
rm -rf /tmp/workspace/scripts-Private_test-fr_cugr_cmp-2-/results/asap7/swerv_wrapper/base/route.guide /tmp/workspace/scripts-Private_test-fr_cugr_cmp-2-/results/asap7/swerv_wrapper/base/output_guide.mod /tmp/workspace/scripts-Private_test-fr_cugr_cmp-2-/results/asap7/swerv_wrapper/base/updated_clks.sdc
rm -rf /tmp/workspace/scripts-Private_test-fr_cugr_cmp-2-/results/asap7/swerv_wrapper/base/5_*.odb /tmp/workspace/scripts-Private_test-fr_cugr_cmp-2-/results/asap7/swerv_wrapper/base/5_route.sdc /tmp/workspace/scripts-Private_test-fr_cugr_cmp-2-/results/asap7/swerv_wrapper/base/5_*.def /tmp/workspace/scripts-Private_test-fr_cugr_cmp-2-/results/asap7/swerv_wrapper/base/5_*.v
rm -f  /tmp/workspace/scripts-Private_test-fr_cugr_cmp-2-/reports/asap7/swerv_wrapper/base/5_*
rm -f  /tmp/workspace/scripts-Private_test-fr_cugr_cmp-2-/logs/asap7/swerv_wrapper/base/5_*
rm -rf /tmp/workspace/scripts-Private_test-fr_cugr_cmp-2-/results/asap7/swerv_wrapper/base/6_*.gds /tmp/workspace/scripts-Private_test-fr_cugr_cmp-2-/results/asap7/swerv_wrapper/base/6_*.oas /tmp/workspace/scripts-Private_test-fr_cugr_cmp-2-/results/asap7/swerv_wrapper/base/6_*.odb /tmp/workspace/scripts-Private_test-fr_cugr_cmp-2-/results/asap7/swerv_wrapper/base/6_*.v /tmp/workspace/scripts-Private_test-fr_cugr_cmp-2-/results/asap7/swerv_wrapper/base/6_*.def /tmp/workspace/scripts-Private_test-fr_cugr_cmp-2-/results/asap7/swerv_wrapper/base/6_*.sdc /tmp/workspace/scripts-Private_test-fr_cugr_cmp-2-/results/asap7/swerv_wrapper/base/6_*.spef
rm -rf /tmp/workspace/scripts-Private_test-fr_cugr_cmp-2-/reports/asap7/swerv_wrapper/base/6_*.rpt
rm -f  /tmp/workspace/scripts-Private_test-fr_cugr_cmp-2-/logs/asap7/swerv_wrapper/base/6_*
rm -f /tmp/workspace/scripts-Private_test-fr_cugr_cmp-2-/reports/asap7/swerv_wrapper/base/design-dir.txt
rm -f /tmp/workspace/scripts-Private_test-fr_cugr_cmp-2-/reports/asap7/swerv_wrapper/base/metadata*.*
rm -f /tmp/workspace/scripts-Private_test-fr_cugr_cmp-2-/results/asap7/swerv_wrapper/base/swerv_wrapper.lib /tmp/workspace/scripts-Private_test-fr_cugr_cmp-2-/results/asap7/swerv_wrapper/base/swerv_wrapper.lef
rm -rf /tmp/workspace/scripts-Private_test-fr_cugr_cmp-2-/objects/asap7/swerv_wrapper/base
make: Nothing to be done for 'clean_metadata'.
OpenROAD 26Q3-1464-gb22abfea20 
Features included (+) or not (-): +GPU +GUI +Python
This program is licensed under the BSD-3 license. See the LICENSE file for details.
Components of this program may be licensed under more restrictive licenses which must be honored.
[INFO ORD-0030] Using 30 thread(s).
mkdir -p /tmp/workspace/scripts-Private_test-fr_cugr_cmp-2-/objects/asap7/swerv_wrapper/base
/OpenROAD-flow-scripts/flow/scripts/flow.sh 1_synth synth_syn
Running synth_syn.tcl, stage 1_synth
source ./platforms/asap7/liberty_suppressions.tcl
read_liberty ./platforms/asap7/lib/CCS/asap7sc7p5t_AO_RVT_FF_ccs_211120.lib.gz
read_liberty ./platforms/asap7/lib/CCS/asap7sc7p5t_INVBUF_RVT_FF_ccs_220122.lib.gz
read_liberty ./platforms/asap7/lib/CCS/asap7sc7p5t_OA_RVT_FF_ccs_211120.lib.gz
read_liberty ./platforms/asap7/lib/CCS/asap7sc7p5t_SIMPLE_RVT_FF_ccs_211120.lib.gz
read_liberty ./platforms/asap7/lib/CCS/asap7sc7p5t_SEQ_RVT_FF_ccs_220123.lib
read_liberty /OpenROAD-flow-scripts/flow/designs/asap7/swerv_wrapper/lib/fakeram7_2048x39.lib
read_liberty /OpenROAD-flow-scripts/flow/designs/asap7/swerv_wrapper/lib/fakeram7_256x34.lib
read_liberty /OpenROAD-flow-scripts/flow/designs/asap7/swerv_wrapper/lib/fakeram7_64x21.lib
read_lef ./platforms/asap7/lef/asap7_tech_1x_201209.lef
[INFO ODB-0227] LEF file: ./platforms/asap7/lef/asap7_tech_1x_201209.lef, created 30 layers, 9 vias
read_lef ./platforms/asap7/lef/asap7sc7p5t_28_R_1x_220121a.lef
[INFO ODB-0227] LEF file: ./platforms/asap7/lef/asap7sc7p5t_28_R_1x_220121a.lef, created 212 library cells
read_lef /OpenROAD-flow-scripts/flow/designs/asap7/swerv_wrapper/lef/fakeram7_2048x39.lef
[INFO ODB-0227] LEF file: /OpenROAD-flow-scripts/flow/designs/asap7/swerv_wrapper/lef/fakeram7_2048x39.lef, created 1 library cells
read_lef /OpenROAD-flow-scripts/flow/designs/asap7/swerv_wrapper/lef/fakeram7_256x34.lef
[INFO ODB-0227] LEF file: /OpenROAD-flow-scripts/flow/designs/asap7/swerv_wrapper/lef/fakeram7_256x34.lef, created 1 library cells
read_lef /OpenROAD-flow-scripts/flow/designs/asap7/swerv_wrapper/lef/fakeram7_64x21.lef
[INFO ODB-0227] LEF file: /OpenROAD-flow-scripts/flow/designs/asap7/swerv_wrapper/lef/fakeram7_64x21.lef, created 1 library cells
set_dont_use "*x1p*_ASAP7* *xp*_ASAP7* SDF* ICG*"
sv_elaborate -D SYNTHESIS --compat=vcs --ignore-assertions --no-implicit-memories --top swerv_wrapper /OpenROAD-flow-scripts/flow/designs/src/swerv/swerv_wrapper.sv2v.v /OpenROAD-flow-scripts/flow/designs/asap7/swerv_wrapper/macros.v ./platforms/asap7/yoSys/cells_clkgate_R.v --std=1364-2005
Top level design units:
    swerv_wrapper

Build succeeded: 0 errors, 0 warnings
Took 5 seconds: sv_elaborate -D SYNTHESIS --compat=vcs --ignore-assertions --no-implicit-memories --top swerv_wrapper /OpenROAD-flow-scripts/flow/designs/src/swerv/swerv_wrapper.sv2v.v /OpenROAD-flow-scripts/flow/designs/asap7/swerv_wrapper/macros.v ./platforms/asap7/yoSys/cells_clkgate_R.v --std=1364-2005
syn::stats
  adc: 250 cells, 2742 bits
  and: 59762 cells, 59762 bits
  dff: 13993 cells, 13993 bits
  eq: 263 cells, 263 bits
  input: 76 cells, 534 bits
  mul: 1 cells, 64 bits
  mux: 32562 cells, 37382 bits
  name (tentative): 139825 cells, 0 bits
  not: 10856 cells, 10856 bits
  or: 39191 cells, 39191 bits
  output: 114 cells, 0 bits
  shl: 34 cells, 722 bits
  sshr: 4 cells, 128 bits
  target: fakeram7_2048x39: 8 cells, 312 bits, area 26830.9
  target: fakeram7_256x34: 16 cells, 544 bits, area 5847.74
  target: fakeram7_64x21: 4 cells, 84 bits, area 225.74
  ult: 24 cells, 24 bits
  ushr: 57 cells, 787 bits
  xor: 1305 cells, 1305 bits
  total: 298345 cells, 168693 bits, area 32904.3
synthesize
[INFO SYN-0056] liveness: replaced 22 register bits, 0 combinational bits
[INFO SYN-0020] abc_roundtrip: exported 166804 ANDs, 15509 CIs, 9521 COs
[1;37msyn     [0m : i/o =  15509/   9521  [1;36mand =  166804[0m  [1;35mlev =  156[0m [1;35m(47.51)[0m  mem = 2.29 MB
Simulating 4 words for 10 rounds. SAT solving with 1000000 conflicts.
cst =  166804  cls =      0  lit =  166804  unused =   15509  proof =     0
cst =   43915  cls =  15171  lit =   82305  unused =   84837  proof =     0
cst =   34374  cls =  15514  lit =   64402  unused =  102397  proof =     0
cst =   31300  cls =  15687  lit =   57441  unused =  109185  proof =     0
cst =   30209  cls =  15209  lit =   54437  unused =  112667  proof =     0
cst =   29820  cls =  14771  lit =   52932  unused =  114610  proof =     0
cst =   29336  cls =  14659  lit =   51950  unused =  115704  proof =     0
cst =   29160  cls =  14460  lit =   51456  unused =  116397  proof =     0
[1;37msyn     [0m : i/o =  15509/  16630  [1;36mand =  133546[0m  [1;35mlev =   81[0m [1;35m(24.00)[0m  mem = 2.02 MB
SAT solver statistics:
CO =    16630  AND =   133546  Conf = 1000000  MinVar =  2000  MinCalls =   200
Unsat calls  10445  ( 62.81 %)   Ave conf =      3.2   Time =     0.23 sec ( 18.20 %)
Sat   calls   6185  ( 37.19 %)   Ave conf =      1.1   Time =     0.85 sec ( 68.51 %)
Undef calls      0  (  0.00 %)   Ave conf =      0.0   Time =     0.00 sec (  0.00 %)
Total time =     1.24 sec
  1 : P =   6294. D =   1217. F =     0. M =       0. And =  160305. Time =     1.29 sec
[1;37msyn     [0m : i/o =  15509/  11612  [1;36mand =  100642[0m  [1;35mlev =   91[0m [1;35m(32.64)[0m  mem = 1.57 MB
SAT solver statistics:
CO =    11612  AND =   100642  Conf = 1000000  MinVar =  2000  MinCalls =   200
Unsat calls   5011  ( 43.15 %)   Ave conf =      3.8   Time =     0.15 sec ( 12.79 %)
Sat   calls   6601  ( 56.85 %)   Ave conf =      0.8   Time =     0.84 sec ( 74.06 %)
Undef calls      0  (  0.00 %)   Ave conf =      0.0   Time =     0.00 sec (  0.00 %)
Total time =     1.14 sec
  2 : P =    815. D =   1138. F =     0. M =       0. And =  159470. Time =     1.18 sec
[1;37msyn     [0m : i/o =  15509/  10056  [1;36mand =   94713[0m  [1;35mlev =  100[0m [1;35m(33.67)[0m  mem = 1.48 MB
SAT solver statistics:
CO =    10056  AND =    94713  Conf = 1000000  MinVar =  2000  MinCalls =   200
Unsat calls   4480  ( 44.55 %)   Ave conf =      3.8   Time =     0.14 sec ( 13.57 %)
Sat   calls   5576  ( 55.45 %)   Ave conf =      0.8   Time =     0.77 sec ( 74.16 %)
Undef calls      0  (  0.00 %)   Ave conf =      0.0   Time =     0.00 sec (  0.00 %)
Total time =     1.04 sec
  3 : P =     85. D =    804. F =     0. M =       0. And =  159346. Time =     1.08 sec
[1;37msyn     [0m : i/o =  15509/  10370  [1;36mand =   96021[0m  [1;35mlev =  103[0m [1;35m(31.59)[0m  mem = 1.49 MB
SAT solver statistics:
CO =    10370  AND =    96021  Conf = 1000000  MinVar =  2000  MinCalls =   200
Unsat calls   4547  ( 43.85 %)   Ave conf =      3.6   Time =     0.14 sec ( 12.89 %)
Sat   calls   5823  ( 56.15 %)   Ave conf =      0.8   Time =     0.83 sec ( 75.50 %)
Undef calls      0  (  0.00 %)   Ave conf =      0.0   Time =     0.00 sec (  0.00 %)
Total time =     1.10 sec
  4 : P =    706. D =    766. F =     0. M =       0. And =  158613. Time =     1.13 sec
[1;37msyn     [0m : i/o =  15509/   8822  [1;36mand =   89319[0m  [1;35mlev =  116[0m [1;35m(33.35)[0m  mem = 1.39 MB
SAT solver statistics:
CO =     8822  AND =    89319  Conf = 1000000  MinVar =  2000  MinCalls =   200
Unsat calls   3976  ( 45.07 %)   Ave conf =      3.7   Time =     0.12 sec ( 13.32 %)
Sat   calls   4846  ( 54.93 %)   Ave conf =      0.6   Time =     0.69 sec ( 74.04 %)
Undef calls      0  (  0.00 %)   Ave conf =      0.0   Time =     0.00 sec (  0.00 %)
Total time =     0.93 sec
  5 : P =    174. D =    582. F =     0. M =       0. And =  158431. Time =     0.96 sec
[1;37msyn     [0m : i/o =  15509/   8050  [1;36mand =   85158[0m  [1;35mlev =  109[0m [1;35m(39.10)[0m  mem = 1.34 MB
SAT solver statistics:
CO =     8050  AND =    85158  Conf = 1000000  MinVar =  2000  MinCalls =   200
Unsat calls   3964  ( 49.24 %)   Ave conf =      3.9   Time =     0.12 sec ( 12.73 %)
Sat   calls   4086  ( 50.76 %)   Ave conf =      0.9   Time =     0.69 sec ( 74.19 %)
Undef calls      0  (  0.00 %)   Ave conf =      0.0   Time =     0.00 sec (  0.00 %)
Total time =     0.93 sec
  6 : P =    735. D =    531. F =     0. M =       0. And =  157594. Time =     0.96 sec
[1;37msyn     [0m : i/o =  15509/   8410  [1;36mand =   81888[0m  [1;35mlev =  106[0m [1;35m(40.65)[0m  mem = 1.30 MB
SAT solver statistics:
CO =     8410  AND =    81888  Conf = 1000000  MinVar =  2000  MinCalls =   200
Unsat calls   3920  ( 46.61 %)   Ave conf =      3.4   Time =     0.11 sec (  9.17 %)
Sat   calls   4490  ( 53.39 %)   Ave conf =      0.7   Time =     0.92 sec ( 76.75 %)
Undef calls      0  (  0.00 %)   Ave conf =      0.0   Time =     0.00 sec (  0.00 %)
Total time =     1.20 sec
  7 : P =      5. D =    735. F =     0. M =       0. And =  157589. Time =     1.24 sec
[1;37msyn     [0m : i/o =  15509/   9200  [1;36mand =   89134[0m  [1;35mlev =  104[0m [1;35m(32.85)[0m  mem = 1.40 MB
SAT solver statistics:
CO =     9200  AND =    89134  Conf = 1000000  MinVar =  2000  MinCalls =   200
Unsat calls   5252  ( 57.09 %)   Ave conf =      4.0   Time =     0.14 sec ( 13.47 %)
Sat   calls   3948  ( 42.91 %)   Ave conf =      1.1   Time =     0.77 sec ( 72.83 %)
Undef calls      0  (  0.00 %)   Ave conf =      0.0   Time =     0.00 sec (  0.00 %)
Total time =     1.06 sec
  8 : P =   1170. D =   1016. F =     0. M =       0. And =  156339. Time =     1.09 sec
[1;37msyn     [0m : i/o =  15509/   6917  [1;36mand =   86449[0m  [1;35mlev =  109[0m [1;35m(33.49)[0m  mem = 1.33 MB
SAT solver statistics:
CO =     6917  AND =    86449  Conf = 1000000  MinVar =  2000  MinCalls =   200
Unsat calls   4049  ( 58.54 %)   Ave conf =      3.8   Time =     0.14 sec ( 13.03 %)
Sat   calls   2868  ( 41.46 %)   Ave conf =      1.1   Time =     0.78 sec ( 72.29 %)
Undef calls      0  (  0.00 %)   Ave conf =      0.0   Time =     0.00 sec (  0.00 %)
Total time =     1.07 sec
  9 : P =     75. D =   1062. F =     0. M =       0. And =  156251. Time =     1.11 sec
[1;37msyn     [0m : i/o =  15509/   5942  [1;36mand =   80457[0m  [1;35mlev =  105[0m [1;35m(31.42)[0m  mem = 1.25 MB
SAT solver statistics:
CO =     5942  AND =    80457  Conf = 1000000  MinVar =  2000  MinCalls =   200
Unsat calls   4387  ( 73.83 %)   Ave conf =      3.9   Time =     0.13 sec ( 21.24 %)
Sat   calls   1555  ( 26.17 %)   Ave conf =      1.0   Time =     0.39 sec ( 62.66 %)
Undef calls      0  (  0.00 %)   Ave conf =      0.0   Time =     0.00 sec (  0.00 %)
Total time =     0.63 sec
 10 : P =     96. D =    394. F =     0. M =       0. And =  156119. Time =     0.66 sec
[1;37msyn     [0m : i/o =  15509/   6661  [1;36mand =   78985[0m  [1;35mlev =  105[0m [1;35m(29.62)[0m  mem = 1.24 MB
SAT solver statistics:
CO =     6661  AND =    78985  Conf = 1000000  MinVar =  2000  MinCalls =   200
Unsat calls   4445  ( 66.73 %)   Ave conf =      3.6   Time =     0.12 sec ( 15.31 %)
Sat   calls   2216  ( 33.27 %)   Ave conf =      1.0   Time =     0.55 sec ( 70.11 %)
Undef calls      0  (  0.00 %)   Ave conf =      0.0   Time =     0.00 sec (  0.00 %)
Total time =     0.78 sec
 11 : P =    310. D =    714. F =     0. M =       0. And =  155732. Time =     0.81 sec
[1;37msyn     [0m : i/o =  15509/   7313  [1;36mand =   81476[0m  [1;35mlev =  108[0m [1;35m(26.52)[0m  mem = 1.28 MB
SAT solver statistics:
CO =     7313  AND =    81476  Conf = 1000000  MinVar =  2000  MinCalls =   200
Unsat calls   4949  ( 67.67 %)   Ave conf =      3.5   Time =     0.12 sec ( 17.66 %)
Sat   calls   2364  ( 32.33 %)   Ave conf =      1.2   Time =     0.43 sec ( 65.01 %)
Undef calls      0  (  0.00 %)   Ave conf =      0.0   Time =     0.00 sec (  0.00 %)
Total time =     0.67 sec
 12 : P =    363. D =    513. F =     0. M =       0. And =  155363. Time =     0.70 sec
[1;37msyn     [0m : i/o =  15509/   7112  [1;36mand =   80073[0m  [1;35mlev =  105[0m [1;35m(22.50)[0m  mem = 1.26 MB
SAT solver statistics:
CO =     7112  AND =    80073  Conf = 1000000  MinVar =  2000  MinCalls =   200
Unsat calls   5524  ( 77.67 %)   Ave conf =      3.5   Time =     0.15 sec ( 28.04 %)
Sat   calls   1588  ( 22.33 %)   Ave conf =      1.0   Time =     0.31 sec ( 56.13 %)
Undef calls      0  (  0.00 %)   Ave conf =      0.0   Time =     0.00 sec (  0.00 %)
Total time =     0.55 sec
 13 : P =    455. D =    432. F =     0. M =       0. And =  154871. Time =     0.58 sec
[1;37msyn     [0m : i/o =  15509/   7076  [1;36mand =   77459[0m  [1;35mlev =  120[0m [1;35m(23.18)[0m  mem = 1.23 MB
SAT solver statistics:
CO =     7076  AND =    77459  Conf = 1000000  MinVar =  2000  MinCalls =   200
Unsat calls   5127  ( 72.46 %)   Ave conf =      3.6   Time =     0.16 sec ( 26.37 %)
Sat   calls   1949  ( 27.54 %)   Ave conf =      0.8   Time =     0.36 sec ( 59.40 %)
Undef calls      0  (  0.00 %)   Ave conf =      0.0   Time =     0.00 sec (  0.00 %)
Total time =     0.61 sec
 14 : P =    208. D =    287. F =     0. M =       0. And =  154662. Time =     0.64 sec
[1;37msyn     [0m : i/o =  15509/   7014  [1;36mand =   80136[0m  [1;35mlev =  124[0m [1;35m(24.47)[0m  mem = 1.26 MB
SAT solver statistics:
CO =     7014  AND =    80136  Conf = 1000000  MinVar =  2000  MinCalls =   200
Unsat calls   3950  ( 56.32 %)   Ave conf =      3.0   Time =     0.10 sec ( 14.34 %)
Sat   calls   3064  ( 43.68 %)   Ave conf =      1.5   Time =     0.51 sec ( 71.82 %)
Undef calls      0  (  0.00 %)   Ave conf =      0.0   Time =     0.00 sec (  0.00 %)
Total time =     0.71 sec
 15 : P =   1152. D =   1123. F =     0. M =       0. And =  153505. Time =     0.76 sec
[1;37msyn     [0m : i/o =  15509/   4623  [1;36mand =   68348[0m  [1;35mlev =  125[0m [1;35m(23.84)[0m  mem = 1.09 MB
SAT solver statistics:
CO =     4623  AND =    68348  Conf = 1000000  MinVar =  2000  MinCalls =   200
Unsat calls   4194  ( 90.72 %)   Ave conf =      3.2   Time =     0.15 sec ( 30.50 %)
Sat   calls    429  (  9.28 %)   Ave conf =      1.7   Time =     0.27 sec ( 56.55 %)
Undef calls      0  (  0.00 %)   Ave conf =      0.0   Time =     0.00 sec (  0.00 %)
Total time =     0.48 sec
 16 : P =   3685. D =    150. F =     0. M =       0. And =  149699. Time =     0.51 sec
[1;37msyn     [0m : i/o =  15509/    822  [1;36mand =   43429[0m  [1;35mlev =  126[0m [1;35m(41.95)[0m  mem = 0.75 MB
SAT solver statistics:
CO =      822  AND =    43429  Conf = 1000000  MinVar =  2000  MinCalls =   200
Unsat calls    531  ( 64.60 %)   Ave conf =      4.1   Time =     0.03 sec (  9.74 %)
Sat   calls    291  ( 35.40 %)   Ave conf =      1.5   Time =     0.20 sec ( 76.93 %)
Undef calls      0  (  0.00 %)   Ave conf =      0.0   Time =     0.00 sec (  0.00 %)
Total time =     0.26 sec
 17 : P =    238. D =    101. F =     0. M =       0. And =  149450. Time =     0.29 sec
[1;37msyn     [0m : i/o =  15509/    517  [1;36mand =   25764[0m  [1;35mlev =  106[0m [1;35m(33.76)[0m  mem = 0.54 MB
SAT solver statistics:
CO =      517  AND =    25764  Conf = 1000000  MinVar =  2000  MinCalls =   200
Unsat calls    284  ( 54.93 %)   Ave conf =      4.0   Time =     0.02 sec ( 15.49 %)
Sat   calls    233  ( 45.07 %)   Ave conf =      1.9   Time =     0.07 sec ( 65.77 %)
Undef calls      0  (  0.00 %)   Ave conf =      0.0   Time =     0.00 sec (  0.00 %)
Total time =     0.11 sec
 18 : P =      6. D =     88. F =     0. M =       0. And =  149444. Time =     0.14 sec
[1;37msyn     [0m : i/o =  15509/    402  [1;36mand =   25086[0m  [1;35mlev =  106[0m [1;35m(39.17)[0m  mem = 0.53 MB
SAT solver statistics:
CO =      402  AND =    25086  Conf = 1000000  MinVar =  2000  MinCalls =   200
Unsat calls    285  ( 70.90 %)   Ave conf =      4.5   Time =     0.02 sec ( 21.97 %)
Sat   calls    117  ( 29.10 %)   Ave conf =      1.8   Time =     0.05 sec ( 57.10 %)
Undef calls      0  (  0.00 %)   Ave conf =      0.0   Time =     0.00 sec (  0.00 %)
Total time =     0.08 sec
 19 : P =     50. D =     52. F =     0. M =       0. And =  149379. Time =     0.10 sec
[1;37msyn     [0m : i/o =  15509/    278  [1;36mand =   24272[0m  [1;35mlev =  106[0m [1;35m(46.22)[0m  mem = 0.52 MB
SAT solver statistics:
CO =      278  AND =    24272  Conf = 1000000  MinVar =  2000  MinCalls =   200
Unsat calls    232  ( 83.45 %)   Ave conf =      4.4   Time =     0.01 sec ( 30.43 %)
Sat   calls     46  ( 16.55 %)   Ave conf =      2.1   Time =     0.02 sec ( 40.51 %)
Undef calls      0  (  0.00 %)   Ave conf =      0.0   Time =     0.00 sec (  0.00 %)
Total time =     0.05 sec
 20 : P =     47. D =     31. F =     0. M =       0. And =  149332. Time =     0.07 sec
[1;37msyn     [0m : i/o =  15509/    204  [1;36mand =   23425[0m  [1;35mlev =  106[0m [1;35m(51.56)[0m  mem = 0.51 MB
SAT solver statistics:
CO =      204  AND =    23425  Conf = 1000000  MinVar =  2000  MinCalls =   200
Unsat calls    184  ( 90.20 %)   Ave conf =      4.6   Time =     0.01 sec ( 37.67 %)
Sat   calls     20  (  9.80 %)   Ave conf =      2.8   Time =     0.01 sec ( 30.25 %)
Undef calls      0  (  0.00 %)   Ave conf =      0.0   Time =     0.00 sec (  0.00 %)
Total time =     0.03 sec
 21 : P =     93. D =     17. F =     0. M =       0. And =  149239. Time =     0.06 sec
[1;37msyn     [0m : i/o =  15509/     98  [1;36mand =   19588[0m  [1;35mlev =  106[0m [1;35m(66.00)[0m  mem = 0.46 MB
SAT solver statistics:
CO =       98  AND =    19588  Conf = 1000000  MinVar =  2000  MinCalls =   200
Unsat calls     91  ( 92.86 %)   Ave conf =      4.5   Time =     0.00 sec ( 36.87 %)
Sat   calls      7  (  7.14 %)   Ave conf =      0.6   Time =     0.00 sec ( 16.06 %)
Undef calls      0  (  0.00 %)   Ave conf =      0.0   Time =     0.00 sec (  0.00 %)
Total time =     0.01 sec
 22 : P =     37. D =      6. F =     0. M =       0. And =  149202. Time =     0.04 sec
[1;37msyn     [0m : i/o =  15509/     56  [1;36mand =   12714[0m  [1;35mlev =  106[0m [1;35m(85.91)[0m  mem = 0.38 MB
SAT solver statistics:
CO =       56  AND =    12714  Conf = 1000000  MinVar =  2000  MinCalls =   200
Unsat calls     54  ( 96.43 %)   Ave conf =      4.6   Time =     0.00 sec ( 45.11 %)
Sat   calls      2  (  3.57 %)   Ave conf =      0.0   Time =     0.00 sec (  0.67 %)
Undef calls      0  (  0.00 %)   Ave conf =      0.0   Time =     0.00 sec (  0.00 %)
Total time =     0.01 sec
 23 : P =     10. D =      2. F =     0. M =       0. And =  149192. Time =     0.03 sec
[1;37msyn     [0m : i/o =  15509/     47  [1;36mand =    7288[0m  [1;35mlev =  106[0m [1;35m(95.06)[0m  mem = 0.32 MB
SAT solver statistics:
CO =       47  AND =     7288  Conf = 1000000  MinVar =  2000  MinCalls =   200
Unsat calls     45  ( 95.74 %)   Ave conf =      5.2   Time =     0.00 sec ( 45.93 %)
Sat   calls      2  (  4.26 %)   Ave conf =      0.0   Time =     0.00 sec (  1.15 %)
Undef calls      0  (  0.00 %)   Ave conf =      0.0   Time =     0.00 sec (  0.00 %)
Total time =     0.00 sec
 24 : P =      0. D =      2. F =     0. M =       0. And =  149192. Time =     0.03 sec
[1;37msyn     [0m : i/o =  15509/     46  [1;36mand =    7285[0m  [1;35mlev =  106[0m [1;35m(96.46)[0m  mem = 0.32 MB
SAT solver statistics:
CO =       46  AND =     7285  Conf = 1000000  MinVar =  2000  MinCalls =   200
Unsat calls     45  ( 97.83 %)   Ave conf =      6.0   Time =     0.00 sec ( 52.12 %)
Sat   calls      1  (  2.17 %)   Ave conf =      1.0   Time =     0.00 sec (  1.23 %)
Undef calls      0  (  0.00 %)   Ave conf =      0.0   Time =     0.00 sec (  0.00 %)
Total time =     0.00 sec
 25 : P =      0. D =      1. F =     0. M =       0. And =  149192. Time =     0.03 sec
[1;37msyn     [0m : i/o =  15509/     45  [1;36mand =    7282[0m  [1;35mlev =  106[0m [1;35m(97.89)[0m  mem = 0.32 MB
SAT solver statistics:
CO =       45  AND =     7282  Conf = 1000000  MinVar =  2000  MinCalls =   200
Unsat calls     44  ( 97.78 %)   Ave conf =      5.0   Time =     0.00 sec ( 46.73 %)
Sat   calls      1  (  2.22 %)   Ave conf =      3.0   Time =     0.00 sec (  1.40 %)
Undef calls      0  (  0.00 %)   Ave conf =      0.0   Time =     0.00 sec (  0.00 %)
Total time =     0.00 sec
 26 : P =      0. D =      1. F =     0. M =       0. And =  149192. Time =     0.03 sec
[1;37msyn     [0m : i/o =  15509/     44  [1;36mand =    7279[0m  [1;35mlev =  106[0m [1;35m(99.11)[0m  mem = 0.32 MB
SAT solver statistics:
CO =       44  AND =     7279  Conf = 1000000  MinVar =  2000  MinCalls =   200
Unsat calls     44  (100.00 %)   Ave conf =      5.1   Time =     0.00 sec ( 47.04 %)
Sat   calls      0  (  0.00 %)   Ave conf =      0.0   Time =     0.00 sec (  0.00 %)
Undef calls      0  (  0.00 %)   Ave conf =      0.0   Time =     0.00 sec (  0.00 %)
Total time =     0.00 sec
 27 : P =     44. D =      0. F =     0. M =       0. And =  149145. Time =     0.03 sec
[1;37msyn     [0m : i/o =  15509/      0  [1;36mand =       0[0m  [1;35mlev =    0[0m [1;35m(-nan)[0m  mem = 0.24 MB
Considered all available candidate equivalences.
Performed 28618 SAT calls: P = 16853  D = 11765  F = 0
NBeg = 166804. NEnd = 149145. (Gain =  10.59 %).  RBeg = 0. REnd = 0. (Gain =   0.00 %).
Sim  =     0.21 sec (  1.37 %)
Sat  =    14.25 sec ( 91.30 %)
Pat  =     0.52 sec (  3.36 %)
Time =    15.61 sec
[INFO SYN-0023] abc_roundtrip: after ABC: 149145 ANDs, 15509 CIs, 9521 COs
[INFO SYN-0020] abc_roundtrip: exported 159692 ANDs, 15435 CIs, 9573 COs
[1;37msyn     [0m : i/o =  15435/   9573  [1;36mand =  159692[0m  [1;35mlev =  132[0m [1;35m(42.05)[0m  mem = 2.21 MB
Starting:  syn             : pi = 15435  po =  9573  and =  159692  lev = 132
Rewrite:   syn             : pi = 15435  po =  9573  and =  148909  lev = 118
Refactor:  syn             : pi = 15435  po =  9573  and =  146777  lev = 118
Balance:   syn             : pi = 15435  po =  9573  and =  146134  lev =  83
Rewrite:   syn             : pi = 15435  po =  9573  and =  144851  lev =  83
RewriteZ:  syn             : pi = 15435  po =  9573  and =  143305  lev =  83
Balance:   syn             : pi = 15435  po =  9573  and =  143084  lev =  83
RefactorZ: syn             : pi = 15435  po =  9573  and =  142705  lev =  83
RewriteZ:  syn             : pi = 15435  po =  9573  and =  141952  lev =  83
Balance:   syn             : pi = 15435  po =  9573  and =  141910  lev =  83
Starting:  syn             : pi = 15435  po =  9573  and =  141910  lev =  83
Rewrite:   syn             : pi = 15435  po =  9573  and =  141602  lev = 102
Refactor:  syn             : pi = 15435  po =  9573  and =  141498  lev = 102
Balance:   syn             : pi = 15435  po =  9573  and =  141480  lev = 102
Rewrite:   syn             : pi = 15435  po =  9573  and =  141386  lev = 102
RewriteZ:  syn             : pi = 15435  po =  9573  and =  141200  lev = 102
Balance:   syn             : pi = 15435  po =  9573  and =  141193  lev = 102
RefactorZ: syn             : pi = 15435  po =  9573  and =  141089  lev = 102
RewriteZ:  syn             : pi = 15435  po =  9573  and =  140925  lev = 102
Balance:   syn             : pi = 15435  po =  9573  and =  140920  lev = 102
Starting:  syn             : pi = 15435  po =  9573  and =  144498  lev =  54
Rewrite:   syn             : pi = 15435  po =  9573  and =  141956  lev =  83
Refactor:  syn             : pi = 15435  po =  9573  and =  141726  lev =  83
Balance:   syn             : pi = 15435  po =  9573  and =  141719  lev =  82
Rewrite:   syn             : pi = 15435  po =  9573  and =  141516  lev =  82
RewriteZ:  syn             : pi = 15435  po =  9573  and =  141145  lev =  82
Balance:   syn             : pi = 15435  po =  9573  and =  141118  lev =  82
RefactorZ: syn             : pi = 15435  po =  9573  and =  141055  lev =  82
RewriteZ:  syn             : pi = 15435  po =  9573  and =  140880  lev =  82
Balance:   syn             : pi = 15435  po =  9573  and =  140877  lev =  82
Starting:  syn             : pi = 15435  po =  9573  and =  140877  lev =  82
Rewrite:   syn             : pi = 15435  po =  9573  and =  140758  lev =  95
Refactor:  syn             : pi = 15435  po =  9573  and =  140739  lev =  95
Balance:   syn             : pi = 15435  po =  9573  and =  140730  lev =  95
Rewrite:   syn             : pi = 15435  po =  9573  and =  140711  lev =  95
RewriteZ:  syn             : pi = 15435  po =  9573  and =  140653  lev =  95
Balance:   syn             : pi = 15435  po =  9573  and =  140650  lev =  95
RefactorZ: syn             : pi = 15435  po =  9573  and =  140638  lev =  95
RewriteZ:  syn             : pi = 15435  po =  9573  and =  140522  lev =  95
Balance:   syn             : pi = 15435  po =  9573  and =  140517  lev =  95
Starting:  syn             : pi = 15435  po =  9573  and =  140517  lev =  95
Rewrite:   syn             : pi = 15435  po =  9573  and =  140465  lev = 100
Refactor:  syn             : pi = 15435  po =  9573  and =  140462  lev = 100
Balance:   syn             : pi = 15435  po =  9573  and =  140460  lev =  99
Rewrite:   syn             : pi = 15435  po =  9573  and =  140451  lev =  99
RewriteZ:  syn             : pi = 15435  po =  9573  and =  140221  lev =  99
Balance:   syn             : pi = 15435  po =  9573  and =  140219  lev =  99
RefactorZ: syn             : pi = 15435  po =  9573  and =  140117  lev =  99
RewriteZ:  syn             : pi = 15435  po =  9573  and =  140031  lev =  99
Balance:   syn             : pi = 15435  po =  9573  and =  140029  lev =  99
[1;37msyn     [0m : i/o =  15435/   9573  [1;36mand =  140029[0m  [1;35mlev =   99[0m [1;35m(30.98)[0m  mem = 1.99 MB
[INFO SYN-0023] abc_roundtrip: after ABC: 140029 ANDs, 15435 CIs, 9573 COs
[INFO SYN-0017] mapCombinationals: done
[INFO SYN-0040] gatefusion: 1272 fusions applied, area delta -47.5012
[INFO SYN-0044]   -AO21x1_ASAP7_75t_R 1772
[INFO SYN-0044]   -AO22x1_ASAP7_75t_R 1
[INFO SYN-0044]   -AO32x1_ASAP7_75t_R 4
[INFO SYN-0044]   -OR2x2_ASAP7_75t_R 83
[INFO SYN-0044]   -OR3x1_ASAP7_75t_R 6
[INFO SYN-0044]   -AO221x1_ASAP7_75t_R 5
[INFO SYN-0044]   -AO33x2_ASAP7_75t_R 10
[INFO SYN-0044]   -OR4x1_ASAP7_75t_R 1
[INFO SYN-0044]   -OAI21x1_ASAP7_75t_R 12
[INFO SYN-0044]   -AOI21x1_ASAP7_75t_R 33
[INFO SYN-0044]   -OA21x2_ASAP7_75t_R 70
[INFO SYN-0044]   -OA33x2_ASAP7_75t_R 3
[INFO SYN-0044]   -AND2x2_ASAP7_75t_R 508
[INFO SYN-0044]   -AND3x1_ASAP7_75t_R 35
[INFO SYN-0044]   -AND4x1_ASAP7_75t_R 1
[INFO SYN-0045]   +AO22x1_ASAP7_75t_R 482
[INFO SYN-0045]   +AO32x1_ASAP7_75t_R 32
[INFO SYN-0045]   +AO221x1_ASAP7_75t_R 618
[INFO SYN-0045]   +AO33x2_ASAP7_75t_R 4
[INFO SYN-0045]   +AO331x1_ASAP7_75t_R 3
[INFO SYN-0045]   +AOI221x1_ASAP7_75t_R 14
[INFO SYN-0045]   +AOI22x1_ASAP7_75t_R 19
[INFO SYN-0045]   +AO222x2_ASAP7_75t_R 3
[INFO SYN-0045]   +OA22x2_ASAP7_75t_R 67
[INFO SYN-0045]   +AO322x2_ASAP7_75t_R 3
[INFO SYN-0045]   +OAI22x1_ASAP7_75t_R 12
[INFO SYN-0045]   +AO332x1_ASAP7_75t_R 7
[INFO SYN-0045]   +OR5x1_ASAP7_75t_R 4
[INFO SYN-0045]   +AND5x1_ASAP7_75t_R 1
[INFO SYN-0045]   +OA332x1_ASAP7_75t_R 3
  input: 76 cells, 534 bits
  name (tentative): 25449 cells, 0 bits
  not: 12084 cells, 12084 bits
  output: 114 cells, 0 bits
  target: AND2x2_ASAP7_75t_R: 4553 cells, 4553 bits, area 398.316
  target: AND3x1_ASAP7_75t_R: 1177 cells, 1177 bits, area 102.963
  target: AND4x1_ASAP7_75t_R: 479 cells, 479 bits, area 48.8865
  target: AND5x1_ASAP7_75t_R: 405 cells, 405 bits, area 47.239
  target: AO21x1_ASAP7_75t_R: 5247 cells, 5247 bits, area 459.036
  target: AO221x1_ASAP7_75t_R: 5011 cells, 5011 bits, area 730.643
  target: AO222x2_ASAP7_75t_R: 2114 cells, 2114 bits, area 369.861
  target: AO22x1_ASAP7_75t_R: 3324 cells, 3324 bits, area 436.188
  target: AO31x2_ASAP7_75t_R: 1 cells, 1 bits, area 0.23328
  target: AO322x2_ASAP7_75t_R: 3 cells, 3 bits, area 0.6561
  target: AO32x1_ASAP7_75t_R: 5598 cells, 5598 bits, area 652.941
  target: AO331x1_ASAP7_75t_R: 3 cells, 3 bits, area 0.4374
  target: AO332x1_ASAP7_75t_R: 7 cells, 7 bits, area 1.12266
  target: AO33x2_ASAP7_75t_R: 310 cells, 310 bits, area 45.1981
  target: AOI211x1_ASAP7_75t_R: 60 cells, 60 bits, area 10.4976
  target: AOI21x1_ASAP7_75t_R: 1939 cells, 1939 bits, area 226.162
  target: AOI221x1_ASAP7_75t_R: 253 cells, 253 bits, area 51.6425
  target: AOI22x1_ASAP7_75t_R: 513 cells, 513 bits, area 74.7955
  target: DFFASRHQNx1_ASAP7_75t_R: 13960 cells, 13960 bits, area 5291.67
  target: DFFLQNx1_ASAP7_75t_R: 1 cells, 1 bits, area 0.2916
  target: INVx1_ASAP7_75t_R: 6825 cells, 6825 bits, area 298.536
  target: MAJx2_ASAP7_75t_R: 391 cells, 391 bits, area 51.3073
  target: NAND2x1_ASAP7_75t_R: 3979 cells, 3979 bits, area 348.094
  target: NAND3x1_ASAP7_75t_R: 83 cells, 83 bits, area 13.3115
  target: NOR2x1_ASAP7_75t_R: 2710 cells, 2710 bits, area 237.068
  target: NOR3x1_ASAP7_75t_R: 111 cells, 111 bits, area 17.8022
  target: OA211x2_ASAP7_75t_R: 1048 cells, 1048 bits, area 122.237
  target: OA21x2_ASAP7_75t_R: 3368 cells, 3368 bits, area 343.736
  target: OA222x2_ASAP7_75t_R: 2600 cells, 2600 bits, area 454.89
  target: OA22x2_ASAP7_75t_R: 502 cells, 502 bits, area 73.1917
  target: OA332x1_ASAP7_75t_R: 3 cells, 3 bits, area 0.48114
  target: OA33x2_ASAP7_75t_R: 179 cells, 179 bits, area 26.0982
  target: OAI21x1_ASAP7_75t_R: 1091 cells, 1091 bits, area 127.253
  target: OAI22x1_ASAP7_75t_R: 733 cells, 733 bits, area 106.871
  target: OR2x2_ASAP7_75t_R: 1345 cells, 1345 bits, area 117.659
  target: OR3x1_ASAP7_75t_R: 1676 cells, 1676 bits, area 146.615
  target: OR4x1_ASAP7_75t_R: 1215 cells, 1215 bits, area 124.002
  target: OR5x1_ASAP7_75t_R: 715 cells, 715 bits, area 83.3968
  target: TIEHIx1_ASAP7_75t_R: 1 cells, 1 bits, area 0.04374
  target: TIELOx1_ASAP7_75t_R: 1 cells, 1 bits, area 0.04374
  target: XNOR2x2_ASAP7_75t_R: 1197 cells, 1197 bits, area 191.976
  target: XOR2x2_ASAP7_75t_R: 3554 cells, 3554 bits, area 569.985
  target: fakeram7_2048x39: 8 cells, 312 bits, area 26830.9
  target: fakeram7_256x34: 16 cells, 544 bits, area 5847.74
  target: fakeram7_64x21: 4 cells, 84 bits, area 225.74
  total: 116036 cells, 91843 bits, area 45290
[INFO SYN-0031] Export to ODB: created 78313 instances, 54814 nets, 1416 ports
Took 51 seconds: synthesize
read_sdc /OpenROAD-flow-scripts/flow/designs/asap7/swerv_wrapper/constraint.sdc
repair_design -pre_placement
[WARNING EST-0027] no estimated parasitics. Using wire load models.
Iteration |   Area    | Resized | Buffers | Nets repaired | Remaining
---------------------------------------------------------------------
        0 |     +4.9% |       0 |    9288 |          9869 |     89047
    final |     +4.9% |       0 |    9288 |          9869 |         0
---------------------------------------------------------------------
[INFO RSZ-0038] Inserted 9288 buffers in 9869 nets.
[INFO RSZ-0504] Runtime: 30.88s
Took 31 seconds: repair_design -pre_placement
Report metrics stage 1, synth...

==========================================================================
synth report_design_area
--------------------------------------------------------------------------
Design area 47979 um^2 100% utilization.
write_db /tmp/workspace/scripts-Private_test-fr_cugr_cmp-2-/results/asap7/swerv_wrapper/base/1_synth.odb
write_sdc -no_timestamp /tmp/workspace/scripts-Private_test-fr_cugr_cmp-2-/results/asap7/swerv_wrapper/base/1_synth.sdc
Elapsed time: 2:12.84[h:]min:sec. CPU time: user 182.13 sys 111.66 (221%). Peak memory: 1043212KB.
Log                       Ext     Elapsed/s Peak Memory/MB sha1sum result [0:20)
1_synth                   .v            132           1018 e64da01ab013086e3ca5
1_synth                   .odb                             c626e0d66fc936ebc82e
1_synth                   .sdc                             36bd82e632c3d34044ee
/OpenROAD-flow-scripts/flow/scripts/flow.sh 2_1_floorplan floorplan
Running floorplan.tcl, stage 2_1_floorplan
source ./platforms/asap7/liberty_suppressions.tcl
read_liberty ./platforms/asap7/lib/CCS/asap7sc7p5t_AO_RVT_FF_ccs_211120.lib.gz
Took 5 seconds: read_liberty ./platforms/asap7/lib/CCS/asap7sc7p5t_AO_RVT_FF_ccs_211120.lib.gz
read_liberty ./platforms/asap7/lib/CCS/asap7sc7p5t_INVBUF_RVT_FF_ccs_220122.lib.gz
read_liberty ./platforms/asap7/lib/CCS/asap7sc7p5t_OA_RVT_FF_ccs_211120.lib.gz
read_liberty ./platforms/asap7/lib/CCS/asap7sc7p5t_SIMPLE_RVT_FF_ccs_211120.lib.gz
read_liberty ./platforms/asap7/lib/CCS/asap7sc7p5t_SEQ_RVT_FF_ccs_220123.lib
read_liberty /OpenROAD-flow-scripts/flow/designs/asap7/swerv_wrapper/lib/fakeram7_2048x39.lib
read_liberty /OpenROAD-flow-scripts/flow/designs/asap7/swerv_wrapper/lib/fakeram7_256x34.lib
read_liberty /OpenROAD-flow-scripts/flow/designs/asap7/swerv_wrapper/lib/fakeram7_64x21.lib
read_db -hier /tmp/workspace/scripts-Private_test-fr_cugr_cmp-2-/results/asap7/swerv_wrapper/base/1_synth.odb
[WARNING ORD-0012] Hierarchical flow (-hier) is currently in development and may cause multiple issues. Do not use in production environments.
read_sdc /tmp/workspace/scripts-Private_test-fr_cugr_cmp-2-/results/asap7/swerv_wrapper/base/1_synth.sdc
source ./platforms/asap7/setRC.tcl
Using CCS delay calculation
set_delay_calculator prima

==========================================================================
Floorplan check_setup
--------------------------------------------------------------------------
Warning: There are 533 input ports missing set_input_delay.
Warning: There are 610 output ports missing set_output_delay.
Warning: There are 92 unclocked register/latch pins.
Warning: There are 498 unconstrained endpoints.
number instances in verilog is 87601
[INFO IFP-0107] Defining die area using utilization: 30.00% and aspect ratio: 1.
[WARNING IFP-0028] Core area lower left (1.000, 1.000) snapped to (1.026, 1.080).
[INFO IFP-0001] Added 1480 rows of 7405 site asap7sc7p5t.
[INFO IFP-0100] Die BBox:  (  0.000  0.000 ) ( 401.914 401.914 ) um
[INFO IFP-0101] Core BBox: (  1.026  1.080 ) ( 400.896 400.680 ) um
[INFO IFP-0102] Core area:                       159788.052 um^2
[INFO IFP-0103] Total instances area:             47979.473 um^2
[INFO IFP-0104] Effective utilization:                0.300
[INFO IFP-0105] Number of instances:                  87601
source ./platforms/asap7/openRoad/make_tracks.tcl
source ./platforms/asap7/fastroute.tcl
Repair tie lo fanout...
[INFO RSZ-0042] Inserted 244 tie TIELOx1_ASAP7_75t_R instances.
Repair tie hi fanout...
[INFO RSZ-0042] Inserted 14016 tie TIEHIx1_ASAP7_75t_R instances.
repair_timing -setup_margin 0 -hold_margin 0 -repair_tns 100 -setup -skip_last_gasp -sequence unbuffer,sizeup,swap,vt_swap -verbose
[WARNING EST-0027] no estimated parasitics. Using wire load models.
[INFO RSZ-0100] Repair move sequence: UnbufferMove SizeUpMove SwapPinsMove 
[INFO RSZ-0098] No setup violations found
[INFO RSZ-0505] Runtime: 2.56s
Default units for flow
 time 1ps
 capacitance 1fF
 resistance 1kohm
 voltage 1v
 current 1mA
 power 1pW
 distance 1um
   Layer   | Unit Resistance | Unit Capacitance 
           |       (kohm/um) |          (fF/um)
------------------------------------------------
        M1 |        7.04e-02 |         1.00e-10
        M2 |        2.97e-02 |         1.75e-01
        M3 |        3.13e-02 |         1.56e-01
        M4 |        1.80e-02 |         1.78e-01
        M5 |        1.90e-02 |         1.64e-01
        M6 |        1.19e-02 |         1.87e-01
        M7 |        1.25e-02 |         1.63e-01
        M8 |        8.45e-03 |         1.04e-01
        M9 |        8.90e-03 |         9.28e-02
       Pad |        0.00e+00 |         0.00e+00
------------------------------------------------

   Layer   | Via Resistance 
           |         (kohm) 
----------------------------
        V1 |       1.72e-02 
        V2 |       1.72e-02 
        V3 |       1.72e-02 
        V4 |       1.18e-02 
        V5 |       1.18e-02 
        V6 |       8.20e-03 
        V7 |       8.20e-03 
        V8 |       6.30e-03 
        V9 |       6.30e-03 
----------------------------
Report metrics stage 2, floorplan final...

==========================================================================
floorplan final report_design_area
--------------------------------------------------------------------------
Design area 48603 um^2 30% utilization.
source /OpenROAD-flow-scripts/flow/designs/asap7/swerv_wrapper/io.tcl
write_db /tmp/workspace/scripts-Private_test-fr_cugr_cmp-2-/results/asap7/swerv_wrapper/base/2_1_floorplan.odb
write_sdc -no_timestamp /tmp/workspace/scripts-Private_test-fr_cugr_cmp-2-/results/asap7/swerv_wrapper/base/2_1_floorplan.sdc
Elapsed time: 0:50.44[h:]min:sec. CPU time: user 64.75 sys 22.69 (173%). Peak memory: 908432KB.
Log                       Ext     Elapsed/s Peak Memory/MB sha1sum result [0:20)
2_1_floorplan             .odb           50            887 bf314ad7609a988fa1f0
2_1_floorplan             .sdc                             36bd82e632c3d34044ee
/OpenROAD-flow-scripts/flow/scripts/flow.sh 2_2_floorplan_macro macro_place
Running macro_place.tcl, stage 2_2_floorplan_macro
source ./platforms/asap7/liberty_suppressions.tcl
read_liberty ./platforms/asap7/lib/CCS/asap7sc7p5t_AO_RVT_FF_ccs_211120.lib.gz
Took 5 seconds: read_liberty ./platforms/asap7/lib/CCS/asap7sc7p5t_AO_RVT_FF_ccs_211120.lib.gz
read_liberty ./platforms/asap7/lib/CCS/asap7sc7p5t_INVBUF_RVT_FF_ccs_220122.lib.gz
read_liberty ./platforms/asap7/lib/CCS/asap7sc7p5t_OA_RVT_FF_ccs_211120.lib.gz
read_liberty ./platforms/asap7/lib/CCS/asap7sc7p5t_SIMPLE_RVT_FF_ccs_211120.lib.gz
read_liberty ./platforms/asap7/lib/CCS/asap7sc7p5t_SEQ_RVT_FF_ccs_220123.lib
read_liberty /OpenROAD-flow-scripts/flow/designs/asap7/swerv_wrapper/lib/fakeram7_2048x39.lib
read_liberty /OpenROAD-flow-scripts/flow/designs/asap7/swerv_wrapper/lib/fakeram7_256x34.lib
read_liberty /OpenROAD-flow-scripts/flow/designs/asap7/swerv_wrapper/lib/fakeram7_64x21.lib
read_db -hier /tmp/workspace/scripts-Private_test-fr_cugr_cmp-2-/results/asap7/swerv_wrapper/base/2_1_floorplan.odb
[WARNING ORD-0012] Hierarchical flow (-hier) is currently in development and may cause multiple issues. Do not use in production environments.
read_sdc /tmp/workspace/scripts-Private_test-fr_cugr_cmp-2-/results/asap7/swerv_wrapper/base/2_1_floorplan.sdc
source ./platforms/asap7/setRC.tcl
Using CCS delay calculation
set_delay_calculator prima
[INFO GPL-0022] Initialize gpl and calculate uniform density.
Placement density is 0.42600000858306886, computed from PLACE_DENSITY_LB_ADDON  0.20 and lower bound 0.27000001072883606
rtl_macro_placer -max_num_level 2 -halo_width 10 -halo_height 10 -min_ar 0.33 -area_weight 0.1 -wirelength_weight 100.0 -outline_weight 100.0 -boundary_weight 50.0 -notch_weight 50.0 -report_directory /tmp/workspace/scripts-Private_test-fr_cugr_cmp-2-/objects/asap7/swerv_wrapper/base/rtlmp -fence_lx 0.0 -fence_ly 0.0 -fence_ux 0.0 -fence_uy 0.0 -target_util 0.42600000858306886
[WARNING MPL-0074] -halo_width/-halo_height are deprecated, use the set_macro_base_halo command instead.
Die Area: (0.00, 0.00) (401.91, 401.91),  Floorplan Area: (1.03, 1.08) (400.90, 400.68)
	Number of std cell instances: 101831
	Area of std cell instances: 15259.49
	Number of macros: 28
	Macros to be placed: 28
	Area of macros: 33343.63
	Base halo (L, B, R, T): (10.00, 10.00, 10.00, 10.00)
	Area of macros with halos: 53918.02
	Area of std cell instances + Area of macros: 48603.12
	Floorplan area: 159788.05
	Design Utilization: 0.30
	Floorplan Utilization: 0.12
	Manufacturing Grid: 1

[INFO MPL-0500] Runtime: 113.50s
Took 114 seconds: rtl_macro_placer -max_num_level 2 -halo_width 10 -halo_height 10 -min_ar 0.33 -area_weight 0.1 -wirelength_weight 100.0 -outline_weight 100.0 -boundary_weight 50.0 -notch_weight 50.0 -report_directory /tmp/workspace/scripts-Private_test-fr_cugr_cmp-2-/objects/asap7/swerv_wrapper/base/rtlmp -fence_lx 0.0 -fence_ly 0.0 -fence_ux 0.0 -fence_uy 0.0 -target_util 0.42600000858306886
Design area 48603 um^2 30% utilization.
write_db /tmp/workspace/scripts-Private_test-fr_cugr_cmp-2-/results/asap7/swerv_wrapper/base/2_2_floorplan_macro.odb
Elapsed time: 2:04.79[h:]min:sec. CPU time: user 209.96 sys 115.36 (260%). Peak memory: 957400KB.
Log                       Ext     Elapsed/s Peak Memory/MB sha1sum result [0:20)
2_2_floorplan_macro       .odb          124            934 6bd299b8164e10d657c8
/OpenROAD-flow-scripts/flow/scripts/flow.sh 2_3_floorplan_tapcell tapcell
Running tapcell.tcl, stage 2_3_floorplan_tapcell
source ./platforms/asap7/liberty_suppressions.tcl
read_liberty ./platforms/asap7/lib/CCS/asap7sc7p5t_AO_RVT_FF_ccs_211120.lib.gz
Took 5 seconds: read_liberty ./platforms/asap7/lib/CCS/asap7sc7p5t_AO_RVT_FF_ccs_211120.lib.gz
read_liberty ./platforms/asap7/lib/CCS/asap7sc7p5t_INVBUF_RVT_FF_ccs_220122.lib.gz
read_liberty ./platforms/asap7/lib/CCS/asap7sc7p5t_OA_RVT_FF_ccs_211120.lib.gz
read_liberty ./platforms/asap7/lib/CCS/asap7sc7p5t_SIMPLE_RVT_FF_ccs_211120.lib.gz
read_liberty ./platforms/asap7/lib/CCS/asap7sc7p5t_SEQ_RVT_FF_ccs_220123.lib
read_liberty /OpenROAD-flow-scripts/flow/designs/asap7/swerv_wrapper/lib/fakeram7_2048x39.lib
read_liberty /OpenROAD-flow-scripts/flow/designs/asap7/swerv_wrapper/lib/fakeram7_256x34.lib
read_liberty /OpenROAD-flow-scripts/flow/designs/asap7/swerv_wrapper/lib/fakeram7_64x21.lib
read_db -hier /tmp/workspace/scripts-Private_test-fr_cugr_cmp-2-/results/asap7/swerv_wrapper/base/2_2_floorplan_macro.odb
[WARNING ORD-0012] Hierarchical flow (-hier) is currently in development and may cause multiple issues. Do not use in production environments.
read_sdc /tmp/workspace/scripts-Private_test-fr_cugr_cmp-2-/results/asap7/swerv_wrapper/base/2_1_floorplan.sdc
source ./platforms/asap7/setRC.tcl
Using CCS delay calculation
set_delay_calculator prima
Tap and End Cap cell insertion
  TAP Cell          : TAPCELL_ASAP7_75t_R
  ENDCAP Cell       : TAPCELL_ASAP7_75t_R
  Halo Around Macro : 2 2
  TAP Cell Distance : 25
[INFO ODB-0303] The initial 1480 rows (10959400 sites) were cut with 28 shapes for a total of 8396 rows (8093274 sites).
[INFO TAP-0004] Inserted 6990 endcaps.
[INFO TAP-0005] Inserted 7216 tapcells.
Design area 49303 um^2 31% utilization.
write_db /tmp/workspace/scripts-Private_test-fr_cugr_cmp-2-/results/asap7/swerv_wrapper/base/2_3_floorplan_tapcell.odb
Elapsed time: 0:10.71[h:]min:sec. CPU time: user 10.39 sys 0.32 (99%). Peak memory: 538928KB.
Log                       Ext     Elapsed/s Peak Memory/MB sha1sum result [0:20)
2_3_floorplan_tapcell     .odb           10            526 236149a3987eca808b7b
/OpenROAD-flow-scripts/flow/scripts/flow.sh 2_4_floorplan_pdn pdn
Running pdn.tcl, stage 2_4_floorplan_pdn
source ./platforms/asap7/liberty_suppressions.tcl
read_liberty ./platforms/asap7/lib/CCS/asap7sc7p5t_AO_RVT_FF_ccs_211120.lib.gz
Took 5 seconds: read_liberty ./platforms/asap7/lib/CCS/asap7sc7p5t_AO_RVT_FF_ccs_211120.lib.gz
read_liberty ./platforms/asap7/lib/CCS/asap7sc7p5t_INVBUF_RVT_FF_ccs_220122.lib.gz
read_liberty ./platforms/asap7/lib/CCS/asap7sc7p5t_OA_RVT_FF_ccs_211120.lib.gz
read_liberty ./platforms/asap7/lib/CCS/asap7sc7p5t_SIMPLE_RVT_FF_ccs_211120.lib.gz
read_liberty ./platforms/asap7/lib/CCS/asap7sc7p5t_SEQ_RVT_FF_ccs_220123.lib
read_liberty /OpenROAD-flow-scripts/flow/designs/asap7/swerv_wrapper/lib/fakeram7_2048x39.lib
read_liberty /OpenROAD-flow-scripts/flow/designs/asap7/swerv_wrapper/lib/fakeram7_256x34.lib
read_liberty /OpenROAD-flow-scripts/flow/designs/asap7/swerv_wrapper/lib/fakeram7_64x21.lib
read_db -hier /tmp/workspace/scripts-Private_test-fr_cugr_cmp-2-/results/asap7/swerv_wrapper/base/2_3_floorplan_tapcell.odb
[WARNING ORD-0012] Hierarchical flow (-hier) is currently in development and may cause multiple issues. Do not use in production environments.
read_sdc /tmp/workspace/scripts-Private_test-fr_cugr_cmp-2-/results/asap7/swerv_wrapper/base/2_1_floorplan.sdc
source ./platforms/asap7/setRC.tcl
Using CCS delay calculation
set_delay_calculator prima
[WARNING PDN-1051] No instances found for grid (CORE_macro_grid_2).
[INFO PDN-0001] Inserting grid: top
[INFO PDN-0001] Inserting grid: CORE_macro_grid_1 - u38887
[INFO PDN-0001] Inserting grid: CORE_macro_grid_1 - u38911
[INFO PDN-0001] Inserting grid: CORE_macro_grid_1 - u38935
[INFO PDN-0001] Inserting grid: CORE_macro_grid_1 - u38955
[INFO PDN-0001] Inserting grid: CORE_macro_grid_1 - u38976
[INFO PDN-0001] Inserting grid: CORE_macro_grid_1 - u38996
[INFO PDN-0001] Inserting grid: CORE_macro_grid_1 - u39013
[INFO PDN-0001] Inserting grid: CORE_macro_grid_1 - u39031
[INFO PDN-0001] Inserting grid: CORE_macro_grid_1 - u49730
[INFO PDN-0001] Inserting grid: CORE_macro_grid_1 - u49738
[INFO PDN-0001] Inserting grid: CORE_macro_grid_1 - u49746
[INFO PDN-0001] Inserting grid: CORE_macro_grid_1 - u49756
[INFO PDN-0001] Inserting grid: CORE_macro_grid_1 - u49927
[INFO PDN-0001] Inserting grid: CORE_macro_grid_1 - u49930
[INFO PDN-0001] Inserting grid: CORE_macro_grid_1 - u49932
[INFO PDN-0001] Inserting grid: CORE_macro_grid_1 - u49934
[INFO PDN-0001] Inserting grid: CORE_macro_grid_1 - u50020
[INFO PDN-0001] Inserting grid: CORE_macro_grid_1 - u50025
[INFO PDN-0001] Inserting grid: CORE_macro_grid_1 - u50029
[INFO PDN-0001] Inserting grid: CORE_macro_grid_1 - u50034
[INFO PDN-0001] Inserting grid: CORE_macro_grid_1 - u50119
[INFO PDN-0001] Inserting grid: CORE_macro_grid_1 - u50121
[INFO PDN-0001] Inserting grid: CORE_macro_grid_1 - u50123
[INFO PDN-0001] Inserting grid: CORE_macro_grid_1 - u50127
[INFO PDN-0001] Inserting grid: CORE_macro_grid_1 - u6739
[INFO PDN-0001] Inserting grid: CORE_macro_grid_1 - u6924
[INFO PDN-0001] Inserting grid: CORE_macro_grid_1 - u7079
[INFO PDN-0001] Inserting grid: CORE_macro_grid_1 - u7223
[INFO PDN-0500] Runtime: 2.71s
Design area 49303 um^2 31% utilization.
write_db /tmp/workspace/scripts-Private_test-fr_cugr_cmp-2-/results/asap7/swerv_wrapper/base/2_4_floorplan_pdn.odb
Elapsed time: 0:14.87[h:]min:sec. CPU time: user 14.43 sys 0.43 (99%). Peak memory: 702012KB.
Log                       Ext     Elapsed/s Peak Memory/MB sha1sum result [0:20)
2_4_floorplan_pdn         .odb           14            685 94e89ca8270dc14aa02c
cp /tmp/workspace/scripts-Private_test-fr_cugr_cmp-2-/results/asap7/swerv_wrapper/base/2_4_floorplan_pdn.odb /tmp/workspace/scripts-Private_test-fr_cugr_cmp-2-/results/asap7/swerv_wrapper/base/2_floorplan.odb
cp /tmp/workspace/scripts-Private_test-fr_cugr_cmp-2-/results/asap7/swerv_wrapper/base/2_1_floorplan.sdc /tmp/workspace/scripts-Private_test-fr_cugr_cmp-2-/results/asap7/swerv_wrapper/base/2_floorplan.sdc
/OpenROAD-flow-scripts/flow/scripts/flow.sh 3_1_place_gp_skip_io global_place_skip_io
Running global_place_skip_io.tcl, stage 3_1_place_gp_skip_io
source ./platforms/asap7/liberty_suppressions.tcl
read_liberty ./platforms/asap7/lib/CCS/asap7sc7p5t_AO_RVT_FF_ccs_211120.lib.gz
Took 5 seconds: read_liberty ./platforms/asap7/lib/CCS/asap7sc7p5t_AO_RVT_FF_ccs_211120.lib.gz
read_liberty ./platforms/asap7/lib/CCS/asap7sc7p5t_INVBUF_RVT_FF_ccs_220122.lib.gz
read_liberty ./platforms/asap7/lib/CCS/asap7sc7p5t_OA_RVT_FF_ccs_211120.lib.gz
read_liberty ./platforms/asap7/lib/CCS/asap7sc7p5t_SIMPLE_RVT_FF_ccs_211120.lib.gz
read_liberty ./platforms/asap7/lib/CCS/asap7sc7p5t_SEQ_RVT_FF_ccs_220123.lib
read_liberty /OpenROAD-flow-scripts/flow/designs/asap7/swerv_wrapper/lib/fakeram7_2048x39.lib
read_liberty /OpenROAD-flow-scripts/flow/designs/asap7/swerv_wrapper/lib/fakeram7_256x34.lib
read_liberty /OpenROAD-flow-scripts/flow/designs/asap7/swerv_wrapper/lib/fakeram7_64x21.lib
read_db -hier /tmp/workspace/scripts-Private_test-fr_cugr_cmp-2-/results/asap7/swerv_wrapper/base/2_floorplan.odb
[WARNING ORD-0012] Hierarchical flow (-hier) is currently in development and may cause multiple issues. Do not use in production environments.
read_sdc /tmp/workspace/scripts-Private_test-fr_cugr_cmp-2-/results/asap7/swerv_wrapper/base/2_floorplan.sdc
source ./platforms/asap7/setRC.tcl
Using CCS delay calculation
set_delay_calculator prima
[INFO GPL-0022] Initialize gpl and calculate uniform density.
Placement density is 0.34600000143051146, computed from PLACE_DENSITY_LB_ADDON  0.20 and lower bound 0.17000000178813934
global_placement -skip_io -density 0.34600000143051146 -pad_left 0 -pad_right 0 -random_seed 2
[INFO GPL-0001] ---- Initialize GPL Main Data Structures
[INFO GPL-0002] DBU: 1000
[INFO GPL-0003] SiteSize: (  0.054  0.270 ) um
[INFO GPL-0004] CoreBBox: (  1.026  1.080 ) ( 400.896 400.680 ) um
[INFO GPL-0016] Core area:                  159788.052 um^2
[INFO GPL-0036] Movable instances area:      15259.486 um^2
[INFO GPL-0037] Total instances area:        49512.630 um^2
[INFO GPL-0035] Pin density area adjust:      1803.285 um^2
[INFO GPL-0032] ---- Initialize Region: Top-level
[INFO GPL-0006] Number of instances:            147137
[INFO GPL-0007] Movable instances:              101831
[INFO GPL-0008] Fixed instances:                 24036
[INFO GPL-0009] Dummy instances:                 21270
[INFO GPL-0010] Number of nets:                 103315
[INFO GPL-0011] Number of pins:                 378665
[INFO GPL-0012] Die BBox:       (  0.000  0.000 ) ( 401.914 401.914 ) um
[INFO GPL-0013] Placement BBox: (  1.026  1.080 ) ( 400.896 400.680 ) um
[INFO GPL-0014] Region name: top-level.
[INFO GPL-0015] Region area:                159788.052 um^2
[INFO GPL-0017] Fixed instances area:        56357.430 um^2
[INFO GPL-0018] Movable instances area:      17062.771 um^2
[INFO GPL-0019] Utilization:                    16.497 %
[INFO GPL-0020] Standard cells area:         17062.771 um^2
[INFO GPL-0021] Large instances area:            0.000 um^2
[INFO GPL-0005] ---- Execute Conjugate Gradient Initial Placement.
[INFO GPL-0051] Source of initial instance position counters:
	Odb location = 101831	Core center = 0	Region center = 0
[INFO GPL-0033] ---- Initialize Nesterov Region: Top-level
[INFO GPL-0023] Placement target density:       0.3460
[INFO GPL-0024] Movable insts average area:      0.168 um^2
[INFO GPL-0025] Ideal bin area:                  0.484 um^2
[INFO GPL-0026] Ideal bin count:                329953
[INFO GPL-0027] Total bin area:             159788.052 um^2
[INFO GPL-0028] Bin count (X, Y):         512 ,    512
[INFO GPL-0029] Bin size (W * H):       0.781 *  0.780 um
[INFO GPL-0030] Number of bins:                 262144
[INFO GPL-0084] ---- Execute Nesterov Global Placement.
[INFO GPL-0031] HPWL: Half-Perimeter Wirelength
Iteration | Overflow |     HPWL (um) |  HPWL(%) |   Penalty | Group
---------------------------------------------------------------
        0 |   0.9702 |  8.303164e+05 |   +0.00% |  1.07e-13 |      
       10 |   0.8960 |  7.860794e+05 |   -5.33% |  1.72e-13 |      
       20 |   0.8849 |  7.144729e+05 |   -9.11% |  2.80e-13 |      
       30 |   0.8950 |  6.418161e+05 |  -10.17% |  4.55e-13 |      
       40 |   0.9060 |  5.766655e+05 |  -10.15% |  7.42e-13 |      
       50 |   0.9184 |  5.253237e+05 |   -8.90% |  1.21e-12 |      
       60 |   0.9293 |  4.923294e+05 |   -6.28% |  1.97e-12 |      
       70 |   0.9366 |  4.724828e+05 |   -4.03% |  3.21e-12 |      
       80 |   0.9401 |  4.592898e+05 |   -2.79% |  5.22e-12 |      
       90 |   0.9429 |  4.498214e+05 |   -2.06% |  8.51e-12 |      
      100 |   0.9443 |  4.430367e+05 |   -1.51% |  1.39e-11 |      
      110 |   0.9450 |  4.408509e+05 |   -0.49% |  2.26e-11 |      
      120 |   0.9450 |  4.431796e+05 |   +0.53% |  3.68e-11 |      
      130 |   0.9429 |  4.514115e+05 |   +1.86% |  5.98e-11 |      
      140 |   0.9385 |  4.652448e+05 |   +3.06% |  9.73e-11 |      
      150 |   0.9321 |  4.854236e+05 |   +4.34% |  1.58e-10 |      
      160 |   0.9225 |  5.118965e+05 |   +5.45% |  2.57e-10 |      
      170 |   0.9100 |  5.452126e+05 |   +6.51% |  4.17e-10 |      
      180 |   0.8928 |  5.860825e+05 |   +7.50% |  6.76e-10 |      
      190 |   0.8691 |  6.356359e+05 |   +8.46% |  1.10e-09 |      
      200 |   0.8414 |  7.044160e+05 |  +10.82% |  1.77e-09 |      
      210 |   0.8110 |  7.494835e+05 |   +6.40% |  2.87e-09 |      
      220 |   0.7763 |  7.849197e+05 |   +4.73% |  4.66e-09 |      
      230 |   0.7403 |  8.357409e+05 |   +6.47% |  7.55e-09 |      
      240 |   0.7021 |  8.758669e+05 |   +4.80% |  1.22e-08 |      
      250 |   0.6671 |  9.182937e+05 |   +4.84% |  1.98e-08 |      
      260 |   0.6319 |  9.563891e+05 |   +4.15% |  3.22e-08 |      
      270 |   0.5949 |  9.866691e+05 |   +3.17% |  5.23e-08 |      
      280 |   0.5532 |  1.004342e+06 |   +1.79% |  8.49e-08 |      
      290 |   0.5064 |  1.011313e+06 |   +0.69% |  1.38e-07 |      
      300 |   0.4653 |  1.019768e+06 |   +0.84% |  2.25e-07 |      
      310 |   0.4240 |  1.025131e+06 |   +0.53% |  3.66e-07 |      
      320 |   0.3834 |  1.022904e+06 |   -0.22% |  5.96e-07 |      
      330 |   0.3444 |  1.024775e+06 |   +0.18% |  9.71e-07 |      
      340 |   0.3169 |  1.019485e+06 |   -0.52% |  1.43e-06 |      
      350 |   0.2877 |  1.016747e+06 |   -0.27% |  2.11e-06 |      
      360 |   0.2608 |  1.015101e+06 |   -0.16% |  3.10e-06 |      
      370 |   0.2328 |  1.012696e+06 |   -0.24% |  4.57e-06 |      
      380 |   0.2073 |  1.011128e+06 |   -0.15% |  6.73e-06 |      
      390 |   0.1835 |  1.011399e+06 |   +0.03% |  9.92e-06 |      
      400 |   0.1605 |  1.013356e+06 |   +0.19% |  1.46e-05 |      
      410 |   0.1397 |  1.016396e+06 |   +0.30% |  2.15e-05 |      
      420 |   0.1208 |  1.020580e+06 |   +0.41% |  3.17e-05 |      
      430 |   0.1041 |  1.024426e+06 |   +0.38% |  4.67e-05 |      
      433 |   0.0994 |  1.025115e+06 |          |  5.45e-05 |      
---------------------------------------------------------------
[INFO GPL-1001] Global placement finished at iteration 433
[INFO GPL-1002] Placed Cell Area            17062.7712
[INFO GPL-1003] Available Free Area         103430.6221
[INFO GPL-1004] Minimum Feasible Density        0.1700 (cell_area / free_area)
[INFO GPL-1006]   Suggested Target Densities:
[INFO GPL-1007]     - For 90% usage of free space: 0.1833
[INFO GPL-1008]     - For 80% usage of free space: 0.2062
[INFO GPL-1009]     - For 50% usage of free space: 0.3299
[INFO GPL-1014] Final placement area: 17062.77 (+0.00%)
Took 28 seconds: global_placement -skip_io -density 0.34600000143051146 -pad_left 0 -pad_right 0 -random_seed 2
Design area 49303 um^2 31% utilization.
write_db /tmp/workspace/scripts-Private_test-fr_cugr_cmp-2-/results/asap7/swerv_wrapper/base/3_1_place_gp_skip_io.odb
Elapsed time: 0:39.57[h:]min:sec. CPU time: user 391.66 sys 0.68 (991%). Peak memory: 885916KB.
Log                       Ext     Elapsed/s Peak Memory/MB sha1sum result [0:20)
3_1_place_gp_skip_io      .odb           39            865 0a212812e90ffd4f3fd7
/OpenROAD-flow-scripts/flow/scripts/flow.sh 3_2_place_iop io_placement
Running io_placement.tcl, stage 3_2_place_iop
source ./platforms/asap7/liberty_suppressions.tcl
read_liberty ./platforms/asap7/lib/CCS/asap7sc7p5t_AO_RVT_FF_ccs_211120.lib.gz
Took 5 seconds: read_liberty ./platforms/asap7/lib/CCS/asap7sc7p5t_AO_RVT_FF_ccs_211120.lib.gz
read_liberty ./platforms/asap7/lib/CCS/asap7sc7p5t_INVBUF_RVT_FF_ccs_220122.lib.gz
read_liberty ./platforms/asap7/lib/CCS/asap7sc7p5t_OA_RVT_FF_ccs_211120.lib.gz
read_liberty ./platforms/asap7/lib/CCS/asap7sc7p5t_SIMPLE_RVT_FF_ccs_211120.lib.gz
read_liberty ./platforms/asap7/lib/CCS/asap7sc7p5t_SEQ_RVT_FF_ccs_220123.lib
read_liberty /OpenROAD-flow-scripts/flow/designs/asap7/swerv_wrapper/lib/fakeram7_2048x39.lib
read_liberty /OpenROAD-flow-scripts/flow/designs/asap7/swerv_wrapper/lib/fakeram7_256x34.lib
read_liberty /OpenROAD-flow-scripts/flow/designs/asap7/swerv_wrapper/lib/fakeram7_64x21.lib
read_db -hier /tmp/workspace/scripts-Private_test-fr_cugr_cmp-2-/results/asap7/swerv_wrapper/base/3_1_place_gp_skip_io.odb
[WARNING ORD-0012] Hierarchical flow (-hier) is currently in development and may cause multiple issues. Do not use in production environments.
read_sdc /tmp/workspace/scripts-Private_test-fr_cugr_cmp-2-/results/asap7/swerv_wrapper/base/2_floorplan.sdc
source ./platforms/asap7/setRC.tcl
Using CCS delay calculation
set_delay_calculator prima
place_pins -hor_layers M4 -ver_layers M5
Found 28 macro blocks.
Using 2 tracks default min distance between IO pins.
[INFO PPL-0001] Number of available slots 8342
[INFO PPL-0002] Number of I/O             1416
[INFO PPL-0003] Number of I/O w/sink      1373
[INFO PPL-0004] Number of I/O w/o sink    43
[INFO PPL-0005] Slots per section         200
[INFO PPL-0008] Successfully assigned pins to sections.
[INFO PPL-0012] I/O nets HPWL: 186708.72 um.
Design area 49303 um^2 31% utilization.
write_db /tmp/workspace/scripts-Private_test-fr_cugr_cmp-2-/results/asap7/swerv_wrapper/base/3_2_place_iop.odb
Elapsed time: 0:11.03[h:]min:sec. CPU time: user 10.59 sys 0.44 (99%). Peak memory: 629108KB.
Log                       Ext     Elapsed/s Peak Memory/MB sha1sum result [0:20)
3_2_place_iop             .odb           11            614 9ca990a17cbc5b289bf3
/OpenROAD-flow-scripts/flow/scripts/flow.sh 3_3_place_gp global_place
Running global_place.tcl, stage 3_3_place_gp
source ./platforms/asap7/liberty_suppressions.tcl
read_liberty ./platforms/asap7/lib/CCS/asap7sc7p5t_AO_RVT_FF_ccs_211120.lib.gz
read_liberty ./platforms/asap7/lib/CCS/asap7sc7p5t_INVBUF_RVT_FF_ccs_220122.lib.gz
read_liberty ./platforms/asap7/lib/CCS/asap7sc7p5t_OA_RVT_FF_ccs_211120.lib.gz
read_liberty ./platforms/asap7/lib/CCS/asap7sc7p5t_SIMPLE_RVT_FF_ccs_211120.lib.gz
read_liberty ./platforms/asap7/lib/CCS/asap7sc7p5t_SEQ_RVT_FF_ccs_220123.lib
read_liberty /OpenROAD-flow-scripts/flow/designs/asap7/swerv_wrapper/lib/fakeram7_2048x39.lib
read_liberty /OpenROAD-flow-scripts/flow/designs/asap7/swerv_wrapper/lib/fakeram7_256x34.lib
read_liberty /OpenROAD-flow-scripts/flow/designs/asap7/swerv_wrapper/lib/fakeram7_64x21.lib
read_db -hier /tmp/workspace/scripts-Private_test-fr_cugr_cmp-2-/results/asap7/swerv_wrapper/base/3_2_place_iop.odb
[WARNING ORD-0012] Hierarchical flow (-hier) is currently in development and may cause multiple issues. Do not use in production environments.
read_sdc /tmp/workspace/scripts-Private_test-fr_cugr_cmp-2-/results/asap7/swerv_wrapper/base/2_floorplan.sdc
source ./platforms/asap7/setRC.tcl
Using CCS delay calculation
set_delay_calculator prima
[INFO RSZ-0026] Removed 9288 buffers.
Perform port buffering...
[INFO RSZ-0027] Inserted 490 BUFx2_ASAP7_75t_R input buffers.
[INFO RSZ-0028] Inserted 610 BUFx2_ASAP7_75t_R output buffers.
[INFO GPL-0022] Initialize gpl and calculate uniform density.
Placement density is 0.3300000047683716, computed from PLACE_DENSITY_LB_ADDON  0.20 and lower bound 0.15000000596046448
global_placement -density 0.3300000047683716 -pad_left 0 -pad_right 0 -routability_driven -random_seed 2 -timing_driven -force_center_initial_place -min_phi_coef 0.95 -max_phi_coef 1.05
[INFO GPL-0001] ---- Initialize GPL Main Data Structures
[INFO GPL-0002] DBU: 1000
[INFO GPL-0003] SiteSize: (  0.054  0.270 ) um
[INFO GPL-0004] CoreBBox: (  1.026  1.080 ) ( 400.896 400.680 ) um
[INFO GPL-0016] Core area:                  159788.052 um^2
[INFO GPL-0036] Movable instances area:      13284.946 um^2
[INFO GPL-0037] Total instances area:        47538.090 um^2
[INFO GPL-0035] Pin density area adjust:      1570.152 um^2
[INFO GPL-0032] ---- Initialize Region: Top-level
[INFO GPL-0006] Number of instances:            138949
[INFO GPL-0007] Movable instances:               93643
[INFO GPL-0008] Fixed instances:                 24036
[INFO GPL-0009] Dummy instances:                 21270
[INFO GPL-0010] Number of nets:                  95127
[INFO GPL-0011] Number of pins:                 363705
[INFO GPL-0012] Die BBox:       (  0.000  0.000 ) ( 401.914 401.914 ) um
[INFO GPL-0013] Placement BBox: (  1.026  1.080 ) ( 400.896 400.680 ) um
[INFO GPL-0014] Region name: top-level.
[INFO GPL-0015] Region area:                159788.052 um^2
[INFO GPL-0017] Fixed instances area:        56357.430 um^2
[INFO GPL-0018] Movable instances area:      14855.098 um^2
[INFO GPL-0019] Utilization:                    14.362 %
[INFO GPL-0020] Standard cells area:         14855.098 um^2
[INFO GPL-0021] Large instances area:            0.000 um^2
[INFO GPL-0005] ---- Execute Conjugate Gradient Initial Placement.
[INFO GPL-0051] Source of initial instance position counters:
	Odb location = 0	Core center = 93643	Region center = 0
[InitialPlace]  Iter: 1 conjugate gradient residual: 0.00136391 HPWL: 1216721943
[InitialPlace]  Iter: 2 conjugate gradient residual: 0.00014232 HPWL: 830265780
[InitialPlace]  Iter: 3 conjugate gradient residual: 0.00022179 HPWL: 815663068
[InitialPlace]  Iter: 4 conjugate gradient residual: 0.00025442 HPWL: 799744258
[InitialPlace]  Iter: 5 conjugate gradient residual: 0.00022267 HPWL: 776241177
[InitialPlace]  Iter: 6 conjugate gradient residual: 0.00020958 HPWL: 751832765
[InitialPlace]  Iter: 7 conjugate gradient residual: 0.00020602 HPWL: 727784701
[InitialPlace]  Iter: 8 conjugate gradient residual: 0.00015772 HPWL: 709756131
[InitialPlace]  Iter: 9 conjugate gradient residual: 0.00014183 HPWL: 695399953
[InitialPlace]  Iter: 10 conjugate gradient residual: 0.00011218 HPWL: 686498482
[InitialPlace]  Iter: 11 conjugate gradient residual: 0.00013093 HPWL: 678871931
[InitialPlace]  Iter: 12 conjugate gradient residual: 0.00007128 HPWL: 675262168
[InitialPlace]  Iter: 13 conjugate gradient residual: 0.00008304 HPWL: 671531325
[InitialPlace]  Iter: 14 conjugate gradient residual: 0.00008673 HPWL: 670781825
[InitialPlace]  Iter: 15 conjugate gradient residual: 0.00006952 HPWL: 668869774
[InitialPlace]  Iter: 16 conjugate gradient residual: 0.00007110 HPWL: 668526541
[InitialPlace]  Iter: 17 conjugate gradient residual: 0.00005746 HPWL: 666995324
[InitialPlace]  Iter: 18 conjugate gradient residual: 0.00006410 HPWL: 666744875
[InitialPlace]  Iter: 19 conjugate gradient residual: 0.00005356 HPWL: 665354408
[InitialPlace]  Iter: 20 conjugate gradient residual: 0.00004335 HPWL: 665442314
[INFO GPL-0033] ---- Initialize Nesterov Region: Top-level
[INFO GPL-0023] Placement target density:       0.3300
[INFO GPL-0024] Movable insts average area:      0.159 um^2
[INFO GPL-0025] Ideal bin area:                  0.481 um^2
[INFO GPL-0026] Ideal bin count:                332398
[INFO GPL-0027] Total bin area:             159788.052 um^2
[INFO GPL-0028] Bin count (X, Y):         512 ,    512
[INFO GPL-0029] Bin size (W * H):       0.781 *  0.780 um
[INFO GPL-0030] Number of bins:                 262144
[INFO GPL-0084] ---- Execute Nesterov Global Placement.
[INFO GPL-0031] HPWL: Half-Perimeter Wirelength
Iteration | Overflow |     HPWL (um) |  HPWL(%) |   Penalty | Group
---------------------------------------------------------------
        0 |   0.9635 |  5.000220e+05 |   +0.00% |  1.81e-14 |      
       10 |   0.9295 |  5.481511e+05 |   +9.63% |  2.93e-14 |      
       20 |   0.9133 |  5.720269e+05 |   +4.36% |  4.76e-14 |      
       30 |   0.9055 |  5.881148e+05 |   +2.81% |  7.74e-14 |      
       40 |   0.8996 |  5.990031e+05 |   +1.85% |  1.26e-13 |      
       50 |   0.8945 |  6.053349e+05 |   +1.06% |  2.05e-13 |      
       60 |   0.8913 |  6.093206e+05 |   +0.66% |  3.34e-13 |      
       70 |   0.8893 |  6.117741e+05 |   +0.40% |  5.44e-13 |      
       80 |   0.8879 |  6.131373e+05 |   +0.22% |  8.85e-13 |      
       90 |   0.8875 |  6.134121e+05 |   +0.04% |  1.44e-12 |      
      100 |   0.8866 |  6.130905e+05 |   -0.05% |  2.35e-12 |      
      110 |   0.8859 |  6.128524e+05 |   -0.04% |  3.83e-12 |      
      120 |   0.8858 |  6.128756e+05 |   +0.00% |  6.23e-12 |      
      130 |   0.8852 |  6.131073e+05 |   +0.04% |  1.02e-11 |      
      140 |   0.8848 |  6.136924e+05 |   +0.10% |  1.65e-11 |      
      150 |   0.8840 |  6.146649e+05 |   +0.16% |  2.69e-11 |      
      160 |   0.8825 |  6.164596e+05 |   +0.29% |  4.39e-11 |      
      170 |   0.8808 |  6.192204e+05 |   +0.45% |  7.14e-11 |      
      180 |   0.8782 |  6.236579e+05 |   +0.72% |  1.16e-10 |      
      190 |   0.8743 |  6.304529e+05 |   +1.09% |  1.89e-10 |      
      200 |   0.8687 |  6.409023e+05 |   +1.66% |  3.08e-10 |      
      210 |   0.8594 |  6.566183e+05 |   +2.45% |  5.01e-10 |      
      220 |   0.8459 |  6.782566e+05 |   +3.30% |  8.14e-10 |      
      230 |   0.8268 |  7.169220e+05 |   +5.70% |  1.32e-09 |      
      240 |   0.8037 |  7.604765e+05 |   +6.08% |  2.14e-09 |      
      250 |   0.7788 |  7.866345e+05 |   +3.44% |  3.48e-09 |      
      260 |   0.7512 |  8.048159e+05 |   +2.31% |  5.65e-09 |      
      270 |   0.7181 |  8.425691e+05 |   +4.69% |  9.17e-09 |      
      280 |   0.6872 |  8.687817e+05 |   +3.11% |  1.49e-08 |      
      290 |   0.6563 |  8.878483e+05 |   +2.19% |  2.42e-08 |      
[INFO GPL-0100] Timing-driven iteration 1/2, virtual: false.
[INFO GPL-0101]    Iter: 297, overflow: 0.634, keep resizer changes at: 1, HPWL: 897933485
Iteration |   Area    | Resized | Buffers | Nets repaired | Remaining
---------------------------------------------------------------------
        0 |     +0.0% |       0 |       0 |             0 |     95117
    final |     +1.7% |     207 |    3010 |          1187 |         0
---------------------------------------------------------------------
[INFO RSZ-0034] Found 683 slew violations.
[INFO RSZ-0036] Found 345 capacitance violations.
[INFO RSZ-0037] Found 904 long wires.
[INFO RSZ-0039] Resized 207 instances.
[INFO RSZ-0038] Inserted 3010 buffers in 1187 nets.
   Iter   |    Area   | Removed | Inserted |   Pins
          |           | Buffers | Buffers  | Remaining
-------------------------------------------------------
        0 |     +0.0% |       0 |        0 |     80323
     8000 |     +0.1% |      89 |      826 |     72323
    16000 |     +0.2% |     137 |     1092 |     64323
    24000 |     +0.1% |     441 |     1609 |     56323
    32000 |     +0.0% |     671 |     1884 |     48323
    40000 |     -0.0% |     761 |     1980 |     40323
    48000 |     -0.2% |    1313 |     2388 |     32323
    56000 |     -0.6% |    1995 |     2854 |     24323
    64000 |     -0.6% |    2081 |     3001 |     16323
    72000 |     -0.8% |    2557 |     3353 |      8323
[WARNING RSZ-2006] failed to trace timing path for load u1825/CLK when buffering input24028/Y
    80000 |     -0.9% |    3010 |     3583 |       323
    final |     -0.9% |    3010 |     3583 |         0
-------------------------------------------------------
[INFO GPL-0106] Timing-driven: worst slack 0
[INFO GPL-0107] Timing-driven: repair_design delta area: 380.312 um^2 (+2.56%)
[INFO GPL-0108] Timing-driven: repair_design, gpl delta gcells: 3583 (+3.83%)
[INFO GPL-0109] Timing-driven: repair_design, gcells created: 6593, deleted: 3010
[INFO GPL-0110] Timing-driven: new target density: 0.333677
Iteration | Overflow |     HPWL (um) |  HPWL(%) |   Penalty | Group
---------------------------------------------------------------
      300 |   0.6242 |  9.252182e+05 |   +4.21% |  3.92e-08 |      
      310 |   0.5976 |  9.345558e+05 |   +1.01% |  6.38e-08 |      
[INFO GPL-0038] Routability snapshot saved at iter = 311
      310 |   0.5976 |  9.345558e+05 |          |           |      
      320 |   0.5583 |  9.491194e+05 |   +1.56% |  1.04e-07 |      
      330 |   0.5224 |  9.600187e+05 |   +1.15% |  1.69e-07 |      
      340 |   0.4777 |  9.738506e+05 |   +1.44% |  2.74e-07 |      
      350 |   0.4358 |  9.868126e+05 |   +1.33% |  4.46e-07 |      
      360 |   0.3959 |  9.935421e+05 |   +0.68% |  7.27e-07 |      
      370 |   0.3559 |  1.007064e+06 |   +1.36% |  1.18e-06 |      
      380 |   0.3180 |  1.016126e+06 |   +0.90% |  1.79e-06 |      
[INFO GPL-0040] Routability iteration: 1
[WARNING GRT-0281] Net clk has a large fanout of 13898 terminals.
[INFO GPL-0041] Total routing overflow: 123.0922
[INFO GPL-0042] Number of overflowed tiles: 725 (0.15%)
[INFO GPL-0043] Average top 0.5% routing congestion: 1.0002
[INFO GPL-0044] Average top 1.0% routing congestion: 0.9434
[INFO GPL-0045] Average top 2.0% routing congestion: 0.9024
[INFO GPL-0046] Average top 5.0% routing congestion: 0.8605
[INFO GPL-0047] Routability iteration weighted routing congestion: 0.9718
[INFO GPL-0050] Weighted routing congestion is lower than target routing congestion(1.0100), end routability optimization.
[INFO GPL-0090] Routability finished. Target routing congestion achieved succesfully.
Iteration | Overflow |     HPWL (um) |  HPWL(%) |   Penalty | Group
---------------------------------------------------------------
      390 |   0.2867 |  1.014869e+06 |   -0.12% |  2.64e-06 |      
      400 |   0.2585 |  1.009855e+06 |   -0.49% |  3.89e-06 |      
      410 |   0.2336 |  1.004301e+06 |   -0.55% |  5.73e-06 |      
      420 |   0.2071 |  1.000594e+06 |   -0.37% |  8.44e-06 |      
[INFO GPL-0100] Timing-driven iteration 2/2, virtual: false.
[INFO GPL-0101]    Iter: 426, overflow: 0.194, keep resizer changes at: 1, HPWL: 999903618
Iteration |   Area    | Resized | Buffers | Nets repaired | Remaining
---------------------------------------------------------------------
        0 |     +0.0% |       0 |       0 |             0 |     98700
    final |     +0.7% |     104 |    1329 |          1080 |         0
---------------------------------------------------------------------
[INFO RSZ-0034] Found 283 slew violations.
[INFO RSZ-0036] Found 40 capacitance violations.
[INFO RSZ-0037] Found 896 long wires.
[INFO RSZ-0039] Resized 104 instances.
[INFO RSZ-0038] Inserted 1329 buffers in 1080 nets.
   Iter   |    Area   | Removed | Inserted |   Pins
          |           | Buffers | Buffers  | Remaining
-------------------------------------------------------
        0 |     +0.0% |       0 |        0 |     80323
     8000 |     -0.2% |     836 |      106 |     72323
    16000 |     -0.2% |    1186 |      284 |     64323
    24000 |     -0.4% |    1865 |      646 |     56323
    32000 |     -0.4% |    2257 |      920 |     48323
    40000 |     -0.5% |    2418 |     1061 |     40323
    48000 |     -0.6% |    3077 |     1539 |     32323
    56000 |     -0.6% |    3617 |     2140 |     24323
    64000 |     -0.6% |    3793 |     2365 |     16323
    72000 |     -0.7% |    4394 |     2777 |      8323
[WARNING RSZ-2006] failed to trace timing path for load u1825/CLK when buffering input24028/Y
    80000 |     -0.8% |    4912 |     3162 |       323
    final |     -0.8% |    4912 |     3162 |         0
-------------------------------------------------------
[INFO GPL-0106] Timing-driven: worst slack -3.1887465e-11
[INFO GPL-0107] Timing-driven: repair_design delta area: -66.540 um^2 (-0.44%)
[INFO GPL-0108] Timing-driven: repair_design, gpl delta gcells: -421 (-0.43%)
[INFO GPL-0109] Timing-driven: repair_design, gcells created: 4491, deleted: 4912
[INFO GPL-0110] Timing-driven: new target density: 0.33303365
Iteration | Overflow |     HPWL (um) |  HPWL(%) |   Penalty | Group
---------------------------------------------------------------
      430 |   0.1872 |  1.029874e+06 |   +2.93% |  1.24e-05 |      
      440 |   0.1657 |  1.023798e+06 |   -0.59% |  1.83e-05 |      
      450 |   0.1439 |  1.024063e+06 |   +0.03% |  2.69e-05 |      
      460 |   0.1250 |  1.023683e+06 |   -0.04% |  3.96e-05 |      
      470 |   0.1079 |  1.024514e+06 |   +0.08% |  5.84e-05 |      
      476 |   0.0996 |  1.024397e+06 |          |  7.66e-05 |      
---------------------------------------------------------------
[INFO GPL-1001] Global placement finished at iteration 476
[INFO GPL-1017] Routability mode iteration count: 76
[INFO GPL-1005] Routability final weighted congestion: 0.9397
[INFO GPL-1002] Placed Cell Area            15168.8707
[INFO GPL-1003] Available Free Area         103430.6221
[INFO GPL-1004] Minimum Feasible Density        0.1500 (cell_area / free_area)
[INFO GPL-1006]   Suggested Target Densities:
[INFO GPL-1007]     - For 90% usage of free space: 0.1630
[INFO GPL-1008]     - For 80% usage of free space: 0.1833
[INFO GPL-1009]     - For 50% usage of free space: 0.2933
[INFO GPL-1011] Original area (um^2): 14855.10
[INFO GPL-1012] Total routability artificial inflation: 0.00 (+0.00%)
[INFO GPL-1013] Total timing-driven delta area: 313.77 (+2.11%)
[INFO GPL-1014] Final placement area: 15168.87 (+2.11%)
Took 543 seconds: global_placement -density 0.3300000047683716 -pad_left 0 -pad_right 0 -routability_driven -random_seed 2 -timing_driven -force_center_initial_place -min_phi_coef 0.95 -max_phi_coef 1.05
estimate_parasitics -placement
Report metrics stage 3, global place...

==========================================================================
global place report_design_area
--------------------------------------------------------------------------
Design area 47653 um^2 30% utilization.
write_db /tmp/workspace/scripts-Private_test-fr_cugr_cmp-2-/results/asap7/swerv_wrapper/base/3_3_place_gp.odb
Elapsed time: 10:06.11[h:]min:sec. CPU time: user 2247.35 sys 107.41 (388%). Peak memory: 2589064KB.
Log                       Ext     Elapsed/s Peak Memory/MB sha1sum result [0:20)
3_3_place_gp              .odb          606           2528 d8f21834bdc0b64b3b15
/OpenROAD-flow-scripts/flow/scripts/flow.sh 3_4_place_resized resize
Running resize.tcl, stage 3_4_place_resized
source ./platforms/asap7/liberty_suppressions.tcl
read_liberty ./platforms/asap7/lib/CCS/asap7sc7p5t_AO_RVT_FF_ccs_211120.lib.gz
Took 5 seconds: read_liberty ./platforms/asap7/lib/CCS/asap7sc7p5t_AO_RVT_FF_ccs_211120.lib.gz
read_liberty ./platforms/asap7/lib/CCS/asap7sc7p5t_INVBUF_RVT_FF_ccs_220122.lib.gz
read_liberty ./platforms/asap7/lib/CCS/asap7sc7p5t_OA_RVT_FF_ccs_211120.lib.gz
read_liberty ./platforms/asap7/lib/CCS/asap7sc7p5t_SIMPLE_RVT_FF_ccs_211120.lib.gz
read_liberty ./platforms/asap7/lib/CCS/asap7sc7p5t_SEQ_RVT_FF_ccs_220123.lib
read_liberty /OpenROAD-flow-scripts/flow/designs/asap7/swerv_wrapper/lib/fakeram7_2048x39.lib
read_liberty /OpenROAD-flow-scripts/flow/designs/asap7/swerv_wrapper/lib/fakeram7_256x34.lib
read_liberty /OpenROAD-flow-scripts/flow/designs/asap7/swerv_wrapper/lib/fakeram7_64x21.lib
read_db -hier /tmp/workspace/scripts-Private_test-fr_cugr_cmp-2-/results/asap7/swerv_wrapper/base/3_3_place_gp.odb
[WARNING ORD-0012] Hierarchical flow (-hier) is currently in development and may cause multiple issues. Do not use in production environments.
read_sdc /tmp/workspace/scripts-Private_test-fr_cugr_cmp-2-/results/asap7/swerv_wrapper/base/2_floorplan.sdc
source ./platforms/asap7/setRC.tcl
Using CCS delay calculation
set_delay_calculator prima
estimate_parasitics -placement
Took 7 seconds: estimate_parasitics -placement
Perform buffer insertion and gate resizing...
repair_design -verbose
Iteration |   Area    | Resized | Buffers | Nets repaired | Remaining
---------------------------------------------------------------------
        0 |     +0.0% |       0 |       0 |             0 |     98279
     1000 |     +0.0% |       0 |       0 |             0 |     97279
     2000 |     +0.0% |       0 |       0 |             0 |     96279
     3000 |     +0.0% |       0 |       0 |             0 |     95279
     4000 |     +0.0% |       0 |       0 |             0 |     94279
     5000 |     +0.0% |       0 |       0 |             0 |     93279
     6000 |     +0.0% |       0 |       0 |             0 |     92279
     7000 |     +0.0% |       0 |       0 |             0 |     91279
     8000 |     +0.0% |       0 |       0 |             0 |     90279
     9000 |     +0.0% |       0 |       0 |             0 |     89279
    10000 |     +0.0% |       0 |       0 |             0 |     88279
    11000 |     +0.0% |       0 |       1 |             1 |     87279
    12000 |     +0.0% |       0 |       1 |             1 |     86279
    13000 |     +0.0% |       0 |       1 |             1 |     85279
    14000 |     +0.0% |       0 |       1 |             1 |     84279
    15000 |     +0.0% |       0 |       6 |             6 |     83279
    16000 |     +0.0% |       0 |       6 |             6 |     82279
    17000 |     +0.0% |       0 |      17 |            17 |     81279
    18000 |     +0.0% |       0 |      22 |            21 |     80279
    19000 |     +0.0% |       0 |      22 |            21 |     79279
    20000 |     +0.0% |       0 |      24 |            23 |     78279
    21000 |     +0.0% |       0 |      28 |            25 |     77279
    22000 |     +0.0% |       0 |      41 |            34 |     76279
    23000 |     +0.0% |       0 |      42 |            35 |     75279
    24000 |     +0.0% |       0 |      53 |            43 |     74279
    25000 |     +0.0% |       0 |      55 |            45 |     73279
    26000 |     +0.0% |       0 |      57 |            47 |     72279
    27000 |     +0.0% |       0 |      59 |            49 |     71279
    28000 |     +0.0% |       0 |      59 |            49 |     70279
    29000 |     +0.0% |       0 |      59 |            49 |     69279
    30000 |     +0.0% |       0 |      59 |            49 |     68279
    31000 |     +0.0% |       0 |      59 |            49 |     67279
    32000 |     +0.0% |       0 |      59 |            49 |     66279
    33000 |     +0.0% |       0 |      59 |            49 |     65279
    34000 |     +0.0% |       0 |      59 |            49 |     64279
    35000 |     +0.0% |       0 |      59 |            49 |     63279
    36000 |     +0.1% |       0 |      82 |            72 |     62279
    37000 |     +0.1% |       0 |      82 |            72 |     61279
    38000 |     +0.1% |       0 |      82 |            72 |     60279
    39000 |     +0.1% |       0 |      86 |            75 |     59279
    40000 |     +0.1% |       0 |      88 |            76 |     58279
    41000 |     +0.1% |       0 |      91 |            78 |     57279
    42000 |     +0.1% |       0 |      91 |            78 |     56279
    43000 |     +0.1% |       0 |      91 |            78 |     55279
    44000 |     +0.1% |       0 |      91 |            78 |     54279
    45000 |     +0.1% |       0 |      93 |            80 |     53279
    46000 |     +0.1% |       0 |      94 |            81 |     52279
    47000 |     +0.1% |       0 |      94 |            81 |     51279
    48000 |     +0.1% |       0 |      94 |            81 |     50279
    49000 |     +0.1% |       0 |      94 |            81 |     49279
    50000 |     +0.1% |       0 |      94 |            81 |     48279
    51000 |     +0.1% |       0 |      94 |            81 |     47279
    52000 |     +0.1% |       0 |      94 |            81 |     46279
    53000 |     +0.1% |       0 |      97 |            84 |     45279
    54000 |     +0.1% |       0 |      97 |            84 |     44279
    55000 |     +0.1% |       0 |      97 |            84 |     43279
    56000 |     +0.1% |       0 |      98 |            85 |     42279
    57000 |     +0.1% |       0 |      98 |            85 |     41279
    58000 |     +0.1% |       0 |      98 |            85 |     40279
    59000 |     +0.1% |       0 |     100 |            86 |     39279
    60000 |     +0.1% |       0 |     101 |            87 |     38279
    61000 |     +0.1% |       0 |     101 |            87 |     37279
    62000 |     +0.1% |       0 |     101 |            87 |     36279
    63000 |     +0.1% |       0 |     101 |            87 |     35279
    64000 |     +0.1% |       0 |     101 |            87 |     34279
    65000 |     +0.1% |       0 |     101 |            87 |     33279
    66000 |     +0.1% |       0 |     101 |            87 |     32279
    67000 |     +0.1% |       0 |     101 |            87 |     31279
    68000 |     +0.1% |       0 |     120 |           106 |     30279
    69000 |     +0.1% |       0 |     127 |           113 |     29279
    70000 |     +0.1% |       0 |     127 |           113 |     28279
    71000 |     +0.1% |       0 |     127 |           113 |     27279
    72000 |     +0.1% |       0 |     127 |           113 |     26279
    73000 |     +0.1% |       0 |     127 |           113 |     25279
    74000 |     +0.1% |       0 |     127 |           113 |     24279
    75000 |     +0.1% |       0 |     127 |           113 |     23279
    76000 |     +0.1% |       0 |     127 |           113 |     22279
    77000 |     +0.1% |       0 |     127 |           113 |     21279
    78000 |     +0.1% |       0 |     127 |           113 |     20279
    79000 |     +0.1% |       0 |     128 |           114 |     19279
    80000 |     +0.1% |       0 |     128 |           114 |     18279
    81000 |     +0.1% |       0 |     128 |           114 |     17279
    82000 |     +0.1% |       0 |     128 |           114 |     16279
    83000 |     +0.1% |       0 |     128 |           114 |     15279
    84000 |     +0.1% |       0 |     128 |           114 |     14279
    85000 |     +0.1% |       0 |     128 |           114 |     13279
    86000 |     +0.1% |       0 |     128 |           114 |     12279
    87000 |     +0.1% |       0 |     128 |           114 |     11279
    88000 |     +0.1% |       0 |     128 |           114 |     10279
    89000 |     +0.1% |       0 |     128 |           114 |      9279
    90000 |     +0.1% |       0 |     128 |           114 |      8279
    91000 |     +0.1% |       0 |     128 |           114 |      7279
    92000 |     +0.1% |       0 |     128 |           114 |      6279
    93000 |     +0.1% |       0 |     128 |           114 |      5279
    94000 |     +0.1% |       0 |     128 |           114 |      4279
    95000 |     +0.1% |       0 |     128 |           114 |      3279
    96000 |     +0.1% |       0 |     128 |           114 |      2279
    97000 |     +0.1% |       0 |     128 |           114 |      1279
    98000 |     +0.1% |       0 |     128 |           114 |       279
    final |     +0.1% |       0 |     128 |           114 |         0
---------------------------------------------------------------------
[INFO RSZ-0034] Found 106 slew violations.
[INFO RSZ-0036] Found 8 capacitance violations.
[INFO RSZ-0038] Inserted 128 buffers in 114 nets.
[INFO RSZ-0504] Runtime: 127.73s
Took 128 seconds: repair_design -verbose
Floating nets: 
[WARNING RSZ-0020] found 10 floating nets.
Report metrics stage 3, resizer...

==========================================================================
resizer report_design_area
--------------------------------------------------------------------------
Design area 47693 um^2 30% utilization.
Instance count before 120841, after 120969
Pin count before 368613, after 368869
write_db /tmp/workspace/scripts-Private_test-fr_cugr_cmp-2-/results/asap7/swerv_wrapper/base/3_4_place_resized.odb
Elapsed time: 3:19.63[h:]min:sec. CPU time: user 381.59 sys 43.68 (213%). Peak memory: 1278516KB.
Log                       Ext     Elapsed/s Peak Memory/MB sha1sum result [0:20)
3_4_place_resized         .odb          199           1248 5c6fb10e9a9605256169
/OpenROAD-flow-scripts/flow/scripts/flow.sh 3_5_place_dp detail_place
Running detail_place.tcl, stage 3_5_place_dp
source ./platforms/asap7/liberty_suppressions.tcl
read_liberty ./platforms/asap7/lib/CCS/asap7sc7p5t_AO_RVT_FF_ccs_211120.lib.gz
Took 5 seconds: read_liberty ./platforms/asap7/lib/CCS/asap7sc7p5t_AO_RVT_FF_ccs_211120.lib.gz
read_liberty ./platforms/asap7/lib/CCS/asap7sc7p5t_INVBUF_RVT_FF_ccs_220122.lib.gz
read_liberty ./platforms/asap7/lib/CCS/asap7sc7p5t_OA_RVT_FF_ccs_211120.lib.gz
read_liberty ./platforms/asap7/lib/CCS/asap7sc7p5t_SIMPLE_RVT_FF_ccs_211120.lib.gz
read_liberty ./platforms/asap7/lib/CCS/asap7sc7p5t_SEQ_RVT_FF_ccs_220123.lib
read_liberty /OpenROAD-flow-scripts/flow/designs/asap7/swerv_wrapper/lib/fakeram7_2048x39.lib
read_liberty /OpenROAD-flow-scripts/flow/designs/asap7/swerv_wrapper/lib/fakeram7_256x34.lib
read_liberty /OpenROAD-flow-scripts/flow/designs/asap7/swerv_wrapper/lib/fakeram7_64x21.lib
read_db -hier /tmp/workspace/scripts-Private_test-fr_cugr_cmp-2-/results/asap7/swerv_wrapper/base/3_4_place_resized.odb
[WARNING ORD-0012] Hierarchical flow (-hier) is currently in development and may cause multiple issues. Do not use in production environments.
read_sdc /tmp/workspace/scripts-Private_test-fr_cugr_cmp-2-/results/asap7/swerv_wrapper/base/2_floorplan.sdc
source ./platforms/asap7/setRC.tcl
Using CCS delay calculation
set_delay_calculator prima
detailed_placement
[INFO DPL-0006] Core area: 159788.05 um^2
[INFO DPL-0007] Movable instances area: 13649.08 um^2
[INFO DPL-0008] Fixed instances area within core: 34043.71 um^2
[INFO DPL-0009] Utilization: 29.8%
[INFO DPL-0005] Diamond search max displacement: +/- 500 sites horizontally, +/- 100 rows vertically.
[INFO DPL-1102] Legalizing using negotiation legalizer.
[INFO DPL-1103] Negotiation base search window: +/-20 sites horizontally, +/-5 rows vertically 
	Automatic search window extension enabled.
	Search window extendable up to the max displacement cap of +/-500 sites, +/-100 rows near walls.
[INFO DPL-1104] NegotiationLegalizer DRC penalty: 5.
[INFO DPL-0392] Negotiation cell height distribution (4 unique row-count(s)):
[INFO DPL-0393]   height 1 row(s): 120941 cells
[INFO DPL-0393]   height 42 row(s): 4 cells
[INFO DPL-0393]   height 156 row(s): 16 cells
[INFO DPL-0393]   height 618 row(s): 8 cells
          |      Total |  Illegal |  Illegal
Iteration | Violations |    Cells |    Sites
---------------------------------------------
        0 |          0 |         0 |         0
Negotiation phase 1 converged at iteration 0.
[INFO DPL-0500] Runtime: 1.60s
Placement Analysis
---------------------------------
total displacement      26356.3 u
average displacement        0.2 u
max displacement           23.1 u
original HPWL         1025401.0 u
legalized HPWL        1038711.0 u
delta HPWL                    1 %

improve_placement -max_displacement "5 1"
Detailed placement improvement.
[INFO DPL-0401] Setting random seed to 1.
[INFO DPL-0402] Setting maximum displacement 5 1 to 1350 270 units.
[INFO DPL-0320] Collected 32364 fixed cells.
[INFO DPL-0318] Collected 96933 single height cells.
[INFO DPL-0321] Collected 0 wide cells.
[INFO DPL-0322] Image (1026, 1080) - (400896, 400680)
[INFO DPL-0310] Assigned 96933 cells into segments.  Movement in X-direction is 0.000000, movement in Y-direction is 0.000000.
[INFO DPL-0313] Found 0 cells in wrong regions.
[INFO DPL-0315] Found 0 row alignment problems.
[INFO DPL-0314] Found 0 site alignment problems.
[INFO DPL-0311] Found 0 overlaps between adjacent cells.
[INFO DPL-0312] Found 0 edge spacing violations and 0 padding violations.
[INFO DPL-0303] Running algorithm for independent set matching.
[INFO DPL-0300] Set matching objective is wirelength.
[INFO DPL-0301] Pass   1 of matching; objective is 1.010767e+09.
[INFO DPL-0302] End of matching; objective is 1.010642e+09, improvement is 0.01 percent.
[INFO DPL-0303] Running algorithm for global swaps.
[INFO DPL-0306] Pass   1 of global swaps; hpwl is 1.004051e+09.
[INFO DPL-0307] End of global swaps; objective is 1.004051e+09, improvement is 0.65 percent.
[INFO DPL-0303] Running algorithm for vertical swaps.
[INFO DPL-0308] Pass   1 of vertical swaps; hpwl is 1.002226e+09.
[INFO DPL-0309] End of vertical swaps; objective is 1.002226e+09, improvement is 0.18 percent.
[INFO DPL-0303] Running algorithm for reordering.
[INFO DPL-0304] Pass   1 of reordering; objective is 1.002067e+09.
[INFO DPL-0305] End of reordering; objective is 1.002067e+09, improvement is 0.02 percent.
[INFO DPL-0303] Running algorithm for random improvement.
[INFO DPL-0324] Random improver is using random generator.
[INFO DPL-0325] Random improver is using hpwl objective.
[INFO DPL-0326] Random improver cost string is (a).
[INFO DPL-0332] End of pass, Generator random called 1938660 times.
[INFO DPL-0335] Generator random, Cumulative attempts 1938660, swaps 80781, moves 846410 since last reset.
[INFO DPL-0333] End of pass, Objective hpwl, Initial cost 1.000873e+09, Scratch cost 9.963601e+08, Incremental cost 9.963601e+08, Mismatch? N
[INFO DPL-0338] End of pass, Total cost is 9.963601e+08.
[INFO DPL-0327] Pass   1 of random improver; improvement in cost is 0.45 percent.
[INFO DPL-0328] End of random improver; improvement is 0.450925 percent.
[INFO DPL-0380] Cell flipping.
[INFO DPL-0382] Changed 0 cell orientations for row compatibility.
[INFO DPL-0383] Performed 26264 cell flips.
[INFO DPL-0384] End of flipping; objective is 9.907221e+08, improvement is 0.68 percent.
[INFO DPL-0313] Found 0 cells in wrong regions.
[INFO DPL-0315] Found 0 row alignment problems.
[INFO DPL-0314] Found 0 site alignment problems.
[INFO DPL-0311] Found 0 overlaps between adjacent cells.
[INFO DPL-0312] Found 0 edge spacing violations and 0 padding violations.
Detailed Improvement Results
------------------------------------------
Original HPWL          1038711.0 u (  490726.5,   547984.5)
Final HPWL             1018435.1 u (  478319.9,   540115.2)
Delta HPWL                  -2.0 % (      -2.5,       -1.4)

Took 25 seconds: improve_placement -max_displacement "5 1"
optimize_mirroring
[INFO DPL-0020] Mirrored 10793 instances
[INFO DPL-0021] HPWL before          1018435.1 u
[INFO DPL-0022] HPWL after           1017988.8 u
[INFO DPL-0023] HPWL delta               -0.0 %
[INFO FLW-0012] Placement violations .
estimate_parasitics -placement
Took 6 seconds: estimate_parasitics -placement
Report metrics stage 3, detailed place...

==========================================================================
detailed place report_design_area
--------------------------------------------------------------------------
Design area 47693 um^2 30% utilization.
write_db /tmp/workspace/scripts-Private_test-fr_cugr_cmp-2-/results/asap7/swerv_wrapper/base/3_5_place_dp.odb
write_sdc -no_timestamp /tmp/workspace/scripts-Private_test-fr_cugr_cmp-2-/results/asap7/swerv_wrapper/base/3_place.sdc
Elapsed time: 1:49.82[h:]min:sec. CPU time: user 279.56 sys 43.76 (294%). Peak memory: 1879236KB.
Log                       Ext     Elapsed/s Peak Memory/MB sha1sum result [0:20)
3_5_place_dp              .odb          109           1835 e24d2fa0073a01bf5513
cp /tmp/workspace/scripts-Private_test-fr_cugr_cmp-2-/results/asap7/swerv_wrapper/base/3_5_place_dp.odb /tmp/workspace/scripts-Private_test-fr_cugr_cmp-2-/results/asap7/swerv_wrapper/base/3_place.odb
/OpenROAD-flow-scripts/flow/scripts/flow.sh 4_1_cts cts
Running cts.tcl, stage 4_1_cts
source ./platforms/asap7/liberty_suppressions.tcl
read_liberty ./platforms/asap7/lib/CCS/asap7sc7p5t_AO_RVT_FF_ccs_211120.lib.gz
read_liberty ./platforms/asap7/lib/CCS/asap7sc7p5t_INVBUF_RVT_FF_ccs_220122.lib.gz
read_liberty ./platforms/asap7/lib/CCS/asap7sc7p5t_OA_RVT_FF_ccs_211120.lib.gz
read_liberty ./platforms/asap7/lib/CCS/asap7sc7p5t_SIMPLE_RVT_FF_ccs_211120.lib.gz
read_liberty ./platforms/asap7/lib/CCS/asap7sc7p5t_SEQ_RVT_FF_ccs_220123.lib
read_liberty /OpenROAD-flow-scripts/flow/designs/asap7/swerv_wrapper/lib/fakeram7_2048x39.lib
read_liberty /OpenROAD-flow-scripts/flow/designs/asap7/swerv_wrapper/lib/fakeram7_256x34.lib
read_liberty /OpenROAD-flow-scripts/flow/designs/asap7/swerv_wrapper/lib/fakeram7_64x21.lib
read_db -hier /tmp/workspace/scripts-Private_test-fr_cugr_cmp-2-/results/asap7/swerv_wrapper/base/3_place.odb
[WARNING ORD-0012] Hierarchical flow (-hier) is currently in development and may cause multiple issues. Do not use in production environments.
read_sdc /tmp/workspace/scripts-Private_test-fr_cugr_cmp-2-/results/asap7/swerv_wrapper/base/3_place.sdc
source ./platforms/asap7/setRC.tcl
Using CCS delay calculation
set_delay_calculator prima
clock_tree_synthesis -sink_clustering_enable -repair_clock_nets
[INFO CTS-0050] Root buffer is BUFx24_ASAP7_75t_R.
[INFO CTS-0051] Sink buffer is BUFx24_ASAP7_75t_R.
[INFO CTS-0052] The following clock buffers will be used for CTS:
                    BUFx24_ASAP7_75t_R
[INFO CTS-0049] Characterization buffer is BUFx24_ASAP7_75t_R.
[INFO CTS-0007] Net "clk" found for clock "core_clock".
[INFO CTS-0011]  Clock net "clk" for macros has 28 sinks.
[INFO CTS-0011]  Clock net "clk_regs" for registers has 13869 sinks.
[INFO CTS-0008] TritonCTS found 2 clock nets.
[INFO CTS-0097] Characterization used 1 buffer(s) types.
[INFO CTS-0201] 11 blockages from hard placement blockages and placed macros will be used.
[INFO CTS-0027] Generating H-Tree topology for net clk.
[INFO CTS-0028]  Total number of sinks: 28.
[INFO CTS-0029]  Macro  sinks will be clustered in groups of up to 4 and with maximum cluster diameter of 333.2 um.
[INFO CTS-0030]  Number of static layers: 0.
[INFO CTS-0020]  Wire segment unit: 1350  dbu (1 um).
[INFO CTS-0204] A clustering solution was found from clustering size of 4 and clustering diameter of 333.
[INFO CTS-0205] Better solution may be possible if either -sink_clustering_size, -sink_clustering_max_diameter, or both options are omitted to enable automatic clustering.
[INFO CTS-0019]  Total number of sinks after clustering: 7.
[INFO CTS-0024]  Normalized sink region: [(14.7822, 26.2667), (289.553, 277.013)].
[INFO CTS-0025]     Width:  274.7704.
[INFO CTS-0026]     Height: 250.7467.
 Level 1
    Direction: Horizontal
    Sinks per sub-region: 4
    Sub-region size: 137.3852 X 250.7467
[INFO CTS-0034]     Segment length (rounded): 68.
 Level 2
    Direction: Vertical
    Sinks per sub-region: 2
    Sub-region size: 137.3852 X 125.3733
[INFO CTS-0034]     Segment length (rounded): 62.
 Level 3
    Direction: Horizontal
    Sinks per sub-region: 1
    Sub-region size: 68.6926 X 125.3733
[INFO CTS-0034]     Segment length (rounded): 34.
[INFO CTS-0038]  Stop criterion found. Sink region hpwl is smaller than max wirelength (137.460 um) and max number of sinks is 15.
[INFO CTS-0035]  Number of sinks covered: 7.
[INFO CTS-0201] 11 blockages from hard placement blockages and placed macros will be used.
[INFO CTS-0027] Generating H-Tree topology for net clk_regs.
[INFO CTS-0028]  Total number of sinks: 13869.
[INFO CTS-0090]  Sinks will be clustered based on buffer max cap.
[INFO CTS-0030]  Number of static layers: 0.
[INFO CTS-0020]  Wire segment unit: 1350  dbu (1 um).
[INFO CTS-0206] Best clustering solution was found from max clustering size of 26 and max clustering diameter of 77.
[INFO CTS-0019]  Total number of sinks after clustering: 754.
[INFO CTS-0024]  Normalized sink region: [(27.6585, 2.44904), (253.849, 295.184)].
[INFO CTS-0025]     Width:  226.1902.
[INFO CTS-0026]     Height: 292.7345.
 Level 1
    Direction: Vertical
    Sinks per sub-region: 377
    Sub-region size: 226.1902 X 146.3672
[INFO CTS-0034]     Segment length (rounded): 74.
 Level 2
    Direction: Horizontal
    Sinks per sub-region: 189
    Sub-region size: 113.0951 X 146.3672
[INFO CTS-0034]     Segment length (rounded): 56.
 Level 3
    Direction: Vertical
    Sinks per sub-region: 95
    Sub-region size: 113.0951 X 73.1836
[INFO CTS-0034]     Segment length (rounded): 36.
 Level 4
    Direction: Horizontal
    Sinks per sub-region: 48
    Sub-region size: 56.5476 X 73.1836
[INFO CTS-0034]     Segment length (rounded): 28.
 Level 5
    Direction: Vertical
    Sinks per sub-region: 24
    Sub-region size: 56.5476 X 36.5918
[INFO CTS-0034]     Segment length (rounded): 18.
 Level 6
    Direction: Horizontal
    Sinks per sub-region: 12
    Sub-region size: 28.2738 X 36.5918
[INFO CTS-0034]     Segment length (rounded): 14.
 Level 7
    Direction: Vertical
    Sinks per sub-region: 6
    Sub-region size: 28.2738 X 18.2959
[INFO CTS-0034]     Segment length (rounded): 10.
 Level 8
    Direction: Horizontal
    Sinks per sub-region: 3
    Sub-region size: 14.1369 X 18.2959
[INFO CTS-0034]     Segment length (rounded): 8.
 Level 9
    Direction: Vertical
    Sinks per sub-region: 2
    Sub-region size: 14.1369 X 9.1480
[INFO CTS-0034]     Segment length (rounded): 4.
[INFO CTS-0054]  Stop criterion found. Sink region hpwl (292.196 um) did not improve and max number of sinks is 15.
[INFO CTS-0035]  Number of sinks covered: 754.
[INFO CTS-0018]     Created 27 clock buffers.
[INFO CTS-0012]     Minimum number of buffers in the clock path: 7.
[INFO CTS-0013]     Maximum number of buffers in the clock path: 7.
[INFO CTS-0015]     Created 27 clock nets.
[INFO CTS-0016]     Fanout distribution for the current clock = 1:7, 4:7..
[INFO CTS-0017]     Max level of the clock tree: 3.
[INFO CTS-0018]     Created 1440 clock buffers.
[INFO CTS-0012]     Minimum number of buffers in the clock path: 11.
[INFO CTS-0013]     Maximum number of buffers in the clock path: 11.
[INFO CTS-0015]     Created 1440 clock nets.
[INFO CTS-0016]     Fanout distribution for the current clock = 1:260, 2:196, 3:34, 4:3, 5:3, 6:2, 7:1, 8:3, 9:4, 10:2, 11:5, 12:14, 13:20, 14:26, 15:41, 16:46, 17:71, 18:94, 19:107, 20:115, 21:82, 22:60, 23:33, 24:16, 25:2, 26:3..
[INFO CTS-0017]     Max level of the clock tree: 9.
[INFO CTS-0098] Clock net "clk"
[INFO CTS-0099]  Sinks 28
[INFO CTS-0100]  Leaf buffers 7
[INFO CTS-0101]  Average sink wire length 789.51 um
[INFO CTS-0102]  Path depth 7 - 7
[INFO CTS-0207]  Dummy loads inserted 0
[INFO CTS-0098] Clock net "clk_regs"
[INFO CTS-0099]  Sinks 14291
[INFO CTS-0100]  Leaf buffers 754
[INFO CTS-0101]  Average sink wire length 301.20 um
[INFO CTS-0102]  Path depth 9 - 11
[INFO CTS-0207]  Dummy loads inserted 422
[INFO RSZ-0047] Found 10 long wires.
[INFO RSZ-0048] Inserted 17 buffers in 10 nets.
[INFO CTS-0033] Balancing latency for clock core_clock
[INFO CTS-0036]  inserted 1 delay buffers
[INFO CTS-0037] Total number of delay buffers: 1
[INFO CTS-0500] Runtime: 26.25s
Took 27 seconds: clock_tree_synthesis -sink_clustering_enable -repair_clock_nets
estimate_parasitics -placement
detailed_placement
[INFO DPL-0006] Core area: 159788.05 um^2
[INFO DPL-0007] Movable instances area: 14405.68 um^2
[INFO DPL-0008] Fixed instances area within core: 34043.71 um^2
[INFO DPL-0009] Utilization: 30.3%
[INFO DPL-0005] Diamond search max displacement: +/- 500 sites horizontally, +/- 100 rows vertically.
[INFO DPL-1102] Legalizing using negotiation legalizer.
[INFO DPL-1103] Negotiation base search window: +/-20 sites horizontally, +/-5 rows vertically 
	Automatic search window extension enabled.
	Search window extendable up to the max displacement cap of +/-500 sites, +/-100 rows near walls.
[INFO DPL-1104] NegotiationLegalizer DRC penalty: 5.
[INFO DPL-0392] Negotiation cell height distribution (4 unique row-count(s)):
[INFO DPL-0393]   height 1 row(s): 122849 cells
[INFO DPL-0393]   height 42 row(s): 4 cells
[INFO DPL-0393]   height 156 row(s): 16 cells
[INFO DPL-0393]   height 618 row(s): 8 cells
          |      Total |  Illegal |  Illegal
Iteration | Violations |    Cells |    Sites
---------------------------------------------
        0 |          0 |         0 |         0
Negotiation phase 1 converged at iteration 0.
[INFO DPL-0500] Runtime: 1.30s
Placement Analysis
---------------------------------
total displacement      14924.1 u
average displacement        0.1 u
max displacement            4.5 u
original HPWL         1045909.6 u
legalized HPWL        1054455.6 u
delta HPWL                    1 %

estimate_parasitics -placement
repair_timing -setup_margin 0 -hold_margin 0 -repair_tns 100 -verbose
[INFO RSZ-0100] Repair move sequence: UnbufferMove SizeUpMove SwapPinsMove BufferMove CloneMove SplitLoadMove 
[INFO RSZ-0098] No setup violations found
[INFO RSZ-0505] Runtime: 16.28s
[INFO RSZ-0033] No hold violations found.
[INFO RSZ-0506] Runtime: 1.57s
Took 17 seconds: repair_timing -setup_margin 0 -hold_margin 0 -repair_tns 100 -verbose
Repair timing output passed lec test
detailed_placement
[INFO DPL-0006] Core area: 159788.05 um^2
[INFO DPL-0007] Movable instances area: 14405.68 um^2
[INFO DPL-0008] Fixed instances area within core: 34043.71 um^2
[INFO DPL-0009] Utilization: 30.3%
[INFO DPL-0005] Diamond search max displacement: +/- 500 sites horizontally, +/- 100 rows vertically.
[INFO DPL-1102] Legalizing using negotiation legalizer.
[INFO DPL-1103] Negotiation base search window: +/-20 sites horizontally, +/-5 rows vertically 
	Automatic search window extension enabled.
	Search window extendable up to the max displacement cap of +/-500 sites, +/-100 rows near walls.
[INFO DPL-1104] NegotiationLegalizer DRC penalty: 5.
[INFO DPL-0392] Negotiation cell height distribution (4 unique row-count(s)):
[INFO DPL-0393]   height 1 row(s): 122849 cells
[INFO DPL-0393]   height 42 row(s): 4 cells
[INFO DPL-0393]   height 156 row(s): 16 cells
[INFO DPL-0393]   height 618 row(s): 8 cells
[INFO DPL-0500] Runtime: 1.26s
Placement Analysis
---------------------------------
total displacement          0.0 u
average displacement        0.0 u
max displacement            0.0 u
original HPWL         1054455.6 u
legalized HPWL        1054455.6 u
delta HPWL                    0 %

estimate_parasitics -placement
Report metrics stage 4, cts final...

==========================================================================
cts final report_design_area
--------------------------------------------------------------------------
Design area 48449 um^2 30% utilization.
write_db /tmp/workspace/scripts-Private_test-fr_cugr_cmp-2-/results/asap7/swerv_wrapper/base/4_1_cts.odb
write_sdc -no_timestamp /tmp/workspace/scripts-Private_test-fr_cugr_cmp-2-/results/asap7/swerv_wrapper/base/4_cts.sdc
Elapsed time: 2:33.01[h:]min:sec. CPU time: user 797.56 sys 79.43 (573%). Peak memory: 2067884KB.
Log                       Ext     Elapsed/s Peak Memory/MB sha1sum result [0:20)
4_1_cts                   .odb          153           2019 caef69b092d8958f6894
cp /tmp/workspace/scripts-Private_test-fr_cugr_cmp-2-/results/asap7/swerv_wrapper/base/4_1_cts.odb /tmp/workspace/scripts-Private_test-fr_cugr_cmp-2-/results/asap7/swerv_wrapper/base/4_cts.odb
/OpenROAD-flow-scripts/flow/scripts/flow.sh 5_1_grt global_route
Running global_route.tcl, stage 5_1_grt
source ./platforms/asap7/liberty_suppressions.tcl
read_liberty ./platforms/asap7/lib/CCS/asap7sc7p5t_AO_RVT_FF_ccs_211120.lib.gz
Took 5 seconds: read_liberty ./platforms/asap7/lib/CCS/asap7sc7p5t_AO_RVT_FF_ccs_211120.lib.gz
read_liberty ./platforms/asap7/lib/CCS/asap7sc7p5t_INVBUF_RVT_FF_ccs_220122.lib.gz
read_liberty ./platforms/asap7/lib/CCS/asap7sc7p5t_OA_RVT_FF_ccs_211120.lib.gz
read_liberty ./platforms/asap7/lib/CCS/asap7sc7p5t_SIMPLE_RVT_FF_ccs_211120.lib.gz
read_liberty ./platforms/asap7/lib/CCS/asap7sc7p5t_SEQ_RVT_FF_ccs_220123.lib
read_liberty /OpenROAD-flow-scripts/flow/designs/asap7/swerv_wrapper/lib/fakeram7_2048x39.lib
read_liberty /OpenROAD-flow-scripts/flow/designs/asap7/swerv_wrapper/lib/fakeram7_256x34.lib
read_liberty /OpenROAD-flow-scripts/flow/designs/asap7/swerv_wrapper/lib/fakeram7_64x21.lib
read_db -hier /tmp/workspace/scripts-Private_test-fr_cugr_cmp-2-/results/asap7/swerv_wrapper/base/4_cts.odb
[WARNING ORD-0012] Hierarchical flow (-hier) is currently in development and may cause multiple issues. Do not use in production environments.
read_sdc /tmp/workspace/scripts-Private_test-fr_cugr_cmp-2-/results/asap7/swerv_wrapper/base/4_cts.sdc
source ./platforms/asap7/setRC.tcl
Using CCS delay calculation
set_delay_calculator prima
pin_access
[INFO DRT-0149] Reading tech and libs.

Units:                1000
Number of layers:     21
Number of macros:     215
Number of vias:       36
Number of viarulegen: 11

[INFO DRT-0150] Reading design.
[WARNING DRT-0120] Large net n12215 has 107 pins which may impact routing performance. Consider optimization.
[WARNING DRT-0120] Large net net35050 has 102 pins which may impact routing performance. Consider optimization.
[WARNING DRT-0120] Large net net33381 has 112 pins which may impact routing performance. Consider optimization.
[WARNING DRT-0120] Large net net34515 has 114 pins which may impact routing performance. Consider optimization.
[WARNING DRT-0120] Large net net34129 has 108 pins which may impact routing performance. Consider optimization.
[WARNING DRT-0120] Large net net33254 has 105 pins which may impact routing performance. Consider optimization.
[WARNING DRT-0120] Large net net33257 has 103 pins which may impact routing performance. Consider optimization.

Design:                   swerv_wrapper
Die area:                 ( 0 0 ) ( 401914 401914 )
Number of track patterns: 32
Number of DEF vias:       0
Number of components:     122877
Number of terminals:      1418
Number of snets:          2
Number of nets:           99903

[INFO DRT-0167] List of default vias:
  Layer V2
    default via: VIA23
  Layer V3
    default via: VIA34
  Layer V4
    default via: VIA45
  Layer V5
    default via: VIA56
  Layer V6
    default via: VIA67
  Layer V7
    default via: VIA78
  Layer V8
    default via: VIA89
  Layer V9
    default via: VIA9Pad
[INFO DRT-0162] Library cell analysis.
[INFO DRT-0163] Instance analysis.
  Complete 100000 instances.
[INFO DRT-0164] Number of unique instances = 330.
[INFO DRT-0168] Init region query.
[INFO DRT-0018]   Complete 100000 insts.
[INFO DRT-0024]   Complete Active.
[INFO DRT-0024]   Complete V0.
[INFO DRT-0024]   Complete M1.
[INFO DRT-0024]   Complete V1.
[INFO DRT-0024]   Complete M2.
[INFO DRT-0024]   Complete V2.
[INFO DRT-0024]   Complete M3.
[INFO DRT-0024]   Complete V3.
[INFO DRT-0024]   Complete M4.
[INFO DRT-0024]   Complete V4.
[INFO DRT-0024]   Complete M5.
[INFO DRT-0024]   Complete V5.
[INFO DRT-0024]   Complete M6.
[INFO DRT-0024]   Complete V6.
[INFO DRT-0024]   Complete M7.
[INFO DRT-0024]   Complete V7.
[INFO DRT-0024]   Complete M8.
[INFO DRT-0024]   Complete V8.
[INFO DRT-0024]   Complete M9.
[INFO DRT-0024]   Complete V9.
[INFO DRT-0024]   Complete Pad.
[INFO DRT-0033] Active shape region query size = 0.
[INFO DRT-0033] V0 shape region query size = 0.
[INFO DRT-0033] M1 shape region query size = 1943278.
[INFO DRT-0033] V1 shape region query size = 12449205.
[INFO DRT-0033] M2 shape region query size = 209400.
[INFO DRT-0033] V2 shape region query size = 242343.
[INFO DRT-0033] M3 shape region query size = 242371.
[INFO DRT-0033] V3 shape region query size = 161562.
[INFO DRT-0033] M4 shape region query size = 185358.
[INFO DRT-0033] V4 shape region query size = 193939.
[INFO DRT-0033] M5 shape region query size = 109517.
[INFO DRT-0033] V5 shape region query size = 21908.
[INFO DRT-0033] M6 shape region query size = 11250.
[INFO DRT-0033] V6 shape region query size = 0.
[INFO DRT-0033] M7 shape region query size = 0.
[INFO DRT-0033] V7 shape region query size = 0.
[INFO DRT-0033] M8 shape region query size = 0.
[INFO DRT-0033] V8 shape region query size = 0.
[INFO DRT-0033] M9 shape region query size = 0.
[INFO DRT-0033] V9 shape region query size = 0.
[INFO DRT-0033] Pad shape region query size = 0.
[INFO DRT-0165] Start pin access.
[INFO DRT-0076]   Complete 1000 pins.
[INFO DRT-0076]   Complete 2000 pins.
[INFO DRT-0076]   Complete 3000 pins.
[INFO DRT-0078]   Complete 3442 pins.
[INFO DRT-0079]   Complete 100 unique inst patterns.
[INFO DRT-0079]   Complete 200 unique inst patterns.
[INFO DRT-0079]   Complete 300 unique inst patterns.
[INFO DRT-0081]   Complete 306 unique inst patterns.
[INFO DRT-0082]   Complete 10000 groups.
[INFO DRT-0082]   Complete 20000 groups.
[INFO DRT-0082]   Complete 30000 groups.
[INFO DRT-0082]   Complete 40000 groups.
[INFO DRT-0082]   Complete 50000 groups.
[INFO DRT-0082]   Complete 60000 groups.
[INFO DRT-0082]   Complete 70000 groups.
[INFO DRT-0082]   Complete 80000 groups.
[INFO DRT-0084]   Complete 81571 groups.
#scanned instances     = 122877
#unique  instances     = 326
#stdCellGenAp          = 9210
#stdCellValidPlanarAp  = 88
#stdCellValidViaAp     = 7612
#stdCellPinNoAp        = 0
#stdCellPinCnt         = 355799
#instTermValidViaApCnt = 0
#macroGenAp            = 1572
#macroValidPlanarAp    = 1572
#macroValidViaAp       = 0
#macroNoAp             = 0
[INFO DRT-0166] Complete pin access.
[INFO DRT-0267] cpu time = 00:13:23, elapsed time = 00:00:27, memory = 1303.78 (MB), peak = 1727.36 (MB)
Took 30 seconds: pin_access
global_route -congestion_report_file /tmp/workspace/scripts-Private_test-fr_cugr_cmp-2-/reports/asap7/swerv_wrapper/base/congestion.rpt -congestion_iterations 10 -congestion_report_iter_step 5 -verbose -resistance_aware -use_cugr
[INFO GRT-0020] Min routing layer: M2
[INFO GRT-0021] Max routing layer: M7
[INFO GRT-0022] Global adjustment: 0%
[INFO GRT-0023] Grid origin: (0, 0)
[INFO GRT-0088] Layer M1      Track-Pitch = 0.0360  line-2-Via Pitch: 0.0360
[INFO GRT-0088] Layer M2      Track-Pitch = 0.0390  line-2-Via Pitch: 0.0360
[INFO GRT-0088] Layer M3      Track-Pitch = 0.0360  line-2-Via Pitch: 0.0360
[INFO GRT-0088] Layer M4      Track-Pitch = 0.0480  line-2-Via Pitch: 0.0480
[INFO GRT-0088] Layer M5      Track-Pitch = 0.0480  line-2-Via Pitch: 0.0480
[INFO GRT-0088] Layer M6      Track-Pitch = 0.0640  line-2-Via Pitch: 0.0640
[INFO GRT-0088] Layer M7      Track-Pitch = 0.0640  line-2-Via Pitch: 0.0640
[INFO GRT-0003] Macros: 28
[INFO GRT-0004] Blockages: 83847
[INFO GRT-0019] Found 1487 clock nets.
[INFO GRT-0001] Minimum degree: 2
[INFO GRT-0002] Maximum degree: 114
Design statistics
Nets:                99850
Special nets:        2
Routing layers:      7

[INFO GRT-0053] Routing resources analysis:
          Routing      Original      Derated      Resource
Layer     Direction    Resources     Resources    Reduction (%)
---------------------------------------------------------------
M1         Vertical            0             0          0.00%
M2         Horizontal    4991618       3993348          20.00%
M3         Vertical      6157131       4925842          20.00%
M4         Horizontal    4597643       3678114          20.00%
M5         Vertical      5375825       4300940          19.99%
M6         Horizontal    3733160       2988915          19.94%
M7         Vertical      4421120       3536896          20.00%
---------------------------------------------------------------

Stage 1: Pattern routing.
Stage 2: Resistance-aware re-route of critical nets.
Stage 3: Pattern routing with detours.
Stage 4: Maze routing on sparsified graph.
Stage 5: Iterative rip-up and re-route.
[INFO GRT-0117] Start extra iteration 1/10
[INFO GRT-0117] Start extra iteration 2/10
[INFO GRT-0117] Start extra iteration 3/10
[INFO GRT-0117] Start extra iteration 4/10
[INFO GRT-0117] Start extra iteration 5/10
[INFO GRT-0117] Start extra iteration 6/10
[INFO GRT-0117] Start extra iteration 7/10
[INFO GRT-0117] Start extra iteration 8/10
[INFO GRT-0117] Start extra iteration 9/10
[INFO GRT-0117] Start extra iteration 10/10
[WARNING GRT-0118] Iterative RRR finished with congestion remaining (434).
Routing statistics
Wire length:           31873926
Total via count:       809717
Total congestion:      435.80
Min resource:          -1.13
Bottleneck:            (4, 402, 172)
[INFO GRT-0130] CUGR congestion report:
Layer   Dir     Resource     Wire Dmd      Via Dmd    Total Dmd  Usage (%)   Wire Ovf    Via Ovf  Max Edge Ovf
--------------------------------------------------------------------------------------------------------------
M1        V         0.00         0.00         0.00         0.00       0.00       0.00       0.00          0.00
M2        H   3993347.93    474206.00     61179.37    535385.37      13.41      77.03      13.21          0.92
M3        V   4925841.88    820573.00     41042.44    861615.44      17.49      59.76       6.67          1.07
M4        H   3678114.20    287765.00     20453.90    308218.90       8.38       2.24     148.12          0.53
M5        V   4300940.29    237189.00     13505.51    250694.51       5.83       6.77       0.57          1.13
M6        H   2988914.79    275101.00      8466.26    283567.26       9.49       3.11     116.08          0.76
M7        V   3536895.99     87838.00      3771.74     91609.74       2.59       2.19       0.04          0.89
--------------------------------------------------------------------------------------------------------------
Total        23424055.08   2182672.00    148419.21   2331091.21       9.95     151.10     284.69          1.13
[INFO GRT-0018] Total wirelength: 14478433 um
[INFO GRT-0014] Routed nets: 99850
[WARNING GRT-0115] Global routing finished with congestion. Check the congestion regions in the DRC Viewer.
[INFO GRT-0303] Global routing runtime = 00:06:44
Took 405 seconds: global_route -congestion_report_file /tmp/workspace/scripts-Private_test-fr_cugr_cmp-2-/reports/asap7/swerv_wrapper/base/congestion.rpt -congestion_iterations 10 -congestion_report_iter_step 5 -verbose -resistance_aware -use_cugr
estimate_parasitics -global_routing
Perform buffer insertion and gate resizing...
repair_design -verbose
Iteration |   Area    | Resized | Buffers | Nets repaired | Remaining
---------------------------------------------------------------------
        0 |     +0.0% |       0 |       0 |             0 |    100315
     1000 |     +0.0% |       0 |       0 |             0 |     99315
     2000 |     +0.0% |       0 |       0 |             0 |     98315
     3000 |     +0.0% |       0 |       1 |             1 |     97315
     4000 |     +0.0% |       0 |       3 |             3 |     96315
     5000 |     +0.0% |       0 |       4 |             4 |     95315
     6000 |     +0.0% |       0 |       5 |             5 |     94315
     7000 |     +0.0% |       0 |       6 |             6 |     93315
     8000 |     +0.0% |       0 |       7 |             7 |     92315
     9000 |     +0.0% |       0 |      10 |            10 |     91315
    10000 |     +0.0% |       0 |      17 |            16 |     90315
    11000 |     +0.0% |       0 |      19 |            18 |     89315
    12000 |     +0.0% |       0 |      19 |            18 |     88315
    13000 |     +0.0% |       0 |      19 |            18 |     87315
    14000 |     +0.0% |       0 |      22 |            21 |     86315
    15000 |     +0.0% |       0 |      24 |            23 |     85315
    16000 |     +0.0% |       0 |      27 |            26 |     84315
    17000 |     +0.0% |       0 |      28 |            27 |     83315
    18000 |     +0.0% |       0 |      34 |            33 |     82315
    19000 |     +0.0% |       0 |      34 |            33 |     81315
    20000 |     +0.0% |       0 |      35 |            34 |     80315
    21000 |     +0.0% |       0 |      37 |            36 |     79315
    22000 |     +0.0% |       0 |      37 |            36 |     78315
    23000 |     +0.0% |       0 |      41 |            39 |     77315
    24000 |     +0.0% |       0 |      42 |            40 |     76315
    25000 |     +0.0% |       0 |      42 |            40 |     75315
    26000 |     +0.0% |       0 |      42 |            40 |     74315
    27000 |     +0.0% |       0 |      43 |            41 |     73315
    28000 |     +0.0% |       0 |      47 |            45 |     72315
    29000 |     +0.0% |       0 |      47 |            45 |     71315
    30000 |     +0.0% |       0 |      47 |            45 |     70315
    31000 |     +0.0% |       0 |      58 |            54 |     69315
    32000 |     +0.0% |       0 |      58 |            54 |     68315
    33000 |     +0.0% |       0 |      58 |            54 |     67315
    34000 |     +0.0% |       0 |      59 |            55 |     66315
    35000 |     +0.0% |       0 |      59 |            55 |     65315
    36000 |     +0.0% |       0 |      60 |            56 |     64315
    37000 |     +0.0% |       0 |      60 |            56 |     63315
    38000 |     +0.0% |       0 |      60 |            56 |     62315
    39000 |     +0.0% |       0 |      60 |            56 |     61315
    40000 |     +0.0% |       0 |      64 |            59 |     60315
    41000 |     +0.0% |       0 |      71 |            66 |     59315
    42000 |     +0.0% |       0 |      71 |            66 |     58315
    43000 |     +0.1% |       0 |      88 |            76 |     57315
    44000 |     +0.1% |       0 |      92 |            80 |     56315
    45000 |     +0.1% |       0 |      96 |            84 |     55315
    46000 |     +0.1% |       0 |      97 |            85 |     54315
    47000 |     +0.1% |       0 |      97 |            85 |     53315
    48000 |     +0.1% |       0 |      98 |            86 |     52315
    49000 |     +0.1% |       0 |      98 |            86 |     51315
    50000 |     +0.1% |       0 |      98 |            86 |     50315
    51000 |     +0.1% |       0 |      98 |            86 |     49315
    52000 |     +0.1% |       0 |      99 |            87 |     48315
    53000 |     +0.1% |       0 |      99 |            87 |     47315
    54000 |     +0.1% |       0 |      99 |            87 |     46315
    55000 |     +0.1% |       0 |      99 |            87 |     45315
    56000 |     +0.1% |       0 |     101 |            89 |     44315
    57000 |     +0.1% |       0 |     101 |            89 |     43315
    58000 |     +0.1% |       0 |     101 |            89 |     42315
    59000 |     +0.1% |       0 |     101 |            89 |     41315
    60000 |     +0.1% |       0 |     101 |            89 |     40315
    61000 |     +0.1% |       0 |     101 |            89 |     39315
    62000 |     +0.1% |       0 |     101 |            89 |     38315
    63000 |     +0.1% |       0 |     101 |            89 |     37315
    64000 |     +0.1% |       0 |     101 |            89 |     36315
    65000 |     +0.1% |       0 |     101 |            89 |     35315
    66000 |     +0.1% |       0 |     101 |            89 |     34315
    67000 |     +0.1% |       0 |     101 |            89 |     33315
    68000 |     +0.1% |       0 |     101 |            89 |     32315
    69000 |     +0.1% |       0 |     101 |            89 |     31315
    70000 |     +0.1% |       0 |     101 |            89 |     30315
    71000 |     +0.1% |       0 |     101 |            89 |     29315
    72000 |     +0.1% |       0 |     101 |            89 |     28315
    73000 |     +0.1% |       0 |     101 |            89 |     27315
    74000 |     +0.1% |       0 |     101 |            89 |     26315
    75000 |     +0.1% |       0 |     101 |            89 |     25315
    76000 |     +0.1% |       0 |     101 |            89 |     24315
    77000 |     +0.1% |       0 |     101 |            89 |     23315
    78000 |     +0.1% |       0 |     101 |            89 |     22315
    79000 |     +0.1% |       0 |     101 |            89 |     21315
    80000 |     +0.1% |       0 |     101 |            89 |     20315
    81000 |     +0.1% |       0 |     101 |            89 |     19315
    82000 |     +0.1% |       0 |     101 |            89 |     18315
    83000 |     +0.1% |       0 |     101 |            89 |     17315
    84000 |     +0.1% |       0 |     101 |            89 |     16315
    85000 |     +0.1% |       0 |     101 |            89 |     15315
    86000 |     +0.1% |       0 |     102 |            90 |     14315
    87000 |     +0.1% |       0 |     102 |            90 |     13315
    88000 |     +0.1% |       0 |     102 |            90 |     12315
    89000 |     +0.1% |       0 |     102 |            90 |     11315
    90000 |     +0.1% |       0 |     102 |            90 |     10315
    91000 |     +0.1% |       0 |     102 |            90 |      9315
    92000 |     +0.1% |       0 |     102 |            90 |      8315
    93000 |     +0.1% |       0 |     102 |            90 |      7315
    94000 |     +0.1% |       0 |     102 |            90 |      6315
    95000 |     +0.1% |       0 |     102 |            90 |      5315
    96000 |     +0.1% |       0 |     102 |            90 |      4315
    97000 |     +0.1% |       0 |     102 |            90 |      3315
    98000 |     +0.1% |       0 |     102 |            90 |      2315
    99000 |     +0.1% |       0 |     102 |            90 |      1315
[WARNING RSZ-0104] Net sb_axi_rresp[0] only has one pin. Check if it is intended to be dangling.
[WARNING RSZ-0104] Net sb_axi_rlast only has one pin. Check if it is intended to be dangling.
[WARNING RSZ-0104] Net sb_axi_rid only has one pin. Check if it is intended to be dangling.
[WARNING RSZ-0104] Net sb_axi_bresp[0] only has one pin. Check if it is intended to be dangling.
[WARNING RSZ-0104] Net sb_axi_bid only has one pin. Check if it is intended to be dangling.
[WARNING RSZ-0104] Net mbist_mode only has one pin. Check if it is intended to be dangling.
[WARNING RSZ-0104] Net lsu_axi_rlast only has one pin. Check if it is intended to be dangling.
   100000 |     +0.1% |       0 |     102 |            90 |       315
[WARNING RSZ-0104] Net ifu_axi_wready only has one pin. Check if it is intended to be dangling.
[WARNING RSZ-0104] Net ifu_axi_rlast only has one pin. Check if it is intended to be dangling.
[WARNING RSZ-0104] Net ifu_axi_bvalid only has one pin. Check if it is intended to be dangling.
[WARNING RSZ-0104] Net ifu_axi_bresp[1] only has one pin. Check if it is intended to be dangling.
[WARNING RSZ-0104] Net ifu_axi_bresp[0] only has one pin. Check if it is intended to be dangling.
[WARNING RSZ-0104] Net ifu_axi_bid[2] only has one pin. Check if it is intended to be dangling.
[WARNING RSZ-0104] Net ifu_axi_bid[1] only has one pin. Check if it is intended to be dangling.
[WARNING RSZ-0104] Net ifu_axi_bid[0] only has one pin. Check if it is intended to be dangling.
[WARNING RSZ-0104] Net ifu_axi_awready only has one pin. Check if it is intended to be dangling.
[WARNING RSZ-0104] Net dma_axi_wlast only has one pin. Check if it is intended to be dangling.
[WARNING RSZ-0104] Net dma_axi_awprot[2] only has one pin. Check if it is intended to be dangling.
[WARNING RSZ-0104] Net dma_axi_awprot[1] only has one pin. Check if it is intended to be dangling.
[WARNING RSZ-0104] Net dma_axi_awprot[0] only has one pin. Check if it is intended to be dangling.
[WARNING RSZ-0104] Net dma_axi_awlen[7] only has one pin. Check if it is intended to be dangling.
[WARNING RSZ-0104] Net dma_axi_awlen[6] only has one pin. Check if it is intended to be dangling.
[WARNING RSZ-0104] Net dma_axi_awlen[5] only has one pin. Check if it is intended to be dangling.
[WARNING RSZ-0104] Net dma_axi_awlen[4] only has one pin. Check if it is intended to be dangling.
[WARNING RSZ-0104] Net dma_axi_awlen[3] only has one pin. Check if it is intended to be dangling.
[WARNING RSZ-0104] Net dma_axi_awlen[2] only has one pin. Check if it is intended to be dangling.
[WARNING RSZ-0104] Net dma_axi_awlen[1] only has one pin. Check if it is intended to be dangling.
[WARNING RSZ-0104] Net dma_axi_awlen[0] only has one pin. Check if it is intended to be dangling.
[WARNING RSZ-0104] Net dma_axi_awburst[1] only has one pin. Check if it is intended to be dangling.
[WARNING RSZ-0104] Net dma_axi_awburst[0] only has one pin. Check if it is intended to be dangling.
[WARNING RSZ-0104] Net dma_axi_arprot[2] only has one pin. Check if it is intended to be dangling.
[WARNING RSZ-0104] Net dma_axi_arprot[1] only has one pin. Check if it is intended to be dangling.
[WARNING RSZ-0104] Net dma_axi_arprot[0] only has one pin. Check if it is intended to be dangling.
[WARNING RSZ-0104] Net dma_axi_arlen[7] only has one pin. Check if it is intended to be dangling.
[WARNING RSZ-0104] Net dma_axi_arlen[6] only has one pin. Check if it is intended to be dangling.
[WARNING RSZ-0104] Net dma_axi_arlen[5] only has one pin. Check if it is intended to be dangling.
[WARNING RSZ-0104] Net dma_axi_arlen[4] only has one pin. Check if it is intended to be dangling.
[WARNING RSZ-0104] Net dma_axi_arlen[3] only has one pin. Check if it is intended to be dangling.
[WARNING RSZ-0104] Net dma_axi_arlen[2] only has one pin. Check if it is intended to be dangling.
[WARNING RSZ-0104] Net dma_axi_arlen[1] only has one pin. Check if it is intended to be dangling.
[WARNING RSZ-0104] Net dma_axi_arlen[0] only has one pin. Check if it is intended to be dangling.
[WARNING RSZ-0104] Net dma_axi_arburst[1] only has one pin. Check if it is intended to be dangling.
[WARNING RSZ-0104] Net dma_axi_arburst[0] only has one pin. Check if it is intended to be dangling.
[WARNING GRT-0128] Incremental global routing finished with congestion. Check the congestion regions in the DRC Viewer.
    final |     +0.1% |       0 |     102 |            90 |         0
---------------------------------------------------------------------
[INFO RSZ-0034] Found 80 slew violations.
[INFO RSZ-0036] Found 12 capacitance violations.
[INFO RSZ-0038] Inserted 102 buffers in 90 nets.
[INFO RSZ-0504] Runtime: 413.97s
Took 414 seconds: repair_design -verbose
global_route -start_incremental
detailed_placement
[INFO DPL-0006] Core area: 159788.05 um^2
[INFO DPL-0007] Movable instances area: 14437.76 um^2
[INFO DPL-0008] Fixed instances area within core: 34043.71 um^2
[INFO DPL-0009] Utilization: 30.3%
[INFO DPL-0005] Diamond search max displacement: +/- 500 sites horizontally, +/- 100 rows vertically.
[INFO DPL-1102] Legalizing using negotiation legalizer.
[INFO DPL-1103] Negotiation base search window: +/-20 sites horizontally, +/-5 rows vertically 
	Automatic search window extension enabled.
	Search window extendable up to the max displacement cap of +/-500 sites, +/-100 rows near walls.
[INFO DPL-1104] NegotiationLegalizer DRC penalty: 5.
[INFO DPL-0392] Negotiation cell height distribution (4 unique row-count(s)):
[INFO DPL-0393]   height 1 row(s): 122951 cells
[INFO DPL-0393]   height 42 row(s): 4 cells
[INFO DPL-0393]   height 156 row(s): 16 cells
[INFO DPL-0393]   height 618 row(s): 8 cells
          |      Total |  Illegal |  Illegal
Iteration | Violations |    Cells |    Sites
---------------------------------------------
        0 |          0 |         0 |         0
Negotiation phase 1 converged at iteration 0.
[INFO DPL-0500] Runtime: 1.04s
Placement Analysis
---------------------------------
total displacement         56.8 u
average displacement        0.0 u
max displacement            6.0 u
original HPWL         1058715.4 u
legalized HPWL        1058742.3 u
delta HPWL                    0 %

global_route -end_incremental -resistance_aware -congestion_report_file /tmp/workspace/scripts-Private_test-fr_cugr_cmp-2-/reports/asap7/swerv_wrapper/base/congestion_post_repair_design.rpt
[WARNING GRT-0128] Incremental global routing finished with congestion. Check the congestion regions in the DRC Viewer.
[WARNING GRT-0115] Global routing finished with congestion. Check the congestion regions in the DRC Viewer.
Took 12 seconds: global_route -end_incremental -resistance_aware -congestion_report_file /tmp/workspace/scripts-Private_test-fr_cugr_cmp-2-/reports/asap7/swerv_wrapper/base/congestion_post_repair_design.rpt
Repair setup and hold violations...
estimate_parasitics -global_routing
repair_timing -setup_margin 0 -hold_margin 0 -repair_tns 100 -verbose
[INFO RSZ-0100] Repair move sequence: UnbufferMove SizeUpMove SwapPinsMove BufferMove CloneMove SplitLoadMove 
[INFO RSZ-0094] Found 65 endpoints with setup violations.
[INFO RSZ-0099] Repairing 65 out of 65 (100.00%) violating endpoints...
   Iter   | Removed | Resized | Inserted | Cloned |  Pin  |   Area   |    WNS   |   StTNS    |   EnTNS    |  Viol  |  Worst  
          | Buffers |  Gates  | Buffers  |  Gates | Swaps |          |          |            |            | Endpts | St/EnPt 
------------------------------------------------------------------------------------------------------------------------------
       0* |       0 |       0 |        0 |      0 |     0 |    +0.0% |  -17.486 |      -25.4 |     -501.1 |     65 | u77258/D
       2* |       0 |       1 |        0 |      0 |     0 |    +0.0% |    9.601 |        0.0 |        0.0 |     65 | u73129/D
       3* |       0 |       1 |        0 |      0 |     0 |    +0.0% |    9.601 |        0.0 |        0.0 |     65 | u73129/D
       4* |       0 |       1 |        0 |      0 |     0 |    +0.0% |    9.601 |        0.0 |        0.0 |     65 | u73129/D
       5* |       0 |       1 |        0 |      0 |     0 |    +0.0% |    9.601 |        0.0 |        0.0 |     65 | u73129/D
       6* |       0 |       1 |        0 |      0 |     0 |    +0.0% |    9.601 |        0.0 |        0.0 |     65 | u73129/D
       7* |       0 |       1 |        0 |      0 |     0 |    +0.0% |    9.601 |        0.0 |        0.0 |     65 | u73129/D
       8* |       0 |       1 |        0 |      0 |     0 |    +0.0% |    9.601 |        0.0 |        0.0 |     65 | u73129/D
       9* |       0 |       1 |        0 |      0 |     0 |    +0.0% |    9.601 |        0.0 |        0.0 |     65 | u73129/D
      10* |       0 |       1 |        0 |      0 |     0 |    +0.0% |    9.601 |        0.0 |        0.0 |     65 | u73129/D
      10* |       0 |       1 |        0 |      0 |     0 |    +0.0% |    9.601 |        0.0 |        0.0 |     65 | u73129/D
      11* |       0 |       1 |        0 |      0 |     0 |    +0.0% |    9.601 |        0.0 |        0.0 |     65 | u73129/D
      12* |       0 |       1 |        0 |      0 |     0 |    +0.0% |    9.601 |        0.0 |        0.0 |     65 | u73129/D
      13* |       0 |       1 |        0 |      0 |     0 |    +0.0% |    9.601 |        0.0 |        0.0 |     65 | u73129/D
      14* |       0 |       1 |        0 |      0 |     0 |    +0.0% |    9.601 |        0.0 |        0.0 |     65 | u73129/D
      15* |       0 |       1 |        0 |      0 |     0 |    +0.0% |    9.601 |        0.0 |        0.0 |     65 | u73129/D
      16* |       0 |       1 |        0 |      0 |     0 |    +0.0% |    9.601 |        0.0 |        0.0 |     65 | u73129/D
      17* |       0 |       1 |        0 |      0 |     0 |    +0.0% |    9.601 |        0.0 |        0.0 |     65 | u73129/D
      18* |       0 |       1 |        0 |      0 |     0 |    +0.0% |    9.601 |        0.0 |        0.0 |     65 | u73129/D
      19* |       0 |       1 |        0 |      0 |     0 |    +0.0% |    9.601 |        0.0 |        0.0 |     65 | u73129/D
      20* |       0 |       1 |        0 |      0 |     0 |    +0.0% |    9.601 |        0.0 |        0.0 |     65 | u73129/D
      20* |       0 |       1 |        0 |      0 |     0 |    +0.0% |    9.601 |        0.0 |        0.0 |     65 | u73129/D
      21* |       0 |       1 |        0 |      0 |     0 |    +0.0% |    9.601 |        0.0 |        0.0 |     65 | u73129/D
      22* |       0 |       1 |        0 |      0 |     0 |    +0.0% |    9.601 |        0.0 |        0.0 |     65 | u73129/D
      23* |       0 |       1 |        0 |      0 |     0 |    +0.0% |    9.601 |        0.0 |        0.0 |     65 | u73129/D
      24* |       0 |       1 |        0 |      0 |     0 |    +0.0% |    9.601 |        0.0 |        0.0 |     65 | u73129/D
      25* |       0 |       1 |        0 |      0 |     0 |    +0.0% |    9.601 |        0.0 |        0.0 |     65 | u73129/D
      26* |       0 |       1 |        0 |      0 |     0 |    +0.0% |    9.601 |        0.0 |        0.0 |     65 | u73129/D
      27* |       0 |       1 |        0 |      0 |     0 |    +0.0% |    9.601 |        0.0 |        0.0 |     65 | u73129/D
      28* |       0 |       1 |        0 |      0 |     0 |    +0.0% |    9.601 |        0.0 |        0.0 |     65 | u73129/D
      29* |       0 |       1 |        0 |      0 |     0 |    +0.0% |    9.601 |        0.0 |        0.0 |     65 | u73129/D
      30* |       0 |       1 |        0 |      0 |     0 |    +0.0% |    9.601 |        0.0 |        0.0 |     65 | u73129/D
      30* |       0 |       1 |        0 |      0 |     0 |    +0.0% |    9.601 |        0.0 |        0.0 |     65 | u73129/D
      31* |       0 |       1 |        0 |      0 |     0 |    +0.0% |    9.601 |        0.0 |        0.0 |     65 | u73129/D
      32* |       0 |       1 |        0 |      0 |     0 |    +0.0% |    9.601 |        0.0 |        0.0 |     65 | u73129/D
      33* |       0 |       1 |        0 |      0 |     0 |    +0.0% |    9.601 |        0.0 |        0.0 |     65 | u73129/D
      34* |       0 |       1 |        0 |      0 |     0 |    +0.0% |    9.601 |        0.0 |        0.0 |     65 | u73129/D
      35* |       0 |       1 |        0 |      0 |     0 |    +0.0% |    9.601 |        0.0 |        0.0 |     65 | u73129/D
      36* |       0 |       1 |        0 |      0 |     0 |    +0.0% |    9.601 |        0.0 |        0.0 |     65 | u73129/D
      37* |       0 |       1 |        0 |      0 |     0 |    +0.0% |    9.601 |        0.0 |        0.0 |     65 | u73129/D
      38* |       0 |       1 |        0 |      0 |     0 |    +0.0% |    9.601 |        0.0 |        0.0 |     65 | u73129/D
      39* |       0 |       1 |        0 |      0 |     0 |    +0.0% |    9.601 |        0.0 |        0.0 |     65 | u73129/D
      40* |       0 |       1 |        0 |      0 |     0 |    +0.0% |    9.601 |        0.0 |        0.0 |     65 | u73129/D
      40* |       0 |       1 |        0 |      0 |     0 |    +0.0% |    9.601 |        0.0 |        0.0 |     65 | u73129/D
      41* |       0 |       1 |        0 |      0 |     0 |    +0.0% |    9.601 |        0.0 |        0.0 |     65 | u73129/D
      42* |       0 |       1 |        0 |      0 |     0 |    +0.0% |    9.601 |        0.0 |        0.0 |     65 | u73129/D
      43* |       0 |       1 |        0 |      0 |     0 |    +0.0% |    9.601 |        0.0 |        0.0 |     65 | u73129/D
      44* |       0 |       1 |        0 |      0 |     0 |    +0.0% |    9.601 |        0.0 |        0.0 |     65 | u73129/D
      45* |       0 |       1 |        0 |      0 |     0 |    +0.0% |    9.601 |        0.0 |        0.0 |     65 | u73129/D
      46* |       0 |       1 |        0 |      0 |     0 |    +0.0% |    9.601 |        0.0 |        0.0 |     65 | u73129/D
      47* |       0 |       1 |        0 |      0 |     0 |    +0.0% |    9.601 |        0.0 |        0.0 |     65 | u73129/D
      48* |       0 |       1 |        0 |      0 |     0 |    +0.0% |    9.601 |        0.0 |        0.0 |     65 | u73129/D
      49* |       0 |       1 |        0 |      0 |     0 |    +0.0% |    9.601 |        0.0 |        0.0 |     65 | u73129/D
      50* |       0 |       1 |        0 |      0 |     0 |    +0.0% |    9.601 |        0.0 |        0.0 |     65 | u73129/D
      50* |       0 |       1 |        0 |      0 |     0 |    +0.0% |    9.601 |        0.0 |        0.0 |     65 | u73129/D
      51* |       0 |       1 |        0 |      0 |     0 |    +0.0% |    9.601 |        0.0 |        0.0 |     65 | u73129/D
      52* |       0 |       1 |        0 |      0 |     0 |    +0.0% |    9.601 |        0.0 |        0.0 |     65 | u73129/D
      53* |       0 |       1 |        0 |      0 |     0 |    +0.0% |    9.601 |        0.0 |        0.0 |     65 | u73129/D
      54* |       0 |       1 |        0 |      0 |     0 |    +0.0% |    9.601 |        0.0 |        0.0 |     65 | u73129/D
      55* |       0 |       1 |        0 |      0 |     0 |    +0.0% |    9.601 |        0.0 |        0.0 |     65 | u73129/D
      56* |       0 |       1 |        0 |      0 |     0 |    +0.0% |    9.601 |        0.0 |        0.0 |     65 | u73129/D
      57* |       0 |       1 |        0 |      0 |     0 |    +0.0% |    9.601 |        0.0 |        0.0 |     65 | u73129/D
      58* |       0 |       1 |        0 |      0 |     0 |    +0.0% |    9.601 |        0.0 |        0.0 |     65 | u73129/D
      59* |       0 |       1 |        0 |      0 |     0 |    +0.0% |    9.601 |        0.0 |        0.0 |     65 | u73129/D
      60* |       0 |       1 |        0 |      0 |     0 |    +0.0% |    9.601 |        0.0 |        0.0 |     65 | u73129/D
      60* |       0 |       1 |        0 |      0 |     0 |    +0.0% |    9.601 |        0.0 |        0.0 |     65 | u73129/D
      61* |       0 |       1 |        0 |      0 |     0 |    +0.0% |    9.601 |        0.0 |        0.0 |     65 | u73129/D
      62* |       0 |       1 |        0 |      0 |     0 |    +0.0% |    9.601 |        0.0 |        0.0 |     65 | u73129/D
      63* |       0 |       1 |        0 |      0 |     0 |    +0.0% |    9.601 |        0.0 |        0.0 |     65 | u73129/D
      64* |       0 |       1 |        0 |      0 |     0 |    +0.0% |    9.601 |        0.0 |        0.0 |     65 | u73129/D
      65* |       0 |       1 |        0 |      0 |     0 |    +0.0% |    9.601 |        0.0 |        0.0 |     65 | u73129/D
      66* |       0 |       1 |        0 |      0 |     0 |    +0.0% |    9.601 |        0.0 |        0.0 |     65 | u73129/D
      66* |       0 |       1 |        0 |      0 |     0 |    +0.0% |    9.601 |        0.0 |        0.0 |     65 | u73129/D
    final |       0 |       1 |        0 |      0 |     0 |    +0.0% |    9.601 |        0.0 |        0.0 |      0 | u73129/D
------------------------------------------------------------------------------------------------------------------------------
[INFO RSZ-0051] Resized 1 instances: 1 up, 0 up match, 0 down, 0 VT
[WARNING GRT-0128] Incremental global routing finished with congestion. Check the congestion regions in the DRC Viewer.
[INFO RSZ-0505] Runtime: 36.55s
[INFO RSZ-0046] Found 29 endpoints with hold violations.
Iteration | Resized | Buffers | Cloned Gates |   Area   |   WNS   |   TNS   | Endpoint
--------------------------------------------------------------------------------------
        0 |       0 |       0 |            0 |    +0.0% | -33.803 | -460.417 | u49746/we_in
/usr/include/c++/11/bits/stl_vector.h:1045: std::vector<_Tp, _Alloc>::reference std::vector<_Tp, _Alloc>::operator[](std::vector<_Tp, _Alloc>::size_type) [with _Tp = std::array<double, 3>; _Alloc = std::allocator<std::array<double, 3> >; std::vector<_Tp, _Alloc>::reference = std::array<double, 3>&; std::vector<_Tp, _Alloc>::size_type = long unsigned int]: Assertion '__n < this->size()' failed.
Signal 6 received
Stack trace:
 0# 0x0000000000F1DB47 in /OpenROAD-flow-scripts/tools/install/OpenROAD/bin/openroad
 1# 0x0000000000042520 in /lib/x86_64-linux-gnu/libc.so.6
 2# pthread_kill in /lib/x86_64-linux-gnu/libc.so.6
 3# raise in /lib/x86_64-linux-gnu/libc.so.6
 4# abort in /lib/x86_64-linux-gnu/libc.so.6
 5# 0x0000000000F12DE8 in /OpenROAD-flow-scripts/tools/install/OpenROAD/bin/openroad
 6# sta::PrimaDelayCalc::dcalcResults() in /OpenROAD-flow-scripts/tools/install/OpenROAD/bin/openroad
 7# sta::PrimaDelayCalc::gateDelays(std::vector<sta::ArcDcalcArg, std::allocator<sta::ArcDcalcArg> >&, std::map<sta::Pin const*, unsigned long, sta::PinIdLess, std::allocator<std::pair<sta::Pin const* const, unsigned long> > > const&, sta::Scene const*, sta::MinMax const*) in /OpenROAD-flow-scripts/tools/install/OpenROAD/bin/openroad
 8# sta::PrimaDelayCalc::gateDelay(sta::Pin const*, sta::TimingArc const*, sta::Delay const&, float, sta::Parasitic const*, std::map<sta::Pin const*, unsigned long, sta::PinIdLess, std::allocator<std::pair<sta::Pin const* const, unsigned long> > > const&, sta::Scene const*, sta::MinMax const*) in /OpenROAD-flow-scripts/tools/install/OpenROAD/bin/openroad
 9# sta::GraphDelayCalc::findDriverArcDelays(sta::Vertex*, sta::MultiDrvrNet const*, sta::Edge*, sta::TimingArc const*, sta::Scene const*, sta::MinMax const*, sta::ArcDelayCalc*, std::map<sta::Pin const*, unsigned long, sta::PinIdLess, std::allocator<std::pair<sta::Pin const* const, unsigned long> > >&) in /OpenROAD-flow-scripts/tools/install/OpenROAD/bin/openroad
10# sta::GraphDelayCalc::findDriverEdgeDelays(sta::Vertex*, sta::MultiDrvrNet const*, sta::Edge*, sta::ArcDelayCalc*, std::map<sta::Pin const*, unsigned long, sta::PinIdLess, std::allocator<std::pair<sta::Pin const* const, unsigned long> > >&, std::array<bool, 2ul>&) in /OpenROAD-flow-scripts/tools/install/OpenROAD/bin/openroad
11# sta::GraphDelayCalc::findDriverDelays1(sta::Vertex*, sta::MultiDrvrNet*, sta::ArcDelayCalc*, std::map<sta::Pin const*, unsigned long, sta::PinIdLess, std::allocator<std::pair<sta::Pin const* const, unsigned long> > >&) in /OpenROAD-flow-scripts/tools/install/OpenROAD/bin/openroad
12# sta::GraphDelayCalc::findDriverDelays(sta::Vertex*, sta::ArcDelayCalc*, std::map<sta::Pin const*, unsigned long, sta::PinIdLess, std::allocator<std::pair<sta::Pin const* const, unsigned long> > >&) in /OpenROAD-flow-scripts/tools/install/OpenROAD/bin/openroad
13# sta::GraphDelayCalc::findVertexDelay(sta::Vertex*, sta::ArcDelayCalc*) in /OpenROAD-flow-scripts/tools/install/OpenROAD/bin/openroad
14# 0x0000000003E37F1C in /OpenROAD-flow-scripts/tools/install/OpenROAD/bin/openroad
15# sta::GraphDelayCalc::findDelays(int) in /OpenROAD-flow-scripts/tools/install/OpenROAD/bin/openroad
16# sta::Sta::searchPreamble() in /OpenROAD-flow-scripts/tools/install/OpenROAD/bin/openroad
17# sta::Sta::findRequired(sta::Vertex*) in /OpenROAD-flow-scripts/tools/install/OpenROAD/bin/openroad
18# 0x0000000003E4FC94 in /OpenROAD-flow-scripts/tools/install/OpenROAD/bin/openroad
19# sta::Sta::slack(sta::Net const*, sta::MinMax const*) in /OpenROAD-flow-scripts/tools/install/OpenROAD/bin/openroad
20# grt::CUGR::patternRoute(std::vector<int, std::allocator<int> >&) in /OpenROAD-flow-scripts/tools/install/OpenROAD/bin/openroad
21# grt::CUGR::route(bool) in /OpenROAD-flow-scripts/tools/install/OpenROAD/bin/openroad
22# grt::GlobalRouter::findRoutingCugr(std::vector<grt::Net*, std::allocator<grt::Net*> >&, bool) in /OpenROAD-flow-scripts/tools/install/OpenROAD/bin/openroad
23# grt::GlobalRouter::updateDirtyRoutesCugr(bool) in /OpenROAD-flow-scripts/tools/install/OpenROAD/bin/openroad
24# grt::GlobalRouter::updateDirtyRoutes(bool) in /OpenROAD-flow-scripts/tools/install/OpenROAD/bin/openroad
25# est::EstimateParasitics::updateParasitics() in /OpenROAD-flow-scripts/tools/install/OpenROAD/bin/openroad
26# rsz::RepairHold::makeHoldDelay(sta::Vertex*, std::vector<sta::Pin const*, std::allocator<sta::Pin const*> >&, bool, sta::LibertyCell*, odb::Point const&) in /OpenROAD-flow-scripts/tools/install/OpenROAD/bin/openroad
27# rsz::RepairHold::repairEndHold(sta::Vertex*, sta::LibertyCell*, double, double, bool) in /OpenROAD-flow-scripts/tools/install/OpenROAD/bin/openroad
28# rsz::RepairHold::repairHoldPass(std::vector<sta::Vertex*, std::allocator<sta::Vertex*> >&, sta::LibertyCell*, double, double, bool, int, bool, int&) in /OpenROAD-flow-scripts/tools/install/OpenROAD/bin/openroad
29# rsz::RepairHold::repairHold(std::vector<sta::Vertex*, std::allocator<sta::Vertex*> >&, sta::LibertyCell*, double, double, bool, int, int, int, bool) in /OpenROAD-flow-scripts/tools/install/OpenROAD/bin/openroad
30# rsz::RepairHold::repairHold(double, double, bool, float, int, int, bool) in /OpenROAD-flow-scripts/tools/install/OpenROAD/bin/openroad
31# rsz::Resizer::repairHold(double, double, bool, float, int, int, bool, bool) in /OpenROAD-flow-scripts/tools/install/OpenROAD/bin/openroad
32# 0x000000000100CACB in /OpenROAD-flow-scripts/tools/install/OpenROAD/bin/openroad
33# TclNRRunCallbacks in /lib/x86_64-linux-gnu/libtcl8.6.so
34# 0x000000000003E028 in /lib/x86_64-linux-gnu/libtcl8.6.so
35# Tcl_EvalEx in /lib/x86_64-linux-gnu/libtcl8.6.so
36# Tcl_Eval in /lib/x86_64-linux-gnu/libtcl8.6.so
37# sta::sourceTclFile(char const*, bool, bool, Tcl_Interp*) in /OpenROAD-flow-scripts/tools/install/OpenROAD/bin/openroad
38# 0x0000000003E20EB0 in /OpenROAD-flow-scripts/tools/install/OpenROAD/bin/openroad
39# ord::tclAppInit(Tcl_Interp*) in /OpenROAD-flow-scripts/tools/install/OpenROAD/bin/openroad
40# Tcl_MainEx in /lib/x86_64-linux-gnu/libtcl8.6.so
41# main in /OpenROAD-flow-scripts/tools/install/OpenROAD/bin/openroad
42# 0x0000000000029D90 in /lib/x86_64-linux-gnu/libc.so.6
43# __libc_start_main in /lib/x86_64-linux-gnu/libc.so.6
44# _start in /OpenROAD-flow-scripts/tools/install/OpenROAD/bin/openroad
Elapsed time: 15:28.91[h:]min:sec. CPU time: user 13313.15 sys 237.02 (1458%). Peak memory: 3945008KB.
make[1]: *** [Makefile:581: do-5_1_grt] Error 250
make: *** [Makefile:581: /tmp/workspace/scripts-Private_test-fr_cugr_cmp-2-/results/asap7/swerv_wrapper/base/5_1_grt.odb] Error 2
/OpenROAD-flow-scripts/flow/util/makeIssue.sh /tmp/workspace/scripts-Private_test-fr_cugr_cmp-2-/final_report
Creating issue for target final_report in /tmp/workspace/scripts-Private_test-fr_cugr_cmp-2-
Archiving issue to /tmp/workspace/scripts-Private_test-fr_cugr_cmp-2-/final_report_swerv_wrapper_asap7_base_2026-08-20_05-00.tar.gz
Using gzip to compress tar file
tar: Removing leading `/' from member names
tar: Removing leading `/' from hard link targets
