rm -f /tmp/workspace/scripts-Private_test-fr_cugr_cmp-1-/results/asap7/cva6/base/1_* /tmp/workspace/scripts-Private_test-fr_cugr_cmp-1-/results/asap7/cva6/base/mem*.json
rm -rf /tmp/workspace/scripts-Private_test-fr_cugr_cmp-1-/results/asap7/cva6/base/memories
rm -f /tmp/workspace/scripts-Private_test-fr_cugr_cmp-1-/reports/asap7/cva6/base/synth_*
rm -f /tmp/workspace/scripts-Private_test-fr_cugr_cmp-1-/logs/asap7/cva6/base/1_*
rm -f 
rm -f /tmp/workspace/scripts-Private_test-fr_cugr_cmp-1-/results/asap7/cva6/base/clock_period.txt
rm -f /tmp/workspace/scripts-Private_test-fr_cugr_cmp-1-/results/asap7/cva6/base/2_*floorplan*.odb /tmp/workspace/scripts-Private_test-fr_cugr_cmp-1-/results/asap7/cva6/base/2_floorplan.sdc /tmp/workspace/scripts-Private_test-fr_cugr_cmp-1-/results/asap7/cva6/base/2_*.v /tmp/workspace/scripts-Private_test-fr_cugr_cmp-1-/results/asap7/cva6/base/2_*.def
rm -f /tmp/workspace/scripts-Private_test-fr_cugr_cmp-1-/reports/asap7/cva6/base/2_*
rm -f /tmp/workspace/scripts-Private_test-fr_cugr_cmp-1-/logs/asap7/cva6/base/2_*
rm -f /tmp/workspace/scripts-Private_test-fr_cugr_cmp-1-/results/asap7/cva6/base/3_*place*.odb
rm -f /tmp/workspace/scripts-Private_test-fr_cugr_cmp-1-/results/asap7/cva6/base/3_place.sdc
rm -f /tmp/workspace/scripts-Private_test-fr_cugr_cmp-1-/results/asap7/cva6/base/3_*.def /tmp/workspace/scripts-Private_test-fr_cugr_cmp-1-/results/asap7/cva6/base/3_*.v
rm -f /tmp/workspace/scripts-Private_test-fr_cugr_cmp-1-/reports/asap7/cva6/base/3_*
rm -f /tmp/workspace/scripts-Private_test-fr_cugr_cmp-1-/logs/asap7/cva6/base/3_*
rm -rf /tmp/workspace/scripts-Private_test-fr_cugr_cmp-1-/results/asap7/cva6/base/4_*cts*.odb /tmp/workspace/scripts-Private_test-fr_cugr_cmp-1-/results/asap7/cva6/base/4_cts.sdc /tmp/workspace/scripts-Private_test-fr_cugr_cmp-1-/results/asap7/cva6/base/4_*.v /tmp/workspace/scripts-Private_test-fr_cugr_cmp-1-/results/asap7/cva6/base/4_*.def
rm -f  /tmp/workspace/scripts-Private_test-fr_cugr_cmp-1-/reports/asap7/cva6/base/4_*
rm -rf /tmp/workspace/scripts-Private_test-fr_cugr_cmp-1-/logs/asap7/cva6/base/4_*
rm -rf /tmp/workspace/scripts-Private_test-fr_cugr_cmp-1-/results/asap7/cva6/base/route.guide /tmp/workspace/scripts-Private_test-fr_cugr_cmp-1-/results/asap7/cva6/base/output_guide.mod /tmp/workspace/scripts-Private_test-fr_cugr_cmp-1-/results/asap7/cva6/base/updated_clks.sdc
rm -rf /tmp/workspace/scripts-Private_test-fr_cugr_cmp-1-/results/asap7/cva6/base/5_*.odb /tmp/workspace/scripts-Private_test-fr_cugr_cmp-1-/results/asap7/cva6/base/5_route.sdc /tmp/workspace/scripts-Private_test-fr_cugr_cmp-1-/results/asap7/cva6/base/5_*.def /tmp/workspace/scripts-Private_test-fr_cugr_cmp-1-/results/asap7/cva6/base/5_*.v
rm -f  /tmp/workspace/scripts-Private_test-fr_cugr_cmp-1-/reports/asap7/cva6/base/5_*
rm -f  /tmp/workspace/scripts-Private_test-fr_cugr_cmp-1-/logs/asap7/cva6/base/5_*
rm -rf /tmp/workspace/scripts-Private_test-fr_cugr_cmp-1-/results/asap7/cva6/base/6_*.gds /tmp/workspace/scripts-Private_test-fr_cugr_cmp-1-/results/asap7/cva6/base/6_*.oas /tmp/workspace/scripts-Private_test-fr_cugr_cmp-1-/results/asap7/cva6/base/6_*.odb /tmp/workspace/scripts-Private_test-fr_cugr_cmp-1-/results/asap7/cva6/base/6_*.v /tmp/workspace/scripts-Private_test-fr_cugr_cmp-1-/results/asap7/cva6/base/6_*.def /tmp/workspace/scripts-Private_test-fr_cugr_cmp-1-/results/asap7/cva6/base/6_*.sdc /tmp/workspace/scripts-Private_test-fr_cugr_cmp-1-/results/asap7/cva6/base/6_*.spef
rm -rf /tmp/workspace/scripts-Private_test-fr_cugr_cmp-1-/reports/asap7/cva6/base/6_*.rpt
rm -f  /tmp/workspace/scripts-Private_test-fr_cugr_cmp-1-/logs/asap7/cva6/base/6_*
rm -f /tmp/workspace/scripts-Private_test-fr_cugr_cmp-1-/reports/asap7/cva6/base/design-dir.txt
rm -f /tmp/workspace/scripts-Private_test-fr_cugr_cmp-1-/reports/asap7/cva6/base/metadata*.*
rm -f /tmp/workspace/scripts-Private_test-fr_cugr_cmp-1-/results/asap7/cva6/base/cva6.lib /tmp/workspace/scripts-Private_test-fr_cugr_cmp-1-/results/asap7/cva6/base/cva6.lef
rm -rf /tmp/workspace/scripts-Private_test-fr_cugr_cmp-1-/objects/asap7/cva6/base
make: Nothing to be done for 'clean_metadata'.
mkdir -p /tmp/workspace/scripts-Private_test-fr_cugr_cmp-1-/results/asap7/cva6/base/
echo 1000 > /tmp/workspace/scripts-Private_test-fr_cugr_cmp-1-/results/asap7/cva6/base/clock_period.txt
/OpenROAD-flow-scripts/flow/scripts/synth.sh /OpenROAD-flow-scripts/flow/scripts/synth_canonicalize.tcl /tmp/workspace/scripts-Private_test-fr_cugr_cmp-1-/logs/asap7/cva6/base/1_1_yosys_canonicalize.log
Using ABC speed script.
Extracting clock period from SDC file: /tmp/workspace/scripts-Private_test-fr_cugr_cmp-1-/results/asap7/cva6/base/clock_period.txt
Setting clock period to 1000
1. Executing Liberty frontend: ./platforms/asap7/lib/NLDM/asap7sc7p5t_AO_RVT_FF_nldm_211120.lib.gz
2. Executing Liberty frontend: ./platforms/asap7/lib/NLDM/asap7sc7p5t_INVBUF_RVT_FF_nldm_220122.lib.gz
3. Executing Liberty frontend: ./platforms/asap7/lib/NLDM/asap7sc7p5t_OA_RVT_FF_nldm_211120.lib.gz
4. Executing Liberty frontend: ./platforms/asap7/lib/NLDM/asap7sc7p5t_SIMPLE_RVT_FF_nldm_211120.lib.gz
5. Executing Liberty frontend: ./platforms/asap7/lib/NLDM/asap7sc7p5t_SEQ_RVT_FF_nldm_220123.lib
6. Executing Liberty frontend: ./platforms/asap7/lib/NLDM/asap7sc7p5t_AO_LVT_FF_nldm_211120.lib.gz
7. Executing Liberty frontend: ./platforms/asap7/lib/NLDM/asap7sc7p5t_INVBUF_LVT_FF_nldm_220122.lib.gz
8. Executing Liberty frontend: ./platforms/asap7/lib/NLDM/asap7sc7p5t_OA_LVT_FF_nldm_211120.lib.gz
9. Executing Liberty frontend: ./platforms/asap7/lib/NLDM/asap7sc7p5t_SIMPLE_LVT_FF_nldm_211120.lib.gz
10. Executing Liberty frontend: ./platforms/asap7/lib/NLDM/asap7sc7p5t_SEQ_LVT_FF_nldm_220123.lib
11. Executing Liberty frontend: ./platforms/asap7/lib/NLDM/asap7sc7p5t_AO_SLVT_FF_nldm_211120.lib.gz
12. Executing Liberty frontend: ./platforms/asap7/lib/NLDM/asap7sc7p5t_INVBUF_SLVT_FF_nldm_220122.lib.gz
13. Executing Liberty frontend: ./platforms/asap7/lib/NLDM/asap7sc7p5t_OA_SLVT_FF_nldm_211120.lib.gz
14. Executing Liberty frontend: ./platforms/asap7/lib/NLDM/asap7sc7p5t_SIMPLE_SLVT_FF_nldm_211120.lib.gz
15. Executing Liberty frontend: ./platforms/asap7/lib/NLDM/asap7sc7p5t_SEQ_SLVT_FF_nldm_220123.lib
16. Executing Liberty frontend: ./platforms/asap7/lib/NLDM/fakeram7_64x256.lib
17. Executing Liberty frontend: ./platforms/asap7/lib/NLDM/fakeram7_128x64.lib
18. Executing Liberty frontend: ./platforms/asap7/lib/NLDM/fakeram7_64x28.lib
19. Executing Liberty frontend: ./platforms/asap7/lib/NLDM/fakeram7_64x25.lib
20. Executing Liberty frontend: ./platforms/asap7/lib/NLDM/asap7sc7p5t_AO_RVT_FF_nldm_211120.lib.gz
21. Executing Liberty frontend: ./platforms/asap7/lib/NLDM/asap7sc7p5t_INVBUF_RVT_FF_nldm_220122.lib.gz
22. Executing Liberty frontend: ./platforms/asap7/lib/NLDM/asap7sc7p5t_OA_RVT_FF_nldm_211120.lib.gz
23. Executing Liberty frontend: ./platforms/asap7/lib/NLDM/asap7sc7p5t_SIMPLE_RVT_FF_nldm_211120.lib.gz
24. Executing Liberty frontend: ./platforms/asap7/lib/NLDM/asap7sc7p5t_SEQ_RVT_FF_nldm_220123.lib
25. Executing Liberty frontend: ./platforms/asap7/lib/NLDM/asap7sc7p5t_AO_LVT_FF_nldm_211120.lib.gz
26. Executing Liberty frontend: ./platforms/asap7/lib/NLDM/asap7sc7p5t_INVBUF_LVT_FF_nldm_220122.lib.gz
27. Executing Liberty frontend: ./platforms/asap7/lib/NLDM/asap7sc7p5t_OA_LVT_FF_nldm_211120.lib.gz
28. Executing Liberty frontend: ./platforms/asap7/lib/NLDM/asap7sc7p5t_SIMPLE_LVT_FF_nldm_211120.lib.gz
29. Executing Liberty frontend: ./platforms/asap7/lib/NLDM/asap7sc7p5t_SEQ_LVT_FF_nldm_220123.lib
30. Executing Liberty frontend: ./platforms/asap7/lib/NLDM/asap7sc7p5t_AO_SLVT_FF_nldm_211120.lib.gz
31. Executing Liberty frontend: ./platforms/asap7/lib/NLDM/asap7sc7p5t_INVBUF_SLVT_FF_nldm_220122.lib.gz
32. Executing Liberty frontend: ./platforms/asap7/lib/NLDM/asap7sc7p5t_OA_SLVT_FF_nldm_211120.lib.gz
33. Executing Liberty frontend: ./platforms/asap7/lib/NLDM/asap7sc7p5t_SIMPLE_SLVT_FF_nldm_211120.lib.gz
34. Executing Liberty frontend: ./platforms/asap7/lib/NLDM/asap7sc7p5t_SEQ_SLVT_FF_nldm_220123.lib
35. Executing Liberty frontend: ./platforms/asap7/lib/NLDM/fakeram7_64x256.lib
36. Executing Liberty frontend: ./platforms/asap7/lib/NLDM/fakeram7_128x64.lib
37. Executing Liberty frontend: ./platforms/asap7/lib/NLDM/fakeram7_64x28.lib
38. Executing Liberty frontend: ./platforms/asap7/lib/NLDM/fakeram7_64x25.lib
39. Executing SLANG frontend.
39.1. Executing PROC_CLEAN pass (remove empty switches from decision trees).
39.2. Executing TRIBUF pass.
39.3. Executing PROC_RMDEAD pass (remove dead branches from decision trees).
39.4. Executing PROC_PRUNE pass (remove redundant assignments in processes).
39.5. Executing PROC_INIT pass (extract init attributes).
39.6. Executing PROC_ROM pass (convert switches to ROMs).
39.7. Executing PROC_MUX pass (convert decision trees to multiplexers).
39.8. Executing PROC_CLEAN pass (remove empty switches from decision trees).
39.9. Executing OPT_EXPR pass (perform const folding).
40. Executing HIERARCHY pass (managing design hierarchy).
40.1. Analyzing design hierarchy..
40.2. Analyzing design hierarchy..
source /OpenROAD-flow-scripts/flow/designs/asap7/cva6/canonicalize.tcl
41. Executing OPT_CLEAN pass (remove unused cells and wires).
42. Executing RTLIL backend.
End of script. Logfile hash: ba456eb10b, time: 3.53s, user: 3.47s, system: 0.14s, MEM: 303.59 MB peak
Yosys 0.68+post (git sha1 UNKNOWN, Release, GNU /usr/local/bin/wrapped-cc/g++ 11.4.0)
Time spent: 41% 40x read_liberty (1 sec), 25% 1x opt_clean (0 sec), ...
Elapsed time: 0:03.59[h:]min:sec. CPU time: user 3.53 sys 0.14 (102%). Peak memory: 310880KB.
Log                       Ext     Elapsed/s Peak Memory/MB sha1sum result [0:20)
1_1_yosys_canonicalize    .rtlil          3            303 8546daa9fab20173e2a1
/OpenROAD-flow-scripts/flow/scripts/synth.sh /OpenROAD-flow-scripts/flow/scripts/synth.tcl /tmp/workspace/scripts-Private_test-fr_cugr_cmp-1-/logs/asap7/cva6/base/1_2_yosys.log
Using ABC speed script.
Extracting clock period from SDC file: /tmp/workspace/scripts-Private_test-fr_cugr_cmp-1-/results/asap7/cva6/base/clock_period.txt
Setting clock period to 1000
1. Executing RTLIL frontend.
2. Executing HIERARCHY pass (managing design hierarchy).
2.1. Analyzing design hierarchy..
2.2. Analyzing design hierarchy..
3. Executing SYNTH pass.
3.1. Executing HIERARCHY pass (managing design hierarchy).
3.1.1. Analyzing design hierarchy..
3.1.2. Analyzing design hierarchy..
3.2. Executing PROC pass (convert processes to netlists).
3.2.1. Executing PROC_CLEAN pass (remove empty switches from decision trees).
3.2.2. Executing PROC_RMDEAD pass (remove dead branches from decision trees).
3.2.3. Executing PROC_PRUNE pass (remove redundant assignments in processes).
3.2.4. Executing PROC_INIT pass (extract init attributes).
3.2.5. Executing PROC_ARST pass (detect async resets in processes).
3.2.6. Executing PROC_ROM pass (convert switches to ROMs).
3.2.7. Executing PROC_MUX pass (convert decision trees to multiplexers).
3.2.8. Executing PROC_DLATCH pass (convert process syncs to latches).
3.2.9. Executing PROC_DFF pass (convert process syncs to FFs).
3.2.10. Executing PROC_MEMWR pass (convert process memory writes to cells).
3.2.11. Executing PROC_CLEAN pass (remove empty switches from decision trees).
3.2.12. Executing OPT_EXPR pass (perform const folding).
3.3. Executing CHECK pass (checking for obvious problems).
3.4. Executing FLATTEN pass (flatten design).
3.5. Executing OPT_EXPR pass (perform const folding).
3.6. Executing OPT_CLEAN pass (remove unused cells and wires).
3.7. Executing CHECK pass (checking for obvious problems).
3.8. Executing OPT pass (performing simple optimizations).
3.8.1. Executing OPT_EXPR pass (perform const folding).
3.8.2. Executing OPT_MERGE pass (detect identical cells).
3.8.3. Executing OPT_MUXTREE pass (detect dead branches in mux trees).
3.8.4. Executing OPT_REDUCE pass (consolidate $*mux and $reduce_* inputs).
3.8.5. Executing OPT_MERGE pass (detect identical cells).
3.8.6. Executing OPT_DFF pass (perform DFF optimizations).
3.8.7. Executing OPT_CLEAN pass (remove unused cells and wires).
3.8.8. Executing OPT_EXPR pass (perform const folding).
3.8.9. Rerunning OPT passes. (Maybe there is more to do..)
3.8.10. Executing OPT_MUXTREE pass (detect dead branches in mux trees).
3.8.11. Executing OPT_REDUCE pass (consolidate $*mux and $reduce_* inputs).
3.8.12. Executing OPT_MERGE pass (detect identical cells).
3.8.13. Executing OPT_DFF pass (perform DFF optimizations).
3.8.14. Executing OPT_CLEAN pass (remove unused cells and wires).
3.8.15. Executing OPT_EXPR pass (perform const folding).
3.8.16. Rerunning OPT passes. (Maybe there is more to do..)
3.8.17. Executing OPT_MUXTREE pass (detect dead branches in mux trees).
3.8.18. Executing OPT_REDUCE pass (consolidate $*mux and $reduce_* inputs).
3.8.19. Executing OPT_MERGE pass (detect identical cells).
3.8.20. Executing OPT_DFF pass (perform DFF optimizations).
3.8.21. Executing OPT_CLEAN pass (remove unused cells and wires).
3.8.22. Executing OPT_EXPR pass (perform const folding).
3.8.23. Rerunning OPT passes. (Maybe there is more to do..)
3.8.24. Executing OPT_MUXTREE pass (detect dead branches in mux trees).
3.8.25. Executing OPT_REDUCE pass (consolidate $*mux and $reduce_* inputs).
3.8.26. Executing OPT_MERGE pass (detect identical cells).
3.8.27. Executing OPT_DFF pass (perform DFF optimizations).
3.8.28. Executing OPT_CLEAN pass (remove unused cells and wires).
3.8.29. Executing OPT_EXPR pass (perform const folding).
3.8.30. Rerunning OPT passes. (Maybe there is more to do..)
3.8.31. Executing OPT_MUXTREE pass (detect dead branches in mux trees).
3.8.32. Executing OPT_REDUCE pass (consolidate $*mux and $reduce_* inputs).
3.8.33. Executing OPT_MERGE pass (detect identical cells).
3.8.34. Executing OPT_DFF pass (perform DFF optimizations).
3.8.35. Executing OPT_CLEAN pass (remove unused cells and wires).
3.8.36. Executing OPT_EXPR pass (perform const folding).
3.8.37. Finished fast OPT passes. (There is nothing left to do.)
3.9. Executing FSM pass (extract and optimize FSM).
3.9.1. Executing FSM_DETECT pass (finding FSMs in design).
3.9.2. Executing FSM_EXTRACT pass (extracting FSM from design).
3.9.3. Executing FSM_OPT pass (simple optimizations of FSMs).
3.9.4. Executing OPT_CLEAN pass (remove unused cells and wires).
3.9.5. Executing FSM_OPT pass (simple optimizations of FSMs).
3.9.6. Executing FSM_RECODE pass (re-assigning FSM state encoding).
3.9.7. Executing FSM_INFO pass (dumping all available information on FSM cells).
3.9.8. Executing FSM_MAP pass (mapping FSMs to basic logic).
3.10. Executing OPT pass (performing simple optimizations).
3.10.1. Executing OPT_EXPR pass (perform const folding).
3.10.2. Executing OPT_MERGE pass (detect identical cells).
3.10.3. Executing OPT_MUXTREE pass (detect dead branches in mux trees).
3.10.4. Executing OPT_REDUCE pass (consolidate $*mux and $reduce_* inputs).
3.10.5. Executing OPT_MERGE pass (detect identical cells).
3.10.6. Executing OPT_DFF pass (perform DFF optimizations).
3.10.7. Executing OPT_CLEAN pass (remove unused cells and wires).
3.10.8. Executing OPT_EXPR pass (perform const folding).
3.10.9. Rerunning OPT passes. (Maybe there is more to do..)
3.10.10. Executing OPT_MUXTREE pass (detect dead branches in mux trees).
3.10.11. Executing OPT_REDUCE pass (consolidate $*mux and $reduce_* inputs).
3.10.12. Executing OPT_MERGE pass (detect identical cells).
3.10.13. Executing OPT_DFF pass (perform DFF optimizations).
3.10.14. Executing OPT_CLEAN pass (remove unused cells and wires).
3.10.15. Executing OPT_EXPR pass (perform const folding).
3.10.16. Rerunning OPT passes. (Maybe there is more to do..)
3.10.17. Executing OPT_MUXTREE pass (detect dead branches in mux trees).
3.10.18. Executing OPT_REDUCE pass (consolidate $*mux and $reduce_* inputs).
3.10.19. Executing OPT_MERGE pass (detect identical cells).
3.10.20. Executing OPT_DFF pass (perform DFF optimizations).
3.10.21. Executing OPT_CLEAN pass (remove unused cells and wires).
3.10.22. Executing OPT_EXPR pass (perform const folding).
3.10.23. Finished fast OPT passes. (There is nothing left to do.)
3.11. Executing WREDUCE pass (reducing word size of cells).
3.12. Executing PEEPOPT pass (run peephole optimizers).
3.13. Executing OPT_CLEAN pass (remove unused cells and wires).
3.14. Executing ALUMACC pass (create $alu and $macc cells).
3.15. Executing SHARE pass (SAT-based resource sharing).
3.16. Executing OPT pass (performing simple optimizations).
3.16.1. Executing OPT_EXPR pass (perform const folding).
3.16.2. Executing OPT_MERGE pass (detect identical cells).
3.16.3. Executing OPT_MUXTREE pass (detect dead branches in mux trees).
3.16.4. Executing OPT_REDUCE pass (consolidate $*mux and $reduce_* inputs).
3.16.5. Executing OPT_MERGE pass (detect identical cells).
3.16.6. Executing OPT_DFF pass (perform DFF optimizations).
3.16.7. Executing OPT_CLEAN pass (remove unused cells and wires).
3.16.8. Executing OPT_EXPR pass (perform const folding).
3.16.9. Rerunning OPT passes. (Maybe there is more to do..)
3.16.10. Executing OPT_MUXTREE pass (detect dead branches in mux trees).
3.16.11. Executing OPT_REDUCE pass (consolidate $*mux and $reduce_* inputs).
3.16.12. Executing OPT_MERGE pass (detect identical cells).
3.16.13. Executing OPT_DFF pass (perform DFF optimizations).
3.16.14. Executing OPT_CLEAN pass (remove unused cells and wires).
3.16.15. Executing OPT_EXPR pass (perform const folding).
3.16.16. Finished fast OPT passes. (There is nothing left to do.)
3.17. Executing MEMORY pass.
3.17.1. Executing OPT_MEM pass (optimize memories).
3.17.2. Executing OPT_MEM_PRIORITY pass (removing unnecessary memory write priority relations).
3.17.3. Executing OPT_MEM_FEEDBACK pass (finding memory read-to-write feedback paths).
3.17.4. Executing MEMORY_BMUX2ROM pass (converting muxes to ROMs).
3.17.5. Executing MEMORY_DFF pass (merging $dff cells to $memrd).
3.17.6. Executing OPT_CLEAN pass (remove unused cells and wires).
3.17.7. Executing MEMORY_SHARE pass (consolidating $memrd/$memwr cells).
3.17.8. Executing OPT_MEM_WIDEN pass (optimize memories where all ports are wide).
3.17.9. Executing OPT_CLEAN pass (remove unused cells and wires).
3.17.10. Executing MEMORY_COLLECT pass (generating $mem cells).
3.18. Executing OPT_CLEAN pass (remove unused cells and wires).
4. Executing TECHMAP pass (map to technology primitives).
4.1. Executing Verilog-2005 frontend: /OpenROAD-flow-scripts/tools/install/yosys/bin/../share/yosys/techmap.v
4.2. Continuing TECHMAP pass.
4.73. Executing OPT_MUXTREE pass (detect dead branches in mux trees).
4.74. Executing OPT_EXPR pass (perform const folding).
4.120. Executing OPT_MUXTREE pass (detect dead branches in mux trees).
4.121. Executing OPT_EXPR pass (perform const folding).
5. Generating architectural options for $alu
5.1. Executing WRAPCELL pass. (wrap selected cells)
5.2. Executing TECHMAP pass (map to technology primitives).
5.2.1. Executing Verilog-2005 frontend: /OpenROAD-flow-scripts/tools/install/yosys/bin/../share/yosys/techmap.v
5.2.2. Executing Verilog-2005 frontend: /OpenROAD-flow-scripts/tools/install/yosys/bin/../share/yosys/choices/han-carlson.v
5.2.3. Continuing TECHMAP pass.
Warning: Latch inferred for signal `$paramod\_80_lcu_han_carlson\WIDTH=32'00000000000000000000000001000000.\j [4:0]' from process `$paramod\_80_lcu_han_carlson\WIDTH=32'00000000000000000000000001000000.$proc$/OpenROAD-flow-scripts/tools/install/yosys/bin/../share/yosys/choices/han-carlson.v:18$671367': $auto$proc_dlatch.cc:545:proc_dlatch$674082
Warning: Latch inferred for signal `$paramod\_80_lcu_han_carlson\WIDTH=32'00000000000000000000000001000000.\j [31:5]' from process `$paramod\_80_lcu_han_carlson\WIDTH=32'00000000000000000000000001000000.$proc$/OpenROAD-flow-scripts/tools/install/yosys/bin/../share/yosys/choices/han-carlson.v:18$671367': $auto$proc_dlatch.cc:547:proc_dlatch$674085
Warning: Latch inferred for signal `$paramod\_80_lcu_han_carlson\WIDTH=32'00000000000000000000000000100000.\j [3:0]' from process `$paramod\_80_lcu_han_carlson\WIDTH=32'00000000000000000000000000100000.$proc$/OpenROAD-flow-scripts/tools/install/yosys/bin/../share/yosys/choices/han-carlson.v:18$675092': $auto$proc_dlatch.cc:545:proc_dlatch$676319
Warning: Latch inferred for signal `$paramod\_80_lcu_han_carlson\WIDTH=32'00000000000000000000000000100000.\j [31:4]' from process `$paramod\_80_lcu_han_carlson\WIDTH=32'00000000000000000000000000100000.$proc$/OpenROAD-flow-scripts/tools/install/yosys/bin/../share/yosys/choices/han-carlson.v:18$675092': $auto$proc_dlatch.cc:547:proc_dlatch$676322
Warning: Latch inferred for signal `$paramod\_80_lcu_han_carlson\WIDTH=32'00000000000000000000000000100010.\j [4:0]' from process `$paramod\_80_lcu_han_carlson\WIDTH=32'00000000000000000000000000100010.$proc$/OpenROAD-flow-scripts/tools/install/yosys/bin/../share/yosys/choices/han-carlson.v:18$676806': $auto$proc_dlatch.cc:545:proc_dlatch$678126
Warning: Latch inferred for signal `$paramod\_80_lcu_han_carlson\WIDTH=32'00000000000000000000000000100010.\j [31:5]' from process `$paramod\_80_lcu_han_carlson\WIDTH=32'00000000000000000000000000100010.$proc$/OpenROAD-flow-scripts/tools/install/yosys/bin/../share/yosys/choices/han-carlson.v:18$676806': $auto$proc_dlatch.cc:547:proc_dlatch$678129
Warning: Latch inferred for signal `$paramod\_80_lcu_han_carlson\WIDTH=32'00000000000000000000000000001110.\j [2:0]' from process `$paramod\_80_lcu_han_carlson\WIDTH=32'00000000000000000000000000001110.$proc$/OpenROAD-flow-scripts/tools/install/yosys/bin/../share/yosys/choices/han-carlson.v:18$680062': $auto$proc_dlatch.cc:545:proc_dlatch$680542
Warning: Latch inferred for signal `$paramod\_80_lcu_han_carlson\WIDTH=32'00000000000000000000000000001110.\j [31:3]' from process `$paramod\_80_lcu_han_carlson\WIDTH=32'00000000000000000000000000001110.$proc$/OpenROAD-flow-scripts/tools/install/yosys/bin/../share/yosys/choices/han-carlson.v:18$680062': $auto$proc_dlatch.cc:547:proc_dlatch$680545
Warning: Latch inferred for signal `$paramod\_80_lcu_han_carlson\WIDTH=32'00000000000000000000000000100001.\j [4:0]' from process `$paramod\_80_lcu_han_carlson\WIDTH=32'00000000000000000000000000100001.$proc$/OpenROAD-flow-scripts/tools/install/yosys/bin/../share/yosys/choices/han-carlson.v:18$682237': $auto$proc_dlatch.cc:545:proc_dlatch$683497
Warning: Latch inferred for signal `$paramod\_80_lcu_han_carlson\WIDTH=32'00000000000000000000000000100001.\j [31:5]' from process `$paramod\_80_lcu_han_carlson\WIDTH=32'00000000000000000000000000100001.$proc$/OpenROAD-flow-scripts/tools/install/yosys/bin/../share/yosys/choices/han-carlson.v:18$682237': $auto$proc_dlatch.cc:547:proc_dlatch$683500
Warning: Latch inferred for signal `$paramod\_80_lcu_han_carlson\WIDTH=32'00000000000000000000000000010000.\j [2:0]' from process `$paramod\_80_lcu_han_carlson\WIDTH=32'00000000000000000000000000010000.$proc$/OpenROAD-flow-scripts/tools/install/yosys/bin/../share/yosys/choices/han-carlson.v:18$685904': $auto$proc_dlatch.cc:545:proc_dlatch$686459
Warning: Latch inferred for signal `$paramod\_80_lcu_han_carlson\WIDTH=32'00000000000000000000000000010000.\j [31:3]' from process `$paramod\_80_lcu_han_carlson\WIDTH=32'00000000000000000000000000010000.$proc$/OpenROAD-flow-scripts/tools/install/yosys/bin/../share/yosys/choices/han-carlson.v:18$685904': $auto$proc_dlatch.cc:547:proc_dlatch$686462
5.3. Executing TECHMAP pass (map to technology primitives).
5.3.1. Executing Verilog-2005 frontend: /OpenROAD-flow-scripts/tools/install/yosys/bin/../share/yosys/techmap.v
5.3.2. Executing Verilog-2005 frontend: /OpenROAD-flow-scripts/tools/install/yosys/bin/../share/yosys/choices/kogge-stone.v
5.3.3. Continuing TECHMAP pass.
5.4. Executing TECHMAP pass (map to technology primitives).
5.4.1. Executing Verilog-2005 frontend: /OpenROAD-flow-scripts/tools/install/yosys/bin/../share/yosys/techmap.v
5.4.2. Executing Verilog-2005 frontend: /OpenROAD-flow-scripts/tools/install/yosys/bin/../share/yosys/choices/sklansky.v
5.4.3. Continuing TECHMAP pass.
5.5. Executing TECHMAP pass (map to technology primitives).
5.5.1. Executing Verilog-2005 frontend: /OpenROAD-flow-scripts/tools/install/yosys/bin/../share/yosys/techmap.v
5.5.2. Continuing TECHMAP pass.
6. Generating architectural options for $macc
6.1. Executing WRAPCELL pass. (wrap selected cells)
6.2. Executing TECHMAP pass (map to technology primitives).
6.2.1. Executing Verilog-2005 frontend: /OpenROAD-flow-scripts/tools/install/yosys/bin/../share/yosys/techmap.v
6.2.2. Executing Verilog-2005 frontend: /OpenROAD-flow-scripts/flow/scripts/synth_wrap_operators-booth.v
6.2.3. Continuing TECHMAP pass.
6.3. Executing TECHMAP pass (map to technology primitives).
6.3.1. Executing Verilog-2005 frontend: /OpenROAD-flow-scripts/tools/install/yosys/bin/../share/yosys/techmap.v
6.3.2. Executing Verilog-2005 frontend: /OpenROAD-flow-scripts/tools/install/yosys/bin/../share/yosys/choices/han-carlson.v
6.3.3. Continuing TECHMAP pass.
7. Executing OPT pass (performing simple optimizations).
7.1. Executing OPT_EXPR pass (perform const folding).
7.2. Executing OPT_MERGE pass (detect identical cells).
7.3. Executing OPT_DFF pass (perform DFF optimizations).
7.4. Executing OPT_CLEAN pass (remove unused cells and wires).
7.5. Rerunning OPT passes. (Removed registers in this run.)
7.6. Executing OPT_EXPR pass (perform const folding).
7.7. Executing OPT_MERGE pass (detect identical cells).
7.8. Executing OPT_DFF pass (perform DFF optimizations).
7.9. Executing OPT_CLEAN pass (remove unused cells and wires).
7.10. Rerunning OPT passes. (Removed registers in this run.)
7.11. Executing OPT_EXPR pass (perform const folding).
7.12. Executing OPT_MERGE pass (detect identical cells).
7.13. Executing OPT_DFF pass (perform DFF optimizations).
7.14. Executing OPT_CLEAN pass (remove unused cells and wires).
7.15. Rerunning OPT passes. (Removed registers in this run.)
7.16. Executing OPT_EXPR pass (perform const folding).
7.17. Executing OPT_MERGE pass (detect identical cells).
7.18. Executing OPT_DFF pass (perform DFF optimizations).
7.19. Executing OPT_CLEAN pass (remove unused cells and wires).
7.20. Rerunning OPT passes. (Removed registers in this run.)
7.21. Executing OPT_EXPR pass (perform const folding).
7.22. Executing OPT_MERGE pass (detect identical cells).
7.23. Executing OPT_DFF pass (perform DFF optimizations).
7.24. Executing OPT_CLEAN pass (remove unused cells and wires).
7.25. Finished fast OPT passes.
8. Executing MEMORY_MAP pass (converting memories to logic and flip-flops).
9. Executing OPT pass (performing simple optimizations).
9.1. Executing OPT_EXPR pass (perform const folding).
9.2. Executing OPT_MERGE pass (detect identical cells).
9.3. Executing OPT_MUXTREE pass (detect dead branches in mux trees).
9.4. Executing OPT_REDUCE pass (consolidate $*mux and $reduce_* inputs).
9.5. Executing OPT_MERGE pass (detect identical cells).
9.6. Executing OPT_SHARE pass.
9.7. Executing OPT_DFF pass (perform DFF optimizations).
9.8. Executing OPT_CLEAN pass (remove unused cells and wires).
9.9. Executing OPT_EXPR pass (perform const folding).
9.10. Rerunning OPT passes. (Maybe there is more to do..)
9.11. Executing OPT_MUXTREE pass (detect dead branches in mux trees).
9.12. Executing OPT_REDUCE pass (consolidate $*mux and $reduce_* inputs).
9.13. Executing OPT_MERGE pass (detect identical cells).
9.14. Executing OPT_SHARE pass.
9.15. Executing OPT_DFF pass (perform DFF optimizations).
9.16. Executing OPT_CLEAN pass (remove unused cells and wires).
9.17. Executing OPT_EXPR pass (perform const folding).
9.18. Rerunning OPT passes. (Maybe there is more to do..)
9.19. Executing OPT_MUXTREE pass (detect dead branches in mux trees).
9.20. Executing OPT_REDUCE pass (consolidate $*mux and $reduce_* inputs).
9.21. Executing OPT_MERGE pass (detect identical cells).
9.22. Executing OPT_SHARE pass.
9.23. Executing OPT_DFF pass (perform DFF optimizations).
9.24. Executing OPT_CLEAN pass (remove unused cells and wires).
9.25. Executing OPT_EXPR pass (perform const folding).
9.26. Finished fast OPT passes. (There is nothing left to do.)
10. Executing TECHMAP pass (map to technology primitives).
10.1. Executing Verilog-2005 frontend: /OpenROAD-flow-scripts/tools/install/yosys/bin/../share/yosys/techmap.v
10.2. Executing Verilog-2005 frontend: /OpenROAD-flow-scripts/tools/install/yosys/bin/../share/yosys/choices/han-carlson.v
10.3. Continuing TECHMAP pass.
Warning: Latch inferred for signal `$paramod\_80_lcu_han_carlson\WIDTH=32'00000000000000000000000000000001.\j' from process `$paramod\_80_lcu_han_carlson\WIDTH=32'00000000000000000000000000000001.$proc$/OpenROAD-flow-scripts/tools/install/yosys/bin/../share/yosys/choices/han-carlson.v:18$760928': $auto$proc_dlatch.cc:545:proc_dlatch$760966
Warning: Latch inferred for signal `$paramod\_80_lcu_han_carlson\WIDTH=32'00000000000000000000000000000011.\j [0]' from process `$paramod\_80_lcu_han_carlson\WIDTH=32'00000000000000000000000000000011.$proc$/OpenROAD-flow-scripts/tools/install/yosys/bin/../share/yosys/choices/han-carlson.v:18$760980': $auto$proc_dlatch.cc:545:proc_dlatch$761079
Warning: Latch inferred for signal `$paramod\_80_lcu_han_carlson\WIDTH=32'00000000000000000000000000000011.\j [31:1]' from process `$paramod\_80_lcu_han_carlson\WIDTH=32'00000000000000000000000000000011.$proc$/OpenROAD-flow-scripts/tools/install/yosys/bin/../share/yosys/choices/han-carlson.v:18$760980': $auto$proc_dlatch.cc:547:proc_dlatch$761082
Warning: Latch inferred for signal `$paramod\_80_lcu_han_carlson\WIDTH=32'00000000000000000000000000000110.\j [1:0]' from process `$paramod\_80_lcu_han_carlson\WIDTH=32'00000000000000000000000000000110.$proc$/OpenROAD-flow-scripts/tools/install/yosys/bin/../share/yosys/choices/han-carlson.v:18$761109': $auto$proc_dlatch.cc:545:proc_dlatch$761298
Warning: Latch inferred for signal `$paramod\_80_lcu_han_carlson\WIDTH=32'00000000000000000000000000000110.\j [31:2]' from process `$paramod\_80_lcu_han_carlson\WIDTH=32'00000000000000000000000000000110.$proc$/OpenROAD-flow-scripts/tools/install/yosys/bin/../share/yosys/choices/han-carlson.v:18$761109': $auto$proc_dlatch.cc:547:proc_dlatch$761301
Warning: Latch inferred for signal `$paramod\_80_lcu_han_carlson\WIDTH=32'00000000000000000000000000000010.\j' from process `$paramod\_80_lcu_han_carlson\WIDTH=32'00000000000000000000000000000010.$proc$/OpenROAD-flow-scripts/tools/install/yosys/bin/../share/yosys/choices/han-carlson.v:18$761319': $auto$proc_dlatch.cc:545:proc_dlatch$761372
Warning: Latch inferred for signal `$paramod\_80_lcu_han_carlson\WIDTH=32'00000000000000000000000000000100.\j [0]' from process `$paramod\_80_lcu_han_carlson\WIDTH=32'00000000000000000000000000000100.$proc$/OpenROAD-flow-scripts/tools/install/yosys/bin/../share/yosys/choices/han-carlson.v:18$761423': $auto$proc_dlatch.cc:545:proc_dlatch$761546
Warning: Latch inferred for signal `$paramod\_80_lcu_han_carlson\WIDTH=32'00000000000000000000000000000100.\j [31:1]' from process `$paramod\_80_lcu_han_carlson\WIDTH=32'00000000000000000000000000000100.$proc$/OpenROAD-flow-scripts/tools/install/yosys/bin/../share/yosys/choices/han-carlson.v:18$761423': $auto$proc_dlatch.cc:547:proc_dlatch$761549
Warning: Latch inferred for signal `$paramod\_80_lcu_han_carlson\WIDTH=32'00000000000000000000000000000111.\j [1:0]' from process `$paramod\_80_lcu_han_carlson\WIDTH=32'00000000000000000000000000000111.$proc$/OpenROAD-flow-scripts/tools/install/yosys/bin/../share/yosys/choices/han-carlson.v:18$761662': $auto$proc_dlatch.cc:545:proc_dlatch$761884
Warning: Latch inferred for signal `$paramod\_80_lcu_han_carlson\WIDTH=32'00000000000000000000000000000111.\j [31:2]' from process `$paramod\_80_lcu_han_carlson\WIDTH=32'00000000000000000000000000000111.$proc$/OpenROAD-flow-scripts/tools/install/yosys/bin/../share/yosys/choices/han-carlson.v:18$761662': $auto$proc_dlatch.cc:547:proc_dlatch$761887
Warning: Latch inferred for signal `$paramod\_80_lcu_han_carlson\WIDTH=32'00000000000000000000000000100000.\j [3:0]' from process `$paramod\_80_lcu_han_carlson\WIDTH=32'00000000000000000000000000100000.$proc$/OpenROAD-flow-scripts/tools/install/yosys/bin/../share/yosys/choices/han-carlson.v:18$762117': $auto$proc_dlatch.cc:545:proc_dlatch$763344
Warning: Latch inferred for signal `$paramod\_80_lcu_han_carlson\WIDTH=32'00000000000000000000000000100000.\j [31:4]' from process `$paramod\_80_lcu_han_carlson\WIDTH=32'00000000000000000000000000100000.$proc$/OpenROAD-flow-scripts/tools/install/yosys/bin/../share/yosys/choices/han-carlson.v:18$762117': $auto$proc_dlatch.cc:547:proc_dlatch$763347
Warning: Latch inferred for signal `$paramod\_80_lcu_han_carlson\WIDTH=32'00000000000000000000000000011111.\j [3:0]' from process `$paramod\_80_lcu_han_carlson\WIDTH=32'00000000000000000000000000011111.$proc$/OpenROAD-flow-scripts/tools/install/yosys/bin/../share/yosys/choices/han-carlson.v:18$763462': $auto$proc_dlatch.cc:545:proc_dlatch$764638
Warning: Latch inferred for signal `$paramod\_80_lcu_han_carlson\WIDTH=32'00000000000000000000000000011111.\j [31:4]' from process `$paramod\_80_lcu_han_carlson\WIDTH=32'00000000000000000000000000011111.$proc$/OpenROAD-flow-scripts/tools/install/yosys/bin/../share/yosys/choices/han-carlson.v:18$763462': $auto$proc_dlatch.cc:547:proc_dlatch$764641
Warning: Latch inferred for signal `$paramod\_80_lcu_han_carlson\WIDTH=32'00000000000000000000000000011110.\j [3:0]' from process `$paramod\_80_lcu_han_carlson\WIDTH=32'00000000000000000000000000011110.$proc$/OpenROAD-flow-scripts/tools/install/yosys/bin/../share/yosys/choices/han-carlson.v:18$764965': $auto$proc_dlatch.cc:545:proc_dlatch$766108
Warning: Latch inferred for signal `$paramod\_80_lcu_han_carlson\WIDTH=32'00000000000000000000000000011110.\j [31:4]' from process `$paramod\_80_lcu_han_carlson\WIDTH=32'00000000000000000000000000011110.$proc$/OpenROAD-flow-scripts/tools/install/yosys/bin/../share/yosys/choices/han-carlson.v:18$764965': $auto$proc_dlatch.cc:547:proc_dlatch$766111
Warning: Latch inferred for signal `$paramod\_80_lcu_han_carlson\WIDTH=32'00000000000000000000000000010000.\j [2:0]' from process `$paramod\_80_lcu_han_carlson\WIDTH=32'00000000000000000000000000010000.$proc$/OpenROAD-flow-scripts/tools/install/yosys/bin/../share/yosys/choices/han-carlson.v:18$766272': $auto$proc_dlatch.cc:545:proc_dlatch$766827
Warning: Latch inferred for signal `$paramod\_80_lcu_han_carlson\WIDTH=32'00000000000000000000000000010000.\j [31:3]' from process `$paramod\_80_lcu_han_carlson\WIDTH=32'00000000000000000000000000010000.$proc$/OpenROAD-flow-scripts/tools/install/yosys/bin/../share/yosys/choices/han-carlson.v:18$766272': $auto$proc_dlatch.cc:547:proc_dlatch$766830
Warning: Latch inferred for signal `$paramod\_80_lcu_han_carlson\WIDTH=32'00000000000000000000000000011101.\j [3:0]' from process `$paramod\_80_lcu_han_carlson\WIDTH=32'00000000000000000000000000011101.$proc$/OpenROAD-flow-scripts/tools/install/yosys/bin/../share/yosys/choices/han-carlson.v:18$767196': $auto$proc_dlatch.cc:545:proc_dlatch$768288
Warning: Latch inferred for signal `$paramod\_80_lcu_han_carlson\WIDTH=32'00000000000000000000000000011101.\j [31:4]' from process `$paramod\_80_lcu_han_carlson\WIDTH=32'00000000000000000000000000011101.$proc$/OpenROAD-flow-scripts/tools/install/yosys/bin/../share/yosys/choices/han-carlson.v:18$767196': $auto$proc_dlatch.cc:547:proc_dlatch$768291
Warning: Latch inferred for signal `$paramod\_80_lcu_han_carlson\WIDTH=32'00000000000000000000000001000000.\j [4:0]' from process `$paramod\_80_lcu_han_carlson\WIDTH=32'00000000000000000000000001000000.$proc$/OpenROAD-flow-scripts/tools/install/yosys/bin/../share/yosys/choices/han-carlson.v:18$769224': $auto$proc_dlatch.cc:545:proc_dlatch$771939
Warning: Latch inferred for signal `$paramod\_80_lcu_han_carlson\WIDTH=32'00000000000000000000000001000000.\j [31:5]' from process `$paramod\_80_lcu_han_carlson\WIDTH=32'00000000000000000000000001000000.$proc$/OpenROAD-flow-scripts/tools/install/yosys/bin/../share/yosys/choices/han-carlson.v:18$769224': $auto$proc_dlatch.cc:547:proc_dlatch$771942
Warning: Latch inferred for signal `$paramod\_80_lcu_han_carlson\WIDTH=32'00000000000000000000000000011010.\j [3:0]' from process `$paramod\_80_lcu_han_carlson\WIDTH=32'00000000000000000000000000011010.$proc$/OpenROAD-flow-scripts/tools/install/yosys/bin/../share/yosys/choices/han-carlson.v:18$772452': $auto$proc_dlatch.cc:545:proc_dlatch$773427
Warning: Latch inferred for signal `$paramod\_80_lcu_han_carlson\WIDTH=32'00000000000000000000000000011010.\j [31:4]' from process `$paramod\_80_lcu_han_carlson\WIDTH=32'00000000000000000000000000011010.$proc$/OpenROAD-flow-scripts/tools/install/yosys/bin/../share/yosys/choices/han-carlson.v:18$772452': $auto$proc_dlatch.cc:547:proc_dlatch$773430
Warning: Latch inferred for signal `$paramod\_80_lcu_han_carlson\WIDTH=32'00000000000000000000000000001101.\j [2:0]' from process `$paramod\_80_lcu_han_carlson\WIDTH=32'00000000000000000000000000001101.$proc$/OpenROAD-flow-scripts/tools/install/yosys/bin/../share/yosys/choices/han-carlson.v:18$773490': $auto$proc_dlatch.cc:545:proc_dlatch$773928
Warning: Latch inferred for signal `$paramod\_80_lcu_han_carlson\WIDTH=32'00000000000000000000000000001101.\j [31:3]' from process `$paramod\_80_lcu_han_carlson\WIDTH=32'00000000000000000000000000001101.$proc$/OpenROAD-flow-scripts/tools/install/yosys/bin/../share/yosys/choices/han-carlson.v:18$773490': $auto$proc_dlatch.cc:547:proc_dlatch$773931
Warning: Latch inferred for signal `$paramod\_80_lcu_han_carlson\WIDTH=32'00000000000000000000000000001000.\j [1:0]' from process `$paramod\_80_lcu_han_carlson\WIDTH=32'00000000000000000000000000001000.$proc$/OpenROAD-flow-scripts/tools/install/yosys/bin/../share/yosys/choices/han-carlson.v:18$773968': $auto$proc_dlatch.cc:545:proc_dlatch$774223
Warning: Latch inferred for signal `$paramod\_80_lcu_han_carlson\WIDTH=32'00000000000000000000000000001000.\j [31:2]' from process `$paramod\_80_lcu_han_carlson\WIDTH=32'00000000000000000000000000001000.$proc$/OpenROAD-flow-scripts/tools/install/yosys/bin/../share/yosys/choices/han-carlson.v:18$773968': $auto$proc_dlatch.cc:547:proc_dlatch$774226
Warning: Latch inferred for signal `$paramod\_80_lcu_han_carlson\WIDTH=32'00000000000000000000000000000101.\j [1:0]' from process `$paramod\_80_lcu_han_carlson\WIDTH=32'00000000000000000000000000000101.$proc$/OpenROAD-flow-scripts/tools/install/yosys/bin/../share/yosys/choices/han-carlson.v:18$774451': $auto$proc_dlatch.cc:545:proc_dlatch$774607
Warning: Latch inferred for signal `$paramod\_80_lcu_han_carlson\WIDTH=32'00000000000000000000000000000101.\j [31:2]' from process `$paramod\_80_lcu_han_carlson\WIDTH=32'00000000000000000000000000000101.$proc$/OpenROAD-flow-scripts/tools/install/yosys/bin/../share/yosys/choices/han-carlson.v:18$774451': $auto$proc_dlatch.cc:547:proc_dlatch$774610
11. Executing OPT pass (performing simple optimizations).
11.1. Executing OPT_EXPR pass (perform const folding).
11.2. Executing OPT_MERGE pass (detect identical cells).
11.3. Executing OPT_MUXTREE pass (detect dead branches in mux trees).
11.4. Executing OPT_REDUCE pass (consolidate $*mux and $reduce_* inputs).
11.5. Executing OPT_MERGE pass (detect identical cells).
11.6. Executing OPT_DFF pass (perform DFF optimizations).
11.7. Executing OPT_CLEAN pass (remove unused cells and wires).
11.8. Executing OPT_EXPR pass (perform const folding).
11.9. Rerunning OPT passes. (Maybe there is more to do..)
11.10. Executing OPT_MUXTREE pass (detect dead branches in mux trees).
11.11. Executing OPT_REDUCE pass (consolidate $*mux and $reduce_* inputs).
11.12. Executing OPT_MERGE pass (detect identical cells).
11.13. Executing OPT_DFF pass (perform DFF optimizations).
11.14. Executing OPT_CLEAN pass (remove unused cells and wires).
11.15. Executing OPT_EXPR pass (perform const folding).
11.16. Rerunning OPT passes. (Maybe there is more to do..)
11.17. Executing OPT_MUXTREE pass (detect dead branches in mux trees).
11.18. Executing OPT_REDUCE pass (consolidate $*mux and $reduce_* inputs).
11.19. Executing OPT_MERGE pass (detect identical cells).
11.20. Executing OPT_DFF pass (perform DFF optimizations).
11.21. Executing OPT_CLEAN pass (remove unused cells and wires).
11.22. Executing OPT_EXPR pass (perform const folding).
11.23. Rerunning OPT passes. (Maybe there is more to do..)
11.24. Executing OPT_MUXTREE pass (detect dead branches in mux trees).
11.25. Executing OPT_REDUCE pass (consolidate $*mux and $reduce_* inputs).
11.26. Executing OPT_MERGE pass (detect identical cells).
11.27. Executing OPT_DFF pass (perform DFF optimizations).
11.28. Executing OPT_CLEAN pass (remove unused cells and wires).
11.29. Executing OPT_EXPR pass (perform const folding).
11.30. Finished fast OPT passes. (There is nothing left to do.)
12. Executing EXTRACT_FA pass (find and extract full/half adders).
13. Executing TECHMAP pass (map to technology primitives).
13.1. Executing Verilog-2005 frontend: ./platforms/asap7/yoSys/cells_adders_R.v
13.2. Continuing TECHMAP pass.
14. Executing TECHMAP pass (map to technology primitives).
14.1. Executing Verilog-2005 frontend: /OpenROAD-flow-scripts/tools/install/yosys/bin/../share/yosys/techmap.v
14.2. Continuing TECHMAP pass.
15. Executing OPT pass (performing simple optimizations).
15.1. Executing OPT_EXPR pass (perform const folding).
15.2. Executing OPT_MERGE pass (detect identical cells).
15.3. Executing OPT_DFF pass (perform DFF optimizations).
15.4. Executing OPT_CLEAN pass (remove unused cells and wires).
15.5. Finished fast OPT passes.
16. Executing DFFLEGALIZE pass (convert FFs to types supported by the target).
17. Executing TECHMAP pass (map to technology primitives).
17.1. Executing Verilog-2005 frontend: ./platforms/asap7/yoSys/cells_latch_R.v
17.2. Continuing TECHMAP pass.
18. Executing DFFLIBMAP pass (mapping DFF cells to sequential cells from liberty file).
18.1. Executing DFFLEGALIZE pass (convert FFs to types supported by the target).
19. Executing OPT pass (performing simple optimizations).
19.1. Executing OPT_EXPR pass (perform const folding).
19.2. Executing OPT_MERGE pass (detect identical cells).
19.3. Executing OPT_MUXTREE pass (detect dead branches in mux trees).
19.4. Executing OPT_REDUCE pass (consolidate $*mux and $reduce_* inputs).
19.5. Executing OPT_MERGE pass (detect identical cells).
19.6. Executing OPT_DFF pass (perform DFF optimizations).
19.7. Executing OPT_CLEAN pass (remove unused cells and wires).
19.8. Executing OPT_EXPR pass (perform const folding).
19.9. Rerunning OPT passes. (Maybe there is more to do..)
19.10. Executing OPT_MUXTREE pass (detect dead branches in mux trees).
19.11. Executing OPT_REDUCE pass (consolidate $*mux and $reduce_* inputs).
19.12. Executing OPT_MERGE pass (detect identical cells).
19.13. Executing OPT_DFF pass (perform DFF optimizations).
19.14. Executing OPT_CLEAN pass (remove unused cells and wires).
19.15. Executing OPT_EXPR pass (perform const folding).
19.16. Finished fast OPT passes. (There is nothing left to do.)
20. Executing SETUNDEF pass (replace undef values with defined constants).
abc_new -liberty ./platforms/asap7/lib/NLDM/asap7sc7p5t_AO_RVT_FF_nldm_211120.lib.gz -liberty ./platforms/asap7/lib/NLDM/asap7sc7p5t_INVBUF_RVT_FF_nldm_220122.lib.gz -liberty ./platforms/asap7/lib/NLDM/asap7sc7p5t_OA_RVT_FF_nldm_211120.lib.gz -liberty ./platforms/asap7/lib/NLDM/asap7sc7p5t_SIMPLE_RVT_FF_nldm_211120.lib.gz -liberty ./platforms/asap7/lib/NLDM/asap7sc7p5t_SEQ_RVT_FF_nldm_220123.lib -liberty ./platforms/asap7/lib/NLDM/asap7sc7p5t_AO_LVT_FF_nldm_211120.lib.gz -liberty ./platforms/asap7/lib/NLDM/asap7sc7p5t_INVBUF_LVT_FF_nldm_220122.lib.gz -liberty ./platforms/asap7/lib/NLDM/asap7sc7p5t_OA_LVT_FF_nldm_211120.lib.gz -liberty ./platforms/asap7/lib/NLDM/asap7sc7p5t_SIMPLE_LVT_FF_nldm_211120.lib.gz -liberty ./platforms/asap7/lib/NLDM/asap7sc7p5t_SEQ_LVT_FF_nldm_220123.lib -liberty ./platforms/asap7/lib/NLDM/asap7sc7p5t_AO_SLVT_FF_nldm_211120.lib.gz -liberty ./platforms/asap7/lib/NLDM/asap7sc7p5t_INVBUF_SLVT_FF_nldm_220122.lib.gz -liberty ./platforms/asap7/lib/NLDM/asap7sc7p5t_OA_SLVT_FF_nldm_211120.lib.gz -liberty ./platforms/asap7/lib/NLDM/asap7sc7p5t_SIMPLE_SLVT_FF_nldm_211120.lib.gz -liberty ./platforms/asap7/lib/NLDM/asap7sc7p5t_SEQ_SLVT_FF_nldm_220123.lib -liberty ./platforms/asap7/lib/NLDM/fakeram7_64x256.lib -liberty ./platforms/asap7/lib/NLDM/fakeram7_128x64.lib -liberty ./platforms/asap7/lib/NLDM/fakeram7_64x28.lib -liberty ./platforms/asap7/lib/NLDM/fakeram7_64x25.lib -dont_use *x1p*_ASAP7* -dont_use *xp*_ASAP7* -dont_use SDF* -dont_use ICG* -constr /tmp/workspace/scripts-Private_test-fr_cugr_cmp-1-/objects/asap7/cva6/base/abc.constr -D 1000
Warning: Feature 'abc_new' is experimental.
21. Executing ABC_NEW pass.
21.1. Executing ABC9_OPS pass (helper functions for ABC9).
21.2. Executing BOX_DERIVE pass. (derive modules for boxes)
21.3. Executing ABC9_OPS pass (helper functions for ABC9).
21.4. Executing ABC9_OPS pass (helper functions for ABC9).
21.5. Mapping module 'ALU_33_0_33_0_33_unused_CO_X_Y[0]_HAN_CARLSON'.
21.5.1. Executing ABC9_OPS pass (helper functions for ABC9).
Warning: Feature 'write_xaiger2' is experimental.
21.5.2. Executing XAIGER2 backend.
21.5.3. Executing ABC9_EXE pass (technology mapping using ABC9).
21.5.4. Executing ABC9.
Warning: ABC: execution of command ""/OpenROAD-flow-scripts/tools/install/yosys/bin/yosys-abc" -s -f /tmp/yosys-abc-ZDKqb3/abc.script 2>&1" failed: return code 134.
Warning: Feature 'read_xaiger2' is experimental.
21.5.5. Executing XAIGER2 frontend.
21.6. Executing PORTARCS pass. (derive propagation arcs)
21.7. Executing ABC9_OPS pass (helper functions for ABC9).
21.8. Mapping module 'ALU_16_0_1_0_16_unused_CO_X_HAN_CARLSON'.
21.8.1. Executing ABC9_OPS pass (helper functions for ABC9).
21.8.2. Executing XAIGER2 backend.
21.8.3. Executing ABC9_EXE pass (technology mapping using ABC9).
21.8.4. Executing ABC9.
Warning: ABC: execution of command ""/OpenROAD-flow-scripts/tools/install/yosys/bin/yosys-abc" -s -f /tmp/yosys-abc-9evvWp/abc.script 2>&1" failed: return code 134.
21.8.5. Executing XAIGER2 frontend.
21.9. Executing PORTARCS pass. (derive propagation arcs)
21.10. Executing ABC9_OPS pass (helper functions for ABC9).
21.11. Mapping module 'ALU_32_1_32_1_32_unused_CO_X_HAN_CARLSON'.
21.11.1. Executing ABC9_OPS pass (helper functions for ABC9).
21.11.2. Executing XAIGER2 backend.
21.11.3. Executing ABC9_EXE pass (technology mapping using ABC9).
21.11.4. Executing ABC9.
Warning: ABC: execution of command ""/OpenROAD-flow-scripts/tools/install/yosys/bin/yosys-abc" -s -f /tmp/yosys-abc-umcnf8/abc.script 2>&1" failed: return code 134.
21.11.5. Executing XAIGER2 frontend.
21.12. Executing PORTARCS pass. (derive propagation arcs)
21.13. Executing ABC9_OPS pass (helper functions for ABC9).
21.14. Mapping module 'ALU_32_0_32_0_32_unused_CO_X_HAN_CARLSON'.
21.14.1. Executing ABC9_OPS pass (helper functions for ABC9).
21.14.2. Executing XAIGER2 backend.
21.14.3. Executing ABC9_EXE pass (technology mapping using ABC9).
21.14.4. Executing ABC9.
Warning: ABC: execution of command ""/OpenROAD-flow-scripts/tools/install/yosys/bin/yosys-abc" -s -f /tmp/yosys-abc-p1eZNy/abc.script 2>&1" failed: return code 134.
21.14.5. Executing XAIGER2 frontend.
21.15. Executing PORTARCS pass. (derive propagation arcs)
21.16. Executing ABC9_OPS pass (helper functions for ABC9).
21.17. Mapping module 'ALU_64_0_64_0_64_unused_CO[61:0]_Y[62:0]_HAN_CARLSON'.
21.17.1. Executing ABC9_OPS pass (helper functions for ABC9).
21.17.2. Executing XAIGER2 backend.
21.17.3. Executing ABC9_EXE pass (technology mapping using ABC9).
21.17.4. Executing ABC9.
21.17.5. Executing XAIGER2 frontend.
21.18. Executing PORTARCS pass. (derive propagation arcs)
21.19. Executing ABC9_OPS pass (helper functions for ABC9).
21.20. Mapping module 'ALU_33_1_33_1_33_unused_CO[30:0]_X_Y[31:0]_HAN_CARLSON'.
21.20.1. Executing ABC9_OPS pass (helper functions for ABC9).
21.20.2. Executing XAIGER2 backend.
21.20.3. Executing ABC9_EXE pass (technology mapping using ABC9).
21.20.4. Executing ABC9.
Warning: ABC: execution of command ""/OpenROAD-flow-scripts/tools/install/yosys/bin/yosys-abc" -s -f /tmp/yosys-abc-TwySnK/abc.script 2>&1" failed: return code 134.
21.20.5. Executing XAIGER2 frontend.
21.21. Executing PORTARCS pass. (derive propagation arcs)
21.22. Executing ABC9_OPS pass (helper functions for ABC9).
21.23. Mapping module 'ALU_32_0_34_0_34_unused_CO[32:0]_X_Y_HAN_CARLSON'.
21.23.1. Executing ABC9_OPS pass (helper functions for ABC9).
21.23.2. Executing XAIGER2 backend.
21.23.3. Executing ABC9_EXE pass (technology mapping using ABC9).
21.23.4. Executing ABC9.
21.23.5. Executing XAIGER2 frontend.
21.24. Executing PORTARCS pass. (derive propagation arcs)
21.25. Executing ABC9_OPS pass (helper functions for ABC9).
21.26. Mapping module 'ALU_32_0_32_0_32_unused_CO[30:0]_X_Y_HAN_CARLSON'.
21.26.1. Executing ABC9_OPS pass (helper functions for ABC9).
21.26.2. Executing XAIGER2 backend.
21.26.3. Executing ABC9_EXE pass (technology mapping using ABC9).
21.26.4. Executing ABC9.
21.26.5. Executing XAIGER2 frontend.
21.27. Executing PORTARCS pass. (derive propagation arcs)
21.28. Executing ABC9_OPS pass (helper functions for ABC9).
21.29. Mapping module 'ALU_32_0_32_0_32_unused_CO[30:0]_Y_HAN_CARLSON'.
21.29.1. Executing ABC9_OPS pass (helper functions for ABC9).
21.29.2. Executing XAIGER2 backend.
21.29.3. Executing ABC9_EXE pass (technology mapping using ABC9).
21.29.4. Executing ABC9.
21.29.5. Executing XAIGER2 frontend.
21.30. Executing PORTARCS pass. (derive propagation arcs)
21.31. Executing ABC9_OPS pass (helper functions for ABC9).
21.32. Mapping module 'ALU_14_0_7_0_14_unused_CO[12:0]_X_Y_HAN_CARLSON'.
21.32.1. Executing ABC9_OPS pass (helper functions for ABC9).
21.32.2. Executing XAIGER2 backend.
21.32.3. Executing ABC9_EXE pass (technology mapping using ABC9).
21.32.4. Executing ABC9.
21.32.5. Executing XAIGER2 frontend.
21.33. Executing PORTARCS pass. (derive propagation arcs)
21.34. Executing ABC9_OPS pass (helper functions for ABC9).
21.35. Mapping module 'ALU_32_0_7_0_32_unused_CO[30:0]_X_Y_HAN_CARLSON'.
21.35.1. Executing ABC9_OPS pass (helper functions for ABC9).
21.35.2. Executing XAIGER2 backend.
21.35.3. Executing ABC9_EXE pass (technology mapping using ABC9).
21.35.4. Executing ABC9.
21.35.5. Executing XAIGER2 frontend.
21.36. Executing PORTARCS pass. (derive propagation arcs)
21.37. Executing ABC9_OPS pass (helper functions for ABC9).
21.38. Mapping module 'ALU_32_0_34_0_34_unused_CO[32:0]_Y_HAN_CARLSON'.
21.38.1. Executing ABC9_OPS pass (helper functions for ABC9).
21.38.2. Executing XAIGER2 backend.
21.38.3. Executing ABC9_EXE pass (technology mapping using ABC9).
21.38.4. Executing ABC9.
21.38.5. Executing XAIGER2 frontend.
21.39. Executing PORTARCS pass. (derive propagation arcs)
21.40. Executing ABC9_OPS pass (helper functions for ABC9).
21.41. Mapping module 'ALU_34_0_32_0_34_unused_CO[32:0]_X_Y_HAN_CARLSON'.
21.41.1. Executing ABC9_OPS pass (helper functions for ABC9).
21.41.2. Executing XAIGER2 backend.
21.41.3. Executing ABC9_EXE pass (technology mapping using ABC9).
21.41.4. Executing ABC9.
21.41.5. Executing XAIGER2 frontend.
21.42. Executing PORTARCS pass. (derive propagation arcs)
21.43. Executing ABC9_OPS pass (helper functions for ABC9).
21.44. Mapping module 'ALU_34_0_32_0_34_unused_CO[32:0]_Y_HAN_CARLSON'.
21.44.1. Executing ABC9_OPS pass (helper functions for ABC9).
21.44.2. Executing XAIGER2 backend.
21.44.3. Executing ABC9_EXE pass (technology mapping using ABC9).
21.44.4. Executing ABC9.
21.44.5. Executing XAIGER2 frontend.
21.45. Executing PORTARCS pass. (derive propagation arcs)
21.46. Executing ABC9_OPS pass (helper functions for ABC9).
21.47. Mapping module 'ALU_32_0_4_0_32_unused_CO[30:0]_X_Y_HAN_CARLSON'.
21.47.1. Executing ABC9_OPS pass (helper functions for ABC9).
21.47.2. Executing XAIGER2 backend.
21.47.3. Executing ABC9_EXE pass (technology mapping using ABC9).
21.47.4. Executing ABC9.
21.47.5. Executing XAIGER2 frontend.
21.48. Executing PORTARCS pass. (derive propagation arcs)
21.49. Executing ABC9_OPS pass (helper functions for ABC9).
21.50. Mapping module 'ALU_64_0_64_0_64_HAN_CARLSON'.
21.50.1. Executing ABC9_OPS pass (helper functions for ABC9).
21.50.2. Executing XAIGER2 backend.
21.50.3. Executing ABC9_EXE pass (technology mapping using ABC9).
21.50.4. Executing ABC9.
Warning: ABC: execution of command ""/OpenROAD-flow-scripts/tools/install/yosys/bin/yosys-abc" -s -f /tmp/yosys-abc-WGpwiQ/abc.script 2>&1" failed: return code 134.
21.50.5. Executing XAIGER2 frontend.
21.51. Executing PORTARCS pass. (derive propagation arcs)
21.52. Executing ABC9_OPS pass (helper functions for ABC9).
21.53. Mapping module 'cva6'.
21.53.1. Executing ABC9_OPS pass (helper functions for ABC9).
21.53.2. Executing XAIGER2 backend.
21.53.3. Executing ABC9_EXE pass (technology mapping using ABC9).
21.53.4. Executing ABC9.
Warning: ABC: execution of command ""/OpenROAD-flow-scripts/tools/install/yosys/bin/yosys-abc" -s -f /tmp/yosys-abc-ppHuZG/abc.script 2>&1" failed: return code 134.
21.53.5. Executing XAIGER2 frontend.
21.54. Mapping module 'ALU_64_0_64_0_64_BRENT_KUNG'.
21.54.1. Executing ABC9_OPS pass (helper functions for ABC9).
21.54.2. Executing XAIGER2 backend.
21.54.3. Executing ABC9_EXE pass (technology mapping using ABC9).
21.54.4. Executing ABC9.
Warning: ABC: execution of command ""/OpenROAD-flow-scripts/tools/install/yosys/bin/yosys-abc" -s -f /tmp/yosys-abc-NMtZDf/abc.script 2>&1" failed: return code 134.
21.54.5. Executing XAIGER2 frontend.
21.55. Executing PORTARCS pass. (derive propagation arcs)
21.56. Executing ABC9_OPS pass (helper functions for ABC9).
21.57. Mapping module 'ALU_64_0_64_0_64_SKLANSKY'.
21.57.1. Executing ABC9_OPS pass (helper functions for ABC9).
21.57.2. Executing XAIGER2 backend.
21.57.3. Executing ABC9_EXE pass (technology mapping using ABC9).
21.57.4. Executing ABC9.
Warning: ABC: execution of command ""/OpenROAD-flow-scripts/tools/install/yosys/bin/yosys-abc" -s -f /tmp/yosys-abc-bNKVMV/abc.script 2>&1" failed: return code 134.
21.57.5. Executing XAIGER2 frontend.
21.58. Executing PORTARCS pass. (derive propagation arcs)
21.59. Executing ABC9_OPS pass (helper functions for ABC9).
21.60. Mapping module 'ALU_64_0_64_0_64_KOGGE_STONE'.
21.60.1. Executing ABC9_OPS pass (helper functions for ABC9).
21.60.2. Executing XAIGER2 backend.
21.60.3. Executing ABC9_EXE pass (technology mapping using ABC9).
21.60.4. Executing ABC9.
Warning: ABC: execution of command ""/OpenROAD-flow-scripts/tools/install/yosys/bin/yosys-abc" -s -f /tmp/yosys-abc-snzCvW/abc.script 2>&1" failed: return code 134.
21.60.5. Executing XAIGER2 frontend.
21.61. Executing PORTARCS pass. (derive propagation arcs)
21.62. Executing ABC9_OPS pass (helper functions for ABC9).
21.63. Mapping module 'ALU_32_0_4_0_32_unused_CO[30:0]_X_Y_BRENT_KUNG'.
21.63.1. Executing ABC9_OPS pass (helper functions for ABC9).
21.63.2. Executing XAIGER2 backend.
21.63.3. Executing ABC9_EXE pass (technology mapping using ABC9).
21.63.4. Executing ABC9.
21.63.5. Executing XAIGER2 frontend.
21.64. Executing PORTARCS pass. (derive propagation arcs)
21.65. Executing ABC9_OPS pass (helper functions for ABC9).
21.66. Mapping module 'ALU_32_0_4_0_32_unused_CO[30:0]_X_Y_SKLANSKY'.
21.66.1. Executing ABC9_OPS pass (helper functions for ABC9).
21.66.2. Executing XAIGER2 backend.
21.66.3. Executing ABC9_EXE pass (technology mapping using ABC9).
21.66.4. Executing ABC9.
21.66.5. Executing XAIGER2 frontend.
21.67. Executing PORTARCS pass. (derive propagation arcs)
21.68. Executing ABC9_OPS pass (helper functions for ABC9).
21.69. Mapping module 'ALU_32_0_4_0_32_unused_CO[30:0]_X_Y_KOGGE_STONE'.
21.69.1. Executing ABC9_OPS pass (helper functions for ABC9).
21.69.2. Executing XAIGER2 backend.
21.69.3. Executing ABC9_EXE pass (technology mapping using ABC9).
21.69.4. Executing ABC9.
21.69.5. Executing XAIGER2 frontend.
21.70. Executing PORTARCS pass. (derive propagation arcs)
21.71. Executing ABC9_OPS pass (helper functions for ABC9).
21.72. Mapping module 'ALU_34_0_32_0_34_unused_CO[32:0]_Y_BRENT_KUNG'.
21.72.1. Executing ABC9_OPS pass (helper functions for ABC9).
21.72.2. Executing XAIGER2 backend.
21.72.3. Executing ABC9_EXE pass (technology mapping using ABC9).
21.72.4. Executing ABC9.
21.72.5. Executing XAIGER2 frontend.
21.73. Executing PORTARCS pass. (derive propagation arcs)
21.74. Executing ABC9_OPS pass (helper functions for ABC9).
21.75. Mapping module 'ALU_34_0_32_0_34_unused_CO[32:0]_Y_SKLANSKY'.
21.75.1. Executing ABC9_OPS pass (helper functions for ABC9).
21.75.2. Executing XAIGER2 backend.
21.75.3. Executing ABC9_EXE pass (technology mapping using ABC9).
21.75.4. Executing ABC9.
21.75.5. Executing XAIGER2 frontend.
21.76. Executing PORTARCS pass. (derive propagation arcs)
21.77. Executing ABC9_OPS pass (helper functions for ABC9).
21.78. Mapping module 'ALU_34_0_32_0_34_unused_CO[32:0]_Y_KOGGE_STONE'.
21.78.1. Executing ABC9_OPS pass (helper functions for ABC9).
21.78.2. Executing XAIGER2 backend.
21.78.3. Executing ABC9_EXE pass (technology mapping using ABC9).
21.78.4. Executing ABC9.
21.78.5. Executing XAIGER2 frontend.
21.79. Executing PORTARCS pass. (derive propagation arcs)
21.80. Executing ABC9_OPS pass (helper functions for ABC9).
21.81. Mapping module 'ALU_34_0_32_0_34_unused_CO[32:0]_X_Y_BRENT_KUNG'.
21.81.1. Executing ABC9_OPS pass (helper functions for ABC9).
21.81.2. Executing XAIGER2 backend.
21.81.3. Executing ABC9_EXE pass (technology mapping using ABC9).
21.81.4. Executing ABC9.
21.81.5. Executing XAIGER2 frontend.
21.82. Executing PORTARCS pass. (derive propagation arcs)
21.83. Executing ABC9_OPS pass (helper functions for ABC9).
21.84. Mapping module 'ALU_34_0_32_0_34_unused_CO[32:0]_X_Y_SKLANSKY'.
21.84.1. Executing ABC9_OPS pass (helper functions for ABC9).
21.84.2. Executing XAIGER2 backend.
21.84.3. Executing ABC9_EXE pass (technology mapping using ABC9).
21.84.4. Executing ABC9.
21.84.5. Executing XAIGER2 frontend.
21.85. Executing PORTARCS pass. (derive propagation arcs)
21.86. Executing ABC9_OPS pass (helper functions for ABC9).
21.87. Mapping module 'ALU_34_0_32_0_34_unused_CO[32:0]_X_Y_KOGGE_STONE'.
21.87.1. Executing ABC9_OPS pass (helper functions for ABC9).
21.87.2. Executing XAIGER2 backend.
21.87.3. Executing ABC9_EXE pass (technology mapping using ABC9).
21.87.4. Executing ABC9.
21.87.5. Executing XAIGER2 frontend.
21.88. Executing PORTARCS pass. (derive propagation arcs)
21.89. Executing ABC9_OPS pass (helper functions for ABC9).
21.90. Mapping module 'ALU_32_0_34_0_34_unused_CO[32:0]_Y_BRENT_KUNG'.
21.90.1. Executing ABC9_OPS pass (helper functions for ABC9).
21.90.2. Executing XAIGER2 backend.
21.90.3. Executing ABC9_EXE pass (technology mapping using ABC9).
21.90.4. Executing ABC9.
21.90.5. Executing XAIGER2 frontend.
21.91. Executing PORTARCS pass. (derive propagation arcs)
21.92. Executing ABC9_OPS pass (helper functions for ABC9).
21.93. Mapping module 'ALU_32_0_34_0_34_unused_CO[32:0]_Y_SKLANSKY'.
21.93.1. Executing ABC9_OPS pass (helper functions for ABC9).
21.93.2. Executing XAIGER2 backend.
21.93.3. Executing ABC9_EXE pass (technology mapping using ABC9).
21.93.4. Executing ABC9.
21.93.5. Executing XAIGER2 frontend.
21.94. Executing PORTARCS pass. (derive propagation arcs)
21.95. Executing ABC9_OPS pass (helper functions for ABC9).
21.96. Mapping module 'ALU_32_0_34_0_34_unused_CO[32:0]_Y_KOGGE_STONE'.
21.96.1. Executing ABC9_OPS pass (helper functions for ABC9).
21.96.2. Executing XAIGER2 backend.
21.96.3. Executing ABC9_EXE pass (technology mapping using ABC9).
21.96.4. Executing ABC9.
21.96.5. Executing XAIGER2 frontend.
21.97. Executing PORTARCS pass. (derive propagation arcs)
21.98. Executing ABC9_OPS pass (helper functions for ABC9).
21.99. Mapping module 'ALU_32_0_7_0_32_unused_CO[30:0]_X_Y_BRENT_KUNG'.
21.99.1. Executing ABC9_OPS pass (helper functions for ABC9).
21.99.2. Executing XAIGER2 backend.
21.99.3. Executing ABC9_EXE pass (technology mapping using ABC9).
21.99.4. Executing ABC9.
21.99.5. Executing XAIGER2 frontend.
21.100. Executing PORTARCS pass. (derive propagation arcs)
21.101. Executing ABC9_OPS pass (helper functions for ABC9).
21.102. Mapping module 'ALU_32_0_7_0_32_unused_CO[30:0]_X_Y_SKLANSKY'.
21.102.1. Executing ABC9_OPS pass (helper functions for ABC9).
21.102.2. Executing XAIGER2 backend.
21.102.3. Executing ABC9_EXE pass (technology mapping using ABC9).
21.102.4. Executing ABC9.
21.102.5. Executing XAIGER2 frontend.
21.103. Executing PORTARCS pass. (derive propagation arcs)
21.104. Executing ABC9_OPS pass (helper functions for ABC9).
21.105. Mapping module 'ALU_32_0_7_0_32_unused_CO[30:0]_X_Y_KOGGE_STONE'.
21.105.1. Executing ABC9_OPS pass (helper functions for ABC9).
21.105.2. Executing XAIGER2 backend.
21.105.3. Executing ABC9_EXE pass (technology mapping using ABC9).
21.105.4. Executing ABC9.
21.105.5. Executing XAIGER2 frontend.
21.106. Executing PORTARCS pass. (derive propagation arcs)
21.107. Executing ABC9_OPS pass (helper functions for ABC9).
21.108. Mapping module 'ALU_14_0_7_0_14_unused_CO[12:0]_X_Y_BRENT_KUNG'.
21.108.1. Executing ABC9_OPS pass (helper functions for ABC9).
21.108.2. Executing XAIGER2 backend.
21.108.3. Executing ABC9_EXE pass (technology mapping using ABC9).
21.108.4. Executing ABC9.
21.108.5. Executing XAIGER2 frontend.
21.109. Executing PORTARCS pass. (derive propagation arcs)
21.110. Executing ABC9_OPS pass (helper functions for ABC9).
21.111. Mapping module 'ALU_14_0_7_0_14_unused_CO[12:0]_X_Y_SKLANSKY'.
21.111.1. Executing ABC9_OPS pass (helper functions for ABC9).
21.111.2. Executing XAIGER2 backend.
21.111.3. Executing ABC9_EXE pass (technology mapping using ABC9).
21.111.4. Executing ABC9.
21.111.5. Executing XAIGER2 frontend.
21.112. Executing PORTARCS pass. (derive propagation arcs)
21.113. Executing ABC9_OPS pass (helper functions for ABC9).
21.114. Mapping module 'ALU_14_0_7_0_14_unused_CO[12:0]_X_Y_KOGGE_STONE'.
21.114.1. Executing ABC9_OPS pass (helper functions for ABC9).
21.114.2. Executing XAIGER2 backend.
21.114.3. Executing ABC9_EXE pass (technology mapping using ABC9).
21.114.4. Executing ABC9.
21.114.5. Executing XAIGER2 frontend.
21.115. Executing PORTARCS pass. (derive propagation arcs)
21.116. Executing ABC9_OPS pass (helper functions for ABC9).
21.117. Mapping module 'ALU_32_0_32_0_32_unused_CO[30:0]_Y_BRENT_KUNG'.
21.117.1. Executing ABC9_OPS pass (helper functions for ABC9).
21.117.2. Executing XAIGER2 backend.
21.117.3. Executing ABC9_EXE pass (technology mapping using ABC9).
21.117.4. Executing ABC9.
21.117.5. Executing XAIGER2 frontend.
21.118. Executing PORTARCS pass. (derive propagation arcs)
21.119. Executing ABC9_OPS pass (helper functions for ABC9).
21.120. Mapping module 'ALU_32_0_32_0_32_unused_CO[30:0]_Y_SKLANSKY'.
21.120.1. Executing ABC9_OPS pass (helper functions for ABC9).
21.120.2. Executing XAIGER2 backend.
21.120.3. Executing ABC9_EXE pass (technology mapping using ABC9).
21.120.4. Executing ABC9.
21.120.5. Executing XAIGER2 frontend.
21.121. Executing PORTARCS pass. (derive propagation arcs)
21.122. Executing ABC9_OPS pass (helper functions for ABC9).
21.123. Mapping module 'ALU_32_0_32_0_32_unused_CO[30:0]_Y_KOGGE_STONE'.
21.123.1. Executing ABC9_OPS pass (helper functions for ABC9).
21.123.2. Executing XAIGER2 backend.
21.123.3. Executing ABC9_EXE pass (technology mapping using ABC9).
21.123.4. Executing ABC9.
21.123.5. Executing XAIGER2 frontend.
21.124. Executing PORTARCS pass. (derive propagation arcs)
21.125. Executing ABC9_OPS pass (helper functions for ABC9).
21.126. Mapping module 'ALU_32_0_32_0_32_unused_CO[30:0]_X_Y_BRENT_KUNG'.
21.126.1. Executing ABC9_OPS pass (helper functions for ABC9).
21.126.2. Executing XAIGER2 backend.
21.126.3. Executing ABC9_EXE pass (technology mapping using ABC9).
21.126.4. Executing ABC9.
21.126.5. Executing XAIGER2 frontend.
21.127. Executing PORTARCS pass. (derive propagation arcs)
21.128. Executing ABC9_OPS pass (helper functions for ABC9).
21.129. Mapping module 'ALU_32_0_32_0_32_unused_CO[30:0]_X_Y_SKLANSKY'.
21.129.1. Executing ABC9_OPS pass (helper functions for ABC9).
21.129.2. Executing XAIGER2 backend.
21.129.3. Executing ABC9_EXE pass (technology mapping using ABC9).
21.129.4. Executing ABC9.
21.129.5. Executing XAIGER2 frontend.
21.130. Executing PORTARCS pass. (derive propagation arcs)
21.131. Executing ABC9_OPS pass (helper functions for ABC9).
21.132. Mapping module 'ALU_32_0_32_0_32_unused_CO[30:0]_X_Y_KOGGE_STONE'.
21.132.1. Executing ABC9_OPS pass (helper functions for ABC9).
21.132.2. Executing XAIGER2 backend.
21.132.3. Executing ABC9_EXE pass (technology mapping using ABC9).
21.132.4. Executing ABC9.
21.132.5. Executing XAIGER2 frontend.
21.133. Executing PORTARCS pass. (derive propagation arcs)
21.134. Executing ABC9_OPS pass (helper functions for ABC9).
21.135. Mapping module 'ALU_32_0_34_0_34_unused_CO[32:0]_X_Y_BRENT_KUNG'.
21.135.1. Executing ABC9_OPS pass (helper functions for ABC9).
21.135.2. Executing XAIGER2 backend.
21.135.3. Executing ABC9_EXE pass (technology mapping using ABC9).
21.135.4. Executing ABC9.
21.135.5. Executing XAIGER2 frontend.
21.136. Executing PORTARCS pass. (derive propagation arcs)
21.137. Executing ABC9_OPS pass (helper functions for ABC9).
21.138. Mapping module 'ALU_32_0_34_0_34_unused_CO[32:0]_X_Y_SKLANSKY'.
21.138.1. Executing ABC9_OPS pass (helper functions for ABC9).
21.138.2. Executing XAIGER2 backend.
21.138.3. Executing ABC9_EXE pass (technology mapping using ABC9).
21.138.4. Executing ABC9.
21.138.5. Executing XAIGER2 frontend.
21.139. Executing PORTARCS pass. (derive propagation arcs)
21.140. Executing ABC9_OPS pass (helper functions for ABC9).
21.141. Mapping module 'ALU_32_0_34_0_34_unused_CO[32:0]_X_Y_KOGGE_STONE'.
21.141.1. Executing ABC9_OPS pass (helper functions for ABC9).
21.141.2. Executing XAIGER2 backend.
21.141.3. Executing ABC9_EXE pass (technology mapping using ABC9).
21.141.4. Executing ABC9.
21.141.5. Executing XAIGER2 frontend.
21.142. Executing PORTARCS pass. (derive propagation arcs)
21.143. Executing ABC9_OPS pass (helper functions for ABC9).
21.144. Mapping module 'ALU_33_1_33_1_33_unused_CO[30:0]_X_Y[31:0]_BRENT_KUNG'.
21.144.1. Executing ABC9_OPS pass (helper functions for ABC9).
21.144.2. Executing XAIGER2 backend.
21.144.3. Executing ABC9_EXE pass (technology mapping using ABC9).
21.144.4. Executing ABC9.
Warning: ABC: execution of command ""/OpenROAD-flow-scripts/tools/install/yosys/bin/yosys-abc" -s -f /tmp/yosys-abc-BFMR2m/abc.script 2>&1" failed: return code 134.
21.144.5. Executing XAIGER2 frontend.
21.145. Executing PORTARCS pass. (derive propagation arcs)
21.146. Executing ABC9_OPS pass (helper functions for ABC9).
21.147. Mapping module 'ALU_33_1_33_1_33_unused_CO[30:0]_X_Y[31:0]_SKLANSKY'.
21.147.1. Executing ABC9_OPS pass (helper functions for ABC9).
21.147.2. Executing XAIGER2 backend.
21.147.3. Executing ABC9_EXE pass (technology mapping using ABC9).
21.147.4. Executing ABC9.
Warning: ABC: execution of command ""/OpenROAD-flow-scripts/tools/install/yosys/bin/yosys-abc" -s -f /tmp/yosys-abc-YXWeNl/abc.script 2>&1" failed: return code 134.
21.147.5. Executing XAIGER2 frontend.
21.148. Executing PORTARCS pass. (derive propagation arcs)
21.149. Executing ABC9_OPS pass (helper functions for ABC9).
21.150. Mapping module 'ALU_33_1_33_1_33_unused_CO[30:0]_X_Y[31:0]_KOGGE_STONE'.
21.150.1. Executing ABC9_OPS pass (helper functions for ABC9).
21.150.2. Executing XAIGER2 backend.
21.150.3. Executing ABC9_EXE pass (technology mapping using ABC9).
21.150.4. Executing ABC9.
21.150.5. Executing XAIGER2 frontend.
21.151. Executing PORTARCS pass. (derive propagation arcs)
21.152. Executing ABC9_OPS pass (helper functions for ABC9).
21.153. Mapping module 'ALU_64_0_64_0_64_unused_CO[61:0]_Y[62:0]_BRENT_KUNG'.
21.153.1. Executing ABC9_OPS pass (helper functions for ABC9).
21.153.2. Executing XAIGER2 backend.
21.153.3. Executing ABC9_EXE pass (technology mapping using ABC9).
21.153.4. Executing ABC9.
21.153.5. Executing XAIGER2 frontend.
21.154. Executing PORTARCS pass. (derive propagation arcs)
21.155. Executing ABC9_OPS pass (helper functions for ABC9).
21.156. Mapping module 'ALU_64_0_64_0_64_unused_CO[61:0]_Y[62:0]_SKLANSKY'.
21.156.1. Executing ABC9_OPS pass (helper functions for ABC9).
21.156.2. Executing XAIGER2 backend.
21.156.3. Executing ABC9_EXE pass (technology mapping using ABC9).
21.156.4. Executing ABC9.
21.156.5. Executing XAIGER2 frontend.
21.157. Executing PORTARCS pass. (derive propagation arcs)
21.158. Executing ABC9_OPS pass (helper functions for ABC9).
21.159. Mapping module 'ALU_64_0_64_0_64_unused_CO[61:0]_Y[62:0]_KOGGE_STONE'.
21.159.1. Executing ABC9_OPS pass (helper functions for ABC9).
21.159.2. Executing XAIGER2 backend.
21.159.3. Executing ABC9_EXE pass (technology mapping using ABC9).
21.159.4. Executing ABC9.
21.159.5. Executing XAIGER2 frontend.
21.160. Executing PORTARCS pass. (derive propagation arcs)
21.161. Executing ABC9_OPS pass (helper functions for ABC9).
21.162. Mapping module 'ALU_32_0_32_0_32_unused_CO_X_BRENT_KUNG'.
21.162.1. Executing ABC9_OPS pass (helper functions for ABC9).
21.162.2. Executing XAIGER2 backend.
21.162.3. Executing ABC9_EXE pass (technology mapping using ABC9).
21.162.4. Executing ABC9.
Warning: ABC: execution of command ""/OpenROAD-flow-scripts/tools/install/yosys/bin/yosys-abc" -s -f /tmp/yosys-abc-cCDLY3/abc.script 2>&1" failed: return code 134.
21.162.5. Executing XAIGER2 frontend.
21.163. Executing PORTARCS pass. (derive propagation arcs)
21.164. Executing ABC9_OPS pass (helper functions for ABC9).
21.165. Mapping module 'ALU_32_0_32_0_32_unused_CO_X_SKLANSKY'.
21.165.1. Executing ABC9_OPS pass (helper functions for ABC9).
21.165.2. Executing XAIGER2 backend.
21.165.3. Executing ABC9_EXE pass (technology mapping using ABC9).
21.165.4. Executing ABC9.
Warning: ABC: execution of command ""/OpenROAD-flow-scripts/tools/install/yosys/bin/yosys-abc" -s -f /tmp/yosys-abc-iMZvkb/abc.script 2>&1" failed: return code 134.
21.165.5. Executing XAIGER2 frontend.
21.166. Executing PORTARCS pass. (derive propagation arcs)
21.167. Executing ABC9_OPS pass (helper functions for ABC9).
21.168. Mapping module 'ALU_32_0_32_0_32_unused_CO_X_KOGGE_STONE'.
21.168.1. Executing ABC9_OPS pass (helper functions for ABC9).
21.168.2. Executing XAIGER2 backend.
21.168.3. Executing ABC9_EXE pass (technology mapping using ABC9).
21.168.4. Executing ABC9.
Warning: ABC: execution of command ""/OpenROAD-flow-scripts/tools/install/yosys/bin/yosys-abc" -s -f /tmp/yosys-abc-tnAXO8/abc.script 2>&1" failed: return code 134.
21.168.5. Executing XAIGER2 frontend.
21.169. Executing PORTARCS pass. (derive propagation arcs)
21.170. Executing ABC9_OPS pass (helper functions for ABC9).
21.171. Mapping module 'ALU_32_1_32_1_32_unused_CO_X_BRENT_KUNG'.
21.171.1. Executing ABC9_OPS pass (helper functions for ABC9).
21.171.2. Executing XAIGER2 backend.
21.171.3. Executing ABC9_EXE pass (technology mapping using ABC9).
21.171.4. Executing ABC9.
Warning: ABC: execution of command ""/OpenROAD-flow-scripts/tools/install/yosys/bin/yosys-abc" -s -f /tmp/yosys-abc-E5UuYW/abc.script 2>&1" failed: return code 134.
21.171.5. Executing XAIGER2 frontend.
21.172. Executing PORTARCS pass. (derive propagation arcs)
21.173. Executing ABC9_OPS pass (helper functions for ABC9).
21.174. Mapping module 'ALU_32_1_32_1_32_unused_CO_X_SKLANSKY'.
21.174.1. Executing ABC9_OPS pass (helper functions for ABC9).
21.174.2. Executing XAIGER2 backend.
21.174.3. Executing ABC9_EXE pass (technology mapping using ABC9).
21.174.4. Executing ABC9.
Warning: ABC: execution of command ""/OpenROAD-flow-scripts/tools/install/yosys/bin/yosys-abc" -s -f /tmp/yosys-abc-7ap6Lp/abc.script 2>&1" failed: return code 134.
21.174.5. Executing XAIGER2 frontend.
21.175. Executing PORTARCS pass. (derive propagation arcs)
21.176. Executing ABC9_OPS pass (helper functions for ABC9).
21.177. Mapping module 'ALU_32_1_32_1_32_unused_CO_X_KOGGE_STONE'.
21.177.1. Executing ABC9_OPS pass (helper functions for ABC9).
21.177.2. Executing XAIGER2 backend.
21.177.3. Executing ABC9_EXE pass (technology mapping using ABC9).
21.177.4. Executing ABC9.
Warning: ABC: execution of command ""/OpenROAD-flow-scripts/tools/install/yosys/bin/yosys-abc" -s -f /tmp/yosys-abc-o7vCKV/abc.script 2>&1" failed: return code 134.
21.177.5. Executing XAIGER2 frontend.
21.178. Executing PORTARCS pass. (derive propagation arcs)
21.179. Executing ABC9_OPS pass (helper functions for ABC9).
21.180. Mapping module 'ALU_16_0_1_0_16_unused_CO_X_BRENT_KUNG'.
21.180.1. Executing ABC9_OPS pass (helper functions for ABC9).
21.180.2. Executing XAIGER2 backend.
21.180.3. Executing ABC9_EXE pass (technology mapping using ABC9).
21.180.4. Executing ABC9.
Warning: ABC: execution of command ""/OpenROAD-flow-scripts/tools/install/yosys/bin/yosys-abc" -s -f /tmp/yosys-abc-jj6CqS/abc.script 2>&1" failed: return code 134.
21.180.5. Executing XAIGER2 frontend.
21.181. Executing PORTARCS pass. (derive propagation arcs)
21.182. Executing ABC9_OPS pass (helper functions for ABC9).
21.183. Mapping module 'ALU_16_0_1_0_16_unused_CO_X_SKLANSKY'.
21.183.1. Executing ABC9_OPS pass (helper functions for ABC9).
21.183.2. Executing XAIGER2 backend.
21.183.3. Executing ABC9_EXE pass (technology mapping using ABC9).
21.183.4. Executing ABC9.
Warning: ABC: execution of command ""/OpenROAD-flow-scripts/tools/install/yosys/bin/yosys-abc" -s -f /tmp/yosys-abc-P5QvX3/abc.script 2>&1" failed: return code 134.
21.183.5. Executing XAIGER2 frontend.
21.184. Executing PORTARCS pass. (derive propagation arcs)
21.185. Executing ABC9_OPS pass (helper functions for ABC9).
21.186. Mapping module 'ALU_16_0_1_0_16_unused_CO_X_KOGGE_STONE'.
21.186.1. Executing ABC9_OPS pass (helper functions for ABC9).
21.186.2. Executing XAIGER2 backend.
21.186.3. Executing ABC9_EXE pass (technology mapping using ABC9).
21.186.4. Executing ABC9.
Warning: ABC: execution of command ""/OpenROAD-flow-scripts/tools/install/yosys/bin/yosys-abc" -s -f /tmp/yosys-abc-uKaZ2W/abc.script 2>&1" failed: return code 134.
21.186.5. Executing XAIGER2 frontend.
21.187. Executing PORTARCS pass. (derive propagation arcs)
21.188. Executing ABC9_OPS pass (helper functions for ABC9).
21.189. Mapping module 'ALU_33_0_33_0_33_unused_CO_X_Y[0]_BRENT_KUNG'.
21.189.1. Executing ABC9_OPS pass (helper functions for ABC9).
21.189.2. Executing XAIGER2 backend.
21.189.3. Executing ABC9_EXE pass (technology mapping using ABC9).
21.189.4. Executing ABC9.
Warning: ABC: execution of command ""/OpenROAD-flow-scripts/tools/install/yosys/bin/yosys-abc" -s -f /tmp/yosys-abc-4t6qHj/abc.script 2>&1" failed: return code 134.
21.189.5. Executing XAIGER2 frontend.
21.190. Executing PORTARCS pass. (derive propagation arcs)
21.191. Executing ABC9_OPS pass (helper functions for ABC9).
21.192. Mapping module 'ALU_33_0_33_0_33_unused_CO_X_Y[0]_SKLANSKY'.
21.192.1. Executing ABC9_OPS pass (helper functions for ABC9).
21.192.2. Executing XAIGER2 backend.
21.192.3. Executing ABC9_EXE pass (technology mapping using ABC9).
21.192.4. Executing ABC9.
Warning: ABC: execution of command ""/OpenROAD-flow-scripts/tools/install/yosys/bin/yosys-abc" -s -f /tmp/yosys-abc-HP2tbP/abc.script 2>&1" failed: return code 134.
21.192.5. Executing XAIGER2 frontend.
21.193. Executing PORTARCS pass. (derive propagation arcs)
21.194. Executing ABC9_OPS pass (helper functions for ABC9).
21.195. Mapping module 'ALU_33_0_33_0_33_unused_CO_X_Y[0]_KOGGE_STONE'.
21.195.1. Executing ABC9_OPS pass (helper functions for ABC9).
21.195.2. Executing XAIGER2 backend.
21.195.3. Executing ABC9_EXE pass (technology mapping using ABC9).
21.195.4. Executing ABC9.
Warning: ABC: execution of command ""/OpenROAD-flow-scripts/tools/install/yosys/bin/yosys-abc" -s -f /tmp/yosys-abc-mwB2yc/abc.script 2>&1" failed: return code 134.
21.195.5. Executing XAIGER2 frontend.
21.196. Executing PORTARCS pass. (derive propagation arcs)
21.197. Executing ABC9_OPS pass (helper functions for ABC9).
21.198. Executing ABC9_OPS pass (helper functions for ABC9).
Took 260 seconds: abc_new -liberty ./platforms/asap7/lib/NLDM/asap7sc7p5t_AO_RVT_FF_nldm_211120.lib.gz -liberty ./platforms/asap7/lib/NLDM/asap7sc7p5t_INVBUF_RVT_FF_nldm_220122.lib.gz -liberty ./platforms/asap7/lib/NLDM/asap7sc7p5t_OA_RVT_FF_nldm_211120.lib.gz -liberty ./platforms/asap7/lib/NLDM/asap7sc7p5t_SIMPLE_RVT_FF_nldm_211120.lib.gz -liberty ./platforms/asap7/lib/NLDM/asap7sc7p5t_SEQ_RVT_FF_nldm_220123.lib -liberty ./platforms/asap7/lib/NLDM/asap7sc7p5t_AO_LVT_FF_nldm_211120.lib.gz -liberty ./platforms/asap7/lib/NLDM/asap7sc7p5t_INVBUF_LVT_FF_nldm_220122.lib.gz -liberty ./platforms/asap7/lib/NLDM/asap7sc7p5t_OA_LVT_FF_nldm_211120.lib.gz -liberty ./platforms/asap7/lib/NLDM/asap7sc7p5t_SIMPLE_LVT_FF_nldm_211120.lib.gz -liberty ./platforms/asap7/lib/NLDM/asap7sc7p5t_SEQ_LVT_FF_nldm_220123.lib -liberty ./platforms/asap7/lib/NLDM/asap7sc7p5t_AO_SLVT_FF_nldm_211120.lib.gz -liberty ./platforms/asap7/lib/NLDM/asap7sc7p5t_INVBUF_SLVT_FF_nldm_220122.lib.gz -liberty ./platforms/asap7/lib/NLDM/asap7sc7p5t_OA_SLVT_FF_nldm_211120.lib.gz -liberty ./platforms/asap7/lib/NLDM/asap7sc7p5t_SIMPLE_SLVT_FF_nldm_211120.lib.gz -liberty ./platforms/asap7/lib/NLDM/asap7sc7p5t_SEQ_SLVT_FF_nldm_220123.lib -liberty ./platforms/asap7/lib/NLDM/fakeram7_64x256.lib -liberty ./platforms/asap7/lib/NLDM/fakeram7_128x64.lib -liberty ./platforms/asap7/lib/NLDM/fakeram7_64x28.lib -liberty ./platforms/asap7/lib/NLDM/fakeram7_64x25.lib -dont_use *x1p*_ASAP7* -dont_use *xp*_ASAP7* -dont_use SDF* -dont_use ICG* -constr /tmp/workspace/scripts-Private_test-fr_cugr_cmp-1-/objects/asap7/cva6/base/abc.constr -D 1000
22. Executing SPLITNETS pass (splitting up multi-bit signals).
23. Executing OPT_CLEAN pass (remove unused cells and wires).
24. Executing HILOMAP pass (mapping to constant drivers).
25. Executing INSBUF pass (insert buffer cells for connected wires).
26. Executing CHECK pass (checking for obvious problems).
27. Printing statistics.
28. Executing CHECK pass (checking for obvious problems).
29. Executing Verilog backend.
29.1. Executing BMUXMAP pass.
29.2. Executing DEMUXMAP pass.
Warnings: 69 unique messages, 69 total
Warnings: 3 experimental features used (not excluded with -x).
End of script. Logfile hash: fffe8ea661, time: 383.00s, user: 248.61s, system: 3.76s, MEM: 1356.91 MB peak
Yosys 0.68+post (git sha1 UNKNOWN, Release, GNU /usr/local/bin/wrapped-cc/g++ 11.4.0)
Time spent: 42% 65x abc9_exe (185 sec), 14% 1x abc_new (65 sec), ...
Elapsed time: 6:23.35[h:]min:sec. CPU time: user 433.83 sys 4.50 (114%). Peak memory: 1389476KB.
Log                       Ext     Elapsed/s Peak Memory/MB sha1sum result [0:20)
1_2_yosys                 .v            383           1356 1f542e5a81cd52225b1d
cp /OpenROAD-flow-scripts/flow/designs/asap7/cva6/constraint.sdc /tmp/workspace/scripts-Private_test-fr_cugr_cmp-1-/results/asap7/cva6/base/1_2_yosys.sdc
touch -r /OpenROAD-flow-scripts/flow/designs/asap7/cva6/constraint.sdc /tmp/workspace/scripts-Private_test-fr_cugr_cmp-1-/results/asap7/cva6/base/1_2_yosys.sdc
OpenROAD 26Q3-1464-gb22abfea20 
Features included (+) or not (-): +GPU +GUI +Python
This program is licensed under the BSD-3 license. See the LICENSE file for details.
Components of this program may be licensed under more restrictive licenses which must be honored.
[INFO ORD-0030] Using 32 thread(s).
mkdir -p /tmp/workspace/scripts-Private_test-fr_cugr_cmp-1-/objects/asap7/cva6/base
/OpenROAD-flow-scripts/flow/scripts/flow.sh 1_synth synth_odb
Running synth_odb.tcl, stage 1_synth
source ./platforms/asap7/liberty_suppressions.tcl
read_liberty ./platforms/asap7/lib/NLDM/asap7sc7p5t_AO_RVT_FF_nldm_211120.lib.gz
read_liberty ./platforms/asap7/lib/NLDM/asap7sc7p5t_INVBUF_RVT_FF_nldm_220122.lib.gz
read_liberty ./platforms/asap7/lib/NLDM/asap7sc7p5t_OA_RVT_FF_nldm_211120.lib.gz
read_liberty ./platforms/asap7/lib/NLDM/asap7sc7p5t_SIMPLE_RVT_FF_nldm_211120.lib.gz
read_liberty ./platforms/asap7/lib/NLDM/asap7sc7p5t_SEQ_RVT_FF_nldm_220123.lib
read_liberty ./platforms/asap7/lib/NLDM/asap7sc7p5t_AO_LVT_FF_nldm_211120.lib.gz
read_liberty ./platforms/asap7/lib/NLDM/asap7sc7p5t_INVBUF_LVT_FF_nldm_220122.lib.gz
read_liberty ./platforms/asap7/lib/NLDM/asap7sc7p5t_OA_LVT_FF_nldm_211120.lib.gz
read_liberty ./platforms/asap7/lib/NLDM/asap7sc7p5t_SIMPLE_LVT_FF_nldm_211120.lib.gz
read_liberty ./platforms/asap7/lib/NLDM/asap7sc7p5t_SEQ_LVT_FF_nldm_220123.lib
read_liberty ./platforms/asap7/lib/NLDM/asap7sc7p5t_AO_SLVT_FF_nldm_211120.lib.gz
read_liberty ./platforms/asap7/lib/NLDM/asap7sc7p5t_INVBUF_SLVT_FF_nldm_220122.lib.gz
read_liberty ./platforms/asap7/lib/NLDM/asap7sc7p5t_OA_SLVT_FF_nldm_211120.lib.gz
read_liberty ./platforms/asap7/lib/NLDM/asap7sc7p5t_SIMPLE_SLVT_FF_nldm_211120.lib.gz
read_liberty ./platforms/asap7/lib/NLDM/asap7sc7p5t_SEQ_SLVT_FF_nldm_220123.lib
read_liberty ./platforms/asap7/lib/NLDM/fakeram7_64x256.lib
read_liberty ./platforms/asap7/lib/NLDM/fakeram7_128x64.lib
read_liberty ./platforms/asap7/lib/NLDM/fakeram7_64x28.lib
read_liberty ./platforms/asap7/lib/NLDM/fakeram7_64x25.lib
[INFO ODB-0227] LEF file: ./platforms/asap7/lef/asap7_tech_1x_201209.lef, created 30 layers, 9 vias
[INFO ODB-0227] LEF file: ./platforms/asap7/lef/asap7sc7p5t_28_R_1x_220121a.lef, created 212 library cells
[INFO ODB-0227] LEF file: ./platforms/asap7/lef/fakeram7_64x256.lef, created 1 library cells
[INFO ODB-0227] LEF file: ./platforms/asap7/lef/fakeram7_128x64.lef, created 1 library cells
[INFO ODB-0227] LEF file: ./platforms/asap7/lef/fakeram7_64x28.lef, created 1 library cells
[INFO ODB-0227] LEF file: ./platforms/asap7/lef/fakeram7_64x25.lef, created 1 library cells
[INFO ODB-0394] Duplicate site asap7sc7p5t in asap7sc7p5t_28_L_1x_220121a already seen in asap7sc7p5t_28_R_1x_220121a
[INFO ODB-0227] LEF file: ./platforms/asap7/lef/asap7sc7p5t_28_L_1x_220121a.lef, created 212 library cells
[INFO ODB-0394] Duplicate site asap7sc7p5t in asap7sc7p5t_28_SL_1x_220121a already seen in asap7sc7p5t_28_R_1x_220121a
[INFO ODB-0227] LEF file: ./platforms/asap7/lef/asap7sc7p5t_28_SL_1x_220121a.lef, created 212 library cells
link_design -hier cva6
[WARNING ORD-0011] Hierarchical flow (-hier) is currently in development and may cause multiple issues. Do not use in production environments.
read_sdc /tmp/workspace/scripts-Private_test-fr_cugr_cmp-1-/results/asap7/cva6/base/1_2_yosys.sdc
[WARNING STA-0366] port 'rvfi_probes_o' not found.
[WARNING STA-0473] no valid objects specified for -to.
source ./platforms/asap7/setRC.tcl
eliminate_dead_logic
Removed 79 unused instances and 82 unused nets.
Design area 16323 um^2 100% utilization.
write_db /tmp/workspace/scripts-Private_test-fr_cugr_cmp-1-/results/asap7/cva6/base/1_synth.odb
write_sdc -no_timestamp /tmp/workspace/scripts-Private_test-fr_cugr_cmp-1-/results/asap7/cva6/base/1_synth.sdc
Elapsed time: 0:05.71[h:]min:sec. CPU time: user 5.60 sys 0.12 (100%). Peak memory: 662708KB.
Log                       Ext     Elapsed/s Peak Memory/MB sha1sum result [0:20)
1_synth                   .odb            5            647 f86b6d6e08c66e35cc61
1_synth                   .sdc                             d0187f6e78466b387185
/OpenROAD-flow-scripts/flow/scripts/flow.sh 2_1_floorplan floorplan
Running floorplan.tcl, stage 2_1_floorplan
source ./platforms/asap7/liberty_suppressions.tcl
read_liberty ./platforms/asap7/lib/NLDM/asap7sc7p5t_AO_RVT_FF_nldm_211120.lib.gz
read_liberty ./platforms/asap7/lib/NLDM/asap7sc7p5t_INVBUF_RVT_FF_nldm_220122.lib.gz
read_liberty ./platforms/asap7/lib/NLDM/asap7sc7p5t_OA_RVT_FF_nldm_211120.lib.gz
read_liberty ./platforms/asap7/lib/NLDM/asap7sc7p5t_SIMPLE_RVT_FF_nldm_211120.lib.gz
read_liberty ./platforms/asap7/lib/NLDM/asap7sc7p5t_SEQ_RVT_FF_nldm_220123.lib
read_liberty ./platforms/asap7/lib/NLDM/asap7sc7p5t_AO_LVT_FF_nldm_211120.lib.gz
read_liberty ./platforms/asap7/lib/NLDM/asap7sc7p5t_INVBUF_LVT_FF_nldm_220122.lib.gz
read_liberty ./platforms/asap7/lib/NLDM/asap7sc7p5t_OA_LVT_FF_nldm_211120.lib.gz
read_liberty ./platforms/asap7/lib/NLDM/asap7sc7p5t_SIMPLE_LVT_FF_nldm_211120.lib.gz
read_liberty ./platforms/asap7/lib/NLDM/asap7sc7p5t_SEQ_LVT_FF_nldm_220123.lib
read_liberty ./platforms/asap7/lib/NLDM/asap7sc7p5t_AO_SLVT_FF_nldm_211120.lib.gz
read_liberty ./platforms/asap7/lib/NLDM/asap7sc7p5t_INVBUF_SLVT_FF_nldm_220122.lib.gz
read_liberty ./platforms/asap7/lib/NLDM/asap7sc7p5t_OA_SLVT_FF_nldm_211120.lib.gz
read_liberty ./platforms/asap7/lib/NLDM/asap7sc7p5t_SIMPLE_SLVT_FF_nldm_211120.lib.gz
read_liberty ./platforms/asap7/lib/NLDM/asap7sc7p5t_SEQ_SLVT_FF_nldm_220123.lib
read_liberty ./platforms/asap7/lib/NLDM/fakeram7_64x256.lib
read_liberty ./platforms/asap7/lib/NLDM/fakeram7_128x64.lib
read_liberty ./platforms/asap7/lib/NLDM/fakeram7_64x28.lib
read_liberty ./platforms/asap7/lib/NLDM/fakeram7_64x25.lib
read_db -hier /tmp/workspace/scripts-Private_test-fr_cugr_cmp-1-/results/asap7/cva6/base/1_synth.odb
[WARNING ORD-0012] Hierarchical flow (-hier) is currently in development and may cause multiple issues. Do not use in production environments.
read_sdc /tmp/workspace/scripts-Private_test-fr_cugr_cmp-1-/results/asap7/cva6/base/1_synth.sdc
source ./platforms/asap7/setRC.tcl

==========================================================================
Floorplan check_setup
--------------------------------------------------------------------------
Warning: There are 330 input ports missing set_input_delay.
Warning: There are 429 output ports missing set_output_delay.
Warning: There are 431 unconstrained endpoints.
number instances in verilog is 98513
[INFO IFP-0107] Defining die area using utilization: 70.00% and aspect ratio: 1.
[WARNING IFP-0028] Core area lower left (2.000, 2.000) snapped to (2.052, 2.160).
[INFO IFP-0001] Added 564 rows of 2826 site asap7sc7p5t.
[INFO IFP-0100] Die BBox:  (  0.000  0.000 ) ( 156.706 156.706 ) um
[INFO IFP-0101] Core BBox: (  2.052  2.160 ) ( 154.656 154.440 ) um
[INFO IFP-0102] Core area:                        23238.537 um^2
[INFO IFP-0103] Total instances area:             16323.459 um^2
[INFO IFP-0104] Effective utilization:                0.702
[INFO IFP-0105] Number of instances:                  98448
source ./platforms/asap7/openRoad/make_tracks.tcl
source ./platforms/asap7/fastroute.tcl
Repair tie lo fanout...
[INFO RSZ-0042] Inserted 1021 tie TIELOx1_ASAP7_75t_R instances.
Repair tie hi fanout...
[INFO RSZ-0042] Inserted 6822 tie TIEHIx1_ASAP7_75t_R instances.
replace_arith_modules -path_count 1000 -target setup -slack_threshold 0.0
[INFO RSZ-0151] Starting arithmetic module replacement to optimize 'setup' target
[INFO RSZ-0152] Analyzing 1000 critical paths with slack < 0.00
[INFO RSZ-0153] Identified 6505 violating endpoints
[INFO RSZ-0154] Identified 0 critical arithmetic instances
repair_timing -setup_margin 0 -hold_margin 0 -repair_tns 100 -setup -skip_last_gasp -sequence unbuffer,sizeup,swap,vt_swap -verbose
[WARNING EST-0027] no estimated parasitics. Using wire load models.
[INFO RSZ-0100] Repair move sequence: UnbufferMove SizeUpMove SwapPinsMove VtSwapMove 
[INFO RSZ-0094] Found 6505 endpoints with setup violations.
[INFO RSZ-0099] Repairing 6505 out of 6505 (100.00%) violating endpoints...
   Iter   | Removed | Resized | Inserted | Cloned |  Pin  |   Area   |    WNS   |   StTNS    |   EnTNS    |  Viol  |  Worst  
          | Buffers |  Gates  | Buffers  |  Gates | Swaps |          |          |            |            | Endpts | St/EnPt 
------------------------------------------------------------------------------------------------------------------------------
       0* |       0 |       0 |        0 |      0 |     0 |    +0.0% | -3901.310 | -2119006.2 | -8811990.0 |   6505 | id_stage_i.issue_entry_o\[491\]$_DFFE_PN0P_/D
      10* |       0 |       3 |        0 |      0 |     6 |    +0.0% | -3358.268 | -1208129.5 | -8681404.0 |   6505 | id_stage_i.issue_entry_o\[491\]$_DFFE_PN0P_/D
      20* |       0 |       8 |        0 |      0 |    11 |    +0.0% | -3348.294 | -1203994.9 | -8668558.0 |   6505 | id_stage_i.issue_entry_o\[491\]$_DFFE_PN0P_/D
      23* |       0 |       9 |        0 |      0 |    13 |    +0.0% | -3344.113 | -1203974.6 | -8663787.0 |   6505 | id_stage_i.issue_entry_o\[491\]$_DFFE_PN0P_/D
      25* |       0 |       9 |        0 |      0 |    14 |    +0.0% | -3344.067 | -1203896.2 | -8663764.0 |   6505 | id_stage_i.issue_entry_o\[491\]$_DFFE_PN0P_/D
      27* |       0 |       9 |        0 |      0 |    15 |    +0.0% | -3344.021 | -1203814.6 | -8663741.0 |   6505 | id_stage_i.issue_entry_o\[491\]$_DFFE_PN0P_/D
      29* |       0 |       9 |        0 |      0 |    16 |    +0.0% | -3343.975 | -1203735.4 | -8663717.0 |   6505 | id_stage_i.issue_entry_o\[491\]$_DFFE_PN0P_/D
      30* |       0 |       9 |        0 |      0 |    16 |    +0.0% | -3343.975 | -1203735.4 | -8663717.0 |   6505 | id_stage_i.issue_entry_o\[491\]$_DFFE_PN0P_/D
      31* |       0 |       9 |        0 |      0 |    17 |    +0.0% | -3343.930 | -1203655.0 | -8663695.0 |   6505 | id_stage_i.issue_entry_o\[491\]$_DFFE_PN0P_/D
      33* |       0 |       9 |        0 |      0 |    18 |    +0.0% | -3343.884 | -1203573.9 | -8663671.0 |   6505 | id_stage_i.issue_entry_o\[491\]$_DFFE_PN0P_/D
      35* |       0 |       9 |        0 |      0 |    19 |    +0.0% | -3343.838 | -1203495.2 | -8663648.0 |   6505 | id_stage_i.issue_entry_o\[491\]$_DFFE_PN0P_/D
      37* |       0 |       9 |        0 |      0 |    20 |    +0.0% | -3343.793 | -1203413.5 | -8663625.0 |   6505 | id_stage_i.issue_entry_o\[491\]$_DFFE_PN0P_/D
      39* |       0 |       9 |        0 |      0 |    21 |    +0.0% | -3343.747 | -1203333.8 | -8663601.0 |   6505 | id_stage_i.issue_entry_o\[491\]$_DFFE_PN0P_/D
      40* |       0 |       9 |        0 |      0 |    21 |    +0.0% | -3343.747 | -1203333.8 | -8663601.0 |   6505 | id_stage_i.issue_entry_o\[491\]$_DFFE_PN0P_/D
      41* |       0 |       9 |        0 |      0 |    22 |    +0.0% | -3343.701 | -1203253.6 | -8663578.0 |   6505 | id_stage_i.issue_entry_o\[491\]$_DFFE_PN0P_/D
      43* |       0 |       9 |        0 |      0 |    23 |    +0.0% | -3343.655 | -1203172.8 | -8663555.0 |   6505 | id_stage_i.issue_entry_o\[491\]$_DFFE_PN0P_/D
      45* |       0 |       9 |        0 |      0 |    24 |    +0.0% | -3343.609 | -1203093.8 | -8663532.0 |   6505 | id_stage_i.issue_entry_o\[491\]$_DFFE_PN0P_/D
      47* |       0 |       9 |        0 |      0 |    25 |    +0.0% | -3343.563 | -1203011.6 | -8663508.0 |   6505 | id_stage_i.issue_entry_o\[491\]$_DFFE_PN0P_/D
      49* |       0 |       9 |        0 |      0 |    26 |    +0.0% | -3343.518 | -1202933.1 | -8663485.0 |   6505 | id_stage_i.issue_entry_o\[491\]$_DFFE_PN0P_/D
      50* |       0 |       9 |        0 |      0 |    26 |    +0.0% | -3343.518 | -1202933.1 | -8663485.0 |   6505 | id_stage_i.issue_entry_o\[491\]$_DFFE_PN0P_/D
      51* |       0 |       9 |        0 |      0 |    27 |    +0.0% | -3343.472 | -1202852.8 | -8663462.0 |   6505 | id_stage_i.issue_entry_o\[491\]$_DFFE_PN0P_/D
      53* |       0 |       9 |        0 |      0 |    28 |    +0.0% | -3343.426 | -1202771.2 | -8663439.0 |   6505 | id_stage_i.issue_entry_o\[491\]$_DFFE_PN0P_/D
      55* |       0 |       9 |        0 |      0 |    29 |    +0.0% | -3343.380 | -1202692.6 | -8663415.0 |   6505 | id_stage_i.issue_entry_o\[491\]$_DFFE_PN0P_/D
      57* |       0 |       9 |        0 |      0 |    30 |    +0.0% | -3343.334 | -1202609.9 | -8663393.0 |   6505 | id_stage_i.issue_entry_o\[491\]$_DFFE_PN0P_/D
      59* |       0 |       9 |        0 |      0 |    31 |    +0.0% | -3343.289 | -1202532.2 | -8663369.0 |   6505 | id_stage_i.issue_entry_o\[491\]$_DFFE_PN0P_/D
      60* |       0 |       9 |        0 |      0 |    31 |    +0.0% | -3343.289 | -1202532.2 | -8663369.0 |   6505 | id_stage_i.issue_entry_o\[491\]$_DFFE_PN0P_/D
      61* |       0 |       9 |        0 |      0 |    32 |    +0.0% | -3343.243 | -1202451.8 | -8663346.0 |   6505 | id_stage_i.issue_entry_o\[491\]$_DFFE_PN0P_/D
      63* |       0 |       9 |        0 |      0 |    33 |    +0.0% | -3343.197 | -1202370.0 | -8663323.0 |   6505 | id_stage_i.issue_entry_o\[491\]$_DFFE_PN0P_/D
      65* |       0 |       9 |        0 |      0 |    34 |    +0.0% | -3343.151 | -1202290.8 | -8663299.0 |   6505 | id_stage_i.issue_entry_o\[491\]$_DFFE_PN0P_/D
      67* |       0 |       9 |        0 |      0 |    35 |    +0.0% | -3343.105 | -1202208.6 | -8663276.0 |   6505 | id_stage_i.issue_entry_o\[491\]$_DFFE_PN0P_/D
      69* |       0 |       9 |        0 |      0 |    36 |    +0.0% | -3343.060 | -1202130.9 | -8663253.0 |   6505 | id_stage_i.issue_entry_o\[491\]$_DFFE_PN0P_/D
      70* |       0 |       9 |        0 |      0 |    36 |    +0.0% | -3343.060 | -1202130.9 | -8663253.0 |   6505 | id_stage_i.issue_entry_o\[491\]$_DFFE_PN0P_/D
      71* |       0 |       9 |        0 |      0 |    37 |    +0.0% | -3343.014 | -1202049.9 | -8663230.0 |   6505 | id_stage_i.issue_entry_o\[491\]$_DFFE_PN0P_/D
      73* |       0 |       9 |        0 |      0 |    38 |    +0.0% | -3342.968 | -1201968.5 | -8663207.0 |   6505 | id_stage_i.issue_entry_o\[491\]$_DFFE_PN0P_/D
      75* |       0 |       9 |        0 |      0 |    39 |    +0.0% | -3342.922 | -1201888.8 | -8663184.0 |   6505 | id_stage_i.issue_entry_o\[491\]$_DFFE_PN0P_/D
      77* |       0 |       9 |        0 |      0 |    40 |    +0.0% | -3342.877 | -1201807.0 | -8663161.0 |   6505 | id_stage_i.issue_entry_o\[491\]$_DFFE_PN0P_/D
      79* |       0 |       9 |        0 |      0 |    41 |    +0.0% | -3342.831 | -1201729.2 | -8663137.0 |   6505 | id_stage_i.issue_entry_o\[491\]$_DFFE_PN0P_/D
      80* |       0 |       9 |        0 |      0 |    41 |    +0.0% | -3342.831 | -1201729.2 | -8663137.0 |   6505 | id_stage_i.issue_entry_o\[491\]$_DFFE_PN0P_/D
      81* |       0 |       9 |        0 |      0 |    42 |    +0.0% | -3342.785 | -1201648.2 | -8663114.0 |   6505 | id_stage_i.issue_entry_o\[491\]$_DFFE_PN0P_/D
      83* |       0 |       9 |        0 |      0 |    43 |    +0.0% | -3342.740 | -1201567.4 | -8663091.0 |   6505 | id_stage_i.issue_entry_o\[491\]$_DFFE_PN0P_/D
      85* |       0 |       9 |        0 |      0 |    43 |    +0.0% | -3342.740 | -1201567.4 | -8663091.0 |   6505 | id_stage_i.issue_entry_o\[491\]$_DFFE_PN0P_/D
      87* |       0 |       9 |        0 |      0 |    43 |    +0.0% | -3342.740 | -1201567.4 | -8663091.0 |   6505 | id_stage_i.issue_entry_o\[491\]$_DFFE_PN0P_/D
      89* |       0 |       9 |        0 |      0 |    43 |    +0.0% | -3342.740 | -1201567.4 | -8663091.0 |   6505 | id_stage_i.issue_entry_o\[491\]$_DFFE_PN0P_/D
      90* |       0 |       9 |        0 |      0 |    43 |    +0.0% | -3342.740 | -1201567.4 | -8663091.0 |   6505 | id_stage_i.issue_entry_o\[491\]$_DFFE_PN0P_/D
      91* |       0 |       9 |        0 |      0 |    43 |    +0.0% | -3342.740 | -1201567.4 | -8663091.0 |   6505 | id_stage_i.issue_entry_o\[491\]$_DFFE_PN0P_/D
      93* |       0 |       9 |        0 |      0 |    43 |    +0.0% | -3342.740 | -1201567.4 | -8663091.0 |   6505 | id_stage_i.issue_entry_o\[491\]$_DFFE_PN0P_/D
      95* |       0 |       9 |        0 |      0 |    43 |    +0.0% | -3342.740 | -1201567.4 | -8663091.0 |   6505 | id_stage_i.issue_entry_o\[491\]$_DFFE_PN0P_/D
      97* |       0 |       9 |        0 |      0 |    43 |    +0.0% | -3342.740 | -1201567.4 | -8663091.0 |   6505 | id_stage_i.issue_entry_o\[491\]$_DFFE_PN0P_/D
      99* |       0 |       9 |        0 |      0 |    43 |    +0.0% | -3342.740 | -1201567.4 | -8663091.0 |   6505 | id_stage_i.issue_entry_o\[491\]$_DFFE_PN0P_/D
     100* |       0 |       9 |        0 |      0 |    43 |    +0.0% | -3342.740 | -1201567.4 | -8663091.0 |   6505 | id_stage_i.issue_entry_o\[491\]$_DFFE_PN0P_/D
     101* |       0 |       9 |        0 |      0 |    43 |    +0.0% | -3342.740 | -1201567.4 | -8663091.0 |   6505 | id_stage_i.issue_entry_o\[491\]$_DFFE_PN0P_/D
     103* |       0 |       9 |        0 |      0 |    43 |    +0.0% | -3342.740 | -1201567.4 | -8663091.0 |   6505 | id_stage_i.issue_entry_o\[491\]$_DFFE_PN0P_/D
     105* |       0 |       9 |        0 |      0 |    43 |    +0.0% | -3342.740 | -1201567.4 | -8663091.0 |   6505 | id_stage_i.issue_entry_o\[491\]$_DFFE_PN0P_/D
     107* |       0 |       9 |        0 |      0 |    43 |    +0.0% | -3342.740 | -1201567.5 | -8663091.0 |   6505 | id_stage_i.issue_entry_o\[491\]$_DFFE_PN0P_/D
     109* |       0 |       9 |        0 |      0 |    43 |    +0.0% | -3342.740 | -1201567.5 | -8663091.0 |   6505 | id_stage_i.issue_entry_o\[491\]$_DFFE_PN0P_/D
     110* |       0 |       9 |        0 |      0 |    43 |    +0.0% | -3342.740 | -1201567.5 | -8663091.0 |   6505 | id_stage_i.issue_entry_o\[491\]$_DFFE_PN0P_/D
     111* |       0 |       9 |        0 |      0 |    43 |    +0.0% | -3342.740 | -1201567.5 | -8663091.0 |   6505 | id_stage_i.issue_entry_o\[491\]$_DFFE_PN0P_/D
     113* |       0 |       9 |        0 |      0 |    43 |    +0.0% | -3342.740 | -1201567.5 | -8663091.0 |   6505 | id_stage_i.issue_entry_o\[491\]$_DFFE_PN0P_/D
     115* |       0 |       9 |        0 |      0 |    43 |    +0.0% | -3342.740 | -1201567.5 | -8663091.0 |   6505 | id_stage_i.issue_entry_o\[491\]$_DFFE_PN0P_/D
     117* |       0 |       9 |        0 |      0 |    43 |    +0.0% | -3342.740 | -1201567.5 | -8663091.0 |   6505 | id_stage_i.issue_entry_o\[491\]$_DFFE_PN0P_/D
     119* |       0 |       9 |        0 |      0 |    43 |    +0.0% | -3342.740 | -1201567.5 | -8663091.0 |   6505 | id_stage_i.issue_entry_o\[491\]$_DFFE_PN0P_/D
     120* |       0 |       9 |        0 |      0 |    43 |    +0.0% | -3342.740 | -1201567.5 | -8663091.0 |   6505 | id_stage_i.issue_entry_o\[491\]$_DFFE_PN0P_/D
     121* |       0 |       9 |        0 |      0 |    43 |    +0.0% | -3342.740 | -1201567.5 | -8663091.0 |   6505 | id_stage_i.issue_entry_o\[491\]$_DFFE_PN0P_/D
     123* |       0 |       9 |        0 |      0 |    43 |    +0.0% | -3342.740 | -1201567.4 | -8663091.0 |   6505 | id_stage_i.issue_entry_o\[491\]$_DFFE_PN0P_/D
     125* |       0 |       9 |        0 |      0 |    43 |    +0.0% | -3342.740 | -1201567.5 | -8663091.0 |   6505 | id_stage_i.issue_entry_o\[491\]$_DFFE_PN0P_/D
     127* |       0 |       9 |        0 |      0 |    43 |    +0.0% | -3342.740 | -1201567.5 | -8663091.0 |   6505 | id_stage_i.issue_entry_o\[491\]$_DFFE_PN0P_/D
     129* |       0 |       9 |        0 |      0 |    43 |    +0.0% | -3342.740 | -1201567.4 | -8663091.0 |   6505 | id_stage_i.issue_entry_o\[491\]$_DFFE_PN0P_/D
     130* |       0 |       9 |        0 |      0 |    43 |    +0.0% | -3342.740 | -1201567.4 | -8663091.0 |   6505 | id_stage_i.issue_entry_o\[491\]$_DFFE_PN0P_/D
     131* |       0 |       9 |        0 |      0 |    43 |    +0.0% | -3342.740 | -1201567.4 | -8663091.0 |   6505 | id_stage_i.issue_entry_o\[491\]$_DFFE_PN0P_/D
     133* |       0 |       9 |        0 |      0 |    43 |    +0.0% | -3342.740 | -1201567.5 | -8663091.0 |   6505 | id_stage_i.issue_entry_o\[491\]$_DFFE_PN0P_/D
     135* |       0 |       9 |        0 |      0 |    43 |    +0.0% | -3342.740 | -1201567.4 | -8663091.0 |   6505 | id_stage_i.issue_entry_o\[491\]$_DFFE_PN0P_/D
     137* |       0 |       9 |        0 |      0 |    43 |    +0.0% | -3342.740 | -1201567.4 | -8663091.0 |   6505 | id_stage_i.issue_entry_o\[491\]$_DFFE_PN0P_/D
     139* |       0 |       9 |        0 |      0 |    43 |    +0.0% | -3342.740 | -1201567.4 | -8663091.0 |   6505 | id_stage_i.issue_entry_o\[491\]$_DFFE_PN0P_/D
     140* |       0 |       9 |        0 |      0 |    43 |    +0.0% | -3342.740 | -1201567.4 | -8663091.0 |   6505 | id_stage_i.issue_entry_o\[491\]$_DFFE_PN0P_/D
     141* |       0 |       9 |        0 |      0 |    43 |    +0.0% | -3342.740 | -1201567.4 | -8663091.0 |   6505 | id_stage_i.issue_entry_o\[491\]$_DFFE_PN0P_/D
     143* |       0 |       9 |        0 |      0 |    43 |    +0.0% | -3342.740 | -1201567.5 | -8663091.0 |   6505 | id_stage_i.issue_entry_o\[491\]$_DFFE_PN0P_/D
     145* |       0 |       9 |        0 |      0 |    43 |    +0.0% | -3342.740 | -1201567.5 | -8663091.0 |   6505 | id_stage_i.issue_entry_o\[491\]$_DFFE_PN0P_/D
     147* |       0 |       9 |        0 |      0 |    43 |    +0.0% | -3342.740 | -1201567.5 | -8663091.0 |   6505 | id_stage_i.issue_entry_o\[491\]$_DFFE_PN0P_/D
     149* |       0 |       9 |        0 |      0 |    43 |    +0.0% | -3342.740 | -1201567.5 | -8663091.0 |   6505 | id_stage_i.issue_entry_o\[491\]$_DFFE_PN0P_/D
     150* |       0 |       9 |        0 |      0 |    43 |    +0.0% | -3342.740 | -1201567.5 | -8663091.0 |   6505 | id_stage_i.issue_entry_o\[491\]$_DFFE_PN0P_/D
     151* |       0 |       9 |        0 |      0 |    43 |    +0.0% | -3342.740 | -1201567.6 | -8663091.0 |   6505 | id_stage_i.issue_entry_o\[491\]$_DFFE_PN0P_/D
     153* |       0 |       9 |        0 |      0 |    43 |    +0.0% | -3342.740 | -1201567.6 | -8663091.0 |   6505 | id_stage_i.issue_entry_o\[491\]$_DFFE_PN0P_/D
     155* |       0 |       9 |        0 |      0 |    44 |    +0.0% | -3342.505 | -1201157.6 | -8663082.0 |   6505 | id_stage_i.issue_entry_o\[491\]$_DFFE_PN0P_/D
     157* |       0 |       9 |        0 |      0 |    45 |    +0.0% | -3342.271 | -1200747.0 | -8663073.0 |   6505 | id_stage_i.issue_entry_o\[491\]$_DFFE_PN0P_/D
     159* |       0 |       9 |        0 |      0 |    46 |    +0.0% | -3342.036 | -1200337.8 | -8663063.0 |   6505 | id_stage_i.issue_entry_o\[491\]$_DFFE_PN0P_/D
     160* |       0 |       9 |        0 |      0 |    46 |    +0.0% | -3342.036 | -1200337.8 | -8663063.0 |   6505 | id_stage_i.issue_entry_o\[491\]$_DFFE_PN0P_/D
     161* |       0 |       9 |        0 |      0 |    47 |    +0.0% | -3341.802 | -1199927.0 | -8663054.0 |   6505 | id_stage_i.issue_entry_o\[491\]$_DFFE_PN0P_/D
     163* |       0 |       9 |        0 |      0 |    48 |    +0.0% | -3341.568 | -1199516.4 | -8663045.0 |   6505 | id_stage_i.issue_entry_o\[491\]$_DFFE_PN0P_/D
     165* |       0 |       9 |        0 |      0 |    48 |    +0.0% | -3341.568 | -1199516.4 | -8663045.0 |   6505 | id_stage_i.issue_entry_o\[491\]$_DFFE_PN0P_/D
     167* |       0 |       9 |        0 |      0 |    48 |    +0.0% | -3341.568 | -1199516.4 | -8663045.0 |   6505 | id_stage_i.issue_entry_o\[491\]$_DFFE_PN0P_/D
     169* |       0 |       9 |        0 |      0 |    49 |    +0.0% | -3341.425 | -1199266.2 | -8662989.0 |   6505 | id_stage_i.issue_entry_o\[491\]$_DFFE_PN0P_/D
     170* |       0 |       9 |        0 |      0 |    49 |    +0.0% | -3341.425 | -1199266.2 | -8662989.0 |   6505 | id_stage_i.issue_entry_o\[491\]$_DFFE_PN0P_/D
     171* |       0 |       9 |        0 |      0 |    50 |    +0.0% | -3341.282 | -1199014.5 | -8662933.0 |   6505 | id_stage_i.issue_entry_o\[491\]$_DFFE_PN0P_/D
     173* |       0 |       9 |        0 |      0 |    51 |    +0.0% | -3341.138 | -1198765.1 | -8662877.0 |   6505 | id_stage_i.issue_entry_o\[491\]$_DFFE_PN0P_/D
     175* |       0 |       9 |        0 |      0 |    52 |    +0.0% | -3340.996 | -1198515.2 | -8662821.0 |   6505 | id_stage_i.issue_entry_o\[491\]$_DFFE_PN0P_/D
     177* |       0 |       9 |        0 |      0 |    53 |    +0.0% | -3340.853 | -1198264.0 | -8662765.0 |   6505 | id_stage_i.issue_entry_o\[491\]$_DFFE_PN0P_/D
     179* |       0 |       9 |        0 |      0 |    54 |    +0.0% | -3340.709 | -1198011.9 | -8662709.0 |   6505 | id_stage_i.issue_entry_o\[491\]$_DFFE_PN0P_/D
     180* |       0 |       9 |        0 |      0 |    54 |    +0.0% | -3340.709 | -1198011.9 | -8662709.0 |   6505 | id_stage_i.issue_entry_o\[491\]$_DFFE_PN0P_/D
     181* |       0 |       9 |        0 |      0 |    55 |    +0.0% | -3340.566 | -1197762.8 | -8662653.0 |   6505 | id_stage_i.issue_entry_o\[491\]$_DFFE_PN0P_/D
     183* |       0 |       9 |        0 |      0 |    56 |    +0.0% | -3340.423 | -1197512.8 | -8662597.0 |   6505 | id_stage_i.issue_entry_o\[491\]$_DFFE_PN0P_/D
     185* |       0 |       9 |        0 |      0 |    57 |    +0.0% | -3340.280 | -1197261.4 | -8662541.0 |   6505 | id_stage_i.issue_entry_o\[491\]$_DFFE_PN0P_/D
     187* |       0 |       9 |        0 |      0 |    58 |    +0.0% | -3340.137 | -1197011.2 | -8662485.0 |   6505 | id_stage_i.issue_entry_o\[491\]$_DFFE_PN0P_/D
     189* |       0 |       9 |        0 |      0 |    59 |    +0.0% | -3339.994 | -1196762.4 | -8662430.0 |   6505 | id_stage_i.issue_entry_o\[491\]$_DFFE_PN0P_/D
     190* |       0 |       9 |        0 |      0 |    59 |    +0.0% | -3339.994 | -1196762.4 | -8662430.0 |   6505 | id_stage_i.issue_entry_o\[491\]$_DFFE_PN0P_/D
     191* |       0 |       9 |        0 |      0 |    60 |    +0.0% | -3339.851 | -1196511.0 | -8662392.0 |   6505 | id_stage_i.issue_entry_o\[491\]$_DFFE_PN0P_/D
     193* |       0 |       9 |        0 |      0 |    61 |    +0.0% | -3339.708 | -1196260.4 | -8662337.0 |   6505 | id_stage_i.issue_entry_o\[491\]$_DFFE_PN0P_/D
     195* |       0 |       9 |        0 |      0 |    62 |    +0.0% | -3339.565 | -1196010.9 | -8662281.0 |   6505 | id_stage_i.issue_entry_o\[491\]$_DFFE_PN0P_/D
     197* |       0 |       9 |        0 |      0 |    63 |    +0.0% | -3339.421 | -1195762.4 | -8662225.0 |   6505 | id_stage_i.issue_entry_o\[491\]$_DFFE_PN0P_/D
     199* |       0 |       9 |        0 |      0 |    64 |    +0.0% | -3339.278 | -1195510.6 | -8662169.0 |   6505 | id_stage_i.issue_entry_o\[491\]$_DFFE_PN0P_/D
     200* |       0 |       9 |        0 |      0 |    64 |    +0.0% | -3339.278 | -1195510.6 | -8662169.0 |   6505 | id_stage_i.issue_entry_o\[491\]$_DFFE_PN0P_/D
     201* |       0 |       9 |        0 |      0 |    65 |    +0.0% | -3339.135 | -1195259.0 | -8662114.0 |   6505 | id_stage_i.issue_entry_o\[491\]$_DFFE_PN0P_/D
     203* |       0 |       9 |        0 |      0 |    66 |    +0.0% | -3338.992 | -1195010.0 | -8662058.0 |   6505 | id_stage_i.issue_entry_o\[491\]$_DFFE_PN0P_/D
     205* |       0 |       9 |        0 |      0 |    67 |    +0.0% | -3338.849 | -1194761.0 | -8662002.0 |   6505 | id_stage_i.issue_entry_o\[491\]$_DFFE_PN0P_/D
     207* |       0 |       9 |        0 |      0 |    68 |    +0.0% | -3338.706 | -1194510.9 | -8661947.0 |   6505 | id_stage_i.issue_entry_o\[491\]$_DFFE_PN0P_/D
     209* |       0 |       9 |        0 |      0 |    69 |    +0.0% | -3338.563 | -1194258.6 | -8661891.0 |   6505 | id_stage_i.issue_entry_o\[491\]$_DFFE_PN0P_/D
     210* |       0 |       9 |        0 |      0 |    69 |    +0.0% | -3338.563 | -1194258.6 | -8661891.0 |   6505 | id_stage_i.issue_entry_o\[491\]$_DFFE_PN0P_/D
     211* |       0 |       9 |        0 |      0 |    70 |    +0.0% | -3338.419 | -1194009.1 | -8661835.0 |   6505 | id_stage_i.issue_entry_o\[491\]$_DFFE_PN0P_/D
     213* |       0 |       9 |        0 |      0 |    71 |    +0.0% | -3338.276 | -1193759.9 | -8661779.0 |   6505 | id_stage_i.issue_entry_o\[491\]$_DFFE_PN0P_/D
     215* |       0 |       9 |        0 |      0 |    72 |    +0.0% | -3338.133 | -1193509.5 | -8661724.0 |   6505 | id_stage_i.issue_entry_o\[491\]$_DFFE_PN0P_/D
     217* |       0 |       9 |        0 |      0 |    73 |    +0.0% | -3337.990 | -1193257.1 | -8661668.0 |   6505 | id_stage_i.issue_entry_o\[491\]$_DFFE_PN0P_/D
     219* |       0 |       9 |        0 |      0 |    74 |    +0.0% | -3337.847 | -1193009.0 | -8661613.0 |   6505 | id_stage_i.issue_entry_o\[491\]$_DFFE_PN0P_/D
     220* |       0 |       9 |        0 |      0 |    74 |    +0.0% | -3337.847 | -1193009.0 | -8661613.0 |   6505 | id_stage_i.issue_entry_o\[491\]$_DFFE_PN0P_/D
     221* |       0 |       9 |        0 |      0 |    75 |    +0.0% | -3337.704 | -1192757.9 | -8661556.0 |   6505 | id_stage_i.issue_entry_o\[491\]$_DFFE_PN0P_/D
     223* |       0 |       9 |        0 |      0 |    76 |    +0.0% | -3337.561 | -1192507.6 | -8661501.0 |   6505 | id_stage_i.issue_entry_o\[491\]$_DFFE_PN0P_/D
     225* |       0 |       9 |        0 |      0 |    77 |    +0.0% | -3337.466 | -1192341.6 | -8661515.0 |   6505 | id_stage_i.issue_entry_o\[491\]$_DFFE_PN0P_/D
     227* |       0 |       9 |        0 |      0 |    78 |    +0.0% | -3337.371 | -1192176.9 | -8661529.0 |   6505 | id_stage_i.issue_entry_o\[491\]$_DFFE_PN0P_/D
     229* |       0 |       9 |        0 |      0 |    79 |    +0.0% | -3337.277 | -1192009.9 | -8661543.0 |   6505 | id_stage_i.issue_entry_o\[491\]$_DFFE_PN0P_/D
     230* |       0 |       9 |        0 |      0 |    79 |    +0.0% | -3337.277 | -1192009.9 | -8661543.0 |   6505 | id_stage_i.issue_entry_o\[491\]$_DFFE_PN0P_/D
     231* |       0 |       9 |        0 |      0 |    80 |    +0.0% | -3337.182 | -1191843.6 | -8661556.0 |   6505 | id_stage_i.issue_entry_o\[491\]$_DFFE_PN0P_/D
     233* |       0 |       9 |        0 |      0 |    81 |    +0.0% | -3337.087 | -1191677.0 | -8661570.0 |   6505 | id_stage_i.issue_entry_o\[491\]$_DFFE_PN0P_/D
     235* |       0 |       9 |        0 |      0 |    82 |    +0.0% | -3336.992 | -1191512.6 | -8661584.0 |   6505 | id_stage_i.issue_entry_o\[491\]$_DFFE_PN0P_/D
     237* |       0 |       9 |        0 |      0 |    83 |    +0.0% | -3336.897 | -1191346.8 | -8661597.0 |   6505 | id_stage_i.issue_entry_o\[491\]$_DFFE_PN0P_/D
     239* |       0 |       9 |        0 |      0 |    84 |    +0.0% | -3336.802 | -1191181.5 | -8661612.0 |   6505 | id_stage_i.issue_entry_o\[491\]$_DFFE_PN0P_/D
     240* |       0 |       9 |        0 |      0 |    84 |    +0.0% | -3336.802 | -1191181.5 | -8661612.0 |   6505 | id_stage_i.issue_entry_o\[491\]$_DFFE_PN0P_/D
     241* |       0 |       9 |        0 |      0 |    85 |    +0.0% | -3336.708 | -1191015.0 | -8661626.0 |   6505 | id_stage_i.issue_entry_o\[491\]$_DFFE_PN0P_/D
     243* |       0 |       9 |        0 |      0 |    86 |    +0.0% | -3336.613 | -1190848.2 | -8661639.0 |   6505 | id_stage_i.issue_entry_o\[491\]$_DFFE_PN0P_/D
     245* |       0 |       9 |        0 |      0 |    87 |    +0.0% | -3336.518 | -1190682.2 | -8661653.0 |   6505 | id_stage_i.issue_entry_o\[491\]$_DFFE_PN0P_/D
     247* |       0 |       9 |        0 |      0 |    88 |    +0.0% | -3336.423 | -1190517.5 | -8661667.0 |   6505 | id_stage_i.issue_entry_o\[491\]$_DFFE_PN0P_/D
     249* |       0 |       9 |        0 |      0 |    89 |    +0.0% | -3336.328 | -1190351.4 | -8661680.0 |   6505 | id_stage_i.issue_entry_o\[491\]$_DFFE_PN0P_/D
     250* |       0 |       9 |        0 |      0 |    89 |    +0.0% | -3336.328 | -1190351.4 | -8661680.0 |   6505 | id_stage_i.issue_entry_o\[491\]$_DFFE_PN0P_/D
     251* |       0 |       9 |        0 |      0 |    90 |    +0.0% | -3336.233 | -1190186.9 | -8661694.0 |   6505 | id_stage_i.issue_entry_o\[491\]$_DFFE_PN0P_/D
     253* |       0 |       9 |        0 |      0 |    91 |    +0.0% | -3336.138 | -1190019.9 | -8661707.0 |   6505 | id_stage_i.issue_entry_o\[491\]$_DFFE_PN0P_/D
     255* |       0 |       9 |        0 |      0 |    92 |    +0.0% | -3336.044 | -1189853.2 | -8661721.0 |   6505 | id_stage_i.issue_entry_o\[491\]$_DFFE_PN0P_/D
     257* |       0 |       9 |        0 |      0 |    93 |    +0.0% | -3335.949 | -1189687.2 | -8661735.0 |   6505 | id_stage_i.issue_entry_o\[491\]$_DFFE_PN0P_/D
     259* |       0 |       9 |        0 |      0 |    94 |    +0.0% | -3335.854 | -1189522.9 | -8661748.0 |   6505 | id_stage_i.issue_entry_o\[491\]$_DFFE_PN0P_/D
     260* |       0 |       9 |        0 |      0 |    94 |    +0.0% | -3335.854 | -1189522.9 | -8661748.0 |   6505 | id_stage_i.issue_entry_o\[491\]$_DFFE_PN0P_/D
     261* |       0 |       9 |        0 |      0 |    95 |    +0.0% | -3335.759 | -1189356.0 | -8661763.0 |   6505 | id_stage_i.issue_entry_o\[491\]$_DFFE_PN0P_/D
     263* |       0 |       9 |        0 |      0 |    96 |    +0.0% | -3335.664 | -1189191.5 | -8661776.0 |   6505 | id_stage_i.issue_entry_o\[491\]$_DFFE_PN0P_/D
     265* |       0 |       9 |        0 |      0 |    97 |    +0.0% | -3335.570 | -1189024.9 | -8661790.0 |   6505 | id_stage_i.issue_entry_o\[491\]$_DFFE_PN0P_/D
     267* |       0 |       9 |        0 |      0 |    98 |    +0.0% | -3335.475 | -1188858.0 | -8661804.0 |   6505 | id_stage_i.issue_entry_o\[491\]$_DFFE_PN0P_/D
     269* |       0 |       9 |        0 |      0 |    99 |    +0.0% | -3335.380 | -1188692.1 | -8661817.0 |   6505 | id_stage_i.issue_entry_o\[491\]$_DFFE_PN0P_/D
     270* |       0 |       9 |        0 |      0 |    99 |    +0.0% | -3335.380 | -1188692.1 | -8661817.0 |   6505 | id_stage_i.issue_entry_o\[491\]$_DFFE_PN0P_/D
     271* |       0 |       9 |        0 |      0 |   100 |    +0.0% | -3335.285 | -1188527.8 | -8661831.0 |   6505 | id_stage_i.issue_entry_o\[491\]$_DFFE_PN0P_/D
     273* |       0 |       9 |        0 |      0 |   100 |    +0.0% | -3335.285 | -1188527.8 | -8661831.0 |   6505 | id_stage_i.issue_entry_o\[491\]$_DFFE_PN0P_/D
     275* |       0 |       9 |        0 |      0 |   100 |    +0.0% | -3335.285 | -1188528.0 | -8661831.0 |   6505 | id_stage_i.issue_entry_o\[491\]$_DFFE_PN0P_/D
     277* |       0 |       9 |        0 |      0 |   100 |    +0.0% | -3335.285 | -1188528.0 | -8661831.0 |   6505 | id_stage_i.issue_entry_o\[491\]$_DFFE_PN0P_/D
     279* |       0 |       9 |        0 |      0 |   100 |    +0.0% | -3335.285 | -1188528.2 | -8661831.0 |   6505 | id_stage_i.issue_entry_o\[491\]$_DFFE_PN0P_/D
     280* |       0 |       9 |        0 |      0 |   100 |    +0.0% | -3335.285 | -1188528.2 | -8661831.0 |   6505 | id_stage_i.issue_entry_o\[491\]$_DFFE_PN0P_/D
     281* |       0 |       9 |        0 |      0 |   100 |    +0.0% | -3335.285 | -1188528.2 | -8661831.0 |   6505 | id_stage_i.issue_entry_o\[491\]$_DFFE_PN0P_/D
     283* |       0 |       9 |        0 |      0 |   100 |    +0.0% | -3335.285 | -1188528.2 | -8661831.0 |   6505 | id_stage_i.issue_entry_o\[491\]$_DFFE_PN0P_/D
     285* |       0 |       9 |        0 |      0 |   100 |    +0.0% | -3335.285 | -1188528.2 | -8661831.0 |   6505 | id_stage_i.issue_entry_o\[491\]$_DFFE_PN0P_/D
     287* |       0 |       9 |        0 |      0 |   100 |    +0.0% | -3335.285 | -1188528.2 | -8661831.0 |   6505 | id_stage_i.issue_entry_o\[491\]$_DFFE_PN0P_/D
     289* |       0 |       9 |        0 |      0 |   100 |    +0.0% | -3335.285 | -1188528.2 | -8661831.0 |   6505 | id_stage_i.issue_entry_o\[491\]$_DFFE_PN0P_/D
     290* |       0 |       9 |        0 |      0 |   100 |    +0.0% | -3335.285 | -1188528.2 | -8661831.0 |   6505 | id_stage_i.issue_entry_o\[491\]$_DFFE_PN0P_/D
     291* |       0 |       9 |        0 |      0 |   100 |    +0.0% | -3335.285 | -1188528.2 | -8661831.0 |   6505 | id_stage_i.issue_entry_o\[491\]$_DFFE_PN0P_/D
     293* |       0 |       9 |        0 |      0 |   100 |    +0.0% | -3335.285 | -1188528.4 | -8661831.0 |   6505 | id_stage_i.issue_entry_o\[491\]$_DFFE_PN0P_/D
     295* |       0 |       9 |        0 |      0 |   100 |    +0.0% | -3335.285 | -1188528.4 | -8661831.0 |   6505 | id_stage_i.issue_entry_o\[491\]$_DFFE_PN0P_/D
     297* |       0 |       9 |        0 |      0 |   100 |    +0.0% | -3335.285 | -1188528.4 | -8661831.0 |   6505 | id_stage_i.issue_entry_o\[491\]$_DFFE_PN0P_/D
     299* |       0 |       9 |        0 |      0 |   100 |    +0.0% | -3335.285 | -1188528.4 | -8661831.0 |   6505 | id_stage_i.issue_entry_o\[491\]$_DFFE_PN0P_/D
     300* |       0 |       9 |        0 |      0 |   100 |    +0.0% | -3335.285 | -1188528.4 | -8661831.0 |   6505 | id_stage_i.issue_entry_o\[491\]$_DFFE_PN0P_/D
     301* |       0 |       9 |        0 |      0 |   100 |    +0.0% | -3335.285 | -1188528.4 | -8661831.0 |   6505 | id_stage_i.issue_entry_o\[491\]$_DFFE_PN0P_/D
     303* |       0 |       9 |        0 |      0 |   100 |    +0.0% | -3335.285 | -1188528.2 | -8661831.0 |   6505 | id_stage_i.issue_entry_o\[491\]$_DFFE_PN0P_/D
     305* |       0 |       9 |        0 |      0 |   100 |    +0.0% | -3335.285 | -1188528.2 | -8661831.0 |   6505 | id_stage_i.issue_entry_o\[491\]$_DFFE_PN0P_/D
     307* |       0 |       9 |        0 |      0 |   101 |    +0.0% | -3335.072 | -1188154.9 | -8661843.0 |   6505 | id_stage_i.issue_entry_o\[491\]$_DFFE_PN0P_/D
     309* |       0 |       9 |        0 |      0 |   102 |    +0.0% | -3334.860 | -1187783.5 | -8661856.0 |   6505 | id_stage_i.issue_entry_o\[491\]$_DFFE_PN0P_/D
     310* |       0 |       9 |        0 |      0 |   102 |    +0.0% | -3334.860 | -1187783.5 | -8661856.0 |   6505 | id_stage_i.issue_entry_o\[491\]$_DFFE_PN0P_/D
     311* |       0 |       9 |        0 |      0 |   103 |    +0.0% | -3334.647 | -1187411.9 | -8661868.0 |   6505 | id_stage_i.issue_entry_o\[491\]$_DFFE_PN0P_/D
     313* |       0 |       9 |        0 |      0 |   104 |    +0.0% | -3334.434 | -1187038.8 | -8661881.0 |   6505 | id_stage_i.issue_entry_o\[491\]$_DFFE_PN0P_/D
     315* |       0 |       9 |        0 |      0 |   105 |    +0.0% | -3334.221 | -1186665.9 | -8661893.0 |   6505 | id_stage_i.issue_entry_o\[491\]$_DFFE_PN0P_/D
     317* |       0 |       9 |        0 |      0 |   106 |    +0.0% | -3334.009 | -1186293.2 | -8661906.0 |   6505 | id_stage_i.issue_entry_o\[491\]$_DFFE_PN0P_/D
     320* |       0 |      10 |        0 |      0 |   107 |    +0.0% | -3333.890 | -1186086.8 | -8659151.0 |   6505 | id_stage_i.issue_entry_o\[491\]$_DFFE_PN0P_/D
     321* |       0 |      10 |        0 |      0 |   108 |    +0.0% | -3333.890 | -1186086.8 | -8659143.0 |   6505 | id_stage_i.issue_entry_o\[491\]$_DFFE_PN0P_/D
     323* |       0 |      10 |        0 |      0 |   109 |    +0.0% | -3333.890 | -1186086.8 | -8659134.0 |   6505 | id_stage_i.issue_entry_o\[491\]$_DFFE_PN0P_/D
     325* |       0 |      10 |        0 |      0 |   110 |    +0.0% | -3333.890 | -1186086.8 | -8659127.0 |   6505 | id_stage_i.issue_entry_o\[491\]$_DFFE_PN0P_/D
     327* |       0 |      10 |        0 |      0 |   111 |    +0.0% | -3333.890 | -1186086.8 | -8659119.0 |   6505 | id_stage_i.issue_entry_o\[491\]$_DFFE_PN0P_/D
     329* |       0 |      10 |        0 |      0 |   112 |    +0.0% | -3333.890 | -1186086.8 | -8659111.0 |   6505 | id_stage_i.issue_entry_o\[491\]$_DFFE_PN0P_/D
     330* |       0 |      10 |        0 |      0 |   112 |    +0.0% | -3333.890 | -1186086.8 | -8659111.0 |   6505 | id_stage_i.issue_entry_o\[491\]$_DFFE_PN0P_/D
     331* |       0 |      10 |        0 |      0 |   113 |    +0.0% | -3333.890 | -1186086.8 | -8659103.0 |   6505 | id_stage_i.issue_entry_o\[491\]$_DFFE_PN0P_/D
     333* |       0 |      10 |        0 |      0 |   114 |    +0.0% | -3333.890 | -1186086.8 | -8659095.0 |   6505 | id_stage_i.issue_entry_o\[491\]$_DFFE_PN0P_/D
     335* |       0 |      10 |        0 |      0 |   115 |    +0.0% | -3333.890 | -1186086.8 | -8659087.0 |   6505 | id_stage_i.issue_entry_o\[491\]$_DFFE_PN0P_/D
     337* |       0 |      10 |        0 |      0 |   116 |    +0.0% | -3333.890 | -1186086.8 | -8659079.0 |   6505 | id_stage_i.issue_entry_o\[491\]$_DFFE_PN0P_/D
     339* |       0 |      10 |        0 |      0 |   117 |    +0.0% | -3333.890 | -1186086.8 | -8659072.0 |   6505 | id_stage_i.issue_entry_o\[491\]$_DFFE_PN0P_/D
     340* |       0 |      10 |        0 |      0 |   117 |    +0.0% | -3333.890 | -1186086.8 | -8659072.0 |   6505 | id_stage_i.issue_entry_o\[491\]$_DFFE_PN0P_/D
     341* |       0 |      10 |        0 |      0 |   118 |    +0.0% | -3333.890 | -1186086.8 | -8659064.0 |   6505 | id_stage_i.issue_entry_o\[491\]$_DFFE_PN0P_/D
     343* |       0 |      10 |        0 |      0 |   119 |    +0.0% | -3333.890 | -1186086.8 | -8659055.0 |   6505 | id_stage_i.issue_entry_o\[491\]$_DFFE_PN0P_/D
     345* |       0 |      10 |        0 |      0 |   120 |    +0.0% | -3333.890 | -1186086.8 | -8659047.0 |   6505 | id_stage_i.issue_entry_o\[491\]$_DFFE_PN0P_/D
     347* |       0 |      10 |        0 |      0 |   121 |    +0.0% | -3333.890 | -1186086.8 | -8659040.0 |   6505 | id_stage_i.issue_entry_o\[491\]$_DFFE_PN0P_/D
     349* |       0 |      10 |        0 |      0 |   122 |    +0.0% | -3333.890 | -1186086.8 | -8659032.0 |   6505 | id_stage_i.issue_entry_o\[491\]$_DFFE_PN0P_/D
     350* |       0 |      10 |        0 |      0 |   122 |    +0.0% | -3333.890 | -1186086.8 | -8659032.0 |   6505 | id_stage_i.issue_entry_o\[491\]$_DFFE_PN0P_/D
     351* |       0 |      10 |        0 |      0 |   122 |    +0.0% | -3333.890 | -1186086.8 | -8659032.0 |   6505 | id_stage_i.issue_entry_o\[491\]$_DFFE_PN0P_/D
     353* |       0 |      10 |        0 |      0 |   122 |    +0.0% | -3333.890 | -1186086.8 | -8659032.0 |   6505 | id_stage_i.issue_entry_o\[491\]$_DFFE_PN0P_/D
     355* |       0 |      10 |        0 |      0 |   122 |    +0.0% | -3333.890 | -1186086.8 | -8659032.0 |   6505 | id_stage_i.issue_entry_o\[491\]$_DFFE_PN0P_/D
     357* |       0 |      10 |        0 |      0 |   122 |    +0.0% | -3333.890 | -1186086.8 | -8659032.0 |   6505 | id_stage_i.issue_entry_o\[491\]$_DFFE_PN0P_/D
     359* |       0 |      10 |        0 |      0 |   122 |    +0.0% | -3333.890 | -1186086.8 | -8659032.0 |   6505 | id_stage_i.issue_entry_o\[491\]$_DFFE_PN0P_/D
     360* |       0 |      10 |        0 |      0 |   122 |    +0.0% | -3333.890 | -1186086.8 | -8659032.0 |   6505 | id_stage_i.issue_entry_o\[491\]$_DFFE_PN0P_/D
     370* |       0 |      14 |        0 |      0 |   128 |    +0.0% | -3334.188 | -1186263.8 | -8619073.0 |   6505 | id_stage_i.issue_entry_o\[491\]$_DFFE_PN0P_/D
     380* |       0 |      20 |        0 |      0 |   132 |    +0.0% | -3334.188 | -1186263.8 | -8618960.0 |   6505 | id_stage_i.issue_entry_o\[491\]$_DFFE_PN0P_/D
     390* |       0 |      26 |        0 |      0 |   136 |    +0.0% | -3334.188 | -1186263.8 | -8618783.0 |   6505 | id_stage_i.issue_entry_o\[491\]$_DFFE_PN0P_/D
     400* |       0 |      31 |        0 |      0 |   141 |    +0.0% | -3334.188 | -1186263.8 | -8618712.0 |   6505 | id_stage_i.issue_entry_o\[491\]$_DFFE_PN0P_/D
     410* |       0 |      36 |        0 |      0 |   146 |    +0.0% | -3334.188 | -1186263.8 | -8618644.0 |   6505 | id_stage_i.issue_entry_o\[491\]$_DFFE_PN0P_/D
     411* |       0 |      10 |        0 |      0 |   123 |    +0.0% | -3333.890 | -1186086.8 | -8637825.0 |   6505 | id_stage_i.issue_entry_o\[491\]$_DFFE_PN0P_/D
     420* |       0 |      15 |        0 |      0 |   126 |    +0.0% | -3333.768 | -1186168.6 | -8610179.0 |   6505 | id_stage_i.issue_entry_o\[491\]$_DFFE_PN0P_/D
     430* |       0 |      21 |        0 |      0 |   130 |    +0.0% | -3333.867 | -1186170.1 | -8608755.0 |   6505 | id_stage_i.issue_entry_o\[491\]$_DFFE_PN0P_/D
     436* |       0 |      15 |        0 |      0 |   124 |    +0.0% | -3333.768 | -1186168.9 | -8606655.0 |   6505 | id_stage_i.issue_entry_o\[491\]$_DFFE_PN0P_/D
     440* |       0 |      18 |        0 |      0 |   124 |    +0.0% | -3333.874 | -1186169.0 | -8605923.0 |   6505 | id_stage_i.issue_entry_o\[491\]$_DFFE_PN0P_/D
     447* |       0 |      16 |        0 |      0 |   124 |    +0.0% | -3333.768 | -1186168.9 | -8606643.0 |   6505 | id_stage_i.issue_entry_o\[491\]$_DFFE_PN0P_/D
     450* |       0 |      18 |        0 |      0 |   124 |    +0.0% | -3333.874 | -1186169.0 | -8605923.0 |   6505 | id_stage_i.issue_entry_o\[491\]$_DFFE_PN0P_/D
     457* |       0 |      16 |        0 |      0 |   124 |    +0.0% | -3333.768 | -1186168.9 | -8606643.0 |   6505 | id_stage_i.issue_entry_o\[491\]$_DFFE_PN0P_/D
     460* |       0 |      18 |        0 |      0 |   124 |    +0.0% | -3333.874 | -1186169.0 | -8605923.0 |   6505 | id_stage_i.issue_entry_o\[491\]$_DFFE_PN0P_/D
     467* |       0 |      16 |        0 |      0 |   124 |    +0.0% | -3333.768 | -1186168.9 | -8606643.0 |   6505 | id_stage_i.issue_entry_o\[491\]$_DFFE_PN0P_/D
     470* |       0 |      18 |        0 |      0 |   124 |    +0.0% | -3333.768 | -1186168.9 | -8606527.0 |   6505 | id_stage_i.issue_entry_o\[491\]$_DFFE_PN0P_/D
     480* |       0 |      26 |        0 |      0 |   126 |    +0.0% | -3333.874 | -1186169.0 | -8605713.0 |   6505 | id_stage_i.issue_entry_o\[491\]$_DFFE_PN0P_/D
     490* |       0 |      32 |        0 |      0 |   130 |    +0.0% | -3333.985 | -1186170.5 | -8604455.0 |   6505 | id_stage_i.issue_entry_o\[491\]$_DFFE_PN0P_/D
     494* |       0 |      25 |        0 |      0 |   126 |    +0.0% | -3333.768 | -1186168.9 | -8606399.0 |   6505 | id_stage_i.issue_entry_o\[491\]$_DFFE_PN0P_/D
     500* |       0 |      29 |        0 |      0 |   127 |    +0.0% | -3333.874 | -1186169.4 | -8605862.0 |   6505 | id_stage_i.issue_entry_o\[491\]$_DFFE_PN0P_/D
     505* |       0 |      25 |        0 |      0 |   126 |    +0.0% | -3333.768 | -1186168.9 | -8606399.0 |   6505 | id_stage_i.issue_entry_o\[491\]$_DFFE_PN0P_/D
     510* |       0 |      29 |        0 |      0 |   126 |    +0.0% | -3333.985 | -1186170.5 | -8604470.0 |   6505 | id_stage_i.issue_entry_o\[491\]$_DFFE_PN0P_/D
     515* |       0 |      25 |        0 |      0 |   126 |    +0.0% | -3333.768 | -1186168.9 | -8606399.0 |   6505 | id_stage_i.issue_entry_o\[491\]$_DFFE_PN0P_/D
     520* |       0 |      29 |        0 |      0 |   126 |    +0.0% | -3333.985 | -1186170.5 | -8604470.0 |   6505 | id_stage_i.issue_entry_o\[491\]$_DFFE_PN0P_/D
     525* |       0 |      25 |        0 |      0 |   126 |    +0.0% | -3333.768 | -1186168.9 | -8606399.0 |   6505 | id_stage_i.issue_entry_o\[491\]$_DFFE_PN0P_/D
     530* |       0 |      29 |        0 |      0 |   126 |    +0.0% | -3333.985 | -1186170.5 | -8604470.0 |   6505 | id_stage_i.issue_entry_o\[491\]$_DFFE_PN0P_/D
     535* |       0 |      25 |        0 |      0 |   126 |    +0.0% | -3333.768 | -1186168.9 | -8606399.0 |   6505 | id_stage_i.issue_entry_o\[491\]$_DFFE_PN0P_/D
     540* |       0 |      29 |        0 |      0 |   126 |    +0.0% | -3333.874 | -1186169.4 | -8605863.0 |   6505 | id_stage_i.issue_entry_o\[491\]$_DFFE_PN0P_/D
     545* |       0 |      25 |        0 |      0 |   126 |    +0.0% | -3333.768 | -1186168.9 | -8606399.0 |   6505 | id_stage_i.issue_entry_o\[491\]$_DFFE_PN0P_/D
     550* |       0 |      29 |        0 |      0 |   126 |    +0.0% | -3333.874 | -1186169.4 | -8605863.0 |   6505 | id_stage_i.issue_entry_o\[491\]$_DFFE_PN0P_/D
     555* |       0 |      25 |        0 |      0 |   126 |    +0.0% | -3333.768 | -1186168.9 | -8606399.0 |   6505 | id_stage_i.issue_entry_o\[491\]$_DFFE_PN0P_/D
     560* |       0 |      29 |        0 |      0 |   126 |    +0.0% | -3333.874 | -1186169.4 | -8605863.0 |   6505 | id_stage_i.issue_entry_o\[491\]$_DFFE_PN0P_/D
     565* |       0 |      25 |        0 |      0 |   126 |    +0.0% | -3333.768 | -1186168.9 | -8606399.0 |   6505 | id_stage_i.issue_entry_o\[491\]$_DFFE_PN0P_/D
     570* |       0 |      29 |        0 |      0 |   126 |    +0.0% | -3333.874 | -1186169.4 | -8605863.0 |   6505 | id_stage_i.issue_entry_o\[491\]$_DFFE_PN0P_/D
     575* |       0 |      25 |        0 |      0 |   126 |    +0.0% | -3333.768 | -1186168.9 | -8606399.0 |   6505 | id_stage_i.issue_entry_o\[491\]$_DFFE_PN0P_/D
     580* |       0 |      29 |        0 |      0 |   126 |    +0.0% | -3333.874 | -1186169.4 | -8605863.0 |   6505 | id_stage_i.issue_entry_o\[491\]$_DFFE_PN0P_/D
     585* |       0 |      25 |        0 |      0 |   126 |    +0.0% | -3333.768 | -1186168.9 | -8606399.0 |   6505 | id_stage_i.issue_entry_o\[491\]$_DFFE_PN0P_/D
     590* |       0 |      28 |        0 |      0 |   127 |    +0.0% | -3333.874 | -1186169.4 | -8605881.0 |   6505 | id_stage_i.issue_entry_o\[491\]$_DFFE_PN0P_/D
     597* |       0 |      25 |        0 |      0 |   126 |    +0.0% | -3333.768 | -1186168.9 | -8606399.0 |   6505 | id_stage_i.issue_entry_o\[491\]$_DFFE_PN0P_/D
     600* |       0 |      27 |        0 |      0 |   126 |    +0.0% | -3333.874 | -1186169.4 | -8605883.0 |   6505 | id_stage_i.issue_entry_o\[491\]$_DFFE_PN0P_/D
     607* |       0 |      25 |        0 |      0 |   126 |    +0.0% | -3333.768 | -1186168.9 | -8606399.0 |   6505 | id_stage_i.issue_entry_o\[491\]$_DFFE_PN0P_/D
     610* |       0 |      27 |        0 |      0 |   126 |    +0.0% | -3333.874 | -1186169.0 | -8605700.0 |   6505 | id_stage_i.issue_entry_o\[491\]$_DFFE_PN0P_/D
     617* |       0 |      25 |        0 |      0 |   126 |    +0.0% | -3333.768 | -1186168.9 | -8606399.0 |   6505 | id_stage_i.issue_entry_o\[491\]$_DFFE_PN0P_/D
     620* |       0 |      27 |        0 |      0 |   126 |    +0.0% | -3333.874 | -1186169.0 | -8605700.0 |   6505 | id_stage_i.issue_entry_o\[491\]$_DFFE_PN0P_/D
     627* |       0 |      25 |        0 |      0 |   126 |    +0.0% | -3333.768 | -1186168.9 | -8606399.0 |   6505 | id_stage_i.issue_entry_o\[491\]$_DFFE_PN0P_/D
     630* |       0 |      27 |        0 |      0 |   126 |    +0.0% | -3333.874 | -1186169.0 | -8605700.0 |   6505 | id_stage_i.issue_entry_o\[491\]$_DFFE_PN0P_/D
     637* |       0 |      25 |        0 |      0 |   126 |    +0.0% | -3333.768 | -1186168.9 | -8606399.0 |   6505 | id_stage_i.issue_entry_o\[491\]$_DFFE_PN0P_/D
     640* |       0 |      27 |        0 |      0 |   126 |    +0.0% | -3333.874 | -1186169.0 | -8605700.0 |   6505 | id_stage_i.issue_entry_o\[491\]$_DFFE_PN0P_/D
     647* |       0 |      25 |        0 |      0 |   126 |    +0.0% | -3333.768 | -1186168.9 | -8606399.0 |   6505 | id_stage_i.issue_entry_o\[491\]$_DFFE_PN0P_/D
     650* |       0 |      27 |        0 |      0 |   126 |    +0.0% | -3333.874 | -1186169.0 | -8605700.0 |   6505 | id_stage_i.issue_entry_o\[491\]$_DFFE_PN0P_/D
     657* |       0 |      25 |        0 |      0 |   126 |    +0.0% | -3333.768 | -1186168.9 | -8606399.0 |   6505 | id_stage_i.issue_entry_o\[491\]$_DFFE_PN0P_/D
     660* |       0 |      26 |        0 |      0 |   127 |    +0.0% | -3333.874 | -1186169.0 | -8605716.0 |   6505 | id_stage_i.issue_entry_o\[491\]$_DFFE_PN0P_/D
     670* |       0 |      34 |        0 |      0 |   129 |    +0.0% | -3333.985 | -1186170.5 | -8603575.0 |   6505 | id_stage_i.issue_entry_o\[491\]$_DFFE_PN0P_/D
     670* |       0 |      25 |        0 |      0 |   126 |    +0.0% | -3333.768 | -1186168.9 | -8606399.0 |   6505 | id_stage_i.issue_entry_o\[491\]$_DFFE_PN0P_/D
     680* |       0 |      33 |        0 |      0 |   127 |    +0.0% | -3333.985 | -1186170.5 | -8603593.0 |   6505 | id_stage_i.issue_entry_o\[491\]$_DFFE_PN0P_/D
     681* |       0 |      25 |        0 |      0 |   126 |    +0.0% | -3333.768 | -1186168.9 | -8606399.0 |   6505 | id_stage_i.issue_entry_o\[491\]$_DFFE_PN0P_/D
     690* |       0 |      30 |        0 |      0 |   129 |    +0.0% | -3333.985 | -1186170.5 | -8604490.0 |   6505 | id_stage_i.issue_entry_o\[491\]$_DFFE_PN0P_/D
     694* |       0 |      25 |        0 |      0 |   126 |    +0.0% | -3333.768 | -1186168.9 | -8606399.0 |   6505 | id_stage_i.issue_entry_o\[491\]$_DFFE_PN0P_/D
     700* |       0 |      29 |        0 |      0 |   127 |    +0.0% | -3333.985 | -1186170.5 | -8604496.0 |   6505 | id_stage_i.issue_entry_o\[491\]$_DFFE_PN0P_/D
     704* |       0 |      25 |        0 |      0 |   126 |    +0.0% | -3333.768 | -1186168.9 | -8606399.0 |   6505 | id_stage_i.issue_entry_o\[491\]$_DFFE_PN0P_/D
     710* |       0 |      30 |        0 |      0 |   126 |    +0.0% | -3333.985 | -1186170.5 | -8604478.0 |   6505 | id_stage_i.issue_entry_o\[491\]$_DFFE_PN0P_/D
     715* |       0 |      25 |        0 |      0 |   126 |    +0.0% | -3333.768 | -1186168.9 | -8606399.0 |   6505 | id_stage_i.issue_entry_o\[491\]$_DFFE_PN0P_/D
     720* |       0 |      29 |        0 |      0 |   126 |    +0.0% | -3333.874 | -1186169.4 | -8605858.0 |   6505 | id_stage_i.issue_entry_o\[491\]$_DFFE_PN0P_/D
     726* |       0 |      25 |        0 |      0 |   126 |    +0.0% | -3333.768 | -1186168.9 | -8606399.0 |   6505 | id_stage_i.issue_entry_o\[491\]$_DFFE_PN0P_/D
     730* |       0 |      28 |        0 |      0 |   126 |    +0.0% | -3333.874 | -1186169.4 | -8605875.0 |   6505 | id_stage_i.issue_entry_o\[491\]$_DFFE_PN0P_/D
     736* |       0 |      25 |        0 |      0 |   126 |    +0.0% | -3333.768 | -1186168.9 | -8606399.0 |   6505 | id_stage_i.issue_entry_o\[491\]$_DFFE_PN0P_/D
     740* |       0 |      28 |        0 |      0 |   126 |    +0.0% | -3333.874 | -1186169.4 | -8605875.0 |   6505 | id_stage_i.issue_entry_o\[491\]$_DFFE_PN0P_/D
     746* |       0 |      25 |        0 |      0 |   126 |    +0.0% | -3333.768 | -1186168.9 | -8606399.0 |   6505 | id_stage_i.issue_entry_o\[491\]$_DFFE_PN0P_/D
     750* |       0 |      28 |        0 |      0 |   126 |    +0.0% | -3333.985 | -1186170.5 | -8604503.0 |   6505 | id_stage_i.issue_entry_o\[491\]$_DFFE_PN0P_/D
     755* |       0 |      25 |        0 |      0 |   126 |    +0.0% | -3333.768 | -1186168.9 | -8606399.0 |   6505 | id_stage_i.issue_entry_o\[491\]$_DFFE_PN0P_/D
     760* |       0 |      29 |        0 |      0 |   126 |    +0.0% | -3333.874 | -1186169.4 | -8605863.0 |   6505 | id_stage_i.issue_entry_o\[491\]$_DFFE_PN0P_/D
     766* |       0 |      25 |        0 |      0 |   126 |    +0.0% | -3333.768 | -1186168.9 | -8606399.0 |   6505 | id_stage_i.issue_entry_o\[491\]$_DFFE_PN0P_/D
     770* |       0 |      28 |        0 |      0 |   126 |    +0.0% | -3333.874 | -1186169.4 | -8605868.0 |   6505 | id_stage_i.issue_entry_o\[491\]$_DFFE_PN0P_/D
     777* |       0 |      25 |        0 |      0 |   126 |    +0.0% | -3333.768 | -1186168.9 | -8606399.0 |   6505 | id_stage_i.issue_entry_o\[491\]$_DFFE_PN0P_/D
     780* |       0 |      27 |        0 |      0 |   126 |    +0.0% | -3333.874 | -1186169.0 | -8605698.0 |   6505 | id_stage_i.issue_entry_o\[491\]$_DFFE_PN0P_/D
     788* |       0 |      25 |        0 |      0 |   126 |    +0.0% | -3333.768 | -1186168.9 | -8606399.0 |   6505 | id_stage_i.issue_entry_o\[491\]$_DFFE_PN0P_/D
     790* |       0 |      26 |        0 |      0 |   126 |    +0.0% | -3333.874 | -1186169.0 | -8605713.0 |   6505 | id_stage_i.issue_entry_o\[491\]$_DFFE_PN0P_/D
     799* |       0 |      25 |        0 |      0 |   126 |    +0.0% | -3333.768 | -1186168.9 | -8606399.0 |   6505 | id_stage_i.issue_entry_o\[491\]$_DFFE_PN0P_/D
     800* |       0 |      25 |        0 |      0 |   126 |    +0.0% | -3333.768 | -1186168.9 | -8606399.0 |   6505 | id_stage_i.issue_entry_o\[491\]$_DFFE_PN0P_/D
     810* |       0 |      30 |        0 |      0 |   131 |    +0.0% | -3333.768 | -1186169.0 | -8623909.0 |   6505 | id_stage_i.issue_entry_o\[491\]$_DFFE_PN0P_/D
     812* |       0 |      25 |        0 |      0 |   126 |    +0.0% | -3333.768 | -1186168.9 | -8606399.0 |   6505 | id_stage_i.issue_entry_o\[491\]$_DFFE_PN0P_/D
     820* |       0 |      31 |        0 |      0 |   127 |    +0.0% | -3333.985 | -1186170.1 | -8604311.0 |   6505 | id_stage_i.issue_entry_o\[491\]$_DFFE_PN0P_/D
     824* |       0 |      25 |        0 |      0 |   126 |    +0.0% | -3333.768 | -1186168.9 | -8606399.0 |   6505 | id_stage_i.issue_entry_o\[491\]$_DFFE_PN0P_/D
     830* |       0 |      30 |        0 |      0 |   126 |    +0.0% | -3333.985 | -1186170.1 | -8604316.0 |   6505 | id_stage_i.issue_entry_o\[491\]$_DFFE_PN0P_/D
     836* |       0 |      25 |        0 |      0 |   126 |    +0.0% | -3333.768 | -1186168.9 | -8606399.0 |   6505 | id_stage_i.issue_entry_o\[491\]$_DFFE_PN0P_/D
     840* |       0 |      28 |        0 |      0 |   126 |    +0.0% | -3333.985 | -1186170.1 | -8604329.0 |   6505 | id_stage_i.issue_entry_o\[491\]$_DFFE_PN0P_/D
     848* |       0 |      25 |        0 |      0 |   126 |    +0.0% | -3333.768 | -1186168.9 | -8606399.0 |   6505 | id_stage_i.issue_entry_o\[491\]$_DFFE_PN0P_/D
     850* |       0 |      26 |        0 |      0 |   126 |    +0.0% | -3333.768 | -1186168.9 | -8606395.0 |   6505 | id_stage_i.issue_entry_o\[491\]$_DFFE_PN0P_/D
     860* |       0 |      32 |        0 |      0 |   130 |    +0.0% | -3333.985 | -1186170.5 | -8604494.0 |   6505 | id_stage_i.issue_entry_o\[491\]$_DFFE_PN0P_/D
     863* |       0 |      26 |        0 |      0 |   126 |    +0.0% | -3333.768 | -1186168.9 | -8606395.0 |   6505 | id_stage_i.issue_entry_o\[491\]$_DFFE_PN0P_/D
     870* |       0 |      29 |        0 |      0 |   129 |    +0.0% | -3333.768 | -1186168.9 | -8606386.0 |   6505 | id_stage_i.issue_entry_o\[491\]$_DFFE_PN0P_/D
     875* |       0 |      26 |        0 |      0 |   126 |    +0.0% | -3333.768 | -1186168.9 | -8606395.0 |   6505 | id_stage_i.issue_entry_o\[491\]$_DFFE_PN0P_/D
     880* |       0 |      27 |        0 |      0 |   129 |    +0.0% | -3333.768 | -1186168.9 | -8606388.0 |   6505 | id_stage_i.issue_entry_o\[491\]$_DFFE_PN0P_/D
     887* |       0 |      26 |        0 |      0 |   126 |    +0.0% | -3333.768 | -1186168.9 | -8606395.0 |   6505 | id_stage_i.issue_entry_o\[491\]$_DFFE_PN0P_/D
     890* |       0 |      26 |        0 |      0 |   128 |    +0.0% | -3333.768 | -1186168.9 | -8606387.0 |   6505 | id_stage_i.issue_entry_o\[491\]$_DFFE_PN0P_/D
     899* |       0 |      26 |        0 |      0 |   126 |    +0.0% | -3333.768 | -1186168.9 | -8606395.0 |   6505 | id_stage_i.issue_entry_o\[491\]$_DFFE_PN0P_/D
     900* |       0 |      26 |        0 |      0 |   126 |    +0.0% | -3333.768 | -1186168.9 | -8606395.0 |   6505 | id_stage_i.issue_entry_o\[491\]$_DFFE_PN0P_/D
     910* |       0 |      31 |        0 |      0 |   131 |    +0.0% | -3333.768 | -1186168.9 | -8606383.0 |   6505 | id_stage_i.issue_entry_o\[491\]$_DFFE_PN0P_/D
     911* |       0 |      26 |        0 |      0 |   126 |    +0.0% | -3333.768 | -1186168.9 | -8606395.0 |   6505 | id_stage_i.issue_entry_o\[491\]$_DFFE_PN0P_/D
     920* |       0 |      30 |        0 |      0 |   130 |    +0.0% | -3333.768 | -1186168.9 | -8606385.0 |   6505 | id_stage_i.issue_entry_o\[491\]$_DFFE_PN0P_/D
     923* |       0 |      26 |        0 |      0 |   126 |    +0.0% | -3333.768 | -1186168.9 | -8606395.0 |   6505 | id_stage_i.issue_entry_o\[491\]$_DFFE_PN0P_/D
     930* |       0 |      29 |        0 |      0 |   129 |    +0.0% | -3333.768 | -1186168.9 | -8606386.0 |   6505 | id_stage_i.issue_entry_o\[491\]$_DFFE_PN0P_/D
     935* |       0 |      26 |        0 |      0 |   126 |    +0.0% | -3333.768 | -1186168.9 | -8606395.0 |   6505 | id_stage_i.issue_entry_o\[491\]$_DFFE_PN0P_/D
     940* |       0 |      27 |        0 |      0 |   129 |    +0.0% | -3333.768 | -1186168.9 | -8606384.0 |   6505 | id_stage_i.issue_entry_o\[491\]$_DFFE_PN0P_/D
     946* |       0 |      26 |        0 |      0 |   126 |    +0.0% | -3333.768 | -1186168.9 | -8606395.0 |   6505 | id_stage_i.issue_entry_o\[491\]$_DFFE_PN0P_/D
     950* |       0 |      27 |        0 |      0 |   128 |    +0.0% | -3333.874 | -1186169.0 | -8605705.0 |   6505 | id_stage_i.issue_entry_o\[491\]$_DFFE_PN0P_/D
     960* |       0 |      34 |        0 |      0 |   131 |    +0.0% | -3333.985 | -1186170.1 | -8603463.0 |   6505 | id_stage_i.issue_entry_o\[491\]$_DFFE_PN0P_/D
     962* |       0 |      26 |        0 |      0 |   127 |    +0.0% | -3333.768 | -1186168.9 | -8606392.0 |   6505 | id_stage_i.issue_entry_o\[491\]$_DFFE_PN0P_/D
     970* |       0 |      30 |        0 |      0 |   130 |    +0.0% | -3333.768 | -1186168.9 | -8606379.0 |   6505 | id_stage_i.issue_entry_o\[491\]$_DFFE_PN0P_/D
     973* |       0 |      26 |        0 |      0 |   127 |    +0.0% | -3333.768 | -1186168.9 | -8606392.0 |   6505 | id_stage_i.issue_entry_o\[491\]$_DFFE_PN0P_/D
     980* |       0 |      29 |        0 |      0 |   130 |    +0.0% | -3333.768 | -1186168.9 | -8606381.0 |   6505 | id_stage_i.issue_entry_o\[491\]$_DFFE_PN0P_/D
     984* |       0 |      26 |        0 |      0 |   127 |    +0.0% | -3333.768 | -1186168.9 | -8606392.0 |   6505 | id_stage_i.issue_entry_o\[491\]$_DFFE_PN0P_/D
     990* |       0 |      28 |        0 |      0 |   130 |    +0.0% | -3333.768 | -1186168.9 | -8606382.0 |   6505 | id_stage_i.issue_entry_o\[491\]$_DFFE_PN0P_/D
     995* |       0 |      26 |        0 |      0 |   127 |    +0.0% | -3333.768 | -1186168.9 | -8606392.0 |   6505 | id_stage_i.issue_entry_o\[491\]$_DFFE_PN0P_/D
    1000* |       0 |      27 |        0 |      0 |   130 |    +0.0% | -3333.768 | -1186168.9 | -8606383.0 |   6505 | id_stage_i.issue_entry_o\[491\]$_DFFE_PN0P_/D
    1006* |       0 |      26 |        0 |      0 |   127 |    +0.0% | -3333.768 | -1186168.9 | -8606392.0 |   6505 | id_stage_i.issue_entry_o\[491\]$_DFFE_PN0P_/D
    1010* |       0 |      26 |        0 |      0 |   130 |    +0.0% | -3333.768 | -1186168.9 | -8606385.0 |   6505 | id_stage_i.issue_entry_o\[491\]$_DFFE_PN0P_/D
    1017* |       0 |      26 |        0 |      0 |   127 |    +0.0% | -3333.768 | -1186168.9 | -8606392.0 |   6505 | id_stage_i.issue_entry_o\[491\]$_DFFE_PN0P_/D
    1020* |       0 |      26 |        0 |      0 |   129 |    +0.0% | -3333.768 | -1186168.9 | -8606386.0 |   6505 | id_stage_i.issue_entry_o\[491\]$_DFFE_PN0P_/D
    1028* |       0 |      26 |        0 |      0 |   127 |    +0.0% | -3333.768 | -1186168.9 | -8606392.0 |   6505 | id_stage_i.issue_entry_o\[491\]$_DFFE_PN0P_/D
    1030* |       0 |      26 |        0 |      0 |   128 |    +0.0% | -3333.768 | -1186168.9 | -8606385.0 |   6505 | id_stage_i.issue_entry_o\[491\]$_DFFE_PN0P_/D
    1039* |       0 |      26 |        0 |      0 |   127 |    +0.0% | -3333.768 | -1186168.9 | -8606392.0 |   6505 | id_stage_i.issue_entry_o\[491\]$_DFFE_PN0P_/D
    1040* |       0 |      26 |        0 |      0 |   127 |    +0.0% | -3333.768 | -1186168.9 | -8606392.0 |   6505 | id_stage_i.issue_entry_o\[491\]$_DFFE_PN0P_/D
    1050* |       0 |      32 |        0 |      0 |   131 |    +0.0% | -3333.768 | -1186168.9 | -8606377.0 |   6505 | id_stage_i.issue_entry_o\[491\]$_DFFE_PN0P_/D
    1050* |       0 |      26 |        0 |      0 |   127 |    +0.0% | -3333.768 | -1186168.9 | -8606392.0 |   6505 | id_stage_i.issue_entry_o\[491\]$_DFFE_PN0P_/D
    1060* |       0 |      31 |        0 |      0 |   131 |    +0.0% | -3333.768 | -1186168.9 | -8606378.0 |   6505 | id_stage_i.issue_entry_o\[491\]$_DFFE_PN0P_/D
    1061* |       0 |      26 |        0 |      0 |   127 |    +0.0% | -3333.768 | -1186168.9 | -8606392.0 |   6505 | id_stage_i.issue_entry_o\[491\]$_DFFE_PN0P_/D
    1070* |       0 |      31 |        0 |      0 |   130 |    +0.0% | -3333.768 | -1186168.9 | -8606377.0 |   6505 | id_stage_i.issue_entry_o\[491\]$_DFFE_PN0P_/D
    1072* |       0 |      26 |        0 |      0 |   127 |    +0.0% | -3333.768 | -1186168.9 | -8606392.0 |   6505 | id_stage_i.issue_entry_o\[491\]$_DFFE_PN0P_/D
    1080* |       0 |      30 |        0 |      0 |   130 |    +0.0% | -3333.768 | -1186168.9 | -8606379.0 |   6505 | id_stage_i.issue_entry_o\[491\]$_DFFE_PN0P_/D
    1083* |       0 |      26 |        0 |      0 |   127 |    +0.0% | -3333.768 | -1186168.9 | -8606392.0 |   6505 | id_stage_i.issue_entry_o\[491\]$_DFFE_PN0P_/D
    1090* |       0 |      29 |        0 |      0 |   130 |    +0.0% | -3333.768 | -1186168.9 | -8606381.0 |   6505 | id_stage_i.issue_entry_o\[491\]$_DFFE_PN0P_/D
    1094* |       0 |      26 |        0 |      0 |   127 |    +0.0% | -3333.768 | -1186168.9 | -8606392.0 |   6505 | id_stage_i.issue_entry_o\[491\]$_DFFE_PN0P_/D
    1100* |       0 |      28 |        0 |      0 |   130 |    +0.0% | -3333.768 | -1186168.9 | -8606382.0 |   6505 | id_stage_i.issue_entry_o\[491\]$_DFFE_PN0P_/D
    1100* |       0 |      26 |        0 |      0 |   127 |    +0.0% | -3333.768 | -1186168.9 | -8606392.0 |   6505 | id_stage_i.issue_entry_o\[491\]$_DFFE_PN0P_/D
    1110* |       0 |      31 |        0 |      0 |   131 |    +0.0% | -3333.768 | -1186168.9 | -8606378.0 |   6505 | id_stage_i.issue_entry_o\[491\]$_DFFE_PN0P_/D
    1111* |       0 |      26 |        0 |      0 |   127 |    +0.0% | -3333.768 | -1186168.9 | -8606392.0 |   6505 | id_stage_i.issue_entry_o\[491\]$_DFFE_PN0P_/D
    1120* |       0 |      31 |        0 |      0 |   130 |    +0.0% | -3333.768 | -1186168.9 | -8606377.0 |   6505 | id_stage_i.issue_entry_o\[491\]$_DFFE_PN0P_/D
    1122* |       0 |      26 |        0 |      0 |   127 |    +0.0% | -3333.768 | -1186168.9 | -8606392.0 |   6505 | id_stage_i.issue_entry_o\[491\]$_DFFE_PN0P_/D
    1130* |       0 |      30 |        0 |      0 |   130 |    +0.0% | -3333.768 | -1186168.9 | -8606379.0 |   6505 | id_stage_i.issue_entry_o\[491\]$_DFFE_PN0P_/D
    1133* |       0 |      26 |        0 |      0 |   127 |    +0.0% | -3333.768 | -1186168.9 | -8606392.0 |   6505 | id_stage_i.issue_entry_o\[491\]$_DFFE_PN0P_/D
    1140* |       0 |      29 |        0 |      0 |   130 |    +0.0% | -3333.768 | -1186168.9 | -8606381.0 |   6505 | id_stage_i.issue_entry_o\[491\]$_DFFE_PN0P_/D
    1144* |       0 |      26 |        0 |      0 |   127 |    +0.0% | -3333.768 | -1186168.9 | -8606392.0 |   6505 | id_stage_i.issue_entry_o\[491\]$_DFFE_PN0P_/D
    1150* |       0 |      28 |        0 |      0 |   130 |    +0.0% | -3333.768 | -1186168.9 | -8606382.0 |   6505 | id_stage_i.issue_entry_o\[491\]$_DFFE_PN0P_/D
    1155* |       0 |      26 |        0 |      0 |   127 |    +0.0% | -3333.768 | -1186168.9 | -8606392.0 |   6505 | id_stage_i.issue_entry_o\[491\]$_DFFE_PN0P_/D
    1160* |       0 |      27 |        0 |      0 |   130 |    +0.0% | -3333.768 | -1186168.9 | -8606383.0 |   6505 | id_stage_i.issue_entry_o\[491\]$_DFFE_PN0P_/D
    1166* |       0 |      26 |        0 |      0 |   127 |    +0.0% | -3333.768 | -1186168.9 | -8606392.0 |   6505 | id_stage_i.issue_entry_o\[491\]$_DFFE_PN0P_/D
    1170* |       0 |      26 |        0 |      0 |   130 |    +0.0% | -3333.768 | -1186168.9 | -8606385.0 |   6505 | id_stage_i.issue_entry_o\[491\]$_DFFE_PN0P_/D
    1177* |       0 |      26 |        0 |      0 |   127 |    +0.0% | -3333.768 | -1186168.9 | -8606392.0 |   6505 | id_stage_i.issue_entry_o\[491\]$_DFFE_PN0P_/D
    1180* |       0 |      26 |        0 |      0 |   129 |    +0.0% | -3333.768 | -1186168.9 | -8606386.0 |   6505 | id_stage_i.issue_entry_o\[491\]$_DFFE_PN0P_/D
    1188* |       0 |      26 |        0 |      0 |   127 |    +0.0% | -3333.768 | -1186168.9 | -8606392.0 |   6505 | id_stage_i.issue_entry_o\[491\]$_DFFE_PN0P_/D
    1190* |       0 |      26 |        0 |      0 |   128 |    +0.0% | -3333.768 | -1186168.9 | -8606385.0 |   6505 | id_stage_i.issue_entry_o\[491\]$_DFFE_PN0P_/D
    1199* |       0 |      26 |        0 |      0 |   127 |    +0.0% | -3333.768 | -1186168.9 | -8606392.0 |   6505 | id_stage_i.issue_entry_o\[491\]$_DFFE_PN0P_/D
    1200* |       0 |      26 |        0 |      0 |   127 |    +0.0% | -3333.768 | -1186168.9 | -8606392.0 |   6505 | id_stage_i.issue_entry_o\[491\]$_DFFE_PN0P_/D
    1200* |       0 |      26 |        0 |      0 |   127 |    +0.0% | -3333.768 | -1186168.9 | -8606392.0 |   6505 | id_stage_i.issue_entry_o\[491\]$_DFFE_PN0P_/D
    1200* |       0 |      26 |        0 |      0 |   127 |    +0.0% | -3333.768 | -1186168.9 | -8606392.0 |   6505 | id_stage_i.issue_entry_o\[491\]$_DFFE_PN0P_/D
    final |       0 |     350 |        0 |      0 |   127 |    +0.0% | -3333.374 | -1178722.6 | -8604688.0 |   6505 | id_stage_i.issue_entry_o\[491\]$_DFFE_PN0P_/D
------------------------------------------------------------------------------------------------------------------------------
[INFO RSZ-0051] Resized 350 instances: 10 up, 0 up match, 0 down, 340 VT
[INFO RSZ-0043] Swapped pins on 127 instances.
[WARNING RSZ-0062] Unable to repair all setup violations.
[INFO RSZ-0505] Runtime: 66.95s
Took 67 seconds: repair_timing -setup_margin 0 -hold_margin 0 -repair_tns 100 -setup -skip_last_gasp -sequence unbuffer,sizeup,swap,vt_swap -verbose
Default units for flow
 time 1ps
 capacitance 1fF
 resistance 1kohm
 voltage 1v
 current 1mA
 power 1pW
 distance 1um
   Layer   | Unit Resistance | Unit Capacitance 
           |       (kohm/um) |          (fF/um)
------------------------------------------------
        M1 |        7.04e-02 |         1.00e-10
        M2 |        2.97e-02 |         1.75e-01
        M3 |        3.13e-02 |         1.56e-01
        M4 |        1.80e-02 |         1.78e-01
        M5 |        1.90e-02 |         1.64e-01
        M6 |        1.19e-02 |         1.87e-01
        M7 |        1.25e-02 |         1.63e-01
        M8 |        8.45e-03 |         1.04e-01
        M9 |        8.90e-03 |         9.28e-02
       Pad |        0.00e+00 |         0.00e+00
------------------------------------------------

   Layer   | Via Resistance 
           |         (kohm) 
----------------------------
        V1 |       1.72e-02 
        V2 |       1.72e-02 
        V3 |       1.72e-02 
        V4 |       1.18e-02 
        V5 |       1.18e-02 
        V6 |       8.20e-03 
        V7 |       8.20e-03 
        V8 |       6.30e-03 
        V9 |       6.30e-03 
----------------------------
Report metrics stage 2, floorplan final...

==========================================================================
floorplan final report_design_area
--------------------------------------------------------------------------
Design area 16667 um^2 72% utilization.
write_db /tmp/workspace/scripts-Private_test-fr_cugr_cmp-1-/results/asap7/cva6/base/2_1_floorplan.odb
write_sdc -no_timestamp /tmp/workspace/scripts-Private_test-fr_cugr_cmp-1-/results/asap7/cva6/base/2_1_floorplan.sdc
Elapsed time: 1:30.48[h:]min:sec. CPU time: user 201.70 sys 138.63 (376%). Peak memory: 907992KB.
Log                       Ext     Elapsed/s Peak Memory/MB sha1sum result [0:20)
2_1_floorplan             .odb           90            886 fa1d5e8773e0ca1b5343
2_1_floorplan             .sdc                             d0187f6e78466b387185
/OpenROAD-flow-scripts/flow/scripts/flow.sh 2_2_floorplan_macro macro_place
Running macro_place.tcl, stage 2_2_floorplan_macro
source ./platforms/asap7/liberty_suppressions.tcl
read_liberty ./platforms/asap7/lib/NLDM/asap7sc7p5t_AO_RVT_FF_nldm_211120.lib.gz
read_liberty ./platforms/asap7/lib/NLDM/asap7sc7p5t_INVBUF_RVT_FF_nldm_220122.lib.gz
read_liberty ./platforms/asap7/lib/NLDM/asap7sc7p5t_OA_RVT_FF_nldm_211120.lib.gz
read_liberty ./platforms/asap7/lib/NLDM/asap7sc7p5t_SIMPLE_RVT_FF_nldm_211120.lib.gz
read_liberty ./platforms/asap7/lib/NLDM/asap7sc7p5t_SEQ_RVT_FF_nldm_220123.lib
read_liberty ./platforms/asap7/lib/NLDM/asap7sc7p5t_AO_LVT_FF_nldm_211120.lib.gz
read_liberty ./platforms/asap7/lib/NLDM/asap7sc7p5t_INVBUF_LVT_FF_nldm_220122.lib.gz
read_liberty ./platforms/asap7/lib/NLDM/asap7sc7p5t_OA_LVT_FF_nldm_211120.lib.gz
read_liberty ./platforms/asap7/lib/NLDM/asap7sc7p5t_SIMPLE_LVT_FF_nldm_211120.lib.gz
read_liberty ./platforms/asap7/lib/NLDM/asap7sc7p5t_SEQ_LVT_FF_nldm_220123.lib
read_liberty ./platforms/asap7/lib/NLDM/asap7sc7p5t_AO_SLVT_FF_nldm_211120.lib.gz
read_liberty ./platforms/asap7/lib/NLDM/asap7sc7p5t_INVBUF_SLVT_FF_nldm_220122.lib.gz
read_liberty ./platforms/asap7/lib/NLDM/asap7sc7p5t_OA_SLVT_FF_nldm_211120.lib.gz
read_liberty ./platforms/asap7/lib/NLDM/asap7sc7p5t_SIMPLE_SLVT_FF_nldm_211120.lib.gz
read_liberty ./platforms/asap7/lib/NLDM/asap7sc7p5t_SEQ_SLVT_FF_nldm_220123.lib
read_liberty ./platforms/asap7/lib/NLDM/fakeram7_64x256.lib
read_liberty ./platforms/asap7/lib/NLDM/fakeram7_128x64.lib
read_liberty ./platforms/asap7/lib/NLDM/fakeram7_64x28.lib
read_liberty ./platforms/asap7/lib/NLDM/fakeram7_64x25.lib
read_db -hier /tmp/workspace/scripts-Private_test-fr_cugr_cmp-1-/results/asap7/cva6/base/2_1_floorplan.odb
[WARNING ORD-0012] Hierarchical flow (-hier) is currently in development and may cause multiple issues. Do not use in production environments.
read_sdc /tmp/workspace/scripts-Private_test-fr_cugr_cmp-1-/results/asap7/cva6/base/2_1_floorplan.sdc
source ./platforms/asap7/setRC.tcl
rtl_macro_placer -max_num_level 2 -halo_width 5 -halo_height 5 -min_ar 0.33 -area_weight 0.1 -wirelength_weight 100.0 -outline_weight 100.0 -boundary_weight 50.0 -notch_weight 50.0 -report_directory /tmp/workspace/scripts-Private_test-fr_cugr_cmp-1-/objects/asap7/cva6/base/rtlmp -fence_lx 0.0 -fence_ly 0.0 -fence_ux 0.0 -fence_uy 0.0 -target_util 0.69
[WARNING MPL-0074] -halo_width/-halo_height are deprecated, use the set_macro_base_halo command instead.
Die Area: (0.00, 0.00) (156.71, 156.71),  Floorplan Area: (2.05, 2.16) (154.66, 154.44)
	Number of std cell instances: 106281
	Area of std cell instances: 12499.45
	Number of macros: 8
	Macros to be placed: 8
	Area of macros: 4167.38
	Base halo (L, B, R, T): (5.00, 5.00, 5.00, 5.00)
	Area of macros with halos: 4984.63
	Area of std cell instances + Area of macros: 16666.83
	Floorplan area: 23238.54
	Design Utilization: 0.72
	Floorplan Utilization: 0.66
	Manufacturing Grid: 1

[WARNING MPL-0055] Couldn't find a solution for the specified utilization. The utilization was adjusted to 0.7190428.
[INFO MPL-0500] Runtime: 36.42s
Took 37 seconds: rtl_macro_placer -max_num_level 2 -halo_width 5 -halo_height 5 -min_ar 0.33 -area_weight 0.1 -wirelength_weight 100.0 -outline_weight 100.0 -boundary_weight 50.0 -notch_weight 50.0 -report_directory /tmp/workspace/scripts-Private_test-fr_cugr_cmp-1-/objects/asap7/cva6/base/rtlmp -fence_lx 0.0 -fence_ly 0.0 -fence_ux 0.0 -fence_uy 0.0 -target_util 0.69
Design area 16667 um^2 72% utilization.
write_db /tmp/workspace/scripts-Private_test-fr_cugr_cmp-1-/results/asap7/cva6/base/2_2_floorplan_macro.odb
Elapsed time: 0:39.55[h:]min:sec. CPU time: user 72.56 sys 38.86 (281%). Peak memory: 845212KB.
Log                       Ext     Elapsed/s Peak Memory/MB sha1sum result [0:20)
2_2_floorplan_macro       .odb           39            825 18d8f9f7926fd2647b82
/OpenROAD-flow-scripts/flow/scripts/flow.sh 2_3_floorplan_tapcell tapcell
Running tapcell.tcl, stage 2_3_floorplan_tapcell
source ./platforms/asap7/liberty_suppressions.tcl
read_liberty ./platforms/asap7/lib/NLDM/asap7sc7p5t_AO_RVT_FF_nldm_211120.lib.gz
read_liberty ./platforms/asap7/lib/NLDM/asap7sc7p5t_INVBUF_RVT_FF_nldm_220122.lib.gz
read_liberty ./platforms/asap7/lib/NLDM/asap7sc7p5t_OA_RVT_FF_nldm_211120.lib.gz
read_liberty ./platforms/asap7/lib/NLDM/asap7sc7p5t_SIMPLE_RVT_FF_nldm_211120.lib.gz
read_liberty ./platforms/asap7/lib/NLDM/asap7sc7p5t_SEQ_RVT_FF_nldm_220123.lib
read_liberty ./platforms/asap7/lib/NLDM/asap7sc7p5t_AO_LVT_FF_nldm_211120.lib.gz
read_liberty ./platforms/asap7/lib/NLDM/asap7sc7p5t_INVBUF_LVT_FF_nldm_220122.lib.gz
read_liberty ./platforms/asap7/lib/NLDM/asap7sc7p5t_OA_LVT_FF_nldm_211120.lib.gz
read_liberty ./platforms/asap7/lib/NLDM/asap7sc7p5t_SIMPLE_LVT_FF_nldm_211120.lib.gz
read_liberty ./platforms/asap7/lib/NLDM/asap7sc7p5t_SEQ_LVT_FF_nldm_220123.lib
read_liberty ./platforms/asap7/lib/NLDM/asap7sc7p5t_AO_SLVT_FF_nldm_211120.lib.gz
read_liberty ./platforms/asap7/lib/NLDM/asap7sc7p5t_INVBUF_SLVT_FF_nldm_220122.lib.gz
read_liberty ./platforms/asap7/lib/NLDM/asap7sc7p5t_OA_SLVT_FF_nldm_211120.lib.gz
read_liberty ./platforms/asap7/lib/NLDM/asap7sc7p5t_SIMPLE_SLVT_FF_nldm_211120.lib.gz
read_liberty ./platforms/asap7/lib/NLDM/asap7sc7p5t_SEQ_SLVT_FF_nldm_220123.lib
read_liberty ./platforms/asap7/lib/NLDM/fakeram7_64x256.lib
read_liberty ./platforms/asap7/lib/NLDM/fakeram7_128x64.lib
read_liberty ./platforms/asap7/lib/NLDM/fakeram7_64x28.lib
read_liberty ./platforms/asap7/lib/NLDM/fakeram7_64x25.lib
read_db -hier /tmp/workspace/scripts-Private_test-fr_cugr_cmp-1-/results/asap7/cva6/base/2_2_floorplan_macro.odb
[WARNING ORD-0012] Hierarchical flow (-hier) is currently in development and may cause multiple issues. Do not use in production environments.
read_sdc /tmp/workspace/scripts-Private_test-fr_cugr_cmp-1-/results/asap7/cva6/base/2_1_floorplan.sdc
source ./platforms/asap7/setRC.tcl
Tap and End Cap cell insertion
  TAP Cell          : TAPCELL_ASAP7_75t_R
  ENDCAP Cell       : TAPCELL_ASAP7_75t_R
  Halo Around Macro : 2 2
  TAP Cell Distance : 25
[INFO ODB-0303] The initial 564 rows (1593864 sites) were cut with 8 shapes for a total of 682 rows (1263497 sites).
[INFO TAP-0004] Inserted 1364 endcaps.
[INFO TAP-0005] Inserted 1223 tapcells.
Design area 16742 um^2 72% utilization.
write_db /tmp/workspace/scripts-Private_test-fr_cugr_cmp-1-/results/asap7/cva6/base/2_3_floorplan_tapcell.odb
Elapsed time: 0:03.05[h:]min:sec. CPU time: user 2.92 sys 0.12 (100%). Peak memory: 541756KB.
Log                       Ext     Elapsed/s Peak Memory/MB sha1sum result [0:20)
2_3_floorplan_tapcell     .odb            3            529 91d2a5ac3db8a1cab1f8
/OpenROAD-flow-scripts/flow/scripts/flow.sh 2_4_floorplan_pdn pdn
Running pdn.tcl, stage 2_4_floorplan_pdn
source ./platforms/asap7/liberty_suppressions.tcl
read_liberty ./platforms/asap7/lib/NLDM/asap7sc7p5t_AO_RVT_FF_nldm_211120.lib.gz
read_liberty ./platforms/asap7/lib/NLDM/asap7sc7p5t_INVBUF_RVT_FF_nldm_220122.lib.gz
read_liberty ./platforms/asap7/lib/NLDM/asap7sc7p5t_OA_RVT_FF_nldm_211120.lib.gz
read_liberty ./platforms/asap7/lib/NLDM/asap7sc7p5t_SIMPLE_RVT_FF_nldm_211120.lib.gz
read_liberty ./platforms/asap7/lib/NLDM/asap7sc7p5t_SEQ_RVT_FF_nldm_220123.lib
read_liberty ./platforms/asap7/lib/NLDM/asap7sc7p5t_AO_LVT_FF_nldm_211120.lib.gz
read_liberty ./platforms/asap7/lib/NLDM/asap7sc7p5t_INVBUF_LVT_FF_nldm_220122.lib.gz
read_liberty ./platforms/asap7/lib/NLDM/asap7sc7p5t_OA_LVT_FF_nldm_211120.lib.gz
read_liberty ./platforms/asap7/lib/NLDM/asap7sc7p5t_SIMPLE_LVT_FF_nldm_211120.lib.gz
read_liberty ./platforms/asap7/lib/NLDM/asap7sc7p5t_SEQ_LVT_FF_nldm_220123.lib
read_liberty ./platforms/asap7/lib/NLDM/asap7sc7p5t_AO_SLVT_FF_nldm_211120.lib.gz
read_liberty ./platforms/asap7/lib/NLDM/asap7sc7p5t_INVBUF_SLVT_FF_nldm_220122.lib.gz
read_liberty ./platforms/asap7/lib/NLDM/asap7sc7p5t_OA_SLVT_FF_nldm_211120.lib.gz
read_liberty ./platforms/asap7/lib/NLDM/asap7sc7p5t_SIMPLE_SLVT_FF_nldm_211120.lib.gz
read_liberty ./platforms/asap7/lib/NLDM/asap7sc7p5t_SEQ_SLVT_FF_nldm_220123.lib
read_liberty ./platforms/asap7/lib/NLDM/fakeram7_64x256.lib
read_liberty ./platforms/asap7/lib/NLDM/fakeram7_128x64.lib
read_liberty ./platforms/asap7/lib/NLDM/fakeram7_64x28.lib
read_liberty ./platforms/asap7/lib/NLDM/fakeram7_64x25.lib
read_db -hier /tmp/workspace/scripts-Private_test-fr_cugr_cmp-1-/results/asap7/cva6/base/2_3_floorplan_tapcell.odb
[WARNING ORD-0012] Hierarchical flow (-hier) is currently in development and may cause multiple issues. Do not use in production environments.
read_sdc /tmp/workspace/scripts-Private_test-fr_cugr_cmp-1-/results/asap7/cva6/base/2_1_floorplan.sdc
source ./platforms/asap7/setRC.tcl
[WARNING PDN-1051] No instances found for grid (CORE_macro_grid_2).
[INFO PDN-0001] Inserting grid: top
[INFO PDN-0001] Inserting grid: CORE_macro_grid_1 - gen_cache_hpd.i_cache_subsystem.i_dcache.i_hpdcache.hpdcache_ctrl_i.hpdcache_memctrl_i.gen_data_sram_row\[0\].gen_data_sram_col\[0\].gen_data_sram_wbyteenable.data_sram.ram_i
[INFO PDN-0001] Inserting grid: CORE_macro_grid_1 - gen_cache_hpd.i_cache_subsystem.i_dcache.i_hpdcache.hpdcache_ctrl_i.hpdcache_memctrl_i.gen_data_sram_row\[0\].gen_data_sram_col\[1\].gen_data_sram_wbyteenable.data_sram.ram_i
[INFO PDN-0001] Inserting grid: CORE_macro_grid_1 - gen_cache_hpd.i_cache_subsystem.i_cva6_icache.gen_sram\[0\].tag_sram.gen_techno_cut.genblk1.i_tc_sram_wrapper
[INFO PDN-0001] Inserting grid: CORE_macro_grid_1 - gen_cache_hpd.i_cache_subsystem.i_cva6_icache.gen_sram\[1\].tag_sram.gen_techno_cut.genblk1.i_tc_sram_wrapper
[INFO PDN-0001] Inserting grid: CORE_macro_grid_1 - gen_cache_hpd.i_cache_subsystem.i_cva6_icache.gen_sram\[0\].data_sram.gen_techno_cut.genblk1.i_tc_sram_wrapper
[INFO PDN-0001] Inserting grid: CORE_macro_grid_1 - gen_cache_hpd.i_cache_subsystem.i_cva6_icache.gen_sram\[1\].data_sram.gen_techno_cut.genblk1.i_tc_sram_wrapper
[INFO PDN-0001] Inserting grid: CORE_macro_grid_1 - gen_cache_hpd.i_cache_subsystem.i_dcache.i_hpdcache.hpdcache_ctrl_i.hpdcache_memctrl_i.gen_dir_sram\[0\].dir_sram.ram_i
[INFO PDN-0001] Inserting grid: CORE_macro_grid_1 - gen_cache_hpd.i_cache_subsystem.i_dcache.i_hpdcache.hpdcache_ctrl_i.hpdcache_memctrl_i.gen_dir_sram\[1\].dir_sram.ram_i
[INFO PDN-0500] Runtime: 0.26s
Design area 16742 um^2 72% utilization.
write_db /tmp/workspace/scripts-Private_test-fr_cugr_cmp-1-/results/asap7/cva6/base/2_4_floorplan_pdn.odb
Elapsed time: 0:04.51[h:]min:sec. CPU time: user 4.38 sys 0.13 (100%). Peak memory: 663264KB.
Log                       Ext     Elapsed/s Peak Memory/MB sha1sum result [0:20)
2_4_floorplan_pdn         .odb            4            647 c20e9546d52ea6b9dbf9
cp /tmp/workspace/scripts-Private_test-fr_cugr_cmp-1-/results/asap7/cva6/base/2_4_floorplan_pdn.odb /tmp/workspace/scripts-Private_test-fr_cugr_cmp-1-/results/asap7/cva6/base/2_floorplan.odb
cp /tmp/workspace/scripts-Private_test-fr_cugr_cmp-1-/results/asap7/cva6/base/2_1_floorplan.sdc /tmp/workspace/scripts-Private_test-fr_cugr_cmp-1-/results/asap7/cva6/base/2_floorplan.sdc
/OpenROAD-flow-scripts/flow/scripts/flow.sh 3_1_place_gp_skip_io global_place_skip_io
Running global_place_skip_io.tcl, stage 3_1_place_gp_skip_io
source ./platforms/asap7/liberty_suppressions.tcl
read_liberty ./platforms/asap7/lib/NLDM/asap7sc7p5t_AO_RVT_FF_nldm_211120.lib.gz
read_liberty ./platforms/asap7/lib/NLDM/asap7sc7p5t_INVBUF_RVT_FF_nldm_220122.lib.gz
read_liberty ./platforms/asap7/lib/NLDM/asap7sc7p5t_OA_RVT_FF_nldm_211120.lib.gz
read_liberty ./platforms/asap7/lib/NLDM/asap7sc7p5t_SIMPLE_RVT_FF_nldm_211120.lib.gz
read_liberty ./platforms/asap7/lib/NLDM/asap7sc7p5t_SEQ_RVT_FF_nldm_220123.lib
read_liberty ./platforms/asap7/lib/NLDM/asap7sc7p5t_AO_LVT_FF_nldm_211120.lib.gz
read_liberty ./platforms/asap7/lib/NLDM/asap7sc7p5t_INVBUF_LVT_FF_nldm_220122.lib.gz
read_liberty ./platforms/asap7/lib/NLDM/asap7sc7p5t_OA_LVT_FF_nldm_211120.lib.gz
read_liberty ./platforms/asap7/lib/NLDM/asap7sc7p5t_SIMPLE_LVT_FF_nldm_211120.lib.gz
read_liberty ./platforms/asap7/lib/NLDM/asap7sc7p5t_SEQ_LVT_FF_nldm_220123.lib
read_liberty ./platforms/asap7/lib/NLDM/asap7sc7p5t_AO_SLVT_FF_nldm_211120.lib.gz
read_liberty ./platforms/asap7/lib/NLDM/asap7sc7p5t_INVBUF_SLVT_FF_nldm_220122.lib.gz
read_liberty ./platforms/asap7/lib/NLDM/asap7sc7p5t_OA_SLVT_FF_nldm_211120.lib.gz
read_liberty ./platforms/asap7/lib/NLDM/asap7sc7p5t_SIMPLE_SLVT_FF_nldm_211120.lib.gz
read_liberty ./platforms/asap7/lib/NLDM/asap7sc7p5t_SEQ_SLVT_FF_nldm_220123.lib
read_liberty ./platforms/asap7/lib/NLDM/fakeram7_64x256.lib
read_liberty ./platforms/asap7/lib/NLDM/fakeram7_128x64.lib
read_liberty ./platforms/asap7/lib/NLDM/fakeram7_64x28.lib
read_liberty ./platforms/asap7/lib/NLDM/fakeram7_64x25.lib
read_db -hier /tmp/workspace/scripts-Private_test-fr_cugr_cmp-1-/results/asap7/cva6/base/2_floorplan.odb
[WARNING ORD-0012] Hierarchical flow (-hier) is currently in development and may cause multiple issues. Do not use in production environments.
read_sdc /tmp/workspace/scripts-Private_test-fr_cugr_cmp-1-/results/asap7/cva6/base/2_floorplan.sdc
source ./platforms/asap7/setRC.tcl
global_placement -skip_io -density 0.69 -pad_left 0 -pad_right 0
[INFO GPL-0001] ---- Initialize GPL Main Data Structures
[INFO GPL-0002] DBU: 1000
[INFO GPL-0003] SiteSize: (  0.054  0.270 ) um
[INFO GPL-0004] CoreBBox: (  2.052  2.160 ) ( 154.656 154.440 ) um
[INFO GPL-0016] Core area:                   23238.537 um^2
[INFO GPL-0036] Movable instances area:      12499.449 um^2
[INFO GPL-0037] Total instances area:        16786.085 um^2
[INFO GPL-0035] Pin density area adjust:      1431.139 um^2
[INFO GPL-0032] ---- Initialize Region: Top-level
[INFO GPL-0006] Number of instances:            110222
[INFO GPL-0007] Movable instances:              106281
[INFO GPL-0008] Fixed instances:                  2595
[INFO GPL-0009] Dummy instances:                  1346
[INFO GPL-0010] Number of nets:                 111849
[INFO GPL-0011] Number of pins:                 387425
[INFO GPL-0012] Die BBox:       (  0.000  0.000 ) ( 156.706 156.706 ) um
[INFO GPL-0013] Placement BBox: (  2.052  2.160 ) ( 154.656 154.440 ) um
[INFO GPL-0014] Region name: top-level.
[INFO GPL-0015] Region area:                 23238.537 um^2
[INFO GPL-0017] Fixed instances area:         5355.351 um^2
[INFO GPL-0018] Movable instances area:      13930.587 um^2
[INFO GPL-0019] Utilization:                    77.898 %
[INFO GPL-0020] Standard cells area:         13930.587 um^2
[INFO GPL-0021] Large instances area:            0.000 um^2
[INFO GPL-0005] ---- Execute Conjugate Gradient Initial Placement.
[INFO GPL-0051] Source of initial instance position counters:
	Odb location = 106281	Core center = 0	Region center = 0
[INFO GPL-0033] ---- Initialize Nesterov Region: Top-level
[WARNING GPL-0302] Target density 0.6900 is too low for the available free area.
Automatically adjusting to uniform density 0.7800.
[INFO GPL-0023] Placement target density:       0.7800
[INFO GPL-0024] Movable insts average area:      0.131 um^2
[INFO GPL-0025] Ideal bin area:                  0.168 um^2
[INFO GPL-0026] Ideal bin count:                138290
[INFO GPL-0027] Total bin area:              23238.537 um^2
[INFO GPL-0028] Bin count (X, Y):         256 ,    256
[INFO GPL-0029] Bin size (W * H):       0.596 *  0.595 um
[INFO GPL-0030] Number of bins:                  65536
[INFO GPL-0084] ---- Execute Nesterov Global Placement.
[INFO GPL-0031] HPWL: Half-Perimeter Wirelength
Iteration | Overflow |     HPWL (um) |  HPWL(%) |   Penalty | Group
---------------------------------------------------------------
        0 |   0.9793 |  4.353511e+05 |   +0.00% |  2.48e-13 |      
       10 |   0.9043 |  3.214348e+05 |  -26.17% |  4.04e-13 |      
       20 |   0.8958 |  2.651318e+05 |  -17.52% |  6.58e-13 |      
       30 |   0.9004 |  2.344832e+05 |  -11.56% |  1.07e-12 |      
       40 |   0.9041 |  2.137743e+05 |   -8.83% |  1.75e-12 |      
       50 |   0.9149 |  1.967247e+05 |   -7.98% |  2.84e-12 |      
       60 |   0.9216 |  1.827172e+05 |   -7.12% |  4.63e-12 |      
       70 |   0.9311 |  1.702137e+05 |   -6.84% |  7.55e-12 |      
       80 |   0.9378 |  1.605276e+05 |   -5.69% |  1.23e-11 |      
       90 |   0.9399 |  1.541056e+05 |   -4.00% |  2.00e-11 |      
      100 |   0.9411 |  1.492450e+05 |   -3.15% |  3.26e-11 |      
      110 |   0.9418 |  1.455421e+05 |   -2.48% |  5.31e-11 |      
      120 |   0.9416 |  1.440671e+05 |   -1.01% |  8.65e-11 |      
      130 |   0.9401 |  1.463177e+05 |   +1.56% |  1.41e-10 |      
      140 |   0.9366 |  1.524993e+05 |   +4.22% |  2.29e-10 |      
      150 |   0.9293 |  1.618067e+05 |   +6.10% |  3.73e-10 |      
      160 |   0.9169 |  1.746668e+05 |   +7.95% |  6.07e-10 |      
      170 |   0.8978 |  1.903279e+05 |   +8.97% |  9.88e-10 |      
      180 |   0.8737 |  2.093929e+05 |  +10.02% |  1.61e-09 |      
      190 |   0.8451 |  2.314718e+05 |  +10.54% |  2.61e-09 |      
      200 |   0.8142 |  2.551425e+05 |  +10.23% |  4.24e-09 |      
      210 |   0.7854 |  2.787728e+05 |   +9.26% |  6.89e-09 |      
      220 |   0.7565 |  3.017654e+05 |   +8.25% |  1.12e-08 |      
      230 |   0.7196 |  3.203279e+05 |   +6.15% |  1.82e-08 |      
      240 |   0.6812 |  3.316074e+05 |   +3.52% |  2.96e-08 |      
      250 |   0.6375 |  3.448063e+05 |   +3.98% |  4.81e-08 |      
      260 |   0.5880 |  3.559032e+05 |   +3.22% |  7.83e-08 |      
      270 |   0.5425 |  3.646895e+05 |   +2.47% |  1.27e-07 |      
      280 |   0.4976 |  3.764828e+05 |   +3.23% |  2.07e-07 |      
      290 |   0.4587 |  3.794561e+05 |   +0.79% |  3.37e-07 |      
      300 |   0.4126 |  3.766788e+05 |   -0.73% |  5.49e-07 |      
      310 |   0.3692 |  3.786058e+05 |   +0.51% |  8.95e-07 |      
      320 |   0.3330 |  3.803673e+05 |   +0.47% |  1.41e-06 |      
      330 |   0.2992 |  3.767181e+05 |   -0.96% |  2.08e-06 |      
      340 |   0.2669 |  3.757141e+05 |   -0.27% |  3.07e-06 |      
      350 |   0.2393 |  3.721737e+05 |   -0.94% |  4.52e-06 |      
      360 |   0.2103 |  3.707895e+05 |   -0.37% |  6.66e-06 |      
      370 |   0.1840 |  3.693928e+05 |   -0.38% |  9.81e-06 |      
      380 |   0.1591 |  3.684142e+05 |   -0.26% |  1.44e-05 |      
      390 |   0.1359 |  3.674219e+05 |   -0.27% |  2.13e-05 |      
      400 |   0.1169 |  3.669810e+05 |   -0.12% |  3.14e-05 |      
      410 |   0.1003 |  3.677772e+05 |   +0.22% |  4.62e-05 |      
      411 |   0.0989 |  3.678323e+05 |          |  4.99e-05 |      
---------------------------------------------------------------
[INFO GPL-1001] Global placement finished at iteration 411
[INFO GPL-1002] Placed Cell Area            13930.5871
[INFO GPL-1003] Available Free Area         17883.1865
[INFO GPL-1004] Minimum Feasible Density        0.7800 (cell_area / free_area)
[INFO GPL-1006]   Suggested Target Densities:
[INFO GPL-1007]     - For 90% usage of free space: 0.8655
[INFO GPL-1008]     - For 80% usage of free space: 0.9737
[INFO GPL-1014] Final placement area: 13930.59 (+0.00%)
Took 10 seconds: global_placement -skip_io -density 0.69 -pad_left 0 -pad_right 0
Design area 16742 um^2 72% utilization.
write_db /tmp/workspace/scripts-Private_test-fr_cugr_cmp-1-/results/asap7/cva6/base/3_1_place_gp_skip_io.odb
Elapsed time: 0:12.23[h:]min:sec. CPU time: user 176.78 sys 0.50 (1449%). Peak memory: 753836KB.
Log                       Ext     Elapsed/s Peak Memory/MB sha1sum result [0:20)
3_1_place_gp_skip_io      .odb           12            736 7bbbe56609ca8c604834
/OpenROAD-flow-scripts/flow/scripts/flow.sh 3_2_place_iop io_placement
Running io_placement.tcl, stage 3_2_place_iop
source ./platforms/asap7/liberty_suppressions.tcl
read_liberty ./platforms/asap7/lib/NLDM/asap7sc7p5t_AO_RVT_FF_nldm_211120.lib.gz
read_liberty ./platforms/asap7/lib/NLDM/asap7sc7p5t_INVBUF_RVT_FF_nldm_220122.lib.gz
read_liberty ./platforms/asap7/lib/NLDM/asap7sc7p5t_OA_RVT_FF_nldm_211120.lib.gz
read_liberty ./platforms/asap7/lib/NLDM/asap7sc7p5t_SIMPLE_RVT_FF_nldm_211120.lib.gz
read_liberty ./platforms/asap7/lib/NLDM/asap7sc7p5t_SEQ_RVT_FF_nldm_220123.lib
read_liberty ./platforms/asap7/lib/NLDM/asap7sc7p5t_AO_LVT_FF_nldm_211120.lib.gz
read_liberty ./platforms/asap7/lib/NLDM/asap7sc7p5t_INVBUF_LVT_FF_nldm_220122.lib.gz
read_liberty ./platforms/asap7/lib/NLDM/asap7sc7p5t_OA_LVT_FF_nldm_211120.lib.gz
read_liberty ./platforms/asap7/lib/NLDM/asap7sc7p5t_SIMPLE_LVT_FF_nldm_211120.lib.gz
read_liberty ./platforms/asap7/lib/NLDM/asap7sc7p5t_SEQ_LVT_FF_nldm_220123.lib
read_liberty ./platforms/asap7/lib/NLDM/asap7sc7p5t_AO_SLVT_FF_nldm_211120.lib.gz
read_liberty ./platforms/asap7/lib/NLDM/asap7sc7p5t_INVBUF_SLVT_FF_nldm_220122.lib.gz
read_liberty ./platforms/asap7/lib/NLDM/asap7sc7p5t_OA_SLVT_FF_nldm_211120.lib.gz
read_liberty ./platforms/asap7/lib/NLDM/asap7sc7p5t_SIMPLE_SLVT_FF_nldm_211120.lib.gz
read_liberty ./platforms/asap7/lib/NLDM/asap7sc7p5t_SEQ_SLVT_FF_nldm_220123.lib
read_liberty ./platforms/asap7/lib/NLDM/fakeram7_64x256.lib
read_liberty ./platforms/asap7/lib/NLDM/fakeram7_128x64.lib
read_liberty ./platforms/asap7/lib/NLDM/fakeram7_64x28.lib
read_liberty ./platforms/asap7/lib/NLDM/fakeram7_64x25.lib
read_db -hier /tmp/workspace/scripts-Private_test-fr_cugr_cmp-1-/results/asap7/cva6/base/3_1_place_gp_skip_io.odb
[WARNING ORD-0012] Hierarchical flow (-hier) is currently in development and may cause multiple issues. Do not use in production environments.
read_sdc /tmp/workspace/scripts-Private_test-fr_cugr_cmp-1-/results/asap7/cva6/base/2_floorplan.sdc
source ./platforms/asap7/setRC.tcl
place_pins -hor_layers M4 -ver_layers M5
Found 8 macro blocks.
Using 2 tracks default min distance between IO pins.
[INFO PPL-0001] Number of available slots 6468
[INFO PPL-0002] Number of I/O             962
[INFO PPL-0003] Number of I/O w/sink      862
[INFO PPL-0004] Number of I/O w/o sink    100
[INFO PPL-0005] Slots per section         200
[INFO PPL-0008] Successfully assigned pins to sections.
[INFO PPL-0012] I/O nets HPWL: 30002.87 um.
Design area 16742 um^2 72% utilization.
write_db /tmp/workspace/scripts-Private_test-fr_cugr_cmp-1-/results/asap7/cva6/base/3_2_place_iop.odb
Elapsed time: 0:03.16[h:]min:sec. CPU time: user 3.05 sys 0.11 (100%). Peak memory: 613816KB.
Log                       Ext     Elapsed/s Peak Memory/MB sha1sum result [0:20)
3_2_place_iop             .odb            3            599 d9df8dedc92e6b59c9f1
/OpenROAD-flow-scripts/flow/scripts/flow.sh 3_3_place_gp global_place
Running global_place.tcl, stage 3_3_place_gp
source ./platforms/asap7/liberty_suppressions.tcl
read_liberty ./platforms/asap7/lib/NLDM/asap7sc7p5t_AO_RVT_FF_nldm_211120.lib.gz
read_liberty ./platforms/asap7/lib/NLDM/asap7sc7p5t_INVBUF_RVT_FF_nldm_220122.lib.gz
read_liberty ./platforms/asap7/lib/NLDM/asap7sc7p5t_OA_RVT_FF_nldm_211120.lib.gz
read_liberty ./platforms/asap7/lib/NLDM/asap7sc7p5t_SIMPLE_RVT_FF_nldm_211120.lib.gz
read_liberty ./platforms/asap7/lib/NLDM/asap7sc7p5t_SEQ_RVT_FF_nldm_220123.lib
read_liberty ./platforms/asap7/lib/NLDM/asap7sc7p5t_AO_LVT_FF_nldm_211120.lib.gz
read_liberty ./platforms/asap7/lib/NLDM/asap7sc7p5t_INVBUF_LVT_FF_nldm_220122.lib.gz
read_liberty ./platforms/asap7/lib/NLDM/asap7sc7p5t_OA_LVT_FF_nldm_211120.lib.gz
read_liberty ./platforms/asap7/lib/NLDM/asap7sc7p5t_SIMPLE_LVT_FF_nldm_211120.lib.gz
read_liberty ./platforms/asap7/lib/NLDM/asap7sc7p5t_SEQ_LVT_FF_nldm_220123.lib
read_liberty ./platforms/asap7/lib/NLDM/asap7sc7p5t_AO_SLVT_FF_nldm_211120.lib.gz
read_liberty ./platforms/asap7/lib/NLDM/asap7sc7p5t_INVBUF_SLVT_FF_nldm_220122.lib.gz
read_liberty ./platforms/asap7/lib/NLDM/asap7sc7p5t_OA_SLVT_FF_nldm_211120.lib.gz
read_liberty ./platforms/asap7/lib/NLDM/asap7sc7p5t_SIMPLE_SLVT_FF_nldm_211120.lib.gz
read_liberty ./platforms/asap7/lib/NLDM/asap7sc7p5t_SEQ_SLVT_FF_nldm_220123.lib
read_liberty ./platforms/asap7/lib/NLDM/fakeram7_64x256.lib
read_liberty ./platforms/asap7/lib/NLDM/fakeram7_128x64.lib
read_liberty ./platforms/asap7/lib/NLDM/fakeram7_64x28.lib
read_liberty ./platforms/asap7/lib/NLDM/fakeram7_64x25.lib
read_db -hier /tmp/workspace/scripts-Private_test-fr_cugr_cmp-1-/results/asap7/cva6/base/3_2_place_iop.odb
[WARNING ORD-0012] Hierarchical flow (-hier) is currently in development and may cause multiple issues. Do not use in production environments.
read_sdc /tmp/workspace/scripts-Private_test-fr_cugr_cmp-1-/results/asap7/cva6/base/2_floorplan.sdc
source ./platforms/asap7/setRC.tcl
[INFO RSZ-0026] Removed 376 buffers.
Perform port buffering...
[INFO RSZ-0027] Inserted 230 BUFx2_ASAP7_75t_L input buffers.
[INFO RSZ-0028] Inserted 429 BUFx2_ASAP7_75t_L output buffers.
global_placement -density 0.69 -pad_left 0 -pad_right 0 -routability_driven -timing_driven -force_center_initial_place -min_phi_coef 0.95 -max_phi_coef 1.05
[INFO GPL-0001] ---- Initialize GPL Main Data Structures
[INFO GPL-0002] DBU: 1000
[INFO GPL-0003] SiteSize: (  0.054  0.270 ) um
[INFO GPL-0004] CoreBBox: (  2.052  2.160 ) ( 154.656 154.440 ) um
[INFO GPL-0016] Core area:                   23238.537 um^2
[INFO GPL-0036] Movable instances area:      12520.079 um^2
[INFO GPL-0037] Total instances area:        16806.716 um^2
[INFO GPL-0035] Pin density area adjust:      1431.139 um^2
[INFO GPL-0032] ---- Initialize Region: Top-level
[INFO GPL-0006] Number of instances:            110505
[INFO GPL-0007] Movable instances:              106564
[INFO GPL-0008] Fixed instances:                  2595
[INFO GPL-0009] Dummy instances:                  1346
[INFO GPL-0010] Number of nets:                 112132
[INFO GPL-0011] Number of pins:                 388953
[INFO GPL-0012] Die BBox:       (  0.000  0.000 ) ( 156.706 156.706 ) um
[INFO GPL-0013] Placement BBox: (  2.052  2.160 ) ( 154.656 154.440 ) um
[INFO GPL-0014] Region name: top-level.
[INFO GPL-0015] Region area:                 23238.537 um^2
[INFO GPL-0017] Fixed instances area:         5355.351 um^2
[INFO GPL-0018] Movable instances area:      13951.218 um^2
[INFO GPL-0019] Utilization:                    78.013 %
[INFO GPL-0020] Standard cells area:         13951.218 um^2
[INFO GPL-0021] Large instances area:            0.000 um^2
[INFO GPL-0005] ---- Execute Conjugate Gradient Initial Placement.
[INFO GPL-0051] Source of initial instance position counters:
	Odb location = 0	Core center = 106564	Region center = 0
[InitialPlace]  Iter: 1 conjugate gradient residual: 0.00111865 HPWL: 559883012
[InitialPlace]  Iter: 2 conjugate gradient residual: 0.00031308 HPWL: 324568050
[InitialPlace]  Iter: 3 conjugate gradient residual: 0.00019472 HPWL: 314615756
[InitialPlace]  Iter: 4 conjugate gradient residual: 0.00012520 HPWL: 305657371
[InitialPlace]  Iter: 5 conjugate gradient residual: 0.00009525 HPWL: 299575573
[InitialPlace]  Iter: 6 conjugate gradient residual: 0.00007507 HPWL: 297362180
[InitialPlace]  Iter: 7 conjugate gradient residual: 0.00005587 HPWL: 295432245
[InitialPlace]  Iter: 8 conjugate gradient residual: 0.00005111 HPWL: 294682549
[InitialPlace]  Iter: 9 conjugate gradient residual: 0.00007086 HPWL: 293521008
[InitialPlace]  Iter: 10 conjugate gradient residual: 0.00006466 HPWL: 293249661
[InitialPlace]  Iter: 11 conjugate gradient residual: 0.00008042 HPWL: 292514741
[InitialPlace]  Iter: 12 conjugate gradient residual: 0.00005802 HPWL: 292578560
[InitialPlace]  Iter: 13 conjugate gradient residual: 0.00005145 HPWL: 291985086
[InitialPlace]  Iter: 14 conjugate gradient residual: 0.00006063 HPWL: 292116793
[InitialPlace]  Iter: 15 conjugate gradient residual: 0.00005627 HPWL: 291644351
[InitialPlace]  Iter: 16 conjugate gradient residual: 0.00004679 HPWL: 291865220
[InitialPlace]  Iter: 17 conjugate gradient residual: 0.00005205 HPWL: 291355109
[InitialPlace]  Iter: 18 conjugate gradient residual: 0.00004283 HPWL: 291641762
[InitialPlace]  Iter: 19 conjugate gradient residual: 0.00004327 HPWL: 291174949
[InitialPlace]  Iter: 20 conjugate gradient residual: 0.00003613 HPWL: 291472762
[INFO GPL-0033] ---- Initialize Nesterov Region: Top-level
[WARNING GPL-0302] Target density 0.6900 is too low for the available free area.
Automatically adjusting to uniform density 0.7900.
[INFO GPL-0023] Placement target density:       0.7900
[INFO GPL-0024] Movable insts average area:      0.131 um^2
[INFO GPL-0025] Ideal bin area:                  0.166 um^2
[INFO GPL-0026] Ideal bin count:                140228
[INFO GPL-0027] Total bin area:              23238.537 um^2
[INFO GPL-0028] Bin count (X, Y):         256 ,    256
[INFO GPL-0029] Bin size (W * H):       0.596 *  0.595 um
[INFO GPL-0030] Number of bins:                  65536
[INFO GPL-0084] ---- Execute Nesterov Global Placement.
[INFO GPL-0031] HPWL: Half-Perimeter Wirelength
Iteration | Overflow |     HPWL (um) |  HPWL(%) |   Penalty | Group
---------------------------------------------------------------
        0 |   0.9695 |  1.424892e+05 |   +0.00% |  2.73e-14 |      
       10 |   0.9487 |  1.661460e+05 |  +16.60% |  4.44e-14 |      
       20 |   0.9372 |  1.751136e+05 |   +5.40% |  7.22e-14 |      
       30 |   0.9306 |  1.788167e+05 |   +2.11% |  1.18e-13 |      
       40 |   0.9262 |  1.805681e+05 |   +0.98% |  1.91e-13 |      
       50 |   0.9230 |  1.817607e+05 |   +0.66% |  3.12e-13 |      
       60 |   0.9200 |  1.825837e+05 |   +0.45% |  5.08e-13 |      
       70 |   0.9181 |  1.831460e+05 |   +0.31% |  8.27e-13 |      
       80 |   0.9163 |  1.836464e+05 |   +0.27% |  1.35e-12 |      
       90 |   0.9147 |  1.841049e+05 |   +0.25% |  2.19e-12 |      
      100 |   0.9134 |  1.845343e+05 |   +0.23% |  3.58e-12 |      
      110 |   0.9121 |  1.850432e+05 |   +0.28% |  5.82e-12 |      
      120 |   0.9112 |  1.856651e+05 |   +0.34% |  9.48e-12 |      
      130 |   0.9104 |  1.864652e+05 |   +0.43% |  1.54e-11 |      
      140 |   0.9093 |  1.874612e+05 |   +0.53% |  2.52e-11 |      
      150 |   0.9083 |  1.887498e+05 |   +0.69% |  4.10e-11 |      
      160 |   0.9067 |  1.906538e+05 |   +1.01% |  6.67e-11 |      
      170 |   0.9040 |  1.935979e+05 |   +1.54% |  1.09e-10 |      
      180 |   0.9004 |  1.978762e+05 |   +2.21% |  1.77e-10 |      
      190 |   0.8948 |  2.039603e+05 |   +3.07% |  2.88e-10 |      
      200 |   0.8862 |  2.122818e+05 |   +4.08% |  4.69e-10 |      
      210 |   0.8736 |  2.234106e+05 |   +5.24% |  7.63e-10 |      
      220 |   0.8576 |  2.378327e+05 |   +6.46% |  1.24e-09 |      
      230 |   0.8377 |  2.555362e+05 |   +7.44% |  2.02e-09 |      
      240 |   0.8147 |  2.759009e+05 |   +7.97% |  3.28e-09 |      
      250 |   0.7858 |  2.967084e+05 |   +7.54% |  5.33e-09 |      
      260 |   0.7553 |  3.153556e+05 |   +6.28% |  8.66e-09 |      
      270 |   0.7247 |  3.311314e+05 |   +5.00% |  1.41e-08 |      
      280 |   0.6905 |  3.446427e+05 |   +4.08% |  2.29e-08 |      
      290 |   0.6495 |  3.548879e+05 |   +2.97% |  3.73e-08 |      
[INFO GPL-0100] Timing-driven iteration 1/2, virtual: false.
[INFO GPL-0101]    Iter: 295, overflow: 0.634, keep resizer changes at: 1, HPWL: 357604250
Iteration |   Area    | Resized | Buffers | Nets repaired | Remaining
---------------------------------------------------------------------
        0 |     +0.0% |       0 |       0 |             0 |    112132
    final |     +5.5% |       0 |   12720 |          2493 |         0
---------------------------------------------------------------------
[INFO RSZ-0034] Found 355 slew violations.
[INFO RSZ-0035] Found 2492 fanout violations.
[INFO RSZ-0036] Found 3 capacitance violations.
[INFO RSZ-0038] Inserted 12720 buffers in 2493 nets.
   Iter   |    Area   | Removed | Inserted |   Pins
          |           | Buffers | Buffers  | Remaining
-------------------------------------------------------
        0 |     +0.0% |       0 |        0 |    102821
    10200 |     +0.2% |     303 |      602 |     92621
    20400 |     +0.6% |    1404 |     2055 |     82421
    30600 |     +0.8% |    2847 |     3655 |     72221
    40800 |     +0.9% |    3447 |     4270 |     62021
    51000 |     +1.0% |    4343 |     5301 |     51821
    61200 |     +1.1% |    5263 |     6242 |     41621
    71400 |     +1.1% |    6158 |     7019 |     31421
    81600 |     +1.3% |    7237 |     8251 |     21221
    91800 |     +1.4% |    9040 |     9929 |     11021
   102000 |     +1.7% |   11777 |    12810 |       821
    final |     +1.7% |   12720 |    13705 |         0
-------------------------------------------------------
[INFO GPL-0106] Timing-driven: worst slack -3.8882897e-11
[INFO GPL-0107] Timing-driven: repair_design delta area: 1237.288 um^2 (+8.87%)
[INFO GPL-0108] Timing-driven: repair_design, gpl delta gcells: 13705 (+12.86%)
[INFO GPL-0109] Timing-driven: repair_design, gcells created: 26425, deleted: 12720
[INFO GPL-0110] Timing-driven: new target density: 0.85918725
Iteration | Overflow |     HPWL (um) |  HPWL(%) |   Penalty | Group
---------------------------------------------------------------
      300 |   0.5999 |  4.361191e+05 |  +22.89% |  6.01e-08 |      
[INFO GPL-0038] Routability snapshot saved at iter = 301
      300 |   0.5999 |  4.361191e+05 |          |           |      
      310 |   0.5826 |  4.402544e+05 |   +0.95% |  9.79e-08 |      
      320 |   0.5429 |  4.545077e+05 |   +3.24% |  1.59e-07 |      
      330 |   0.4973 |  4.664290e+05 |   +2.62% |  2.59e-07 |      
      340 |   0.4613 |  4.813375e+05 |   +3.20% |  4.21e-07 |      
      350 |   0.4142 |  4.952178e+05 |   +2.88% |  6.85e-07 |      
      360 |   0.3701 |  5.049527e+05 |   +1.97% |  1.11e-06 |      
      370 |   0.3305 |  5.052448e+05 |   +0.06% |  1.74e-06 |      
      380 |   0.3002 |  5.062787e+05 |   +0.20% |  2.57e-06 |      
[INFO GPL-0040] Routability iteration: 1
[WARNING GRT-0281] Net clk_i has a large fanout of 8474 terminals.
[INFO GPL-0041] Total routing overflow: 58.1210
[INFO GPL-0042] Number of overflowed tiles: 643 (0.86%)
[INFO GPL-0043] Average top 0.5% routing congestion: 1.1409
[INFO GPL-0044] Average top 1.0% routing congestion: 1.0765
[INFO GPL-0045] Average top 2.0% routing congestion: 1.0176
[INFO GPL-0046] Average top 5.0% routing congestion: 0.9414
[INFO GPL-0047] Routability iteration weighted routing congestion: 1.1087
[INFO GPL-0048] Routing congestion (1.1087) lower than previous minimum (1e+30). Updating minimum.
[INFO GPL-0086] Inflated area:                  78.599 um^2 (+0.52%)
[INFO GPL-0052] Placement target density:       0.8592
[INFO GPL-0076] Removing fillers, count: Before: 1437, After: 798 (-44.47%)
[INFO GPL-0077] Filler area (um^2)     : Before: 176.501, After: 98.014 (-44.47%)
[INFO GPL-0078] Removed fillers count: 639, area removed: 78.485 um^2. Remaining area to be compensated by modifying density: 0.113 um^2
[INFO GPL-0058] White space area:            17883.186 um^2 (+0.00%)
[INFO GPL-0059] Movable instances area:      15365.006 um^2 (+0.00%)
[INFO GPL-0060] Total filler area:              98.014 um^2 (-44.47%)
[INFO GPL-0061] Total non-inflated area:     15365.119 um^2 (+0.00%)
[INFO GPL-0062] Total inflated area:         15443.717 um^2 (+0.00%)
[INFO GPL-0063] New Target Density:             0.8592
[INFO GPL-0087] Routability end iteration: increase inflation and revert back to snapshot.
Iteration | Overflow |     HPWL (um) |  HPWL(%) |   Penalty | Group
---------------------------------------------------------------
      390 |   0.5885 |  4.385015e+05 |  -13.39% |  8.61e-08 |      
      400 |   0.5610 |  4.493975e+05 |   +2.48% |  1.27e-07 |      
      410 |   0.5264 |  4.581848e+05 |   +1.96% |  1.86e-07 |      
      420 |   0.4976 |  4.680065e+05 |   +2.14% |  2.74e-07 |      
      430 |   0.4619 |  4.794171e+05 |   +2.44% |  4.04e-07 |      
      440 |   0.4249 |  4.871858e+05 |   +1.62% |  5.95e-07 |      
      450 |   0.3910 |  4.931561e+05 |   +1.23% |  8.75e-07 |      
      460 |   0.3617 |  4.941122e+05 |   +0.19% |  1.29e-06 |      
      470 |   0.3267 |  4.990471e+05 |   +1.00% |  1.90e-06 |      
[INFO GPL-0040] Routability iteration: 2
[INFO GPL-0041] Total routing overflow: 34.9512
[INFO GPL-0042] Number of overflowed tiles: 536 (0.71%)
[INFO GPL-0043] Average top 0.5% routing congestion: 1.0873
[INFO GPL-0044] Average top 1.0% routing congestion: 1.0425
[INFO GPL-0045] Average top 2.0% routing congestion: 0.9920
[INFO GPL-0046] Average top 5.0% routing congestion: 0.9249
[INFO GPL-0047] Routability iteration weighted routing congestion: 1.0649
[INFO GPL-0048] Routing congestion (1.0649) lower than previous minimum (1.109). Updating minimum.
[INFO GPL-0086] Inflated area:                  35.797 um^2 (+0.23%)
[INFO GPL-0052] Placement target density:       0.8592
[INFO GPL-0076] Removing fillers, count: Before: 798, After: 507 (-36.47%)
[INFO GPL-0077] Filler area (um^2)     : Before: 98.014, After: 62.272 (-36.47%)
[INFO GPL-0078] Removed fillers count: 291, area removed: 35.742 um^2. Remaining area to be compensated by modifying density: 0.055 um^2
[INFO GPL-0058] White space area:            17883.186 um^2 (+0.00%)
[INFO GPL-0059] Movable instances area:      15365.006 um^2 (+0.00%)
[INFO GPL-0060] Total filler area:              62.272 um^2 (-36.47%)
[INFO GPL-0061] Total non-inflated area:     15365.174 um^2 (+0.00%)
[INFO GPL-0062] Total inflated area:         15400.971 um^2 (+0.00%)
[INFO GPL-0063] New Target Density:             0.8592
[INFO GPL-0087] Routability end iteration: increase inflation and revert back to snapshot.
Iteration | Overflow |     HPWL (um) |  HPWL(%) |   Penalty | Group
---------------------------------------------------------------
      480 |   0.6011 |  4.376961e+05 |  -12.29% |  6.56e-08 |      
      490 |   0.5805 |  4.419708e+05 |   +0.98% |  9.66e-08 |      
      500 |   0.5495 |  4.532572e+05 |   +2.55% |  1.42e-07 |      
      510 |   0.5170 |  4.619538e+05 |   +1.92% |  2.09e-07 |      
      520 |   0.4889 |  4.727247e+05 |   +2.33% |  3.08e-07 |      
      530 |   0.4493 |  4.830355e+05 |   +2.18% |  4.54e-07 |      
      540 |   0.4147 |  4.903915e+05 |   +1.52% |  6.68e-07 |      
      550 |   0.3822 |  4.940829e+05 |   +0.75% |  9.83e-07 |      
      560 |   0.3515 |  4.969072e+05 |   +0.57% |  1.45e-06 |      
      570 |   0.3172 |  5.008797e+05 |   +0.80% |  2.13e-06 |      
[INFO GPL-0040] Routability iteration: 3
[INFO GPL-0041] Total routing overflow: 25.0268
[INFO GPL-0042] Number of overflowed tiles: 477 (0.64%)
[INFO GPL-0043] Average top 0.5% routing congestion: 1.0645
[INFO GPL-0044] Average top 1.0% routing congestion: 1.0269
[INFO GPL-0045] Average top 2.0% routing congestion: 0.9831
[INFO GPL-0046] Average top 5.0% routing congestion: 0.9215
[INFO GPL-0047] Routability iteration weighted routing congestion: 1.0457
[INFO GPL-0048] Routing congestion (1.0457) lower than previous minimum (1.065). Updating minimum.
[INFO GPL-0086] Inflated area:                  24.326 um^2 (+0.16%)
[INFO GPL-0052] Placement target density:       0.8592
[INFO GPL-0076] Removing fillers, count: Before: 507, After: 309 (-39.05%)
[INFO GPL-0077] Filler area (um^2)     : Before: 62.272, After: 37.953 (-39.05%)
[INFO GPL-0078] Removed fillers count: 198, area removed: 24.319 um^2. Remaining area to be compensated by modifying density: 0.007 um^2
[INFO GPL-0058] White space area:            17883.186 um^2 (+0.00%)
[INFO GPL-0059] Movable instances area:      15365.006 um^2 (+0.00%)
[INFO GPL-0060] Total filler area:              37.953 um^2 (-39.05%)
[INFO GPL-0061] Total non-inflated area:     15365.180 um^2 (+0.00%)
[INFO GPL-0062] Total inflated area:         15389.506 um^2 (+0.00%)
[INFO GPL-0063] New Target Density:             0.8592
[INFO GPL-0087] Routability end iteration: increase inflation and revert back to snapshot.
Iteration | Overflow |     HPWL (um) |  HPWL(%) |   Penalty | Group
---------------------------------------------------------------
      580 |   0.5981 |  4.360266e+05 |  -12.95% |  7.37e-08 |      
      590 |   0.5727 |  4.453398e+05 |   +2.14% |  1.09e-07 |      
      600 |   0.5393 |  4.561058e+05 |   +2.42% |  1.60e-07 |      
      610 |   0.5089 |  4.654837e+05 |   +2.06% |  2.35e-07 |      
      620 |   0.4782 |  4.768659e+05 |   +2.45% |  3.46e-07 |      
      630 |   0.4383 |  4.855558e+05 |   +1.82% |  5.09e-07 |      
      640 |   0.4055 |  4.925607e+05 |   +1.44% |  7.50e-07 |      
      650 |   0.3740 |  4.944359e+05 |   +0.38% |  1.10e-06 |      
      660 |   0.3395 |  4.993639e+05 |   +1.00% |  1.63e-06 |      
      670 |   0.3057 |  5.025928e+05 |   +0.65% |  2.39e-06 |      
[INFO GPL-0040] Routability iteration: 4
[INFO GPL-0041] Total routing overflow: 20.8274
[INFO GPL-0042] Number of overflowed tiles: 450 (0.60%)
[INFO GPL-0043] Average top 0.5% routing congestion: 1.0544
[INFO GPL-0044] Average top 1.0% routing congestion: 1.0200
[INFO GPL-0045] Average top 2.0% routing congestion: 0.9794
[INFO GPL-0046] Average top 5.0% routing congestion: 0.9200
[INFO GPL-0047] Routability iteration weighted routing congestion: 1.0372
[INFO GPL-0048] Routing congestion (1.0372) lower than previous minimum (1.046). Updating minimum.
[INFO GPL-0086] Inflated area:                  18.316 um^2 (+0.12%)
[INFO GPL-0052] Placement target density:       0.8592
[INFO GPL-0076] Removing fillers, count: Before: 309, After: 160 (-48.22%)
[INFO GPL-0077] Filler area (um^2)     : Before: 37.953, After: 19.652 (-48.22%)
[INFO GPL-0078] Removed fillers count: 149, area removed: 18.301 um^2. Remaining area to be compensated by modifying density: 0.015 um^2
[INFO GPL-0058] White space area:            17883.186 um^2 (+0.00%)
[INFO GPL-0059] Movable instances area:      15365.006 um^2 (+0.00%)
[INFO GPL-0060] Total filler area:              19.652 um^2 (-48.22%)
[INFO GPL-0061] Total non-inflated area:     15365.195 um^2 (+0.00%)
[INFO GPL-0062] Total inflated area:         15383.511 um^2 (+0.00%)
[INFO GPL-0063] New Target Density:             0.8592
[INFO GPL-0087] Routability end iteration: increase inflation and revert back to snapshot.
Iteration | Overflow |     HPWL (um) |  HPWL(%) |   Penalty | Group
---------------------------------------------------------------
      680 |   0.5916 |  4.383780e+05 |  -12.78% |  8.28e-08 |      
      690 |   0.5634 |  4.496694e+05 |   +2.58% |  1.22e-07 |      
      700 |   0.5297 |  4.591697e+05 |   +2.11% |  1.79e-07 |      
      710 |   0.5001 |  4.695234e+05 |   +2.25% |  2.64e-07 |      
      720 |   0.4662 |  4.808687e+05 |   +2.42% |  3.88e-07 |      
      730 |   0.4285 |  4.883935e+05 |   +1.56% |  5.72e-07 |      
      740 |   0.3963 |  4.945149e+05 |   +1.25% |  8.42e-07 |      
      750 |   0.3655 |  4.957488e+05 |   +0.25% |  1.24e-06 |      
      760 |   0.3295 |  5.011050e+05 |   +1.08% |  1.83e-06 |      
[INFO GPL-0040] Routability iteration: 5
[INFO GPL-0041] Total routing overflow: 17.9988
[INFO GPL-0042] Number of overflowed tiles: 421 (0.56%)
[INFO GPL-0043] Average top 0.5% routing congestion: 1.0475
[INFO GPL-0044] Average top 1.0% routing congestion: 1.0159
[INFO GPL-0045] Average top 2.0% routing congestion: 0.9772
[INFO GPL-0046] Average top 5.0% routing congestion: 0.9188
[INFO GPL-0047] Routability iteration weighted routing congestion: 1.0317
[INFO GPL-0048] Routing congestion (1.0317) lower than previous minimum (1.037). Updating minimum.
[INFO GPL-0086] Inflated area:                  15.231 um^2 (+0.10%)
[INFO GPL-0052] Placement target density:       0.8592
[INFO GPL-0076] Removing fillers, count: Before: 160, After: 36 (-77.50%)
[INFO GPL-0077] Filler area (um^2)     : Before: 19.652, After: 4.422 (-77.50%)
[INFO GPL-0078] Removed fillers count: 124, area removed: 15.230 um^2. Remaining area to be compensated by modifying density: 0.001 um^2
[INFO GPL-0058] White space area:            17883.186 um^2 (+0.00%)
[INFO GPL-0059] Movable instances area:      15365.006 um^2 (+0.00%)
[INFO GPL-0060] Total filler area:               4.422 um^2 (-77.50%)
[INFO GPL-0061] Total non-inflated area:     15365.196 um^2 (+0.00%)
[INFO GPL-0062] Total inflated area:         15380.428 um^2 (+0.00%)
[INFO GPL-0063] New Target Density:             0.8592
[INFO GPL-0087] Routability end iteration: increase inflation and revert back to snapshot.
Iteration | Overflow |     HPWL (um) |  HPWL(%) |   Penalty | Group
---------------------------------------------------------------
      770 |   0.6028 |  4.386689e+05 |  -12.46% |  6.31e-08 |      
      780 |   0.5829 |  4.414681e+05 |   +0.64% |  9.30e-08 |      
      790 |   0.5532 |  4.531170e+05 |   +2.64% |  1.37e-07 |      
      800 |   0.5202 |  4.623254e+05 |   +2.03% |  2.01e-07 |      
      810 |   0.4925 |  4.731888e+05 |   +2.35% |  2.96e-07 |      
      820 |   0.4542 |  4.835750e+05 |   +2.19% |  4.36e-07 |      
      830 |   0.4181 |  4.906540e+05 |   +1.46% |  6.42e-07 |      
      840 |   0.3870 |  4.951852e+05 |   +0.92% |  9.46e-07 |      
      850 |   0.3558 |  4.977914e+05 |   +0.53% |  1.39e-06 |      
      860 |   0.3200 |  5.021730e+05 |   +0.88% |  2.05e-06 |      
[INFO GPL-0040] Routability iteration: 6
[INFO GPL-0041] Total routing overflow: 18.2084
[INFO GPL-0042] Number of overflowed tiles: 411 (0.55%)
[INFO GPL-0043] Average top 0.5% routing congestion: 1.0482
[INFO GPL-0044] Average top 1.0% routing congestion: 1.0165
[INFO GPL-0045] Average top 2.0% routing congestion: 0.9774
[INFO GPL-0046] Average top 5.0% routing congestion: 0.9197
[INFO GPL-0047] Routability iteration weighted routing congestion: 1.0323
[INFO GPL-0049] Routing congestion (1.0323) higher than minimum (1.0317). Consecutive non-improvement count: 1.
[INFO GPL-0086] Inflated area:                  14.604 um^2 (+0.10%)
[INFO GPL-0052] Placement target density:       0.8592
[INFO GPL-0076] Removing fillers, count: Before: 36, After: 0 (-100.00%)
[INFO GPL-0077] Filler area (um^2)     : Before: 4.422, After: 0.000 (-100.00%)
[INFO GPL-0078] Removed fillers count: 36, area removed: 4.422 um^2. Remaining area to be compensated by modifying density: 10.182 um^2
[INFO GPL-0079] New target density: 0.85976726
[INFO GPL-0058] White space area:            17883.186 um^2 (+0.00%)
[INFO GPL-0059] Movable instances area:      15375.378 um^2 (+0.07%)
[INFO GPL-0060] Total filler area:               0.000 um^2 (-100.00%)
[INFO GPL-0061] Total non-inflated area:     15375.379 um^2 (+0.07%)
[INFO GPL-0062] Total inflated area:         15389.983 um^2 (+0.07%)
[INFO GPL-0063] New Target Density:             0.8598
[INFO GPL-0087] Routability end iteration: increase inflation and revert back to snapshot.
Iteration | Overflow |     HPWL (um) |  HPWL(%) |   Penalty | Group
---------------------------------------------------------------
      870 |   0.6004 |  4.363713e+05 |  -13.10% |  7.09e-08 |      
      880 |   0.5746 |  4.450972e+05 |   +2.00% |  1.04e-07 |      
      890 |   0.5422 |  4.563328e+05 |   +2.52% |  1.54e-07 |      
      900 |   0.5118 |  4.658163e+05 |   +2.08% |  2.26e-07 |      
      910 |   0.4822 |  4.772437e+05 |   +2.45% |  3.33e-07 |      
      920 |   0.4429 |  4.861288e+05 |   +1.86% |  4.90e-07 |      
      930 |   0.4090 |  4.929783e+05 |   +1.41% |  7.21e-07 |      
      940 |   0.3781 |  4.957218e+05 |   +0.56% |  1.06e-06 |      
      950 |   0.3430 |  5.002498e+05 |   +0.91% |  1.56e-06 |      
      960 |   0.3096 |  5.035029e+05 |   +0.65% |  2.30e-06 |      
[INFO GPL-0040] Routability iteration: 7
[INFO GPL-0041] Total routing overflow: 17.3227
[INFO GPL-0042] Number of overflowed tiles: 404 (0.54%)
[INFO GPL-0043] Average top 0.5% routing congestion: 1.0460
[INFO GPL-0044] Average top 1.0% routing congestion: 1.0143
[INFO GPL-0045] Average top 2.0% routing congestion: 0.9760
[INFO GPL-0046] Average top 5.0% routing congestion: 0.9186
[INFO GPL-0047] Routability iteration weighted routing congestion: 1.0302
[INFO GPL-0048] Routing congestion (1.0302) lower than previous minimum (1.032). Updating minimum.
[INFO GPL-0086] Inflated area:                  13.971 um^2 (+0.09%)
[INFO GPL-0052] Placement target density:       0.8598
[INFO GPL-0076] Removing fillers, count: Before: 0, After: 0 (+0.00%)
[INFO GPL-0077] Filler area (um^2)     : Before: 0.000, After: 0.000 (+0.00%)
[INFO GPL-0078] Removed fillers count: 0, area removed: 0.000 um^2. Remaining area to be compensated by modifying density: 13.971 um^2
[INFO GPL-0079] New target density: 0.8605485
[INFO GPL-0058] White space area:            17883.186 um^2 (+0.00%)
[INFO GPL-0059] Movable instances area:      15389.350 um^2 (+0.09%)
[INFO GPL-0060] Total filler area:               0.000 um^2 (+0.00%)
[INFO GPL-0061] Total non-inflated area:     15389.350 um^2 (+0.09%)
[INFO GPL-0062] Total inflated area:         15403.320 um^2 (+0.09%)
[INFO GPL-0063] New Target Density:             0.8605
[INFO GPL-0087] Routability end iteration: increase inflation and revert back to snapshot.
Iteration | Overflow |     HPWL (um) |  HPWL(%) |   Penalty | Group
---------------------------------------------------------------
      970 |   0.5944 |  4.375204e+05 |  -13.10% |  7.97e-08 |      
      980 |   0.5667 |  4.486737e+05 |   +2.55% |  1.17e-07 |      
      990 |   0.5329 |  4.588354e+05 |   +2.26% |  1.73e-07 |      
     1000 |   0.5030 |  4.691774e+05 |   +2.25% |  2.54e-07 |      
     1010 |   0.4699 |  4.805817e+05 |   +2.43% |  3.74e-07 |      
     1020 |   0.4319 |  4.882299e+05 |   +1.59% |  5.50e-07 |      
     1030 |   0.4002 |  4.943707e+05 |   +1.26% |  8.10e-07 |      
     1040 |   0.3690 |  4.962116e+05 |   +0.37% |  1.19e-06 |      
     1050 |   0.3338 |  5.014680e+05 |   +1.06% |  1.76e-06 |      
     1060 |   0.2988 |  5.048425e+05 |   +0.67% |  2.59e-06 |      
[INFO GPL-0040] Routability iteration: 8
[INFO GPL-0041] Total routing overflow: 17.5048
[INFO GPL-0042] Number of overflowed tiles: 399 (0.53%)
[INFO GPL-0043] Average top 0.5% routing congestion: 1.0465
[INFO GPL-0044] Average top 1.0% routing congestion: 1.0140
[INFO GPL-0045] Average top 2.0% routing congestion: 0.9747
[INFO GPL-0046] Average top 5.0% routing congestion: 0.9173
[INFO GPL-0047] Routability iteration weighted routing congestion: 1.0302
[INFO GPL-0049] Routing congestion (1.0302) higher than minimum (1.0302). Consecutive non-improvement count: 1.
[INFO GPL-0086] Inflated area:                  11.324 um^2 (+0.07%)
[INFO GPL-0052] Placement target density:       0.8605
[INFO GPL-0076] Removing fillers, count: Before: 0, After: 0 (+0.00%)
[INFO GPL-0077] Filler area (um^2)     : Before: 0.000, After: 0.000 (+0.00%)
[INFO GPL-0078] Removed fillers count: 0, area removed: 0.000 um^2. Remaining area to be compensated by modifying density: 11.324 um^2
[INFO GPL-0079] New target density: 0.86118174
[INFO GPL-0058] White space area:            17883.186 um^2 (+0.00%)
[INFO GPL-0059] Movable instances area:      15400.674 um^2 (+0.07%)
[INFO GPL-0060] Total filler area:               0.000 um^2 (+0.00%)
[INFO GPL-0061] Total non-inflated area:     15400.674 um^2 (+0.07%)
[INFO GPL-0062] Total inflated area:         15411.998 um^2 (+0.07%)
[INFO GPL-0063] New Target Density:             0.8612
[INFO GPL-0087] Routability end iteration: increase inflation and revert back to snapshot.
Iteration | Overflow |     HPWL (um) |  HPWL(%) |   Penalty | Group
---------------------------------------------------------------
     1070 |   0.5859 |  4.409498e+05 |  -12.66% |  8.94e-08 |      
     1080 |   0.5567 |  4.527040e+05 |   +2.67% |  1.32e-07 |      
     1090 |   0.5233 |  4.620092e+05 |   +2.06% |  1.94e-07 |      
     1100 |   0.4954 |  4.728530e+05 |   +2.35% |  2.85e-07 |      
     1110 |   0.4579 |  4.835349e+05 |   +2.26% |  4.20e-07 |      
     1120 |   0.4218 |  4.906810e+05 |   +1.48% |  6.18e-07 |      
     1130 |   0.3899 |  4.954947e+05 |   +0.98% |  9.10e-07 |      
     1140 |   0.3589 |  4.980294e+05 |   +0.51% |  1.34e-06 |      
     1150 |   0.3234 |  5.026782e+05 |   +0.93% |  1.97e-06 |      
[INFO GPL-0040] Routability iteration: 9
[INFO GPL-0041] Total routing overflow: 15.4888
[INFO GPL-0042] Number of overflowed tiles: 361 (0.48%)
[INFO GPL-0043] Average top 0.5% routing congestion: 1.0412
[INFO GPL-0044] Average top 1.0% routing congestion: 1.0097
[INFO GPL-0045] Average top 2.0% routing congestion: 0.9715
[INFO GPL-0046] Average top 5.0% routing congestion: 0.9160
[INFO GPL-0047] Routability iteration weighted routing congestion: 1.0254
[INFO GPL-0048] Routing congestion (1.0254) lower than previous minimum (1.03). Updating minimum.
[INFO GPL-0086] Inflated area:                  11.683 um^2 (+0.08%)
[INFO GPL-0052] Placement target density:       0.8612
[INFO GPL-0076] Removing fillers, count: Before: 0, After: 0 (+0.00%)
[INFO GPL-0077] Filler area (um^2)     : Before: 0.000, After: 0.000 (+0.00%)
[INFO GPL-0078] Removed fillers count: 0, area removed: 0.000 um^2. Remaining area to be compensated by modifying density: 11.683 um^2
[INFO GPL-0079] New target density: 0.86183494
[INFO GPL-0058] White space area:            17883.186 um^2 (+0.00%)
[INFO GPL-0059] Movable instances area:      15412.356 um^2 (+0.08%)
[INFO GPL-0060] Total filler area:               0.000 um^2 (+0.00%)
[INFO GPL-0061] Total non-inflated area:     15412.357 um^2 (+0.08%)
[INFO GPL-0062] Total inflated area:         15424.039 um^2 (+0.08%)
[INFO GPL-0063] New Target Density:             0.8618
[INFO GPL-0087] Routability end iteration: increase inflation and revert back to snapshot.
Iteration | Overflow |     HPWL (um) |  HPWL(%) |   Penalty | Group
---------------------------------------------------------------
     1160 |   0.6020 |  4.363764e+05 |  -13.19% |  6.82e-08 |      
     1170 |   0.5775 |  4.439861e+05 |   +1.74% |  1.00e-07 |      
     1180 |   0.5454 |  4.556526e+05 |   +2.63% |  1.48e-07 |      
     1190 |   0.5149 |  4.650322e+05 |   +2.06% |  2.18e-07 |      
     1200 |   0.4861 |  4.763914e+05 |   +2.44% |  3.20e-07 |      
     1210 |   0.4472 |  4.856848e+05 |   +1.95% |  4.71e-07 |      
     1220 |   0.4120 |  4.926045e+05 |   +1.42% |  6.94e-07 |      
     1230 |   0.3819 |  4.956797e+05 |   +0.62% |  1.02e-06 |      
     1240 |   0.3477 |  4.999656e+05 |   +0.86% |  1.50e-06 |      
     1250 |   0.3131 |  5.035579e+05 |   +0.72% |  2.22e-06 |      
[INFO GPL-0040] Routability iteration: 10
[INFO GPL-0041] Total routing overflow: 13.3890
[INFO GPL-0042] Number of overflowed tiles: 336 (0.45%)
[INFO GPL-0043] Average top 0.5% routing congestion: 1.0353
[INFO GPL-0044] Average top 1.0% routing congestion: 1.0057
[INFO GPL-0045] Average top 2.0% routing congestion: 0.9693
[INFO GPL-0046] Average top 5.0% routing congestion: 0.9152
[INFO GPL-0047] Routability iteration weighted routing congestion: 1.0205
[INFO GPL-0048] Routing congestion (1.0205) lower than previous minimum (1.025). Updating minimum.
[INFO GPL-0086] Inflated area:                  10.649 um^2 (+0.07%)
[INFO GPL-0052] Placement target density:       0.8618
[INFO GPL-0076] Removing fillers, count: Before: 0, After: 0 (+0.00%)
[INFO GPL-0077] Filler area (um^2)     : Before: 0.000, After: 0.000 (+0.00%)
[INFO GPL-0078] Removed fillers count: 0, area removed: 0.000 um^2. Remaining area to be compensated by modifying density: 10.649 um^2
[INFO GPL-0079] New target density: 0.86243045
[INFO GPL-0058] White space area:            17883.186 um^2 (+0.00%)
[INFO GPL-0059] Movable instances area:      15423.006 um^2 (+0.07%)
[INFO GPL-0060] Total filler area:               0.000 um^2 (+0.00%)
[INFO GPL-0061] Total non-inflated area:     15423.005 um^2 (+0.07%)
[INFO GPL-0062] Total inflated area:         15433.654 um^2 (+0.07%)
[INFO GPL-0063] New Target Density:             0.8624
[INFO GPL-0087] Routability end iteration: increase inflation and revert back to snapshot.
Iteration | Overflow |     HPWL (um) |  HPWL(%) |   Penalty | Group
---------------------------------------------------------------
     1260 |   0.5968 |  4.370959e+05 |  -13.20% |  7.66e-08 |      
     1270 |   0.5695 |  4.480054e+05 |   +2.50% |  1.13e-07 |      
     1280 |   0.5361 |  4.584708e+05 |   +2.34% |  1.66e-07 |      
     1290 |   0.5056 |  4.686585e+05 |   +2.22% |  2.44e-07 |      
     1300 |   0.4737 |  4.801754e+05 |   +2.46% |  3.60e-07 |      
     1310 |   0.4354 |  4.881395e+05 |   +1.66% |  5.29e-07 |      
     1320 |   0.4030 |  4.944826e+05 |   +1.30% |  7.79e-07 |      
     1330 |   0.3721 |  4.963743e+05 |   +0.38% |  1.15e-06 |      
     1340 |   0.3368 |  5.016371e+05 |   +1.06% |  1.69e-06 |      
     1350 |   0.3018 |  5.052430e+05 |   +0.72% |  2.49e-06 |      
[INFO GPL-0040] Routability iteration: 11
[INFO GPL-0041] Total routing overflow: 11.8214
[INFO GPL-0042] Number of overflowed tiles: 313 (0.42%)
[INFO GPL-0043] Average top 0.5% routing congestion: 1.0305
[INFO GPL-0044] Average top 1.0% routing congestion: 1.0014
[INFO GPL-0045] Average top 2.0% routing congestion: 0.9661
[INFO GPL-0046] Average top 5.0% routing congestion: 0.9136
[INFO GPL-0047] Routability iteration weighted routing congestion: 1.0159
[INFO GPL-0048] Routing congestion (1.0159) lower than previous minimum (1.021). Updating minimum.
[INFO GPL-0086] Inflated area:                   7.600 um^2 (+0.05%)
[INFO GPL-0052] Placement target density:       0.8624
[INFO GPL-0076] Removing fillers, count: Before: 0, After: 0 (+0.00%)
[INFO GPL-0077] Filler area (um^2)     : Before: 0.000, After: 0.000 (+0.00%)
[INFO GPL-0078] Removed fillers count: 0, area removed: 0.000 um^2. Remaining area to be compensated by modifying density: 7.600 um^2
[INFO GPL-0079] New target density: 0.8628555
[INFO GPL-0058] White space area:            17883.186 um^2 (+0.00%)
[INFO GPL-0059] Movable instances area:      15430.606 um^2 (+0.05%)
[INFO GPL-0060] Total filler area:               0.000 um^2 (+0.00%)
[INFO GPL-0061] Total non-inflated area:     15430.605 um^2 (+0.05%)
[INFO GPL-0062] Total inflated area:         15438.205 um^2 (+0.05%)
[INFO GPL-0063] New Target Density:             0.8629
[INFO GPL-0087] Routability end iteration: increase inflation and revert back to snapshot.
Iteration | Overflow |     HPWL (um) |  HPWL(%) |   Penalty | Group
---------------------------------------------------------------
     1360 |   0.5888 |  4.398756e+05 |  -12.94% |  8.61e-08 |      
     1370 |   0.5603 |  4.516333e+05 |   +2.67% |  1.27e-07 |      
     1380 |   0.5265 |  4.612122e+05 |   +2.12% |  1.86e-07 |      
     1390 |   0.4983 |  4.719439e+05 |   +2.33% |  2.74e-07 |      
     1400 |   0.4622 |  4.829435e+05 |   +2.33% |  4.04e-07 |      
     1410 |   0.4254 |  4.902005e+05 |   +1.50% |  5.94e-07 |      
     1420 |   0.3936 |  4.953098e+05 |   +1.04% |  8.75e-07 |      
     1430 |   0.3632 |  4.975504e+05 |   +0.45% |  1.29e-06 |      
     1440 |   0.3276 |  5.024741e+05 |   +0.99% |  1.90e-06 |      
[INFO GPL-0040] Routability iteration: 12
[INFO GPL-0041] Total routing overflow: 11.4456
[INFO GPL-0042] Number of overflowed tiles: 313 (0.42%)
[INFO GPL-0043] Average top 0.5% routing congestion: 1.0298
[INFO GPL-0044] Average top 1.0% routing congestion: 1.0012
[INFO GPL-0045] Average top 2.0% routing congestion: 0.9657
[INFO GPL-0046] Average top 5.0% routing congestion: 0.9133
[INFO GPL-0047] Routability iteration weighted routing congestion: 1.0155
[INFO GPL-0049] Routing congestion (1.0155) higher than minimum (1.0159). Consecutive non-improvement count: 1.
[INFO GPL-0086] Inflated area:                   7.182 um^2 (+0.05%)
[INFO GPL-0052] Placement target density:       0.8629
[INFO GPL-0076] Removing fillers, count: Before: 0, After: 0 (+0.00%)
[INFO GPL-0077] Filler area (um^2)     : Before: 0.000, After: 0.000 (+0.00%)
[INFO GPL-0078] Removed fillers count: 0, area removed: 0.000 um^2. Remaining area to be compensated by modifying density: 7.182 um^2
[INFO GPL-0079] New target density: 0.86325705
[INFO GPL-0058] White space area:            17883.186 um^2 (+0.00%)
[INFO GPL-0059] Movable instances area:      15437.787 um^2 (+0.05%)
[INFO GPL-0060] Total filler area:               0.000 um^2 (+0.00%)
[INFO GPL-0061] Total non-inflated area:     15437.787 um^2 (+0.05%)
[INFO GPL-0062] Total inflated area:         15444.969 um^2 (+0.05%)
[INFO GPL-0063] New Target Density:             0.8633
[INFO GPL-0087] Routability end iteration: increase inflation and revert back to snapshot.
Iteration | Overflow |     HPWL (um) |  HPWL(%) |   Penalty | Group
---------------------------------------------------------------
     1450 |   0.6030 |  4.374828e+05 |  -12.93% |  6.56e-08 |      
     1460 |   0.5800 |  4.433824e+05 |   +1.35% |  9.66e-08 |      
     1470 |   0.5492 |  4.551451e+05 |   +2.65% |  1.42e-07 |      
     1480 |   0.5180 |  4.644731e+05 |   +2.05% |  2.09e-07 |      
     1490 |   0.4889 |  4.757008e+05 |   +2.42% |  3.08e-07 |      
     1500 |   0.4504 |  4.855393e+05 |   +2.07% |  4.53e-07 |      
     1510 |   0.4144 |  4.925213e+05 |   +1.44% |  6.68e-07 |      
     1520 |   0.3840 |  4.960442e+05 |   +0.72% |  9.83e-07 |      
     1530 |   0.3513 |  4.998490e+05 |   +0.77% |  1.45e-06 |      
     1540 |   0.3169 |  5.036821e+05 |   +0.77% |  2.13e-06 |      
[INFO GPL-0040] Routability iteration: 13
[INFO GPL-0041] Total routing overflow: 10.7958
[INFO GPL-0042] Number of overflowed tiles: 304 (0.40%)
[INFO GPL-0043] Average top 0.5% routing congestion: 1.0278
[INFO GPL-0044] Average top 1.0% routing congestion: 0.9998
[INFO GPL-0045] Average top 2.0% routing congestion: 0.9648
[INFO GPL-0046] Average top 5.0% routing congestion: 0.9129
[INFO GPL-0047] Routability iteration weighted routing congestion: 1.0138
[INFO GPL-0048] Routing congestion (1.0138) lower than previous minimum (1.016). Updating minimum.
[INFO GPL-0086] Inflated area:                   5.278 um^2 (+0.03%)
[INFO GPL-0052] Placement target density:       0.8633
[INFO GPL-0076] Removing fillers, count: Before: 0, After: 0 (+0.00%)
[INFO GPL-0077] Filler area (um^2)     : Before: 0.000, After: 0.000 (+0.00%)
[INFO GPL-0078] Removed fillers count: 0, area removed: 0.000 um^2. Remaining area to be compensated by modifying density: 5.278 um^2
[INFO GPL-0079] New target density: 0.86355215
[INFO GPL-0058] White space area:            17883.186 um^2 (+0.00%)
[INFO GPL-0059] Movable instances area:      15443.065 um^2 (+0.03%)
[INFO GPL-0060] Total filler area:               0.000 um^2 (+0.00%)
[INFO GPL-0061] Total non-inflated area:     15443.065 um^2 (+0.03%)
[INFO GPL-0062] Total inflated area:         15448.343 um^2 (+0.03%)
[INFO GPL-0063] New Target Density:             0.8636
[INFO GPL-0087] Routability end iteration: increase inflation and revert back to snapshot.
Iteration | Overflow |     HPWL (um) |  HPWL(%) |   Penalty | Group
---------------------------------------------------------------
     1550 |   0.5990 |  4.363821e+05 |  -13.36% |  7.37e-08 |      
     1560 |   0.5722 |  4.466132e+05 |   +2.34% |  1.09e-07 |      
     1570 |   0.5394 |  4.577215e+05 |   +2.49% |  1.60e-07 |      
     1580 |   0.5091 |  4.676642e+05 |   +2.17% |  2.35e-07 |      
     1590 |   0.4780 |  4.791522e+05 |   +2.46% |  3.46e-07 |      
     1600 |   0.4397 |  4.874958e+05 |   +1.74% |  5.09e-07 |      
     1610 |   0.4055 |  4.939866e+05 |   +1.33% |  7.50e-07 |      
     1620 |   0.3756 |  4.961333e+05 |   +0.43% |  1.10e-06 |      
     1630 |   0.3406 |  5.014133e+05 |   +1.06% |  1.63e-06 |      
     1640 |   0.3057 |  5.049102e+05 |   +0.70% |  2.39e-06 |      
[INFO GPL-0040] Routability iteration: 14
[INFO GPL-0041] Total routing overflow: 10.1292
[INFO GPL-0042] Number of overflowed tiles: 276 (0.37%)
[INFO GPL-0043] Average top 0.5% routing congestion: 1.0254
[INFO GPL-0044] Average top 1.0% routing congestion: 0.9984
[INFO GPL-0045] Average top 2.0% routing congestion: 0.9639
[INFO GPL-0046] Average top 5.0% routing congestion: 0.9124
[INFO GPL-0047] Routability iteration weighted routing congestion: 1.0119
[INFO GPL-0048] Routing congestion (1.0119) lower than previous minimum (1.014). Updating minimum.
[INFO GPL-0086] Inflated area:                   4.449 um^2 (+0.03%)
[INFO GPL-0052] Placement target density:       0.8636
[INFO GPL-0076] Removing fillers, count: Before: 0, After: 0 (+0.00%)
[INFO GPL-0077] Filler area (um^2)     : Before: 0.000, After: 0.000 (+0.00%)
[INFO GPL-0078] Removed fillers count: 0, area removed: 0.000 um^2. Remaining area to be compensated by modifying density: 4.449 um^2
[INFO GPL-0079] New target density: 0.86380094
[INFO GPL-0058] White space area:            17883.186 um^2 (+0.00%)
[INFO GPL-0059] Movable instances area:      15447.514 um^2 (+0.03%)
[INFO GPL-0060] Total filler area:               0.000 um^2 (+0.00%)
[INFO GPL-0061] Total non-inflated area:     15447.514 um^2 (+0.03%)
[INFO GPL-0062] Total inflated area:         15451.962 um^2 (+0.03%)
[INFO GPL-0063] New Target Density:             0.8638
[INFO GPL-0087] Routability end iteration: increase inflation and revert back to snapshot.
Iteration | Overflow |     HPWL (um) |  HPWL(%) |   Penalty | Group
---------------------------------------------------------------
     1650 |   0.5916 |  4.390195e+05 |  -13.05% |  8.28e-08 |      
     1660 |   0.5631 |  4.507733e+05 |   +2.68% |  1.22e-07 |      
     1670 |   0.5298 |  4.605678e+05 |   +2.17% |  1.79e-07 |      
     1680 |   0.5003 |  4.712528e+05 |   +2.32% |  2.64e-07 |      
     1690 |   0.4657 |  4.825084e+05 |   +2.39% |  3.88e-07 |      
     1700 |   0.4285 |  4.899350e+05 |   +1.54% |  5.72e-07 |      
     1710 |   0.3969 |  4.954206e+05 |   +1.12% |  8.42e-07 |      
     1720 |   0.3660 |  4.974144e+05 |   +0.40% |  1.24e-06 |      
     1730 |   0.3308 |  5.025939e+05 |   +1.04% |  1.83e-06 |      
[INFO GPL-0040] Routability iteration: 15
[INFO GPL-0041] Total routing overflow: 10.9126
[INFO GPL-0042] Number of overflowed tiles: 274 (0.36%)
[INFO GPL-0043] Average top 0.5% routing congestion: 1.0277
[INFO GPL-0044] Average top 1.0% routing congestion: 0.9996
[INFO GPL-0045] Average top 2.0% routing congestion: 0.9646
[INFO GPL-0046] Average top 5.0% routing congestion: 0.9127
[INFO GPL-0047] Routability iteration weighted routing congestion: 1.0136
[INFO GPL-0049] Routing congestion (1.0136) higher than minimum (1.0119). Consecutive non-improvement count: 1.
[INFO GPL-0086] Inflated area:                   6.016 um^2 (+0.04%)
[INFO GPL-0052] Placement target density:       0.8638
[INFO GPL-0076] Removing fillers, count: Before: 0, After: 0 (+0.00%)
[INFO GPL-0077] Filler area (um^2)     : Before: 0.000, After: 0.000 (+0.00%)
[INFO GPL-0078] Removed fillers count: 0, area removed: 0.000 um^2. Remaining area to be compensated by modifying density: 6.016 um^2
[INFO GPL-0079] New target density: 0.86413735
[INFO GPL-0058] White space area:            17883.186 um^2 (+0.00%)
[INFO GPL-0059] Movable instances area:      15453.530 um^2 (+0.04%)
[INFO GPL-0060] Total filler area:               0.000 um^2 (+0.00%)
[INFO GPL-0061] Total non-inflated area:     15453.530 um^2 (+0.04%)
[INFO GPL-0062] Total inflated area:         15459.546 um^2 (+0.04%)
[INFO GPL-0063] New Target Density:             0.8641
[INFO GPL-0087] Routability end iteration: increase inflation and revert back to snapshot.
Iteration | Overflow |     HPWL (um) |  HPWL(%) |   Penalty | Group
---------------------------------------------------------------
     1740 |   0.6034 |  4.386689e+05 |  -12.72% |  6.31e-08 |      
     1750 |   0.5827 |  4.421784e+05 |   +0.80% |  9.30e-08 |      
     1760 |   0.5530 |  4.540812e+05 |   +2.69% |  1.37e-07 |      
     1770 |   0.5207 |  4.634781e+05 |   +2.07% |  2.01e-07 |      
     1780 |   0.4925 |  4.745176e+05 |   +2.38% |  2.96e-07 |      
     1790 |   0.4542 |  4.848094e+05 |   +2.17% |  4.36e-07 |      
     1800 |   0.4183 |  4.918082e+05 |   +1.44% |  6.42e-07 |      
     1810 |   0.3869 |  4.958736e+05 |   +0.83% |  9.46e-07 |      
     1820 |   0.3562 |  4.991688e+05 |   +0.66% |  1.39e-06 |      
     1830 |   0.3210 |  5.033599e+05 |   +0.84% |  2.05e-06 |      
[INFO GPL-0040] Routability iteration: 16
[INFO GPL-0041] Total routing overflow: 9.7397
[INFO GPL-0042] Number of overflowed tiles: 259 (0.34%)
[INFO GPL-0043] Average top 0.5% routing congestion: 1.0241
[INFO GPL-0044] Average top 1.0% routing congestion: 0.9970
[INFO GPL-0045] Average top 2.0% routing congestion: 0.9630
[INFO GPL-0046] Average top 5.0% routing congestion: 0.9120
[INFO GPL-0047] Routability iteration weighted routing congestion: 1.0105
[INFO GPL-0048] Routing congestion (1.0105) lower than previous minimum (1.012). Updating minimum.
[INFO GPL-0086] Inflated area:                   4.849 um^2 (+0.03%)
[INFO GPL-0052] Placement target density:       0.8641
[INFO GPL-0076] Removing fillers, count: Before: 0, After: 0 (+0.00%)
[INFO GPL-0077] Filler area (um^2)     : Before: 0.000, After: 0.000 (+0.00%)
[INFO GPL-0078] Removed fillers count: 0, area removed: 0.000 um^2. Remaining area to be compensated by modifying density: 4.849 um^2
[INFO GPL-0079] New target density: 0.8644085
[INFO GPL-0058] White space area:            17883.186 um^2 (+0.00%)
[INFO GPL-0059] Movable instances area:      15458.379 um^2 (+0.03%)
[INFO GPL-0060] Total filler area:               0.000 um^2 (+0.00%)
[INFO GPL-0061] Total non-inflated area:     15458.379 um^2 (+0.03%)
[INFO GPL-0062] Total inflated area:         15463.228 um^2 (+0.03%)
[INFO GPL-0063] New Target Density:             0.8644
[INFO GPL-0087] Routability end iteration: increase inflation and revert back to snapshot.
Iteration | Overflow |     HPWL (um) |  HPWL(%) |   Penalty | Group
---------------------------------------------------------------
     1840 |   0.6008 |  4.365139e+05 |  -13.28% |  7.09e-08 |      
     1850 |   0.5743 |  4.457861e+05 |   +2.12% |  1.04e-07 |      
     1860 |   0.5425 |  4.571681e+05 |   +2.55% |  1.54e-07 |      
     1870 |   0.5122 |  4.668621e+05 |   +2.12% |  2.26e-07 |      
     1880 |   0.4820 |  4.783120e+05 |   +2.45% |  3.33e-07 |      
     1890 |   0.4433 |  4.871468e+05 |   +1.85% |  4.90e-07 |      
     1900 |   0.4081 |  4.938266e+05 |   +1.37% |  7.21e-07 |      
     1910 |   0.3787 |  4.963340e+05 |   +0.51% |  1.06e-06 |      
     1920 |   0.3436 |  5.013253e+05 |   +1.01% |  1.56e-06 |      
     1930 |   0.3088 |  5.048069e+05 |   +0.69% |  2.30e-06 |      
[INFO GPL-0040] Routability iteration: 17
[INFO GPL-0041] Total routing overflow: 9.6216
[INFO GPL-0042] Number of overflowed tiles: 292 (0.39%)
[INFO GPL-0043] Average top 0.5% routing congestion: 1.0246
[INFO GPL-0044] Average top 1.0% routing congestion: 0.9978
[INFO GPL-0045] Average top 2.0% routing congestion: 0.9634
[INFO GPL-0046] Average top 5.0% routing congestion: 0.9121
[INFO GPL-0047] Routability iteration weighted routing congestion: 1.0112
[INFO GPL-0049] Routing congestion (1.0112) higher than minimum (1.0105). Consecutive non-improvement count: 1.
[INFO GPL-0086] Inflated area:                   4.219 um^2 (+0.03%)
[INFO GPL-0052] Placement target density:       0.8644
[INFO GPL-0076] Removing fillers, count: Before: 0, After: 0 (+0.00%)
[INFO GPL-0077] Filler area (um^2)     : Before: 0.000, After: 0.000 (+0.00%)
[INFO GPL-0078] Removed fillers count: 0, area removed: 0.000 um^2. Remaining area to be compensated by modifying density: 4.219 um^2
[INFO GPL-0079] New target density: 0.8646444
[INFO GPL-0058] White space area:            17883.186 um^2 (+0.00%)
[INFO GPL-0059] Movable instances area:      15462.598 um^2 (+0.03%)
[INFO GPL-0060] Total filler area:               0.000 um^2 (+0.00%)
[INFO GPL-0061] Total non-inflated area:     15462.598 um^2 (+0.03%)
[INFO GPL-0062] Total inflated area:         15466.817 um^2 (+0.03%)
[INFO GPL-0063] New Target Density:             0.8646
[INFO GPL-0087] Routability end iteration: increase inflation and revert back to snapshot.
Iteration | Overflow |     HPWL (um) |  HPWL(%) |   Penalty | Group
---------------------------------------------------------------
     1940 |   0.5945 |  4.378658e+05 |  -13.26% |  7.96e-08 |      
     1950 |   0.5666 |  4.493168e+05 |   +2.62% |  1.17e-07 |      
     1960 |   0.5330 |  4.596317e+05 |   +2.30% |  1.73e-07 |      
     1970 |   0.5028 |  4.701181e+05 |   +2.28% |  2.54e-07 |      
     1980 |   0.4699 |  4.815239e+05 |   +2.43% |  3.74e-07 |      
     1990 |   0.4321 |  4.891292e+05 |   +1.58% |  5.50e-07 |      
     2000 |   0.4003 |  4.949106e+05 |   +1.18% |  8.10e-07 |      
     2010 |   0.3694 |  4.969225e+05 |   +0.41% |  1.19e-06 |      
     2020 |   0.3346 |  5.022106e+05 |   +1.06% |  1.76e-06 |      
     2030 |   0.2979 |  5.059379e+05 |   +0.74% |  2.59e-06 |      
[INFO GPL-0040] Routability iteration: 18
[INFO GPL-0041] Total routing overflow: 9.6454
[INFO GPL-0042] Number of overflowed tiles: 284 (0.38%)
[INFO GPL-0043] Average top 0.5% routing congestion: 1.0244
[INFO GPL-0044] Average top 1.0% routing congestion: 0.9969
[INFO GPL-0045] Average top 2.0% routing congestion: 0.9624
[INFO GPL-0046] Average top 5.0% routing congestion: 0.9114
[INFO GPL-0047] Routability iteration weighted routing congestion: 1.0107
[INFO GPL-0049] Routing congestion (1.0107) higher than minimum (1.0105). Consecutive non-improvement count: 2.
[INFO GPL-0086] Inflated area:                   3.169 um^2 (+0.02%)
[INFO GPL-0052] Placement target density:       0.8646
[INFO GPL-0076] Removing fillers, count: Before: 0, After: 0 (+0.00%)
[INFO GPL-0077] Filler area (um^2)     : Before: 0.000, After: 0.000 (+0.00%)
[INFO GPL-0078] Removed fillers count: 0, area removed: 0.000 um^2. Remaining area to be compensated by modifying density: 3.169 um^2
[INFO GPL-0079] New target density: 0.8648216
[INFO GPL-0058] White space area:            17883.186 um^2 (+0.00%)
[INFO GPL-0059] Movable instances area:      15465.767 um^2 (+0.02%)
[INFO GPL-0060] Total filler area:               0.000 um^2 (+0.00%)
[INFO GPL-0061] Total non-inflated area:     15465.766 um^2 (+0.02%)
[INFO GPL-0062] Total inflated area:         15468.935 um^2 (+0.02%)
[INFO GPL-0063] New Target Density:             0.8648
[INFO GPL-0087] Routability end iteration: increase inflation and revert back to snapshot.
Iteration | Overflow |     HPWL (um) |  HPWL(%) |   Penalty | Group
---------------------------------------------------------------
     2040 |   0.5857 |  4.413887e+05 |  -12.76% |  8.94e-08 |      
     2050 |   0.5569 |  4.532954e+05 |   +2.70% |  1.32e-07 |      
     2060 |   0.5237 |  4.627361e+05 |   +2.08% |  1.94e-07 |      
     2070 |   0.4953 |  4.736550e+05 |   +2.36% |  2.85e-07 |      
     2080 |   0.4576 |  4.843986e+05 |   +2.27% |  4.20e-07 |      
     2090 |   0.4216 |  4.914795e+05 |   +1.46% |  6.18e-07 |      
     2100 |   0.3901 |  4.960278e+05 |   +0.93% |  9.10e-07 |      
     2110 |   0.3591 |  4.988361e+05 |   +0.57% |  1.34e-06 |      
     2120 |   0.3244 |  5.033026e+05 |   +0.90% |  1.97e-06 |      
[INFO GPL-0040] Routability iteration: 19
[INFO GPL-0041] Total routing overflow: 8.8049
[INFO GPL-0042] Number of overflowed tiles: 271 (0.36%)
[INFO GPL-0043] Average top 0.5% routing congestion: 1.0219
[INFO GPL-0044] Average top 1.0% routing congestion: 0.9955
[INFO GPL-0045] Average top 2.0% routing congestion: 0.9616
[INFO GPL-0046] Average top 5.0% routing congestion: 0.9108
[INFO GPL-0047] Routability iteration weighted routing congestion: 1.0087
[INFO GPL-0050] Weighted routing congestion is lower than target routing congestion(1.0100), end routability optimization.
[INFO GPL-0090] Routability finished. Target routing congestion achieved succesfully.
Iteration | Overflow |     HPWL (um) |  HPWL(%) |   Penalty | Group
---------------------------------------------------------------
     2130 |   0.2871 |  5.070645e+05 |   +0.75% |  2.91e-06 |      
     2140 |   0.2553 |  5.079813e+05 |   +0.18% |  4.28e-06 |      
     2150 |   0.2254 |  5.069768e+05 |   -0.20% |  6.30e-06 |      
     2160 |   0.1967 |  5.077753e+05 |   +0.16% |  9.29e-06 |      
[INFO GPL-0100] Timing-driven iteration 2/2, virtual: false.
[INFO GPL-0101]    Iter: 2162, overflow: 0.195, keep resizer changes at: 1, HPWL: 507688798
Iteration |   Area    | Resized | Buffers | Nets repaired | Remaining
---------------------------------------------------------------------
        0 |     +0.0% |       0 |       0 |             0 |    125837
    final |     +0.0% |       0 |      15 |            17 |         0
---------------------------------------------------------------------
[INFO RSZ-0035] Found 6 fanout violations.
[INFO RSZ-0036] Found 7 capacitance violations.
[INFO RSZ-0037] Found 4 long wires.
[INFO RSZ-0038] Inserted 15 buffers in 17 nets.
   Iter   |    Area   | Removed | Inserted |   Pins
          |           | Buffers | Buffers  | Remaining
-------------------------------------------------------
        0 |     +0.0% |       0 |        0 |    102821
    10200 |     -0.2% |     603 |      357 |     92621
    20400 |     -0.4% |    2059 |     1440 |     82421
    30600 |     -0.6% |    3659 |     2778 |     72221
    40800 |     -0.6% |    4274 |     3292 |     62021
    51000 |     -0.7% |    5312 |     4151 |     51821
    61200 |     -0.8% |    6253 |     5037 |     41621
    71400 |     -0.8% |    7031 |     5778 |     31421
    81600 |     -0.9% |    8264 |     6809 |     21221
    91800 |     -0.9% |    9942 |     8460 |     11021
   102000 |     -0.9% |   12825 |    11320 |       821
    final |     -0.9% |   13720 |    12227 |         0
-------------------------------------------------------
[INFO GPL-0106] Timing-driven: worst slack -2.8641534e-11
[INFO GPL-0107] Timing-driven: repair_design delta area: -189.319 um^2 (-1.22%)
[INFO GPL-0108] Timing-driven: repair_design, gpl delta gcells: -1478 (-1.23%)
[INFO GPL-0109] Timing-driven: repair_design, gcells created: 12242, deleted: 13720
[INFO GPL-0110] Timing-driven: new target density: 0.8542352
Iteration | Overflow |     HPWL (um) |  HPWL(%) |   Penalty | Group
---------------------------------------------------------------
     2170 |   0.1727 |  4.936328e+05 |   -2.79% |  1.37e-05 |      
     2180 |   0.1490 |  4.887025e+05 |   -1.00% |  2.02e-05 |      
     2190 |   0.1278 |  4.857531e+05 |   -0.60% |  2.97e-05 |      
     2200 |   0.1085 |  4.841986e+05 |   -0.32% |  4.37e-05 |      
     2206 |   0.0987 |  4.840525e+05 |          |  5.74e-05 |      
---------------------------------------------------------------
[INFO GPL-1001] Global placement finished at iteration 2206
[INFO GPL-1017] Routability mode iteration count: 1808
[INFO GPL-1005] Routability final weighted congestion: 0.9839
[INFO GPL-1002] Placed Cell Area            15276.4478
[INFO GPL-1003] Available Free Area         17883.1865
[INFO GPL-1004] Minimum Feasible Density        0.7900 (cell_area / free_area)
[INFO GPL-1006]   Suggested Target Densities:
[INFO GPL-1007]     - For 90% usage of free space: 0.9492
[INFO GPL-1008]     - For 80% usage of free space: 1.0678
[INFO GPL-1011] Original area (um^2): 13951.22
[INFO GPL-1012] Total routability artificial inflation: 277.26 (+1.99%)
[INFO GPL-1013] Total timing-driven delta area: 1047.97 (+7.51%)
[INFO GPL-1014] Final placement area: 15276.45 (+9.50%)
Took 147 seconds: global_placement -density 0.69 -pad_left 0 -pad_right 0 -routability_driven -timing_driven -force_center_initial_place -min_phi_coef 0.95 -max_phi_coef 1.05
estimate_parasitics -placement
Report metrics stage 3, global place...

==========================================================================
global place report_design_area
--------------------------------------------------------------------------
Design area 17838 um^2 77% utilization.
write_db /tmp/workspace/scripts-Private_test-fr_cugr_cmp-1-/results/asap7/cva6/base/3_3_place_gp.odb
Elapsed time: 2:56.87[h:]min:sec. CPU time: user 1322.33 sys 113.38 (811%). Peak memory: 1827492KB.
Log                       Ext     Elapsed/s Peak Memory/MB sha1sum result [0:20)
3_3_place_gp              .odb          176           1784 2e311b8050109f8a4477
/OpenROAD-flow-scripts/flow/scripts/flow.sh 3_4_place_resized resize
Running resize.tcl, stage 3_4_place_resized
source ./platforms/asap7/liberty_suppressions.tcl
read_liberty ./platforms/asap7/lib/NLDM/asap7sc7p5t_AO_RVT_FF_nldm_211120.lib.gz
read_liberty ./platforms/asap7/lib/NLDM/asap7sc7p5t_INVBUF_RVT_FF_nldm_220122.lib.gz
read_liberty ./platforms/asap7/lib/NLDM/asap7sc7p5t_OA_RVT_FF_nldm_211120.lib.gz
read_liberty ./platforms/asap7/lib/NLDM/asap7sc7p5t_SIMPLE_RVT_FF_nldm_211120.lib.gz
read_liberty ./platforms/asap7/lib/NLDM/asap7sc7p5t_SEQ_RVT_FF_nldm_220123.lib
read_liberty ./platforms/asap7/lib/NLDM/asap7sc7p5t_AO_LVT_FF_nldm_211120.lib.gz
read_liberty ./platforms/asap7/lib/NLDM/asap7sc7p5t_INVBUF_LVT_FF_nldm_220122.lib.gz
read_liberty ./platforms/asap7/lib/NLDM/asap7sc7p5t_OA_LVT_FF_nldm_211120.lib.gz
read_liberty ./platforms/asap7/lib/NLDM/asap7sc7p5t_SIMPLE_LVT_FF_nldm_211120.lib.gz
read_liberty ./platforms/asap7/lib/NLDM/asap7sc7p5t_SEQ_LVT_FF_nldm_220123.lib
read_liberty ./platforms/asap7/lib/NLDM/asap7sc7p5t_AO_SLVT_FF_nldm_211120.lib.gz
read_liberty ./platforms/asap7/lib/NLDM/asap7sc7p5t_INVBUF_SLVT_FF_nldm_220122.lib.gz
read_liberty ./platforms/asap7/lib/NLDM/asap7sc7p5t_OA_SLVT_FF_nldm_211120.lib.gz
read_liberty ./platforms/asap7/lib/NLDM/asap7sc7p5t_SIMPLE_SLVT_FF_nldm_211120.lib.gz
read_liberty ./platforms/asap7/lib/NLDM/asap7sc7p5t_SEQ_SLVT_FF_nldm_220123.lib
read_liberty ./platforms/asap7/lib/NLDM/fakeram7_64x256.lib
read_liberty ./platforms/asap7/lib/NLDM/fakeram7_128x64.lib
read_liberty ./platforms/asap7/lib/NLDM/fakeram7_64x28.lib
read_liberty ./platforms/asap7/lib/NLDM/fakeram7_64x25.lib
read_db -hier /tmp/workspace/scripts-Private_test-fr_cugr_cmp-1-/results/asap7/cva6/base/3_3_place_gp.odb
[WARNING ORD-0012] Hierarchical flow (-hier) is currently in development and may cause multiple issues. Do not use in production environments.
read_sdc /tmp/workspace/scripts-Private_test-fr_cugr_cmp-1-/results/asap7/cva6/base/2_floorplan.sdc
source ./platforms/asap7/setRC.tcl
estimate_parasitics -placement
replace_arith_modules -path_count 1000 -target setup -slack_threshold 0.0
[INFO RSZ-0151] Starting arithmetic module replacement to optimize 'setup' target
[INFO RSZ-0152] Analyzing 1000 critical paths with slack < 0.00
[INFO RSZ-0153] Identified 39 violating endpoints
[INFO RSZ-0154] Identified 1 critical arithmetic instances
[WARNING ODB-0453] The modules cannot be swapped because module ALU_33_0_33_0_33_unused_CO_X_Y\[0\]_HAN_CARLSON_ex_stage_i.alu_i.adder_result_ext_o\[32:1\]\\ALU_33_0_33_0_33_unused_CO_X_Y\[0\]_HAN_CARLSON has 118 ports but module ALU_33_0_33_0_33_unused_CO_X_Y\[0\]_KOGGE_STONE has 103 ports.
[INFO RSZ-0160] 0 arithmetic instances have swapped to improve 'setup' target
[INFO GPL-0083] Execute incremental mode global placement.
[INFO GPL-0001] ---- Initialize GPL Main Data Structures
[INFO GPL-0002] DBU: 1000
[INFO GPL-0003] SiteSize: (  0.054  0.270 ) um
[INFO GPL-0004] CoreBBox: (  2.052  2.160 ) ( 154.656 154.440 ) um
[INFO GPL-0016] Core area:                   23238.537 um^2
[INFO GPL-0036] Movable instances area:      13595.471 um^2
[INFO GPL-0037] Total instances area:        17882.108 um^2
[INFO GPL-0035] Pin density area adjust:      1559.325 um^2
[INFO GPL-0032] ---- Initialize Region: Top-level
[INFO GPL-0006] Number of instances:            122732
[INFO GPL-0007] Movable instances:              118791
[INFO GPL-0008] Fixed instances:                  2595
[INFO GPL-0009] Dummy instances:                  1346
[INFO GPL-0010] Number of nets:                 124359
[INFO GPL-0011] Number of pins:                 413407
[INFO GPL-0012] Die BBox:       (  0.000  0.000 ) ( 156.706 156.706 ) um
[INFO GPL-0013] Placement BBox: (  2.052  2.160 ) ( 154.656 154.440 ) um
[INFO GPL-0014] Region name: top-level.
[INFO GPL-0015] Region area:                 23238.537 um^2
[INFO GPL-0017] Fixed instances area:         5355.351 um^2
[INFO GPL-0018] Movable instances area:      15154.796 um^2
[INFO GPL-0019] Utilization:                    84.743 %
[INFO GPL-0020] Standard cells area:         15154.796 um^2
[INFO GPL-0021] Large instances area:            0.000 um^2
[INFO GPL-0154] Identified 118791 placed instances
[INFO GPL-0155] Identified 0 not placed instances
[INFO GPL-0156] Identified all instances as placed. Skipping incremental mode
Perform buffer insertion and gate resizing...
repair_design -verbose
Iteration |   Area    | Resized | Buffers | Nets repaired | Remaining
---------------------------------------------------------------------
        0 |     +0.0% |       0 |       0 |             0 |    124359
     1000 |     +0.0% |       0 |       0 |             0 |    123359
     2000 |     +0.0% |       0 |       0 |             0 |    122359
     3000 |     +0.0% |       0 |       0 |             0 |    121359
     4000 |     +0.0% |       0 |       0 |             0 |    120359
     5000 |     +0.0% |       0 |       0 |             0 |    119359
     6000 |     +0.0% |       0 |       0 |             0 |    118359
     7000 |     +0.0% |       0 |       0 |             0 |    117359
     8000 |     +0.0% |       0 |       0 |             0 |    116359
     9000 |     +0.0% |       0 |       0 |             0 |    115359
    10000 |     +0.0% |       0 |       0 |             0 |    114359
    11000 |     +0.0% |       0 |       0 |             0 |    113359
    12000 |     +0.0% |       0 |       0 |             0 |    112359
    13000 |     +0.0% |       0 |       0 |             0 |    111359
    14000 |     +0.0% |       0 |       0 |             0 |    110359
    15000 |     +0.0% |       0 |       0 |             0 |    109359
    16000 |     +0.0% |       0 |       0 |             0 |    108359
    17000 |     +0.0% |       0 |       0 |             0 |    107359
    18000 |     +0.0% |       0 |       0 |             0 |    106359
    19000 |     +0.0% |       0 |       0 |             0 |    105359
    20000 |     +0.0% |       0 |       0 |             0 |    104359
    21000 |     +0.0% |       0 |       0 |             0 |    103359
    22000 |     +0.0% |       0 |       0 |             0 |    102359
    23000 |     +0.0% |       0 |       0 |             0 |    101359
    24000 |     +0.0% |       0 |       0 |             0 |    100359
    25000 |     +0.0% |       0 |       0 |             0 |     99359
    26000 |     +0.0% |       0 |       0 |             0 |     98359
    27000 |     +0.0% |       0 |       0 |             0 |     97359
    28000 |     +0.0% |       0 |       0 |             0 |     96359
    29000 |     +0.0% |       0 |       0 |             0 |     95359
    30000 |     +0.0% |       0 |       0 |             0 |     94359
    31000 |     +0.0% |       0 |       0 |             0 |     93359
    32000 |     +0.0% |       0 |       0 |             0 |     92359
    33000 |     +0.0% |       0 |       0 |             0 |     91359
    34000 |     +0.0% |       0 |       0 |             0 |     90359
    35000 |     +0.0% |       0 |       0 |             0 |     89359
    36000 |     +0.0% |       0 |       0 |             0 |     88359
    37000 |     +0.0% |       0 |       0 |             0 |     87359
    38000 |     +0.0% |       0 |       0 |             0 |     86359
    39000 |     +0.0% |       0 |       0 |             0 |     85359
    40000 |     +0.0% |       0 |       0 |             0 |     84359
    41000 |     +0.0% |       0 |       0 |             0 |     83359
    42000 |     +0.0% |       0 |       0 |             0 |     82359
    43000 |     +0.0% |       0 |       0 |             0 |     81359
    44000 |     +0.0% |       0 |       1 |             1 |     80359
    45000 |     +0.0% |       0 |       1 |             1 |     79359
    46000 |     +0.0% |       0 |       1 |             1 |     78359
    47000 |     +0.0% |       0 |       5 |             5 |     77359
    48000 |     +0.0% |       0 |       5 |             5 |     76359
    49000 |     +0.0% |       0 |       5 |             5 |     75359
    50000 |     +0.0% |       0 |       5 |             5 |     74359
    51000 |     +0.0% |       0 |       5 |             5 |     73359
    52000 |     +0.0% |       0 |       5 |             5 |     72359
    53000 |     +0.0% |       0 |       5 |             5 |     71359
    54000 |     +0.0% |       0 |       5 |             5 |     70359
    55000 |     +0.0% |       0 |       5 |             5 |     69359
    56000 |     +0.0% |       0 |       5 |             5 |     68359
    57000 |     +0.0% |       0 |       5 |             5 |     67359
    58000 |     +0.0% |       0 |       5 |             5 |     66359
    59000 |     +0.0% |       0 |       5 |             5 |     65359
    60000 |     +0.0% |       0 |       5 |             5 |     64359
    61000 |     +0.0% |       0 |       5 |             5 |     63359
    62000 |     +0.0% |       0 |       5 |             5 |     62359
    63000 |     +0.0% |       0 |       5 |             5 |     61359
    64000 |     +0.0% |       0 |       5 |             5 |     60359
    65000 |     +0.0% |       0 |       5 |             5 |     59359
    66000 |     +0.0% |       0 |       5 |             5 |     58359
    67000 |     +0.0% |       0 |       5 |             5 |     57359
    68000 |     +0.0% |       0 |       5 |             5 |     56359
    69000 |     +0.0% |       0 |       5 |             5 |     55359
    70000 |     +0.0% |       0 |       5 |             5 |     54359
    71000 |     +0.0% |       0 |       5 |             5 |     53359
    72000 |     +0.0% |       0 |       5 |             5 |     52359
    73000 |     +0.0% |       0 |       5 |             5 |     51359
    74000 |     +0.0% |       0 |       5 |             5 |     50359
    75000 |     +0.0% |       0 |       5 |             5 |     49359
    76000 |     +0.0% |       0 |       5 |             5 |     48359
    77000 |     +0.0% |       0 |       5 |             5 |     47359
    78000 |     +0.0% |       0 |       5 |             5 |     46359
    79000 |     +0.0% |       0 |       5 |             5 |     45359
    80000 |     +0.0% |       0 |       5 |             5 |     44359
    81000 |     +0.0% |       0 |       5 |             5 |     43359
    82000 |     +0.0% |       0 |       5 |             5 |     42359
    83000 |     +0.0% |       0 |       5 |             5 |     41359
    84000 |     +0.0% |       0 |       5 |             5 |     40359
    85000 |     +0.0% |       0 |       5 |             5 |     39359
    86000 |     +0.0% |       0 |       5 |             5 |     38359
    87000 |     +0.0% |       0 |       5 |             5 |     37359
    88000 |     +0.0% |       0 |       5 |             5 |     36359
    89000 |     +0.0% |       0 |       5 |             5 |     35359
    90000 |     +0.0% |       0 |       5 |             5 |     34359
    91000 |     +0.0% |       0 |       5 |             5 |     33359
    92000 |     +0.0% |       0 |       5 |             5 |     32359
    93000 |     +0.0% |       0 |       5 |             5 |     31359
    94000 |     +0.0% |       0 |       5 |             5 |     30359
    95000 |     +0.0% |       0 |       5 |             5 |     29359
    96000 |     +0.0% |       0 |       5 |             5 |     28359
    97000 |     +0.0% |       0 |       5 |             5 |     27359
    98000 |     +0.0% |       0 |       5 |             5 |     26359
    99000 |     +0.0% |       0 |       5 |             5 |     25359
   100000 |     +0.0% |       0 |       5 |             5 |     24359
   101000 |     +0.0% |       0 |       5 |             5 |     23359
   102000 |     +0.0% |       0 |       5 |             5 |     22359
   103000 |     +0.0% |       0 |       5 |             5 |     21359
   104000 |     +0.0% |       0 |       5 |             5 |     20359
   105000 |     +0.0% |       0 |       5 |             5 |     19359
   106000 |     +0.0% |       0 |       5 |             5 |     18359
   107000 |     +0.0% |       0 |       5 |             5 |     17359
   108000 |     +0.0% |       0 |       5 |             5 |     16359
   109000 |     +0.0% |       0 |       5 |             5 |     15359
   110000 |     +0.0% |       0 |       5 |             5 |     14359
   111000 |     +0.0% |       0 |       5 |             5 |     13359
   112000 |     +0.0% |       0 |       5 |             5 |     12359
   113000 |     +0.0% |       0 |       5 |             5 |     11359
   114000 |     +0.0% |       0 |       5 |             5 |     10359
   115000 |     +0.0% |       0 |       5 |             5 |      9359
   116000 |     +0.0% |       0 |       5 |             5 |      8359
   117000 |     +0.0% |       0 |       5 |             5 |      7359
   118000 |     +0.0% |       0 |       5 |             5 |      6359
   119000 |     +0.0% |       0 |       5 |             5 |      5359
   120000 |     +0.0% |       0 |       5 |             5 |      4359
   121000 |     +0.0% |       0 |       5 |             5 |      3359
   122000 |     +0.0% |       0 |       5 |             5 |      2359
   123000 |     +0.0% |       0 |       5 |             5 |      1359
   124000 |     +0.0% |       0 |       5 |             5 |       359
    final |     +0.0% |       0 |       5 |             5 |         0
---------------------------------------------------------------------
[INFO RSZ-0036] Found 5 capacitance violations.
[INFO RSZ-0038] Inserted 5 buffers in 5 nets.
[INFO RSZ-0504] Runtime: 7.13s
Took 7 seconds: repair_design -verbose
Floating nets: 
Report metrics stage 3, resizer...

==========================================================================
resizer report_design_area
--------------------------------------------------------------------------
Design area 17840 um^2 77% utilization.
Instance count before 121386, after 121391
Pin count before 412445, after 412455
write_db /tmp/workspace/scripts-Private_test-fr_cugr_cmp-1-/results/asap7/cva6/base/3_4_place_resized.odb
Elapsed time: 0:49.88[h:]min:sec. CPU time: user 66.49 sys 26.94 (187%). Peak memory: 1053064KB.
Log                       Ext     Elapsed/s Peak Memory/MB sha1sum result [0:20)
3_4_place_resized         .odb           49           1028 e3d71680ee3ba26d95aa
/OpenROAD-flow-scripts/flow/scripts/flow.sh 3_5_place_dp detail_place
Running detail_place.tcl, stage 3_5_place_dp
source ./platforms/asap7/liberty_suppressions.tcl
read_liberty ./platforms/asap7/lib/NLDM/asap7sc7p5t_AO_RVT_FF_nldm_211120.lib.gz
read_liberty ./platforms/asap7/lib/NLDM/asap7sc7p5t_INVBUF_RVT_FF_nldm_220122.lib.gz
read_liberty ./platforms/asap7/lib/NLDM/asap7sc7p5t_OA_RVT_FF_nldm_211120.lib.gz
read_liberty ./platforms/asap7/lib/NLDM/asap7sc7p5t_SIMPLE_RVT_FF_nldm_211120.lib.gz
read_liberty ./platforms/asap7/lib/NLDM/asap7sc7p5t_SEQ_RVT_FF_nldm_220123.lib
read_liberty ./platforms/asap7/lib/NLDM/asap7sc7p5t_AO_LVT_FF_nldm_211120.lib.gz
read_liberty ./platforms/asap7/lib/NLDM/asap7sc7p5t_INVBUF_LVT_FF_nldm_220122.lib.gz
read_liberty ./platforms/asap7/lib/NLDM/asap7sc7p5t_OA_LVT_FF_nldm_211120.lib.gz
read_liberty ./platforms/asap7/lib/NLDM/asap7sc7p5t_SIMPLE_LVT_FF_nldm_211120.lib.gz
read_liberty ./platforms/asap7/lib/NLDM/asap7sc7p5t_SEQ_LVT_FF_nldm_220123.lib
read_liberty ./platforms/asap7/lib/NLDM/asap7sc7p5t_AO_SLVT_FF_nldm_211120.lib.gz
read_liberty ./platforms/asap7/lib/NLDM/asap7sc7p5t_INVBUF_SLVT_FF_nldm_220122.lib.gz
read_liberty ./platforms/asap7/lib/NLDM/asap7sc7p5t_OA_SLVT_FF_nldm_211120.lib.gz
read_liberty ./platforms/asap7/lib/NLDM/asap7sc7p5t_SIMPLE_SLVT_FF_nldm_211120.lib.gz
read_liberty ./platforms/asap7/lib/NLDM/asap7sc7p5t_SEQ_SLVT_FF_nldm_220123.lib
read_liberty ./platforms/asap7/lib/NLDM/fakeram7_64x256.lib
read_liberty ./platforms/asap7/lib/NLDM/fakeram7_128x64.lib
read_liberty ./platforms/asap7/lib/NLDM/fakeram7_64x28.lib
read_liberty ./platforms/asap7/lib/NLDM/fakeram7_64x25.lib
read_db -hier /tmp/workspace/scripts-Private_test-fr_cugr_cmp-1-/results/asap7/cva6/base/3_4_place_resized.odb
[WARNING ORD-0012] Hierarchical flow (-hier) is currently in development and may cause multiple issues. Do not use in production environments.
read_sdc /tmp/workspace/scripts-Private_test-fr_cugr_cmp-1-/results/asap7/cva6/base/2_floorplan.sdc
source ./platforms/asap7/setRC.tcl
detailed_placement
[INFO DPL-0006] Core area: 23238.54 um^2
[INFO DPL-0007] Movable instances area: 13597.07 um^2
[INFO DPL-0008] Fixed instances area within core: 4242.82 um^2
[INFO DPL-0009] Utilization: 76.8%
[INFO DPL-0005] Diamond search max displacement: +/- 500 sites horizontally, +/- 100 rows vertically.
[INFO DPL-1102] Legalizing using negotiation legalizer.
[INFO DPL-1103] Negotiation base search window: +/-20 sites horizontally, +/-5 rows vertically 
	Automatic search window extension enabled.
	Search window extendable up to the max displacement cap of +/-500 sites, +/-100 rows near walls.
[INFO DPL-1104] NegotiationLegalizer DRC penalty: 5.
[INFO DPL-0392] Negotiation cell height distribution (4 unique row-count(s)):
[INFO DPL-0393]   height 1 row(s): 121383 cells
[INFO DPL-0393]   height 23 row(s): 4 cells
[INFO DPL-0393]   height 80 row(s): 2 cells
[INFO DPL-0393]   height 174 row(s): 2 cells
          |      Total |  Illegal |  Illegal
Iteration | Violations |    Cells |    Sites
---------------------------------------------
        0 |      18963 |      4667 |     14278
        1 |       3464 |       658 |      2794
        2 |       1685 |       285 |      1397
        3 |        885 |       143 |       742
        4 |        539 |        77 |       462
        5 |        311 |        45 |       266
        6 |        222 |        32 |       190
        7 |        206 |        26 |       180
        8 |        102 |        14 |        88
        9 |        118 |        20 |        98
       10 |        122 |        18 |       104
       18 |          0 |         0 |         0
Negotiation phase 1 converged at iteration 18.
[INFO DPL-0500] Runtime: 5.33s
Placement Analysis
---------------------------------
total displacement      46733.0 u
average displacement        0.4 u
max displacement           24.3 u
original HPWL          485347.7 u
legalized HPWL         533337.2 u
delta HPWL                   10 %

Took 5 seconds: detailed_placement
improve_placement -max_displacement "5 1"
Detailed placement improvement.
[INFO DPL-0401] Setting random seed to 1.
[INFO DPL-0402] Setting maximum displacement 5 1 to 1350 270 units.
[INFO DPL-0320] Collected 4190 fixed cells.
[INFO DPL-0318] Collected 118796 single height cells.
[INFO DPL-0321] Collected 0 wide cells.
[INFO DPL-0322] Image (2052, 2160) - (154656, 154440)
[INFO DPL-0310] Assigned 118796 cells into segments.  Movement in X-direction is 0.000000, movement in Y-direction is 0.000000.
[INFO DPL-0313] Found 0 cells in wrong regions.
[INFO DPL-0315] Found 0 row alignment problems.
[INFO DPL-0314] Found 0 site alignment problems.
[INFO DPL-0311] Found 0 overlaps between adjacent cells.
[INFO DPL-0312] Found 0 edge spacing violations and 0 padding violations.
[INFO DPL-0303] Running algorithm for independent set matching.
[INFO DPL-0300] Set matching objective is wirelength.
[INFO DPL-0301] Pass   1 of matching; objective is 5.093252e+08.
[INFO DPL-0302] End of matching; objective is 5.085151e+08, improvement is 0.16 percent.
[INFO DPL-0303] Running algorithm for global swaps.
[INFO DPL-0306] Pass   1 of global swaps; hpwl is 5.027214e+08.
[INFO DPL-0306] Pass   2 of global swaps; hpwl is 5.018445e+08.
[INFO DPL-0307] End of global swaps; objective is 5.018445e+08, improvement is 1.31 percent.
[INFO DPL-0303] Running algorithm for vertical swaps.
[INFO DPL-0308] Pass   1 of vertical swaps; hpwl is 5.004833e+08.
[INFO DPL-0309] End of vertical swaps; objective is 5.004833e+08, improvement is 0.27 percent.
[INFO DPL-0303] Running algorithm for reordering.
[INFO DPL-0304] Pass   1 of reordering; objective is 4.990231e+08.
[INFO DPL-0305] End of reordering; objective is 4.990231e+08, improvement is 0.29 percent.
[INFO DPL-0303] Running algorithm for random improvement.
[INFO DPL-0324] Random improver is using random generator.
[INFO DPL-0325] Random improver is using hpwl objective.
[INFO DPL-0326] Random improver cost string is (a).
[INFO DPL-0332] End of pass, Generator random called 2375920 times.
[INFO DPL-0335] Generator random, Cumulative attempts 2375920, swaps 498733, moves 302072 since last reset.
[INFO DPL-0333] End of pass, Objective hpwl, Initial cost 4.987179e+08, Scratch cost 4.949496e+08, Incremental cost 4.949496e+08, Mismatch? N
[INFO DPL-0338] End of pass, Total cost is 4.949496e+08.
[INFO DPL-0327] Pass   1 of random improver; improvement in cost is 0.76 percent.
[INFO DPL-0328] End of random improver; improvement is 0.755593 percent.
[INFO DPL-0380] Cell flipping.
[INFO DPL-0382] Changed 0 cell orientations for row compatibility.
[INFO DPL-0383] Performed 35493 cell flips.
[INFO DPL-0384] End of flipping; objective is 4.884069e+08, improvement is 1.38 percent.
[INFO DPL-0313] Found 0 cells in wrong regions.
[INFO DPL-0315] Found 0 row alignment problems.
[INFO DPL-0314] Found 0 site alignment problems.
[INFO DPL-0311] Found 0 overlaps between adjacent cells.
[INFO DPL-0312] Found 0 edge spacing violations and 0 padding violations.
Detailed Improvement Results
------------------------------------------
Original HPWL           533337.2 u (  253606.8,   279730.5)
Final HPWL              511833.0 u (  244198.5,   267634.5)
Delta HPWL                  -4.0 % (      -3.7,       -4.3)

Took 21 seconds: improve_placement -max_displacement "5 1"
optimize_mirroring
[INFO DPL-0020] Mirrored 17516 instances
[INFO DPL-0021] HPWL before          511833.0 u
[INFO DPL-0022] HPWL after           511227.4 u
[INFO DPL-0023] HPWL delta               -0.1 %
[INFO FLW-0012] Placement violations .
estimate_parasitics -placement
Took 5 seconds: estimate_parasitics -placement
Report metrics stage 3, detailed place...

==========================================================================
detailed place report_design_area
--------------------------------------------------------------------------
Design area 17840 um^2 77% utilization.
write_db /tmp/workspace/scripts-Private_test-fr_cugr_cmp-1-/results/asap7/cva6/base/3_5_place_dp.odb
write_sdc -no_timestamp /tmp/workspace/scripts-Private_test-fr_cugr_cmp-1-/results/asap7/cva6/base/3_place.sdc
Elapsed time: 1:08.33[h:]min:sec. CPU time: user 83.62 sys 26.51 (161%). Peak memory: 1222068KB.
Log                       Ext     Elapsed/s Peak Memory/MB sha1sum result [0:20)
3_5_place_dp              .odb           68           1193 163d6d39562b14213752
cp /tmp/workspace/scripts-Private_test-fr_cugr_cmp-1-/results/asap7/cva6/base/3_5_place_dp.odb /tmp/workspace/scripts-Private_test-fr_cugr_cmp-1-/results/asap7/cva6/base/3_place.odb
/OpenROAD-flow-scripts/flow/scripts/flow.sh 4_1_cts cts
Running cts.tcl, stage 4_1_cts
source ./platforms/asap7/liberty_suppressions.tcl
read_liberty ./platforms/asap7/lib/NLDM/asap7sc7p5t_AO_RVT_FF_nldm_211120.lib.gz
read_liberty ./platforms/asap7/lib/NLDM/asap7sc7p5t_INVBUF_RVT_FF_nldm_220122.lib.gz
read_liberty ./platforms/asap7/lib/NLDM/asap7sc7p5t_OA_RVT_FF_nldm_211120.lib.gz
read_liberty ./platforms/asap7/lib/NLDM/asap7sc7p5t_SIMPLE_RVT_FF_nldm_211120.lib.gz
read_liberty ./platforms/asap7/lib/NLDM/asap7sc7p5t_SEQ_RVT_FF_nldm_220123.lib
read_liberty ./platforms/asap7/lib/NLDM/asap7sc7p5t_AO_LVT_FF_nldm_211120.lib.gz
read_liberty ./platforms/asap7/lib/NLDM/asap7sc7p5t_INVBUF_LVT_FF_nldm_220122.lib.gz
read_liberty ./platforms/asap7/lib/NLDM/asap7sc7p5t_OA_LVT_FF_nldm_211120.lib.gz
read_liberty ./platforms/asap7/lib/NLDM/asap7sc7p5t_SIMPLE_LVT_FF_nldm_211120.lib.gz
read_liberty ./platforms/asap7/lib/NLDM/asap7sc7p5t_SEQ_LVT_FF_nldm_220123.lib
read_liberty ./platforms/asap7/lib/NLDM/asap7sc7p5t_AO_SLVT_FF_nldm_211120.lib.gz
read_liberty ./platforms/asap7/lib/NLDM/asap7sc7p5t_INVBUF_SLVT_FF_nldm_220122.lib.gz
read_liberty ./platforms/asap7/lib/NLDM/asap7sc7p5t_OA_SLVT_FF_nldm_211120.lib.gz
read_liberty ./platforms/asap7/lib/NLDM/asap7sc7p5t_SIMPLE_SLVT_FF_nldm_211120.lib.gz
read_liberty ./platforms/asap7/lib/NLDM/asap7sc7p5t_SEQ_SLVT_FF_nldm_220123.lib
read_liberty ./platforms/asap7/lib/NLDM/fakeram7_64x256.lib
read_liberty ./platforms/asap7/lib/NLDM/fakeram7_128x64.lib
read_liberty ./platforms/asap7/lib/NLDM/fakeram7_64x28.lib
read_liberty ./platforms/asap7/lib/NLDM/fakeram7_64x25.lib
read_db -hier /tmp/workspace/scripts-Private_test-fr_cugr_cmp-1-/results/asap7/cva6/base/3_place.odb
[WARNING ORD-0012] Hierarchical flow (-hier) is currently in development and may cause multiple issues. Do not use in production environments.
read_sdc /tmp/workspace/scripts-Private_test-fr_cugr_cmp-1-/results/asap7/cva6/base/3_place.sdc
source ./platforms/asap7/setRC.tcl
clock_tree_synthesis -sink_clustering_enable -repair_clock_nets -library asap7sc7p5t_INVBUF_SLVT_FF_nldm_211120
[INFO CTS-0210] Clock buffers will be chosen from library asap7sc7p5t_INVBUF_SLVT_FF_nldm_211120
[INFO CTS-0050] Root buffer is BUFx24_ASAP7_75t_SL.
[INFO CTS-0051] Sink buffer is BUFx24_ASAP7_75t_SL.
[INFO CTS-0052] The following clock buffers will be used for CTS:
                    BUFx24_ASAP7_75t_SL
[INFO CTS-0049] Characterization buffer is BUFx24_ASAP7_75t_SL.
[INFO CTS-0007] Net "clk_i" found for clock "main_clk".
[INFO CTS-0011]  Clock net "clk_i" for macros has 8 sinks.
[INFO CTS-0011]  Clock net "clk_i_regs" for registers has 8465 sinks.
[INFO CTS-0008] TritonCTS found 2 clock nets.
[INFO CTS-0097] Characterization used 1 buffer(s) types.
[INFO CTS-0201] 6 blockages from hard placement blockages and placed macros will be used.
[INFO CTS-0027] Generating H-Tree topology for net clk_i.
[INFO CTS-0028]  Total number of sinks: 8.
[INFO CTS-0029]  Macro  sinks will be clustered in groups of up to 4 and with maximum cluster diameter of 93.6 um.
[INFO CTS-0030]  Number of static layers: 0.
[INFO CTS-0020]  Wire segment unit: 1350  dbu (1 um).
[INFO CTS-0023]  Original sink region: [(35308, 2364), (141534, 154284)].
[INFO CTS-0024]  Normalized sink region: [(26.1541, 1.75111), (104.84, 114.284)].
[INFO CTS-0025]     Width:  78.6859.
[INFO CTS-0026]     Height: 112.5333.
 Level 1
    Direction: Vertical
    Sinks per sub-region: 4
    Sub-region size: 78.6859 X 56.2667
[INFO CTS-0034]     Segment length (rounded): 28.
 Level 2
    Direction: Horizontal
    Sinks per sub-region: 2
    Sub-region size: 39.3430 X 56.2667
[INFO CTS-0034]     Segment length (rounded): 20.
[INFO CTS-0038]  Stop criterion found. Sink region hpwl is smaller than max wirelength (124.954 um) and max number of sinks is 10.
[INFO CTS-0035]  Number of sinks covered: 8.
[INFO CTS-0201] 6 blockages from hard placement blockages and placed macros will be used.
[INFO CTS-0027] Generating H-Tree topology for net clk_i_regs.
[INFO CTS-0028]  Total number of sinks: 8465.
[INFO CTS-0060]  Register sinks will be clustered in groups of up to 10 and based on buffer max cap.
[INFO CTS-0030]  Number of static layers: 0.
[INFO CTS-0020]  Wire segment unit: 1350  dbu (1 um).
[INFO CTS-0204] A clustering solution was found from clustering size of 10 and max clustering diameter of 43.
[INFO CTS-0205] Better solution may be possible if either -sink_clustering_size, -sink_clustering_max_diameter, or both options are omitted to enable automatic clustering.
[INFO CTS-0019]  Total number of sinks after clustering: 848.
[INFO CTS-0024]  Normalized sink region: [(2.58785, 2.21252), (113.626, 113.92)].
[INFO CTS-0025]     Width:  111.0378.
[INFO CTS-0026]     Height: 111.7071.
 Level 1
    Direction: Vertical
    Sinks per sub-region: 424
    Sub-region size: 111.0378 X 55.8536
[INFO CTS-0034]     Segment length (rounded): 28.
 Level 2
    Direction: Horizontal
    Sinks per sub-region: 212
    Sub-region size: 55.5189 X 55.8536
[INFO CTS-0034]     Segment length (rounded): 28.
 Level 3
    Direction: Vertical
    Sinks per sub-region: 106
    Sub-region size: 55.5189 X 27.9268
[INFO CTS-0034]     Segment length (rounded): 14.
 Level 4
    Direction: Horizontal
    Sinks per sub-region: 53
    Sub-region size: 27.7594 X 27.9268
[INFO CTS-0034]     Segment length (rounded): 14.
 Level 5
    Direction: Vertical
    Sinks per sub-region: 27
    Sub-region size: 27.7594 X 13.9634
[INFO CTS-0034]     Segment length (rounded): 6.
 Level 6
    Direction: Horizontal
    Sinks per sub-region: 14
    Sub-region size: 13.8797 X 13.9634
[INFO CTS-0034]     Segment length (rounded): 6.
 Level 7
    Direction: Vertical
    Sinks per sub-region: 7
    Sub-region size: 13.8797 X 6.9817
[INFO CTS-0034]     Segment length (rounded): 4.
[INFO CTS-0038]  Stop criterion found. Sink region hpwl is smaller than max wirelength (124.954 um) and max number of sinks is 10.
[INFO CTS-0035]  Number of sinks covered: 848.
[INFO CTS-0018]     Created 7 clock buffers.
[INFO CTS-0012]     Minimum number of buffers in the clock path: 3.
[INFO CTS-0013]     Maximum number of buffers in the clock path: 3.
[INFO CTS-0015]     Created 7 clock nets.
[INFO CTS-0016]     Fanout distribution for the current clock = 2:4..
[INFO CTS-0017]     Max level of the clock tree: 2.
[INFO CTS-0018]     Created 999 clock buffers.
[INFO CTS-0012]     Minimum number of buffers in the clock path: 6.
[INFO CTS-0013]     Maximum number of buffers in the clock path: 6.
[INFO CTS-0015]     Created 999 clock nets.
[INFO CTS-0016]     Fanout distribution for the current clock = 4:1, 5:1, 6:48, 7:80, 8:2, 10:844..
[INFO CTS-0017]     Max level of the clock tree: 7.
[INFO CTS-0098] Clock net "clk_i"
[INFO CTS-0099]  Sinks 8
[INFO CTS-0100]  Leaf buffers 0
[INFO CTS-0101]  Average sink wire length 279.68 um
[INFO CTS-0102]  Path depth 3 - 3
[INFO CTS-0207]  Dummy loads inserted 0
[INFO CTS-0098] Clock net "clk_i_regs"
[INFO CTS-0099]  Sinks 8517
[INFO CTS-0100]  Leaf buffers 848
[INFO CTS-0101]  Average sink wire length 128.56 um
[INFO CTS-0102]  Path depth 5 - 6
[INFO CTS-0207]  Dummy loads inserted 52
[INFO RSZ-0047] Found 1 long wires.
[INFO RSZ-0048] Inserted 1 buffers in 1 nets.
[INFO CTS-0033] Balancing latency for clock main_clk
[INFO CTS-0036]  inserted 2 delay buffers
[INFO CTS-0037] Total number of delay buffers: 2
[INFO CTS-0500] Runtime: 6.51s
Took 7 seconds: clock_tree_synthesis -sink_clustering_enable -repair_clock_nets -library asap7sc7p5t_INVBUF_SLVT_FF_nldm_211120
estimate_parasitics -placement
detailed_placement
[INFO DPL-0006] Core area: 23238.54 um^2
[INFO DPL-0007] Movable instances area: 14060.47 um^2
[INFO DPL-0008] Fixed instances area within core: 4242.82 um^2
[INFO DPL-0009] Utilization: 78.8%
[INFO DPL-0005] Diamond search max displacement: +/- 500 sites horizontally, +/- 100 rows vertically.
[INFO DPL-1102] Legalizing using negotiation legalizer.
[INFO DPL-1103] Negotiation base search window: +/-20 sites horizontally, +/-5 rows vertically 
	Automatic search window extension enabled.
	Search window extendable up to the max displacement cap of +/-500 sites, +/-100 rows near walls.
[INFO DPL-1104] NegotiationLegalizer DRC penalty: 5.
[INFO DPL-0392] Negotiation cell height distribution (4 unique row-count(s)):
[INFO DPL-0393]   height 1 row(s): 122445 cells
[INFO DPL-0393]   height 23 row(s): 4 cells
[INFO DPL-0393]   height 80 row(s): 2 cells
[INFO DPL-0393]   height 174 row(s): 2 cells
          |      Total |  Illegal |  Illegal
Iteration | Violations |    Cells |    Sites
---------------------------------------------
        0 |      15033 |      2253 |     12780
        1 |       8598 |      1170 |      7428
        2 |       5242 |       681 |      4561
        3 |       3926 |       456 |      3470
        4 |       2807 |       331 |      2476
        5 |       2264 |       246 |      2018
        6 |       1690 |       214 |      1476
        7 |       1400 |       158 |      1242
        8 |        951 |       132 |       819
        9 |        890 |       116 |       774
       10 |        601 |        90 |       511
       20 |        139 |        23 |       116
       30 |         38 |         4 |        34
       35 |          0 |         0 |         0
Negotiation phase 1 converged at iteration 35.
[INFO DPL-0500] Runtime: 6.56s
Placement Analysis
---------------------------------
total displacement      21802.0 u
average displacement        0.2 u
max displacement            4.9 u
original HPWL          522138.6 u
legalized HPWL         535993.0 u
delta HPWL                    3 %

Took 7 seconds: detailed_placement
estimate_parasitics -placement
repair_timing -setup_margin 0 -hold_margin 0 -repair_tns 100 -verbose
[INFO RSZ-0100] Repair move sequence: UnbufferMove VtSwapMove SizeUpMove SwapPinsMove BufferMove CloneMove SplitLoadMove 
[INFO RSZ-0094] Found 39 endpoints with setup violations.
[INFO RSZ-0099] Repairing 39 out of 39 (100.00%) violating endpoints...
   Iter   | Removed | Resized | Inserted | Cloned |  Pin  |   Area   |    WNS   |   StTNS    |   EnTNS    |  Viol  |  Worst  
          | Buffers |  Gates  | Buffers  |  Gates | Swaps |          |          |            |            | Endpts | St/EnPt 
------------------------------------------------------------------------------------------------------------------------------
       0* |       0 |       0 |        0 |      0 |     0 |    +0.0% |  -29.378 |     -753.9 |     -804.1 |     39 | issue_stage_i.i_scoreboard.fwd_o\[1566\]$_DFF_PN0_/D
      10* |       0 |       3 |        6 |      0 |     3 |    +0.0% |  -17.773 |      -74.3 |     -371.8 |     39 | issue_stage_i.i_scoreboard.fwd_o\[1566\]$_DFF_PN0_/D
      20* |       0 |      13 |        6 |      0 |     3 |    +0.0% |    0.923 |        0.0 |        0.0 |     39 | issue_stage_i.i_scoreboard.fwd_o\[1566\]$_DFF_PN0_/D
      20* |       0 |      13 |        6 |      0 |     3 |    +0.0% |    0.923 |        0.0 |        0.0 |     39 | issue_stage_i.i_scoreboard.fwd_o\[1566\]$_DFF_PN0_/D
      21* |       0 |      13 |        6 |      0 |     3 |    +0.0% |    0.923 |        0.0 |        0.0 |     39 | issue_stage_i.i_scoreboard.fwd_o\[1566\]$_DFF_PN0_/D
      22* |       0 |      13 |        6 |      0 |     3 |    +0.0% |    0.923 |        0.0 |        0.0 |     39 | issue_stage_i.i_scoreboard.fwd_o\[1566\]$_DFF_PN0_/D
      23* |       0 |      13 |        6 |      0 |     3 |    +0.0% |    0.923 |        0.0 |        0.0 |     39 | issue_stage_i.i_scoreboard.fwd_o\[1566\]$_DFF_PN0_/D
      24* |       0 |      13 |        6 |      0 |     3 |    +0.0% |    0.923 |        0.0 |        0.0 |     39 | issue_stage_i.i_scoreboard.fwd_o\[1566\]$_DFF_PN0_/D
      25* |       0 |      13 |        6 |      0 |     3 |    +0.0% |    0.923 |        0.0 |        0.0 |     39 | issue_stage_i.i_scoreboard.fwd_o\[1566\]$_DFF_PN0_/D
      26* |       0 |      13 |        6 |      0 |     3 |    +0.0% |    0.923 |        0.0 |        0.0 |     39 | issue_stage_i.i_scoreboard.fwd_o\[1566\]$_DFF_PN0_/D
      27* |       0 |      13 |        6 |      0 |     3 |    +0.0% |    0.923 |        0.0 |        0.0 |     39 | issue_stage_i.i_scoreboard.fwd_o\[1566\]$_DFF_PN0_/D
      28* |       0 |      13 |        6 |      0 |     3 |    +0.0% |    0.923 |        0.0 |        0.0 |     39 | issue_stage_i.i_scoreboard.fwd_o\[1566\]$_DFF_PN0_/D
      29* |       0 |      13 |        6 |      0 |     3 |    +0.0% |    0.923 |        0.0 |        0.0 |     39 | issue_stage_i.i_scoreboard.fwd_o\[1566\]$_DFF_PN0_/D
      30* |       0 |      13 |        6 |      0 |     3 |    +0.0% |    0.923 |        0.0 |        0.0 |     39 | issue_stage_i.i_scoreboard.fwd_o\[1566\]$_DFF_PN0_/D
      30* |       0 |      13 |        6 |      0 |     3 |    +0.0% |    0.923 |        0.0 |        0.0 |     39 | issue_stage_i.i_scoreboard.fwd_o\[1566\]$_DFF_PN0_/D
      31* |       0 |      13 |        6 |      0 |     3 |    +0.0% |    0.923 |        0.0 |        0.0 |     39 | issue_stage_i.i_scoreboard.fwd_o\[1566\]$_DFF_PN0_/D
      32* |       0 |      13 |        6 |      0 |     3 |    +0.0% |    0.923 |        0.0 |        0.0 |     39 | issue_stage_i.i_scoreboard.fwd_o\[1566\]$_DFF_PN0_/D
      33* |       0 |      13 |        6 |      0 |     3 |    +0.0% |    0.923 |        0.0 |        0.0 |     39 | issue_stage_i.i_scoreboard.fwd_o\[1566\]$_DFF_PN0_/D
      34* |       0 |      13 |        6 |      0 |     3 |    +0.0% |    0.923 |        0.0 |        0.0 |     39 | issue_stage_i.i_scoreboard.fwd_o\[1566\]$_DFF_PN0_/D
      35* |       0 |      13 |        6 |      0 |     3 |    +0.0% |    0.923 |        0.0 |        0.0 |     39 | issue_stage_i.i_scoreboard.fwd_o\[1566\]$_DFF_PN0_/D
      36* |       0 |      13 |        6 |      0 |     3 |    +0.0% |    0.923 |        0.0 |        0.0 |     39 | issue_stage_i.i_scoreboard.fwd_o\[1566\]$_DFF_PN0_/D
      37* |       0 |      13 |        6 |      0 |     3 |    +0.0% |    0.923 |        0.0 |        0.0 |     39 | issue_stage_i.i_scoreboard.fwd_o\[1566\]$_DFF_PN0_/D
      38* |       0 |      13 |        6 |      0 |     3 |    +0.0% |    0.923 |        0.0 |        0.0 |     39 | issue_stage_i.i_scoreboard.fwd_o\[1566\]$_DFF_PN0_/D
      39* |       0 |      13 |        6 |      0 |     3 |    +0.0% |    0.923 |        0.0 |        0.0 |     39 | issue_stage_i.i_scoreboard.fwd_o\[1566\]$_DFF_PN0_/D
      40* |       0 |      13 |        6 |      0 |     3 |    +0.0% |    0.923 |        0.0 |        0.0 |     39 | issue_stage_i.i_scoreboard.fwd_o\[1566\]$_DFF_PN0_/D
      40* |       0 |      13 |        6 |      0 |     3 |    +0.0% |    0.923 |        0.0 |        0.0 |     39 | issue_stage_i.i_scoreboard.fwd_o\[1566\]$_DFF_PN0_/D
      41* |       0 |      13 |        6 |      0 |     3 |    +0.0% |    0.923 |        0.0 |        0.0 |     39 | issue_stage_i.i_scoreboard.fwd_o\[1566\]$_DFF_PN0_/D
      42* |       0 |      13 |        6 |      0 |     3 |    +0.0% |    0.923 |        0.0 |        0.0 |     39 | issue_stage_i.i_scoreboard.fwd_o\[1566\]$_DFF_PN0_/D
      43* |       0 |      13 |        6 |      0 |     3 |    +0.0% |    0.923 |        0.0 |        0.0 |     39 | issue_stage_i.i_scoreboard.fwd_o\[1566\]$_DFF_PN0_/D
      44* |       0 |      13 |        6 |      0 |     3 |    +0.0% |    0.923 |        0.0 |        0.0 |     39 | issue_stage_i.i_scoreboard.fwd_o\[1566\]$_DFF_PN0_/D
      45* |       0 |      13 |        6 |      0 |     3 |    +0.0% |    0.923 |        0.0 |        0.0 |     39 | issue_stage_i.i_scoreboard.fwd_o\[1566\]$_DFF_PN0_/D
      46* |       0 |      13 |        6 |      0 |     3 |    +0.0% |    0.923 |        0.0 |        0.0 |     39 | issue_stage_i.i_scoreboard.fwd_o\[1566\]$_DFF_PN0_/D
      47* |       0 |      13 |        6 |      0 |     3 |    +0.0% |    0.923 |        0.0 |        0.0 |     39 | issue_stage_i.i_scoreboard.fwd_o\[1566\]$_DFF_PN0_/D
      48* |       0 |      13 |        6 |      0 |     3 |    +0.0% |    0.923 |        0.0 |        0.0 |     39 | issue_stage_i.i_scoreboard.fwd_o\[1566\]$_DFF_PN0_/D
      49* |       0 |      13 |        6 |      0 |     3 |    +0.0% |    0.923 |        0.0 |        0.0 |     39 | issue_stage_i.i_scoreboard.fwd_o\[1566\]$_DFF_PN0_/D
      50* |       0 |      13 |        6 |      0 |     3 |    +0.0% |    0.923 |        0.0 |        0.0 |     39 | issue_stage_i.i_scoreboard.fwd_o\[1566\]$_DFF_PN0_/D
      50* |       0 |      13 |        6 |      0 |     3 |    +0.0% |    0.923 |        0.0 |        0.0 |     39 | issue_stage_i.i_scoreboard.fwd_o\[1566\]$_DFF_PN0_/D
      51* |       0 |      13 |        6 |      0 |     3 |    +0.0% |    0.923 |        0.0 |        0.0 |     39 | issue_stage_i.i_scoreboard.fwd_o\[1566\]$_DFF_PN0_/D
      52* |       0 |      13 |        6 |      0 |     3 |    +0.0% |    0.923 |        0.0 |        0.0 |     39 | issue_stage_i.i_scoreboard.fwd_o\[1566\]$_DFF_PN0_/D
      53* |       0 |      13 |        6 |      0 |     3 |    +0.0% |    0.923 |        0.0 |        0.0 |     39 | issue_stage_i.i_scoreboard.fwd_o\[1566\]$_DFF_PN0_/D
      54* |       0 |      13 |        6 |      0 |     3 |    +0.0% |    0.923 |        0.0 |        0.0 |     39 | issue_stage_i.i_scoreboard.fwd_o\[1566\]$_DFF_PN0_/D
      55* |       0 |      13 |        6 |      0 |     3 |    +0.0% |    0.923 |        0.0 |        0.0 |     39 | issue_stage_i.i_scoreboard.fwd_o\[1566\]$_DFF_PN0_/D
      56* |       0 |      13 |        6 |      0 |     3 |    +0.0% |    0.923 |        0.0 |        0.0 |     39 | issue_stage_i.i_scoreboard.fwd_o\[1566\]$_DFF_PN0_/D
      57* |       0 |      13 |        6 |      0 |     3 |    +0.0% |    0.923 |        0.0 |        0.0 |     39 | issue_stage_i.i_scoreboard.fwd_o\[1566\]$_DFF_PN0_/D
      58* |       0 |      13 |        6 |      0 |     3 |    +0.0% |    0.923 |        0.0 |        0.0 |     39 | issue_stage_i.i_scoreboard.fwd_o\[1566\]$_DFF_PN0_/D
      58* |       0 |      13 |        6 |      0 |     3 |    +0.0% |    0.923 |        0.0 |        0.0 |     39 | issue_stage_i.i_scoreboard.fwd_o\[1566\]$_DFF_PN0_/D
    final |       0 |      13 |        6 |      0 |     3 |    +0.0% |    0.923 |        0.0 |        0.0 |      0 | issue_stage_i.i_scoreboard.fwd_o\[1566\]$_DFF_PN0_/D
------------------------------------------------------------------------------------------------------------------------------
[INFO RSZ-0040] Inserted 6 buffers.
[INFO RSZ-0051] Resized 13 instances: 4 up, 0 up match, 0 down, 9 VT
[INFO RSZ-0043] Swapped pins on 3 instances.
[INFO RSZ-0505] Runtime: 10.39s
[INFO RSZ-0046] Found 66 endpoints with hold violations.
Iteration | Resized | Buffers | Cloned Gates |   Area   |   WNS   |   TNS   | Endpoint
--------------------------------------------------------------------------------------
        0 |       0 |       0 |            0 |    +0.0% | -12.510 | -453.227 | gen_cache_hpd.i_cache_subsystem.i_dcache.i_hpdcache.hpdcache_ctrl_i.hpdcache_memctrl_i.gen_dir_sram[0].dir_sram.ram_i/wd_in[17]
       10 |       0 |      18 |            0 |    +0.0% | -11.350 | -307.653 | gen_cache_hpd.i_cache_subsystem.i_dcache.i_hpdcache.hpdcache_ctrl_i.hpdcache_memctrl_i.gen_dir_sram[0].dir_sram.ram_i/wd_in[2]
       20 |       0 |      33 |            0 |    +0.0% |  -9.476 | -149.294 | gen_cache_hpd.i_cache_subsystem.i_dcache.i_hpdcache.hpdcache_ctrl_i.hpdcache_memctrl_i.gen_dir_sram[0].dir_sram.ram_i/wd_in[20]
       30 |       0 |      43 |            0 |    +0.0% |  -3.677 | -57.313 | gen_cache_hpd.i_cache_subsystem.i_dcache.i_hpdcache.hpdcache_ctrl_i.hpdcache_memctrl_i.gen_dir_sram[1].dir_sram.ram_i/wd_in[6]
       40 |       0 |      51 |            0 |    +0.0% |  -3.674 | -31.039 | gen_cache_hpd.i_cache_subsystem.i_dcache.i_hpdcache.hpdcache_ctrl_i.hpdcache_memctrl_i.gen_dir_sram[0].dir_sram.ram_i/addr_in[1]
       50 |       0 |      53 |            0 |    +0.0% |  -2.466 | -23.085 | gen_cache_hpd.i_cache_subsystem.i_dcache.i_hpdcache.hpdcache_ctrl_i.hpdcache_memctrl_i.gen_dir_sram[0].dir_sram.ram_i/wd_in[26]
       60 |       0 |      63 |            0 |    +0.0% |  -7.200 | -11.225 | gen_cache_hpd.i_cache_subsystem.i_dcache.i_hpdcache.hpdcache_ctrl_i.hpdcache_memctrl_i.gen_dir_sram[1].dir_sram.ram_i/wd_in[26]
    final |       0 |      69 |            0 |    +0.0% |   0.404 |   0.000 | gen_cache_hpd.i_cache_subsystem.i_dcache.i_hpdcache.hpdcache_ctrl_i.hpdcache_memctrl_i.gen_dir_sram[0].dir_sram.ram_i/wd_in[1]
--------------------------------------------------------------------------------------
[INFO RSZ-0032] Inserted 69 hold buffers.
[INFO RSZ-0506] Runtime: 0.60s
Took 11 seconds: repair_timing -setup_margin 0 -hold_margin 0 -repair_tns 100 -verbose
Repair timing output passed lec test
detailed_placement
[INFO DPL-0006] Core area: 23238.54 um^2
[INFO DPL-0007] Movable instances area: 14066.08 um^2
[INFO DPL-0008] Fixed instances area within core: 4242.82 um^2
[INFO DPL-0009] Utilization: 78.8%
[INFO DPL-0005] Diamond search max displacement: +/- 500 sites horizontally, +/- 100 rows vertically.
[INFO DPL-1102] Legalizing using negotiation legalizer.
[INFO DPL-1103] Negotiation base search window: +/-20 sites horizontally, +/-5 rows vertically 
	Automatic search window extension enabled.
	Search window extendable up to the max displacement cap of +/-500 sites, +/-100 rows near walls.
[INFO DPL-1104] NegotiationLegalizer DRC penalty: 5.
[INFO DPL-0392] Negotiation cell height distribution (4 unique row-count(s)):
[INFO DPL-0393]   height 1 row(s): 122520 cells
[INFO DPL-0393]   height 23 row(s): 4 cells
[INFO DPL-0393]   height 80 row(s): 2 cells
[INFO DPL-0393]   height 174 row(s): 2 cells
          |      Total |  Illegal |  Illegal
Iteration | Violations |    Cells |    Sites
---------------------------------------------
        0 |        291 |        65 |       226
        1 |        111 |        25 |        86
        2 |         77 |        19 |        58
        3 |         70 |        14 |        56
        4 |         82 |        14 |        68
        5 |         28 |         7 |        21
        6 |         31 |         8 |        23
        7 |         47 |         8 |        39
        8 |         55 |        11 |        44
        9 |         40 |         8 |        32
       10 |         31 |         5 |        26
       16 |          0 |         0 |         0
Negotiation phase 1 converged at iteration 16.
[INFO DPL-0500] Runtime: 1.95s
Placement Analysis
---------------------------------
total displacement        105.1 u
average displacement        0.0 u
max displacement            8.6 u
original HPWL          536088.9 u
legalized HPWL         536172.0 u
delta HPWL                    0 %

estimate_parasitics -placement
Report metrics stage 4, cts final...

==========================================================================
cts final report_design_area
--------------------------------------------------------------------------
Design area 18309 um^2 79% utilization.
write_db /tmp/workspace/scripts-Private_test-fr_cugr_cmp-1-/results/asap7/cva6/base/4_1_cts.odb
write_sdc -no_timestamp /tmp/workspace/scripts-Private_test-fr_cugr_cmp-1-/results/asap7/cva6/base/4_cts.sdc
Elapsed time: 4:30.02[h:]min:sec. CPU time: user 434.81 sys 74.13 (188%). Peak memory: 1735556KB.
Log                       Ext     Elapsed/s Peak Memory/MB sha1sum result [0:20)
4_1_cts                   .odb          270           1694 d40720d47598dfef02f0
cp /tmp/workspace/scripts-Private_test-fr_cugr_cmp-1-/results/asap7/cva6/base/4_1_cts.odb /tmp/workspace/scripts-Private_test-fr_cugr_cmp-1-/results/asap7/cva6/base/4_cts.odb
/OpenROAD-flow-scripts/flow/scripts/flow.sh 5_1_grt global_route
Running global_route.tcl, stage 5_1_grt
source ./platforms/asap7/liberty_suppressions.tcl
read_liberty ./platforms/asap7/lib/NLDM/asap7sc7p5t_AO_RVT_FF_nldm_211120.lib.gz
read_liberty ./platforms/asap7/lib/NLDM/asap7sc7p5t_INVBUF_RVT_FF_nldm_220122.lib.gz
read_liberty ./platforms/asap7/lib/NLDM/asap7sc7p5t_OA_RVT_FF_nldm_211120.lib.gz
read_liberty ./platforms/asap7/lib/NLDM/asap7sc7p5t_SIMPLE_RVT_FF_nldm_211120.lib.gz
read_liberty ./platforms/asap7/lib/NLDM/asap7sc7p5t_SEQ_RVT_FF_nldm_220123.lib
read_liberty ./platforms/asap7/lib/NLDM/asap7sc7p5t_AO_LVT_FF_nldm_211120.lib.gz
read_liberty ./platforms/asap7/lib/NLDM/asap7sc7p5t_INVBUF_LVT_FF_nldm_220122.lib.gz
read_liberty ./platforms/asap7/lib/NLDM/asap7sc7p5t_OA_LVT_FF_nldm_211120.lib.gz
read_liberty ./platforms/asap7/lib/NLDM/asap7sc7p5t_SIMPLE_LVT_FF_nldm_211120.lib.gz
read_liberty ./platforms/asap7/lib/NLDM/asap7sc7p5t_SEQ_LVT_FF_nldm_220123.lib
read_liberty ./platforms/asap7/lib/NLDM/asap7sc7p5t_AO_SLVT_FF_nldm_211120.lib.gz
read_liberty ./platforms/asap7/lib/NLDM/asap7sc7p5t_INVBUF_SLVT_FF_nldm_220122.lib.gz
read_liberty ./platforms/asap7/lib/NLDM/asap7sc7p5t_OA_SLVT_FF_nldm_211120.lib.gz
read_liberty ./platforms/asap7/lib/NLDM/asap7sc7p5t_SIMPLE_SLVT_FF_nldm_211120.lib.gz
read_liberty ./platforms/asap7/lib/NLDM/asap7sc7p5t_SEQ_SLVT_FF_nldm_220123.lib
read_liberty ./platforms/asap7/lib/NLDM/fakeram7_64x256.lib
read_liberty ./platforms/asap7/lib/NLDM/fakeram7_128x64.lib
read_liberty ./platforms/asap7/lib/NLDM/fakeram7_64x28.lib
read_liberty ./platforms/asap7/lib/NLDM/fakeram7_64x25.lib
read_db -hier /tmp/workspace/scripts-Private_test-fr_cugr_cmp-1-/results/asap7/cva6/base/4_cts.odb
[WARNING ORD-0012] Hierarchical flow (-hier) is currently in development and may cause multiple issues. Do not use in production environments.
read_sdc /tmp/workspace/scripts-Private_test-fr_cugr_cmp-1-/results/asap7/cva6/base/4_cts.sdc
source ./platforms/asap7/setRC.tcl
pin_access
[INFO DRT-0149] Reading tech and libs.

Units:                1000
Number of layers:     21
Number of macros:     640
Number of vias:       21
Number of viarulegen: 11

[INFO DRT-0150] Reading design.

Design:                   cva6
Die area:                 ( 0 0 ) ( 156706 156706 )
Number of track patterns: 32
Number of DEF vias:       0
Number of components:     122528
Number of terminals:      964
Number of snets:          2
Number of nets:           125449

[INFO DRT-0167] List of default vias:
  Layer V2
    default via: VIA23
  Layer V3
    default via: VIA34
  Layer V4
    default via: VIA45
  Layer V5
    default via: VIA56
  Layer V6
    default via: VIA67
  Layer V7
    default via: VIA78
  Layer V8
    default via: VIA89
  Layer V9
    default via: VIA9Pad
[INFO DRT-0162] Library cell analysis.
[INFO DRT-0163] Instance analysis.
  Complete 100000 instances.
[INFO DRT-0164] Number of unique instances = 303.
[INFO DRT-0168] Init region query.
[INFO DRT-0018]   Complete 100000 insts.
[INFO DRT-0024]   Complete Active.
[INFO DRT-0024]   Complete V0.
[INFO DRT-0024]   Complete M1.
[INFO DRT-0024]   Complete V1.
[INFO DRT-0024]   Complete M2.
[INFO DRT-0024]   Complete V2.
[INFO DRT-0024]   Complete M3.
[INFO DRT-0024]   Complete V3.
[INFO DRT-0024]   Complete M4.
[INFO DRT-0024]   Complete V4.
[INFO DRT-0024]   Complete M5.
[INFO DRT-0024]   Complete V5.
[INFO DRT-0024]   Complete M6.
[INFO DRT-0024]   Complete V6.
[INFO DRT-0024]   Complete M7.
[INFO DRT-0024]   Complete V7.
[INFO DRT-0024]   Complete M8.
[INFO DRT-0024]   Complete V8.
[INFO DRT-0024]   Complete M9.
[INFO DRT-0024]   Complete V9.
[INFO DRT-0024]   Complete Pad.
[INFO DRT-0033] Active shape region query size = 0.
[INFO DRT-0033] V0 shape region query size = 0.
[INFO DRT-0033] M1 shape region query size = 1966573.
[INFO DRT-0033] V1 shape region query size = 2073329.
[INFO DRT-0033] M2 shape region query size = 79431.
[INFO DRT-0033] V2 shape region query size = 38646.
[INFO DRT-0033] M3 shape region query size = 38669.
[INFO DRT-0033] V3 shape region query size = 25769.
[INFO DRT-0033] M4 shape region query size = 30462.
[INFO DRT-0033] V4 shape region query size = 30209.
[INFO DRT-0033] M5 shape region query size = 17371.
[INFO DRT-0033] V5 shape region query size = 3372.
[INFO DRT-0033] M6 shape region query size = 1802.
[INFO DRT-0033] V6 shape region query size = 0.
[INFO DRT-0033] M7 shape region query size = 0.
[INFO DRT-0033] V7 shape region query size = 0.
[INFO DRT-0033] M8 shape region query size = 0.
[INFO DRT-0033] V8 shape region query size = 0.
[INFO DRT-0033] M9 shape region query size = 0.
[INFO DRT-0033] V9 shape region query size = 0.
[INFO DRT-0033] Pad shape region query size = 0.
[INFO DRT-0165] Start pin access.
[INFO DRT-0076]   Complete 1000 pins.
[INFO DRT-0076]   Complete 2000 pins.
[INFO DRT-0078]   Complete 2812 pins.
[INFO DRT-0079]   Complete 100 unique inst patterns.
[INFO DRT-0079]   Complete 200 unique inst patterns.
[INFO DRT-0081]   Complete 293 unique inst patterns.
[INFO DRT-0082]   Complete 10000 groups.
[INFO DRT-0082]   Complete 20000 groups.
[INFO DRT-0082]   Complete 30000 groups.
[INFO DRT-0082]   Complete 40000 groups.
[INFO DRT-0082]   Complete 50000 groups.
[INFO DRT-0082]   Complete 60000 groups.
[INFO DRT-0084]   Complete 67574 groups.
#scanned instances     = 122528
#unique  instances     = 299
#stdCellGenAp          = 8205
#stdCellValidPlanarAp  = 68
#stdCellValidViaAp     = 6828
#stdCellPinNoAp        = 0
#stdCellPinCnt         = 405268
#instTermValidViaApCnt = 0
#macroGenAp            = 980
#macroValidPlanarAp    = 980
#macroValidViaAp       = 0
#macroNoAp             = 0
[INFO DRT-0166] Complete pin access.
[INFO DRT-0267] cpu time = 00:24:54, elapsed time = 00:00:47, memory = 945.09 (MB), peak = 975.36 (MB)
Took 49 seconds: pin_access
global_route -congestion_report_file /tmp/workspace/scripts-Private_test-fr_cugr_cmp-1-/reports/asap7/cva6/base/congestion.rpt -congestion_iterations 30 -congestion_report_iter_step 5 -verbose -resistance_aware
[INFO GRT-0020] Min routing layer: M2
[INFO GRT-0021] Max routing layer: M7
[INFO GRT-0022] Global adjustment: 0%
[INFO GRT-0023] Grid origin: (0, 0)
[INFO GRT-0088] Layer M1      Track-Pitch = 0.0360  line-2-Via Pitch: 0.0360
[INFO GRT-0088] Layer M2      Track-Pitch = 0.0390  line-2-Via Pitch: 0.0360
[INFO GRT-0088] Layer M3      Track-Pitch = 0.0360  line-2-Via Pitch: 0.0360
[INFO GRT-0088] Layer M4      Track-Pitch = 0.0480  line-2-Via Pitch: 0.0480
[INFO GRT-0088] Layer M5      Track-Pitch = 0.0480  line-2-Via Pitch: 0.0480
[INFO GRT-0088] Layer M6      Track-Pitch = 0.0640  line-2-Via Pitch: 0.0640
[INFO GRT-0088] Layer M7      Track-Pitch = 0.0640  line-2-Via Pitch: 0.0640
[INFO GRT-0003] Macros: 8
[INFO GRT-0004] Blockages: 45450
[INFO GRT-0019] Found 1011 clock nets.
[INFO GRT-0001] Minimum degree: 2
[INFO GRT-0002] Maximum degree: 65

[INFO GRT-0053] Routing resources analysis:
          Routing      Original      Derated      Resource
Layer     Direction    Resources     Resources    Reduction (%)
---------------------------------------------------------------
M1         Vertical            0             0          0.00%
M2         Horizontal     802120        572657          28.61%
M3         Vertical       948418        705580          25.60%
M4         Horizontal     726750        542167          25.40%
M5         Vertical       771305        567122          26.47%
M6         Horizontal     590053        400066          32.20%
M7         Vertical       668577        450450          32.63%
---------------------------------------------------------------

[INFO GRT-0101] Running extra iterations to remove congestion.
[INFO GRT-0102] Start extra iteration 1/30
[INFO GRT-0102] Start extra iteration 2/30
[INFO GRT-0197] Via related to pin nodes: 816675
[INFO GRT-0198] Via related Steiner nodes: 27197
[INFO GRT-0199] Via filling finished.
[INFO GRT-0111] Final number of vias: 1085181
[INFO GRT-0112] Final usage 3D: 4312282

[INFO GRT-0096] Final congestion report:
Layer         Resource        Demand        Usage (%)    Max H / Max V / Total Congestion
---------------------------------------------------------------------------------------
M1                   0             0            0.00%             0 /  0 /  0
M2              572657        334639           58.44%             0 /  0 /  0
M3              705580        409180           57.99%             0 /  0 /  0
M4              542167        158370           29.21%             0 /  0 /  0
M5              567122        112280           19.80%             0 /  0 /  0
M6              400066         28070            7.02%             0 /  0 /  0
M7              450450         14200            3.15%             0 /  0 /  0
---------------------------------------------------------------------------------------
Total          3238042       1056739           32.64%             0 /  0 /  0

[INFO GRT-0018] Total wirelength: 811455 um
[INFO GRT-0014] Routed nets: 124741
[INFO GRT-0303] Global routing runtime = 00:00:50
Took 50 seconds: global_route -congestion_report_file /tmp/workspace/scripts-Private_test-fr_cugr_cmp-1-/reports/asap7/cva6/base/congestion.rpt -congestion_iterations 30 -congestion_report_iter_step 5 -verbose -resistance_aware
estimate_parasitics -global_routing
Perform buffer insertion and gate resizing...
repair_design -verbose
Iteration |   Area    | Resized | Buffers | Nets repaired | Remaining
---------------------------------------------------------------------
        0 |     +0.0% |       0 |       0 |             0 |    125501
     1000 |     +0.0% |       0 |       0 |             0 |    124501
     2000 |     +0.0% |       0 |       0 |             0 |    123501
     3000 |     +0.0% |       0 |       0 |             0 |    122501
     4000 |     +0.0% |       0 |       0 |             0 |    121501
     5000 |     +0.0% |       0 |       0 |             0 |    120501
     6000 |     +0.0% |       0 |       0 |             0 |    119501
     7000 |     +0.0% |       0 |       0 |             0 |    118501
     8000 |     +0.0% |       0 |       0 |             0 |    117501
     9000 |     +0.0% |       0 |       0 |             0 |    116501
    10000 |     +0.0% |       0 |       0 |             0 |    115501
    11000 |     +0.0% |       0 |       0 |             0 |    114501
    12000 |     +0.0% |       0 |       0 |             0 |    113501
    13000 |     +0.0% |       0 |       0 |             0 |    112501
    14000 |     +0.0% |       0 |       0 |             0 |    111501
    15000 |     +0.0% |       0 |       0 |             0 |    110501
    16000 |     +0.0% |       0 |       0 |             0 |    109501
    17000 |     +0.0% |       0 |       0 |             0 |    108501
    18000 |     +0.0% |       0 |       0 |             0 |    107501
    19000 |     +0.0% |       0 |       0 |             0 |    106501
    20000 |     +0.0% |       0 |       0 |             0 |    105501
    21000 |     +0.0% |       0 |       0 |             0 |    104501
    22000 |     +0.0% |       0 |       0 |             0 |    103501
    23000 |     +0.0% |       0 |       0 |             0 |    102501
[WARNING RSZ-0104] Net _012825_ only has one pin. Check if it is intended to be dangling.
    24000 |     +0.0% |       0 |       0 |             0 |    101501
    25000 |     +0.0% |       0 |       0 |             0 |    100501
[WARNING RSZ-0104] Net _095140_/_0192_ only has one pin. Check if it is intended to be dangling.
    26000 |     +0.0% |       0 |       0 |             0 |     99501
    27000 |     +0.0% |       0 |       0 |             0 |     98501
    28000 |     +0.0% |       0 |       0 |             0 |     97501
    29000 |     +0.0% |       0 |       0 |             0 |     96501
    30000 |     +0.0% |       0 |       0 |             0 |     95501
    31000 |     +0.0% |       0 |       0 |             0 |     94501
    32000 |     +0.0% |       0 |       0 |             0 |     93501
    33000 |     +0.0% |       0 |       0 |             0 |     92501
    34000 |     +0.0% |       0 |       0 |             0 |     91501
    35000 |     +0.0% |       0 |       0 |             0 |     90501
    36000 |     +0.0% |       0 |       0 |             0 |     89501
    37000 |     +0.0% |       0 |       0 |             0 |     88501
    38000 |     +0.0% |       0 |       0 |             0 |     87501
    39000 |     +0.0% |       0 |       0 |             0 |     86501
    40000 |     +0.0% |       0 |       0 |             0 |     85501
    41000 |     +0.0% |       0 |       0 |             0 |     84501
    42000 |     +0.0% |       0 |       0 |             0 |     83501
    43000 |     +0.0% |       0 |       0 |             0 |     82501
    44000 |     +0.0% |       0 |       0 |             0 |     81501
[WARNING RSZ-0104] Net _012845_ only has one pin. Check if it is intended to be dangling.
[WARNING RSZ-0104] Net _012620_ only has one pin. Check if it is intended to be dangling.
[WARNING RSZ-0104] Net _012584_ only has one pin. Check if it is intended to be dangling.
[WARNING RSZ-0104] Net _012506_ only has one pin. Check if it is intended to be dangling.
[WARNING RSZ-0104] Net _012466_ only has one pin. Check if it is intended to be dangling.
[WARNING RSZ-0104] Net _012450_ only has one pin. Check if it is intended to be dangling.
[WARNING RSZ-0104] Net _012444_ only has one pin. Check if it is intended to be dangling.
[WARNING RSZ-0104] Net _012432_ only has one pin. Check if it is intended to be dangling.
[WARNING RSZ-0104] Net _012414_ only has one pin. Check if it is intended to be dangling.
[WARNING RSZ-0104] Net _012361_ only has one pin. Check if it is intended to be dangling.
[WARNING RSZ-0104] Net _012341_ only has one pin. Check if it is intended to be dangling.
[WARNING RSZ-0104] Net _012198_ only has one pin. Check if it is intended to be dangling.
[WARNING RSZ-0104] Net _012116_ only has one pin. Check if it is intended to be dangling.
[WARNING RSZ-0104] Net _012057_ only has one pin. Check if it is intended to be dangling.
[WARNING RSZ-0104] Net _011956_ only has one pin. Check if it is intended to be dangling.
[WARNING RSZ-0104] Net _011918_ only has one pin. Check if it is intended to be dangling.
[WARNING RSZ-0104] Net _011874_ only has one pin. Check if it is intended to be dangling.
[WARNING RSZ-0104] Net _011810_ only has one pin. Check if it is intended to be dangling.
[WARNING RSZ-0104] Net _011627_ only has one pin. Check if it is intended to be dangling.
[WARNING RSZ-0104] Net _011454_ only has one pin. Check if it is intended to be dangling.
[WARNING RSZ-0104] Net _011426_ only has one pin. Check if it is intended to be dangling.
[WARNING RSZ-0104] Net _011376_ only has one pin. Check if it is intended to be dangling.
[WARNING RSZ-0104] Net _011352_ only has one pin. Check if it is intended to be dangling.
[WARNING RSZ-0104] Net _011282_ only has one pin. Check if it is intended to be dangling.
    45000 |     +0.0% |       0 |       0 |             0 |     80501
    46000 |     +0.0% |       0 |       0 |             0 |     79501
    47000 |     +0.0% |       0 |       0 |             0 |     78501
[WARNING RSZ-0104] Net _012843_ only has one pin. Check if it is intended to be dangling.
[WARNING RSZ-0104] Net _012662_ only has one pin. Check if it is intended to be dangling.
[WARNING RSZ-0104] Net _012618_ only has one pin. Check if it is intended to be dangling.
[WARNING RSZ-0104] Net _012582_ only has one pin. Check if it is intended to be dangling.
[WARNING RSZ-0104] Net _012504_ only has one pin. Check if it is intended to be dangling.
[WARNING RSZ-0104] Net _012464_ only has one pin. Check if it is intended to be dangling.
[WARNING RSZ-0104] Net _012448_ only has one pin. Check if it is intended to be dangling.
[WARNING RSZ-0104] Net _012442_ only has one pin. Check if it is intended to be dangling.
[WARNING RSZ-0104] Net _012430_ only has one pin. Check if it is intended to be dangling.
[WARNING RSZ-0104] Net _012422_ only has one pin. Check if it is intended to be dangling.
[WARNING RSZ-0104] Net _012412_ only has one pin. Check if it is intended to be dangling.
[WARNING RSZ-0104] Net _012395_ only has one pin. Check if it is intended to be dangling.
[WARNING RSZ-0104] Net _012359_ only has one pin. Check if it is intended to be dangling.
[WARNING RSZ-0104] Net _012339_ only has one pin. Check if it is intended to be dangling.
[WARNING RSZ-0104] Net _012196_ only has one pin. Check if it is intended to be dangling.
[WARNING RSZ-0104] Net _012126_ only has one pin. Check if it is intended to be dangling.
[WARNING RSZ-0104] Net _012114_ only has one pin. Check if it is intended to be dangling.
[WARNING RSZ-0104] Net _012110_ only has one pin. Check if it is intended to be dangling.
[WARNING RSZ-0104] Net _012055_ only has one pin. Check if it is intended to be dangling.
[WARNING RSZ-0104] Net _012018_ only has one pin. Check if it is intended to be dangling.
[WARNING RSZ-0104] Net _011954_ only has one pin. Check if it is intended to be dangling.
[WARNING RSZ-0104] Net _011916_ only has one pin. Check if it is intended to be dangling.
[WARNING RSZ-0104] Net _011896_ only has one pin. Check if it is intended to be dangling.
[WARNING RSZ-0104] Net _011872_ only has one pin. Check if it is intended to be dangling.
[WARNING RSZ-0104] Net _011808_ only has one pin. Check if it is intended to be dangling.
[WARNING RSZ-0104] Net _011674_ only has one pin. Check if it is intended to be dangling.
[WARNING RSZ-0104] Net _011625_ only has one pin. Check if it is intended to be dangling.
[WARNING RSZ-0104] Net _011452_ only has one pin. Check if it is intended to be dangling.
[WARNING RSZ-0104] Net _011424_ only has one pin. Check if it is intended to be dangling.
[WARNING RSZ-0104] Net _011382_ only has one pin. Check if it is intended to be dangling.
[WARNING RSZ-0104] Net _011374_ only has one pin. Check if it is intended to be dangling.
[WARNING RSZ-0104] Net _011350_ only has one pin. Check if it is intended to be dangling.
[WARNING RSZ-0104] Net _011340_ only has one pin. Check if it is intended to be dangling.
[WARNING RSZ-0104] Net _011280_ only has one pin. Check if it is intended to be dangling.
[WARNING RSZ-0104] Net _011268_ only has one pin. Check if it is intended to be dangling.
    48000 |     +0.0% |       0 |       0 |             0 |     77501
    49000 |     +0.0% |       0 |       0 |             0 |     76501
    50000 |     +0.0% |       0 |       0 |             0 |     75501
[WARNING RSZ-0104] Net _012897_ only has one pin. Check if it is intended to be dangling.
[WARNING RSZ-0104] Net _012764_ only has one pin. Check if it is intended to be dangling.
[WARNING RSZ-0104] Net _012664_ only has one pin. Check if it is intended to be dangling.
[WARNING RSZ-0104] Net _012578_ only has one pin. Check if it is intended to be dangling.
[WARNING RSZ-0104] Net _012420_ only has one pin. Check if it is intended to be dangling.
[WARNING RSZ-0104] Net _012393_ only has one pin. Check if it is intended to be dangling.
[WARNING RSZ-0104] Net _012331_ only has one pin. Check if it is intended to be dangling.
[WARNING RSZ-0104] Net _012314_ only has one pin. Check if it is intended to be dangling.
[WARNING RSZ-0104] Net _012291_ only has one pin. Check if it is intended to be dangling.
[WARNING RSZ-0104] Net _012204_ only has one pin. Check if it is intended to be dangling.
[WARNING RSZ-0104] Net _012124_ only has one pin. Check if it is intended to be dangling.
[WARNING RSZ-0104] Net _012108_ only has one pin. Check if it is intended to be dangling.
[WARNING RSZ-0104] Net _012022_ only has one pin. Check if it is intended to be dangling.
[WARNING RSZ-0104] Net _012016_ only has one pin. Check if it is intended to be dangling.
[WARNING RSZ-0104] Net _012006_ only has one pin. Check if it is intended to be dangling.
[WARNING RSZ-0104] Net _011990_ only has one pin. Check if it is intended to be dangling.
[WARNING RSZ-0104] Net _011898_ only has one pin. Check if it is intended to be dangling.
[WARNING RSZ-0104] Net _011856_ only has one pin. Check if it is intended to be dangling.
[WARNING RSZ-0104] Net _011848_ only has one pin. Check if it is intended to be dangling.
[WARNING RSZ-0104] Net _011746_ only has one pin. Check if it is intended to be dangling.
[WARNING RSZ-0104] Net _011672_ only has one pin. Check if it is intended to be dangling.
[WARNING RSZ-0104] Net _011380_ only has one pin. Check if it is intended to be dangling.
[WARNING RSZ-0104] Net _011344_ only has one pin. Check if it is intended to be dangling.
[WARNING RSZ-0104] Net _011338_ only has one pin. Check if it is intended to be dangling.
[WARNING RSZ-0104] Net _011320_ only has one pin. Check if it is intended to be dangling.
[WARNING RSZ-0104] Net _011272_ only has one pin. Check if it is intended to be dangling.
[WARNING RSZ-0104] Net _011266_ only has one pin. Check if it is intended to be dangling.
    51000 |     +0.0% |       0 |       0 |             0 |     74501
    52000 |     +0.0% |       0 |       0 |             0 |     73501
    53000 |     +0.0% |       0 |       0 |             0 |     72501
[WARNING RSZ-0104] Net _012851_ only has one pin. Check if it is intended to be dangling.
[WARNING RSZ-0104] Net _012835_ only has one pin. Check if it is intended to be dangling.
[WARNING RSZ-0104] Net _012829_ only has one pin. Check if it is intended to be dangling.
[WARNING RSZ-0104] Net _012793_ only has one pin. Check if it is intended to be dangling.
[WARNING RSZ-0104] Net _012709_ only has one pin. Check if it is intended to be dangling.
[WARNING RSZ-0104] Net _012668_ only has one pin. Check if it is intended to be dangling.
[WARNING RSZ-0104] Net _012590_ only has one pin. Check if it is intended to be dangling.
[WARNING RSZ-0104] Net _012566_ only has one pin. Check if it is intended to be dangling.
[WARNING RSZ-0104] Net _012539_ only has one pin. Check if it is intended to be dangling.
[WARNING RSZ-0104] Net _012474_ only has one pin. Check if it is intended to be dangling.
[WARNING RSZ-0104] Net _012403_ only has one pin. Check if it is intended to be dangling.
[WARNING RSZ-0104] Net _012373_ only has one pin. Check if it is intended to be dangling.
[WARNING RSZ-0104] Net _012367_ only has one pin. Check if it is intended to be dangling.
[WARNING RSZ-0104] Net _012349_ only has one pin. Check if it is intended to be dangling.
[WARNING RSZ-0104] Net _012323_ only has one pin. Check if it is intended to be dangling.
[WARNING RSZ-0104] Net _012298_ only has one pin. Check if it is intended to be dangling.
[WARNING RSZ-0104] Net _012295_ only has one pin. Check if it is intended to be dangling.
[WARNING RSZ-0104] Net _012287_ only has one pin. Check if it is intended to be dangling.
[WARNING RSZ-0104] Net _012283_ only has one pin. Check if it is intended to be dangling.
[WARNING RSZ-0104] Net _012279_ only has one pin. Check if it is intended to be dangling.
[WARNING RSZ-0104] Net _012273_ only has one pin. Check if it is intended to be dangling.
[WARNING RSZ-0104] Net _012270_ only has one pin. Check if it is intended to be dangling.
[WARNING RSZ-0104] Net _012254_ only has one pin. Check if it is intended to be dangling.
[WARNING RSZ-0104] Net _012186_ only has one pin. Check if it is intended to be dangling.
[WARNING RSZ-0104] Net _012168_ only has one pin. Check if it is intended to be dangling.
[WARNING RSZ-0104] Net _012154_ only has one pin. Check if it is intended to be dangling.
[WARNING RSZ-0104] Net _012148_ only has one pin. Check if it is intended to be dangling.
[WARNING RSZ-0104] Net _012132_ only has one pin. Check if it is intended to be dangling.
[WARNING RSZ-0104] Net _012102_ only has one pin. Check if it is intended to be dangling.
[WARNING RSZ-0104] Net _012086_ only has one pin. Check if it is intended to be dangling.
[WARNING RSZ-0104] Net _012082_ only has one pin. Check if it is intended to be dangling.
[WARNING RSZ-0104] Net _011974_ only has one pin. Check if it is intended to be dangling.
[WARNING RSZ-0104] Net _011962_ only has one pin. Check if it is intended to be dangling.
[WARNING RSZ-0104] Net _011948_ only has one pin. Check if it is intended to be dangling.
[WARNING RSZ-0104] Net _011944_ only has one pin. Check if it is intended to be dangling.
[WARNING RSZ-0104] Net _011906_ only has one pin. Check if it is intended to be dangling.
[WARNING RSZ-0104] Net _011860_ only has one pin. Check if it is intended to be dangling.
[WARNING RSZ-0104] Net _011852_ only has one pin. Check if it is intended to be dangling.
[WARNING RSZ-0104] Net _011844_ only has one pin. Check if it is intended to be dangling.
[WARNING RSZ-0104] Net _011832_ only has one pin. Check if it is intended to be dangling.
[WARNING RSZ-0104] Net _011824_ only has one pin. Check if it is intended to be dangling.
[WARNING RSZ-0104] Net _011802_ only has one pin. Check if it is intended to be dangling.
[WARNING RSZ-0104] Net _011782_ only has one pin. Check if it is intended to be dangling.
[WARNING RSZ-0104] Net _011728_ only has one pin. Check if it is intended to be dangling.
[WARNING RSZ-0104] Net _011588_ only has one pin. Check if it is intended to be dangling.
[WARNING RSZ-0104] Net _011442_ only has one pin. Check if it is intended to be dangling.
[WARNING RSZ-0104] Net _011436_ only has one pin. Check if it is intended to be dangling.
[WARNING RSZ-0104] Net _011406_ only has one pin. Check if it is intended to be dangling.
[WARNING RSZ-0104] Net _011392_ only has one pin. Check if it is intended to be dangling.
[WARNING RSZ-0104] Net _011388_ only has one pin. Check if it is intended to be dangling.
[WARNING RSZ-0104] Net _011364_ only has one pin. Check if it is intended to be dangling.
[WARNING RSZ-0104] Net _011302_ only has one pin. Check if it is intended to be dangling.
[WARNING RSZ-0104] Net _011276_ only has one pin. Check if it is intended to be dangling.
[WARNING RSZ-0104] Net _011250_ only has one pin. Check if it is intended to be dangling.
[WARNING RSZ-0104] Net _011243_ only has one pin. Check if it is intended to be dangling.
[WARNING RSZ-0104] Net _011237_ only has one pin. Check if it is intended to be dangling.
[WARNING RSZ-0104] Net _011225_ only has one pin. Check if it is intended to be dangling.
[WARNING RSZ-0104] Net _011201_ only has one pin. Check if it is intended to be dangling.
    54000 |     +0.0% |       0 |       0 |             0 |     71501
    55000 |     +0.0% |       0 |       0 |             0 |     70501
    56000 |     +0.0% |       0 |       0 |             0 |     69501
    57000 |     +0.0% |       0 |       0 |             0 |     68501
[WARNING RSZ-0104] Net _012849_ only has one pin. Check if it is intended to be dangling.
[WARNING RSZ-0104] Net _012839_ only has one pin. Check if it is intended to be dangling.
[WARNING RSZ-0104] Net _012833_ only has one pin. Check if it is intended to be dangling.
[WARNING RSZ-0104] Net _012791_ only has one pin. Check if it is intended to be dangling.
[WARNING RSZ-0104] Net _012763_ only has one pin. Check if it is intended to be dangling.
[WARNING RSZ-0104] Net _012594_ only has one pin. Check if it is intended to be dangling.
[WARNING RSZ-0104] Net _012588_ only has one pin. Check if it is intended to be dangling.
[WARNING RSZ-0104] Net _012572_ only has one pin. Check if it is intended to be dangling.
[WARNING RSZ-0104] Net _012537_ only has one pin. Check if it is intended to be dangling.
[WARNING RSZ-0104] Net _012527_ only has one pin. Check if it is intended to be dangling.
[WARNING RSZ-0104] Net _012472_ only has one pin. Check if it is intended to be dangling.
[WARNING RSZ-0104] Net _012379_ only has one pin. Check if it is intended to be dangling.
[WARNING RSZ-0104] Net _012371_ only has one pin. Check if it is intended to be dangling.
[WARNING RSZ-0104] Net _012365_ only has one pin. Check if it is intended to be dangling.
[WARNING RSZ-0104] Net _012345_ only has one pin. Check if it is intended to be dangling.
[WARNING RSZ-0104] Net _012297_ only has one pin. Check if it is intended to be dangling.
[WARNING RSZ-0104] Net _012293_ only has one pin. Check if it is intended to be dangling.
[WARNING RSZ-0104] Net _012277_ only has one pin. Check if it is intended to be dangling.
[WARNING RSZ-0104] Net _012272_ only has one pin. Check if it is intended to be dangling.
[WARNING RSZ-0104] Net _012268_ only has one pin. Check if it is intended to be dangling.
[WARNING RSZ-0104] Net _012252_ only has one pin. Check if it is intended to be dangling.
[WARNING RSZ-0104] Net _012248_ only has one pin. Check if it is intended to be dangling.
[WARNING RSZ-0104] Net _012222_ only has one pin. Check if it is intended to be dangling.
[WARNING RSZ-0104] Net _012216_ only has one pin. Check if it is intended to be dangling.
[WARNING RSZ-0104] Net _012172_ only has one pin. Check if it is intended to be dangling.
[WARNING RSZ-0104] Net _012166_ only has one pin. Check if it is intended to be dangling.
[WARNING RSZ-0104] Net _012152_ only has one pin. Check if it is intended to be dangling.
[WARNING RSZ-0104] Net _012136_ only has one pin. Check if it is intended to be dangling.
[WARNING RSZ-0104] Net _012100_ only has one pin. Check if it is intended to be dangling.
[WARNING RSZ-0104] Net _012080_ only has one pin. Check if it is intended to be dangling.
[WARNING RSZ-0104] Net _011972_ only has one pin. Check if it is intended to be dangling.
[WARNING RSZ-0104] Net _011966_ only has one pin. Check if it is intended to be dangling.
[WARNING RSZ-0104] Net _011942_ only has one pin. Check if it is intended to be dangling.
[WARNING RSZ-0104] Net _011926_ only has one pin. Check if it is intended to be dangling.
[WARNING RSZ-0104] Net _011904_ only has one pin. Check if it is intended to be dangling.
[WARNING RSZ-0104] Net _011886_ only has one pin. Check if it is intended to be dangling.
[WARNING RSZ-0104] Net _011864_ only has one pin. Check if it is intended to be dangling.
[WARNING RSZ-0104] Net _011842_ only has one pin. Check if it is intended to be dangling.
[WARNING RSZ-0104] Net _011830_ only has one pin. Check if it is intended to be dangling.
[WARNING RSZ-0104] Net _011800_ only has one pin. Check if it is intended to be dangling.
[WARNING RSZ-0104] Net _011586_ only has one pin. Check if it is intended to be dangling.
[WARNING RSZ-0104] Net _011440_ only has one pin. Check if it is intended to be dangling.
[WARNING RSZ-0104] Net _011434_ only has one pin. Check if it is intended to be dangling.
[WARNING RSZ-0104] Net _011430_ only has one pin. Check if it is intended to be dangling.
[WARNING RSZ-0104] Net _011404_ only has one pin. Check if it is intended to be dangling.
[WARNING RSZ-0104] Net _011400_ only has one pin. Check if it is intended to be dangling.
[WARNING RSZ-0104] Net _011386_ only has one pin. Check if it is intended to be dangling.
[WARNING RSZ-0104] Net _011370_ only has one pin. Check if it is intended to be dangling.
[WARNING RSZ-0104] Net _011362_ only has one pin. Check if it is intended to be dangling.
[WARNING RSZ-0104] Net _011256_ only has one pin. Check if it is intended to be dangling.
[WARNING RSZ-0104] Net _011241_ only has one pin. Check if it is intended to be dangling.
[WARNING RSZ-0104] Net _011235_ only has one pin. Check if it is intended to be dangling.
[WARNING RSZ-0104] Net _011223_ only has one pin. Check if it is intended to be dangling.
[WARNING RSZ-0104] Net _011199_ only has one pin. Check if it is intended to be dangling.
    58000 |     +0.0% |       0 |       0 |             0 |     67501
    59000 |     +0.0% |       0 |       0 |             0 |     66501
[WARNING RSZ-0104] Net _011790_ only has one pin. Check if it is intended to be dangling.
    60000 |     +0.0% |       0 |       0 |             0 |     65501
[WARNING RSZ-0104] Net _012787_ only has one pin. Check if it is intended to be dangling.
[WARNING RSZ-0104] Net _012494_ only has one pin. Check if it is intended to be dangling.
[WARNING RSZ-0104] Net _012142_ only has one pin. Check if it is intended to be dangling.
[WARNING RSZ-0104] Net _011982_ only has one pin. Check if it is intended to be dangling.
[WARNING RSZ-0104] Net _011878_ only has one pin. Check if it is intended to be dangling.
[WARNING RSZ-0104] Net _011838_ only has one pin. Check if it is intended to be dangling.
    61000 |     +0.0% |       0 |       0 |             0 |     64501
    62000 |     +0.0% |       0 |       0 |             0 |     63501
    63000 |     +0.0% |       0 |       0 |             0 |     62501
[WARNING RSZ-0104] Net _011792_ only has one pin. Check if it is intended to be dangling.
[WARNING RSZ-0104] Net _011788_ only has one pin. Check if it is intended to be dangling.
[WARNING RSZ-0104] Net _012798_ only has one pin. Check if it is intended to be dangling.
[WARNING RSZ-0104] Net _011777_ only has one pin. Check if it is intended to be dangling.
[WARNING RSZ-0104] Net _011027_ only has one pin. Check if it is intended to be dangling.
[WARNING RSZ-0104] Net _011025_ only has one pin. Check if it is intended to be dangling.
    64000 |     +0.0% |       0 |       0 |             0 |     61501
    65000 |     +0.0% |       0 |       0 |             0 |     60501
    66000 |     +0.0% |       0 |       0 |             0 |     59501
    67000 |     +0.0% |       0 |       0 |             0 |     58501
    68000 |     +0.0% |       0 |       0 |             0 |     57501
    69000 |     +0.0% |       0 |       0 |             0 |     56501
    70000 |     +0.0% |       0 |       0 |             0 |     55501
    71000 |     +0.0% |       0 |       0 |             0 |     54501
[WARNING RSZ-0104] Net _011572_ only has one pin. Check if it is intended to be dangling.
[WARNING RSZ-0104] Net _011568_ only has one pin. Check if it is intended to be dangling.
    72000 |     +0.0% |       0 |       0 |             0 |     53501
[WARNING RSZ-0104] Net _011564_ only has one pin. Check if it is intended to be dangling.
[WARNING RSZ-0104] Net _011560_ only has one pin. Check if it is intended to be dangling.
[WARNING RSZ-0104] Net _011556_ only has one pin. Check if it is intended to be dangling.
[WARNING RSZ-0104] Net _011552_ only has one pin. Check if it is intended to be dangling.
[WARNING RSZ-0104] Net _011524_ only has one pin. Check if it is intended to be dangling.
[WARNING RSZ-0104] Net _011512_ only has one pin. Check if it is intended to be dangling.
[WARNING RSZ-0104] Net _011472_ only has one pin. Check if it is intended to be dangling.
    73000 |     +0.0% |       0 |       0 |             0 |     52501
    74000 |     +0.0% |       0 |       0 |             0 |     51501
    75000 |     +0.0% |       0 |       0 |             0 |     50501
    76000 |     +0.0% |       0 |       0 |             0 |     49501
[WARNING RSZ-0104] Net _011548_ only has one pin. Check if it is intended to be dangling.
[WARNING RSZ-0104] Net _011544_ only has one pin. Check if it is intended to be dangling.
[WARNING RSZ-0104] Net _011532_ only has one pin. Check if it is intended to be dangling.
[WARNING RSZ-0104] Net _011528_ only has one pin. Check if it is intended to be dangling.
[WARNING RSZ-0104] Net _011516_ only has one pin. Check if it is intended to be dangling.
[WARNING RSZ-0104] Net _011508_ only has one pin. Check if it is intended to be dangling.
[WARNING RSZ-0104] Net _011504_ only has one pin. Check if it is intended to be dangling.
[WARNING RSZ-0104] Net _011500_ only has one pin. Check if it is intended to be dangling.
[WARNING RSZ-0104] Net _011496_ only has one pin. Check if it is intended to be dangling.
[WARNING RSZ-0104] Net _011492_ only has one pin. Check if it is intended to be dangling.
[WARNING RSZ-0104] Net _011488_ only has one pin. Check if it is intended to be dangling.
[WARNING RSZ-0104] Net _011484_ only has one pin. Check if it is intended to be dangling.
    77000 |     +0.0% |       0 |       0 |             0 |     48501
    78000 |     +0.0% |       0 |       0 |             0 |     47501
    79000 |     +0.0% |       0 |       0 |             0 |     46501
    80000 |     +0.0% |       0 |       0 |             0 |     45501
    81000 |     +0.0% |       0 |       0 |             0 |     44501
[WARNING RSZ-0104] Net _012993_ only has one pin. Check if it is intended to be dangling.
[WARNING RSZ-0104] Net _012989_ only has one pin. Check if it is intended to be dangling.
[WARNING RSZ-0104] Net _012875_ only has one pin. Check if it is intended to be dangling.
[WARNING RSZ-0104] Net _011580_ only has one pin. Check if it is intended to be dangling.
[WARNING RSZ-0104] Net _011576_ only has one pin. Check if it is intended to be dangling.
[WARNING RSZ-0104] Net _011540_ only has one pin. Check if it is intended to be dangling.
[WARNING RSZ-0104] Net _011536_ only has one pin. Check if it is intended to be dangling.
[WARNING RSZ-0104] Net _011520_ only has one pin. Check if it is intended to be dangling.
[WARNING RSZ-0104] Net _011480_ only has one pin. Check if it is intended to be dangling.
[WARNING RSZ-0104] Net _011476_ only has one pin. Check if it is intended to be dangling.
[WARNING RSZ-0104] Net _011468_ only has one pin. Check if it is intended to be dangling.
[WARNING RSZ-0104] Net _011464_ only has one pin. Check if it is intended to be dangling.
[WARNING RSZ-0104] Net _011460_ only has one pin. Check if it is intended to be dangling.
    82000 |     +0.0% |       0 |       0 |             0 |     43501
    83000 |     +0.0% |       0 |       0 |             0 |     42501
    84000 |     +0.0% |       0 |       0 |             0 |     41501
    85000 |     +0.0% |       0 |       0 |             0 |     40501
[WARNING RSZ-0104] Net _012991_ only has one pin. Check if it is intended to be dangling.
    86000 |     +0.0% |       0 |       0 |             0 |     39501
    87000 |     +0.0% |       0 |       0 |             0 |     38501
    88000 |     +0.0% |       0 |       0 |             0 |     37501
    89000 |     +0.0% |       0 |       0 |             0 |     36501
    90000 |     +0.0% |       0 |       0 |             0 |     35501
[WARNING RSZ-0104] Net _010875_ only has one pin. Check if it is intended to be dangling.
[WARNING RSZ-0104] Net _013033_ only has one pin. Check if it is intended to be dangling.
[WARNING RSZ-0104] Net _013017_ only has one pin. Check if it is intended to be dangling.
[WARNING RSZ-0104] Net _013015_ only has one pin. Check if it is intended to be dangling.
[WARNING RSZ-0104] Net _013013_ only has one pin. Check if it is intended to be dangling.
[WARNING RSZ-0104] Net _012869_ only has one pin. Check if it is intended to be dangling.
[WARNING RSZ-0104] Net _012747_ only has one pin. Check if it is intended to be dangling.
[WARNING RSZ-0104] Net _011820_ only has one pin. Check if it is intended to be dangling.
    91000 |     +0.0% |       0 |       0 |             0 |     34501
    92000 |     +0.0% |       0 |       0 |             0 |     33501
    93000 |     +0.0% |       0 |       0 |             0 |     32501
    94000 |     +0.0% |       0 |       0 |             0 |     31501
[WARNING RSZ-0104] Net _012952_ only has one pin. Check if it is intended to be dangling.
[WARNING RSZ-0104] Net _012951_ only has one pin. Check if it is intended to be dangling.
[WARNING RSZ-0104] Net _012949_ only has one pin. Check if it is intended to be dangling.
[WARNING RSZ-0104] Net _012947_ only has one pin. Check if it is intended to be dangling.
[WARNING RSZ-0104] Net _012945_ only has one pin. Check if it is intended to be dangling.
[WARNING RSZ-0104] Net _012745_ only has one pin. Check if it is intended to be dangling.
[WARNING RSZ-0104] Net _012743_ only has one pin. Check if it is intended to be dangling.
[WARNING RSZ-0104] Net _012739_ only has one pin. Check if it is intended to be dangling.
[WARNING RSZ-0104] Net _012453_ only has one pin. Check if it is intended to be dangling.
[WARNING RSZ-0104] Net _010984_ only has one pin. Check if it is intended to be dangling.
    95000 |     +0.0% |       0 |       0 |             0 |     30501
    96000 |     +0.0% |       0 |       0 |             0 |     29501
[WARNING RSZ-0104] Net _011817_ only has one pin. Check if it is intended to be dangling.
    97000 |     +0.0% |       0 |       0 |             0 |     28501
[WARNING RSZ-0104] Net _013047_ only has one pin. Check if it is intended to be dangling.
[WARNING RSZ-0104] Net _013045_ only has one pin. Check if it is intended to be dangling.
[WARNING RSZ-0104] Net _013043_ only has one pin. Check if it is intended to be dangling.
[WARNING RSZ-0104] Net _013025_ only has one pin. Check if it is intended to be dangling.
[WARNING RSZ-0104] Net _013001_ only has one pin. Check if it is intended to be dangling.
[WARNING RSZ-0104] Net _012965_ only has one pin. Check if it is intended to be dangling.
[WARNING RSZ-0104] Net _012941_ only has one pin. Check if it is intended to be dangling.
[WARNING RSZ-0104] Net _012927_ only has one pin. Check if it is intended to be dangling.
[WARNING RSZ-0104] Net _012923_ only has one pin. Check if it is intended to be dangling.
[WARNING RSZ-0104] Net _012917_ only has one pin. Check if it is intended to be dangling.
[WARNING RSZ-0104] Net _012907_ only has one pin. Check if it is intended to be dangling.
[WARNING RSZ-0104] Net _012860_ only has one pin. Check if it is intended to be dangling.
[WARNING RSZ-0104] Net _012813_ only has one pin. Check if it is intended to be dangling.
[WARNING RSZ-0104] Net _012781_ only has one pin. Check if it is intended to be dangling.
[WARNING RSZ-0104] Net _012779_ only has one pin. Check if it is intended to be dangling.
[WARNING RSZ-0104] Net _012777_ only has one pin. Check if it is intended to be dangling.
[WARNING RSZ-0104] Net _012741_ only has one pin. Check if it is intended to be dangling.
[WARNING RSZ-0104] Net _012737_ only has one pin. Check if it is intended to be dangling.
[WARNING RSZ-0104] Net _012731_ only has one pin. Check if it is intended to be dangling.
[WARNING RSZ-0104] Net _012729_ only has one pin. Check if it is intended to be dangling.
[WARNING RSZ-0104] Net _012727_ only has one pin. Check if it is intended to be dangling.
[WARNING RSZ-0104] Net _012722_ only has one pin. Check if it is intended to be dangling.
[WARNING RSZ-0104] Net _012720_ only has one pin. Check if it is intended to be dangling.
[WARNING RSZ-0104] Net _012718_ only has one pin. Check if it is intended to be dangling.
[WARNING RSZ-0104] Net _012694_ only has one pin. Check if it is intended to be dangling.
[WARNING RSZ-0104] Net _012560_ only has one pin. Check if it is intended to be dangling.
[WARNING RSZ-0104] Net _012556_ only has one pin. Check if it is intended to be dangling.
[WARNING RSZ-0104] Net _012552_ only has one pin. Check if it is intended to be dangling.
[WARNING RSZ-0104] Net _012523_ only has one pin. Check if it is intended to be dangling.
[WARNING RSZ-0104] Net _012514_ only has one pin. Check if it is intended to be dangling.
[WARNING RSZ-0104] Net _012486_ only has one pin. Check if it is intended to be dangling.
[WARNING RSZ-0104] Net _012484_ only has one pin. Check if it is intended to be dangling.
[WARNING RSZ-0104] Net _012482_ only has one pin. Check if it is intended to be dangling.
[WARNING RSZ-0104] Net _012408_ only has one pin. Check if it is intended to be dangling.
[WARNING RSZ-0104] Net _012266_ only has one pin. Check if it is intended to be dangling.
[WARNING RSZ-0104] Net _012076_ only has one pin. Check if it is intended to be dangling.
[WARNING RSZ-0104] Net _012074_ only has one pin. Check if it is intended to be dangling.
[WARNING RSZ-0104] Net _012072_ only has one pin. Check if it is intended to be dangling.
[WARNING RSZ-0104] Net _011772_ only has one pin. Check if it is intended to be dangling.
[WARNING RSZ-0104] Net _011767_ only has one pin. Check if it is intended to be dangling.
[WARNING RSZ-0104] Net _011765_ only has one pin. Check if it is intended to be dangling.
[WARNING RSZ-0104] Net _011763_ only has one pin. Check if it is intended to be dangling.
[WARNING RSZ-0104] Net _011682_ only has one pin. Check if it is intended to be dangling.
[WARNING RSZ-0104] Net _011645_ only has one pin. Check if it is intended to be dangling.
[WARNING RSZ-0104] Net _011416_ only has one pin. Check if it is intended to be dangling.
[WARNING RSZ-0104] Net _011414_ only has one pin. Check if it is intended to be dangling.
[WARNING RSZ-0104] Net _011412_ only has one pin. Check if it is intended to be dangling.
[WARNING RSZ-0104] Net _011246_ only has one pin. Check if it is intended to be dangling.
[WARNING RSZ-0104] Net _011211_ only has one pin. Check if it is intended to be dangling.
[WARNING RSZ-0104] Net _011209_ only has one pin. Check if it is intended to be dangling.
[WARNING RSZ-0104] Net _011207_ only has one pin. Check if it is intended to be dangling.
[WARNING RSZ-0104] Net _011195_ only has one pin. Check if it is intended to be dangling.
[WARNING RSZ-0104] Net _011193_ only has one pin. Check if it is intended to be dangling.
[WARNING RSZ-0104] Net _011191_ only has one pin. Check if it is intended to be dangling.
[WARNING RSZ-0104] Net _011185_ only has one pin. Check if it is intended to be dangling.
[WARNING RSZ-0104] Net _011183_ only has one pin. Check if it is intended to be dangling.
[WARNING RSZ-0104] Net _011181_ only has one pin. Check if it is intended to be dangling.
[WARNING RSZ-0104] Net _011175_ only has one pin. Check if it is intended to be dangling.
[WARNING RSZ-0104] Net _011173_ only has one pin. Check if it is intended to be dangling.
[WARNING RSZ-0104] Net _011171_ only has one pin. Check if it is intended to be dangling.
[WARNING RSZ-0104] Net _011163_ only has one pin. Check if it is intended to be dangling.
[WARNING RSZ-0104] Net _011161_ only has one pin. Check if it is intended to be dangling.
[WARNING RSZ-0104] Net _011159_ only has one pin. Check if it is intended to be dangling.
[WARNING RSZ-0104] Net _011153_ only has one pin. Check if it is intended to be dangling.
[WARNING RSZ-0104] Net _011151_ only has one pin. Check if it is intended to be dangling.
[WARNING RSZ-0104] Net _011149_ only has one pin. Check if it is intended to be dangling.
[WARNING RSZ-0104] Net _011115_ only has one pin. Check if it is intended to be dangling.
[WARNING RSZ-0104] Net _011084_ only has one pin. Check if it is intended to be dangling.
[WARNING RSZ-0104] Net _011020_ only has one pin. Check if it is intended to be dangling.
[WARNING RSZ-0104] Net _010911_ only has one pin. Check if it is intended to be dangling.
[WARNING RSZ-0104] Net _010909_ only has one pin. Check if it is intended to be dangling.
[WARNING RSZ-0104] Net _010907_ only has one pin. Check if it is intended to be dangling.
    98000 |     +0.0% |       0 |       0 |             0 |     27501
    99000 |     +0.0% |       0 |       0 |             0 |     26501
   100000 |     +0.0% |       0 |       0 |             0 |     25501
[WARNING RSZ-0104] Net _012541_ only has one pin. Check if it is intended to be dangling.
[WARNING RSZ-0104] Net _012059_ only has one pin. Check if it is intended to be dangling.
[WARNING RSZ-0104] Net _010880_ only has one pin. Check if it is intended to be dangling.
[WARNING RSZ-0104] Net _013023_ only has one pin. Check if it is intended to be dangling.
[WARNING RSZ-0104] Net _012070_ only has one pin. Check if it is intended to be dangling.
[WARNING RSZ-0104] Net _011680_ only has one pin. Check if it is intended to be dangling.
[WARNING RSZ-0104] Net _011410_ only has one pin. Check if it is intended to be dangling.
[WARNING RSZ-0104] Net _011205_ only has one pin. Check if it is intended to be dangling.
[WARNING RSZ-0104] Net _011189_ only has one pin. Check if it is intended to be dangling.
[WARNING RSZ-0104] Net _011179_ only has one pin. Check if it is intended to be dangling.
[WARNING RSZ-0104] Net _011169_ only has one pin. Check if it is intended to be dangling.
[WARNING RSZ-0104] Net _011157_ only has one pin. Check if it is intended to be dangling.
[WARNING RSZ-0104] Net _011147_ only has one pin. Check if it is intended to be dangling.
   101000 |     +0.0% |       0 |       0 |             0 |     24501
   102000 |     +0.0% |       0 |       0 |             0 |     23501
   103000 |     +0.0% |       0 |       0 |             0 |     22501
   104000 |     +0.0% |       0 |       0 |             0 |     21501
   105000 |     +0.0% |       0 |       0 |             0 |     20501
   106000 |     +0.0% |       0 |       0 |             0 |     19501
   107000 |     +0.0% |       0 |       0 |             0 |     18501
   108000 |     +0.0% |       0 |       0 |             0 |     17501
   109000 |     +0.0% |       0 |       0 |             0 |     16501
   110000 |     +0.0% |       0 |       0 |             0 |     15501
   111000 |     +0.0% |       0 |       0 |             0 |     14501
   112000 |     +0.0% |       0 |       0 |             0 |     13501
   113000 |     +0.0% |       0 |       0 |             0 |     12501
   114000 |     +0.0% |       0 |       0 |             0 |     11501
   115000 |     +0.0% |       0 |       0 |             0 |     10501
[WARNING RSZ-0104] Net gen_cache_hpd.i_cache_subsystem.i_cva6_icache.gen_sram\[1\].data_sram.gen_techno_cut.genblk1.rdata_user\[9\] only has one pin. Check if it is intended to be dangling.
[WARNING RSZ-0104] Net gen_cache_hpd.i_cache_subsystem.i_cva6_icache.gen_sram\[1\].data_sram.gen_techno_cut.genblk1.rdata_user\[99\] only has one pin. Check if it is intended to be dangling.
[WARNING RSZ-0104] Net gen_cache_hpd.i_cache_subsystem.i_cva6_icache.gen_sram\[1\].data_sram.gen_techno_cut.genblk1.rdata_user\[98\] only has one pin. Check if it is intended to be dangling.
[WARNING RSZ-0104] Net gen_cache_hpd.i_cache_subsystem.i_cva6_icache.gen_sram\[1\].data_sram.gen_techno_cut.genblk1.rdata_user\[97\] only has one pin. Check if it is intended to be dangling.
[WARNING RSZ-0104] Net gen_cache_hpd.i_cache_subsystem.i_cva6_icache.gen_sram\[1\].data_sram.gen_techno_cut.genblk1.rdata_user\[96\] only has one pin. Check if it is intended to be dangling.
[WARNING RSZ-0104] Net gen_cache_hpd.i_cache_subsystem.i_cva6_icache.gen_sram\[1\].data_sram.gen_techno_cut.genblk1.rdata_user\[95\] only has one pin. Check if it is intended to be dangling.
[WARNING RSZ-0104] Net gen_cache_hpd.i_cache_subsystem.i_cva6_icache.gen_sram\[1\].data_sram.gen_techno_cut.genblk1.rdata_user\[94\] only has one pin. Check if it is intended to be dangling.
[WARNING RSZ-0104] Net gen_cache_hpd.i_cache_subsystem.i_cva6_icache.gen_sram\[1\].data_sram.gen_techno_cut.genblk1.rdata_user\[93\] only has one pin. Check if it is intended to be dangling.
[WARNING RSZ-0104] Net gen_cache_hpd.i_cache_subsystem.i_cva6_icache.gen_sram\[1\].data_sram.gen_techno_cut.genblk1.rdata_user\[92\] only has one pin. Check if it is intended to be dangling.
[WARNING RSZ-0104] Net gen_cache_hpd.i_cache_subsystem.i_cva6_icache.gen_sram\[1\].data_sram.gen_techno_cut.genblk1.rdata_user\[91\] only has one pin. Check if it is intended to be dangling.
[WARNING RSZ-0104] Net gen_cache_hpd.i_cache_subsystem.i_cva6_icache.gen_sram\[1\].data_sram.gen_techno_cut.genblk1.rdata_user\[90\] only has one pin. Check if it is intended to be dangling.
[WARNING RSZ-0104] Net gen_cache_hpd.i_cache_subsystem.i_cva6_icache.gen_sram\[1\].data_sram.gen_techno_cut.genblk1.rdata_user\[8\] only has one pin. Check if it is intended to be dangling.
[WARNING RSZ-0104] Net gen_cache_hpd.i_cache_subsystem.i_cva6_icache.gen_sram\[1\].data_sram.gen_techno_cut.genblk1.rdata_user\[89\] only has one pin. Check if it is intended to be dangling.
[WARNING RSZ-0104] Net gen_cache_hpd.i_cache_subsystem.i_cva6_icache.gen_sram\[1\].data_sram.gen_techno_cut.genblk1.rdata_user\[88\] only has one pin. Check if it is intended to be dangling.
[WARNING RSZ-0104] Net gen_cache_hpd.i_cache_subsystem.i_cva6_icache.gen_sram\[1\].data_sram.gen_techno_cut.genblk1.rdata_user\[87\] only has one pin. Check if it is intended to be dangling.
[WARNING RSZ-0104] Net gen_cache_hpd.i_cache_subsystem.i_cva6_icache.gen_sram\[1\].data_sram.gen_techno_cut.genblk1.rdata_user\[86\] only has one pin. Check if it is intended to be dangling.
[WARNING RSZ-0104] Net gen_cache_hpd.i_cache_subsystem.i_cva6_icache.gen_sram\[1\].data_sram.gen_techno_cut.genblk1.rdata_user\[85\] only has one pin. Check if it is intended to be dangling.
[WARNING RSZ-0104] Net gen_cache_hpd.i_cache_subsystem.i_cva6_icache.gen_sram\[1\].data_sram.gen_techno_cut.genblk1.rdata_user\[84\] only has one pin. Check if it is intended to be dangling.
[WARNING RSZ-0104] Net gen_cache_hpd.i_cache_subsystem.i_cva6_icache.gen_sram\[1\].data_sram.gen_techno_cut.genblk1.rdata_user\[83\] only has one pin. Check if it is intended to be dangling.
[WARNING RSZ-0104] Net gen_cache_hpd.i_cache_subsystem.i_cva6_icache.gen_sram\[1\].data_sram.gen_techno_cut.genblk1.rdata_user\[82\] only has one pin. Check if it is intended to be dangling.
[WARNING RSZ-0104] Net gen_cache_hpd.i_cache_subsystem.i_cva6_icache.gen_sram\[1\].data_sram.gen_techno_cut.genblk1.rdata_user\[81\] only has one pin. Check if it is intended to be dangling.
[WARNING RSZ-0104] Net gen_cache_hpd.i_cache_subsystem.i_cva6_icache.gen_sram\[1\].data_sram.gen_techno_cut.genblk1.rdata_user\[80\] only has one pin. Check if it is intended to be dangling.
[WARNING RSZ-0104] Net gen_cache_hpd.i_cache_subsystem.i_cva6_icache.gen_sram\[1\].data_sram.gen_techno_cut.genblk1.rdata_user\[7\] only has one pin. Check if it is intended to be dangling.
[WARNING RSZ-0104] Net gen_cache_hpd.i_cache_subsystem.i_cva6_icache.gen_sram\[1\].data_sram.gen_techno_cut.genblk1.rdata_user\[79\] only has one pin. Check if it is intended to be dangling.
[WARNING RSZ-0104] Net gen_cache_hpd.i_cache_subsystem.i_cva6_icache.gen_sram\[1\].data_sram.gen_techno_cut.genblk1.rdata_user\[78\] only has one pin. Check if it is intended to be dangling.
[WARNING RSZ-0104] Net gen_cache_hpd.i_cache_subsystem.i_cva6_icache.gen_sram\[1\].data_sram.gen_techno_cut.genblk1.rdata_user\[77\] only has one pin. Check if it is intended to be dangling.
[WARNING RSZ-0104] Net gen_cache_hpd.i_cache_subsystem.i_cva6_icache.gen_sram\[1\].data_sram.gen_techno_cut.genblk1.rdata_user\[76\] only has one pin. Check if it is intended to be dangling.
[WARNING RSZ-0104] Net gen_cache_hpd.i_cache_subsystem.i_cva6_icache.gen_sram\[1\].data_sram.gen_techno_cut.genblk1.rdata_user\[75\] only has one pin. Check if it is intended to be dangling.
[WARNING RSZ-0104] Net gen_cache_hpd.i_cache_subsystem.i_cva6_icache.gen_sram\[1\].data_sram.gen_techno_cut.genblk1.rdata_user\[74\] only has one pin. Check if it is intended to be dangling.
[WARNING RSZ-0104] Net gen_cache_hpd.i_cache_subsystem.i_cva6_icache.gen_sram\[1\].data_sram.gen_techno_cut.genblk1.rdata_user\[73\] only has one pin. Check if it is intended to be dangling.
[WARNING RSZ-0104] Net gen_cache_hpd.i_cache_subsystem.i_cva6_icache.gen_sram\[1\].data_sram.gen_techno_cut.genblk1.rdata_user\[72\] only has one pin. Check if it is intended to be dangling.
[WARNING RSZ-0104] Net gen_cache_hpd.i_cache_subsystem.i_cva6_icache.gen_sram\[1\].data_sram.gen_techno_cut.genblk1.rdata_user\[71\] only has one pin. Check if it is intended to be dangling.
[WARNING RSZ-0104] Net gen_cache_hpd.i_cache_subsystem.i_cva6_icache.gen_sram\[1\].data_sram.gen_techno_cut.genblk1.rdata_user\[70\] only has one pin. Check if it is intended to be dangling.
[WARNING RSZ-0104] Net gen_cache_hpd.i_cache_subsystem.i_cva6_icache.gen_sram\[1\].data_sram.gen_techno_cut.genblk1.rdata_user\[6\] only has one pin. Check if it is intended to be dangling.
[WARNING RSZ-0104] Net gen_cache_hpd.i_cache_subsystem.i_cva6_icache.gen_sram\[1\].data_sram.gen_techno_cut.genblk1.rdata_user\[69\] only has one pin. Check if it is intended to be dangling.
[WARNING RSZ-0104] Net gen_cache_hpd.i_cache_subsystem.i_cva6_icache.gen_sram\[1\].data_sram.gen_techno_cut.genblk1.rdata_user\[68\] only has one pin. Check if it is intended to be dangling.
[WARNING RSZ-0104] Net gen_cache_hpd.i_cache_subsystem.i_cva6_icache.gen_sram\[1\].data_sram.gen_techno_cut.genblk1.rdata_user\[67\] only has one pin. Check if it is intended to be dangling.
[WARNING RSZ-0104] Net gen_cache_hpd.i_cache_subsystem.i_cva6_icache.gen_sram\[1\].data_sram.gen_techno_cut.genblk1.rdata_user\[66\] only has one pin. Check if it is intended to be dangling.
[WARNING RSZ-0104] Net gen_cache_hpd.i_cache_subsystem.i_cva6_icache.gen_sram\[1\].data_sram.gen_techno_cut.genblk1.rdata_user\[65\] only has one pin. Check if it is intended to be dangling.
[WARNING RSZ-0104] Net gen_cache_hpd.i_cache_subsystem.i_cva6_icache.gen_sram\[1\].data_sram.gen_techno_cut.genblk1.rdata_user\[64\] only has one pin. Check if it is intended to be dangling.
[WARNING RSZ-0104] Net gen_cache_hpd.i_cache_subsystem.i_cva6_icache.gen_sram\[1\].data_sram.gen_techno_cut.genblk1.rdata_user\[63\] only has one pin. Check if it is intended to be dangling.
[WARNING RSZ-0104] Net gen_cache_hpd.i_cache_subsystem.i_cva6_icache.gen_sram\[1\].data_sram.gen_techno_cut.genblk1.rdata_user\[62\] only has one pin. Check if it is intended to be dangling.
[WARNING RSZ-0104] Net gen_cache_hpd.i_cache_subsystem.i_cva6_icache.gen_sram\[1\].data_sram.gen_techno_cut.genblk1.rdata_user\[61\] only has one pin. Check if it is intended to be dangling.
[WARNING RSZ-0104] Net gen_cache_hpd.i_cache_subsystem.i_cva6_icache.gen_sram\[1\].data_sram.gen_techno_cut.genblk1.rdata_user\[60\] only has one pin. Check if it is intended to be dangling.
[WARNING RSZ-0104] Net gen_cache_hpd.i_cache_subsystem.i_cva6_icache.gen_sram\[1\].data_sram.gen_techno_cut.genblk1.rdata_user\[5\] only has one pin. Check if it is intended to be dangling.
[WARNING RSZ-0104] Net gen_cache_hpd.i_cache_subsystem.i_cva6_icache.gen_sram\[1\].data_sram.gen_techno_cut.genblk1.rdata_user\[59\] only has one pin. Check if it is intended to be dangling.
[WARNING RSZ-0104] Net gen_cache_hpd.i_cache_subsystem.i_cva6_icache.gen_sram\[1\].data_sram.gen_techno_cut.genblk1.rdata_user\[58\] only has one pin. Check if it is intended to be dangling.
[WARNING RSZ-0104] Net gen_cache_hpd.i_cache_subsystem.i_cva6_icache.gen_sram\[1\].data_sram.gen_techno_cut.genblk1.rdata_user\[57\] only has one pin. Check if it is intended to be dangling.
[WARNING RSZ-0104] Net gen_cache_hpd.i_cache_subsystem.i_cva6_icache.gen_sram\[1\].data_sram.gen_techno_cut.genblk1.rdata_user\[56\] only has one pin. Check if it is intended to be dangling.
[WARNING RSZ-0104] Net gen_cache_hpd.i_cache_subsystem.i_cva6_icache.gen_sram\[1\].data_sram.gen_techno_cut.genblk1.rdata_user\[55\] only has one pin. Check if it is intended to be dangling.
[WARNING RSZ-0104] Net gen_cache_hpd.i_cache_subsystem.i_cva6_icache.gen_sram\[1\].data_sram.gen_techno_cut.genblk1.rdata_user\[54\] only has one pin. Check if it is intended to be dangling.
[WARNING RSZ-0104] Net gen_cache_hpd.i_cache_subsystem.i_cva6_icache.gen_sram\[1\].data_sram.gen_techno_cut.genblk1.rdata_user\[53\] only has one pin. Check if it is intended to be dangling.
[WARNING RSZ-0104] Net gen_cache_hpd.i_cache_subsystem.i_cva6_icache.gen_sram\[1\].data_sram.gen_techno_cut.genblk1.rdata_user\[52\] only has one pin. Check if it is intended to be dangling.
[WARNING RSZ-0104] Net gen_cache_hpd.i_cache_subsystem.i_cva6_icache.gen_sram\[1\].data_sram.gen_techno_cut.genblk1.rdata_user\[51\] only has one pin. Check if it is intended to be dangling.
[WARNING RSZ-0104] Net gen_cache_hpd.i_cache_subsystem.i_cva6_icache.gen_sram\[1\].data_sram.gen_techno_cut.genblk1.rdata_user\[50\] only has one pin. Check if it is intended to be dangling.
[WARNING RSZ-0104] Net gen_cache_hpd.i_cache_subsystem.i_cva6_icache.gen_sram\[1\].data_sram.gen_techno_cut.genblk1.rdata_user\[4\] only has one pin. Check if it is intended to be dangling.
[WARNING RSZ-0104] Net gen_cache_hpd.i_cache_subsystem.i_cva6_icache.gen_sram\[1\].data_sram.gen_techno_cut.genblk1.rdata_user\[49\] only has one pin. Check if it is intended to be dangling.
[WARNING RSZ-0104] Net gen_cache_hpd.i_cache_subsystem.i_cva6_icache.gen_sram\[1\].data_sram.gen_techno_cut.genblk1.rdata_user\[48\] only has one pin. Check if it is intended to be dangling.
[WARNING RSZ-0104] Net gen_cache_hpd.i_cache_subsystem.i_cva6_icache.gen_sram\[1\].data_sram.gen_techno_cut.genblk1.rdata_user\[47\] only has one pin. Check if it is intended to be dangling.
[WARNING RSZ-0104] Net gen_cache_hpd.i_cache_subsystem.i_cva6_icache.gen_sram\[1\].data_sram.gen_techno_cut.genblk1.rdata_user\[46\] only has one pin. Check if it is intended to be dangling.
[WARNING RSZ-0104] Net gen_cache_hpd.i_cache_subsystem.i_cva6_icache.gen_sram\[1\].data_sram.gen_techno_cut.genblk1.rdata_user\[45\] only has one pin. Check if it is intended to be dangling.
[WARNING RSZ-0104] Net gen_cache_hpd.i_cache_subsystem.i_cva6_icache.gen_sram\[1\].data_sram.gen_techno_cut.genblk1.rdata_user\[44\] only has one pin. Check if it is intended to be dangling.
[WARNING RSZ-0104] Net gen_cache_hpd.i_cache_subsystem.i_cva6_icache.gen_sram\[1\].data_sram.gen_techno_cut.genblk1.rdata_user\[43\] only has one pin. Check if it is intended to be dangling.
[WARNING RSZ-0104] Net gen_cache_hpd.i_cache_subsystem.i_cva6_icache.gen_sram\[1\].data_sram.gen_techno_cut.genblk1.rdata_user\[42\] only has one pin. Check if it is intended to be dangling.
[WARNING RSZ-0104] Net gen_cache_hpd.i_cache_subsystem.i_cva6_icache.gen_sram\[1\].data_sram.gen_techno_cut.genblk1.rdata_user\[41\] only has one pin. Check if it is intended to be dangling.
[WARNING RSZ-0104] Net gen_cache_hpd.i_cache_subsystem.i_cva6_icache.gen_sram\[1\].data_sram.gen_techno_cut.genblk1.rdata_user\[40\] only has one pin. Check if it is intended to be dangling.
[WARNING RSZ-0104] Net gen_cache_hpd.i_cache_subsystem.i_cva6_icache.gen_sram\[1\].data_sram.gen_techno_cut.genblk1.rdata_user\[3\] only has one pin. Check if it is intended to be dangling.
[WARNING RSZ-0104] Net gen_cache_hpd.i_cache_subsystem.i_cva6_icache.gen_sram\[1\].data_sram.gen_techno_cut.genblk1.rdata_user\[39\] only has one pin. Check if it is intended to be dangling.
[WARNING RSZ-0104] Net gen_cache_hpd.i_cache_subsystem.i_cva6_icache.gen_sram\[1\].data_sram.gen_techno_cut.genblk1.rdata_user\[38\] only has one pin. Check if it is intended to be dangling.
[WARNING RSZ-0104] Net gen_cache_hpd.i_cache_subsystem.i_cva6_icache.gen_sram\[1\].data_sram.gen_techno_cut.genblk1.rdata_user\[37\] only has one pin. Check if it is intended to be dangling.
[WARNING RSZ-0104] Net gen_cache_hpd.i_cache_subsystem.i_cva6_icache.gen_sram\[1\].data_sram.gen_techno_cut.genblk1.rdata_user\[36\] only has one pin. Check if it is intended to be dangling.
[WARNING RSZ-0104] Net gen_cache_hpd.i_cache_subsystem.i_cva6_icache.gen_sram\[1\].data_sram.gen_techno_cut.genblk1.rdata_user\[35\] only has one pin. Check if it is intended to be dangling.
[WARNING RSZ-0104] Net gen_cache_hpd.i_cache_subsystem.i_cva6_icache.gen_sram\[1\].data_sram.gen_techno_cut.genblk1.rdata_user\[34\] only has one pin. Check if it is intended to be dangling.
[WARNING RSZ-0104] Net gen_cache_hpd.i_cache_subsystem.i_cva6_icache.gen_sram\[1\].data_sram.gen_techno_cut.genblk1.rdata_user\[33\] only has one pin. Check if it is intended to be dangling.
[WARNING RSZ-0104] Net gen_cache_hpd.i_cache_subsystem.i_cva6_icache.gen_sram\[1\].data_sram.gen_techno_cut.genblk1.rdata_user\[32\] only has one pin. Check if it is intended to be dangling.
[WARNING RSZ-0104] Net gen_cache_hpd.i_cache_subsystem.i_cva6_icache.gen_sram\[1\].data_sram.gen_techno_cut.genblk1.rdata_user\[31\] only has one pin. Check if it is intended to be dangling.
[WARNING RSZ-0104] Net gen_cache_hpd.i_cache_subsystem.i_cva6_icache.gen_sram\[1\].data_sram.gen_techno_cut.genblk1.rdata_user\[30\] only has one pin. Check if it is intended to be dangling.
[WARNING RSZ-0104] Net gen_cache_hpd.i_cache_subsystem.i_cva6_icache.gen_sram\[1\].data_sram.gen_techno_cut.genblk1.rdata_user\[2\] only has one pin. Check if it is intended to be dangling.
[WARNING RSZ-0104] Net gen_cache_hpd.i_cache_subsystem.i_cva6_icache.gen_sram\[1\].data_sram.gen_techno_cut.genblk1.rdata_user\[29\] only has one pin. Check if it is intended to be dangling.
[WARNING RSZ-0104] Net gen_cache_hpd.i_cache_subsystem.i_cva6_icache.gen_sram\[1\].data_sram.gen_techno_cut.genblk1.rdata_user\[28\] only has one pin. Check if it is intended to be dangling.
[WARNING RSZ-0104] Net gen_cache_hpd.i_cache_subsystem.i_cva6_icache.gen_sram\[1\].data_sram.gen_techno_cut.genblk1.rdata_user\[27\] only has one pin. Check if it is intended to be dangling.
[WARNING RSZ-0104] Net gen_cache_hpd.i_cache_subsystem.i_cva6_icache.gen_sram\[1\].data_sram.gen_techno_cut.genblk1.rdata_user\[26\] only has one pin. Check if it is intended to be dangling.
[WARNING RSZ-0104] Net gen_cache_hpd.i_cache_subsystem.i_cva6_icache.gen_sram\[1\].data_sram.gen_techno_cut.genblk1.rdata_user\[25\] only has one pin. Check if it is intended to be dangling.
[WARNING RSZ-0104] Net gen_cache_hpd.i_cache_subsystem.i_cva6_icache.gen_sram\[1\].data_sram.gen_techno_cut.genblk1.rdata_user\[24\] only has one pin. Check if it is intended to be dangling.
[WARNING RSZ-0104] Net gen_cache_hpd.i_cache_subsystem.i_cva6_icache.gen_sram\[1\].data_sram.gen_techno_cut.genblk1.rdata_user\[23\] only has one pin. Check if it is intended to be dangling.
[WARNING RSZ-0104] Net gen_cache_hpd.i_cache_subsystem.i_cva6_icache.gen_sram\[1\].data_sram.gen_techno_cut.genblk1.rdata_user\[22\] only has one pin. Check if it is intended to be dangling.
[WARNING RSZ-0104] Net gen_cache_hpd.i_cache_subsystem.i_cva6_icache.gen_sram\[1\].data_sram.gen_techno_cut.genblk1.rdata_user\[21\] only has one pin. Check if it is intended to be dangling.
[WARNING RSZ-0104] Net gen_cache_hpd.i_cache_subsystem.i_cva6_icache.gen_sram\[1\].data_sram.gen_techno_cut.genblk1.rdata_user\[20\] only has one pin. Check if it is intended to be dangling.
[WARNING RSZ-0104] Net gen_cache_hpd.i_cache_subsystem.i_cva6_icache.gen_sram\[1\].data_sram.gen_techno_cut.genblk1.rdata_user\[1\] only has one pin. Check if it is intended to be dangling.
[WARNING RSZ-0104] Net gen_cache_hpd.i_cache_subsystem.i_cva6_icache.gen_sram\[1\].data_sram.gen_techno_cut.genblk1.rdata_user\[19\] only has one pin. Check if it is intended to be dangling.
[WARNING RSZ-0104] Net gen_cache_hpd.i_cache_subsystem.i_cva6_icache.gen_sram\[1\].data_sram.gen_techno_cut.genblk1.rdata_user\[18\] only has one pin. Check if it is intended to be dangling.
[WARNING RSZ-0104] Net gen_cache_hpd.i_cache_subsystem.i_cva6_icache.gen_sram\[1\].data_sram.gen_techno_cut.genblk1.rdata_user\[17\] only has one pin. Check if it is intended to be dangling.
[WARNING RSZ-0104] Net gen_cache_hpd.i_cache_subsystem.i_cva6_icache.gen_sram\[1\].data_sram.gen_techno_cut.genblk1.rdata_user\[16\] only has one pin. Check if it is intended to be dangling.
[WARNING RSZ-0104] Net gen_cache_hpd.i_cache_subsystem.i_cva6_icache.gen_sram\[1\].data_sram.gen_techno_cut.genblk1.rdata_user\[15\] only has one pin. Check if it is intended to be dangling.
[WARNING RSZ-0104] Net gen_cache_hpd.i_cache_subsystem.i_cva6_icache.gen_sram\[1\].data_sram.gen_techno_cut.genblk1.rdata_user\[14\] only has one pin. Check if it is intended to be dangling.
[WARNING RSZ-0104] Net gen_cache_hpd.i_cache_subsystem.i_cva6_icache.gen_sram\[1\].data_sram.gen_techno_cut.genblk1.rdata_user\[13\] only has one pin. Check if it is intended to be dangling.
[WARNING RSZ-0104] Net gen_cache_hpd.i_cache_subsystem.i_cva6_icache.gen_sram\[1\].data_sram.gen_techno_cut.genblk1.rdata_user\[12\] only has one pin. Check if it is intended to be dangling.
[WARNING RSZ-0104] Net gen_cache_hpd.i_cache_subsystem.i_cva6_icache.gen_sram\[1\].data_sram.gen_techno_cut.genblk1.rdata_user\[127\] only has one pin. Check if it is intended to be dangling.
[WARNING RSZ-0104] Net gen_cache_hpd.i_cache_subsystem.i_cva6_icache.gen_sram\[1\].data_sram.gen_techno_cut.genblk1.rdata_user\[126\] only has one pin. Check if it is intended to be dangling.
[WARNING RSZ-0104] Net gen_cache_hpd.i_cache_subsystem.i_cva6_icache.gen_sram\[1\].data_sram.gen_techno_cut.genblk1.rdata_user\[125\] only has one pin. Check if it is intended to be dangling.
[WARNING RSZ-0104] Net gen_cache_hpd.i_cache_subsystem.i_cva6_icache.gen_sram\[1\].data_sram.gen_techno_cut.genblk1.rdata_user\[124\] only has one pin. Check if it is intended to be dangling.
[WARNING RSZ-0104] Net gen_cache_hpd.i_cache_subsystem.i_cva6_icache.gen_sram\[1\].data_sram.gen_techno_cut.genblk1.rdata_user\[123\] only has one pin. Check if it is intended to be dangling.
[WARNING RSZ-0104] Net gen_cache_hpd.i_cache_subsystem.i_cva6_icache.gen_sram\[1\].data_sram.gen_techno_cut.genblk1.rdata_user\[122\] only has one pin. Check if it is intended to be dangling.
[WARNING RSZ-0104] Net gen_cache_hpd.i_cache_subsystem.i_cva6_icache.gen_sram\[1\].data_sram.gen_techno_cut.genblk1.rdata_user\[121\] only has one pin. Check if it is intended to be dangling.
[WARNING RSZ-0104] Net gen_cache_hpd.i_cache_subsystem.i_cva6_icache.gen_sram\[1\].data_sram.gen_techno_cut.genblk1.rdata_user\[120\] only has one pin. Check if it is intended to be dangling.
[WARNING RSZ-0104] Net gen_cache_hpd.i_cache_subsystem.i_cva6_icache.gen_sram\[1\].data_sram.gen_techno_cut.genblk1.rdata_user\[11\] only has one pin. Check if it is intended to be dangling.
[WARNING RSZ-0104] Net gen_cache_hpd.i_cache_subsystem.i_cva6_icache.gen_sram\[1\].data_sram.gen_techno_cut.genblk1.rdata_user\[119\] only has one pin. Check if it is intended to be dangling.
[WARNING RSZ-0104] Net gen_cache_hpd.i_cache_subsystem.i_cva6_icache.gen_sram\[1\].data_sram.gen_techno_cut.genblk1.rdata_user\[118\] only has one pin. Check if it is intended to be dangling.
[WARNING RSZ-0104] Net gen_cache_hpd.i_cache_subsystem.i_cva6_icache.gen_sram\[1\].data_sram.gen_techno_cut.genblk1.rdata_user\[117\] only has one pin. Check if it is intended to be dangling.
[WARNING RSZ-0104] Net gen_cache_hpd.i_cache_subsystem.i_cva6_icache.gen_sram\[1\].data_sram.gen_techno_cut.genblk1.rdata_user\[116\] only has one pin. Check if it is intended to be dangling.
[WARNING RSZ-0104] Net gen_cache_hpd.i_cache_subsystem.i_cva6_icache.gen_sram\[1\].data_sram.gen_techno_cut.genblk1.rdata_user\[115\] only has one pin. Check if it is intended to be dangling.
[WARNING RSZ-0104] Net gen_cache_hpd.i_cache_subsystem.i_cva6_icache.gen_sram\[1\].data_sram.gen_techno_cut.genblk1.rdata_user\[114\] only has one pin. Check if it is intended to be dangling.
[WARNING RSZ-0104] Net gen_cache_hpd.i_cache_subsystem.i_cva6_icache.gen_sram\[1\].data_sram.gen_techno_cut.genblk1.rdata_user\[113\] only has one pin. Check if it is intended to be dangling.
[WARNING RSZ-0104] Net gen_cache_hpd.i_cache_subsystem.i_cva6_icache.gen_sram\[1\].data_sram.gen_techno_cut.genblk1.rdata_user\[112\] only has one pin. Check if it is intended to be dangling.
[WARNING RSZ-0104] Net gen_cache_hpd.i_cache_subsystem.i_cva6_icache.gen_sram\[1\].data_sram.gen_techno_cut.genblk1.rdata_user\[111\] only has one pin. Check if it is intended to be dangling.
[WARNING RSZ-0104] Net gen_cache_hpd.i_cache_subsystem.i_cva6_icache.gen_sram\[1\].data_sram.gen_techno_cut.genblk1.rdata_user\[110\] only has one pin. Check if it is intended to be dangling.
[WARNING RSZ-0104] Net gen_cache_hpd.i_cache_subsystem.i_cva6_icache.gen_sram\[1\].data_sram.gen_techno_cut.genblk1.rdata_user\[10\] only has one pin. Check if it is intended to be dangling.
[WARNING RSZ-0104] Net gen_cache_hpd.i_cache_subsystem.i_cva6_icache.gen_sram\[1\].data_sram.gen_techno_cut.genblk1.rdata_user\[109\] only has one pin. Check if it is intended to be dangling.
[WARNING RSZ-0104] Net gen_cache_hpd.i_cache_subsystem.i_cva6_icache.gen_sram\[1\].data_sram.gen_techno_cut.genblk1.rdata_user\[108\] only has one pin. Check if it is intended to be dangling.
[WARNING RSZ-0104] Net gen_cache_hpd.i_cache_subsystem.i_cva6_icache.gen_sram\[1\].data_sram.gen_techno_cut.genblk1.rdata_user\[107\] only has one pin. Check if it is intended to be dangling.
[WARNING RSZ-0104] Net gen_cache_hpd.i_cache_subsystem.i_cva6_icache.gen_sram\[1\].data_sram.gen_techno_cut.genblk1.rdata_user\[106\] only has one pin. Check if it is intended to be dangling.
[WARNING RSZ-0104] Net gen_cache_hpd.i_cache_subsystem.i_cva6_icache.gen_sram\[1\].data_sram.gen_techno_cut.genblk1.rdata_user\[105\] only has one pin. Check if it is intended to be dangling.
[WARNING RSZ-0104] Net gen_cache_hpd.i_cache_subsystem.i_cva6_icache.gen_sram\[1\].data_sram.gen_techno_cut.genblk1.rdata_user\[104\] only has one pin. Check if it is intended to be dangling.
[WARNING RSZ-0104] Net gen_cache_hpd.i_cache_subsystem.i_cva6_icache.gen_sram\[1\].data_sram.gen_techno_cut.genblk1.rdata_user\[103\] only has one pin. Check if it is intended to be dangling.
[WARNING RSZ-0104] Net gen_cache_hpd.i_cache_subsystem.i_cva6_icache.gen_sram\[1\].data_sram.gen_techno_cut.genblk1.rdata_user\[102\] only has one pin. Check if it is intended to be dangling.
[WARNING RSZ-0104] Net gen_cache_hpd.i_cache_subsystem.i_cva6_icache.gen_sram\[1\].data_sram.gen_techno_cut.genblk1.rdata_user\[101\] only has one pin. Check if it is intended to be dangling.
[WARNING RSZ-0104] Net gen_cache_hpd.i_cache_subsystem.i_cva6_icache.gen_sram\[1\].data_sram.gen_techno_cut.genblk1.rdata_user\[100\] only has one pin. Check if it is intended to be dangling.
[WARNING RSZ-0104] Net gen_cache_hpd.i_cache_subsystem.i_cva6_icache.gen_sram\[1\].data_sram.gen_techno_cut.genblk1.rdata_user\[0\] only has one pin. Check if it is intended to be dangling.
[WARNING RSZ-0104] Net gen_cache_hpd.i_cache_subsystem.i_cva6_icache.gen_sram\[0\].data_sram.gen_techno_cut.genblk1.rdata_user\[9\] only has one pin. Check if it is intended to be dangling.
[WARNING RSZ-0104] Net gen_cache_hpd.i_cache_subsystem.i_cva6_icache.gen_sram\[0\].data_sram.gen_techno_cut.genblk1.rdata_user\[99\] only has one pin. Check if it is intended to be dangling.
[WARNING RSZ-0104] Net gen_cache_hpd.i_cache_subsystem.i_cva6_icache.gen_sram\[0\].data_sram.gen_techno_cut.genblk1.rdata_user\[98\] only has one pin. Check if it is intended to be dangling.
[WARNING RSZ-0104] Net gen_cache_hpd.i_cache_subsystem.i_cva6_icache.gen_sram\[0\].data_sram.gen_techno_cut.genblk1.rdata_user\[97\] only has one pin. Check if it is intended to be dangling.
[WARNING RSZ-0104] Net gen_cache_hpd.i_cache_subsystem.i_cva6_icache.gen_sram\[0\].data_sram.gen_techno_cut.genblk1.rdata_user\[96\] only has one pin. Check if it is intended to be dangling.
[WARNING RSZ-0104] Net gen_cache_hpd.i_cache_subsystem.i_cva6_icache.gen_sram\[0\].data_sram.gen_techno_cut.genblk1.rdata_user\[95\] only has one pin. Check if it is intended to be dangling.
[WARNING RSZ-0104] Net gen_cache_hpd.i_cache_subsystem.i_cva6_icache.gen_sram\[0\].data_sram.gen_techno_cut.genblk1.rdata_user\[94\] only has one pin. Check if it is intended to be dangling.
[WARNING RSZ-0104] Net gen_cache_hpd.i_cache_subsystem.i_cva6_icache.gen_sram\[0\].data_sram.gen_techno_cut.genblk1.rdata_user\[93\] only has one pin. Check if it is intended to be dangling.
[WARNING RSZ-0104] Net gen_cache_hpd.i_cache_subsystem.i_cva6_icache.gen_sram\[0\].data_sram.gen_techno_cut.genblk1.rdata_user\[92\] only has one pin. Check if it is intended to be dangling.
[WARNING RSZ-0104] Net gen_cache_hpd.i_cache_subsystem.i_cva6_icache.gen_sram\[0\].data_sram.gen_techno_cut.genblk1.rdata_user\[91\] only has one pin. Check if it is intended to be dangling.
[WARNING RSZ-0104] Net gen_cache_hpd.i_cache_subsystem.i_cva6_icache.gen_sram\[0\].data_sram.gen_techno_cut.genblk1.rdata_user\[90\] only has one pin. Check if it is intended to be dangling.
[WARNING RSZ-0104] Net gen_cache_hpd.i_cache_subsystem.i_cva6_icache.gen_sram\[0\].data_sram.gen_techno_cut.genblk1.rdata_user\[8\] only has one pin. Check if it is intended to be dangling.
[WARNING RSZ-0104] Net gen_cache_hpd.i_cache_subsystem.i_cva6_icache.gen_sram\[0\].data_sram.gen_techno_cut.genblk1.rdata_user\[89\] only has one pin. Check if it is intended to be dangling.
[WARNING RSZ-0104] Net gen_cache_hpd.i_cache_subsystem.i_cva6_icache.gen_sram\[0\].data_sram.gen_techno_cut.genblk1.rdata_user\[88\] only has one pin. Check if it is intended to be dangling.
[WARNING RSZ-0104] Net gen_cache_hpd.i_cache_subsystem.i_cva6_icache.gen_sram\[0\].data_sram.gen_techno_cut.genblk1.rdata_user\[87\] only has one pin. Check if it is intended to be dangling.
[WARNING RSZ-0104] Net gen_cache_hpd.i_cache_subsystem.i_cva6_icache.gen_sram\[0\].data_sram.gen_techno_cut.genblk1.rdata_user\[86\] only has one pin. Check if it is intended to be dangling.
[WARNING RSZ-0104] Net gen_cache_hpd.i_cache_subsystem.i_cva6_icache.gen_sram\[0\].data_sram.gen_techno_cut.genblk1.rdata_user\[85\] only has one pin. Check if it is intended to be dangling.
[WARNING RSZ-0104] Net gen_cache_hpd.i_cache_subsystem.i_cva6_icache.gen_sram\[0\].data_sram.gen_techno_cut.genblk1.rdata_user\[84\] only has one pin. Check if it is intended to be dangling.
[WARNING RSZ-0104] Net gen_cache_hpd.i_cache_subsystem.i_cva6_icache.gen_sram\[0\].data_sram.gen_techno_cut.genblk1.rdata_user\[83\] only has one pin. Check if it is intended to be dangling.
[WARNING RSZ-0104] Net gen_cache_hpd.i_cache_subsystem.i_cva6_icache.gen_sram\[0\].data_sram.gen_techno_cut.genblk1.rdata_user\[82\] only has one pin. Check if it is intended to be dangling.
[WARNING RSZ-0104] Net gen_cache_hpd.i_cache_subsystem.i_cva6_icache.gen_sram\[0\].data_sram.gen_techno_cut.genblk1.rdata_user\[81\] only has one pin. Check if it is intended to be dangling.
[WARNING RSZ-0104] Net gen_cache_hpd.i_cache_subsystem.i_cva6_icache.gen_sram\[0\].data_sram.gen_techno_cut.genblk1.rdata_user\[80\] only has one pin. Check if it is intended to be dangling.
[WARNING RSZ-0104] Net gen_cache_hpd.i_cache_subsystem.i_cva6_icache.gen_sram\[0\].data_sram.gen_techno_cut.genblk1.rdata_user\[7\] only has one pin. Check if it is intended to be dangling.
[WARNING RSZ-0104] Net gen_cache_hpd.i_cache_subsystem.i_cva6_icache.gen_sram\[0\].data_sram.gen_techno_cut.genblk1.rdata_user\[79\] only has one pin. Check if it is intended to be dangling.
[WARNING RSZ-0104] Net gen_cache_hpd.i_cache_subsystem.i_cva6_icache.gen_sram\[0\].data_sram.gen_techno_cut.genblk1.rdata_user\[78\] only has one pin. Check if it is intended to be dangling.
[WARNING RSZ-0104] Net gen_cache_hpd.i_cache_subsystem.i_cva6_icache.gen_sram\[0\].data_sram.gen_techno_cut.genblk1.rdata_user\[77\] only has one pin. Check if it is intended to be dangling.
[WARNING RSZ-0104] Net gen_cache_hpd.i_cache_subsystem.i_cva6_icache.gen_sram\[0\].data_sram.gen_techno_cut.genblk1.rdata_user\[76\] only has one pin. Check if it is intended to be dangling.
[WARNING RSZ-0104] Net gen_cache_hpd.i_cache_subsystem.i_cva6_icache.gen_sram\[0\].data_sram.gen_techno_cut.genblk1.rdata_user\[75\] only has one pin. Check if it is intended to be dangling.
[WARNING RSZ-0104] Net gen_cache_hpd.i_cache_subsystem.i_cva6_icache.gen_sram\[0\].data_sram.gen_techno_cut.genblk1.rdata_user\[74\] only has one pin. Check if it is intended to be dangling.
[WARNING RSZ-0104] Net gen_cache_hpd.i_cache_subsystem.i_cva6_icache.gen_sram\[0\].data_sram.gen_techno_cut.genblk1.rdata_user\[73\] only has one pin. Check if it is intended to be dangling.
[WARNING RSZ-0104] Net gen_cache_hpd.i_cache_subsystem.i_cva6_icache.gen_sram\[0\].data_sram.gen_techno_cut.genblk1.rdata_user\[72\] only has one pin. Check if it is intended to be dangling.
[WARNING RSZ-0104] Net gen_cache_hpd.i_cache_subsystem.i_cva6_icache.gen_sram\[0\].data_sram.gen_techno_cut.genblk1.rdata_user\[71\] only has one pin. Check if it is intended to be dangling.
[WARNING RSZ-0104] Net gen_cache_hpd.i_cache_subsystem.i_cva6_icache.gen_sram\[0\].data_sram.gen_techno_cut.genblk1.rdata_user\[70\] only has one pin. Check if it is intended to be dangling.
[WARNING RSZ-0104] Net gen_cache_hpd.i_cache_subsystem.i_cva6_icache.gen_sram\[0\].data_sram.gen_techno_cut.genblk1.rdata_user\[6\] only has one pin. Check if it is intended to be dangling.
[WARNING RSZ-0104] Net gen_cache_hpd.i_cache_subsystem.i_cva6_icache.gen_sram\[0\].data_sram.gen_techno_cut.genblk1.rdata_user\[69\] only has one pin. Check if it is intended to be dangling.
[WARNING RSZ-0104] Net gen_cache_hpd.i_cache_subsystem.i_cva6_icache.gen_sram\[0\].data_sram.gen_techno_cut.genblk1.rdata_user\[68\] only has one pin. Check if it is intended to be dangling.
[WARNING RSZ-0104] Net gen_cache_hpd.i_cache_subsystem.i_cva6_icache.gen_sram\[0\].data_sram.gen_techno_cut.genblk1.rdata_user\[67\] only has one pin. Check if it is intended to be dangling.
[WARNING RSZ-0104] Net gen_cache_hpd.i_cache_subsystem.i_cva6_icache.gen_sram\[0\].data_sram.gen_techno_cut.genblk1.rdata_user\[66\] only has one pin. Check if it is intended to be dangling.
[WARNING RSZ-0104] Net gen_cache_hpd.i_cache_subsystem.i_cva6_icache.gen_sram\[0\].data_sram.gen_techno_cut.genblk1.rdata_user\[65\] only has one pin. Check if it is intended to be dangling.
[WARNING RSZ-0104] Net gen_cache_hpd.i_cache_subsystem.i_cva6_icache.gen_sram\[0\].data_sram.gen_techno_cut.genblk1.rdata_user\[64\] only has one pin. Check if it is intended to be dangling.
[WARNING RSZ-0104] Net gen_cache_hpd.i_cache_subsystem.i_cva6_icache.gen_sram\[0\].data_sram.gen_techno_cut.genblk1.rdata_user\[63\] only has one pin. Check if it is intended to be dangling.
[WARNING RSZ-0104] Net gen_cache_hpd.i_cache_subsystem.i_cva6_icache.gen_sram\[0\].data_sram.gen_techno_cut.genblk1.rdata_user\[62\] only has one pin. Check if it is intended to be dangling.
[WARNING RSZ-0104] Net gen_cache_hpd.i_cache_subsystem.i_cva6_icache.gen_sram\[0\].data_sram.gen_techno_cut.genblk1.rdata_user\[61\] only has one pin. Check if it is intended to be dangling.
[WARNING RSZ-0104] Net gen_cache_hpd.i_cache_subsystem.i_cva6_icache.gen_sram\[0\].data_sram.gen_techno_cut.genblk1.rdata_user\[60\] only has one pin. Check if it is intended to be dangling.
[WARNING RSZ-0104] Net gen_cache_hpd.i_cache_subsystem.i_cva6_icache.gen_sram\[0\].data_sram.gen_techno_cut.genblk1.rdata_user\[5\] only has one pin. Check if it is intended to be dangling.
[WARNING RSZ-0104] Net gen_cache_hpd.i_cache_subsystem.i_cva6_icache.gen_sram\[0\].data_sram.gen_techno_cut.genblk1.rdata_user\[59\] only has one pin. Check if it is intended to be dangling.
[WARNING RSZ-0104] Net gen_cache_hpd.i_cache_subsystem.i_cva6_icache.gen_sram\[0\].data_sram.gen_techno_cut.genblk1.rdata_user\[58\] only has one pin. Check if it is intended to be dangling.
[WARNING RSZ-0104] Net gen_cache_hpd.i_cache_subsystem.i_cva6_icache.gen_sram\[0\].data_sram.gen_techno_cut.genblk1.rdata_user\[57\] only has one pin. Check if it is intended to be dangling.
[WARNING RSZ-0104] Net gen_cache_hpd.i_cache_subsystem.i_cva6_icache.gen_sram\[0\].data_sram.gen_techno_cut.genblk1.rdata_user\[56\] only has one pin. Check if it is intended to be dangling.
[WARNING RSZ-0104] Net gen_cache_hpd.i_cache_subsystem.i_cva6_icache.gen_sram\[0\].data_sram.gen_techno_cut.genblk1.rdata_user\[55\] only has one pin. Check if it is intended to be dangling.
[WARNING RSZ-0104] Net gen_cache_hpd.i_cache_subsystem.i_cva6_icache.gen_sram\[0\].data_sram.gen_techno_cut.genblk1.rdata_user\[54\] only has one pin. Check if it is intended to be dangling.
[WARNING RSZ-0104] Net gen_cache_hpd.i_cache_subsystem.i_cva6_icache.gen_sram\[0\].data_sram.gen_techno_cut.genblk1.rdata_user\[53\] only has one pin. Check if it is intended to be dangling.
[WARNING RSZ-0104] Net gen_cache_hpd.i_cache_subsystem.i_cva6_icache.gen_sram\[0\].data_sram.gen_techno_cut.genblk1.rdata_user\[52\] only has one pin. Check if it is intended to be dangling.
[WARNING RSZ-0104] Net gen_cache_hpd.i_cache_subsystem.i_cva6_icache.gen_sram\[0\].data_sram.gen_techno_cut.genblk1.rdata_user\[51\] only has one pin. Check if it is intended to be dangling.
[WARNING RSZ-0104] Net gen_cache_hpd.i_cache_subsystem.i_cva6_icache.gen_sram\[0\].data_sram.gen_techno_cut.genblk1.rdata_user\[50\] only has one pin. Check if it is intended to be dangling.
[WARNING RSZ-0104] Net gen_cache_hpd.i_cache_subsystem.i_cva6_icache.gen_sram\[0\].data_sram.gen_techno_cut.genblk1.rdata_user\[4\] only has one pin. Check if it is intended to be dangling.
[WARNING RSZ-0104] Net gen_cache_hpd.i_cache_subsystem.i_cva6_icache.gen_sram\[0\].data_sram.gen_techno_cut.genblk1.rdata_user\[49\] only has one pin. Check if it is intended to be dangling.
[WARNING RSZ-0104] Net gen_cache_hpd.i_cache_subsystem.i_cva6_icache.gen_sram\[0\].data_sram.gen_techno_cut.genblk1.rdata_user\[48\] only has one pin. Check if it is intended to be dangling.
[WARNING RSZ-0104] Net gen_cache_hpd.i_cache_subsystem.i_cva6_icache.gen_sram\[0\].data_sram.gen_techno_cut.genblk1.rdata_user\[47\] only has one pin. Check if it is intended to be dangling.
[WARNING RSZ-0104] Net gen_cache_hpd.i_cache_subsystem.i_cva6_icache.gen_sram\[0\].data_sram.gen_techno_cut.genblk1.rdata_user\[46\] only has one pin. Check if it is intended to be dangling.
[WARNING RSZ-0104] Net gen_cache_hpd.i_cache_subsystem.i_cva6_icache.gen_sram\[0\].data_sram.gen_techno_cut.genblk1.rdata_user\[45\] only has one pin. Check if it is intended to be dangling.
[WARNING RSZ-0104] Net gen_cache_hpd.i_cache_subsystem.i_cva6_icache.gen_sram\[0\].data_sram.gen_techno_cut.genblk1.rdata_user\[44\] only has one pin. Check if it is intended to be dangling.
[WARNING RSZ-0104] Net gen_cache_hpd.i_cache_subsystem.i_cva6_icache.gen_sram\[0\].data_sram.gen_techno_cut.genblk1.rdata_user\[43\] only has one pin. Check if it is intended to be dangling.
[WARNING RSZ-0104] Net gen_cache_hpd.i_cache_subsystem.i_cva6_icache.gen_sram\[0\].data_sram.gen_techno_cut.genblk1.rdata_user\[42\] only has one pin. Check if it is intended to be dangling.
[WARNING RSZ-0104] Net gen_cache_hpd.i_cache_subsystem.i_cva6_icache.gen_sram\[0\].data_sram.gen_techno_cut.genblk1.rdata_user\[41\] only has one pin. Check if it is intended to be dangling.
[WARNING RSZ-0104] Net gen_cache_hpd.i_cache_subsystem.i_cva6_icache.gen_sram\[0\].data_sram.gen_techno_cut.genblk1.rdata_user\[40\] only has one pin. Check if it is intended to be dangling.
[WARNING RSZ-0104] Net gen_cache_hpd.i_cache_subsystem.i_cva6_icache.gen_sram\[0\].data_sram.gen_techno_cut.genblk1.rdata_user\[3\] only has one pin. Check if it is intended to be dangling.
[WARNING RSZ-0104] Net gen_cache_hpd.i_cache_subsystem.i_cva6_icache.gen_sram\[0\].data_sram.gen_techno_cut.genblk1.rdata_user\[39\] only has one pin. Check if it is intended to be dangling.
[WARNING RSZ-0104] Net gen_cache_hpd.i_cache_subsystem.i_cva6_icache.gen_sram\[0\].data_sram.gen_techno_cut.genblk1.rdata_user\[38\] only has one pin. Check if it is intended to be dangling.
[WARNING RSZ-0104] Net gen_cache_hpd.i_cache_subsystem.i_cva6_icache.gen_sram\[0\].data_sram.gen_techno_cut.genblk1.rdata_user\[37\] only has one pin. Check if it is intended to be dangling.
[WARNING RSZ-0104] Net gen_cache_hpd.i_cache_subsystem.i_cva6_icache.gen_sram\[0\].data_sram.gen_techno_cut.genblk1.rdata_user\[36\] only has one pin. Check if it is intended to be dangling.
[WARNING RSZ-0104] Net gen_cache_hpd.i_cache_subsystem.i_cva6_icache.gen_sram\[0\].data_sram.gen_techno_cut.genblk1.rdata_user\[35\] only has one pin. Check if it is intended to be dangling.
[WARNING RSZ-0104] Net gen_cache_hpd.i_cache_subsystem.i_cva6_icache.gen_sram\[0\].data_sram.gen_techno_cut.genblk1.rdata_user\[34\] only has one pin. Check if it is intended to be dangling.
[WARNING RSZ-0104] Net gen_cache_hpd.i_cache_subsystem.i_cva6_icache.gen_sram\[0\].data_sram.gen_techno_cut.genblk1.rdata_user\[33\] only has one pin. Check if it is intended to be dangling.
[WARNING RSZ-0104] Net gen_cache_hpd.i_cache_subsystem.i_cva6_icache.gen_sram\[0\].data_sram.gen_techno_cut.genblk1.rdata_user\[32\] only has one pin. Check if it is intended to be dangling.
[WARNING RSZ-0104] Net gen_cache_hpd.i_cache_subsystem.i_cva6_icache.gen_sram\[0\].data_sram.gen_techno_cut.genblk1.rdata_user\[31\] only has one pin. Check if it is intended to be dangling.
[WARNING RSZ-0104] Net gen_cache_hpd.i_cache_subsystem.i_cva6_icache.gen_sram\[0\].data_sram.gen_techno_cut.genblk1.rdata_user\[30\] only has one pin. Check if it is intended to be dangling.
[WARNING RSZ-0104] Net gen_cache_hpd.i_cache_subsystem.i_cva6_icache.gen_sram\[0\].data_sram.gen_techno_cut.genblk1.rdata_user\[2\] only has one pin. Check if it is intended to be dangling.
[WARNING RSZ-0104] Net gen_cache_hpd.i_cache_subsystem.i_cva6_icache.gen_sram\[0\].data_sram.gen_techno_cut.genblk1.rdata_user\[29\] only has one pin. Check if it is intended to be dangling.
[WARNING RSZ-0104] Net gen_cache_hpd.i_cache_subsystem.i_cva6_icache.gen_sram\[0\].data_sram.gen_techno_cut.genblk1.rdata_user\[28\] only has one pin. Check if it is intended to be dangling.
[WARNING RSZ-0104] Net gen_cache_hpd.i_cache_subsystem.i_cva6_icache.gen_sram\[0\].data_sram.gen_techno_cut.genblk1.rdata_user\[27\] only has one pin. Check if it is intended to be dangling.
[WARNING RSZ-0104] Net gen_cache_hpd.i_cache_subsystem.i_cva6_icache.gen_sram\[0\].data_sram.gen_techno_cut.genblk1.rdata_user\[26\] only has one pin. Check if it is intended to be dangling.
[WARNING RSZ-0104] Net gen_cache_hpd.i_cache_subsystem.i_cva6_icache.gen_sram\[0\].data_sram.gen_techno_cut.genblk1.rdata_user\[25\] only has one pin. Check if it is intended to be dangling.
[WARNING RSZ-0104] Net gen_cache_hpd.i_cache_subsystem.i_cva6_icache.gen_sram\[0\].data_sram.gen_techno_cut.genblk1.rdata_user\[24\] only has one pin. Check if it is intended to be dangling.
[WARNING RSZ-0104] Net gen_cache_hpd.i_cache_subsystem.i_cva6_icache.gen_sram\[0\].data_sram.gen_techno_cut.genblk1.rdata_user\[23\] only has one pin. Check if it is intended to be dangling.
[WARNING RSZ-0104] Net gen_cache_hpd.i_cache_subsystem.i_cva6_icache.gen_sram\[0\].data_sram.gen_techno_cut.genblk1.rdata_user\[22\] only has one pin. Check if it is intended to be dangling.
[WARNING RSZ-0104] Net gen_cache_hpd.i_cache_subsystem.i_cva6_icache.gen_sram\[0\].data_sram.gen_techno_cut.genblk1.rdata_user\[21\] only has one pin. Check if it is intended to be dangling.
[WARNING RSZ-0104] Net gen_cache_hpd.i_cache_subsystem.i_cva6_icache.gen_sram\[0\].data_sram.gen_techno_cut.genblk1.rdata_user\[20\] only has one pin. Check if it is intended to be dangling.
[WARNING RSZ-0104] Net gen_cache_hpd.i_cache_subsystem.i_cva6_icache.gen_sram\[0\].data_sram.gen_techno_cut.genblk1.rdata_user\[1\] only has one pin. Check if it is intended to be dangling.
[WARNING RSZ-0104] Net gen_cache_hpd.i_cache_subsystem.i_cva6_icache.gen_sram\[0\].data_sram.gen_techno_cut.genblk1.rdata_user\[19\] only has one pin. Check if it is intended to be dangling.
[WARNING RSZ-0104] Net gen_cache_hpd.i_cache_subsystem.i_cva6_icache.gen_sram\[0\].data_sram.gen_techno_cut.genblk1.rdata_user\[18\] only has one pin. Check if it is intended to be dangling.
[WARNING RSZ-0104] Net gen_cache_hpd.i_cache_subsystem.i_cva6_icache.gen_sram\[0\].data_sram.gen_techno_cut.genblk1.rdata_user\[17\] only has one pin. Check if it is intended to be dangling.
[WARNING RSZ-0104] Net gen_cache_hpd.i_cache_subsystem.i_cva6_icache.gen_sram\[0\].data_sram.gen_techno_cut.genblk1.rdata_user\[16\] only has one pin. Check if it is intended to be dangling.
[WARNING RSZ-0104] Net gen_cache_hpd.i_cache_subsystem.i_cva6_icache.gen_sram\[0\].data_sram.gen_techno_cut.genblk1.rdata_user\[15\] only has one pin. Check if it is intended to be dangling.
[WARNING RSZ-0104] Net gen_cache_hpd.i_cache_subsystem.i_cva6_icache.gen_sram\[0\].data_sram.gen_techno_cut.genblk1.rdata_user\[14\] only has one pin. Check if it is intended to be dangling.
[WARNING RSZ-0104] Net gen_cache_hpd.i_cache_subsystem.i_cva6_icache.gen_sram\[0\].data_sram.gen_techno_cut.genblk1.rdata_user\[13\] only has one pin. Check if it is intended to be dangling.
[WARNING RSZ-0104] Net gen_cache_hpd.i_cache_subsystem.i_cva6_icache.gen_sram\[0\].data_sram.gen_techno_cut.genblk1.rdata_user\[12\] only has one pin. Check if it is intended to be dangling.
[WARNING RSZ-0104] Net gen_cache_hpd.i_cache_subsystem.i_cva6_icache.gen_sram\[0\].data_sram.gen_techno_cut.genblk1.rdata_user\[127\] only has one pin. Check if it is intended to be dangling.
[WARNING RSZ-0104] Net gen_cache_hpd.i_cache_subsystem.i_cva6_icache.gen_sram\[0\].data_sram.gen_techno_cut.genblk1.rdata_user\[126\] only has one pin. Check if it is intended to be dangling.
[WARNING RSZ-0104] Net gen_cache_hpd.i_cache_subsystem.i_cva6_icache.gen_sram\[0\].data_sram.gen_techno_cut.genblk1.rdata_user\[125\] only has one pin. Check if it is intended to be dangling.
[WARNING RSZ-0104] Net gen_cache_hpd.i_cache_subsystem.i_cva6_icache.gen_sram\[0\].data_sram.gen_techno_cut.genblk1.rdata_user\[124\] only has one pin. Check if it is intended to be dangling.
[WARNING RSZ-0104] Net gen_cache_hpd.i_cache_subsystem.i_cva6_icache.gen_sram\[0\].data_sram.gen_techno_cut.genblk1.rdata_user\[123\] only has one pin. Check if it is intended to be dangling.
[WARNING RSZ-0104] Net gen_cache_hpd.i_cache_subsystem.i_cva6_icache.gen_sram\[0\].data_sram.gen_techno_cut.genblk1.rdata_user\[122\] only has one pin. Check if it is intended to be dangling.
[WARNING RSZ-0104] Net gen_cache_hpd.i_cache_subsystem.i_cva6_icache.gen_sram\[0\].data_sram.gen_techno_cut.genblk1.rdata_user\[121\] only has one pin. Check if it is intended to be dangling.
[WARNING RSZ-0104] Net gen_cache_hpd.i_cache_subsystem.i_cva6_icache.gen_sram\[0\].data_sram.gen_techno_cut.genblk1.rdata_user\[120\] only has one pin. Check if it is intended to be dangling.
[WARNING RSZ-0104] Net gen_cache_hpd.i_cache_subsystem.i_cva6_icache.gen_sram\[0\].data_sram.gen_techno_cut.genblk1.rdata_user\[11\] only has one pin. Check if it is intended to be dangling.
[WARNING RSZ-0104] Net gen_cache_hpd.i_cache_subsystem.i_cva6_icache.gen_sram\[0\].data_sram.gen_techno_cut.genblk1.rdata_user\[119\] only has one pin. Check if it is intended to be dangling.
[WARNING RSZ-0104] Net gen_cache_hpd.i_cache_subsystem.i_cva6_icache.gen_sram\[0\].data_sram.gen_techno_cut.genblk1.rdata_user\[118\] only has one pin. Check if it is intended to be dangling.
[WARNING RSZ-0104] Net gen_cache_hpd.i_cache_subsystem.i_cva6_icache.gen_sram\[0\].data_sram.gen_techno_cut.genblk1.rdata_user\[117\] only has one pin. Check if it is intended to be dangling.
[WARNING RSZ-0104] Net gen_cache_hpd.i_cache_subsystem.i_cva6_icache.gen_sram\[0\].data_sram.gen_techno_cut.genblk1.rdata_user\[116\] only has one pin. Check if it is intended to be dangling.
[WARNING RSZ-0104] Net gen_cache_hpd.i_cache_subsystem.i_cva6_icache.gen_sram\[0\].data_sram.gen_techno_cut.genblk1.rdata_user\[115\] only has one pin. Check if it is intended to be dangling.
[WARNING RSZ-0104] Net gen_cache_hpd.i_cache_subsystem.i_cva6_icache.gen_sram\[0\].data_sram.gen_techno_cut.genblk1.rdata_user\[114\] only has one pin. Check if it is intended to be dangling.
[WARNING RSZ-0104] Net gen_cache_hpd.i_cache_subsystem.i_cva6_icache.gen_sram\[0\].data_sram.gen_techno_cut.genblk1.rdata_user\[113\] only has one pin. Check if it is intended to be dangling.
[WARNING RSZ-0104] Net gen_cache_hpd.i_cache_subsystem.i_cva6_icache.gen_sram\[0\].data_sram.gen_techno_cut.genblk1.rdata_user\[112\] only has one pin. Check if it is intended to be dangling.
[WARNING RSZ-0104] Net gen_cache_hpd.i_cache_subsystem.i_cva6_icache.gen_sram\[0\].data_sram.gen_techno_cut.genblk1.rdata_user\[111\] only has one pin. Check if it is intended to be dangling.
[WARNING RSZ-0104] Net gen_cache_hpd.i_cache_subsystem.i_cva6_icache.gen_sram\[0\].data_sram.gen_techno_cut.genblk1.rdata_user\[110\] only has one pin. Check if it is intended to be dangling.
[WARNING RSZ-0104] Net gen_cache_hpd.i_cache_subsystem.i_cva6_icache.gen_sram\[0\].data_sram.gen_techno_cut.genblk1.rdata_user\[10\] only has one pin. Check if it is intended to be dangling.
[WARNING RSZ-0104] Net gen_cache_hpd.i_cache_subsystem.i_cva6_icache.gen_sram\[0\].data_sram.gen_techno_cut.genblk1.rdata_user\[109\] only has one pin. Check if it is intended to be dangling.
[WARNING RSZ-0104] Net gen_cache_hpd.i_cache_subsystem.i_cva6_icache.gen_sram\[0\].data_sram.gen_techno_cut.genblk1.rdata_user\[108\] only has one pin. Check if it is intended to be dangling.
[WARNING RSZ-0104] Net gen_cache_hpd.i_cache_subsystem.i_cva6_icache.gen_sram\[0\].data_sram.gen_techno_cut.genblk1.rdata_user\[107\] only has one pin. Check if it is intended to be dangling.
[WARNING RSZ-0104] Net gen_cache_hpd.i_cache_subsystem.i_cva6_icache.gen_sram\[0\].data_sram.gen_techno_cut.genblk1.rdata_user\[106\] only has one pin. Check if it is intended to be dangling.
[WARNING RSZ-0104] Net gen_cache_hpd.i_cache_subsystem.i_cva6_icache.gen_sram\[0\].data_sram.gen_techno_cut.genblk1.rdata_user\[105\] only has one pin. Check if it is intended to be dangling.
[WARNING RSZ-0104] Net gen_cache_hpd.i_cache_subsystem.i_cva6_icache.gen_sram\[0\].data_sram.gen_techno_cut.genblk1.rdata_user\[104\] only has one pin. Check if it is intended to be dangling.
[WARNING RSZ-0104] Net gen_cache_hpd.i_cache_subsystem.i_cva6_icache.gen_sram\[0\].data_sram.gen_techno_cut.genblk1.rdata_user\[103\] only has one pin. Check if it is intended to be dangling.
[WARNING RSZ-0104] Net gen_cache_hpd.i_cache_subsystem.i_cva6_icache.gen_sram\[0\].data_sram.gen_techno_cut.genblk1.rdata_user\[102\] only has one pin. Check if it is intended to be dangling.
[WARNING RSZ-0104] Net gen_cache_hpd.i_cache_subsystem.i_cva6_icache.gen_sram\[0\].data_sram.gen_techno_cut.genblk1.rdata_user\[101\] only has one pin. Check if it is intended to be dangling.
[WARNING RSZ-0104] Net gen_cache_hpd.i_cache_subsystem.i_cva6_icache.gen_sram\[0\].data_sram.gen_techno_cut.genblk1.rdata_user\[100\] only has one pin. Check if it is intended to be dangling.
[WARNING RSZ-0104] Net gen_cache_hpd.i_cache_subsystem.i_cva6_icache.gen_sram\[0\].data_sram.gen_techno_cut.genblk1.rdata_user\[0\] only has one pin. Check if it is intended to be dangling.
   116000 |     +0.0% |       0 |       0 |             0 |      9501
   117000 |     +0.0% |       0 |       0 |             0 |      8501
   118000 |     +0.0% |       0 |       0 |             0 |      7501
   119000 |     +0.0% |       0 |       0 |             0 |      6501
   120000 |     +0.0% |       0 |       0 |             0 |      5501
   121000 |     +0.0% |       0 |       0 |             0 |      4501
   122000 |     +0.0% |       0 |       0 |             0 |      3501
   123000 |     +0.0% |       0 |       0 |             0 |      2501
   124000 |     +0.0% |       0 |       0 |             0 |      1501
   125000 |     +0.0% |       0 |       0 |             0 |       501
[WARNING RSZ-0104] Net noc_resp_i[9] only has one pin. Check if it is intended to be dangling.
[WARNING RSZ-0104] Net noc_resp_i[8] only has one pin. Check if it is intended to be dangling.
[WARNING RSZ-0104] Net noc_resp_i[7] only has one pin. Check if it is intended to be dangling.
[WARNING RSZ-0104] Net noc_resp_i[6] only has one pin. Check if it is intended to be dangling.
[WARNING RSZ-0104] Net noc_resp_i[5] only has one pin. Check if it is intended to be dangling.
[WARNING RSZ-0104] Net noc_resp_i[4] only has one pin. Check if it is intended to be dangling.
[WARNING RSZ-0104] Net noc_resp_i[3] only has one pin. Check if it is intended to be dangling.
[WARNING RSZ-0104] Net noc_resp_i[33] only has one pin. Check if it is intended to be dangling.
[WARNING RSZ-0104] Net noc_resp_i[31] only has one pin. Check if it is intended to be dangling.
[WARNING RSZ-0104] Net noc_resp_i[30] only has one pin. Check if it is intended to be dangling.
[WARNING RSZ-0104] Net noc_resp_i[2] only has one pin. Check if it is intended to be dangling.
[WARNING RSZ-0104] Net noc_resp_i[29] only has one pin. Check if it is intended to be dangling.
[WARNING RSZ-0104] Net noc_resp_i[28] only has one pin. Check if it is intended to be dangling.
[WARNING RSZ-0104] Net noc_resp_i[27] only has one pin. Check if it is intended to be dangling.
[WARNING RSZ-0104] Net noc_resp_i[26] only has one pin. Check if it is intended to be dangling.
[WARNING RSZ-0104] Net noc_resp_i[25] only has one pin. Check if it is intended to be dangling.
[WARNING RSZ-0104] Net noc_resp_i[24] only has one pin. Check if it is intended to be dangling.
[WARNING RSZ-0104] Net noc_resp_i[23] only has one pin. Check if it is intended to be dangling.
[WARNING RSZ-0104] Net noc_resp_i[22] only has one pin. Check if it is intended to be dangling.
[WARNING RSZ-0104] Net noc_resp_i[21] only has one pin. Check if it is intended to be dangling.
[WARNING RSZ-0104] Net noc_resp_i[20] only has one pin. Check if it is intended to be dangling.
[WARNING RSZ-0104] Net noc_resp_i[1] only has one pin. Check if it is intended to be dangling.
[WARNING RSZ-0104] Net noc_resp_i[19] only has one pin. Check if it is intended to be dangling.
[WARNING RSZ-0104] Net noc_resp_i[18] only has one pin. Check if it is intended to be dangling.
[WARNING RSZ-0104] Net noc_resp_i[17] only has one pin. Check if it is intended to be dangling.
[WARNING RSZ-0104] Net noc_resp_i[16] only has one pin. Check if it is intended to be dangling.
[WARNING RSZ-0104] Net noc_resp_i[15] only has one pin. Check if it is intended to be dangling.
[WARNING RSZ-0104] Net noc_resp_i[14] only has one pin. Check if it is intended to be dangling.
[WARNING RSZ-0104] Net noc_resp_i[13] only has one pin. Check if it is intended to be dangling.
[WARNING RSZ-0104] Net noc_resp_i[135] only has one pin. Check if it is intended to be dangling.
[WARNING RSZ-0104] Net noc_resp_i[134] only has one pin. Check if it is intended to be dangling.
[WARNING RSZ-0104] Net noc_resp_i[133] only has one pin. Check if it is intended to be dangling.
[WARNING RSZ-0104] Net noc_resp_i[132] only has one pin. Check if it is intended to be dangling.
[WARNING RSZ-0104] Net noc_resp_i[131] only has one pin. Check if it is intended to be dangling.
[WARNING RSZ-0104] Net noc_resp_i[130] only has one pin. Check if it is intended to be dangling.
[WARNING RSZ-0104] Net noc_resp_i[12] only has one pin. Check if it is intended to be dangling.
[WARNING RSZ-0104] Net noc_resp_i[129] only has one pin. Check if it is intended to be dangling.
[WARNING RSZ-0104] Net noc_resp_i[128] only has one pin. Check if it is intended to be dangling.
[WARNING RSZ-0104] Net noc_resp_i[127] only has one pin. Check if it is intended to be dangling.
[WARNING RSZ-0104] Net noc_resp_i[126] only has one pin. Check if it is intended to be dangling.
[WARNING RSZ-0104] Net noc_resp_i[125] only has one pin. Check if it is intended to be dangling.
[WARNING RSZ-0104] Net noc_resp_i[124] only has one pin. Check if it is intended to be dangling.
[WARNING RSZ-0104] Net noc_resp_i[123] only has one pin. Check if it is intended to be dangling.
[WARNING RSZ-0104] Net noc_resp_i[122] only has one pin. Check if it is intended to be dangling.
[WARNING RSZ-0104] Net noc_resp_i[121] only has one pin. Check if it is intended to be dangling.
[WARNING RSZ-0104] Net noc_resp_i[120] only has one pin. Check if it is intended to be dangling.
[WARNING RSZ-0104] Net noc_resp_i[11] only has one pin. Check if it is intended to be dangling.
[WARNING RSZ-0104] Net noc_resp_i[119] only has one pin. Check if it is intended to be dangling.
[WARNING RSZ-0104] Net noc_resp_i[118] only has one pin. Check if it is intended to be dangling.
[WARNING RSZ-0104] Net noc_resp_i[117] only has one pin. Check if it is intended to be dangling.
[WARNING RSZ-0104] Net noc_resp_i[116] only has one pin. Check if it is intended to be dangling.
[WARNING RSZ-0104] Net noc_resp_i[115] only has one pin. Check if it is intended to be dangling.
[WARNING RSZ-0104] Net noc_resp_i[114] only has one pin. Check if it is intended to be dangling.
[WARNING RSZ-0104] Net noc_resp_i[113] only has one pin. Check if it is intended to be dangling.
[WARNING RSZ-0104] Net noc_resp_i[112] only has one pin. Check if it is intended to be dangling.
[WARNING RSZ-0104] Net noc_resp_i[111] only has one pin. Check if it is intended to be dangling.
[WARNING RSZ-0104] Net noc_resp_i[110] only has one pin. Check if it is intended to be dangling.
[WARNING RSZ-0104] Net noc_resp_i[10] only has one pin. Check if it is intended to be dangling.
[WARNING RSZ-0104] Net noc_resp_i[109] only has one pin. Check if it is intended to be dangling.
[WARNING RSZ-0104] Net noc_resp_i[108] only has one pin. Check if it is intended to be dangling.
[WARNING RSZ-0104] Net noc_resp_i[107] only has one pin. Check if it is intended to be dangling.
[WARNING RSZ-0104] Net noc_resp_i[106] only has one pin. Check if it is intended to be dangling.
[WARNING RSZ-0104] Net noc_resp_i[105] only has one pin. Check if it is intended to be dangling.
[WARNING RSZ-0104] Net noc_resp_i[104] only has one pin. Check if it is intended to be dangling.
[WARNING RSZ-0104] Net noc_resp_i[0] only has one pin. Check if it is intended to be dangling.
[WARNING RSZ-0104] Net ipi_i only has one pin. Check if it is intended to be dangling.
[WARNING RSZ-0104] Net debug_req_i only has one pin. Check if it is intended to be dangling.
[WARNING RSZ-0104] Net cvxif_resp_i[74] only has one pin. Check if it is intended to be dangling.
[WARNING RSZ-0104] Net cvxif_resp_i[72] only has one pin. Check if it is intended to be dangling.
[WARNING RSZ-0104] Net cvxif_resp_i[71] only has one pin. Check if it is intended to be dangling.
[WARNING RSZ-0104] Net cvxif_resp_i[70] only has one pin. Check if it is intended to be dangling.
[WARNING RSZ-0104] Net cvxif_resp_i[69] only has one pin. Check if it is intended to be dangling.
[WARNING RSZ-0104] Net cvxif_resp_i[68] only has one pin. Check if it is intended to be dangling.
[WARNING RSZ-0104] Net cvxif_resp_i[67] only has one pin. Check if it is intended to be dangling.
[WARNING RSZ-0104] Net cvxif_resp_i[66] only has one pin. Check if it is intended to be dangling.
[WARNING RSZ-0104] Net cvxif_resp_i[65] only has one pin. Check if it is intended to be dangling.
[WARNING RSZ-0104] Net cvxif_resp_i[64] only has one pin. Check if it is intended to be dangling.
[WARNING RSZ-0104] Net cvxif_resp_i[63] only has one pin. Check if it is intended to be dangling.
[WARNING RSZ-0104] Net cvxif_resp_i[62] only has one pin. Check if it is intended to be dangling.
[WARNING RSZ-0104] Net cvxif_resp_i[61] only has one pin. Check if it is intended to be dangling.
[WARNING RSZ-0104] Net cvxif_resp_i[60] only has one pin. Check if it is intended to be dangling.
[WARNING RSZ-0104] Net cvxif_resp_i[59] only has one pin. Check if it is intended to be dangling.
[WARNING RSZ-0104] Net cvxif_resp_i[58] only has one pin. Check if it is intended to be dangling.
[WARNING RSZ-0104] Net cvxif_resp_i[57] only has one pin. Check if it is intended to be dangling.
[WARNING RSZ-0104] Net cvxif_resp_i[56] only has one pin. Check if it is intended to be dangling.
[WARNING RSZ-0104] Net cvxif_resp_i[55] only has one pin. Check if it is intended to be dangling.
[WARNING RSZ-0104] Net cvxif_resp_i[54] only has one pin. Check if it is intended to be dangling.
[WARNING RSZ-0104] Net cvxif_resp_i[53] only has one pin. Check if it is intended to be dangling.
[WARNING RSZ-0104] Net cvxif_resp_i[52] only has one pin. Check if it is intended to be dangling.
[WARNING RSZ-0104] Net cvxif_resp_i[51] only has one pin. Check if it is intended to be dangling.
[WARNING RSZ-0104] Net cvxif_resp_i[50] only has one pin. Check if it is intended to be dangling.
[WARNING RSZ-0104] Net cvxif_resp_i[49] only has one pin. Check if it is intended to be dangling.
[WARNING RSZ-0104] Net cvxif_resp_i[48] only has one pin. Check if it is intended to be dangling.
[WARNING RSZ-0104] Net cvxif_resp_i[47] only has one pin. Check if it is intended to be dangling.
[WARNING RSZ-0104] Net cvxif_resp_i[46] only has one pin. Check if it is intended to be dangling.
[WARNING RSZ-0104] Net cvxif_resp_i[45] only has one pin. Check if it is intended to be dangling.
[WARNING RSZ-0104] Net cvxif_resp_i[44] only has one pin. Check if it is intended to be dangling.
[WARNING RSZ-0104] Net cvxif_resp_i[43] only has one pin. Check if it is intended to be dangling.
[WARNING RSZ-0104] Net cvxif_resp_i[42] only has one pin. Check if it is intended to be dangling.
[WARNING RSZ-0104] Net cvxif_resp_i[41] only has one pin. Check if it is intended to be dangling.
    final |     +0.0% |       0 |       0 |             0 |         0
---------------------------------------------------------------------
[INFO RSZ-0504] Runtime: 11.02s
Took 11 seconds: repair_design -verbose
global_route -start_incremental
detailed_placement
[INFO DPL-0006] Core area: 23238.54 um^2
[INFO DPL-0007] Movable instances area: 14066.08 um^2
[INFO DPL-0008] Fixed instances area within core: 4242.82 um^2
[INFO DPL-0009] Utilization: 78.8%
[INFO DPL-0005] Diamond search max displacement: +/- 500 sites horizontally, +/- 100 rows vertically.
[INFO DPL-1102] Legalizing using negotiation legalizer.
[INFO DPL-1103] Negotiation base search window: +/-20 sites horizontally, +/-5 rows vertically 
	Automatic search window extension enabled.
	Search window extendable up to the max displacement cap of +/-500 sites, +/-100 rows near walls.
[INFO DPL-1104] NegotiationLegalizer DRC penalty: 5.
[INFO DPL-0392] Negotiation cell height distribution (4 unique row-count(s)):
[INFO DPL-0393]   height 1 row(s): 122520 cells
[INFO DPL-0393]   height 23 row(s): 4 cells
[INFO DPL-0393]   height 80 row(s): 2 cells
[INFO DPL-0393]   height 174 row(s): 2 cells
[INFO DPL-0500] Runtime: 0.78s
Placement Analysis
---------------------------------
total displacement          0.0 u
average displacement        0.0 u
max displacement            0.0 u
original HPWL          536172.0 u
legalized HPWL         536172.0 u
delta HPWL                    0 %

global_route -end_incremental -resistance_aware -congestion_report_file /tmp/workspace/scripts-Private_test-fr_cugr_cmp-1-/reports/asap7/cva6/base/congestion_post_repair_design.rpt
Repair setup and hold violations...
estimate_parasitics -global_routing
repair_timing -setup_margin 0 -hold_margin 0 -repair_tns 100 -verbose
[INFO RSZ-0100] Repair move sequence: UnbufferMove VtSwapMove SizeUpMove SwapPinsMove BufferMove CloneMove SplitLoadMove 
[INFO RSZ-0094] Found 50 endpoints with setup violations.
[INFO RSZ-0099] Repairing 50 out of 50 (100.00%) violating endpoints...
   Iter   | Removed | Resized | Inserted | Cloned |  Pin  |   Area   |    WNS   |   StTNS    |   EnTNS    |  Viol  |  Worst  
          | Buffers |  Gates  | Buffers  |  Gates | Swaps |          |          |            |            | Endpts | St/EnPt 
------------------------------------------------------------------------------------------------------------------------------
       0* |       0 |       0 |        0 |      0 |     0 |    +0.0% |  -34.572 |     -331.3 |    -1099.5 |     50 | issue_stage_i.i_scoreboard.fwd_o\[1025\]$_DFF_PN0_/D
      10* |       0 |       7 |        0 |      0 |     2 |    +0.0% |  -25.531 |     -154.6 |     -809.0 |     50 | issue_stage_i.i_scoreboard.fwd_o\[753\]$_DFF_PN0_/D
      20* |       0 |      13 |        2 |      0 |     4 |    +0.0% |  -20.549 |     -115.5 |     -627.0 |     50 | issue_stage_i.i_scoreboard.fwd_o\[1836\]$_DFF_PN0_/D
      30* |       0 |      20 |        2 |      0 |     7 |    +0.0% |  -14.331 |      -73.2 |     -329.7 |     50 | issue_stage_i.i_scoreboard.fwd_o\[1839\]$_DFF_PN0_/D
      40* |       0 |      26 |        2 |      0 |    11 |    +0.0% |   -9.158 |      -52.5 |     -153.5 |     50 | issue_stage_i.i_scoreboard.fwd_o\[1839\]$_DFF_PN0_/D
      50* |       0 |      30 |        6 |      0 |    15 |    +0.0% |   -5.393 |      -23.3 |      -48.7 |     50 | issue_stage_i.i_scoreboard.fwd_o\[1839\]$_DFF_PN0_/D
      60* |       0 |      37 |        9 |      0 |    16 |    +0.0% |   -1.727 |       -5.4 |       -7.5 |     50 | ex_stage_i.i_mult.i_multiplier.mult_result_q\[62\]$_DFF_PN0_/D
      62* |       0 |      38 |        9 |      0 |    17 |    +0.0% |   -1.377 |       -4.4 |       -5.4 |     50 | issue_stage_i.i_scoreboard.fwd_o\[753\]$_DFF_PN0_/D
      68* |       0 |      43 |        9 |      0 |    17 |    +0.0% |   -1.260 |       -1.5 |       -1.8 |     50 | ex_stage_i.i_mult.i_multiplier.mult_result_q\[62\]$_DFF_PN0_/D
      69* |       0 |      43 |        9 |      0 |    17 |    +0.0% |   -1.260 |       -1.5 |       -1.8 |     50 | ex_stage_i.i_mult.i_multiplier.mult_result_q\[62\]$_DFF_PN0_/D
      70* |       0 |      43 |        9 |      0 |    17 |    +0.0% |   -1.260 |       -1.5 |       -1.8 |     50 | ex_stage_i.i_mult.i_multiplier.mult_result_q\[62\]$_DFF_PN0_/D
      71* |       0 |      44 |        9 |      0 |    17 |    +0.0% |   -1.260 |       -1.3 |       -1.7 |     50 | ex_stage_i.i_mult.i_multiplier.mult_result_q\[62\]$_DFF_PN0_/D
      72* |       0 |      44 |        9 |      0 |    17 |    +0.0% |   -1.260 |       -1.3 |       -1.7 |     50 | ex_stage_i.i_mult.i_multiplier.mult_result_q\[62\]$_DFF_PN0_/D
      73* |       0 |      44 |        9 |      0 |    17 |    +0.0% |   -1.260 |       -1.3 |       -1.7 |     50 | ex_stage_i.i_mult.i_multiplier.mult_result_q\[62\]$_DFF_PN0_/D
      74* |       0 |      44 |        9 |      0 |    17 |    +0.0% |   -1.260 |       -1.3 |       -1.7 |     50 | ex_stage_i.i_mult.i_multiplier.mult_result_q\[62\]$_DFF_PN0_/D
      75* |       0 |      44 |        9 |      0 |    17 |    +0.0% |   -1.260 |       -1.3 |       -1.7 |     50 | ex_stage_i.i_mult.i_multiplier.mult_result_q\[62\]$_DFF_PN0_/D
      76* |       0 |      44 |        9 |      0 |    17 |    +0.0% |   -1.260 |       -1.3 |       -1.7 |     50 | ex_stage_i.i_mult.i_multiplier.mult_result_q\[62\]$_DFF_PN0_/D
      77* |       0 |      44 |        9 |      0 |    17 |    +0.0% |   -1.260 |       -1.3 |       -1.7 |     50 | ex_stage_i.i_mult.i_multiplier.mult_result_q\[62\]$_DFF_PN0_/D
      78* |       0 |      44 |        9 |      0 |    17 |    +0.0% |   -1.260 |       -1.3 |       -1.7 |     50 | ex_stage_i.i_mult.i_multiplier.mult_result_q\[62\]$_DFF_PN0_/D
      79* |       0 |      44 |        9 |      0 |    17 |    +0.0% |   -1.260 |       -1.3 |       -1.7 |     50 | ex_stage_i.i_mult.i_multiplier.mult_result_q\[62\]$_DFF_PN0_/D
      80* |       0 |      44 |        9 |      0 |    17 |    +0.0% |   -1.260 |       -1.3 |       -1.7 |     50 | ex_stage_i.i_mult.i_multiplier.mult_result_q\[62\]$_DFF_PN0_/D
      80* |       0 |      44 |        9 |      0 |    17 |    +0.0% |   -1.260 |       -1.3 |       -1.7 |     50 | ex_stage_i.i_mult.i_multiplier.mult_result_q\[62\]$_DFF_PN0_/D
      81* |       0 |      44 |        9 |      0 |    17 |    +0.0% |   -1.260 |       -1.3 |       -1.7 |     50 | ex_stage_i.i_mult.i_multiplier.mult_result_q\[62\]$_DFF_PN0_/D
      82* |       0 |      44 |        9 |      0 |    17 |    +0.0% |   -1.260 |       -1.3 |       -1.7 |     50 | ex_stage_i.i_mult.i_multiplier.mult_result_q\[62\]$_DFF_PN0_/D
      83* |       0 |      44 |        9 |      0 |    17 |    +0.0% |   -1.260 |       -1.3 |       -1.7 |     50 | ex_stage_i.i_mult.i_multiplier.mult_result_q\[62\]$_DFF_PN0_/D
      84* |       0 |      44 |        9 |      0 |    17 |    +0.0% |   -1.260 |       -1.3 |       -1.7 |     50 | ex_stage_i.i_mult.i_multiplier.mult_result_q\[62\]$_DFF_PN0_/D
      85* |       0 |      44 |        9 |      0 |    17 |    +0.0% |   -1.260 |       -1.3 |       -1.7 |     50 | ex_stage_i.i_mult.i_multiplier.mult_result_q\[62\]$_DFF_PN0_/D
      86* |       0 |      44 |        9 |      0 |    17 |    +0.0% |   -1.260 |       -1.3 |       -1.7 |     50 | ex_stage_i.i_mult.i_multiplier.mult_result_q\[62\]$_DFF_PN0_/D
      87* |       0 |      44 |        9 |      0 |    17 |    +0.0% |   -1.260 |       -1.3 |       -1.7 |     50 | ex_stage_i.i_mult.i_multiplier.mult_result_q\[62\]$_DFF_PN0_/D
      88* |       0 |      44 |        9 |      0 |    17 |    +0.0% |   -1.260 |       -1.3 |       -1.7 |     50 | ex_stage_i.i_mult.i_multiplier.mult_result_q\[62\]$_DFF_PN0_/D
      89* |       0 |      44 |        9 |      0 |    17 |    +0.0% |   -1.260 |       -1.3 |       -1.7 |     50 | ex_stage_i.i_mult.i_multiplier.mult_result_q\[62\]$_DFF_PN0_/D
      90* |       0 |      44 |        9 |      0 |    17 |    +0.0% |   -1.260 |       -1.3 |       -1.7 |     50 | ex_stage_i.i_mult.i_multiplier.mult_result_q\[62\]$_DFF_PN0_/D
      90* |       0 |      44 |        9 |      0 |    17 |    +0.0% |   -1.260 |       -1.3 |       -1.7 |     50 | ex_stage_i.i_mult.i_multiplier.mult_result_q\[62\]$_DFF_PN0_/D
      91* |       0 |      44 |        9 |      0 |    17 |    +0.0% |   -1.260 |       -1.3 |       -1.7 |     50 | ex_stage_i.i_mult.i_multiplier.mult_result_q\[62\]$_DFF_PN0_/D
      92* |       0 |      44 |        9 |      0 |    17 |    +0.0% |   -1.260 |       -1.3 |       -1.7 |     50 | ex_stage_i.i_mult.i_multiplier.mult_result_q\[62\]$_DFF_PN0_/D
      93* |       0 |      44 |        9 |      0 |    17 |    +0.0% |   -1.260 |       -1.3 |       -1.7 |     50 | ex_stage_i.i_mult.i_multiplier.mult_result_q\[62\]$_DFF_PN0_/D
      94* |       0 |      44 |        9 |      0 |    17 |    +0.0% |   -1.260 |       -1.3 |       -1.7 |     50 | ex_stage_i.i_mult.i_multiplier.mult_result_q\[62\]$_DFF_PN0_/D
      95* |       0 |      44 |        9 |      0 |    17 |    +0.0% |   -1.260 |       -1.3 |       -1.7 |     50 | ex_stage_i.i_mult.i_multiplier.mult_result_q\[62\]$_DFF_PN0_/D
      96* |       0 |      44 |        9 |      0 |    17 |    +0.0% |   -1.260 |       -1.3 |       -1.7 |     50 | ex_stage_i.i_mult.i_multiplier.mult_result_q\[62\]$_DFF_PN0_/D
      97* |       0 |      44 |        9 |      0 |    17 |    +0.0% |   -1.260 |       -1.3 |       -1.7 |     50 | ex_stage_i.i_mult.i_multiplier.mult_result_q\[62\]$_DFF_PN0_/D
      98* |       0 |      44 |        9 |      0 |    17 |    +0.0% |   -1.260 |       -1.3 |       -1.7 |     50 | ex_stage_i.i_mult.i_multiplier.mult_result_q\[62\]$_DFF_PN0_/D
      99* |       0 |      44 |        9 |      0 |    17 |    +0.0% |   -1.260 |       -1.3 |       -1.7 |     50 | ex_stage_i.i_mult.i_multiplier.mult_result_q\[62\]$_DFF_PN0_/D
     100* |       0 |      44 |        9 |      0 |    17 |    +0.0% |   -1.260 |       -1.3 |       -1.7 |     50 | ex_stage_i.i_mult.i_multiplier.mult_result_q\[62\]$_DFF_PN0_/D
     100* |       0 |      44 |        9 |      0 |    17 |    +0.0% |   -1.260 |       -1.3 |       -1.7 |     50 | ex_stage_i.i_mult.i_multiplier.mult_result_q\[62\]$_DFF_PN0_/D
     101* |       0 |      44 |        9 |      0 |    17 |    +0.0% |   -1.260 |       -1.3 |       -1.7 |     50 | ex_stage_i.i_mult.i_multiplier.mult_result_q\[62\]$_DFF_PN0_/D
     102* |       0 |      44 |        9 |      0 |    17 |    +0.0% |   -1.260 |       -1.3 |       -1.7 |     50 | ex_stage_i.i_mult.i_multiplier.mult_result_q\[62\]$_DFF_PN0_/D
     104* |       0 |      44 |       11 |      0 |    17 |    +0.0% |   -0.398 |       -0.4 |       -0.4 |     50 | ex_stage_i.i_mult.i_multiplier.mult_result_q\[52\]$_DFF_PN0_/D
     105* |       0 |      44 |       11 |      0 |    17 |    +0.0% |   -0.398 |       -0.4 |       -0.4 |     50 | ex_stage_i.i_mult.i_multiplier.mult_result_q\[52\]$_DFF_PN0_/D
     106* |       0 |      44 |       11 |      0 |    17 |    +0.0% |   -0.398 |       -0.4 |       -0.4 |     50 | ex_stage_i.i_mult.i_multiplier.mult_result_q\[52\]$_DFF_PN0_/D
     107* |       0 |      44 |       11 |      0 |    17 |    +0.0% |   -0.398 |       -0.4 |       -0.4 |     50 | ex_stage_i.i_mult.i_multiplier.mult_result_q\[52\]$_DFF_PN0_/D
     108* |       0 |      44 |       11 |      0 |    17 |    +0.0% |   -0.398 |       -0.4 |       -0.4 |     50 | ex_stage_i.i_mult.i_multiplier.mult_result_q\[52\]$_DFF_PN0_/D
     109* |       0 |      44 |       11 |      0 |    17 |    +0.0% |   -0.398 |       -0.4 |       -0.4 |     50 | ex_stage_i.i_mult.i_multiplier.mult_result_q\[52\]$_DFF_PN0_/D
     110* |       0 |      44 |       11 |      0 |    17 |    +0.0% |   -0.398 |       -0.4 |       -0.4 |     50 | ex_stage_i.i_mult.i_multiplier.mult_result_q\[52\]$_DFF_PN0_/D
     111* |       0 |      45 |       11 |      0 |    17 |    +0.0% |    0.557 |        0.0 |        0.0 |     50 | issue_stage_i.i_scoreboard.fwd_o\[753\]$_DFF_PN0_/D
     112* |       0 |      45 |       11 |      0 |    17 |    +0.0% |    0.557 |        0.0 |        0.0 |     50 | issue_stage_i.i_scoreboard.fwd_o\[753\]$_DFF_PN0_/D
     113* |       0 |      45 |       11 |      0 |    17 |    +0.0% |    0.557 |        0.0 |        0.0 |     50 | issue_stage_i.i_scoreboard.fwd_o\[753\]$_DFF_PN0_/D
     114* |       0 |      45 |       11 |      0 |    17 |    +0.0% |    0.557 |        0.0 |        0.0 |     50 | issue_stage_i.i_scoreboard.fwd_o\[753\]$_DFF_PN0_/D
     115* |       0 |      45 |       11 |      0 |    17 |    +0.0% |    0.557 |        0.0 |        0.0 |     50 | issue_stage_i.i_scoreboard.fwd_o\[753\]$_DFF_PN0_/D
     116* |       0 |      45 |       11 |      0 |    17 |    +0.0% |    0.557 |        0.0 |        0.0 |     50 | issue_stage_i.i_scoreboard.fwd_o\[753\]$_DFF_PN0_/D
     117* |       0 |      45 |       11 |      0 |    17 |    +0.0% |    0.557 |        0.0 |        0.0 |     50 | issue_stage_i.i_scoreboard.fwd_o\[753\]$_DFF_PN0_/D
     118* |       0 |      45 |       11 |      0 |    17 |    +0.0% |    0.557 |        0.0 |        0.0 |     50 | issue_stage_i.i_scoreboard.fwd_o\[753\]$_DFF_PN0_/D
     119* |       0 |      45 |       11 |      0 |    17 |    +0.0% |    0.557 |        0.0 |        0.0 |     50 | issue_stage_i.i_scoreboard.fwd_o\[753\]$_DFF_PN0_/D
     119* |       0 |      45 |       11 |      0 |    17 |    +0.0% |    0.557 |        0.0 |        0.0 |     50 | issue_stage_i.i_scoreboard.fwd_o\[753\]$_DFF_PN0_/D
    final |       0 |      45 |       11 |      0 |    17 |    +0.0% |    0.557 |        0.0 |        0.0 |      0 | issue_stage_i.i_scoreboard.fwd_o\[753\]$_DFF_PN0_/D
------------------------------------------------------------------------------------------------------------------------------
[INFO RSZ-0040] Inserted 11 buffers.
[INFO RSZ-0051] Resized 45 instances: 8 up, 0 up match, 0 down, 37 VT
[INFO RSZ-0043] Swapped pins on 17 instances.
[INFO RSZ-0505] Runtime: 18.40s
[INFO RSZ-0033] No hold violations found.
[INFO RSZ-0506] Runtime: 0.67s
Took 19 seconds: repair_timing -setup_margin 0 -hold_margin 0 -repair_tns 100 -verbose
global_route -start_incremental
detailed_placement
[INFO DPL-0006] Core area: 23238.54 um^2
[INFO DPL-0007] Movable instances area: 14067.18 um^2
[INFO DPL-0008] Fixed instances area within core: 4242.82 um^2
[INFO DPL-0009] Utilization: 78.8%
[INFO DPL-0005] Diamond search max displacement: +/- 500 sites horizontally, +/- 100 rows vertically.
[INFO DPL-1102] Legalizing using negotiation legalizer.
[INFO DPL-1103] Negotiation base search window: +/-20 sites horizontally, +/-5 rows vertically 
	Automatic search window extension enabled.
	Search window extendable up to the max displacement cap of +/-500 sites, +/-100 rows near walls.
[INFO DPL-1104] NegotiationLegalizer DRC penalty: 5.
[INFO DPL-0392] Negotiation cell height distribution (4 unique row-count(s)):
[INFO DPL-0393]   height 1 row(s): 122531 cells
[INFO DPL-0393]   height 23 row(s): 4 cells
[INFO DPL-0393]   height 80 row(s): 2 cells
[INFO DPL-0393]   height 174 row(s): 2 cells
          |      Total |  Illegal |  Illegal
Iteration | Violations |    Cells |    Sites
---------------------------------------------
        0 |         40 |        10 |        30
        1 |         33 |         7 |        26
        2 |         30 |         4 |        26
        3 |         32 |         4 |        28
        4 |         31 |         5 |        26
        5 |         32 |         7 |        25
        6 |         20 |         2 |        18
        7 |         28 |         2 |        26
        8 |         16 |         2 |        14
        9 |         16 |         2 |        14
       10 |         15 |         3 |        12
       12 |          0 |         0 |         0
Negotiation phase 1 converged at iteration 12.
[INFO DPL-0500] Runtime: 1.71s
Placement Analysis
---------------------------------
total displacement         22.0 u
average displacement        0.0 u
max displacement            2.9 u
original HPWL          536178.5 u
legalized HPWL         536207.5 u
delta HPWL                    0 %

check_placement -verbose
global_route -end_incremental -resistance_aware -congestion_report_file /tmp/workspace/scripts-Private_test-fr_cugr_cmp-1-/reports/asap7/cva6/base/congestion_post_repair_timing.rpt
estimate_parasitics -global_routing
repair_timing -setup -sequence "vt_swap reroute" -skip_last_gasp -repair_tns 0 -verbose
[INFO RSZ-0100] Repair move sequence: VtSwapMove RerouteMove 
[INFO RSZ-0098] No setup violations found
[INFO RSZ-0505] Runtime: 2.89s
Repair antennas...
[WARNING GRT-0246] No diode with LEF class CORE ANTENNACELL found.
[INFO ANT-0002] Found 0 net violations.
[INFO ANT-0001] Found 0 pin violations.
Estimate parasitics...
estimate_parasitics -global_routing
Report metrics stage 5, global route...

==========================================================================
global route report_design_area
--------------------------------------------------------------------------
Design area 18310 um^2 79% utilization.
[INFO FLW-0007] clock main_clk period 1000.000000
[INFO FLW-0008] Clock main_clk period 949.560
[INFO FLW-0009] Clock main_clk slack 0.463
write_sdc -no_timestamp /tmp/workspace/scripts-Private_test-fr_cugr_cmp-1-/results/asap7/cva6/base/updated_clks.sdc
[INFO FLW-0011] Path endpoint path count 16987
write_db /tmp/workspace/scripts-Private_test-fr_cugr_cmp-1-/results/asap7/cva6/base/5_1_grt.odb
write_sdc -no_timestamp /tmp/workspace/scripts-Private_test-fr_cugr_cmp-1-/results/asap7/cva6/base/5_1_grt.sdc
Elapsed time: 3:19.15[h:]min:sec. CPU time: user 1999.11 sys 126.46 (1067%). Peak memory: 2586744KB.
Log                       Ext     Elapsed/s Peak Memory/MB sha1sum result [0:20)
5_1_grt                   .odb          199           2526 010710a9b22d02be94cb
5_1_grt                   .sdc                             67b5b10889f7acd0d38c
/OpenROAD-flow-scripts/flow/scripts/flow.sh 5_2_route detail_route
Running detail_route.tcl, stage 5_2_route
source ./platforms/asap7/liberty_suppressions.tcl
read_liberty ./platforms/asap7/lib/NLDM/asap7sc7p5t_AO_RVT_FF_nldm_211120.lib.gz
read_liberty ./platforms/asap7/lib/NLDM/asap7sc7p5t_INVBUF_RVT_FF_nldm_220122.lib.gz
read_liberty ./platforms/asap7/lib/NLDM/asap7sc7p5t_OA_RVT_FF_nldm_211120.lib.gz
read_liberty ./platforms/asap7/lib/NLDM/asap7sc7p5t_SIMPLE_RVT_FF_nldm_211120.lib.gz
read_liberty ./platforms/asap7/lib/NLDM/asap7sc7p5t_SEQ_RVT_FF_nldm_220123.lib
read_liberty ./platforms/asap7/lib/NLDM/asap7sc7p5t_AO_LVT_FF_nldm_211120.lib.gz
read_liberty ./platforms/asap7/lib/NLDM/asap7sc7p5t_INVBUF_LVT_FF_nldm_220122.lib.gz
read_liberty ./platforms/asap7/lib/NLDM/asap7sc7p5t_OA_LVT_FF_nldm_211120.lib.gz
read_liberty ./platforms/asap7/lib/NLDM/asap7sc7p5t_SIMPLE_LVT_FF_nldm_211120.lib.gz
read_liberty ./platforms/asap7/lib/NLDM/asap7sc7p5t_SEQ_LVT_FF_nldm_220123.lib
read_liberty ./platforms/asap7/lib/NLDM/asap7sc7p5t_AO_SLVT_FF_nldm_211120.lib.gz
read_liberty ./platforms/asap7/lib/NLDM/asap7sc7p5t_INVBUF_SLVT_FF_nldm_220122.lib.gz
read_liberty ./platforms/asap7/lib/NLDM/asap7sc7p5t_OA_SLVT_FF_nldm_211120.lib.gz
read_liberty ./platforms/asap7/lib/NLDM/asap7sc7p5t_SIMPLE_SLVT_FF_nldm_211120.lib.gz
read_liberty ./platforms/asap7/lib/NLDM/asap7sc7p5t_SEQ_SLVT_FF_nldm_220123.lib
read_liberty ./platforms/asap7/lib/NLDM/fakeram7_64x256.lib
read_liberty ./platforms/asap7/lib/NLDM/fakeram7_128x64.lib
read_liberty ./platforms/asap7/lib/NLDM/fakeram7_64x28.lib
read_liberty ./platforms/asap7/lib/NLDM/fakeram7_64x25.lib
read_db -hier /tmp/workspace/scripts-Private_test-fr_cugr_cmp-1-/results/asap7/cva6/base/5_1_grt.odb
[WARNING ORD-0012] Hierarchical flow (-hier) is currently in development and may cause multiple issues. Do not use in production environments.
read_sdc /tmp/workspace/scripts-Private_test-fr_cugr_cmp-1-/results/asap7/cva6/base/5_1_grt.sdc
source ./platforms/asap7/setRC.tcl
detailed_route -output_drc /tmp/workspace/scripts-Private_test-fr_cugr_cmp-1-/reports/asap7/cva6/base/5_route_drc.rpt -output_maze /tmp/workspace/scripts-Private_test-fr_cugr_cmp-1-/results/asap7/cva6/base/maze.log -droute_end_iter 64 -verbose 1 -drc_report_iter_step 5
[INFO DRT-0149] Reading tech and libs.

Units:                1000
Number of layers:     21
Number of macros:     640
Number of vias:       21
Number of viarulegen: 11

[INFO DRT-0150] Reading design.

Design:                   cva6
Die area:                 ( 0 0 ) ( 156706 156706 )
Number of track patterns: 32
Number of DEF vias:       0
Number of components:     122539
Number of terminals:      964
Number of snets:          2
Number of nets:           125460

[INFO DRT-0167] List of default vias:
  Layer V2
    default via: VIA23
  Layer V3
    default via: VIA34
  Layer V4
    default via: VIA45
  Layer V5
    default via: VIA56
  Layer V6
    default via: VIA67
  Layer V7
    default via: VIA78
  Layer V8
    default via: VIA89
  Layer V9
    default via: VIA9Pad
[INFO DRT-0162] Library cell analysis.
[INFO DRT-0163] Instance analysis.
  Complete 100000 instances.
[INFO DRT-0164] Number of unique instances = 317.
[INFO DRT-0168] Init region query.
[INFO DRT-0018]   Complete 100000 insts.
[INFO DRT-0024]   Complete Active.
[INFO DRT-0024]   Complete V0.
[INFO DRT-0024]   Complete M1.
[INFO DRT-0024]   Complete V1.
[INFO DRT-0024]   Complete M2.
[INFO DRT-0024]   Complete V2.
[INFO DRT-0024]   Complete M3.
[INFO DRT-0024]   Complete V3.
[INFO DRT-0024]   Complete M4.
[INFO DRT-0024]   Complete V4.
[INFO DRT-0024]   Complete M5.
[INFO DRT-0024]   Complete V5.
[INFO DRT-0024]   Complete M6.
[INFO DRT-0024]   Complete V6.
[INFO DRT-0024]   Complete M7.
[INFO DRT-0024]   Complete V7.
[INFO DRT-0024]   Complete M8.
[INFO DRT-0024]   Complete V8.
[INFO DRT-0024]   Complete M9.
[INFO DRT-0024]   Complete V9.
[INFO DRT-0024]   Complete Pad.
[INFO DRT-0033] Active shape region query size = 0.
[INFO DRT-0033] V0 shape region query size = 0.
[INFO DRT-0033] M1 shape region query size = 1966720.
[INFO DRT-0033] V1 shape region query size = 2073329.
[INFO DRT-0033] M2 shape region query size = 79431.
[INFO DRT-0033] V2 shape region query size = 38646.
[INFO DRT-0033] M3 shape region query size = 38669.
[INFO DRT-0033] V3 shape region query size = 25769.
[INFO DRT-0033] M4 shape region query size = 30462.
[INFO DRT-0033] V4 shape region query size = 30209.
[INFO DRT-0033] M5 shape region query size = 17371.
[INFO DRT-0033] V5 shape region query size = 3372.
[INFO DRT-0033] M6 shape region query size = 1802.
[INFO DRT-0033] V6 shape region query size = 0.
[INFO DRT-0033] M7 shape region query size = 0.
[INFO DRT-0033] V7 shape region query size = 0.
[INFO DRT-0033] M8 shape region query size = 0.
[INFO DRT-0033] V8 shape region query size = 0.
[INFO DRT-0033] M9 shape region query size = 0.
[INFO DRT-0033] V9 shape region query size = 0.
[INFO DRT-0033] Pad shape region query size = 0.
[INFO DRT-0165] Start pin access.
[INFO DRT-0076]   Complete 1000 pins.
[INFO DRT-0076]   Complete 2000 pins.
[INFO DRT-0078]   Complete 2891 pins.
[INFO DRT-0079]   Complete 100 unique inst patterns.
[INFO DRT-0079]   Complete 200 unique inst patterns.
[INFO DRT-0079]   Complete 300 unique inst patterns.
[INFO DRT-0081]   Complete 307 unique inst patterns.
[INFO DRT-0082]   Complete 10000 groups.
[INFO DRT-0082]   Complete 20000 groups.
[INFO DRT-0082]   Complete 30000 groups.
[INFO DRT-0082]   Complete 40000 groups.
[INFO DRT-0082]   Complete 50000 groups.
[INFO DRT-0082]   Complete 60000 groups.
[INFO DRT-0084]   Complete 67561 groups.
#scanned instances     = 122539
#unique  instances     = 313
#stdCellGenAp          = 8712
#stdCellValidPlanarAp  = 102
#stdCellValidViaAp     = 7241
#stdCellPinNoAp        = 0
#stdCellPinCnt         = 405290
#instTermValidViaApCnt = 0
#macroGenAp            = 980
#macroValidPlanarAp    = 980
#macroValidViaAp       = 0
#macroNoAp             = 0
[INFO DRT-0166] Complete pin access.
[INFO DRT-0267] cpu time = 00:25:06, elapsed time = 00:00:48, memory = 1494.61 (MB), peak = 1527.62 (MB)
[INFO DRT-0156] guideIn read 100000 guides.
[INFO DRT-0156] guideIn read 200000 guides.
[INFO DRT-0156] guideIn read 300000 guides.
[INFO DRT-0156] guideIn read 400000 guides.
[INFO DRT-0156] guideIn read 500000 guides.
[INFO DRT-0156] guideIn read 600000 guides.
[INFO DRT-0156] guideIn read 700000 guides.
[INFO DRT-0156] guideIn read 800000 guides.
[INFO DRT-0156] guideIn read 900000 guides.
[INFO DRT-0156] guideIn read 1000000 guides.

[INFO DRT-0157] Number of guides:     1147487

[INFO DRT-0169] Post process guides.
[INFO DRT-0176] GCELLGRID X 0 DO 274 STEP 570 ;
[INFO DRT-0177] GCELLGRID Y 0 DO 274 STEP 570 ;
[INFO DRT-0026]   Complete 100000 origin guides.
[INFO DRT-0026]   Complete 200000 origin guides.
[INFO DRT-0026]   Complete 300000 origin guides.
[INFO DRT-0026]   Complete 400000 origin guides.
[INFO DRT-0026]   Complete 500000 origin guides.
[INFO DRT-0026]   Complete 600000 origin guides.
[INFO DRT-0026]   Complete 700000 origin guides.
[INFO DRT-0026]   Complete 800000 origin guides.
[INFO DRT-0026]   Complete 900000 origin guides.
[INFO DRT-0027]   Complete 1000000 origin guides.
[INFO DRT-0028]   Complete Active.
[INFO DRT-0028]   Complete V0.
[INFO DRT-0028]   Complete M1.
[INFO DRT-0028]   Complete V1.
[INFO DRT-0028]   Complete M2.
[INFO DRT-0028]   Complete V2.
[INFO DRT-0028]   Complete M3.
[INFO DRT-0028]   Complete V3.
[INFO DRT-0028]   Complete M4.
[INFO DRT-0028]   Complete V4.
[INFO DRT-0028]   Complete M5.
[INFO DRT-0028]   Complete V5.
[INFO DRT-0028]   Complete M6.
[INFO DRT-0028]   Complete V6.
[INFO DRT-0028]   Complete M7.
[INFO DRT-0028]   Complete V7.
[INFO DRT-0028]   Complete M8.
[INFO DRT-0028]   Complete V8.
[INFO DRT-0028]   Complete M9.
[INFO DRT-0028]   Complete V9.
[INFO DRT-0028]   Complete Pad.
  complete 100000 nets.
[INFO DRT-0178] Init guide query.
[INFO DRT-0029]   Complete 100000 nets (guide).
[INFO DRT-0035]   Complete Active (guide).
[INFO DRT-0035]   Complete V0 (guide).
[INFO DRT-0035]   Complete M1 (guide).
[INFO DRT-0035]   Complete V1 (guide).
[INFO DRT-0035]   Complete M2 (guide).
[INFO DRT-0035]   Complete V2 (guide).
[INFO DRT-0035]   Complete M3 (guide).
[INFO DRT-0035]   Complete V3 (guide).
[INFO DRT-0035]   Complete M4 (guide).
[INFO DRT-0035]   Complete V4 (guide).
[INFO DRT-0035]   Complete M5 (guide).
[INFO DRT-0035]   Complete V5 (guide).
[INFO DRT-0035]   Complete M6 (guide).
[INFO DRT-0035]   Complete V6 (guide).
[INFO DRT-0035]   Complete M7 (guide).
[INFO DRT-0035]   Complete V7 (guide).
[INFO DRT-0035]   Complete M8 (guide).
[INFO DRT-0035]   Complete V8 (guide).
[INFO DRT-0035]   Complete M9 (guide).
[INFO DRT-0035]   Complete V9 (guide).
[INFO DRT-0035]   Complete Pad (guide).
[INFO DRT-0036] Active guide region query size = 0.
[INFO DRT-0036] V0 guide region query size = 0.
[INFO DRT-0036] M1 guide region query size = 347640.
[INFO DRT-0036] V1 guide region query size = 0.
[INFO DRT-0036] M2 guide region query size = 335574.
[INFO DRT-0036] V2 guide region query size = 0.
[INFO DRT-0036] M3 guide region query size = 191965.
[INFO DRT-0036] V3 guide region query size = 0.
[INFO DRT-0036] M4 guide region query size = 31018.
[INFO DRT-0036] V4 guide region query size = 0.
[INFO DRT-0036] M5 guide region query size = 15601.
[INFO DRT-0036] V5 guide region query size = 0.
[INFO DRT-0036] M6 guide region query size = 6949.
[INFO DRT-0036] V6 guide region query size = 0.
[INFO DRT-0036] M7 guide region query size = 2868.
[INFO DRT-0036] V7 guide region query size = 0.
[INFO DRT-0036] M8 guide region query size = 0.
[INFO DRT-0036] V8 guide region query size = 0.
[INFO DRT-0036] M9 guide region query size = 0.
[INFO DRT-0036] V9 guide region query size = 0.
[INFO DRT-0036] Pad guide region query size = 0.
[INFO DRT-0179] Init gr pin query.
[INFO DRT-0267] cpu time = 00:00:03, elapsed time = 00:00:00, memory = 1887.83 (MB), peak = 1883.08 (MB)
[INFO DRT-0245] skipped writing guide updates to database.
[INFO DRT-0181] Start track assignment.
[INFO DRT-0184] Done with 558074 vertical wires in 6 frboxes and 373541 horizontal wires in 6 frboxes.
[INFO DRT-0186] Done with 88938 vertical wires in 6 frboxes and 127052 horizontal wires in 6 frboxes.
[INFO DRT-0182] Complete track assignment.
[INFO DRT-0267] cpu time = 00:00:53, elapsed time = 00:00:13, memory = 3444.46 (MB), peak = 3459.27 (MB)
[INFO DRT-0187] Start routing data preparation.
[INFO DRT-0267] cpu time = 00:00:00, elapsed time = 00:00:00, memory = 3444.46 (MB), peak = 3459.27 (MB)
[INFO DRT-0194] Start detail routing.
[INFO DRT-0195] Start 0th optimization iteration.
    Completing 10% with 0 violations.
    elapsed time = 00:00:10, memory = 7223.66 (MB).
    Completing 20% with 0 violations.
    elapsed time = 00:00:23, memory = 10511.57 (MB).
    Completing 30% with 12482 violations.
    elapsed time = 00:00:34, memory = 11801.86 (MB).
    Completing 40% with 12482 violations.
    elapsed time = 00:00:50, memory = 11762.52 (MB).
    Completing 50% with 12482 violations.
    elapsed time = 00:01:01, memory = 11481.64 (MB).
    Completing 60% with 25452 violations.
    elapsed time = 00:01:19, memory = 13261.22 (MB).
    Completing 70% with 25452 violations.
    elapsed time = 00:01:34, memory = 13737.59 (MB).
    Completing 80% with 36322 violations.
    elapsed time = 00:01:49, memory = 14797.04 (MB).
    Completing 90% with 36322 violations.
    elapsed time = 00:02:09, memory = 14855.85 (MB).
    Completing 100% with 47034 violations.
    elapsed time = 00:02:27, memory = 14166.05 (MB).
[INFO DRT-0199]   Number of violations = 55991.
Viol/Layer          M1     V1     M2     V2     M3     V3     M4     V4     M5     V5     M6     V6     M7
Corner Spacing       0      0      1      0      0      0      0      0      0      0      0      0      0
CutSpcTbl            0      0      0      0      0    774      0    181      0     55      0     20      0
EOL                  0      0   3968      0   1103      0    481      0     19      0      3      0      0
Metal Spacing     1368      0   1716      0   3193      0    306      0     32      0     36      0      1
Recheck              0      0   4036      0   2990      0   1201      0    485      0    212      0     33
Short              177      1   5839    171   1604     46    556     34    124     22    161      2      1
eolKeepOut           0      0  19242      0   3567      0   2116      0     99      0     15      0      0
[INFO DRT-0267] cpu time = 01:07:31, elapsed time = 00:02:30, memory = 14136.60 (MB), peak = 15705.92 (MB)
Total wire length = 630738 um.
Total wire length on LAYER M1 = 0 um.
Total wire length on LAYER M2 = 135354 um.
Total wire length on LAYER M3 = 247186 um.
Total wire length on LAYER M4 = 154932 um.
Total wire length on LAYER M5 = 68889 um.
Total wire length on LAYER M6 = 17463 um.
Total wire length on LAYER M7 = 6910 um.
Total wire length on LAYER M8 = 0 um.
Total wire length on LAYER M9 = 0 um.
Total wire length on LAYER Pad = 0 um.
Total number of vias = 1388775.
Up-via summary (total 1388775):

------------------
 Active          0
     M1     393244
     M2     710933
     M3     219398
     M4      48642
     M5      12243
     M6       4315
     M7          0
     M8          0
     M9          0
------------------
       1388775


[INFO DRT-0195] Start 1st optimization iteration.
    Completing 10% with 55991 violations.
    elapsed time = 00:00:10, memory = 16143.86 (MB).
    Completing 20% with 55991 violations.
    elapsed time = 00:00:23, memory = 16284.61 (MB).
    Completing 30% with 43914 violations.
    elapsed time = 00:00:36, memory = 16928.73 (MB).
    Completing 40% with 43914 violations.
    elapsed time = 00:00:51, memory = 16920.62 (MB).
    Completing 50% with 43914 violations.
    elapsed time = 00:01:01, memory = 14959.02 (MB).
    Completing 60% with 33004 violations.
    elapsed time = 00:01:18, memory = 16820.72 (MB).
    Completing 70% with 33004 violations.
    elapsed time = 00:01:31, memory = 16869.80 (MB).
    Completing 80% with 20878 violations.
    elapsed time = 00:01:44, memory = 17285.27 (MB).
    Completing 90% with 20878 violations.
    elapsed time = 00:01:59, memory = 17286.88 (MB).
    Completing 100% with 10555 violations.
    elapsed time = 00:02:13, memory = 15320.62 (MB).
[INFO DRT-0199]   Number of violations = 10687.
Viol/Layer          M1     M2     V2     M3     V3     M4     V4     M5     V5     V6     M7
Corner Spacing       0      1      0      0      0      1      0      0      0      0      0
CutSpcTbl            0      0      0      0    138      0     51      0      5     16      0
EOL                  0    926      0    187      0    124      0      6      0      0      0
Metal Spacing      822    207      0   1539      0    108      0      4      0      0      1
Recheck              0     65      0     58      0      9      0      0      0      0      0
Short               79    684     20    425      1    163      2     10      0      0      0
eolKeepOut           0   3813      0    617      0    557      0     48      0      0      0
[INFO DRT-0267] cpu time = 00:57:45, elapsed time = 00:02:16, memory = 15295.30 (MB), peak = 17383.73 (MB)
Total wire length = 625280 um.
Total wire length on LAYER M1 = 0 um.
Total wire length on LAYER M2 = 129239 um.
Total wire length on LAYER M3 = 245083 um.
Total wire length on LAYER M4 = 156269 um.
Total wire length on LAYER M5 = 68788 um.
Total wire length on LAYER M6 = 19286 um.
Total wire length on LAYER M7 = 6614 um.
Total wire length on LAYER M8 = 0 um.
Total wire length on LAYER M9 = 0 um.
Total wire length on LAYER Pad = 0 um.
Total number of vias = 1318659.
Up-via summary (total 1318659):

------------------
 Active          0
     M1     393107
     M2     662879
     M3     199536
     M4      46360
     M5      13209
     M6       3568
     M7          0
     M8          0
     M9          0
------------------
       1318659


[INFO DRT-0195] Start 2nd optimization iteration.
    Completing 10% with 10687 violations.
    elapsed time = 00:00:08, memory = 17135.22 (MB).
    Completing 20% with 10687 violations.
    elapsed time = 00:00:20, memory = 17253.43 (MB).
    Completing 30% with 10010 violations.
    elapsed time = 00:00:29, memory = 17226.66 (MB).
    Completing 40% with 10010 violations.
    elapsed time = 00:00:43, memory = 17316.04 (MB).
    Completing 50% with 10010 violations.
    elapsed time = 00:00:52, memory = 15223.98 (MB).
    Completing 60% with 9656 violations.
    elapsed time = 00:01:06, memory = 17102.91 (MB).
    Completing 70% with 9656 violations.
    elapsed time = 00:01:18, memory = 17112.72 (MB).
    Completing 80% with 9312 violations.
    elapsed time = 00:01:30, memory = 17305.48 (MB).
    Completing 90% with 9312 violations.
    elapsed time = 00:01:43, memory = 17217.26 (MB).
    Completing 100% with 9025 violations.
    elapsed time = 00:01:57, memory = 15156.93 (MB).
[INFO DRT-0199]   Number of violations = 9098.
Viol/Layer          M1     M2     V2     M3     V3     M4     V4     M5     V5     V6     M7
CutSpcTbl            0      0      0      0    128      0     42      0      5      6      0
EOL                  0    874      0    149      0     98      0      2      0      0      0
Metal Spacing      578    188      0   1281      0     76      0      1      0      0      1
Recheck              0     44      0     37      0      6      0      0      0      0      0
Short               48    533     13    363      2    118      0      1      0      0      0
eolKeepOut           0   3570      0    469      0    453      0     12      0      0      0
[INFO DRT-0267] cpu time = 00:50:10, elapsed time = 00:02:00, memory = 15118.83 (MB), peak = 17446.88 (MB)
Total wire length = 623985 um.
Total wire length on LAYER M1 = 0 um.
Total wire length on LAYER M2 = 129394 um.
Total wire length on LAYER M3 = 245199 um.
Total wire length on LAYER M4 = 154410 um.
Total wire length on LAYER M5 = 68437 um.
Total wire length on LAYER M6 = 20038 um.
Total wire length on LAYER M7 = 6504 um.
Total wire length on LAYER M8 = 0 um.
Total wire length on LAYER M9 = 0 um.
Total wire length on LAYER Pad = 0 um.
Total number of vias = 1304233.
Up-via summary (total 1304233):

------------------
 Active          0
     M1     393105
     M2     655489
     M3     194226
     M4      45120
     M5      12935
     M6       3358
     M7          0
     M8          0
     M9          0
------------------
       1304233


[INFO DRT-0195] Start 3rd optimization iteration.
    Completing 10% with 9098 violations.
    elapsed time = 00:00:04, memory = 16988.02 (MB).
    Completing 20% with 9098 violations.
    elapsed time = 00:00:10, memory = 17051.49 (MB).
    Completing 30% with 6741 violations.
    elapsed time = 00:00:16, memory = 17180.57 (MB).
    Completing 40% with 6741 violations.
    elapsed time = 00:00:22, memory = 17245.65 (MB).
    Completing 50% with 6741 violations.
    elapsed time = 00:00:27, memory = 15142.50 (MB).
    Completing 60% with 4350 violations.
    elapsed time = 00:00:35, memory = 17047.84 (MB).
    Completing 70% with 4350 violations.
    elapsed time = 00:00:40, memory = 16989.12 (MB).
    Completing 80% with 2256 violations.
    elapsed time = 00:00:47, memory = 17141.87 (MB).
    Completing 90% with 2256 violations.
    elapsed time = 00:00:52, memory = 17238.05 (MB).
    Completing 100% with 284 violations.
    elapsed time = 00:00:59, memory = 15115.32 (MB).
[INFO DRT-0199]   Number of violations = 288.
Viol/Layer          M1     M2     V2     M3     V3     M4     V4     M5     V5     M6     V6
CutSpcTbl            0      0      0      0      5      0      1      0      1      0      1
EOL                  0     19      0      1      0      2      0      0      0      0      0
Metal Spacing       14      7      0     47      0      6      0      0      0      0      0
Recheck              0      1      0      2      0      1      0      0      0      0      0
Short                1     31      1     21      0     15      0      2      0      1      0
eolKeepOut           0     93      0      3      0      9      0      0      0      3      0
[INFO DRT-0267] cpu time = 00:22:32, elapsed time = 00:01:00, memory = 15100.81 (MB), peak = 17446.88 (MB)
Total wire length = 624549 um.
Total wire length on LAYER M1 = 0 um.
Total wire length on LAYER M2 = 126112 um.
Total wire length on LAYER M3 = 243364 um.
Total wire length on LAYER M4 = 156649 um.
Total wire length on LAYER M5 = 70499 um.
Total wire length on LAYER M6 = 21306 um.
Total wire length on LAYER M7 = 6617 um.
Total wire length on LAYER M8 = 0 um.
Total wire length on LAYER M9 = 0 um.
Total wire length on LAYER Pad = 0 um.
Total number of vias = 1308528.
Up-via summary (total 1308528):

------------------
 Active          0
     M1     393104
     M2     648396
     M3     199671
     M4      49235
     M5      14522
     M6       3600
     M7          0
     M8          0
     M9          0
------------------
       1308528


[INFO DRT-0195] Start 4th optimization iteration.
    Completing 10% with 288 violations.
    elapsed time = 00:00:00, memory = 15100.81 (MB).
    Completing 20% with 288 violations.
    elapsed time = 00:00:00, memory = 17194.20 (MB).
    Completing 30% with 242 violations.
    elapsed time = 00:00:02, memory = 15100.81 (MB).
    Completing 40% with 242 violations.
    elapsed time = 00:00:02, memory = 15173.91 (MB).
    Completing 50% with 242 violations.
    elapsed time = 00:00:04, memory = 15100.81 (MB).
    Completing 60% with 166 violations.
    elapsed time = 00:00:05, memory = 15145.92 (MB).
    Completing 70% with 166 violations.
    elapsed time = 00:00:06, memory = 17162.89 (MB).
    Completing 80% with 89 violations.
    elapsed time = 00:00:08, memory = 15100.81 (MB).
    Completing 90% with 89 violations.
    elapsed time = 00:00:08, memory = 15112.25 (MB).
    Completing 100% with 16 violations.
    elapsed time = 00:00:11, memory = 15100.81 (MB).
[INFO DRT-0199]   Number of violations = 16.
Viol/Layer          M2     M3
EOL                  1      0
Metal Spacing        0      3
Short                3      0
eolKeepOut           9      0
[INFO DRT-0267] cpu time = 00:02:48, elapsed time = 00:00:11, memory = 15100.81 (MB), peak = 17446.88 (MB)
Total wire length = 624543 um.
Total wire length on LAYER M1 = 0 um.
Total wire length on LAYER M2 = 126040 um.
Total wire length on LAYER M3 = 243292 um.
Total wire length on LAYER M4 = 156633 um.
Total wire length on LAYER M5 = 70567 um.
Total wire length on LAYER M6 = 21386 um.
Total wire length on LAYER M7 = 6623 um.
Total wire length on LAYER M8 = 0 um.
Total wire length on LAYER M9 = 0 um.
Total wire length on LAYER Pad = 0 um.
Total number of vias = 1308516.
Up-via summary (total 1308516):

------------------
 Active          0
     M1     393104
     M2     648116
     M3     199696
     M4      49367
     M5      14621
     M6       3612
     M7          0
     M8          0
     M9          0
------------------
       1308516


[INFO DRT-0195] Start 5th guides tiles iteration.
    Completing 10% with 16 violations.
    elapsed time = 00:00:00, memory = 15100.81 (MB).
    Completing 20% with 16 violations.
    elapsed time = 00:00:00, memory = 15100.81 (MB).
    Completing 30% with 16 violations.
    elapsed time = 00:00:00, memory = 15100.81 (MB).
    Completing 40% with 16 violations.
    elapsed time = 00:00:00, memory = 15100.81 (MB).
    Completing 50% with 5 violations.
    elapsed time = 00:00:00, memory = 15100.81 (MB).
    Completing 60% with 5 violations.
    elapsed time = 00:00:00, memory = 15100.81 (MB).
    Completing 70% with 5 violations.
    elapsed time = 00:00:00, memory = 15100.81 (MB).
    Completing 80% with 5 violations.
    elapsed time = 00:00:00, memory = 15100.81 (MB).
    Completing 90% with 5 violations.
    elapsed time = 00:00:01, memory = 15100.81 (MB).
    Completing 100% with 2 violations.
    elapsed time = 00:00:01, memory = 15100.81 (MB).
[INFO DRT-0199]   Number of violations = 2.
Viol/Layer          M3
Metal Spacing        2
[INFO DRT-0267] cpu time = 00:00:04, elapsed time = 00:00:01, memory = 15101.06 (MB), peak = 17446.88 (MB)
Total wire length = 624546 um.
Total wire length on LAYER M1 = 0 um.
Total wire length on LAYER M2 = 126041 um.
Total wire length on LAYER M3 = 243292 um.
Total wire length on LAYER M4 = 156635 um.
Total wire length on LAYER M5 = 70568 um.
Total wire length on LAYER M6 = 21386 um.
Total wire length on LAYER M7 = 6623 um.
Total wire length on LAYER M8 = 0 um.
Total wire length on LAYER M9 = 0 um.
Total wire length on LAYER Pad = 0 um.
Total number of vias = 1308547.
Up-via summary (total 1308547):

------------------
 Active          0
     M1     393104
     M2     648136
     M3     199705
     M4      49369
     M5      14621
     M6       3612
     M7          0
     M8          0
     M9          0
------------------
       1308547


[INFO DRT-0195] Start 6th guides tiles iteration.
    Completing 20% with 2 violations.
    elapsed time = 00:00:00, memory = 15101.06 (MB).
    Completing 50% with 2 violations.
    elapsed time = 00:00:00, memory = 15101.06 (MB).
    Completing 70% with 2 violations.
    elapsed time = 00:00:00, memory = 15101.06 (MB).
    Completing 100% with 1 violations.
    elapsed time = 00:00:00, memory = 15101.06 (MB).
[INFO DRT-0199]   Number of violations = 1.
Viol/Layer          M3
Metal Spacing        1
[INFO DRT-0267] cpu time = 00:00:01, elapsed time = 00:00:00, memory = 15101.06 (MB), peak = 17446.88 (MB)
Total wire length = 624547 um.
Total wire length on LAYER M1 = 0 um.
Total wire length on LAYER M2 = 126041 um.
Total wire length on LAYER M3 = 243292 um.
Total wire length on LAYER M4 = 156635 um.
Total wire length on LAYER M5 = 70568 um.
Total wire length on LAYER M6 = 21386 um.
Total wire length on LAYER M7 = 6623 um.
Total wire length on LAYER M8 = 0 um.
Total wire length on LAYER M9 = 0 um.
Total wire length on LAYER Pad = 0 um.
Total number of vias = 1308547.
Up-via summary (total 1308547):

------------------
 Active          0
     M1     393104
     M2     648136
     M3     199705
     M4      49369
     M5      14621
     M6       3612
     M7          0
     M8          0
     M9          0
------------------
       1308547


[INFO DRT-0195] Start 7th guides tiles iteration.
    Completing 50% with 1 violations.
    elapsed time = 00:00:00, memory = 15101.06 (MB).
    Completing 100% with 1 violations.
    elapsed time = 00:00:00, memory = 15101.06 (MB).
[INFO DRT-0199]   Number of violations = 1.
Viol/Layer          M3
Metal Spacing        1
[INFO DRT-0267] cpu time = 00:00:01, elapsed time = 00:00:00, memory = 15103.59 (MB), peak = 17446.88 (MB)
Total wire length = 624547 um.
Total wire length on LAYER M1 = 0 um.
Total wire length on LAYER M2 = 126041 um.
Total wire length on LAYER M3 = 243292 um.
Total wire length on LAYER M4 = 156635 um.
Total wire length on LAYER M5 = 70568 um.
Total wire length on LAYER M6 = 21386 um.
Total wire length on LAYER M7 = 6623 um.
Total wire length on LAYER M8 = 0 um.
Total wire length on LAYER M9 = 0 um.
Total wire length on LAYER Pad = 0 um.
Total number of vias = 1308547.
Up-via summary (total 1308547):

------------------
 Active          0
     M1     393104
     M2     648136
     M3     199705
     M4      49369
     M5      14621
     M6       3612
     M7          0
     M8          0
     M9          0
------------------
       1308547


[INFO DRT-0195] Start 8th stubborn tiles iteration.
    Completing 10% with 1 violations.
    elapsed time = 00:00:01, memory = 17223.29 (MB).
    Completing 20% with 1 violations.
    elapsed time = 00:00:01, memory = 17154.22 (MB).
    Completing 30% with 1 violations.
    elapsed time = 00:00:01, memory = 16810.48 (MB).
    Completing 40% with 1 violations.
    elapsed time = 00:00:01, memory = 16952.08 (MB).
    Completing 50% with 1 violations.
    elapsed time = 00:00:01, memory = 16614.19 (MB).
    Completing 60% with 1 violations.
    elapsed time = 00:00:01, memory = 16334.68 (MB).
    Completing 70% with 1 violations.
    elapsed time = 00:00:01, memory = 15993.90 (MB).
    Completing 80% with 1 violations.
    elapsed time = 00:00:01, memory = 15648.66 (MB).
    Completing 90% with 1 violations.
    elapsed time = 00:00:01, memory = 15376.12 (MB).
    Completing 100% with 0 violations.
    elapsed time = 00:00:02, memory = 15103.59 (MB).
[INFO DRT-0199]   Number of violations = 0.
[INFO DRT-0267] cpu time = 00:00:46, elapsed time = 00:00:02, memory = 15103.59 (MB), peak = 17446.88 (MB)
Total wire length = 624547 um.
Total wire length on LAYER M1 = 0 um.
Total wire length on LAYER M2 = 126041 um.
Total wire length on LAYER M3 = 243292 um.
Total wire length on LAYER M4 = 156635 um.
Total wire length on LAYER M5 = 70568 um.
Total wire length on LAYER M6 = 21386 um.
Total wire length on LAYER M7 = 6623 um.
Total wire length on LAYER M8 = 0 um.
Total wire length on LAYER M9 = 0 um.
Total wire length on LAYER Pad = 0 um.
Total number of vias = 1308549.
Up-via summary (total 1308549):

------------------
 Active          0
     M1     393104
     M2     648138
     M3     199705
     M4      49369
     M5      14621
     M6       3612
     M7          0
     M8          0
     M9          0
------------------
       1308549


[INFO DRT-0198] Complete detail routing.
Total wire length = 624547 um.
Total wire length on LAYER M1 = 0 um.
Total wire length on LAYER M2 = 126041 um.
Total wire length on LAYER M3 = 243292 um.
Total wire length on LAYER M4 = 156635 um.
Total wire length on LAYER M5 = 70568 um.
Total wire length on LAYER M6 = 21386 um.
Total wire length on LAYER M7 = 6623 um.
Total wire length on LAYER M8 = 0 um.
Total wire length on LAYER M9 = 0 um.
Total wire length on LAYER Pad = 0 um.
Total number of vias = 1308549.
Up-via summary (total 1308549):

------------------
 Active          0
     M1     393104
     M2     648138
     M3     199705
     M4      49369
     M5      14621
     M6       3612
     M7          0
     M8          0
     M9          0
------------------
       1308549


[INFO DRT-0267] cpu time = 03:21:43, elapsed time = 00:08:05, memory = 15103.59 (MB), peak = 17446.88 (MB)

[INFO DRT-0180] Post processing.
[INFO DRT-0501] Runtime: 550.85s
Took 551 seconds: detailed_route -output_drc /tmp/workspace/scripts-Private_test-fr_cugr_cmp-1-/reports/asap7/cva6/base/5_route_drc.rpt -output_maze /tmp/workspace/scripts-Private_test-fr_cugr_cmp-1-/results/asap7/cva6/base/maze.log -droute_end_iter 64 -verbose 1 -drc_report_iter_step 5
[WARNING GRT-0246] No diode with LEF class CORE ANTENNACELL found.
[INFO ANT-0002] Found 0 net violations.
[INFO ANT-0001] Found 0 pin violations.
[INFO ANT-0002] Found 0 net violations.
[INFO ANT-0001] Found 0 pin violations.
Design area 18310 um^2 79% utilization.
write_db /tmp/workspace/scripts-Private_test-fr_cugr_cmp-1-/results/asap7/cva6/base/5_2_route.odb
Elapsed time: 9:25.09[h:]min:sec. CPU time: user 13795.18 sys 31.66 (2446%). Peak memory: 17865604KB.
Log                       Ext     Elapsed/s Peak Memory/MB sha1sum result [0:20)
5_2_route                 .odb          565          17446 32393f48c19ea797557a
/OpenROAD-flow-scripts/flow/scripts/flow.sh 5_3_fillcell fillcell
Running fillcell.tcl, stage 5_3_fillcell
source ./platforms/asap7/liberty_suppressions.tcl
read_liberty ./platforms/asap7/lib/NLDM/asap7sc7p5t_AO_RVT_FF_nldm_211120.lib.gz
read_liberty ./platforms/asap7/lib/NLDM/asap7sc7p5t_INVBUF_RVT_FF_nldm_220122.lib.gz
read_liberty ./platforms/asap7/lib/NLDM/asap7sc7p5t_OA_RVT_FF_nldm_211120.lib.gz
read_liberty ./platforms/asap7/lib/NLDM/asap7sc7p5t_SIMPLE_RVT_FF_nldm_211120.lib.gz
read_liberty ./platforms/asap7/lib/NLDM/asap7sc7p5t_SEQ_RVT_FF_nldm_220123.lib
read_liberty ./platforms/asap7/lib/NLDM/asap7sc7p5t_AO_LVT_FF_nldm_211120.lib.gz
read_liberty ./platforms/asap7/lib/NLDM/asap7sc7p5t_INVBUF_LVT_FF_nldm_220122.lib.gz
read_liberty ./platforms/asap7/lib/NLDM/asap7sc7p5t_OA_LVT_FF_nldm_211120.lib.gz
read_liberty ./platforms/asap7/lib/NLDM/asap7sc7p5t_SIMPLE_LVT_FF_nldm_211120.lib.gz
read_liberty ./platforms/asap7/lib/NLDM/asap7sc7p5t_SEQ_LVT_FF_nldm_220123.lib
read_liberty ./platforms/asap7/lib/NLDM/asap7sc7p5t_AO_SLVT_FF_nldm_211120.lib.gz
read_liberty ./platforms/asap7/lib/NLDM/asap7sc7p5t_INVBUF_SLVT_FF_nldm_220122.lib.gz
read_liberty ./platforms/asap7/lib/NLDM/asap7sc7p5t_OA_SLVT_FF_nldm_211120.lib.gz
read_liberty ./platforms/asap7/lib/NLDM/asap7sc7p5t_SIMPLE_SLVT_FF_nldm_211120.lib.gz
read_liberty ./platforms/asap7/lib/NLDM/asap7sc7p5t_SEQ_SLVT_FF_nldm_220123.lib
read_liberty ./platforms/asap7/lib/NLDM/fakeram7_64x256.lib
read_liberty ./platforms/asap7/lib/NLDM/fakeram7_128x64.lib
read_liberty ./platforms/asap7/lib/NLDM/fakeram7_64x28.lib
read_liberty ./platforms/asap7/lib/NLDM/fakeram7_64x25.lib
read_db -hier /tmp/workspace/scripts-Private_test-fr_cugr_cmp-1-/results/asap7/cva6/base/5_2_route.odb
[WARNING ORD-0012] Hierarchical flow (-hier) is currently in development and may cause multiple issues. Do not use in production environments.
read_sdc /tmp/workspace/scripts-Private_test-fr_cugr_cmp-1-/results/asap7/cva6/base/5_1_grt.sdc
source ./platforms/asap7/setRC.tcl
filler_placement "FILLERxp5_ASAP7_75t_R FILLER_ASAP7_75t_R DECAPx1_ASAP7_75t_R DECAPx2_ASAP7_75t_R DECAPx4_ASAP7_75t_R DECAPx6_ASAP7_75t_R DECAPx10_ASAP7_75t_R FILLERxp5_ASAP7_75t_L FILLER_ASAP7_75t_L DECAPx1_ASAP7_75t_L DECAPx2_ASAP7_75t_L DECAPx4_ASAP7_75t_L DECAPx6_ASAP7_75t_L DECAPx10_ASAP7_75t_L FILLERxp5_ASAP7_75t_SL FILLER_ASAP7_75t_SL DECAPx1_ASAP7_75t_SL DECAPx2_ASAP7_75t_SL DECAPx4_ASAP7_75t_SL DECAPx6_ASAP7_75t_SL DECAPx10_ASAP7_75t_SL"
[INFO DPL-0001] Placed 94838 filler instances.
Design area 18310 um^2 79% utilization.
write_db /tmp/workspace/scripts-Private_test-fr_cugr_cmp-1-/results/asap7/cva6/base/5_3_fillcell.odb
Elapsed time: 0:04.93[h:]min:sec. CPU time: user 4.74 sys 0.19 (100%). Peak memory: 954868KB.
Log                       Ext     Elapsed/s Peak Memory/MB sha1sum result [0:20)
5_3_fillcell              .odb            4            932 890b292b5134a0dc3c19
cp /tmp/workspace/scripts-Private_test-fr_cugr_cmp-1-/results/asap7/cva6/base/5_3_fillcell.odb /tmp/workspace/scripts-Private_test-fr_cugr_cmp-1-/results/asap7/cva6/base/5_route.odb
cp /tmp/workspace/scripts-Private_test-fr_cugr_cmp-1-/results/asap7/cva6/base/5_1_grt.sdc /tmp/workspace/scripts-Private_test-fr_cugr_cmp-1-/results/asap7/cva6/base/5_route.sdc
/OpenROAD-flow-scripts/flow/scripts/flow.sh 6_1_fill density_fill
Running density_fill.tcl, stage 6_1_fill
source ./platforms/asap7/liberty_suppressions.tcl
read_liberty ./platforms/asap7/lib/NLDM/asap7sc7p5t_AO_RVT_FF_nldm_211120.lib.gz
read_liberty ./platforms/asap7/lib/NLDM/asap7sc7p5t_INVBUF_RVT_FF_nldm_220122.lib.gz
read_liberty ./platforms/asap7/lib/NLDM/asap7sc7p5t_OA_RVT_FF_nldm_211120.lib.gz
read_liberty ./platforms/asap7/lib/NLDM/asap7sc7p5t_SIMPLE_RVT_FF_nldm_211120.lib.gz
read_liberty ./platforms/asap7/lib/NLDM/asap7sc7p5t_SEQ_RVT_FF_nldm_220123.lib
read_liberty ./platforms/asap7/lib/NLDM/asap7sc7p5t_AO_LVT_FF_nldm_211120.lib.gz
read_liberty ./platforms/asap7/lib/NLDM/asap7sc7p5t_INVBUF_LVT_FF_nldm_220122.lib.gz
read_liberty ./platforms/asap7/lib/NLDM/asap7sc7p5t_OA_LVT_FF_nldm_211120.lib.gz
read_liberty ./platforms/asap7/lib/NLDM/asap7sc7p5t_SIMPLE_LVT_FF_nldm_211120.lib.gz
read_liberty ./platforms/asap7/lib/NLDM/asap7sc7p5t_SEQ_LVT_FF_nldm_220123.lib
read_liberty ./platforms/asap7/lib/NLDM/asap7sc7p5t_AO_SLVT_FF_nldm_211120.lib.gz
read_liberty ./platforms/asap7/lib/NLDM/asap7sc7p5t_INVBUF_SLVT_FF_nldm_220122.lib.gz
read_liberty ./platforms/asap7/lib/NLDM/asap7sc7p5t_OA_SLVT_FF_nldm_211120.lib.gz
read_liberty ./platforms/asap7/lib/NLDM/asap7sc7p5t_SIMPLE_SLVT_FF_nldm_211120.lib.gz
read_liberty ./platforms/asap7/lib/NLDM/asap7sc7p5t_SEQ_SLVT_FF_nldm_220123.lib
read_liberty ./platforms/asap7/lib/NLDM/fakeram7_64x256.lib
read_liberty ./platforms/asap7/lib/NLDM/fakeram7_128x64.lib
read_liberty ./platforms/asap7/lib/NLDM/fakeram7_64x28.lib
read_liberty ./platforms/asap7/lib/NLDM/fakeram7_64x25.lib
read_db -hier /tmp/workspace/scripts-Private_test-fr_cugr_cmp-1-/results/asap7/cva6/base/5_route.odb
[WARNING ORD-0012] Hierarchical flow (-hier) is currently in development and may cause multiple issues. Do not use in production environments.
read_sdc /tmp/workspace/scripts-Private_test-fr_cugr_cmp-1-/results/asap7/cva6/base/5_route.sdc
source ./platforms/asap7/setRC.tcl
exec cp /tmp/workspace/scripts-Private_test-fr_cugr_cmp-1-/results/asap7/cva6/base/5_route.odb /tmp/workspace/scripts-Private_test-fr_cugr_cmp-1-/results/asap7/cva6/base/6_1_fill.odb
Elapsed time: 0:03.47[h:]min:sec. CPU time: user 3.31 sys 0.16 (100%). Peak memory: 755444KB.
Log                       Ext     Elapsed/s Peak Memory/MB sha1sum result [0:20)
6_1_fill                  .odb            3            737 890b292b5134a0dc3c19
cp /tmp/workspace/scripts-Private_test-fr_cugr_cmp-1-/results/asap7/cva6/base/5_route.sdc /tmp/workspace/scripts-Private_test-fr_cugr_cmp-1-/results/asap7/cva6/base/6_1_fill.sdc
/OpenROAD-flow-scripts/flow/scripts/flow.sh 6_report final_report
Running final_report.tcl, stage 6_report
source ./platforms/asap7/liberty_suppressions.tcl
read_liberty ./platforms/asap7/lib/NLDM/asap7sc7p5t_AO_RVT_FF_nldm_211120.lib.gz
read_liberty ./platforms/asap7/lib/NLDM/asap7sc7p5t_INVBUF_RVT_FF_nldm_220122.lib.gz
read_liberty ./platforms/asap7/lib/NLDM/asap7sc7p5t_OA_RVT_FF_nldm_211120.lib.gz
read_liberty ./platforms/asap7/lib/NLDM/asap7sc7p5t_SIMPLE_RVT_FF_nldm_211120.lib.gz
read_liberty ./platforms/asap7/lib/NLDM/asap7sc7p5t_SEQ_RVT_FF_nldm_220123.lib
read_liberty ./platforms/asap7/lib/NLDM/asap7sc7p5t_AO_LVT_FF_nldm_211120.lib.gz
read_liberty ./platforms/asap7/lib/NLDM/asap7sc7p5t_INVBUF_LVT_FF_nldm_220122.lib.gz
read_liberty ./platforms/asap7/lib/NLDM/asap7sc7p5t_OA_LVT_FF_nldm_211120.lib.gz
read_liberty ./platforms/asap7/lib/NLDM/asap7sc7p5t_SIMPLE_LVT_FF_nldm_211120.lib.gz
read_liberty ./platforms/asap7/lib/NLDM/asap7sc7p5t_SEQ_LVT_FF_nldm_220123.lib
read_liberty ./platforms/asap7/lib/NLDM/asap7sc7p5t_AO_SLVT_FF_nldm_211120.lib.gz
read_liberty ./platforms/asap7/lib/NLDM/asap7sc7p5t_INVBUF_SLVT_FF_nldm_220122.lib.gz
read_liberty ./platforms/asap7/lib/NLDM/asap7sc7p5t_OA_SLVT_FF_nldm_211120.lib.gz
read_liberty ./platforms/asap7/lib/NLDM/asap7sc7p5t_SIMPLE_SLVT_FF_nldm_211120.lib.gz
read_liberty ./platforms/asap7/lib/NLDM/asap7sc7p5t_SEQ_SLVT_FF_nldm_220123.lib
read_liberty ./platforms/asap7/lib/NLDM/fakeram7_64x256.lib
read_liberty ./platforms/asap7/lib/NLDM/fakeram7_128x64.lib
read_liberty ./platforms/asap7/lib/NLDM/fakeram7_64x28.lib
read_liberty ./platforms/asap7/lib/NLDM/fakeram7_64x25.lib
read_db -hier /tmp/workspace/scripts-Private_test-fr_cugr_cmp-1-/results/asap7/cva6/base/6_1_fill.odb
[WARNING ORD-0012] Hierarchical flow (-hier) is currently in development and may cause multiple issues. Do not use in production environments.
read_sdc /tmp/workspace/scripts-Private_test-fr_cugr_cmp-1-/results/asap7/cva6/base/6_1_fill.sdc
source ./platforms/asap7/setRC.tcl
write_db /tmp/workspace/scripts-Private_test-fr_cugr_cmp-1-/results/asap7/cva6/base/6_final.odb
write_sdc -no_timestamp /tmp/workspace/scripts-Private_test-fr_cugr_cmp-1-/results/asap7/cva6/base/6_final.sdc
Deleted 0 routing obstructions
[INFO RCX-0431] Defined process_corner X with ext_model_index 0
[INFO RCX-0029] Defined extraction corner X
[WARNING RCX-0514] The ext_model_file option is deprecated. Use set_extraction_rules_file command instead.
[INFO RCX-0435] Reading extraction model file ./platforms/asap7/rcx_patterns.rules ...
[INFO RCX-0436] RC segment generation cva6 (max_merge_res 50.0) ...
[INFO RCX-0040] Final 1009312 rc segments
[INFO RCX-0439] Coupling Cap extraction cva6 ...
[INFO RCX-0440] Coupling threshhold is 0.1000 fF, coupling capacitance less than 0.1000 fF will be grounded.
[INFO RCX-0442] 10% of 1095773 wires extracted
[INFO RCX-0442] 23% of 1095773 wires extracted
[INFO RCX-0442] 36% of 1095773 wires extracted
[INFO RCX-0442] 54% of 1095773 wires extracted
[INFO RCX-0442] 60% of 1095773 wires extracted
[INFO RCX-0442] 72% of 1095773 wires extracted
[INFO RCX-0442] 86% of 1095773 wires extracted
[INFO RCX-0442] 100% of 1095773 wires extracted
[INFO RCX-0045] Extract 125460 nets, 1134037 rsegs, 1134037 caps, 1832066 ccs
[INFO RCX-0042] 100000 nets finished
[INFO RCX-0443] 125460 nets finished
[INFO PSM-0040] All shapes on net VDD are connected.
########## IR report #################
Net              : VDD
Corner           : default
Total power      : 1.67e-01 W
Supply voltage   : 7.70e-01 V
Worstcase voltage: 7.60e-01 V
Average voltage  : 7.69e-01 V
Average IR drop  : 1.46e-03 V
Worstcase IR drop: 9.84e-03 V
Percentage drop  : 1.28 %
######################################
[INFO PSM-0040] All shapes on net VSS are connected.
########## IR report #################
Net              : VSS
Corner           : default
Total power      : 1.67e-01 W
Supply voltage   : 0.00e+00 V
Worstcase voltage: 1.00e-02 V
Average voltage  : 1.45e-03 V
Average IR drop  : 1.45e-03 V
Worstcase IR drop: 1.00e-02 V
Percentage drop  : 1.30 %
######################################
Cell type report:                        Count       Area
  Macro                                      8    4167.38
  Fill cell                              94838    4279.17
  Tap cell                                2587      75.44
  Tie cell                                7843     343.05
  Clock buffer                            1061     463.29
  Timing Repair Buffer                   12977    1131.58
  Inverter                               10316     451.24
  Clock inverter                             1       0.10
  Sequential cell                         8465    3052.50
  Multi-Input combinational cell         79281    8625.41
  Total                                 217377   22589.17
Report metrics stage 6, finish...

==========================================================================
finish report_design_area
--------------------------------------------------------------------------
Design area 18310 um^2 79% utilization.
[WARNING GUI-0076] QStandardPaths: XDG_RUNTIME_DIR not set, defaulting to '/tmp/runtime-root'
Elapsed time: 1:59.02[h:]min:sec. CPU time: user 241.06 sys 51.30 (245%). Peak memory: 3202220KB.
Log                       Ext     Elapsed/s Peak Memory/MB sha1sum result [0:20)
6_report                                119           3127                  N/A
cp ./platforms/asap7/lef/asap7_tech_1x_201209.lef /tmp/workspace/scripts-Private_test-fr_cugr_cmp-1-/objects/asap7/cva6/base/klayout_tech.lef
/usr/bin/python3 /OpenROAD-flow-scripts/flow/util/generate_klayout_tech.py \
	--template ./platforms/asap7/KLayout/asap7.lyt \
	--output /tmp/workspace/scripts-Private_test-fr_cugr_cmp-1-/objects/asap7/cva6/base/klayout.lyt \
	--lef-files /tmp/workspace/scripts-Private_test-fr_cugr_cmp-1-/objects/asap7/cva6/base/klayout_tech.lef ./platforms/asap7/lef/asap7sc7p5t_28_R_1x_220121a.lef ./platforms/asap7/lef/fakeram7_64x256.lef ./platforms/asap7/lef/fakeram7_128x64.lef ./platforms/asap7/lef/fakeram7_64x28.lef ./platforms/asap7/lef/fakeram7_64x25.lef ./platforms/asap7/lef/asap7sc7p5t_28_L_1x_220121a.lef ./platforms/asap7/lef/asap7sc7p5t_28_SL_1x_220121a.lef   \
	--map-files 
/usr/bin/python3 /OpenROAD-flow-scripts/flow/scripts/run_command.py --log /tmp/workspace/scripts-Private_test-fr_cugr_cmp-1-/logs/asap7/cva6/base/6_1_merge.log --tee -- \
        /OpenROAD-flow-scripts/flow/scripts/klayout.sh -zz -rd design_name=cva6 \
        -rd in_def=/tmp/workspace/scripts-Private_test-fr_cugr_cmp-1-/results/asap7/cva6/base/6_final.def \
        -rd in_files="./platforms/asap7/gds/asap7sc7p5t_28_R_220121a.gds ./platforms/asap7/gds/asap7sc7p5t_28_L_220121a.gds ./platforms/asap7/gds/asap7sc7p5t_28_SL_220121a.gds  " \
        -rd seal_file="" \
        -rd out_file=/tmp/workspace/scripts-Private_test-fr_cugr_cmp-1-/results/asap7/cva6/base/6_1_merged.gds \
        -rd tech_file=/tmp/workspace/scripts-Private_test-fr_cugr_cmp-1-/objects/asap7/cva6/base/klayout.lyt \
        -rd layer_map= \
        -r /OpenROAD-flow-scripts/flow/util/def2stream.py
KLayout 0.30.7
Warning: DEF UNITS does not match reader DBU (DEF UNITS is 1000 and corresponds to a DBU of 0.001, but reader DBU is set to 0.00025) (line=5, cell=, file=6_final.def)
[INFO] Reporting cells prior to loading DEF ...
	./platforms/asap7/gds/asap7sc7p5t_28_R_220121a.gds
	./platforms/asap7/gds/asap7sc7p5t_28_L_220121a.gds
	./platforms/asap7/gds/asap7sc7p5t_28_SL_220121a.gds
[INFO] GDS_ALLOW_EMPTY=fakeram.*
[WARNING] LEF Cell 'fakeram7_64x256' ignored. Matches GDS_ALLOW_EMPTY.
[WARNING] LEF Cell 'fakeram7_64x25' ignored. Matches GDS_ALLOW_EMPTY.
[WARNING] LEF Cell 'fakeram7_128x64' ignored. Matches GDS_ALLOW_EMPTY.
[WARNING] LEF Cell 'fakeram7_64x28' ignored. Matches GDS_ALLOW_EMPTY.
[INFO] No orphan cells in the final layout
Elapsed time: 0:07.46[h:]min:sec. CPU time: user 7.26 sys 0.20 (99%). Peak memory: 1020184KB.
cp /tmp/workspace/scripts-Private_test-fr_cugr_cmp-1-/results/asap7/cva6/base/6_1_merged.gds /tmp/workspace/scripts-Private_test-fr_cugr_cmp-1-/results/asap7/cva6/base/6_final.gds
/tmp/workspace/scripts-Private_test-fr_cugr_cmp-1-/logs/asap7/cva6/base
Log                       Ext     Elapsed/s Peak Memory/MB sha1sum result [0:20)
1_1_yosys_canonicalize    .rtlil          3            303 8546daa9fab20173e2a1
1_2_yosys                 .v            383           1356 1f542e5a81cd52225b1d
1_2_yosys                 .sdc                             76559df50b1fde1b4886
1_synth                   .odb            5            647 f86b6d6e08c66e35cc61
1_synth                   .sdc                             d0187f6e78466b387185
2_1_floorplan             .odb           90            886 fa1d5e8773e0ca1b5343
2_1_floorplan             .sdc                             d0187f6e78466b387185
2_2_floorplan_macro       .odb           39            825 18d8f9f7926fd2647b82
2_3_floorplan_tapcell     .odb            3            529 91d2a5ac3db8a1cab1f8
2_4_floorplan_pdn         .odb            4            647 c20e9546d52ea6b9dbf9
3_1_place_gp_skip_io      .odb           12            736 7bbbe56609ca8c604834
3_2_place_iop             .odb            3            599 d9df8dedc92e6b59c9f1
3_3_place_gp              .odb          176           1784 2e311b8050109f8a4477
3_4_place_resized         .odb           49           1028 e3d71680ee3ba26d95aa
3_5_place_dp              .odb           68           1193 163d6d39562b14213752
4_1_cts                   .odb          270           1694 d40720d47598dfef02f0
5_1_grt                   .odb          199           2526 010710a9b22d02be94cb
5_1_grt                   .sdc                             67b5b10889f7acd0d38c
5_2_route                 .odb          565          17446 32393f48c19ea797557a
5_3_fillcell              .odb            4            932 890b292b5134a0dc3c19
6_1_fill                  .odb            3            737 890b292b5134a0dc3c19
6_1_fill                  .sdc                             67b5b10889f7acd0d38c
6_1_merge                                 7            996                  N/A
6_report                                119           3127                  N/A
Total                                  2002          17446                     
mkdir -p /tmp/workspace/scripts-Private_test-fr_cugr_cmp-1-/reports/asap7/cva6/base
echo ./designs/asap7/cva6 > /tmp/workspace/scripts-Private_test-fr_cugr_cmp-1-/reports/asap7/cva6/base/design-dir.txt
/usr/bin/python3 /OpenROAD-flow-scripts/flow/util/genMetrics.py -d cva6 \
    -p asap7 \
    -v base \
    --logs /tmp/workspace/scripts-Private_test-fr_cugr_cmp-1-/logs/asap7/cva6/base \
    --reports /tmp/workspace/scripts-Private_test-fr_cugr_cmp-1-/reports/asap7/cva6/base \
    --results /tmp/workspace/scripts-Private_test-fr_cugr_cmp-1-/results/asap7/cva6/base \
    -o /tmp/workspace/scripts-Private_test-fr_cugr_cmp-1-/reports/asap7/cva6/base/metadata.json 2>&1 \
    | tee /tmp/workspace/scripts-Private_test-fr_cugr_cmp-1-/reports/asap7/cva6/base/metadata-generate.log
[WARN] not a git repo: /OpenROAD-flow-scripts/flow/util/../
[WARN] not a git repo: ./platforms/asap7
[WARN] Overwriting Tag synth__runtime__total
[WARN] Overwriting Tag synth__cpu__total
[WARN] Overwriting Tag synth__mem__peak
[WARN] Overwriting Tag finish__runtime__total
[WARN] Overwriting Tag finish__cpu__total
[WARN] Overwriting Tag finish__mem__peak
/usr/bin/python3 /OpenROAD-flow-scripts/flow/util/checkMetadata.py \
    -m /tmp/workspace/scripts-Private_test-fr_cugr_cmp-1-/reports/asap7/cva6/base/metadata.json \
    -r ./designs/asap7/cva6/rules-base.json 2>&1 \
    | tee /tmp/workspace/scripts-Private_test-fr_cugr_cmp-1-/reports/asap7/cva6/base/metadata-check.log
[INFO] synth__canonical_netlist__hash pass test: 8546daa9fab20173e2a1873f0268f52214d41e78 == 8546daa9fab20173e2a1873f0268f52214d41e78
[INFO] synth__netlist__hash pass test: 1f542e5a81cd52225b1d7480385ff67bb3c00b40 == 1f542e5a81cd52225b1d7480385ff67bb3c00b40
[INFO] synth__design__instance__area__stdcell pass test: 12156.1 <= 14100
[INFO] constraints__clocks__count pass test: 1 == 1
[INFO] placeopt__design__instance__area pass test: 17839.9 <= 19875
[INFO] placeopt__design__instance__count__stdcell pass test: 121383 <= 134139
[INFO] detailedplace__design__violations pass test: 0 == 0
[INFO] cts__design__instance__count__setup_buffer pass test: 6 <= 11664
[INFO] cts__design__instance__count__hold_buffer pass test: 69 <= 11664
[INFO] cts__timing__setup__ws pass test: 0.918265 >= -50
[INFO] cts__timing__setup__tns pass test: 0 >= -200
[INFO] cts__timing__hold__ws pass test: 0.506289 >= -50
[INFO] cts__timing__hold__tns pass test: 0 >= -200
[INFO] globalroute__antenna_diodes_count pass test: 0 <= 118
[INFO] globalroute__timing__setup__ws pass test: 0.462852 >= -50
[INFO] globalroute__timing__setup__tns pass test: 0 >= -200
[INFO] globalroute__timing__hold__ws pass test: 25.7167 >= -50
[INFO] globalroute__timing__hold__tns pass test: 0 >= -200
[INFO] detailedroute__route__wirelength pass test: 624547 <= 688855
[INFO] detailedroute__route__drc_errors pass test: 0 <= 0
[INFO] detailedroute__antenna__violating__nets pass test: 0 <= 0
[INFO] detailedroute__antenna_diodes_count pass test: 0 <= 118
[INFO] finish__timing__setup__ws pass test: 5.92015 >= -50
[INFO] finish__timing__setup__tns pass test: 0 >= -200
[INFO] finish__timing__hold__ws pass test: 23.4971 >= -50
[INFO] finish__timing__hold__tns pass test: 0 >= -200
[INFO] finish__design__instance__area pass test: 18310 <= 20198
Metadata check warnings: 0
All metadata rules passed (27 rules)
/OpenROAD-flow-scripts/flow/util/makeIssue.sh /tmp/workspace/scripts-Private_test-fr_cugr_cmp-1-/final_report
Creating issue for target final_report in /tmp/workspace/scripts-Private_test-fr_cugr_cmp-1-
Archiving issue to /tmp/workspace/scripts-Private_test-fr_cugr_cmp-1-/final_report_cva6_asap7_base_2026-08-20_04-44.tar.gz
Using gzip to compress tar file
tar: Removing leading `/' from member names
tar: Removing leading `/' from hard link targets
