rm -f /tmp/workspace/scripts-Private_test-fr_cugr_cmp-1-/results/asap7/riscv32i-mock-sram/base/1_* /tmp/workspace/scripts-Private_test-fr_cugr_cmp-1-/results/asap7/riscv32i-mock-sram/base/mem*.json
rm -rf /tmp/workspace/scripts-Private_test-fr_cugr_cmp-1-/results/asap7/riscv32i-mock-sram/base/memories
rm -f /tmp/workspace/scripts-Private_test-fr_cugr_cmp-1-/reports/asap7/riscv32i-mock-sram/base/synth_*
rm -f /tmp/workspace/scripts-Private_test-fr_cugr_cmp-1-/logs/asap7/riscv32i-mock-sram/base/1_*
rm -f 
rm -f /tmp/workspace/scripts-Private_test-fr_cugr_cmp-1-/results/asap7/riscv32i-mock-sram/base/clock_period.txt
rm -f /tmp/workspace/scripts-Private_test-fr_cugr_cmp-1-/results/asap7/riscv32i-mock-sram/base/2_*floorplan*.odb /tmp/workspace/scripts-Private_test-fr_cugr_cmp-1-/results/asap7/riscv32i-mock-sram/base/2_floorplan.sdc /tmp/workspace/scripts-Private_test-fr_cugr_cmp-1-/results/asap7/riscv32i-mock-sram/base/2_*.v /tmp/workspace/scripts-Private_test-fr_cugr_cmp-1-/results/asap7/riscv32i-mock-sram/base/2_*.def
rm -f /tmp/workspace/scripts-Private_test-fr_cugr_cmp-1-/reports/asap7/riscv32i-mock-sram/base/2_*
rm -f /tmp/workspace/scripts-Private_test-fr_cugr_cmp-1-/logs/asap7/riscv32i-mock-sram/base/2_*
rm -f /tmp/workspace/scripts-Private_test-fr_cugr_cmp-1-/results/asap7/riscv32i-mock-sram/base/3_*place*.odb
rm -f /tmp/workspace/scripts-Private_test-fr_cugr_cmp-1-/results/asap7/riscv32i-mock-sram/base/3_place.sdc
rm -f /tmp/workspace/scripts-Private_test-fr_cugr_cmp-1-/results/asap7/riscv32i-mock-sram/base/3_*.def /tmp/workspace/scripts-Private_test-fr_cugr_cmp-1-/results/asap7/riscv32i-mock-sram/base/3_*.v
rm -f /tmp/workspace/scripts-Private_test-fr_cugr_cmp-1-/reports/asap7/riscv32i-mock-sram/base/3_*
rm -f /tmp/workspace/scripts-Private_test-fr_cugr_cmp-1-/logs/asap7/riscv32i-mock-sram/base/3_*
rm -rf /tmp/workspace/scripts-Private_test-fr_cugr_cmp-1-/results/asap7/riscv32i-mock-sram/base/4_*cts*.odb /tmp/workspace/scripts-Private_test-fr_cugr_cmp-1-/results/asap7/riscv32i-mock-sram/base/4_cts.sdc /tmp/workspace/scripts-Private_test-fr_cugr_cmp-1-/results/asap7/riscv32i-mock-sram/base/4_*.v /tmp/workspace/scripts-Private_test-fr_cugr_cmp-1-/results/asap7/riscv32i-mock-sram/base/4_*.def
rm -f  /tmp/workspace/scripts-Private_test-fr_cugr_cmp-1-/reports/asap7/riscv32i-mock-sram/base/4_*
rm -rf /tmp/workspace/scripts-Private_test-fr_cugr_cmp-1-/logs/asap7/riscv32i-mock-sram/base/4_*
rm -rf /tmp/workspace/scripts-Private_test-fr_cugr_cmp-1-/results/asap7/riscv32i-mock-sram/base/route.guide /tmp/workspace/scripts-Private_test-fr_cugr_cmp-1-/results/asap7/riscv32i-mock-sram/base/output_guide.mod /tmp/workspace/scripts-Private_test-fr_cugr_cmp-1-/results/asap7/riscv32i-mock-sram/base/updated_clks.sdc
rm -rf /tmp/workspace/scripts-Private_test-fr_cugr_cmp-1-/results/asap7/riscv32i-mock-sram/base/5_*.odb /tmp/workspace/scripts-Private_test-fr_cugr_cmp-1-/results/asap7/riscv32i-mock-sram/base/5_route.sdc /tmp/workspace/scripts-Private_test-fr_cugr_cmp-1-/results/asap7/riscv32i-mock-sram/base/5_*.def /tmp/workspace/scripts-Private_test-fr_cugr_cmp-1-/results/asap7/riscv32i-mock-sram/base/5_*.v
rm -f  /tmp/workspace/scripts-Private_test-fr_cugr_cmp-1-/reports/asap7/riscv32i-mock-sram/base/5_*
rm -f  /tmp/workspace/scripts-Private_test-fr_cugr_cmp-1-/logs/asap7/riscv32i-mock-sram/base/5_*
rm -rf /tmp/workspace/scripts-Private_test-fr_cugr_cmp-1-/results/asap7/riscv32i-mock-sram/base/6_*.gds /tmp/workspace/scripts-Private_test-fr_cugr_cmp-1-/results/asap7/riscv32i-mock-sram/base/6_*.oas /tmp/workspace/scripts-Private_test-fr_cugr_cmp-1-/results/asap7/riscv32i-mock-sram/base/6_*.odb /tmp/workspace/scripts-Private_test-fr_cugr_cmp-1-/results/asap7/riscv32i-mock-sram/base/6_*.v /tmp/workspace/scripts-Private_test-fr_cugr_cmp-1-/results/asap7/riscv32i-mock-sram/base/6_*.def /tmp/workspace/scripts-Private_test-fr_cugr_cmp-1-/results/asap7/riscv32i-mock-sram/base/6_*.sdc /tmp/workspace/scripts-Private_test-fr_cugr_cmp-1-/results/asap7/riscv32i-mock-sram/base/6_*.spef
rm -rf /tmp/workspace/scripts-Private_test-fr_cugr_cmp-1-/reports/asap7/riscv32i-mock-sram/base/6_*.rpt
rm -f  /tmp/workspace/scripts-Private_test-fr_cugr_cmp-1-/logs/asap7/riscv32i-mock-sram/base/6_*
rm -f /tmp/workspace/scripts-Private_test-fr_cugr_cmp-1-/reports/asap7/riscv32i-mock-sram/base/design-dir.txt
rm -f /tmp/workspace/scripts-Private_test-fr_cugr_cmp-1-/reports/asap7/riscv32i-mock-sram/base/metadata*.*
rm -f /tmp/workspace/scripts-Private_test-fr_cugr_cmp-1-/results/asap7/riscv32i-mock-sram/base/riscv_top.lib /tmp/workspace/scripts-Private_test-fr_cugr_cmp-1-/results/asap7/riscv32i-mock-sram/base/riscv_top.lef
rm -rf /tmp/workspace/scripts-Private_test-fr_cugr_cmp-1-/objects/asap7/riscv32i-mock-sram/base
make: Nothing to be done for 'clean_metadata'.
mkdir -p /tmp/workspace/scripts-Private_test-fr_cugr_cmp-1-/results/asap7/riscv32i-mock-sram_fakeram7_256x32/base/
echo 950 > /tmp/workspace/scripts-Private_test-fr_cugr_cmp-1-/results/asap7/riscv32i-mock-sram_fakeram7_256x32/base/clock_period.txt
/OpenROAD-flow-scripts/flow/scripts/synth.sh /OpenROAD-flow-scripts/flow/scripts/synth_canonicalize.tcl /tmp/workspace/scripts-Private_test-fr_cugr_cmp-1-/logs/asap7/riscv32i-mock-sram_fakeram7_256x32/base/1_1_yosys_canonicalize.log
Using ABC speed script.
Extracting clock period from SDC file: /tmp/workspace/scripts-Private_test-fr_cugr_cmp-1-/results/asap7/riscv32i-mock-sram_fakeram7_256x32/base/clock_period.txt
Setting clock period to 950
1. Executing Liberty frontend: ./platforms/asap7/lib/NLDM/asap7sc7p5t_AO_RVT_FF_nldm_211120.lib.gz
2. Executing Liberty frontend: ./platforms/asap7/lib/NLDM/asap7sc7p5t_INVBUF_RVT_FF_nldm_220122.lib.gz
3. Executing Liberty frontend: ./platforms/asap7/lib/NLDM/asap7sc7p5t_OA_RVT_FF_nldm_211120.lib.gz
4. Executing Liberty frontend: ./platforms/asap7/lib/NLDM/asap7sc7p5t_SIMPLE_RVT_FF_nldm_211120.lib.gz
5. Executing Liberty frontend: ./platforms/asap7/lib/NLDM/asap7sc7p5t_SEQ_RVT_FF_nldm_220123.lib
6. Executing Liberty frontend: ./platforms/asap7/lib/NLDM/asap7sc7p5t_AO_RVT_FF_nldm_211120.lib.gz
7. Executing Liberty frontend: ./platforms/asap7/lib/NLDM/asap7sc7p5t_INVBUF_RVT_FF_nldm_220122.lib.gz
8. Executing Liberty frontend: ./platforms/asap7/lib/NLDM/asap7sc7p5t_OA_RVT_FF_nldm_211120.lib.gz
9. Executing Liberty frontend: ./platforms/asap7/lib/NLDM/asap7sc7p5t_SIMPLE_RVT_FF_nldm_211120.lib.gz
10. Executing Liberty frontend: ./platforms/asap7/lib/NLDM/asap7sc7p5t_SEQ_RVT_FF_nldm_220123.lib
11. Executing Verilog-2005 frontend: /OpenROAD-flow-scripts/flow/designs/asap7/riscv32i-mock-sram/fakeram7_256x32/mock-fakeram7_256x32.v
12. Executing Verilog-2005 frontend: ./platforms/asap7/yoSys/cells_clkgate_R.v
13. Executing HIERARCHY pass (managing design hierarchy).
14. Executing AST frontend in derive mode using pre-parsed AST for module `\fakeram7_256x32'.
14.1. Analyzing design hierarchy..
14.2. Analyzing design hierarchy..
15. Executing OPT_CLEAN pass (remove unused cells and wires).
Warning: Ignoring module fakeram7_256x32 because it contains processes (run 'proc' command first).
16. Executing RTLIL backend.
Warnings: 1 unique messages, 1 total
End of script. Logfile hash: 8633695dec, time: 0.70s, user: 0.64s, system: 0.04s, MEM: 81.68 MB peak
Yosys 0.68+post (git sha1 UNKNOWN, Release, GNU /usr/local/bin/wrapped-cc/g++ 11.4.0)
Time spent: 97% 12x read_liberty (0 sec), 0% 2x write_rtlil (0 sec), ...
Elapsed time: 0:00.71[h:]min:sec. CPU time: user 0.66 sys 0.05 (99%). Peak memory: 86976KB.
Log                       Ext     Elapsed/s Peak Memory/MB sha1sum result [0:20)
1_1_yosys_canonicalize    .rtlil          0             84 d7bfc77808d129dcb65f
/OpenROAD-flow-scripts/flow/scripts/synth.sh /OpenROAD-flow-scripts/flow/scripts/synth.tcl /tmp/workspace/scripts-Private_test-fr_cugr_cmp-1-/logs/asap7/riscv32i-mock-sram_fakeram7_256x32/base/1_2_yosys.log
Using ABC speed script.
Extracting clock period from SDC file: /tmp/workspace/scripts-Private_test-fr_cugr_cmp-1-/results/asap7/riscv32i-mock-sram_fakeram7_256x32/base/clock_period.txt
Setting clock period to 950
1. Executing RTLIL frontend.
2. Executing HIERARCHY pass (managing design hierarchy).
2.1. Analyzing design hierarchy..
2.2. Analyzing design hierarchy..
3. Executing SYNTH pass.
3.1. Executing HIERARCHY pass (managing design hierarchy).
3.1.1. Analyzing design hierarchy..
3.1.2. Analyzing design hierarchy..
3.2. Executing PROC pass (convert processes to netlists).
3.2.1. Executing PROC_CLEAN pass (remove empty switches from decision trees).
3.2.2. Executing PROC_RMDEAD pass (remove dead branches from decision trees).
3.2.3. Executing PROC_PRUNE pass (remove redundant assignments in processes).
3.2.4. Executing PROC_INIT pass (extract init attributes).
3.2.5. Executing PROC_ARST pass (detect async resets in processes).
3.2.6. Executing PROC_ROM pass (convert switches to ROMs).
3.2.7. Executing PROC_MUX pass (convert decision trees to multiplexers).
3.2.8. Executing PROC_DLATCH pass (convert process syncs to latches).
3.2.9. Executing PROC_DFF pass (convert process syncs to FFs).
3.2.10. Executing PROC_MEMWR pass (convert process memory writes to cells).
3.2.11. Executing PROC_CLEAN pass (remove empty switches from decision trees).
3.2.12. Executing OPT_EXPR pass (perform const folding).
3.3. Executing CHECK pass (checking for obvious problems).
3.4. Executing FLATTEN pass (flatten design).
3.5. Executing OPT_EXPR pass (perform const folding).
3.6. Executing OPT_CLEAN pass (remove unused cells and wires).
3.7. Executing CHECK pass (checking for obvious problems).
3.8. Executing OPT pass (performing simple optimizations).
3.8.1. Executing OPT_EXPR pass (perform const folding).
3.8.2. Executing OPT_MERGE pass (detect identical cells).
3.8.3. Executing OPT_MUXTREE pass (detect dead branches in mux trees).
3.8.4. Executing OPT_REDUCE pass (consolidate $*mux and $reduce_* inputs).
3.8.5. Executing OPT_MERGE pass (detect identical cells).
3.8.6. Executing OPT_DFF pass (perform DFF optimizations).
3.8.7. Executing OPT_CLEAN pass (remove unused cells and wires).
3.8.8. Executing OPT_EXPR pass (perform const folding).
3.8.9. Rerunning OPT passes. (Maybe there is more to do..)
3.8.10. Executing OPT_MUXTREE pass (detect dead branches in mux trees).
3.8.11. Executing OPT_REDUCE pass (consolidate $*mux and $reduce_* inputs).
3.8.12. Executing OPT_MERGE pass (detect identical cells).
3.8.13. Executing OPT_DFF pass (perform DFF optimizations).
3.8.14. Executing OPT_CLEAN pass (remove unused cells and wires).
3.8.15. Executing OPT_EXPR pass (perform const folding).
3.8.16. Finished fast OPT passes. (There is nothing left to do.)
3.9. Executing FSM pass (extract and optimize FSM).
3.9.1. Executing FSM_DETECT pass (finding FSMs in design).
3.9.2. Executing FSM_EXTRACT pass (extracting FSM from design).
3.9.3. Executing FSM_OPT pass (simple optimizations of FSMs).
3.9.4. Executing OPT_CLEAN pass (remove unused cells and wires).
3.9.5. Executing FSM_OPT pass (simple optimizations of FSMs).
3.9.6. Executing FSM_RECODE pass (re-assigning FSM state encoding).
3.9.7. Executing FSM_INFO pass (dumping all available information on FSM cells).
3.9.8. Executing FSM_MAP pass (mapping FSMs to basic logic).
3.10. Executing OPT pass (performing simple optimizations).
3.10.1. Executing OPT_EXPR pass (perform const folding).
3.10.2. Executing OPT_MERGE pass (detect identical cells).
3.10.3. Executing OPT_MUXTREE pass (detect dead branches in mux trees).
3.10.4. Executing OPT_REDUCE pass (consolidate $*mux and $reduce_* inputs).
3.10.5. Executing OPT_MERGE pass (detect identical cells).
3.10.6. Executing OPT_DFF pass (perform DFF optimizations).
3.10.7. Executing OPT_CLEAN pass (remove unused cells and wires).
3.10.8. Executing OPT_EXPR pass (perform const folding).
3.10.9. Rerunning OPT passes. (Maybe there is more to do..)
3.10.10. Executing OPT_MUXTREE pass (detect dead branches in mux trees).
3.10.11. Executing OPT_REDUCE pass (consolidate $*mux and $reduce_* inputs).
3.10.12. Executing OPT_MERGE pass (detect identical cells).
3.10.13. Executing OPT_DFF pass (perform DFF optimizations).
3.10.14. Executing OPT_CLEAN pass (remove unused cells and wires).
3.10.15. Executing OPT_EXPR pass (perform const folding).
3.10.16. Finished fast OPT passes. (There is nothing left to do.)
3.11. Executing WREDUCE pass (reducing word size of cells).
3.12. Executing PEEPOPT pass (run peephole optimizers).
3.13. Executing OPT_CLEAN pass (remove unused cells and wires).
3.14. Executing ALUMACC pass (create $alu and $macc cells).
3.15. Executing SHARE pass (SAT-based resource sharing).
3.16. Executing OPT pass (performing simple optimizations).
3.16.1. Executing OPT_EXPR pass (perform const folding).
3.16.2. Executing OPT_MERGE pass (detect identical cells).
3.16.3. Executing OPT_MUXTREE pass (detect dead branches in mux trees).
3.16.4. Executing OPT_REDUCE pass (consolidate $*mux and $reduce_* inputs).
3.16.5. Executing OPT_MERGE pass (detect identical cells).
3.16.6. Executing OPT_DFF pass (perform DFF optimizations).
3.16.7. Executing OPT_CLEAN pass (remove unused cells and wires).
3.16.8. Executing OPT_EXPR pass (perform const folding).
3.16.9. Rerunning OPT passes. (Maybe there is more to do..)
3.16.10. Executing OPT_MUXTREE pass (detect dead branches in mux trees).
3.16.11. Executing OPT_REDUCE pass (consolidate $*mux and $reduce_* inputs).
3.16.12. Executing OPT_MERGE pass (detect identical cells).
3.16.13. Executing OPT_DFF pass (perform DFF optimizations).
3.16.14. Executing OPT_CLEAN pass (remove unused cells and wires).
3.16.15. Executing OPT_EXPR pass (perform const folding).
3.16.16. Finished fast OPT passes. (There is nothing left to do.)
3.17. Executing MEMORY pass.
3.17.1. Executing OPT_MEM pass (optimize memories).
3.17.2. Executing OPT_MEM_PRIORITY pass (removing unnecessary memory write priority relations).
3.17.3. Executing OPT_MEM_FEEDBACK pass (finding memory read-to-write feedback paths).
3.17.4. Executing MEMORY_BMUX2ROM pass (converting muxes to ROMs).
3.17.5. Executing MEMORY_DFF pass (merging $dff cells to $memrd).
3.17.6. Executing OPT_CLEAN pass (remove unused cells and wires).
3.17.7. Executing MEMORY_SHARE pass (consolidating $memrd/$memwr cells).
3.17.8. Executing OPT_MEM_WIDEN pass (optimize memories where all ports are wide).
3.17.9. Executing OPT_CLEAN pass (remove unused cells and wires).
3.17.10. Executing MEMORY_COLLECT pass (generating $mem cells).
3.18. Executing OPT_CLEAN pass (remove unused cells and wires).
4. Executing SYNTH pass.
4.1. Executing OPT pass (performing simple optimizations).
4.1.1. Executing OPT_EXPR pass (perform const folding).
4.1.2. Executing OPT_MERGE pass (detect identical cells).
4.1.3. Executing OPT_DFF pass (perform DFF optimizations).
4.1.4. Executing OPT_CLEAN pass (remove unused cells and wires).
4.1.5. Finished fast OPT passes.
4.2. Executing MEMORY_MAP pass (converting memories to logic and flip-flops).
4.3. Executing OPT pass (performing simple optimizations).
4.3.1. Executing OPT_EXPR pass (perform const folding).
4.3.2. Executing OPT_MERGE pass (detect identical cells).
4.3.3. Executing OPT_MUXTREE pass (detect dead branches in mux trees).
4.3.4. Executing OPT_REDUCE pass (consolidate $*mux and $reduce_* inputs).
4.3.5. Executing OPT_MERGE pass (detect identical cells).
4.3.6. Executing OPT_SHARE pass.
4.3.7. Executing OPT_DFF pass (perform DFF optimizations).
4.3.8. Executing OPT_CLEAN pass (remove unused cells and wires).
4.3.9. Executing OPT_EXPR pass (perform const folding).
4.3.10. Rerunning OPT passes. (Maybe there is more to do..)
4.3.11. Executing OPT_MUXTREE pass (detect dead branches in mux trees).
4.3.12. Executing OPT_REDUCE pass (consolidate $*mux and $reduce_* inputs).
4.3.13. Executing OPT_MERGE pass (detect identical cells).
4.3.14. Executing OPT_SHARE pass.
4.3.15. Executing OPT_DFF pass (perform DFF optimizations).
4.3.16. Executing OPT_CLEAN pass (remove unused cells and wires).
4.3.17. Executing OPT_EXPR pass (perform const folding).
4.3.18. Rerunning OPT passes. (Maybe there is more to do..)
4.3.19. Executing OPT_MUXTREE pass (detect dead branches in mux trees).
4.3.20. Executing OPT_REDUCE pass (consolidate $*mux and $reduce_* inputs).
4.3.21. Executing OPT_MERGE pass (detect identical cells).
4.3.22. Executing OPT_SHARE pass.
4.3.23. Executing OPT_DFF pass (perform DFF optimizations).
4.3.24. Executing OPT_CLEAN pass (remove unused cells and wires).
4.3.25. Executing OPT_EXPR pass (perform const folding).
4.3.26. Finished fast OPT passes. (There is nothing left to do.)
4.4. Executing TECHMAP pass (map to technology primitives).
4.4.1. Executing Verilog-2005 frontend: /OpenROAD-flow-scripts/tools/install/yosys/bin/../share/yosys/techmap.v
4.4.2. Executing Verilog-2005 frontend: /OpenROAD-flow-scripts/flow/platforms/common/lcu_kogge_stone.v
4.4.3. Continuing TECHMAP pass.
4.5. Executing OPT pass (performing simple optimizations).
4.5.1. Executing OPT_EXPR pass (perform const folding).
4.5.2. Executing OPT_MERGE pass (detect identical cells).
4.5.3. Executing OPT_DFF pass (perform DFF optimizations).
4.5.4. Executing OPT_CLEAN pass (remove unused cells and wires).
4.5.5. Finished fast OPT passes.
4.6. Executing HIERARCHY pass (managing design hierarchy).
4.6.1. Analyzing design hierarchy..
4.6.2. Analyzing design hierarchy..
4.7. Printing statistics.
4.8. Executing CHECK pass (checking for obvious problems).
5. Executing OPT pass (performing simple optimizations).
5.1. Executing OPT_EXPR pass (perform const folding).
5.2. Executing OPT_MERGE pass (detect identical cells).
5.3. Executing OPT_MUXTREE pass (detect dead branches in mux trees).
5.4. Executing OPT_REDUCE pass (consolidate $*mux and $reduce_* inputs).
5.5. Executing OPT_MERGE pass (detect identical cells).
5.6. Executing OPT_DFF pass (perform DFF optimizations).
5.7. Executing OPT_CLEAN pass (remove unused cells and wires).
5.8. Executing OPT_EXPR pass (perform const folding).
5.9. Finished fast OPT passes. (There is nothing left to do.)
6. Executing EXTRACT_FA pass (find and extract full/half adders).
7. Executing TECHMAP pass (map to technology primitives).
7.1. Executing Verilog-2005 frontend: ./platforms/asap7/yoSys/cells_adders_R.v
7.2. Continuing TECHMAP pass.
8. Executing TECHMAP pass (map to technology primitives).
8.1. Executing Verilog-2005 frontend: /OpenROAD-flow-scripts/tools/install/yosys/bin/../share/yosys/techmap.v
8.2. Continuing TECHMAP pass.
9. Executing OPT pass (performing simple optimizations).
9.1. Executing OPT_EXPR pass (perform const folding).
9.2. Executing OPT_MERGE pass (detect identical cells).
9.3. Executing OPT_DFF pass (perform DFF optimizations).
9.4. Executing OPT_CLEAN pass (remove unused cells and wires).
9.5. Finished fast OPT passes.
10. Executing DFFLEGALIZE pass (convert FFs to types supported by the target).
11. Executing TECHMAP pass (map to technology primitives).
11.1. Executing Verilog-2005 frontend: ./platforms/asap7/yoSys/cells_latch_R.v
11.2. Continuing TECHMAP pass.
12. Executing DFFLIBMAP pass (mapping DFF cells to sequential cells from liberty file).
12.1. Executing DFFLEGALIZE pass (convert FFs to types supported by the target).
13. Executing OPT pass (performing simple optimizations).
13.1. Executing OPT_EXPR pass (perform const folding).
13.2. Executing OPT_MERGE pass (detect identical cells).
13.3. Executing OPT_MUXTREE pass (detect dead branches in mux trees).
13.4. Executing OPT_REDUCE pass (consolidate $*mux and $reduce_* inputs).
13.5. Executing OPT_MERGE pass (detect identical cells).
13.6. Executing OPT_DFF pass (perform DFF optimizations).
13.7. Executing OPT_CLEAN pass (remove unused cells and wires).
13.8. Executing OPT_EXPR pass (perform const folding).
13.9. Rerunning OPT passes. (Maybe there is more to do..)
13.10. Executing OPT_MUXTREE pass (detect dead branches in mux trees).
13.11. Executing OPT_REDUCE pass (consolidate $*mux and $reduce_* inputs).
13.12. Executing OPT_MERGE pass (detect identical cells).
13.13. Executing OPT_DFF pass (perform DFF optimizations).
13.14. Executing OPT_CLEAN pass (remove unused cells and wires).
13.15. Executing OPT_EXPR pass (perform const folding).
13.16. Finished fast OPT passes. (There is nothing left to do.)
14. Executing SETUNDEF pass (replace undef values with defined constants).
abc -script /OpenROAD-flow-scripts/flow/scripts/abc_speed.script -liberty ./platforms/asap7/lib/NLDM/asap7sc7p5t_AO_RVT_FF_nldm_211120.lib.gz -liberty ./platforms/asap7/lib/NLDM/asap7sc7p5t_INVBUF_RVT_FF_nldm_220122.lib.gz -liberty ./platforms/asap7/lib/NLDM/asap7sc7p5t_OA_RVT_FF_nldm_211120.lib.gz -liberty ./platforms/asap7/lib/NLDM/asap7sc7p5t_SIMPLE_RVT_FF_nldm_211120.lib.gz -liberty ./platforms/asap7/lib/NLDM/asap7sc7p5t_SEQ_RVT_FF_nldm_220123.lib -dont_use *x1p*_ASAP7* -dont_use *xp*_ASAP7* -dont_use SDF* -dont_use ICG* -constr /tmp/workspace/scripts-Private_test-fr_cugr_cmp-1-/objects/asap7/riscv32i-mock-sram_fakeram7_256x32/base/abc.constr -D 950
15. Executing ABC pass (technology mapping using ABC).
15.1. Extracting gate netlist of module `\fakeram7_256x32' to `<abc-temp-dir>/input.blif'..
15.1.1. Executed ABC.
15.1.2. Re-integrating ABC results.
16. Executing SPLITNETS pass (splitting up multi-bit signals).
17. Executing OPT_CLEAN pass (remove unused cells and wires).
18. Executing HILOMAP pass (mapping to constant drivers).
19. Executing INSBUF pass (insert buffer cells for connected wires).
20. Executing CHECK pass (checking for obvious problems).
21. Printing statistics.
22. Executing CHECK pass (checking for obvious problems).
23. Executing Verilog backend.
23.1. Executing BMUXMAP pass.
23.2. Executing DEMUXMAP pass.
End of script. Logfile hash: ebd5629311, time: 1.73s, user: 0.78s, system: 0.28s, MEM: 146.91 MB peak
Yosys 0.68+post (git sha1 UNKNOWN, Release, GNU /usr/local/bin/wrapped-cc/g++ 11.4.0)
Time spent: 38% 1x abc (0 sec), 19% 1x dfflibmap (0 sec), ...
Elapsed time: 0:01.74[h:]min:sec. CPU time: user 1.41 sys 0.33 (99%). Peak memory: 151720KB.
Log                       Ext     Elapsed/s Peak Memory/MB sha1sum result [0:20)
1_2_yosys                 .v              1            148 3ac041c079e5bb89606a
cp /OpenROAD-flow-scripts/flow/designs/asap7/riscv32i-mock-sram/fakeram7_256x32/constraints.sdc /tmp/workspace/scripts-Private_test-fr_cugr_cmp-1-/results/asap7/riscv32i-mock-sram_fakeram7_256x32/base/1_2_yosys.sdc
touch -r /OpenROAD-flow-scripts/flow/designs/asap7/riscv32i-mock-sram/fakeram7_256x32/constraints.sdc /tmp/workspace/scripts-Private_test-fr_cugr_cmp-1-/results/asap7/riscv32i-mock-sram_fakeram7_256x32/base/1_2_yosys.sdc
OpenROAD 26Q3-1464-gb22abfea20 
Features included (+) or not (-): +GPU +GUI +Python
This program is licensed under the BSD-3 license. See the LICENSE file for details.
Components of this program may be licensed under more restrictive licenses which must be honored.
[INFO ORD-0030] Using 30 thread(s).
mkdir -p /tmp/workspace/scripts-Private_test-fr_cugr_cmp-1-/objects/asap7/riscv32i-mock-sram_fakeram7_256x32/base
/OpenROAD-flow-scripts/flow/scripts/flow.sh 1_synth synth_odb
Running synth_odb.tcl, stage 1_synth
source ./platforms/asap7/liberty_suppressions.tcl
read_liberty ./platforms/asap7/lib/NLDM/asap7sc7p5t_AO_RVT_FF_nldm_211120.lib.gz
read_liberty ./platforms/asap7/lib/NLDM/asap7sc7p5t_INVBUF_RVT_FF_nldm_220122.lib.gz
read_liberty ./platforms/asap7/lib/NLDM/asap7sc7p5t_OA_RVT_FF_nldm_211120.lib.gz
read_liberty ./platforms/asap7/lib/NLDM/asap7sc7p5t_SIMPLE_RVT_FF_nldm_211120.lib.gz
read_liberty ./platforms/asap7/lib/NLDM/asap7sc7p5t_SEQ_RVT_FF_nldm_220123.lib
[INFO ODB-0227] LEF file: ./platforms/asap7/lef/asap7_tech_1x_201209.lef, created 30 layers, 9 vias
[INFO ODB-0227] LEF file: ./platforms/asap7/lef/asap7sc7p5t_28_R_1x_220121a.lef, created 212 library cells
link_design fakeram7_256x32
read_sdc /tmp/workspace/scripts-Private_test-fr_cugr_cmp-1-/results/asap7/riscv32i-mock-sram_fakeram7_256x32/base/1_2_yosys.sdc
source ./platforms/asap7/setRC.tcl
eliminate_dead_logic
Removed 0 unused instances and 0 unused nets.
Design area 58 um^2 100% utilization.
write_db /tmp/workspace/scripts-Private_test-fr_cugr_cmp-1-/results/asap7/riscv32i-mock-sram_fakeram7_256x32/base/1_synth.odb
write_sdc -no_timestamp /tmp/workspace/scripts-Private_test-fr_cugr_cmp-1-/results/asap7/riscv32i-mock-sram_fakeram7_256x32/base/1_synth.sdc
Elapsed time: 0:01.39[h:]min:sec. CPU time: user 1.32 sys 0.07 (100%). Peak memory: 203548KB.
Log                       Ext     Elapsed/s Peak Memory/MB sha1sum result [0:20)
1_synth                   .odb            1            198 8e06466e70c0308683e0
1_synth                   .sdc                             9459d712428ec60022c3
/OpenROAD-flow-scripts/flow/scripts/flow.sh 2_1_floorplan floorplan
Running floorplan.tcl, stage 2_1_floorplan
source ./platforms/asap7/liberty_suppressions.tcl
read_liberty ./platforms/asap7/lib/NLDM/asap7sc7p5t_AO_RVT_FF_nldm_211120.lib.gz
read_liberty ./platforms/asap7/lib/NLDM/asap7sc7p5t_INVBUF_RVT_FF_nldm_220122.lib.gz
read_liberty ./platforms/asap7/lib/NLDM/asap7sc7p5t_OA_RVT_FF_nldm_211120.lib.gz
read_liberty ./platforms/asap7/lib/NLDM/asap7sc7p5t_SIMPLE_RVT_FF_nldm_211120.lib.gz
read_liberty ./platforms/asap7/lib/NLDM/asap7sc7p5t_SEQ_RVT_FF_nldm_220123.lib
read_db /tmp/workspace/scripts-Private_test-fr_cugr_cmp-1-/results/asap7/riscv32i-mock-sram_fakeram7_256x32/base/1_synth.odb
read_sdc /tmp/workspace/scripts-Private_test-fr_cugr_cmp-1-/results/asap7/riscv32i-mock-sram_fakeram7_256x32/base/1_synth.sdc
source ./platforms/asap7/setRC.tcl

==========================================================================
Floorplan check_setup
--------------------------------------------------------------------------
Warning: There are 42 input ports missing set_input_delay.
Warning: There are 32 output ports missing set_output_delay.
number instances in verilog is 425
[INFO IFP-0107] Defining die area using utilization: 50.00% and aspect ratio: 8.
[WARNING IFP-0028] Core area lower left (1.000, 1.000) snapped to (1.026, 1.080).
[INFO IFP-0001] Added 112 rows of 69 site asap7sc7p5t.
[INFO IFP-0100] Die BBox:  (  0.000  0.000 ) (  5.802 32.416 ) um
[INFO IFP-0101] Core BBox: (  1.026  1.080 ) (  4.752 31.320 ) um
[INFO IFP-0102] Core area:                          112.674 um^2
[INFO IFP-0103] Total instances area:                57.824 um^2
[INFO IFP-0104] Effective utilization:                0.513
[INFO IFP-0105] Number of instances:                    425
source ./platforms/asap7/openRoad/make_tracks.tcl
source ./platforms/asap7/fastroute.tcl
Repair tie lo fanout...
Repair tie hi fanout...
repair_timing -setup_margin 0 -hold_margin 0 -repair_tns 100 -setup -skip_last_gasp -sequence unbuffer,sizeup,swap,vt_swap -verbose
[WARNING EST-0027] no estimated parasitics. Using wire load models.
[INFO RSZ-0100] Repair move sequence: UnbufferMove SizeUpMove SwapPinsMove 
[INFO RSZ-0094] Found 95 endpoints with setup violations.
[INFO RSZ-0099] Repairing 95 out of 95 (100.00%) violating endpoints...
   Iter   | Removed | Resized | Inserted | Cloned |  Pin  |   Area   |    WNS   |   StTNS    |   EnTNS    |  Viol  |  Worst  
          | Buffers |  Gates  | Buffers  |  Gates | Swaps |          |          |            |            | Endpts | St/EnPt 
------------------------------------------------------------------------------------------------------------------------------
       0* |       0 |       0 |        0 |      0 |     0 |    +0.0% |  -18.814 |     -133.1 |    -1026.3 |     95 | rd_out\[10\]$_DFFE_PP_/D
       7* |       0 |       3 |        0 |      0 |     2 |    +0.1% |  -14.601 |     -127.3 |     -847.2 |     95 | index\[0\]$_DFFE_PP_/D
      10* |       0 |       5 |        0 |      0 |     2 |    +0.2% |  -14.601 |     -128.4 |     -809.6 |     95 | index\[0\]$_DFFE_PP_/D
      14* |       0 |       7 |        0 |      0 |     4 |    +0.2% |  -14.601 |     -123.7 |     -658.0 |     95 | index\[0\]$_DFFE_PP_/D
      19* |       0 |      10 |        0 |      0 |     5 |    +0.4% |  -14.601 |     -123.7 |     -594.7 |     95 | index\[0\]$_DFFE_PP_/D
      20* |       0 |      10 |        0 |      0 |     5 |    +0.4% |  -14.601 |     -123.7 |     -594.7 |     95 | index\[0\]$_DFFE_PP_/D
      22* |       0 |      11 |        0 |      0 |     6 |    +0.4% |  -14.601 |     -123.7 |     -575.7 |     95 | index\[0\]$_DFFE_PP_/D
      24* |       0 |      11 |        0 |      0 |     7 |    +0.4% |  -14.601 |     -123.7 |     -574.6 |     95 | index\[0\]$_DFFE_PP_/D
      26* |       0 |      11 |        0 |      0 |     8 |    +0.4% |  -14.601 |     -123.7 |     -573.4 |     95 | index\[0\]$_DFFE_PP_/D
      28* |       0 |      11 |        0 |      0 |     9 |    +0.4% |  -14.601 |     -123.7 |     -572.2 |     95 | index\[0\]$_DFFE_PP_/D
      30* |       0 |      11 |        0 |      0 |    10 |    +0.4% |  -14.601 |     -123.7 |     -570.9 |     95 | index\[0\]$_DFFE_PP_/D
      30* |       0 |      11 |        0 |      0 |    10 |    +0.4% |  -14.601 |     -123.7 |     -570.9 |     95 | index\[0\]$_DFFE_PP_/D
      32* |       0 |      11 |        0 |      0 |    11 |    +0.4% |  -14.601 |     -123.7 |     -569.6 |     95 | index\[0\]$_DFFE_PP_/D
      34* |       0 |      11 |        0 |      0 |    12 |    +0.4% |  -14.601 |     -123.7 |     -568.2 |     95 | index\[0\]$_DFFE_PP_/D
      36* |       0 |      11 |        0 |      0 |    13 |    +0.4% |  -14.601 |     -123.7 |     -566.8 |     95 | index\[0\]$_DFFE_PP_/D
      38* |       0 |      11 |        0 |      0 |    14 |    +0.4% |  -14.601 |     -123.7 |     -565.3 |     95 | index\[0\]$_DFFE_PP_/D
      40* |       0 |      11 |        0 |      0 |    15 |    +0.4% |  -14.601 |     -123.7 |     -564.2 |     95 | index\[0\]$_DFFE_PP_/D
      40* |       0 |      11 |        0 |      0 |    15 |    +0.4% |  -14.601 |     -123.7 |     -564.2 |     95 | index\[0\]$_DFFE_PP_/D
      42* |       0 |      11 |        0 |      0 |    16 |    +0.4% |  -14.601 |     -123.7 |     -563.1 |     95 | index\[0\]$_DFFE_PP_/D
      44* |       0 |      11 |        0 |      0 |    17 |    +0.4% |  -14.601 |     -123.7 |     -561.9 |     95 | index\[0\]$_DFFE_PP_/D
      46* |       0 |      11 |        0 |      0 |    18 |    +0.4% |  -14.601 |     -123.7 |     -560.7 |     95 | index\[0\]$_DFFE_PP_/D
      48* |       0 |      11 |        0 |      0 |    19 |    +0.4% |  -14.601 |     -123.7 |     -559.5 |     95 | index\[0\]$_DFFE_PP_/D
      50* |       0 |      11 |        0 |      0 |    20 |    +0.4% |  -14.601 |     -123.7 |     -558.1 |     95 | index\[0\]$_DFFE_PP_/D
      50* |       0 |      11 |        0 |      0 |    20 |    +0.4% |  -14.601 |     -123.7 |     -558.1 |     95 | index\[0\]$_DFFE_PP_/D
      52* |       0 |      11 |        0 |      0 |    21 |    +0.4% |  -14.601 |     -123.7 |     -556.7 |     95 | index\[0\]$_DFFE_PP_/D
      54* |       0 |      11 |        0 |      0 |    22 |    +0.4% |  -14.601 |     -123.7 |     -555.3 |     95 | index\[0\]$_DFFE_PP_/D
      60* |       0 |      15 |        0 |      0 |    23 |    +0.9% |  -14.601 |     -123.7 |     -521.7 |     95 | index\[0\]$_DFFE_PP_/D
      60* |       0 |      15 |        0 |      0 |    23 |    +0.9% |  -14.601 |     -123.7 |     -521.7 |     95 | index\[0\]$_DFFE_PP_/D
      62* |       0 |      15 |        0 |      0 |    24 |    +0.9% |  -14.601 |     -123.7 |     -520.0 |     95 | index\[0\]$_DFFE_PP_/D
      64* |       0 |      15 |        0 |      0 |    25 |    +0.9% |  -14.601 |     -123.7 |     -518.3 |     95 | index\[0\]$_DFFE_PP_/D
      66* |       0 |      15 |        0 |      0 |    26 |    +0.9% |  -14.601 |     -123.7 |     -516.6 |     95 | index\[0\]$_DFFE_PP_/D
      68* |       0 |      15 |        0 |      0 |    27 |    +0.9% |  -14.601 |     -123.7 |     -514.8 |     95 | index\[0\]$_DFFE_PP_/D
      70* |       0 |      15 |        0 |      0 |    28 |    +0.9% |  -14.601 |     -123.7 |     -513.0 |     95 | index\[0\]$_DFFE_PP_/D
      71* |       0 |      16 |        0 |      0 |    28 |    +0.6% |  -14.601 |     -123.7 |     -509.9 |     95 | index\[0\]$_DFFE_PP_/D
      73* |       0 |      16 |        0 |      0 |    29 |    +0.6% |  -14.601 |     -123.7 |     -508.1 |     95 | index\[0\]$_DFFE_PP_/D
      75* |       0 |      16 |        0 |      0 |    30 |    +0.6% |  -14.601 |     -123.7 |     -506.3 |     95 | index\[0\]$_DFFE_PP_/D
      77* |       0 |      16 |        0 |      0 |    30 |    +0.6% |  -14.601 |     -123.7 |     -506.3 |     95 | index\[0\]$_DFFE_PP_/D
      80* |       0 |      18 |        0 |      0 |    30 |    +0.8% |  -14.601 |     -125.9 |     -495.7 |     95 | index\[0\]$_DFFE_PP_/D
      84* |       0 |      21 |        0 |      0 |    31 |    +1.0% |  -14.601 |     -126.8 |     -481.3 |     95 | index\[0\]$_DFFE_PP_/D
      89* |       0 |      25 |        0 |      0 |    31 |    +1.2% |  -14.601 |     -127.9 |     -452.9 |     95 | index\[0\]$_DFFE_PP_/D
      90* |       0 |      25 |        0 |      0 |    31 |    +1.2% |  -14.601 |     -127.9 |     -452.9 |     95 | index\[0\]$_DFFE_PP_/D
      91* |       0 |      26 |        0 |      0 |    31 |    +1.3% |  -14.601 |     -127.9 |     -456.1 |     95 | index\[0\]$_DFFE_PP_/D
      94* |       0 |      28 |        0 |      0 |    31 |    +1.6% |  -14.601 |     -129.8 |     -465.8 |     95 | index\[0\]$_DFFE_PP_/D
      96* |       0 |      29 |        0 |      0 |    31 |    +1.7% |  -14.601 |     -129.8 |     -468.2 |     95 | index\[0\]$_DFFE_PP_/D
      98* |       0 |      30 |        0 |      0 |    31 |    +1.8% |  -14.601 |     -129.8 |     -470.7 |     95 | index\[0\]$_DFFE_PP_/D
     100* |       0 |      31 |        0 |      0 |    31 |    +1.9% |  -14.601 |     -129.8 |     -473.0 |     95 | index\[0\]$_DFFE_PP_/D
     100* |       0 |      31 |        0 |      0 |    31 |    +1.9% |  -14.601 |     -129.8 |     -473.0 |     95 | index\[0\]$_DFFE_PP_/D
     102* |       0 |      32 |        0 |      0 |    31 |    +2.0% |  -14.601 |     -129.8 |     -475.4 |     95 | index\[0\]$_DFFE_PP_/D
     104* |       0 |      33 |        0 |      0 |    31 |    +2.1% |  -14.601 |     -129.8 |     -477.7 |     95 | index\[0\]$_DFFE_PP_/D
     106* |       0 |      34 |        0 |      0 |    31 |    +2.2% |  -14.601 |     -129.8 |     -480.0 |     95 | index\[0\]$_DFFE_PP_/D
     108* |       0 |      34 |        0 |      0 |    32 |    +2.2% |  -14.601 |     -129.8 |     -479.4 |     95 | index\[0\]$_DFFE_PP_/D
     110* |       0 |      35 |        0 |      0 |    32 |    +2.3% |  -14.601 |     -129.8 |     -481.6 |     95 | index\[0\]$_DFFE_PP_/D
     110* |       0 |      35 |        0 |      0 |    32 |    +2.3% |  -14.601 |     -129.8 |     -481.6 |     95 | index\[0\]$_DFFE_PP_/D
     114* |       0 |      37 |        0 |      0 |    32 |    +2.4% |  -14.601 |     -122.9 |     -443.6 |     95 | index\[0\]$_DFFE_PP_/D
     116* |       0 |      38 |        0 |      0 |    32 |    +2.5% |  -14.601 |     -121.7 |     -446.5 |     95 | index\[0\]$_DFFE_PP_/D
     120* |       0 |      41 |        0 |      0 |    32 |    +2.8% |  -14.601 |     -124.5 |     -459.1 |     95 | index\[0\]$_DFFE_PP_/D
     121* |       0 |      42 |        0 |      0 |    32 |    +3.0% |  -14.601 |     -124.5 |     -463.2 |     95 | index\[0\]$_DFFE_PP_/D
     123* |       0 |      43 |        0 |      0 |    32 |    +3.1% |  -14.601 |     -124.5 |     -466.7 |     95 | index\[0\]$_DFFE_PP_/D
     125* |       0 |      44 |        0 |      0 |    32 |    +3.2% |  -14.601 |     -124.5 |     -470.0 |     95 | index\[0\]$_DFFE_PP_/D
     127* |       0 |      45 |        0 |      0 |    32 |    +3.3% |  -14.601 |     -124.5 |     -473.4 |     95 | index\[0\]$_DFFE_PP_/D
     129* |       0 |      46 |        0 |      0 |    32 |    +3.4% |  -14.601 |     -124.5 |     -476.6 |     95 | index\[0\]$_DFFE_PP_/D
     130* |       0 |      46 |        0 |      0 |    32 |    +3.4% |  -14.601 |     -124.5 |     -476.6 |     95 | index\[0\]$_DFFE_PP_/D
     131* |       0 |      47 |        0 |      0 |    32 |    +3.5% |  -14.601 |     -124.5 |     -479.9 |     95 | index\[0\]$_DFFE_PP_/D
     133* |       0 |      48 |        0 |      0 |    32 |    +3.6% |  -14.601 |     -124.5 |     -483.1 |     95 | index\[0\]$_DFFE_PP_/D
     135* |       0 |      48 |        0 |      0 |    33 |    +3.6% |  -14.601 |     -124.5 |     -482.5 |     95 | index\[0\]$_DFFE_PP_/D
     137* |       0 |      49 |        0 |      0 |    33 |    +3.7% |  -14.601 |     -124.5 |     -485.7 |     95 | index\[0\]$_DFFE_PP_/D
     139* |       0 |      50 |        0 |      0 |    33 |    +3.8% |  -14.601 |     -124.5 |     -488.9 |     95 | index\[0\]$_DFFE_PP_/D
     140* |       0 |      50 |        0 |      0 |    33 |    +3.8% |  -14.601 |     -124.5 |     -488.9 |     95 | index\[0\]$_DFFE_PP_/D
     141* |       0 |      51 |        0 |      0 |    33 |    +3.9% |  -14.601 |     -124.5 |     -492.1 |     95 | index\[0\]$_DFFE_PP_/D
     143* |       0 |      52 |        0 |      0 |    33 |    +4.0% |  -14.601 |     -124.5 |     -495.3 |     95 | index\[0\]$_DFFE_PP_/D
     145* |       0 |      53 |        0 |      0 |    33 |    +4.1% |  -14.601 |     -124.5 |     -498.4 |     95 | index\[0\]$_DFFE_PP_/D
     147* |       0 |      54 |        0 |      0 |    33 |    +4.2% |  -14.601 |     -124.8 |     -501.5 |     95 | index\[0\]$_DFFE_PP_/D
     149* |       0 |      55 |        0 |      0 |    33 |    +4.3% |  -14.601 |     -125.7 |     -504.5 |     95 | index\[0\]$_DFFE_PP_/D
     150* |       0 |      55 |        0 |      0 |    33 |    +4.3% |  -14.601 |     -125.7 |     -504.5 |     95 | index\[0\]$_DFFE_PP_/D
     151* |       0 |      56 |        0 |      0 |    33 |    +4.4% |  -14.601 |     -124.5 |     -507.6 |     95 | index\[0\]$_DFFE_PP_/D
     152* |       0 |      56 |        0 |      0 |    33 |    +4.4% |  -14.601 |     -124.5 |     -507.6 |     95 | index\[0\]$_DFFE_PP_/D
     153* |       0 |      56 |        0 |      0 |    33 |    +4.4% |  -14.601 |     -124.5 |     -507.6 |     95 | index\[0\]$_DFFE_PP_/D
     158* |       0 |      59 |        0 |      0 |    33 |    +4.6% |  -14.601 |     -124.5 |     -489.4 |     95 | index\[0\]$_DFFE_PP_/D
     160* |       0 |      60 |        0 |      0 |    33 |    +4.7% |  -14.601 |     -124.5 |     -489.2 |     95 | index\[0\]$_DFFE_PP_/D
     160* |       0 |      60 |        0 |      0 |    33 |    +4.7% |  -14.601 |     -124.5 |     -489.2 |     95 | index\[0\]$_DFFE_PP_/D
     162* |       0 |      61 |        0 |      0 |    33 |    +4.8% |  -14.601 |     -124.5 |     -491.8 |     95 | index\[0\]$_DFFE_PP_/D
     164* |       0 |      62 |        0 |      0 |    33 |    +4.9% |  -14.601 |     -124.5 |     -494.0 |     95 | index\[0\]$_DFFE_PP_/D
     166* |       0 |      63 |        0 |      0 |    33 |    +5.0% |  -14.601 |     -124.5 |     -496.0 |     95 | index\[0\]$_DFFE_PP_/D
     168* |       0 |      64 |        0 |      0 |    33 |    +5.1% |  -14.601 |     -124.5 |     -497.9 |     95 | index\[0\]$_DFFE_PP_/D
     170* |       0 |      65 |        0 |      0 |    33 |    +5.2% |  -14.601 |     -124.5 |     -499.7 |     95 | index\[0\]$_DFFE_PP_/D
     170* |       0 |      65 |        0 |      0 |    33 |    +5.2% |  -14.601 |     -124.5 |     -499.7 |     95 | index\[0\]$_DFFE_PP_/D
     172* |       0 |      66 |        0 |      0 |    33 |    +5.3% |  -14.601 |     -124.5 |     -501.6 |     95 | index\[0\]$_DFFE_PP_/D
     174* |       0 |      67 |        0 |      0 |    33 |    +5.4% |  -14.601 |     -124.5 |     -503.7 |     95 | index\[0\]$_DFFE_PP_/D
     176* |       0 |      68 |        0 |      0 |    33 |    +5.5% |  -14.601 |     -124.5 |     -506.5 |     95 | index\[0\]$_DFFE_PP_/D
     179* |       0 |      70 |        0 |      0 |    33 |    +5.6% |  -14.601 |     -124.5 |     -494.8 |     95 | index\[0\]$_DFFE_PP_/D
     180* |       0 |      70 |        0 |      0 |    33 |    +5.6% |  -14.601 |     -124.5 |     -494.8 |     95 | index\[0\]$_DFFE_PP_/D
     181* |       0 |      71 |        0 |      0 |    33 |    +5.7% |  -14.601 |     -124.5 |     -497.6 |     95 | index\[0\]$_DFFE_PP_/D
     184* |       0 |      73 |        0 |      0 |    33 |    +5.9% |  -14.601 |     -124.5 |     -499.4 |     95 | index\[0\]$_DFFE_PP_/D
     186* |       0 |      74 |        0 |      0 |    33 |    +6.0% |  -14.601 |     -124.5 |     -502.9 |     95 | index\[0\]$_DFFE_PP_/D
     188* |       0 |      75 |        0 |      0 |    33 |    +6.1% |  -14.601 |     -124.5 |     -505.9 |     95 | index\[0\]$_DFFE_PP_/D
     190* |       0 |      76 |        0 |      0 |    33 |    +6.2% |  -14.601 |     -124.5 |     -508.7 |     95 | index\[0\]$_DFFE_PP_/D
     190* |       0 |      76 |        0 |      0 |    33 |    +6.2% |  -14.601 |     -124.5 |     -508.7 |     95 | index\[0\]$_DFFE_PP_/D
     192* |       0 |      77 |        0 |      0 |    33 |    +6.3% |  -14.601 |     -124.5 |     -511.5 |     95 | index\[0\]$_DFFE_PP_/D
     194* |       0 |      78 |        0 |      0 |    33 |    +6.4% |  -14.601 |     -124.5 |     -514.3 |     95 | index\[0\]$_DFFE_PP_/D
     196* |       0 |      79 |        0 |      0 |    33 |    +6.5% |  -14.601 |     -124.5 |     -517.0 |     95 | index\[0\]$_DFFE_PP_/D
     198* |       0 |      80 |        0 |      0 |    33 |    +6.6% |  -14.601 |     -124.5 |     -519.8 |     95 | index\[0\]$_DFFE_PP_/D
     200* |       0 |      81 |        0 |      0 |    33 |    +6.6% |  -14.601 |     -124.5 |     -506.2 |     95 | index\[0\]$_DFFE_PP_/D
     202* |       0 |      82 |        0 |      0 |    33 |    +6.7% |  -14.601 |     -124.5 |     -508.9 |     95 | index\[0\]$_DFFE_PP_/D
     204* |       0 |      83 |        0 |      0 |    33 |    +6.8% |  -14.601 |     -124.5 |     -511.5 |     95 | index\[0\]$_DFFE_PP_/D
     206* |       0 |      84 |        0 |      0 |    33 |    +6.9% |  -14.601 |     -124.5 |     -514.1 |     95 | index\[0\]$_DFFE_PP_/D
     208* |       0 |      85 |        0 |      0 |    33 |    +7.0% |  -14.601 |     -124.5 |     -516.7 |     95 | index\[0\]$_DFFE_PP_/D
     210* |       0 |      86 |        0 |      0 |    33 |    +7.1% |  -14.601 |     -124.5 |     -519.4 |     95 | index\[0\]$_DFFE_PP_/D
     210* |       0 |      86 |        0 |      0 |    33 |    +7.1% |  -14.601 |     -124.5 |     -519.4 |     95 | index\[0\]$_DFFE_PP_/D
     212* |       0 |      87 |        0 |      0 |    33 |    +7.2% |  -14.601 |     -124.5 |     -522.3 |     95 | index\[0\]$_DFFE_PP_/D
     214* |       0 |      88 |        0 |      0 |    33 |    +7.3% |  -14.601 |     -124.5 |     -525.2 |     95 | index\[0\]$_DFFE_PP_/D
     216* |       0 |      89 |        0 |      0 |    33 |    +7.4% |  -14.601 |     -124.5 |     -528.0 |     95 | index\[0\]$_DFFE_PP_/D
     219* |       0 |      91 |        0 |      0 |    33 |    +7.7% |  -14.601 |     -124.5 |     -542.2 |     95 | index\[0\]$_DFFE_PP_/D
     220* |       0 |      91 |        0 |      0 |    33 |    +7.7% |  -14.601 |     -124.5 |     -542.2 |     95 | index\[0\]$_DFFE_PP_/D
     220* |       0 |      91 |        0 |      0 |    33 |    +7.7% |  -14.601 |     -124.5 |     -542.2 |     95 | index\[0\]$_DFFE_PP_/D
     222* |       0 |      91 |        0 |      0 |    34 |    +7.7% |  -14.601 |     -124.5 |     -541.1 |     95 | index\[0\]$_DFFE_PP_/D
     224* |       0 |      91 |        0 |      0 |    35 |    +7.7% |  -14.601 |     -124.5 |     -540.1 |     95 | index\[0\]$_DFFE_PP_/D
     226* |       0 |      92 |        0 |      0 |    35 |    +7.7% |  -14.601 |     -124.5 |     -544.4 |     95 | index\[0\]$_DFFE_PP_/D
     227* |       0 |      92 |        0 |      0 |    35 |    +7.7% |  -14.601 |     -124.5 |     -544.4 |     95 | index\[0\]$_DFFE_PP_/D
     227* |       0 |      92 |        0 |      0 |    35 |    +7.7% |  -14.601 |     -124.5 |     -544.4 |     95 | index\[0\]$_DFFE_PP_/D
    final |       0 |      92 |        0 |      0 |    35 |    +7.7% |  -14.601 |     -124.5 |     -544.4 |     91 | index\[0\]$_DFFE_PP_/D
------------------------------------------------------------------------------------------------------------------------------
[INFO RSZ-0051] Resized 92 instances: 92 up, 0 up match, 0 down, 0 VT
[INFO RSZ-0043] Swapped pins on 35 instances.
[WARNING RSZ-0062] Unable to repair all setup violations.
[INFO RSZ-0505] Runtime: 0.46s
Default units for flow
 time 1ps
 capacitance 1fF
 resistance 1kohm
 voltage 1v
 current 1mA
 power 1pW
 distance 1um
   Layer   | Unit Resistance | Unit Capacitance 
           |       (kohm/um) |          (fF/um)
------------------------------------------------
        M1 |        7.04e-02 |         1.00e-10
        M2 |        2.97e-02 |         1.75e-01
        M3 |        3.13e-02 |         1.56e-01
        M4 |        1.80e-02 |         1.78e-01
        M5 |        1.90e-02 |         1.64e-01
        M6 |        1.19e-02 |         1.87e-01
        M7 |        1.25e-02 |         1.63e-01
        M8 |        8.45e-03 |         1.04e-01
        M9 |        8.90e-03 |         9.28e-02
       Pad |        0.00e+00 |         0.00e+00
------------------------------------------------

   Layer   | Via Resistance 
           |         (kohm) 
----------------------------
        V1 |       1.72e-02 
        V2 |       1.72e-02 
        V3 |       1.72e-02 
        V4 |       1.18e-02 
        V5 |       1.18e-02 
        V6 |       8.20e-03 
        V7 |       8.20e-03 
        V8 |       6.30e-03 
        V9 |       6.30e-03 
----------------------------
Report metrics stage 2, floorplan final...

==========================================================================
floorplan final report_design_area
--------------------------------------------------------------------------
Design area 62 um^2 55% utilization.
source /OpenROAD-flow-scripts/flow/designs/asap7/riscv32i-mock-sram/fakeram7_256x32/io.tcl
write_db /tmp/workspace/scripts-Private_test-fr_cugr_cmp-1-/results/asap7/riscv32i-mock-sram_fakeram7_256x32/base/2_1_floorplan.odb
write_sdc -no_timestamp /tmp/workspace/scripts-Private_test-fr_cugr_cmp-1-/results/asap7/riscv32i-mock-sram_fakeram7_256x32/base/2_1_floorplan.sdc
Elapsed time: 0:01.90[h:]min:sec. CPU time: user 2.05 sys 0.41 (129%). Peak memory: 221648KB.
Log                       Ext     Elapsed/s Peak Memory/MB sha1sum result [0:20)
2_1_floorplan             .odb            1            216 8710e86e8408880e710a
2_1_floorplan             .sdc                             9459d712428ec60022c3
/OpenROAD-flow-scripts/flow/scripts/flow.sh 2_2_floorplan_macro macro_place
Running macro_place.tcl, stage 2_2_floorplan_macro
source ./platforms/asap7/liberty_suppressions.tcl
read_liberty ./platforms/asap7/lib/NLDM/asap7sc7p5t_AO_RVT_FF_nldm_211120.lib.gz
read_liberty ./platforms/asap7/lib/NLDM/asap7sc7p5t_INVBUF_RVT_FF_nldm_220122.lib.gz
read_liberty ./platforms/asap7/lib/NLDM/asap7sc7p5t_OA_RVT_FF_nldm_211120.lib.gz
read_liberty ./platforms/asap7/lib/NLDM/asap7sc7p5t_SIMPLE_RVT_FF_nldm_211120.lib.gz
read_liberty ./platforms/asap7/lib/NLDM/asap7sc7p5t_SEQ_RVT_FF_nldm_220123.lib
read_db /tmp/workspace/scripts-Private_test-fr_cugr_cmp-1-/results/asap7/riscv32i-mock-sram_fakeram7_256x32/base/2_1_floorplan.odb
read_sdc /tmp/workspace/scripts-Private_test-fr_cugr_cmp-1-/results/asap7/riscv32i-mock-sram_fakeram7_256x32/base/2_1_floorplan.sdc
source ./platforms/asap7/setRC.tcl
No macros found: Skipping macro_placement
Design area 62 um^2 55% utilization.
write_db /tmp/workspace/scripts-Private_test-fr_cugr_cmp-1-/results/asap7/riscv32i-mock-sram_fakeram7_256x32/base/2_2_floorplan_macro.odb
Elapsed time: 0:01.39[h:]min:sec. CPU time: user 1.29 sys 0.10 (100%). Peak memory: 200816KB.
Log                       Ext     Elapsed/s Peak Memory/MB sha1sum result [0:20)
2_2_floorplan_macro       .odb            1            196 8710e86e8408880e710a
/OpenROAD-flow-scripts/flow/scripts/flow.sh 2_3_floorplan_tapcell tapcell
Running tapcell.tcl, stage 2_3_floorplan_tapcell
source ./platforms/asap7/liberty_suppressions.tcl
read_liberty ./platforms/asap7/lib/NLDM/asap7sc7p5t_AO_RVT_FF_nldm_211120.lib.gz
read_liberty ./platforms/asap7/lib/NLDM/asap7sc7p5t_INVBUF_RVT_FF_nldm_220122.lib.gz
read_liberty ./platforms/asap7/lib/NLDM/asap7sc7p5t_OA_RVT_FF_nldm_211120.lib.gz
read_liberty ./platforms/asap7/lib/NLDM/asap7sc7p5t_SIMPLE_RVT_FF_nldm_211120.lib.gz
read_liberty ./platforms/asap7/lib/NLDM/asap7sc7p5t_SEQ_RVT_FF_nldm_220123.lib
read_db /tmp/workspace/scripts-Private_test-fr_cugr_cmp-1-/results/asap7/riscv32i-mock-sram_fakeram7_256x32/base/2_2_floorplan_macro.odb
read_sdc /tmp/workspace/scripts-Private_test-fr_cugr_cmp-1-/results/asap7/riscv32i-mock-sram_fakeram7_256x32/base/2_1_floorplan.sdc
source ./platforms/asap7/setRC.tcl
Tap and End Cap cell insertion
  TAP Cell          : TAPCELL_ASAP7_75t_R
  ENDCAP Cell       : TAPCELL_ASAP7_75t_R
  Halo Around Macro : 2 2
  TAP Cell Distance : 25
[INFO TAP-0004] Inserted 224 endcaps.
[INFO TAP-0005] Inserted 0 tapcells.
Design area 69 um^2 61% utilization.
write_db /tmp/workspace/scripts-Private_test-fr_cugr_cmp-1-/results/asap7/riscv32i-mock-sram_fakeram7_256x32/base/2_3_floorplan_tapcell.odb
Elapsed time: 0:01.41[h:]min:sec. CPU time: user 1.32 sys 0.09 (100%). Peak memory: 201560KB.
Log                       Ext     Elapsed/s Peak Memory/MB sha1sum result [0:20)
2_3_floorplan_tapcell     .odb            1            196 53937b4603ef5d930dbe
/OpenROAD-flow-scripts/flow/scripts/flow.sh 2_4_floorplan_pdn pdn
Running pdn.tcl, stage 2_4_floorplan_pdn
source ./platforms/asap7/liberty_suppressions.tcl
read_liberty ./platforms/asap7/lib/NLDM/asap7sc7p5t_AO_RVT_FF_nldm_211120.lib.gz
read_liberty ./platforms/asap7/lib/NLDM/asap7sc7p5t_INVBUF_RVT_FF_nldm_220122.lib.gz
read_liberty ./platforms/asap7/lib/NLDM/asap7sc7p5t_OA_RVT_FF_nldm_211120.lib.gz
read_liberty ./platforms/asap7/lib/NLDM/asap7sc7p5t_SIMPLE_RVT_FF_nldm_211120.lib.gz
read_liberty ./platforms/asap7/lib/NLDM/asap7sc7p5t_SEQ_RVT_FF_nldm_220123.lib
read_db /tmp/workspace/scripts-Private_test-fr_cugr_cmp-1-/results/asap7/riscv32i-mock-sram_fakeram7_256x32/base/2_3_floorplan_tapcell.odb
read_sdc /tmp/workspace/scripts-Private_test-fr_cugr_cmp-1-/results/asap7/riscv32i-mock-sram_fakeram7_256x32/base/2_1_floorplan.sdc
source ./platforms/asap7/setRC.tcl
[INFO PDN-0001] Inserting grid: top
[INFO PDN-0500] Runtime: 0.00s
Design area 69 um^2 61% utilization.
write_db /tmp/workspace/scripts-Private_test-fr_cugr_cmp-1-/results/asap7/riscv32i-mock-sram_fakeram7_256x32/base/2_4_floorplan_pdn.odb
Elapsed time: 0:01.39[h:]min:sec. CPU time: user 1.29 sys 0.10 (100%). Peak memory: 203496KB.
Log                       Ext     Elapsed/s Peak Memory/MB sha1sum result [0:20)
2_4_floorplan_pdn         .odb            1            198 ffc87871c4581aebaa9d
cp /tmp/workspace/scripts-Private_test-fr_cugr_cmp-1-/results/asap7/riscv32i-mock-sram_fakeram7_256x32/base/2_4_floorplan_pdn.odb /tmp/workspace/scripts-Private_test-fr_cugr_cmp-1-/results/asap7/riscv32i-mock-sram_fakeram7_256x32/base/2_floorplan.odb
cp /tmp/workspace/scripts-Private_test-fr_cugr_cmp-1-/results/asap7/riscv32i-mock-sram_fakeram7_256x32/base/2_1_floorplan.sdc /tmp/workspace/scripts-Private_test-fr_cugr_cmp-1-/results/asap7/riscv32i-mock-sram_fakeram7_256x32/base/2_floorplan.sdc
/OpenROAD-flow-scripts/flow/scripts/flow.sh 3_1_place_gp_skip_io global_place_skip_io
Running global_place_skip_io.tcl, stage 3_1_place_gp_skip_io
source ./platforms/asap7/liberty_suppressions.tcl
read_liberty ./platforms/asap7/lib/NLDM/asap7sc7p5t_AO_RVT_FF_nldm_211120.lib.gz
read_liberty ./platforms/asap7/lib/NLDM/asap7sc7p5t_INVBUF_RVT_FF_nldm_220122.lib.gz
read_liberty ./platforms/asap7/lib/NLDM/asap7sc7p5t_OA_RVT_FF_nldm_211120.lib.gz
read_liberty ./platforms/asap7/lib/NLDM/asap7sc7p5t_SIMPLE_RVT_FF_nldm_211120.lib.gz
read_liberty ./platforms/asap7/lib/NLDM/asap7sc7p5t_SEQ_RVT_FF_nldm_220123.lib
read_db /tmp/workspace/scripts-Private_test-fr_cugr_cmp-1-/results/asap7/riscv32i-mock-sram_fakeram7_256x32/base/2_floorplan.odb
read_sdc /tmp/workspace/scripts-Private_test-fr_cugr_cmp-1-/results/asap7/riscv32i-mock-sram_fakeram7_256x32/base/2_floorplan.sdc
source ./platforms/asap7/setRC.tcl
global_placement -skip_io -density 0.8 -pad_left 0 -pad_right 0
[INFO GPL-0001] ---- Initialize GPL Main Data Structures
[INFO GPL-0002] DBU: 1000
[INFO GPL-0003] SiteSize: (  0.054  0.270 ) um
[INFO GPL-0004] CoreBBox: (  1.026  1.080 ) (  4.752 31.320 ) um
[INFO GPL-0016] Core area:                     112.674 um^2
[INFO GPL-0036] Movable instances area:         62.286 um^2
[INFO GPL-0037] Total instances area:           68.818 um^2
[INFO GPL-0035] Pin density area adjust:         4.741 um^2
[INFO GPL-0032] ---- Initialize Region: Top-level
[INFO GPL-0006] Number of instances:               649
[INFO GPL-0007] Movable instances:                 425
[INFO GPL-0008] Fixed instances:                   224
[INFO GPL-0009] Dummy instances:                     0
[INFO GPL-0010] Number of nets:                    468
[INFO GPL-0011] Number of pins:                   1346
[INFO GPL-0012] Die BBox:       (  0.000  0.000 ) (  5.802 32.416 ) um
[INFO GPL-0013] Placement BBox: (  1.026  1.080 ) (  4.752 31.320 ) um
[INFO GPL-0014] Region name: top-level.
[INFO GPL-0015] Region area:                   112.674 um^2
[INFO GPL-0017] Fixed instances area:            6.532 um^2
[INFO GPL-0018] Movable instances area:         67.027 um^2
[INFO GPL-0019] Utilization:                    63.148 %
[INFO GPL-0020] Standard cells area:            67.027 um^2
[INFO GPL-0021] Large instances area:            0.000 um^2
[INFO GPL-0005] ---- Execute Conjugate Gradient Initial Placement.
[INFO GPL-0051] Source of initial instance position counters:
	Odb location = 0	Core center = 425	Region center = 0
[INFO GPL-0033] ---- Initialize Nesterov Region: Top-level
[INFO GPL-0023] Placement target density:       0.8000
[INFO GPL-0024] Movable insts average area:      0.158 um^2
[INFO GPL-0025] Ideal bin area:                  0.197 um^2
[INFO GPL-0026] Ideal bin count:                   571
[INFO GPL-0027] Total bin area:                112.674 um^2
[INFO GPL-0028] Bin count (X, Y):           8 ,     64
[INFO GPL-0029] Bin size (W * H):       0.466 *  0.472 um
[INFO GPL-0030] Number of bins:                    512
[INFO GPL-0084] ---- Execute Nesterov Global Placement.
[INFO GPL-0031] HPWL: Half-Perimeter Wirelength
Iteration | Overflow |     HPWL (um) |  HPWL(%) |   Penalty | Group
---------------------------------------------------------------
        0 |   0.9780 |  1.358720e+02 |   +0.00% |  1.01e-12 |      
       10 |   0.9781 |  1.115170e+02 |  -17.92% |  1.65e-12 |      
       20 |   0.9772 |  1.072450e+02 |   -3.83% |  2.68e-12 |      
       30 |   0.9737 |  1.079930e+02 |   +0.70% |  4.37e-12 |      
       40 |   0.9730 |  1.079730e+02 |   -0.02% |  7.12e-12 |      
       50 |   0.9734 |  1.076560e+02 |   -0.29% |  1.16e-11 |      
       60 |   0.9738 |  1.078130e+02 |   +0.15% |  1.89e-11 |      
       70 |   0.9739 |  1.079380e+02 |   +0.12% |  3.08e-11 |      
       80 |   0.9735 |  1.081210e+02 |   +0.17% |  5.01e-11 |      
       90 |   0.9727 |  1.085350e+02 |   +0.38% |  8.17e-11 |      
      100 |   0.9712 |  1.092480e+02 |   +0.66% |  1.33e-10 |      
      110 |   0.9686 |  1.107190e+02 |   +1.35% |  2.17e-10 |      
      120 |   0.9652 |  1.137440e+02 |   +2.73% |  3.53e-10 |      
      130 |   0.9628 |  1.182080e+02 |   +3.92% |  5.75e-10 |      
      140 |   0.9609 |  1.242680e+02 |   +5.13% |  9.37e-10 |      
      150 |   0.9440 |  1.318930e+02 |   +6.14% |  1.53e-09 |      
      160 |   0.9146 |  1.608260e+02 |  +21.94% |  2.49e-09 |      
      170 |   0.8492 |  2.008890e+02 |  +24.91% |  4.05e-09 |      
      180 |   0.8194 |  2.137300e+02 |   +6.39% |  6.59e-09 |      
      190 |   0.7974 |  2.377370e+02 |  +11.23% |  1.07e-08 |      
      200 |   0.7710 |  2.626590e+02 |  +10.48% |  1.75e-08 |      
      210 |   0.7152 |  2.939530e+02 |  +11.91% |  2.85e-08 |      
      220 |   0.6897 |  3.318150e+02 |  +12.88% |  4.64e-08 |      
      230 |   0.6531 |  3.653410e+02 |  +10.10% |  7.56e-08 |      
      240 |   0.6167 |  4.044260e+02 |  +10.70% |  1.23e-07 |      
      250 |   0.5556 |  4.299870e+02 |   +6.32% |  2.01e-07 |      
      260 |   0.4910 |  4.297340e+02 |   -0.06% |  3.27e-07 |      
      270 |   0.4452 |  4.296350e+02 |   -0.02% |  5.32e-07 |      
      280 |   0.3969 |  4.285860e+02 |   -0.24% |  8.67e-07 |      
      290 |   0.3518 |  4.410380e+02 |   +2.91% |  1.41e-06 |      
      300 |   0.3214 |  4.434120e+02 |   +0.54% |  2.12e-06 |      
      310 |   0.2882 |  4.497950e+02 |   +1.44% |  3.13e-06 |      
      320 |   0.2547 |  4.561230e+02 |   +1.41% |  4.61e-06 |      
      330 |   0.2280 |  4.632150e+02 |   +1.55% |  6.79e-06 |      
      340 |   0.2127 |  4.649010e+02 |   +0.36% |  1.00e-05 |      
      350 |   0.1963 |  4.735940e+02 |   +1.87% |  1.47e-05 |      
      360 |   0.1764 |  4.805110e+02 |   +1.46% |  2.17e-05 |      
      370 |   0.1495 |  4.889440e+02 |   +1.76% |  3.20e-05 |      
      380 |   0.1258 |  4.946320e+02 |   +1.16% |  4.71e-05 |      
      390 |   0.1030 |  4.984300e+02 |   +0.77% |  6.94e-05 |      
      392 |   0.0974 |  4.991180e+02 |          |  7.79e-05 |      
---------------------------------------------------------------
[INFO GPL-1001] Global placement finished at iteration 392
[INFO GPL-1002] Placed Cell Area               67.0272
[INFO GPL-1003] Available Free Area           106.1424
[INFO GPL-1004] Minimum Feasible Density        0.6400 (cell_area / free_area)
[INFO GPL-1006]   Suggested Target Densities:
[INFO GPL-1007]     - For 90% usage of free space: 0.7016
[INFO GPL-1008]     - For 80% usage of free space: 0.7894
[INFO GPL-1014] Final placement area: 67.03 (+0.00%)
Design area 69 um^2 61% utilization.
write_db /tmp/workspace/scripts-Private_test-fr_cugr_cmp-1-/results/asap7/riscv32i-mock-sram_fakeram7_256x32/base/3_1_place_gp_skip_io.odb
Elapsed time: 0:01.52[h:]min:sec. CPU time: user 4.94 sys 0.11 (332%). Peak memory: 202916KB.
Log                       Ext     Elapsed/s Peak Memory/MB sha1sum result [0:20)
3_1_place_gp_skip_io      .odb            1            198 25a5154338ebf078044a
/OpenROAD-flow-scripts/flow/scripts/flow.sh 3_2_place_iop io_placement
Running io_placement.tcl, stage 3_2_place_iop
source ./platforms/asap7/liberty_suppressions.tcl
read_liberty ./platforms/asap7/lib/NLDM/asap7sc7p5t_AO_RVT_FF_nldm_211120.lib.gz
read_liberty ./platforms/asap7/lib/NLDM/asap7sc7p5t_INVBUF_RVT_FF_nldm_220122.lib.gz
read_liberty ./platforms/asap7/lib/NLDM/asap7sc7p5t_OA_RVT_FF_nldm_211120.lib.gz
read_liberty ./platforms/asap7/lib/NLDM/asap7sc7p5t_SIMPLE_RVT_FF_nldm_211120.lib.gz
read_liberty ./platforms/asap7/lib/NLDM/asap7sc7p5t_SEQ_RVT_FF_nldm_220123.lib
read_db /tmp/workspace/scripts-Private_test-fr_cugr_cmp-1-/results/asap7/riscv32i-mock-sram_fakeram7_256x32/base/3_1_place_gp_skip_io.odb
read_sdc /tmp/workspace/scripts-Private_test-fr_cugr_cmp-1-/results/asap7/riscv32i-mock-sram_fakeram7_256x32/base/2_floorplan.sdc
source ./platforms/asap7/setRC.tcl
place_pins -hor_layers M4 -ver_layers M5 -min_distance 6 -min_distance_in_tracks
Found 0 macro blocks.
[INFO PPL-0001] Number of available slots 108
[INFO PPL-0002] Number of I/O             75
[INFO PPL-0003] Number of I/O w/sink      75
[INFO PPL-0004] Number of I/O w/o sink    0
[INFO PPL-0005] Slots per section         200
[INFO PPL-0008] Successfully assigned pins to sections.
[INFO PPL-0012] I/O nets HPWL: 283.30 um.
Design area 69 um^2 61% utilization.
write_db /tmp/workspace/scripts-Private_test-fr_cugr_cmp-1-/results/asap7/riscv32i-mock-sram_fakeram7_256x32/base/3_2_place_iop.odb
Elapsed time: 0:01.41[h:]min:sec. CPU time: user 1.30 sys 0.11 (100%). Peak memory: 201024KB.
Log                       Ext     Elapsed/s Peak Memory/MB sha1sum result [0:20)
3_2_place_iop             .odb            1            196 e533c488f60e1333df36
/OpenROAD-flow-scripts/flow/scripts/flow.sh 3_3_place_gp global_place
Running global_place.tcl, stage 3_3_place_gp
source ./platforms/asap7/liberty_suppressions.tcl
read_liberty ./platforms/asap7/lib/NLDM/asap7sc7p5t_AO_RVT_FF_nldm_211120.lib.gz
read_liberty ./platforms/asap7/lib/NLDM/asap7sc7p5t_INVBUF_RVT_FF_nldm_220122.lib.gz
read_liberty ./platforms/asap7/lib/NLDM/asap7sc7p5t_OA_RVT_FF_nldm_211120.lib.gz
read_liberty ./platforms/asap7/lib/NLDM/asap7sc7p5t_SIMPLE_RVT_FF_nldm_211120.lib.gz
read_liberty ./platforms/asap7/lib/NLDM/asap7sc7p5t_SEQ_RVT_FF_nldm_220123.lib
read_db /tmp/workspace/scripts-Private_test-fr_cugr_cmp-1-/results/asap7/riscv32i-mock-sram_fakeram7_256x32/base/3_2_place_iop.odb
read_sdc /tmp/workspace/scripts-Private_test-fr_cugr_cmp-1-/results/asap7/riscv32i-mock-sram_fakeram7_256x32/base/2_floorplan.sdc
source ./platforms/asap7/setRC.tcl
[INFO RSZ-0026] Removed 26 buffers.
Perform port buffering...
[INFO RSZ-0027] Inserted 42 BUFx2_ASAP7_75t_R input buffers.
[INFO RSZ-0028] Inserted 32 BUFx2_ASAP7_75t_R output buffers.
global_placement -density 0.8 -pad_left 0 -pad_right 0 -routability_driven -timing_driven -force_center_initial_place -min_phi_coef 0.95 -max_phi_coef 1.05
[INFO GPL-0001] ---- Initialize GPL Main Data Structures
[INFO GPL-0002] DBU: 1000
[INFO GPL-0003] SiteSize: (  0.054  0.270 ) um
[INFO GPL-0004] CoreBBox: (  1.026  1.080 ) (  4.752 31.320 ) um
[INFO GPL-0016] Core area:                     112.674 um^2
[INFO GPL-0036] Movable instances area:         63.583 um^2
[INFO GPL-0037] Total instances area:           70.115 um^2
[INFO GPL-0035] Pin density area adjust:         4.386 um^2
[INFO GPL-0032] ---- Initialize Region: Top-level
[INFO GPL-0006] Number of instances:               697
[INFO GPL-0007] Movable instances:                 473
[INFO GPL-0008] Fixed instances:                   224
[INFO GPL-0009] Dummy instances:                     0
[INFO GPL-0010] Number of nets:                    516
[INFO GPL-0011] Number of pins:                   1517
[INFO GPL-0012] Die BBox:       (  0.000  0.000 ) (  5.802 32.416 ) um
[INFO GPL-0013] Placement BBox: (  1.026  1.080 ) (  4.752 31.320 ) um
[INFO GPL-0014] Region name: top-level.
[INFO GPL-0015] Region area:                   112.674 um^2
[INFO GPL-0017] Fixed instances area:            6.532 um^2
[INFO GPL-0018] Movable instances area:         67.970 um^2
[INFO GPL-0019] Utilization:                    64.036 %
[INFO GPL-0020] Standard cells area:            67.970 um^2
[INFO GPL-0021] Large instances area:            0.000 um^2
[INFO GPL-0005] ---- Execute Conjugate Gradient Initial Placement.
[INFO GPL-0051] Source of initial instance position counters:
	Odb location = 0	Core center = 473	Region center = 0
[InitialPlace]  Iter: 1 conjugate gradient residual: 0.00000012 HPWL: 979972
[InitialPlace]  Iter: 2 conjugate gradient residual: 0.00000011 HPWL: 876203
[InitialPlace]  Iter: 3 conjugate gradient residual: 0.00000008 HPWL: 768520
[InitialPlace]  Iter: 4 conjugate gradient residual: 0.00000007 HPWL: 741911
[InitialPlace]  Iter: 5 conjugate gradient residual: 0.00000005 HPWL: 734539
[INFO GPL-0033] ---- Initialize Nesterov Region: Top-level
[INFO GPL-0023] Placement target density:       0.8000
[INFO GPL-0024] Movable insts average area:      0.144 um^2
[INFO GPL-0025] Ideal bin area:                  0.180 um^2
[INFO GPL-0026] Ideal bin count:                   627
[INFO GPL-0027] Total bin area:                112.674 um^2
[INFO GPL-0028] Bin count (X, Y):           8 ,     64
[INFO GPL-0029] Bin size (W * H):       0.466 *  0.472 um
[INFO GPL-0030] Number of bins:                    512
[INFO GPL-0084] ---- Execute Nesterov Global Placement.
[INFO GPL-0031] HPWL: Half-Perimeter Wirelength
Iteration | Overflow |     HPWL (um) |  HPWL(%) |   Penalty | Group
---------------------------------------------------------------
        0 |   0.7536 |  4.346690e+02 |   +0.00% |  8.00e-12 |      
       10 |   0.7770 |  4.971290e+02 |  +14.37% |  1.30e-11 |      
       20 |   0.7910 |  5.459840e+02 |   +9.83% |  2.12e-11 |      
       30 |   0.7948 |  5.651100e+02 |   +3.50% |  3.46e-11 |      
       40 |   0.7925 |  5.580260e+02 |   -1.25% |  5.63e-11 |      
       50 |   0.7905 |  5.494230e+02 |   -1.54% |  9.17e-11 |      
       60 |   0.7913 |  5.512800e+02 |   +0.34% |  1.49e-10 |      
       70 |   0.7919 |  5.554110e+02 |   +0.75% |  2.43e-10 |      
       80 |   0.7911 |  5.542370e+02 |   -0.21% |  3.96e-10 |      
       90 |   0.7897 |  5.508970e+02 |   -0.60% |  6.46e-10 |      
      100 |   0.7885 |  5.498020e+02 |   -0.20% |  1.05e-09 |      
      110 |   0.7870 |  5.495450e+02 |   -0.05% |  1.71e-09 |      
      120 |   0.7835 |  5.475660e+02 |   -0.36% |  2.79e-09 |      
      130 |   0.7740 |  5.440720e+02 |   -0.64% |  4.54e-09 |      
      140 |   0.7613 |  5.383160e+02 |   -1.06% |  7.40e-09 |      
      150 |   0.7465 |  5.287810e+02 |   -1.77% |  1.21e-08 |      
      160 |   0.7282 |  5.157560e+02 |   -2.46% |  1.96e-08 |      
      170 |   0.6880 |  4.923380e+02 |   -4.54% |  3.20e-08 |      
      180 |   0.6528 |  4.684440e+02 |   -4.85% |  5.21e-08 |      
[INFO GPL-0100] Timing-driven iteration 1/2, virtual: false.
[INFO GPL-0101]    Iter: 186, overflow: 0.630, keep resizer changes at: 1, HPWL: 459223
Iteration |   Area    | Resized | Buffers | Nets repaired | Remaining
---------------------------------------------------------------------
        0 |     +0.0% |       0 |       0 |             0 |       516
    final |     +0.9% |       1 |       2 |             1 |         0
---------------------------------------------------------------------
[INFO RSZ-0034] Found 1 slew violations.
[INFO RSZ-0039] Resized 1 instances.
[INFO RSZ-0038] Inserted 2 buffers in 1 nets.
   Iter   |    Area   | Removed | Inserted |   Pins
          |           | Buffers | Buffers  | Remaining
-------------------------------------------------------
        0 |     +0.0% |       0 |        0 |       473
       47 |     +0.0% |       0 |        0 |       426
       94 |     +0.0% |       0 |        0 |       379
      141 |     +0.0% |       0 |        0 |       332
      188 |     +1.2% |       0 |        4 |       285
      235 |     +1.2% |       0 |        4 |       238
      282 |     +1.4% |       2 |        7 |       191
      329 |     +2.1% |       2 |       11 |       144
      376 |     +2.1% |       2 |       11 |        97
      423 |     +2.1% |       2 |       11 |        50
      470 |     +2.2% |       2 |       12 |         3
    final |     +2.2% |       2 |       12 |         0
-------------------------------------------------------
[INFO GPL-0106] Timing-driven: worst slack -4.250726e-11
[INFO GPL-0107] Timing-driven: repair_design delta area: 2.193 um^2 (+3.23%)
[INFO GPL-0108] Timing-driven: repair_design, gpl delta gcells: 12 (+2.54%)
[INFO GPL-0109] Timing-driven: repair_design, gcells created: 14, deleted: 2
[INFO GPL-0110] Timing-driven: new target density: 0.8206563
Iteration | Overflow |     HPWL (um) |  HPWL(%) |   Penalty | Group
---------------------------------------------------------------
      190 |   0.6154 |  5.190780e+02 |  +10.81% |  8.49e-08 |      
[INFO GPL-0038] Routability snapshot saved at iter = 200
      199 |   0.5978 |  5.396220e+02 |          |           |      
      200 |   0.5943 |  5.395060e+02 |   +3.94% |  1.38e-07 |      
      210 |   0.5417 |  5.321570e+02 |   -1.36% |  2.25e-07 |      
      220 |   0.4763 |  5.153830e+02 |   -3.15% |  3.67e-07 |      
      230 |   0.4389 |  5.092270e+02 |   -1.19% |  5.98e-07 |      
      240 |   0.3849 |  5.195570e+02 |   +2.03% |  9.73e-07 |      
      250 |   0.3227 |  5.267730e+02 |   +1.39% |  1.51e-06 |      
      260 |   0.2995 |  5.315230e+02 |   +0.90% |  2.22e-06 |      
[INFO GPL-0040] Routability iteration: 1
[INFO GPL-0041] Total routing overflow: 0.0000
[INFO GPL-0042] Number of overflowed tiles: 0 (0.00%)
[INFO GPL-0043] Average top 0.5% routing congestion: 0.6551
[INFO GPL-0044] Average top 1.0% routing congestion: 0.6314
[INFO GPL-0045] Average top 2.0% routing congestion: 0.6110
[INFO GPL-0046] Average top 5.0% routing congestion: 0.5791
[INFO GPL-0047] Routability iteration weighted routing congestion: 0.6433
[INFO GPL-0050] Weighted routing congestion is lower than target routing congestion(1.0100), end routability optimization.
[INFO GPL-0090] Routability finished. Target routing congestion achieved succesfully.
Iteration | Overflow |     HPWL (um) |  HPWL(%) |   Penalty | Group
---------------------------------------------------------------
      270 |   0.2587 |  5.404700e+02 |   +1.68% |  3.27e-06 |      
      280 |   0.2454 |  5.426910e+02 |   +0.41% |  4.82e-06 |      
      290 |   0.2233 |  5.466000e+02 |   +0.72% |  7.10e-06 |      
      300 |   0.2056 |  5.514580e+02 |   +0.89% |  1.05e-05 |      
[INFO GPL-0100] Timing-driven iteration 2/2, virtual: false.
[INFO GPL-0101]    Iter: 307, overflow: 0.193, keep resizer changes at: 1, HPWL: 554024
Iteration |   Area    | Resized | Buffers | Nets repaired | Remaining
---------------------------------------------------------------------
        0 |     +0.0% |       0 |       0 |             0 |       528
    final |     +0.0% |       0 |       0 |             0 |         0
---------------------------------------------------------------------
   Iter   |    Area   | Removed | Inserted |   Pins
          |           | Buffers | Buffers  | Remaining
-------------------------------------------------------
        0 |     +0.0% |       0 |        0 |       473
       47 |     +0.0% |       0 |        0 |       426
       94 |     +0.0% |       0 |        0 |       379
      141 |     +0.0% |       0 |        0 |       332
      188 |     +0.1% |       4 |        5 |       285
      235 |     +0.1% |       4 |        5 |       238
      282 |     +0.3% |       7 |        9 |       191
      329 |     +0.3% |      11 |       13 |       144
      376 |     +0.3% |      11 |       13 |        97
      423 |     +0.3% |      11 |       13 |        50
      470 |     +0.3% |      12 |       14 |         3
    final |     +0.3% |      12 |       14 |         0
-------------------------------------------------------
[INFO GPL-0106] Timing-driven: worst slack -4.1359104e-11
[INFO GPL-0107] Timing-driven: repair_design delta area: 0.233 um^2 (+0.33%)
[INFO GPL-0108] Timing-driven: repair_design, gpl delta gcells: 2 (+0.41%)
[INFO GPL-0109] Timing-driven: repair_design, gcells created: 14, deleted: 12
[INFO GPL-0110] Timing-driven: new target density: 0.8228541
Iteration | Overflow |     HPWL (um) |  HPWL(%) |   Penalty | Group
---------------------------------------------------------------
      310 |   0.1866 |  5.807730e+02 |   +5.32% |  1.54e-05 |      
      320 |   0.1525 |  5.836180e+02 |   +0.49% |  2.27e-05 |      
      330 |   0.1418 |  5.837030e+02 |   +0.01% |  3.34e-05 |      
      340 |   0.1229 |  5.835090e+02 |   -0.03% |  4.93e-05 |      
      350 |   0.0999 |  5.896700e+02 |   +1.06% |  7.26e-05 |      
      350 |   0.0999 |  5.896700e+02 |          |  7.54e-05 |      
---------------------------------------------------------------
[INFO GPL-1001] Global placement finished at iteration 350
[INFO GPL-1017] Routability mode iteration count: 60
[INFO GPL-1005] Routability final weighted congestion: 0.6050
[INFO GPL-1002] Placed Cell Area               70.3956
[INFO GPL-1003] Available Free Area           106.1424
[INFO GPL-1004] Minimum Feasible Density        0.6500 (cell_area / free_area)
[INFO GPL-1006]   Suggested Target Densities:
[INFO GPL-1007]     - For 90% usage of free space: 0.7369
[INFO GPL-1008]     - For 80% usage of free space: 0.8290
[INFO GPL-1011] Original area (um^2): 67.97
[INFO GPL-1012] Total routability artificial inflation: 0.00 (+0.00%)
[INFO GPL-1013] Total timing-driven delta area: 2.43 (+3.57%)
[INFO GPL-1014] Final placement area: 70.40 (+3.57%)
estimate_parasitics -placement
Report metrics stage 3, global place...

==========================================================================
global place report_design_area
--------------------------------------------------------------------------
Design area 73 um^2 64% utilization.
write_db /tmp/workspace/scripts-Private_test-fr_cugr_cmp-1-/results/asap7/riscv32i-mock-sram_fakeram7_256x32/base/3_3_place_gp.odb
Elapsed time: 0:01.89[h:]min:sec. CPU time: user 6.22 sys 0.25 (341%). Peak memory: 297480KB.
Log                       Ext     Elapsed/s Peak Memory/MB sha1sum result [0:20)
3_3_place_gp              .odb            1            290 c4864144bf70b4edbf1c
/OpenROAD-flow-scripts/flow/scripts/flow.sh 3_4_place_resized resize
Running resize.tcl, stage 3_4_place_resized
source ./platforms/asap7/liberty_suppressions.tcl
read_liberty ./platforms/asap7/lib/NLDM/asap7sc7p5t_AO_RVT_FF_nldm_211120.lib.gz
read_liberty ./platforms/asap7/lib/NLDM/asap7sc7p5t_INVBUF_RVT_FF_nldm_220122.lib.gz
read_liberty ./platforms/asap7/lib/NLDM/asap7sc7p5t_OA_RVT_FF_nldm_211120.lib.gz
read_liberty ./platforms/asap7/lib/NLDM/asap7sc7p5t_SIMPLE_RVT_FF_nldm_211120.lib.gz
read_liberty ./platforms/asap7/lib/NLDM/asap7sc7p5t_SEQ_RVT_FF_nldm_220123.lib
read_db /tmp/workspace/scripts-Private_test-fr_cugr_cmp-1-/results/asap7/riscv32i-mock-sram_fakeram7_256x32/base/3_3_place_gp.odb
read_sdc /tmp/workspace/scripts-Private_test-fr_cugr_cmp-1-/results/asap7/riscv32i-mock-sram_fakeram7_256x32/base/2_floorplan.sdc
source ./platforms/asap7/setRC.tcl
estimate_parasitics -placement
Perform buffer insertion and gate resizing...
repair_design -verbose
Iteration |   Area    | Resized | Buffers | Nets repaired | Remaining
---------------------------------------------------------------------
        0 |     +0.0% |       0 |       0 |             0 |       530
       10 |     +0.0% |       0 |       0 |             0 |       520
       20 |     +0.0% |       0 |       0 |             0 |       510
       30 |     +0.0% |       0 |       0 |             0 |       500
       40 |     +0.0% |       0 |       0 |             0 |       490
       50 |     +0.0% |       0 |       0 |             0 |       480
       60 |     +0.0% |       0 |       0 |             0 |       470
       70 |     +0.0% |       0 |       0 |             0 |       460
       80 |     +0.0% |       0 |       0 |             0 |       450
       90 |     +0.0% |       0 |       0 |             0 |       440
      100 |     +0.0% |       0 |       0 |             0 |       430
      110 |     +0.0% |       0 |       0 |             0 |       420
      120 |     +0.0% |       0 |       0 |             0 |       410
      130 |     +0.0% |       0 |       0 |             0 |       400
      140 |     +0.0% |       0 |       0 |             0 |       390
      150 |     +0.0% |       0 |       0 |             0 |       380
      160 |     +0.0% |       0 |       0 |             0 |       370
      170 |     +0.0% |       0 |       0 |             0 |       360
      180 |     +0.0% |       0 |       0 |             0 |       350
      190 |     +0.0% |       0 |       0 |             0 |       340
      200 |     +0.0% |       0 |       0 |             0 |       330
      210 |     +0.0% |       0 |       0 |             0 |       320
      220 |     +0.0% |       0 |       0 |             0 |       310
      230 |     +0.0% |       0 |       0 |             0 |       300
      240 |     +0.0% |       0 |       0 |             0 |       290
      250 |     +0.0% |       0 |       0 |             0 |       280
      260 |     +0.0% |       0 |       0 |             0 |       270
      270 |     +0.0% |       0 |       0 |             0 |       260
      280 |     +0.0% |       0 |       0 |             0 |       250
      290 |     +0.0% |       0 |       0 |             0 |       240
      300 |     +0.0% |       0 |       0 |             0 |       230
      310 |     +0.0% |       0 |       0 |             0 |       220
      320 |     +0.0% |       0 |       0 |             0 |       210
      330 |     +0.0% |       0 |       0 |             0 |       200
      340 |     +0.0% |       0 |       0 |             0 |       190
      350 |     +0.0% |       0 |       0 |             0 |       180
      360 |     +0.0% |       0 |       0 |             0 |       170
      370 |     +0.0% |       0 |       0 |             0 |       160
      380 |     +0.0% |       0 |       0 |             0 |       150
      390 |     +0.0% |       0 |       0 |             0 |       140
      400 |     +0.0% |       0 |       0 |             0 |       130
      410 |     +0.0% |       0 |       0 |             0 |       120
      420 |     +0.0% |       0 |       0 |             0 |       110
      430 |     +0.0% |       0 |       0 |             0 |       100
      440 |     +0.0% |       0 |       0 |             0 |        90
      450 |     +0.0% |       0 |       0 |             0 |        80
      460 |     +0.0% |       0 |       0 |             0 |        70
      470 |     +0.0% |       0 |       0 |             0 |        60
      480 |     +0.0% |       0 |       0 |             0 |        50
      490 |     +0.0% |       0 |       0 |             0 |        40
      500 |     +0.0% |       0 |       0 |             0 |        30
      510 |     +0.0% |       0 |       0 |             0 |        20
      520 |     +0.0% |       0 |       0 |             0 |        10
      530 |     +0.0% |       0 |       0 |             0 |         0
    final |     +0.0% |       0 |       0 |             0 |         0
---------------------------------------------------------------------
[INFO RSZ-0504] Runtime: 0.03s
Floating nets: 
Report metrics stage 3, resizer...

==========================================================================
resizer report_design_area
--------------------------------------------------------------------------
Design area 73 um^2 64% utilization.
Instance count before 711, after 711
Pin count before 1470, after 1470
write_db /tmp/workspace/scripts-Private_test-fr_cugr_cmp-1-/results/asap7/riscv32i-mock-sram_fakeram7_256x32/base/3_4_place_resized.odb
Elapsed time: 0:01.56[h:]min:sec. CPU time: user 1.55 sys 0.15 (108%). Peak memory: 219768KB.
Log                       Ext     Elapsed/s Peak Memory/MB sha1sum result [0:20)
3_4_place_resized         .odb            1            214 c4864144bf70b4edbf1c
/OpenROAD-flow-scripts/flow/scripts/flow.sh 3_5_place_dp detail_place
Running detail_place.tcl, stage 3_5_place_dp
source ./platforms/asap7/liberty_suppressions.tcl
read_liberty ./platforms/asap7/lib/NLDM/asap7sc7p5t_AO_RVT_FF_nldm_211120.lib.gz
read_liberty ./platforms/asap7/lib/NLDM/asap7sc7p5t_INVBUF_RVT_FF_nldm_220122.lib.gz
read_liberty ./platforms/asap7/lib/NLDM/asap7sc7p5t_OA_RVT_FF_nldm_211120.lib.gz
read_liberty ./platforms/asap7/lib/NLDM/asap7sc7p5t_SIMPLE_RVT_FF_nldm_211120.lib.gz
read_liberty ./platforms/asap7/lib/NLDM/asap7sc7p5t_SEQ_RVT_FF_nldm_220123.lib
read_db /tmp/workspace/scripts-Private_test-fr_cugr_cmp-1-/results/asap7/riscv32i-mock-sram_fakeram7_256x32/base/3_4_place_resized.odb
read_sdc /tmp/workspace/scripts-Private_test-fr_cugr_cmp-1-/results/asap7/riscv32i-mock-sram_fakeram7_256x32/base/2_floorplan.sdc
source ./platforms/asap7/setRC.tcl
detailed_placement
[INFO DPL-0006] Core area: 112.67 um^2
[INFO DPL-0007] Movable instances area: 66.05 um^2
[INFO DPL-0008] Fixed instances area within core: 6.53 um^2
[INFO DPL-0009] Utilization: 64.4%
[INFO DPL-0005] Diamond search max displacement: +/- 500 sites horizontally, +/- 100 rows vertically.
[INFO DPL-1102] Legalizing using negotiation legalizer.
[INFO DPL-1103] Negotiation base search window: +/-20 sites horizontally, +/-5 rows vertically 
	Automatic search window extension enabled.
	Search window extendable up to the max displacement cap of +/-500 sites, +/-100 rows near walls.
[INFO DPL-1104] NegotiationLegalizer DRC penalty: 5.
[INFO DPL-0392] Negotiation cell height distribution (1 unique row-count(s)):
[INFO DPL-0393]   height 1 row(s): 711 cells
          |      Total |  Illegal |  Illegal
Iteration | Violations |    Cells |    Sites
---------------------------------------------
        0 |         12 |         4 |         8
        1 |          0 |         0 |         0
Negotiation phase 1 converged at iteration 1.
[INFO DPL-0500] Runtime: 0.01s
Placement Analysis
---------------------------------
total displacement        185.4 u
average displacement        0.3 u
max displacement            2.0 u
original HPWL             594.9 u
legalized HPWL            781.1 u
delta HPWL                   31 %

improve_placement -max_displacement "5 1"
Detailed placement improvement.
[INFO DPL-0401] Setting random seed to 1.
[INFO DPL-0402] Setting maximum displacement 5 1 to 1350 270 units.
[INFO DPL-0320] Collected 299 fixed cells.
[INFO DPL-0318] Collected 487 single height cells.
[INFO DPL-0321] Collected 0 wide cells.
[INFO DPL-0322] Image (1026, 1080) - (4752, 31320)
[INFO DPL-0310] Assigned 487 cells into segments.  Movement in X-direction is 0.000000, movement in Y-direction is 0.000000.
[INFO DPL-0313] Found 0 cells in wrong regions.
[INFO DPL-0315] Found 0 row alignment problems.
[INFO DPL-0314] Found 0 site alignment problems.
[INFO DPL-0311] Found 0 overlaps between adjacent cells.
[INFO DPL-0312] Found 0 edge spacing violations and 0 padding violations.
[INFO DPL-0303] Running algorithm for independent set matching.
[INFO DPL-0300] Set matching objective is wirelength.
[INFO DPL-0301] Pass   1 of matching; objective is 7.799540e+05.
[INFO DPL-0302] End of matching; objective is 7.778140e+05, improvement is 0.27 percent.
[INFO DPL-0303] Running algorithm for global swaps.
[INFO DPL-0306] Pass   1 of global swaps; hpwl is 7.611230e+05.
[INFO DPL-0306] Pass   2 of global swaps; hpwl is 7.595050e+05.
[INFO DPL-0307] End of global swaps; objective is 7.595050e+05, improvement is 2.35 percent.
[INFO DPL-0303] Running algorithm for vertical swaps.
[INFO DPL-0308] Pass   1 of vertical swaps; hpwl is 7.553580e+05.
[INFO DPL-0309] End of vertical swaps; objective is 7.553580e+05, improvement is 0.55 percent.
[INFO DPL-0303] Running algorithm for reordering.
[INFO DPL-0304] Pass   1 of reordering; objective is 7.530530e+05.
[INFO DPL-0305] End of reordering; objective is 7.530530e+05, improvement is 0.31 percent.
[INFO DPL-0303] Running algorithm for random improvement.
[INFO DPL-0324] Random improver is using random generator.
[INFO DPL-0325] Random improver is using hpwl objective.
[INFO DPL-0326] Random improver cost string is (a).
[INFO DPL-0332] End of pass, Generator random called 9740 times.
[INFO DPL-0335] Generator random, Cumulative attempts 9740, swaps 1767, moves   988 since last reset.
[INFO DPL-0333] End of pass, Objective hpwl, Initial cost 7.530530e+05, Scratch cost 7.440150e+05, Incremental cost 7.440150e+05, Mismatch? N
[INFO DPL-0338] End of pass, Total cost is 7.440150e+05.
[INFO DPL-0327] Pass   1 of random improver; improvement in cost is 1.20 percent.
[INFO DPL-0332] End of pass, Generator random called 9740 times.
[INFO DPL-0335] Generator random, Cumulative attempts 19480, swaps 3495, moves  2050 since last reset.
[INFO DPL-0333] End of pass, Objective hpwl, Initial cost 7.440150e+05, Scratch cost 7.403970e+05, Incremental cost 7.403970e+05, Mismatch? N
[INFO DPL-0338] End of pass, Total cost is 7.403970e+05.
[INFO DPL-0327] Pass   2 of random improver; improvement in cost is 0.49 percent.
[INFO DPL-0328] End of random improver; improvement is 1.680625 percent.
[INFO DPL-0380] Cell flipping.
[INFO DPL-0382] Changed 0 cell orientations for row compatibility.
[INFO DPL-0383] Performed 213 cell flips.
[INFO DPL-0384] End of flipping; objective is 7.032760e+05, improvement is 5.01 percent.
[INFO DPL-0313] Found 0 cells in wrong regions.
[INFO DPL-0315] Found 0 row alignment problems.
[INFO DPL-0314] Found 0 site alignment problems.
[INFO DPL-0311] Found 0 overlaps between adjacent cells.
[INFO DPL-0312] Found 0 edge spacing violations and 0 padding violations.
Detailed Improvement Results
------------------------------------------
Original HPWL              781.1 u (     357.4,      423.7)
Final HPWL                 702.0 u (     315.9,      386.1)
Delta HPWL                 -10.1 % (     -11.6,       -8.9)

optimize_mirroring
[INFO DPL-0020] Mirrored 14 instances
[INFO DPL-0021] HPWL before             702.0 u
[INFO DPL-0022] HPWL after              701.5 u
[INFO DPL-0023] HPWL delta               -0.1 %
[INFO FLW-0012] Placement violations .
estimate_parasitics -placement
Report metrics stage 3, detailed place...

==========================================================================
detailed place report_design_area
--------------------------------------------------------------------------
Design area 73 um^2 64% utilization.
write_db /tmp/workspace/scripts-Private_test-fr_cugr_cmp-1-/results/asap7/riscv32i-mock-sram_fakeram7_256x32/base/3_5_place_dp.odb
write_sdc -no_timestamp /tmp/workspace/scripts-Private_test-fr_cugr_cmp-1-/results/asap7/riscv32i-mock-sram_fakeram7_256x32/base/3_place.sdc
Elapsed time: 0:01.59[h:]min:sec. CPU time: user 1.57 sys 0.15 (108%). Peak memory: 206492KB.
Log                       Ext     Elapsed/s Peak Memory/MB sha1sum result [0:20)
3_5_place_dp              .odb            1            201 c4be2013e0bd48a8fd9f
cp /tmp/workspace/scripts-Private_test-fr_cugr_cmp-1-/results/asap7/riscv32i-mock-sram_fakeram7_256x32/base/3_5_place_dp.odb /tmp/workspace/scripts-Private_test-fr_cugr_cmp-1-/results/asap7/riscv32i-mock-sram_fakeram7_256x32/base/3_place.odb
/OpenROAD-flow-scripts/flow/scripts/flow.sh 4_1_cts cts
Running cts.tcl, stage 4_1_cts
source ./platforms/asap7/liberty_suppressions.tcl
read_liberty ./platforms/asap7/lib/NLDM/asap7sc7p5t_AO_RVT_FF_nldm_211120.lib.gz
read_liberty ./platforms/asap7/lib/NLDM/asap7sc7p5t_INVBUF_RVT_FF_nldm_220122.lib.gz
read_liberty ./platforms/asap7/lib/NLDM/asap7sc7p5t_OA_RVT_FF_nldm_211120.lib.gz
read_liberty ./platforms/asap7/lib/NLDM/asap7sc7p5t_SIMPLE_RVT_FF_nldm_211120.lib.gz
read_liberty ./platforms/asap7/lib/NLDM/asap7sc7p5t_SEQ_RVT_FF_nldm_220123.lib
read_db /tmp/workspace/scripts-Private_test-fr_cugr_cmp-1-/results/asap7/riscv32i-mock-sram_fakeram7_256x32/base/3_place.odb
read_sdc /tmp/workspace/scripts-Private_test-fr_cugr_cmp-1-/results/asap7/riscv32i-mock-sram_fakeram7_256x32/base/3_place.sdc
source ./platforms/asap7/setRC.tcl
clock_tree_synthesis -sink_clustering_enable -repair_clock_nets
[INFO CTS-0050] Root buffer is BUFx8_ASAP7_75t_R.
[INFO CTS-0051] Sink buffer is BUFx16f_ASAP7_75t_R.
[INFO CTS-0052] The following clock buffers will be used for CTS:
                    BUFx10_ASAP7_75t_R
                    BUFx16f_ASAP7_75t_R
[INFO CTS-0049] Characterization buffer is BUFx16f_ASAP7_75t_R.
[INFO CTS-0007] Net "clk" found for clock "clk".
[INFO CTS-0010]  Clock net "clk" has 97 sinks.
[INFO CTS-0008] TritonCTS found 1 clock nets.
[INFO CTS-0097] Characterization used 2 buffer(s) types.
[INFO CTS-0201] 0 blockages from hard placement blockages and placed macros will be used.
[INFO CTS-0027] Generating H-Tree topology for net clk.
[INFO CTS-0028]  Total number of sinks: 97.
[INFO CTS-0090]  Sinks will be clustered based on buffer max cap.
[INFO CTS-0030]  Number of static layers: 0.
[INFO CTS-0020]  Wire segment unit: 1350  dbu (1 um).
[INFO CTS-0023]  Original sink region: [(1231, 3105), (4546, 28215)].
[INFO CTS-0024]  Normalized sink region: [(0.911852, 2.3), (3.36741, 20.9)].
[INFO CTS-0025]     Width:  2.4556.
[INFO CTS-0026]     Height: 18.6000.
 Level 1
    Direction: Vertical
    Sinks per sub-region: 49
    Sub-region size: 2.4556 X 9.3000
[INFO CTS-0034]     Segment length (rounded): 4.
 Level 2
    Direction: Horizontal
    Sinks per sub-region: 25
    Sub-region size: 1.2278 X 9.3000
[INFO CTS-0034]     Segment length (rounded): 1.
 Level 3
    Direction: Vertical
    Sinks per sub-region: 13
    Sub-region size: 1.2278 X 4.6500
[INFO CTS-0034]     Segment length (rounded): 2.
[INFO CTS-0038]  Stop criterion found. Sink region hpwl is smaller than max wirelength (137.460 um) and max number of sinks is 15.
[INFO CTS-0035]  Number of sinks covered: 97.
[INFO CTS-0018]     Created 9 clock buffers.
[INFO CTS-0012]     Minimum number of buffers in the clock path: 2.
[INFO CTS-0013]     Maximum number of buffers in the clock path: 2.
[INFO CTS-0015]     Created 9 clock nets.
[INFO CTS-0016]     Fanout distribution for the current clock = 10:2, 11:1, 12:2, 13:1, 14:1, 15:1..
[INFO CTS-0017]     Max level of the clock tree: 3.
[INFO CTS-0098] Clock net "clk"
[INFO CTS-0099]  Sinks 104
[INFO CTS-0100]  Leaf buffers 0
[INFO CTS-0101]  Average sink wire length 21.09 um
[INFO CTS-0102]  Path depth 2 - 2
[INFO CTS-0207]  Dummy loads inserted 7
[INFO CTS-0500] Runtime: 1.81s
estimate_parasitics -placement
detailed_placement
[INFO DPL-0006] Core area: 112.67 um^2
[INFO DPL-0007] Movable instances area: 69.23 um^2
[INFO DPL-0008] Fixed instances area within core: 6.53 um^2
[INFO DPL-0009] Utilization: 67.2%
[INFO DPL-0005] Diamond search max displacement: +/- 500 sites horizontally, +/- 100 rows vertically.
[INFO DPL-1102] Legalizing using negotiation legalizer.
[INFO DPL-1103] Negotiation base search window: +/-20 sites horizontally, +/-5 rows vertically 
	Automatic search window extension enabled.
	Search window extendable up to the max displacement cap of +/-500 sites, +/-100 rows near walls.
[INFO DPL-1104] NegotiationLegalizer DRC penalty: 5.
[INFO DPL-0392] Negotiation cell height distribution (1 unique row-count(s)):
[INFO DPL-0393]   height 1 row(s): 727 cells
          |      Total |  Illegal |  Illegal
Iteration | Violations |    Cells |    Sites
---------------------------------------------
        0 |        107 |        19 |        88
        1 |         80 |        12 |        68
        2 |         32 |         4 |        28
        3 |         43 |         9 |        34
        4 |         34 |         8 |        26
        5 |         43 |         5 |        38
        6 |         12 |         2 |        10
        7 |         14 |         2 |        12
        8 |          0 |         0 |         0
Negotiation phase 1 converged at iteration 8.
[INFO DPL-0500] Runtime: 0.01s
Placement Analysis
---------------------------------
total displacement        115.5 u
average displacement        0.2 u
max displacement            4.2 u
original HPWL             759.1 u
legalized HPWL            835.7 u
delta HPWL                   10 %

estimate_parasitics -placement
repair_timing -setup_margin 0 -hold_margin 0 -repair_tns 100 -verbose
[INFO RSZ-0100] Repair move sequence: UnbufferMove SizeUpMove SwapPinsMove BufferMove CloneMove SplitLoadMove 
[INFO RSZ-0094] Found 97 endpoints with setup violations.
[INFO RSZ-0099] Repairing 97 out of 97 (100.00%) violating endpoints...
   Iter   | Removed | Resized | Inserted | Cloned |  Pin  |   Area   |    WNS   |   StTNS    |   EnTNS    |  Viol  |  Worst  
          | Buffers |  Gates  | Buffers  |  Gates | Swaps |          |          |            |            | Endpts | St/EnPt 
------------------------------------------------------------------------------------------------------------------------------
       0* |       0 |       0 |        0 |      0 |     0 |    +0.0% |  -36.029 |     -217.6 |    -2360.7 |     97 | mem\[0\]\[15\]$_DFFE_PP_/D
      10* |       0 |       3 |        1 |      3 |     2 |    +1.8% |  -30.282 |     -206.0 |    -2301.8 |     97 | mem\[1\]\[27\]$_DFFE_PP_/D
      20* |       0 |      12 |        1 |      4 |     2 |    +2.5% |  -21.745 |     -193.0 |    -1215.5 |     97 | mem\[1\]\[7\]$_DFFE_PP_/D
      20* |       0 |      12 |        1 |      4 |     2 |    +2.5% |  -21.745 |     -193.0 |    -1215.5 |     97 | mem\[1\]\[7\]$_DFFE_PP_/D
      26* |       0 |      12 |        1 |      4 |     2 |    +2.5% |  -21.745 |     -193.0 |    -1215.5 |     97 | mem\[1\]\[7\]$_DFFE_PP_/D
      30* |       0 |      12 |        1 |      6 |     3 |    +3.1% |  -21.745 |     -193.0 |    -1311.1 |     97 | mem\[1\]\[7\]$_DFFE_PP_/D
      32* |       0 |      14 |        1 |      6 |     3 |    +3.2% |  -21.745 |     -193.0 |    -1297.4 |     97 | mem\[1\]\[7\]$_DFFE_PP_/D
      34* |       0 |      14 |        1 |      6 |     4 |    +3.2% |  -21.745 |     -193.0 |    -1297.1 |     97 | mem\[1\]\[7\]$_DFFE_PP_/D
      36* |       0 |      14 |        1 |      6 |     5 |    +3.2% |  -21.745 |     -193.0 |    -1296.9 |     97 | mem\[1\]\[7\]$_DFFE_PP_/D
      38* |       0 |      14 |        1 |      6 |     6 |    +3.2% |  -21.745 |     -193.0 |    -1296.7 |     97 | mem\[1\]\[7\]$_DFFE_PP_/D
      40* |       0 |      14 |        1 |      6 |     7 |    +3.2% |  -21.745 |     -193.0 |    -1296.4 |     97 | mem\[1\]\[7\]$_DFFE_PP_/D
      40* |       0 |      14 |        1 |      6 |     7 |    +3.2% |  -21.745 |     -193.0 |    -1296.4 |     97 | mem\[1\]\[7\]$_DFFE_PP_/D
      42* |       0 |      14 |        1 |      6 |     8 |    +3.2% |  -21.745 |     -193.0 |    -1296.2 |     97 | mem\[1\]\[7\]$_DFFE_PP_/D
      44* |       0 |      14 |        1 |      6 |     9 |    +3.2% |  -21.745 |     -193.0 |    -1296.0 |     97 | mem\[1\]\[7\]$_DFFE_PP_/D
      50* |       0 |      17 |        1 |      8 |     9 |    +3.7% |  -21.745 |     -193.0 |    -1358.7 |     97 | mem\[1\]\[7\]$_DFFE_PP_/D
      56* |       0 |      17 |        1 |      8 |     9 |    +3.7% |  -21.745 |     -193.0 |    -1358.7 |     97 | mem\[1\]\[7\]$_DFFE_PP_/D
      60* |       0 |      19 |        1 |      9 |     9 |    +4.1% |  -22.453 |     -193.5 |    -1164.5 |     97 | mem\[1\]\[7\]$_DFFE_PP_/D
      63* |       0 |      17 |        1 |      8 |     9 |    +3.7% |  -21.745 |     -193.0 |    -1358.7 |     97 | mem\[1\]\[7\]$_DFFE_PP_/D
      70* |       0 |      21 |        2 |      9 |     9 |    +4.3% |  -22.389 |     -193.5 |    -1236.6 |     97 | mem\[1\]\[7\]$_DFFE_PP_/D
      70* |       0 |      17 |        1 |      8 |     9 |    +3.7% |  -21.745 |     -193.0 |    -1358.7 |     97 | mem\[1\]\[7\]$_DFFE_PP_/D
      77* |       0 |      17 |        1 |      8 |     9 |    +3.7% |  -21.745 |     -193.0 |    -1358.7 |     97 | mem\[1\]\[7\]$_DFFE_PP_/D
      80* |       0 |      18 |        1 |      9 |     9 |    +3.8% |  -22.076 |     -193.9 |    -1203.8 |     97 | mem\[1\]\[7\]$_DFFE_PP_/D
      83* |       0 |      18 |        1 |      8 |     9 |    +3.7% |  -21.745 |     -193.3 |    -1344.5 |     97 | mem\[1\]\[7\]$_DFFE_PP_/D
      87* |       0 |      18 |        1 |      8 |     9 |    +3.7% |  -21.745 |     -193.3 |    -1344.5 |     97 | mem\[1\]\[7\]$_DFFE_PP_/D
      90* |       0 |      19 |        1 |      9 |     9 |    +4.0% |  -22.251 |     -194.4 |    -1154.4 |     97 | mem\[1\]\[7\]$_DFFE_PP_/D
      91* |       0 |      18 |        1 |      8 |     9 |    +3.7% |  -21.745 |     -193.3 |    -1344.5 |     97 | mem\[1\]\[7\]$_DFFE_PP_/D
      96* |       0 |      18 |        1 |      8 |     9 |    +3.7% |  -21.745 |     -193.3 |    -1344.5 |     97 | mem\[1\]\[7\]$_DFFE_PP_/D
     100* |       0 |      20 |        1 |      9 |     9 |    +4.0% |  -22.251 |     -194.4 |    -1146.3 |     97 | mem\[1\]\[7\]$_DFFE_PP_/D
     101* |       0 |      18 |        1 |      8 |     9 |    +3.7% |  -21.745 |     -193.3 |    -1344.5 |     97 | mem\[1\]\[7\]$_DFFE_PP_/D
     106* |       0 |      18 |        1 |      8 |     9 |    +3.7% |  -21.745 |     -193.3 |    -1344.5 |     97 | mem\[1\]\[7\]$_DFFE_PP_/D
     110* |       0 |      19 |        1 |     10 |     9 |    +4.1% |  -22.076 |     -193.9 |    -1222.5 |     97 | mem\[1\]\[7\]$_DFFE_PP_/D
     111* |       0 |      18 |        1 |      8 |     9 |    +3.7% |  -21.745 |     -193.3 |    -1344.5 |     97 | mem\[1\]\[7\]$_DFFE_PP_/D
     117* |       0 |      18 |        1 |      8 |     9 |    +3.7% |  -21.745 |     -193.3 |    -1344.5 |     97 | mem\[1\]\[7\]$_DFFE_PP_/D
     120* |       0 |      19 |        1 |      9 |     9 |    +4.0% |  -22.076 |     -193.9 |    -1203.6 |     97 | mem\[1\]\[7\]$_DFFE_PP_/D
     123* |       0 |      18 |        1 |      8 |     9 |    +3.7% |  -21.745 |     -193.3 |    -1344.5 |     97 | mem\[1\]\[7\]$_DFFE_PP_/D
     129* |       0 |      18 |        1 |      8 |     9 |    +3.7% |  -21.745 |     -193.3 |    -1344.5 |     97 | mem\[1\]\[7\]$_DFFE_PP_/D
     130* |       0 |      18 |        1 |      8 |     9 |    +3.7% |  -21.745 |     -193.3 |    -1344.5 |     97 | mem\[1\]\[7\]$_DFFE_PP_/D
     135* |       0 |      18 |        1 |      8 |     9 |    +3.7% |  -21.745 |     -193.3 |    -1344.5 |     97 | mem\[1\]\[7\]$_DFFE_PP_/D
     140* |       0 |      20 |        1 |     10 |     9 |    +4.1% |  -22.076 |     -193.9 |    -1223.6 |     97 | mem\[1\]\[7\]$_DFFE_PP_/D
     141* |       0 |      18 |        1 |      8 |     9 |    +3.7% |  -21.745 |     -193.3 |    -1344.5 |     97 | mem\[1\]\[7\]$_DFFE_PP_/D
     147* |       0 |      18 |        1 |      8 |     9 |    +3.7% |  -21.745 |     -193.3 |    -1344.5 |     97 | mem\[1\]\[7\]$_DFFE_PP_/D
     150* |       0 |      19 |        1 |      9 |     9 |    +4.0% |  -22.076 |     -193.9 |    -1212.7 |     97 | mem\[1\]\[7\]$_DFFE_PP_/D
     154* |       0 |      18 |        1 |      8 |     9 |    +3.7% |  -21.745 |     -193.3 |    -1344.5 |     97 | mem\[1\]\[7\]$_DFFE_PP_/D
     160* |       0 |      21 |        1 |     10 |     9 |    +4.2% |  -22.076 |     -193.9 |    -1232.9 |     97 | mem\[1\]\[7\]$_DFFE_PP_/D
     161* |       0 |      18 |        1 |      8 |     9 |    +3.7% |  -21.745 |     -193.3 |    -1344.5 |     97 | mem\[1\]\[7\]$_DFFE_PP_/D
     167* |       0 |      18 |        1 |      8 |     9 |    +3.7% |  -21.745 |     -193.3 |    -1344.5 |     97 | mem\[1\]\[7\]$_DFFE_PP_/D
     170* |       0 |      19 |        1 |      9 |     9 |    +4.0% |  -22.076 |     -193.9 |    -1212.7 |     97 | mem\[1\]\[7\]$_DFFE_PP_/D
     173* |       0 |      18 |        1 |      8 |     9 |    +3.7% |  -21.745 |     -193.3 |    -1344.5 |     97 | mem\[1\]\[7\]$_DFFE_PP_/D
     179* |       0 |      18 |        1 |      8 |     9 |    +3.7% |  -21.745 |     -193.3 |    -1344.5 |     97 | mem\[1\]\[7\]$_DFFE_PP_/D
     180* |       0 |      18 |        1 |      8 |     9 |    +3.7% |  -21.745 |     -193.3 |    -1344.5 |     97 | mem\[1\]\[7\]$_DFFE_PP_/D
     181* |       0 |      18 |        1 |      8 |     9 |    +3.7% |  -21.745 |     -193.3 |    -1344.5 |     97 | mem\[1\]\[7\]$_DFFE_PP_/D
     183* |       0 |      18 |        1 |      8 |     9 |    +3.7% |  -21.745 |     -193.3 |    -1344.5 |     97 | mem\[1\]\[7\]$_DFFE_PP_/D
     189* |       0 |      18 |        1 |      8 |     9 |    +3.7% |  -21.745 |     -193.3 |    -1344.5 |     97 | mem\[1\]\[7\]$_DFFE_PP_/D
     190* |       0 |      18 |        1 |      8 |     9 |    +3.7% |  -21.745 |     -193.3 |    -1344.5 |     97 | mem\[1\]\[7\]$_DFFE_PP_/D
     191* |       0 |      18 |        1 |      8 |     9 |    +3.7% |  -21.745 |     -193.3 |    -1344.5 |     97 | mem\[1\]\[7\]$_DFFE_PP_/D
     193* |       0 |      18 |        1 |      8 |     9 |    +3.7% |  -21.745 |     -193.3 |    -1344.5 |     97 | mem\[1\]\[7\]$_DFFE_PP_/D
     195* |       0 |      18 |        1 |      8 |     9 |    +3.7% |  -21.745 |     -193.3 |    -1344.5 |     97 | mem\[1\]\[7\]$_DFFE_PP_/D
     200* |       0 |      20 |        1 |     10 |     9 |    +4.3% |  -21.996 |     -194.3 |    -1109.6 |     97 | mem\[0\]\[18\]$_DFFE_PP_/D
     206* |       0 |      22 |        2 |     10 |    10 |    +4.5% |  -21.667 |     -193.0 |    -1194.4 |     97 | mem\[0\]\[18\]$_DFFE_PP_/D
     208* |       0 |      22 |        2 |     10 |    10 |    +4.5% |  -21.667 |     -193.0 |    -1194.4 |     97 | mem\[0\]\[18\]$_DFFE_PP_/D
     210* |       0 |      23 |        2 |     10 |    10 |    +4.6% |  -21.868 |     -193.2 |    -1209.6 |     97 | mem\[0\]\[18\]$_DFFE_PP_/D
     211* |       0 |      22 |        2 |     10 |    10 |    +4.5% |  -21.667 |     -193.0 |    -1194.4 |     97 | mem\[0\]\[18\]$_DFFE_PP_/D
     214* |       0 |      22 |        2 |     10 |    10 |    +4.5% |  -21.667 |     -193.0 |    -1194.4 |     97 | mem\[0\]\[18\]$_DFFE_PP_/D
     215* |       0 |      22 |        2 |     10 |    10 |    +4.5% |  -21.667 |     -193.0 |    -1194.4 |     97 | mem\[0\]\[18\]$_DFFE_PP_/D
     216* |       0 |      22 |        2 |     10 |    10 |    +4.5% |  -21.667 |     -193.0 |    -1194.4 |     97 | mem\[0\]\[18\]$_DFFE_PP_/D
     217* |       0 |      22 |        2 |     10 |    10 |    +4.5% |  -21.667 |     -193.0 |    -1194.4 |     97 | mem\[0\]\[18\]$_DFFE_PP_/D
     219* |       0 |      23 |        2 |     10 |    10 |    +4.6% |  -21.667 |     -193.0 |    -1203.8 |     97 | mem\[0\]\[18\]$_DFFE_PP_/D
     220* |       0 |      23 |        2 |     10 |    10 |    +4.6% |  -21.667 |     -193.0 |    -1203.8 |     97 | mem\[0\]\[18\]$_DFFE_PP_/D
     220* |       0 |      23 |        2 |     10 |    10 |    +4.6% |  -21.667 |     -193.0 |    -1203.8 |     97 | mem\[0\]\[18\]$_DFFE_PP_/D
     221* |       0 |      23 |        2 |     10 |    10 |    +4.6% |  -21.667 |     -193.0 |    -1203.8 |     97 | mem\[0\]\[18\]$_DFFE_PP_/D
     225* |       0 |      24 |        2 |     10 |    10 |    +4.6% |  -21.667 |     -193.0 |    -1205.1 |     97 | mem\[0\]\[18\]$_DFFE_PP_/D
     229* |       0 |      25 |        2 |     10 |    10 |    +4.7% |  -21.667 |     -193.0 |    -1206.5 |     97 | mem\[0\]\[18\]$_DFFE_PP_/D
     230* |       0 |      25 |        2 |     10 |    10 |    +4.7% |  -21.667 |     -193.0 |    -1206.5 |     97 | mem\[0\]\[18\]$_DFFE_PP_/D
     232* |       0 |      25 |        2 |     10 |    10 |    +4.7% |  -21.667 |     -193.0 |    -1206.5 |     97 | mem\[0\]\[18\]$_DFFE_PP_/D
     235* |       0 |      25 |        2 |     10 |    10 |    +4.7% |  -21.667 |     -193.0 |    -1206.5 |     97 | mem\[0\]\[18\]$_DFFE_PP_/D
     238* |       0 |      25 |        2 |     10 |    10 |    +4.7% |  -21.667 |     -193.0 |    -1206.5 |     97 | mem\[0\]\[18\]$_DFFE_PP_/D
     240* |       0 |      26 |        2 |     10 |    10 |    +4.8% |  -21.667 |     -193.0 |    -1207.1 |     97 | mem\[0\]\[18\]$_DFFE_PP_/D
     242* |       0 |      26 |        2 |     10 |    10 |    +4.8% |  -21.667 |     -193.0 |    -1207.1 |     97 | mem\[0\]\[18\]$_DFFE_PP_/D
     247* |       0 |      26 |        2 |     11 |    10 |    +5.0% |  -21.667 |     -193.0 |    -1220.1 |     97 | mem\[0\]\[18\]$_DFFE_PP_/D
     250* |       0 |      27 |        2 |     12 |    10 |    +5.2% |  -21.667 |     -193.0 |    -1238.7 |     97 | mem\[0\]\[18\]$_DFFE_PP_/D
     250* |       0 |      27 |        2 |     12 |    10 |    +5.2% |  -21.667 |     -193.0 |    -1238.7 |     97 | mem\[0\]\[18\]$_DFFE_PP_/D
     254* |       0 |      29 |        2 |     13 |    10 |    +5.5% |  -21.667 |     -193.0 |    -1268.1 |     97 | mem\[0\]\[18\]$_DFFE_PP_/D
     255* |       0 |      29 |        2 |     13 |    10 |    +5.5% |  -21.667 |     -193.0 |    -1268.1 |     97 | mem\[0\]\[18\]$_DFFE_PP_/D
     256* |       0 |      29 |        2 |     13 |    10 |    +5.5% |  -21.667 |     -193.0 |    -1268.1 |     97 | mem\[0\]\[18\]$_DFFE_PP_/D
     257* |       0 |      29 |        2 |     13 |    10 |    +5.5% |  -21.667 |     -193.0 |    -1268.1 |     97 | mem\[0\]\[18\]$_DFFE_PP_/D
     258* |       0 |      29 |        2 |     13 |    10 |    +5.5% |  -21.667 |     -193.0 |    -1268.1 |     97 | mem\[0\]\[18\]$_DFFE_PP_/D
     259* |       0 |      29 |        2 |     13 |    10 |    +5.5% |  -21.667 |     -193.0 |    -1268.1 |     97 | mem\[0\]\[18\]$_DFFE_PP_/D
     260* |       0 |      29 |        2 |     13 |    10 |    +5.5% |  -21.667 |     -193.0 |    -1268.1 |     97 | mem\[0\]\[18\]$_DFFE_PP_/D
     260* |       0 |      29 |        2 |     13 |    10 |    +5.5% |  -21.667 |     -193.0 |    -1268.1 |     97 | mem\[0\]\[18\]$_DFFE_PP_/D
     261* |       0 |      29 |        2 |     13 |    10 |    +5.5% |  -21.667 |     -193.0 |    -1268.1 |     97 | mem\[0\]\[18\]$_DFFE_PP_/D
     262* |       0 |      29 |        2 |     13 |    10 |    +5.5% |  -21.667 |     -193.0 |    -1268.1 |     97 | mem\[0\]\[18\]$_DFFE_PP_/D
     270* |       0 |      33 |        3 |     15 |    10 |    +6.1% |  -21.667 |     -193.0 |    -1354.5 |     97 | mem\[0\]\[18\]$_DFFE_PP_/D
     272* |       0 |      32 |        3 |     15 |    10 |    +6.0% |  -21.667 |     -193.0 |    -1342.9 |     97 | mem\[0\]\[18\]$_DFFE_PP_/D
     277* |       0 |      33 |        3 |     15 |    10 |    +6.1% |  -21.667 |     -193.0 |    -1354.5 |     97 | mem\[0\]\[18\]$_DFFE_PP_/D
     280* |       0 |      33 |        3 |     15 |    12 |    +6.1% |  -21.667 |     -192.0 |    -1354.8 |     97 | mem\[0\]\[18\]$_DFFE_PP_/D
     288* |       0 |      39 |        3 |     15 |    14 |    +6.3% |  -21.667 |     -188.5 |    -1353.2 |     97 | mem\[0\]\[18\]$_DFFE_PP_/D
     290* |       0 |      39 |        3 |     16 |    14 |    +6.4% |  -21.667 |     -188.5 |    -1425.3 |     97 | mem\[0\]\[18\]$_DFFE_PP_/D
     295* |       0 |      41 |        3 |     17 |    14 |    +6.6% |  -21.667 |     -188.5 |    -1464.5 |     97 | mem\[0\]\[18\]$_DFFE_PP_/D
     299* |       0 |      41 |        3 |     17 |    14 |    +6.6% |  -21.667 |     -188.5 |    -1464.5 |     97 | mem\[0\]\[18\]$_DFFE_PP_/D
     300* |       0 |      41 |        3 |     17 |    14 |    +6.6% |  -21.667 |     -188.5 |    -1464.5 |     97 | mem\[0\]\[18\]$_DFFE_PP_/D
     303* |       0 |      41 |        3 |     17 |    14 |    +6.6% |  -21.667 |     -188.5 |    -1464.5 |     97 | mem\[0\]\[18\]$_DFFE_PP_/D
     306* |       0 |      41 |        3 |     17 |    14 |    +6.6% |  -21.667 |     -188.5 |    -1464.5 |     97 | mem\[0\]\[18\]$_DFFE_PP_/D
     310* |       0 |      43 |        3 |     18 |    14 |    +6.8% |  -21.667 |     -188.5 |    -1493.9 |     97 | mem\[0\]\[18\]$_DFFE_PP_/D
     313* |       0 |      44 |        4 |     18 |    15 |    +7.0% |  -21.667 |     -188.5 |    -1493.1 |     97 | mem\[0\]\[18\]$_DFFE_PP_/D
     316* |       0 |      44 |        4 |     18 |    15 |    +7.0% |  -21.667 |     -188.5 |    -1493.1 |     97 | mem\[0\]\[18\]$_DFFE_PP_/D
     319* |       0 |      44 |        4 |     18 |    15 |    +7.0% |  -21.667 |     -188.5 |    -1493.1 |     97 | mem\[0\]\[18\]$_DFFE_PP_/D
     320* |       0 |      44 |        4 |     18 |    15 |    +7.0% |  -21.667 |     -188.5 |    -1493.1 |     97 | mem\[0\]\[18\]$_DFFE_PP_/D
     322* |       0 |      45 |        4 |     18 |    15 |    +7.0% |  -21.667 |     -188.5 |    -1496.3 |     97 | mem\[0\]\[18\]$_DFFE_PP_/D
     325* |       0 |      45 |        4 |     18 |    15 |    +7.0% |  -21.667 |     -188.5 |    -1496.3 |     97 | mem\[0\]\[18\]$_DFFE_PP_/D
     330* |       0 |      48 |        4 |     19 |    15 |    +7.3% |  -21.667 |     -188.5 |    -1579.1 |     97 | mem\[0\]\[18\]$_DFFE_PP_/D
     332* |       0 |      48 |        4 |     18 |    15 |    +7.1% |  -21.667 |     -188.5 |    -1467.8 |     97 | mem\[0\]\[18\]$_DFFE_PP_/D
     338* |       0 |      48 |        4 |     18 |    15 |    +7.1% |  -21.667 |     -188.5 |    -1467.8 |     97 | mem\[0\]\[18\]$_DFFE_PP_/D
     340* |       0 |      49 |        4 |     18 |    15 |    +7.2% |  -21.667 |     -188.5 |    -1451.8 |     97 | mem\[0\]\[18\]$_DFFE_PP_/D
     344* |       0 |      51 |        4 |     18 |    15 |    +7.2% |  -21.667 |     -188.5 |    -1466.2 |     97 | mem\[0\]\[18\]$_DFFE_PP_/D
     347* |       0 |      52 |        4 |     18 |    16 |    +7.3% |  -21.667 |     -188.5 |    -1467.5 |     97 | mem\[0\]\[18\]$_DFFE_PP_/D
     349* |       0 |      52 |        4 |     18 |    16 |    +7.3% |  -21.667 |     -188.5 |    -1467.5 |     97 | mem\[0\]\[18\]$_DFFE_PP_/D
     350* |       0 |      52 |        4 |     18 |    16 |    +7.3% |  -21.667 |     -188.5 |    -1467.5 |     97 | mem\[0\]\[18\]$_DFFE_PP_/D
     357* |       0 |      52 |        4 |     18 |    16 |    +7.3% |  -21.667 |     -188.5 |    -1467.5 |     97 | mem\[0\]\[18\]$_DFFE_PP_/D
     360* |       0 |      53 |        4 |     18 |    17 |    +7.4% |  -21.667 |     -188.5 |    -1471.2 |     97 | mem\[0\]\[18\]$_DFFE_PP_/D
     360* |       0 |      52 |        4 |     18 |    16 |    +7.3% |  -21.667 |     -188.5 |    -1467.5 |     97 | mem\[0\]\[18\]$_DFFE_PP_/D
     368* |       0 |      52 |        4 |     18 |    16 |    +7.3% |  -21.667 |     -188.5 |    -1467.5 |     97 | mem\[0\]\[18\]$_DFFE_PP_/D
     370* |       0 |      52 |        4 |     19 |    16 |    +7.4% |  -22.859 |     -189.7 |    -1575.3 |     97 | rd_out\[3\]$_DFFE_PP_/D
     376* |       0 |      52 |        4 |     18 |    16 |    +7.3% |  -21.667 |     -188.5 |    -1467.5 |     97 | mem\[0\]\[18\]$_DFFE_PP_/D
     379* |       0 |      52 |        4 |     18 |    16 |    +7.3% |  -21.667 |     -188.5 |    -1467.5 |     97 | mem\[0\]\[18\]$_DFFE_PP_/D
     380* |       0 |      52 |        4 |     18 |    16 |    +7.3% |  -21.667 |     -188.5 |    -1467.5 |     97 | mem\[0\]\[18\]$_DFFE_PP_/D
     382* |       0 |      52 |        4 |     18 |    16 |    +7.3% |  -21.667 |     -188.5 |    -1467.5 |     97 | mem\[0\]\[18\]$_DFFE_PP_/D
     385* |       0 |      52 |        4 |     18 |    16 |    +7.3% |  -21.667 |     -188.5 |    -1467.5 |     97 | mem\[0\]\[18\]$_DFFE_PP_/D
     388* |       0 |      53 |        4 |     18 |    16 |    +7.4% |  -21.667 |     -188.5 |    -1470.3 |     97 | mem\[0\]\[18\]$_DFFE_PP_/D
     390* |       0 |      53 |        4 |     18 |    17 |    +7.4% |  -21.667 |     -188.5 |    -1472.1 |     97 | mem\[0\]\[18\]$_DFFE_PP_/D
     391* |       0 |      53 |        4 |     18 |    16 |    +7.4% |  -21.667 |     -188.5 |    -1470.3 |     97 | mem\[0\]\[18\]$_DFFE_PP_/D
     394* |       0 |      53 |        4 |     18 |    16 |    +7.4% |  -21.667 |     -188.5 |    -1470.3 |     97 | mem\[0\]\[18\]$_DFFE_PP_/D
     399* |       0 |      53 |        4 |     20 |    16 |    +7.6% |  -21.667 |     -189.3 |    -1331.1 |     97 | mem\[0\]\[18\]$_DFFE_PP_/D
     400* |       0 |      53 |        4 |     20 |    16 |    +7.6% |  -21.667 |     -189.3 |    -1331.1 |     97 | mem\[0\]\[18\]$_DFFE_PP_/D
     402* |       0 |      53 |        4 |     20 |    16 |    +7.6% |  -21.667 |     -189.3 |    -1331.1 |     97 | mem\[0\]\[18\]$_DFFE_PP_/D
     405* |       0 |      53 |        4 |     20 |    16 |    +7.6% |  -21.667 |     -189.3 |    -1331.1 |     97 | mem\[0\]\[18\]$_DFFE_PP_/D
     408* |       0 |      53 |        4 |     20 |    16 |    +7.6% |  -21.667 |     -189.3 |    -1331.1 |     97 | mem\[0\]\[18\]$_DFFE_PP_/D
     410* |       0 |      53 |        4 |     20 |    17 |    +7.6% |  -21.667 |     -189.3 |    -1332.8 |     97 | mem\[0\]\[18\]$_DFFE_PP_/D
     411* |       0 |      53 |        4 |     20 |    16 |    +7.6% |  -21.667 |     -189.3 |    -1331.1 |     97 | mem\[0\]\[18\]$_DFFE_PP_/D
     414* |       0 |      53 |        4 |     20 |    16 |    +7.6% |  -21.667 |     -189.3 |    -1331.1 |     97 | mem\[0\]\[18\]$_DFFE_PP_/D
     414* |       0 |      53 |        4 |     20 |    16 |    +7.6% |  -21.667 |     -189.3 |    -1331.1 |     97 | mem\[0\]\[18\]$_DFFE_PP_/D
     415+ |       0 |      53 |        4 |     20 |    16 |    +7.6% |  -21.667 |     -189.3 |    -1331.1 |     97 | mem\[0\]\[18\]$_DFFE_PP_/D
     416+ |       0 |      53 |        4 |     20 |    16 |    +7.6% |  -21.667 |     -189.3 |    -1331.1 |     97 | mem\[0\]\[18\]$_DFFE_PP_/D
     417+ |       0 |      53 |        4 |     20 |    16 |    +7.6% |  -21.667 |     -189.3 |    -1331.1 |     97 | mem\[0\]\[18\]$_DFFE_PP_/D
     418+ |       0 |      53 |        4 |     20 |    16 |    +7.6% |  -21.667 |     -189.3 |    -1331.1 |     97 | mem\[0\]\[18\]$_DFFE_PP_/D
     419+ |       0 |      53 |        4 |     20 |    16 |    +7.6% |  -21.667 |     -189.3 |    -1331.1 |     97 | mem\[0\]\[18\]$_DFFE_PP_/D
     420+ |       0 |      53 |        4 |     20 |    16 |    +7.6% |  -21.667 |     -189.3 |    -1331.1 |     97 | mem\[0\]\[18\]$_DFFE_PP_/D
     420+ |       0 |      53 |        4 |     20 |    16 |    +7.6% |  -21.667 |     -189.3 |    -1331.1 |     97 | mem\[0\]\[18\]$_DFFE_PP_/D
     421+ |       0 |      53 |        4 |     20 |    16 |    +7.6% |  -21.667 |     -189.3 |    -1331.1 |     97 | mem\[0\]\[18\]$_DFFE_PP_/D
     422+ |       0 |      53 |        4 |     20 |    16 |    +7.6% |  -21.667 |     -189.3 |    -1331.1 |     97 | mem\[0\]\[18\]$_DFFE_PP_/D
     423+ |       0 |      53 |        4 |     20 |    16 |    +7.6% |  -21.667 |     -189.3 |    -1331.1 |     97 | mem\[0\]\[18\]$_DFFE_PP_/D
     424+ |       0 |      53 |        4 |     20 |    16 |    +7.6% |  -21.667 |     -189.3 |    -1331.1 |     97 | mem\[0\]\[18\]$_DFFE_PP_/D
     425+ |       0 |      53 |        4 |     20 |    16 |    +7.6% |  -21.667 |     -189.3 |    -1331.1 |     97 | mem\[0\]\[18\]$_DFFE_PP_/D
     426+ |       0 |      53 |        4 |     20 |    16 |    +7.6% |  -21.667 |     -189.3 |    -1331.1 |     97 | mem\[0\]\[18\]$_DFFE_PP_/D
     427+ |       0 |      53 |        4 |     20 |    16 |    +7.6% |  -21.667 |     -189.3 |    -1331.1 |     97 | mem\[0\]\[18\]$_DFFE_PP_/D
     428+ |       0 |      53 |        4 |     20 |    16 |    +7.6% |  -21.667 |     -189.3 |    -1331.1 |     97 | mem\[0\]\[18\]$_DFFE_PP_/D
     429+ |       0 |      53 |        4 |     20 |    16 |    +7.6% |  -21.667 |     -189.3 |    -1331.1 |     97 | mem\[0\]\[18\]$_DFFE_PP_/D
     430+ |       0 |      53 |        4 |     20 |    16 |    +7.6% |  -21.667 |     -189.3 |    -1331.1 |     97 | mem\[0\]\[18\]$_DFFE_PP_/D
     430+ |       0 |      53 |        4 |     20 |    16 |    +7.6% |  -21.667 |     -189.3 |    -1331.1 |     97 | mem\[0\]\[18\]$_DFFE_PP_/D
     431+ |       0 |      53 |        4 |     20 |    16 |    +7.6% |  -21.667 |     -189.3 |    -1331.1 |     97 | mem\[0\]\[18\]$_DFFE_PP_/D
     432+ |       0 |      53 |        4 |     20 |    16 |    +7.6% |  -21.667 |     -189.3 |    -1331.1 |     97 | mem\[0\]\[18\]$_DFFE_PP_/D
     433+ |       0 |      53 |        4 |     20 |    16 |    +7.6% |  -21.667 |     -189.3 |    -1331.1 |     97 | mem\[0\]\[18\]$_DFFE_PP_/D
     434+ |       0 |      53 |        4 |     20 |    16 |    +7.6% |  -21.667 |     -189.3 |    -1331.1 |     97 | mem\[0\]\[18\]$_DFFE_PP_/D
     435+ |       0 |      53 |        4 |     20 |    16 |    +7.6% |  -21.667 |     -189.3 |    -1331.1 |     97 | mem\[0\]\[18\]$_DFFE_PP_/D
     436+ |       0 |      53 |        4 |     20 |    16 |    +7.6% |  -21.667 |     -189.3 |    -1331.1 |     97 | mem\[0\]\[18\]$_DFFE_PP_/D
     437+ |       0 |      53 |        4 |     20 |    16 |    +7.6% |  -21.667 |     -189.3 |    -1331.1 |     97 | mem\[0\]\[18\]$_DFFE_PP_/D
     438+ |       0 |      53 |        4 |     20 |    16 |    +7.6% |  -21.667 |     -189.3 |    -1331.1 |     97 | mem\[0\]\[18\]$_DFFE_PP_/D
     439+ |       0 |      53 |        4 |     20 |    16 |    +7.6% |  -21.667 |     -189.3 |    -1331.1 |     97 | mem\[0\]\[18\]$_DFFE_PP_/D
     440+ |       0 |      53 |        4 |     20 |    16 |    +7.6% |  -21.667 |     -189.3 |    -1331.1 |     97 | mem\[0\]\[18\]$_DFFE_PP_/D
     440+ |       0 |      53 |        4 |     20 |    16 |    +7.6% |  -21.667 |     -189.3 |    -1331.1 |     97 | mem\[0\]\[18\]$_DFFE_PP_/D
     441+ |       0 |      53 |        4 |     20 |    16 |    +7.6% |  -21.667 |     -189.3 |    -1331.1 |     97 | mem\[0\]\[18\]$_DFFE_PP_/D
     442+ |       0 |      53 |        4 |     20 |    16 |    +7.6% |  -21.667 |     -189.3 |    -1331.1 |     97 | mem\[0\]\[18\]$_DFFE_PP_/D
     443+ |       0 |      53 |        4 |     20 |    16 |    +7.6% |  -21.667 |     -189.3 |    -1331.1 |     97 | mem\[0\]\[18\]$_DFFE_PP_/D
     444+ |       0 |      53 |        4 |     20 |    16 |    +7.6% |  -21.667 |     -189.3 |    -1331.1 |     97 | mem\[0\]\[18\]$_DFFE_PP_/D
     445+ |       0 |      53 |        4 |     20 |    16 |    +7.6% |  -21.667 |     -189.3 |    -1331.1 |     97 | mem\[0\]\[18\]$_DFFE_PP_/D
     446+ |       0 |      53 |        4 |     20 |    16 |    +7.6% |  -21.667 |     -189.3 |    -1331.1 |     97 | mem\[0\]\[18\]$_DFFE_PP_/D
     447+ |       0 |      53 |        4 |     20 |    16 |    +7.6% |  -21.667 |     -189.3 |    -1331.1 |     97 | mem\[0\]\[18\]$_DFFE_PP_/D
     448+ |       0 |      53 |        4 |     20 |    16 |    +7.6% |  -21.667 |     -189.3 |    -1331.1 |     97 | mem\[0\]\[18\]$_DFFE_PP_/D
     449+ |       0 |      53 |        4 |     20 |    16 |    +7.6% |  -21.667 |     -189.3 |    -1331.1 |     97 | mem\[0\]\[18\]$_DFFE_PP_/D
     450+ |       0 |      53 |        4 |     20 |    16 |    +7.6% |  -21.667 |     -189.3 |    -1331.1 |     97 | mem\[0\]\[18\]$_DFFE_PP_/D
     450+ |       0 |      53 |        4 |     20 |    16 |    +7.6% |  -21.667 |     -189.3 |    -1331.1 |     97 | mem\[0\]\[18\]$_DFFE_PP_/D
     451+ |       0 |      53 |        4 |     20 |    16 |    +7.6% |  -21.667 |     -189.3 |    -1331.1 |     97 | mem\[0\]\[18\]$_DFFE_PP_/D
     452+ |       0 |      53 |        4 |     20 |    16 |    +7.6% |  -21.667 |     -189.3 |    -1331.1 |     97 | mem\[0\]\[18\]$_DFFE_PP_/D
     453+ |       0 |      53 |        4 |     20 |    16 |    +7.6% |  -21.667 |     -189.3 |    -1331.1 |     97 | mem\[0\]\[18\]$_DFFE_PP_/D
     454+ |       0 |      53 |        4 |     20 |    16 |    +7.6% |  -21.667 |     -189.3 |    -1331.1 |     97 | mem\[0\]\[18\]$_DFFE_PP_/D
     455+ |       0 |      53 |        4 |     20 |    16 |    +7.6% |  -21.667 |     -189.3 |    -1331.1 |     97 | mem\[0\]\[18\]$_DFFE_PP_/D
     456+ |       0 |      53 |        4 |     20 |    16 |    +7.6% |  -21.667 |     -189.3 |    -1331.1 |     97 | mem\[0\]\[18\]$_DFFE_PP_/D
     457+ |       0 |      53 |        4 |     20 |    16 |    +7.6% |  -21.667 |     -189.3 |    -1331.1 |     97 | mem\[0\]\[18\]$_DFFE_PP_/D
     458+ |       0 |      53 |        4 |     20 |    16 |    +7.6% |  -21.667 |     -189.3 |    -1331.1 |     97 | mem\[0\]\[18\]$_DFFE_PP_/D
     459+ |       0 |      53 |        4 |     20 |    16 |    +7.6% |  -21.667 |     -189.3 |    -1331.1 |     97 | mem\[0\]\[18\]$_DFFE_PP_/D
     460+ |       0 |      53 |        4 |     20 |    16 |    +7.6% |  -21.667 |     -189.3 |    -1331.1 |     97 | mem\[0\]\[18\]$_DFFE_PP_/D
     460+ |       0 |      53 |        4 |     20 |    16 |    +7.6% |  -21.667 |     -189.3 |    -1331.1 |     97 | mem\[0\]\[18\]$_DFFE_PP_/D
     461+ |       0 |      53 |        4 |     20 |    16 |    +7.6% |  -21.667 |     -189.3 |    -1331.1 |     97 | mem\[0\]\[18\]$_DFFE_PP_/D
     462+ |       0 |      53 |        4 |     20 |    16 |    +7.6% |  -21.667 |     -189.3 |    -1331.1 |     97 | mem\[0\]\[18\]$_DFFE_PP_/D
     463+ |       0 |      53 |        4 |     20 |    16 |    +7.6% |  -21.667 |     -189.3 |    -1331.1 |     97 | mem\[0\]\[18\]$_DFFE_PP_/D
     464+ |       0 |      53 |        4 |     20 |    16 |    +7.6% |  -21.667 |     -189.3 |    -1331.1 |     97 | mem\[0\]\[18\]$_DFFE_PP_/D
     465+ |       0 |      53 |        4 |     20 |    16 |    +7.6% |  -21.667 |     -189.3 |    -1331.1 |     97 | mem\[0\]\[18\]$_DFFE_PP_/D
     466+ |       0 |      53 |        4 |     20 |    16 |    +7.6% |  -21.667 |     -189.3 |    -1331.1 |     97 | mem\[0\]\[18\]$_DFFE_PP_/D
     467+ |       0 |      53 |        4 |     20 |    16 |    +7.6% |  -21.667 |     -189.3 |    -1331.1 |     97 | mem\[0\]\[18\]$_DFFE_PP_/D
     468+ |       0 |      53 |        4 |     20 |    16 |    +7.6% |  -21.667 |     -189.3 |    -1331.1 |     97 | mem\[0\]\[18\]$_DFFE_PP_/D
     469+ |       0 |      53 |        4 |     20 |    16 |    +7.6% |  -21.667 |     -189.3 |    -1331.1 |     97 | mem\[0\]\[18\]$_DFFE_PP_/D
     470+ |       0 |      53 |        4 |     20 |    16 |    +7.6% |  -21.667 |     -189.3 |    -1331.1 |     97 | mem\[0\]\[18\]$_DFFE_PP_/D
     470+ |       0 |      53 |        4 |     20 |    16 |    +7.6% |  -21.667 |     -189.3 |    -1331.1 |     97 | mem\[0\]\[18\]$_DFFE_PP_/D
     471+ |       0 |      53 |        4 |     20 |    16 |    +7.6% |  -21.667 |     -189.3 |    -1331.1 |     97 | mem\[0\]\[18\]$_DFFE_PP_/D
     472+ |       0 |      53 |        4 |     20 |    16 |    +7.6% |  -21.667 |     -189.3 |    -1331.1 |     97 | mem\[0\]\[18\]$_DFFE_PP_/D
     473+ |       0 |      53 |        4 |     20 |    16 |    +7.6% |  -21.667 |     -189.3 |    -1331.1 |     97 | mem\[0\]\[18\]$_DFFE_PP_/D
     474+ |       0 |      53 |        4 |     20 |    16 |    +7.6% |  -21.667 |     -189.3 |    -1331.1 |     97 | mem\[0\]\[18\]$_DFFE_PP_/D
     475+ |       0 |      53 |        4 |     20 |    16 |    +7.6% |  -21.667 |     -189.3 |    -1331.1 |     97 | mem\[0\]\[18\]$_DFFE_PP_/D
     476+ |       0 |      53 |        4 |     20 |    16 |    +7.6% |  -21.667 |     -189.3 |    -1331.1 |     97 | mem\[0\]\[18\]$_DFFE_PP_/D
     477+ |       0 |      53 |        4 |     20 |    16 |    +7.6% |  -21.667 |     -189.3 |    -1331.1 |     97 | mem\[0\]\[18\]$_DFFE_PP_/D
     478+ |       0 |      53 |        4 |     20 |    16 |    +7.6% |  -21.667 |     -189.3 |    -1331.1 |     97 | mem\[0\]\[18\]$_DFFE_PP_/D
     479+ |       0 |      53 |        4 |     20 |    16 |    +7.6% |  -21.667 |     -189.3 |    -1331.1 |     97 | mem\[0\]\[18\]$_DFFE_PP_/D
     480+ |       0 |      53 |        4 |     20 |    16 |    +7.6% |  -21.667 |     -189.3 |    -1331.1 |     97 | mem\[0\]\[18\]$_DFFE_PP_/D
     480+ |       0 |      53 |        4 |     20 |    16 |    +7.6% |  -21.667 |     -189.3 |    -1331.1 |     97 | mem\[0\]\[18\]$_DFFE_PP_/D
     481+ |       0 |      53 |        4 |     20 |    16 |    +7.6% |  -21.667 |     -189.3 |    -1331.1 |     97 | mem\[0\]\[18\]$_DFFE_PP_/D
     482+ |       0 |      53 |        4 |     20 |    16 |    +7.6% |  -21.667 |     -189.3 |    -1331.1 |     97 | mem\[0\]\[18\]$_DFFE_PP_/D
     483+ |       0 |      53 |        4 |     20 |    16 |    +7.6% |  -21.667 |     -189.3 |    -1331.1 |     97 | mem\[0\]\[18\]$_DFFE_PP_/D
     484+ |       0 |      53 |        4 |     20 |    16 |    +7.6% |  -21.667 |     -189.3 |    -1331.1 |     97 | mem\[0\]\[18\]$_DFFE_PP_/D
     485+ |       0 |      53 |        4 |     20 |    16 |    +7.6% |  -21.667 |     -189.3 |    -1331.1 |     97 | mem\[0\]\[18\]$_DFFE_PP_/D
     486+ |       0 |      53 |        4 |     20 |    16 |    +7.6% |  -21.667 |     -189.3 |    -1331.1 |     97 | mem\[0\]\[18\]$_DFFE_PP_/D
     487+ |       0 |      53 |        4 |     20 |    16 |    +7.6% |  -21.667 |     -189.3 |    -1331.1 |     97 | mem\[0\]\[18\]$_DFFE_PP_/D
     488+ |       0 |      53 |        4 |     20 |    16 |    +7.6% |  -21.667 |     -189.3 |    -1331.1 |     97 | mem\[0\]\[18\]$_DFFE_PP_/D
     489+ |       0 |      53 |        4 |     20 |    16 |    +7.6% |  -21.667 |     -189.3 |    -1331.1 |     97 | mem\[0\]\[18\]$_DFFE_PP_/D
     490+ |       0 |      53 |        4 |     20 |    16 |    +7.6% |  -21.667 |     -189.3 |    -1331.1 |     97 | mem\[0\]\[18\]$_DFFE_PP_/D
     490+ |       0 |      53 |        4 |     20 |    16 |    +7.6% |  -21.667 |     -189.3 |    -1331.1 |     97 | mem\[0\]\[18\]$_DFFE_PP_/D
     491+ |       0 |      53 |        4 |     20 |    16 |    +7.6% |  -21.667 |     -189.3 |    -1331.1 |     97 | mem\[0\]\[18\]$_DFFE_PP_/D
     492+ |       0 |      53 |        4 |     20 |    16 |    +7.6% |  -21.667 |     -189.3 |    -1331.1 |     97 | mem\[0\]\[18\]$_DFFE_PP_/D
     493+ |       0 |      53 |        4 |     20 |    16 |    +7.6% |  -21.667 |     -189.3 |    -1331.1 |     97 | mem\[0\]\[18\]$_DFFE_PP_/D
     494+ |       0 |      53 |        4 |     20 |    16 |    +7.6% |  -21.667 |     -189.3 |    -1331.1 |     97 | mem\[0\]\[18\]$_DFFE_PP_/D
     495+ |       0 |      53 |        4 |     20 |    16 |    +7.6% |  -21.667 |     -189.3 |    -1331.1 |     97 | mem\[0\]\[18\]$_DFFE_PP_/D
     496+ |       0 |      53 |        4 |     20 |    16 |    +7.6% |  -21.667 |     -189.3 |    -1331.1 |     97 | mem\[0\]\[18\]$_DFFE_PP_/D
     497+ |       0 |      53 |        4 |     20 |    16 |    +7.6% |  -21.667 |     -189.3 |    -1331.1 |     97 | mem\[0\]\[18\]$_DFFE_PP_/D
     498+ |       0 |      53 |        4 |     20 |    16 |    +7.6% |  -21.667 |     -189.3 |    -1331.1 |     97 | mem\[0\]\[18\]$_DFFE_PP_/D
     499+ |       0 |      53 |        4 |     20 |    16 |    +7.6% |  -21.667 |     -189.3 |    -1331.1 |     97 | mem\[0\]\[18\]$_DFFE_PP_/D
     500+ |       0 |      53 |        4 |     20 |    16 |    +7.6% |  -21.667 |     -189.3 |    -1331.1 |     97 | mem\[0\]\[18\]$_DFFE_PP_/D
     500+ |       0 |      53 |        4 |     20 |    16 |    +7.6% |  -21.667 |     -189.3 |    -1331.1 |     97 | mem\[0\]\[18\]$_DFFE_PP_/D
     501+ |       0 |      53 |        4 |     20 |    16 |    +7.6% |  -21.667 |     -189.3 |    -1331.1 |     97 | mem\[0\]\[18\]$_DFFE_PP_/D
     502+ |       0 |      53 |        4 |     20 |    16 |    +7.6% |  -21.667 |     -189.3 |    -1331.1 |     97 | mem\[0\]\[18\]$_DFFE_PP_/D
     503+ |       0 |      53 |        4 |     20 |    16 |    +7.6% |  -21.667 |     -189.3 |    -1331.1 |     97 | mem\[0\]\[18\]$_DFFE_PP_/D
     504+ |       0 |      53 |        4 |     20 |    16 |    +7.6% |  -21.667 |     -189.3 |    -1331.1 |     97 | mem\[0\]\[18\]$_DFFE_PP_/D
     505+ |       0 |      53 |        4 |     20 |    16 |    +7.6% |  -21.667 |     -189.3 |    -1331.1 |     97 | mem\[0\]\[18\]$_DFFE_PP_/D
     506+ |       0 |      53 |        4 |     20 |    16 |    +7.6% |  -21.667 |     -189.3 |    -1331.1 |     97 | mem\[0\]\[18\]$_DFFE_PP_/D
     507+ |       0 |      53 |        4 |     20 |    16 |    +7.6% |  -21.667 |     -189.3 |    -1331.1 |     97 | mem\[0\]\[18\]$_DFFE_PP_/D
     508+ |       0 |      53 |        4 |     20 |    16 |    +7.6% |  -21.667 |     -189.3 |    -1331.1 |     97 | mem\[0\]\[18\]$_DFFE_PP_/D
     509+ |       0 |      53 |        4 |     20 |    16 |    +7.6% |  -21.667 |     -189.3 |    -1331.1 |     97 | mem\[0\]\[18\]$_DFFE_PP_/D
     510+ |       0 |      53 |        4 |     20 |    16 |    +7.6% |  -21.667 |     -189.3 |    -1331.1 |     97 | mem\[0\]\[18\]$_DFFE_PP_/D
     510+ |       0 |      53 |        4 |     20 |    16 |    +7.6% |  -21.667 |     -189.3 |    -1331.1 |     97 | mem\[0\]\[18\]$_DFFE_PP_/D
     511+ |       0 |      53 |        4 |     20 |    16 |    +7.6% |  -21.667 |     -189.3 |    -1331.1 |     97 | mem\[0\]\[18\]$_DFFE_PP_/D
    final |       0 |      53 |        4 |     20 |    16 |    +7.6% |  -21.667 |     -189.3 |    -1331.1 |     97 | mem\[0\]\[18\]$_DFFE_PP_/D
------------------------------------------------------------------------------------------------------------------------------
[INFO RSZ-0040] Inserted 4 buffers.
[INFO RSZ-0051] Resized 53 instances: 53 up, 0 up match, 0 down, 0 VT
[INFO RSZ-0043] Swapped pins on 16 instances.
[INFO RSZ-0049] Cloned 20 instances.
[WARNING RSZ-0062] Unable to repair all setup violations.
[INFO RSZ-0505] Runtime: 3.71s
[INFO RSZ-0033] No hold violations found.
[INFO RSZ-0506] Runtime: 0.00s
Repair timing output passed lec test
detailed_placement
[INFO DPL-0006] Core area: 112.67 um^2
[INFO DPL-0007] Movable instances area: 74.98 um^2
[INFO DPL-0008] Fixed instances area within core: 6.53 um^2
[INFO DPL-0009] Utilization: 72.3%
[INFO DPL-0005] Diamond search max displacement: +/- 500 sites horizontally, +/- 100 rows vertically.
[INFO DPL-1102] Legalizing using negotiation legalizer.
[INFO DPL-1103] Negotiation base search window: +/-20 sites horizontally, +/-5 rows vertically 
	Automatic search window extension enabled.
	Search window extendable up to the max displacement cap of +/-500 sites, +/-100 rows near walls.
[INFO DPL-1104] NegotiationLegalizer DRC penalty: 5.
[INFO DPL-0392] Negotiation cell height distribution (1 unique row-count(s)):
[INFO DPL-0393]   height 1 row(s): 751 cells
          |      Total |  Illegal |  Illegal
Iteration | Violations |    Cells |    Sites
---------------------------------------------
        0 |        373 |        65 |       308
        1 |        289 |        39 |       250
        2 |        218 |        30 |       188
        3 |        139 |        23 |       116
        4 |         98 |        14 |        84
        5 |         79 |        11 |        68
        6 |         61 |         9 |        52
        7 |         75 |         7 |        68
        8 |         57 |         9 |        48
        9 |         79 |         9 |        70
       10 |         39 |         7 |        32
       16 |          0 |         0 |         0
Negotiation phase 1 converged at iteration 16.
[INFO DPL-0500] Runtime: 0.03s
Placement Analysis
---------------------------------
total displacement         98.7 u
average displacement        0.1 u
max displacement            4.6 u
original HPWL             985.1 u
legalized HPWL           1098.7 u
delta HPWL                   12 %

estimate_parasitics -placement
Report metrics stage 4, cts final...

==========================================================================
cts final report_design_area
--------------------------------------------------------------------------
Design area 82 um^2 72% utilization.
write_db /tmp/workspace/scripts-Private_test-fr_cugr_cmp-1-/results/asap7/riscv32i-mock-sram_fakeram7_256x32/base/4_1_cts.odb
write_sdc -no_timestamp /tmp/workspace/scripts-Private_test-fr_cugr_cmp-1-/results/asap7/riscv32i-mock-sram_fakeram7_256x32/base/4_cts.sdc
Elapsed time: 0:08.03[h:]min:sec. CPU time: user 14.12 sys 7.96 (274%). Peak memory: 246944KB.
Log                       Ext     Elapsed/s Peak Memory/MB sha1sum result [0:20)
4_1_cts                   .odb            8            241 cd5e8cec8a7e2bb07dcf
cp /tmp/workspace/scripts-Private_test-fr_cugr_cmp-1-/results/asap7/riscv32i-mock-sram_fakeram7_256x32/base/4_1_cts.odb /tmp/workspace/scripts-Private_test-fr_cugr_cmp-1-/results/asap7/riscv32i-mock-sram_fakeram7_256x32/base/4_cts.odb
/OpenROAD-flow-scripts/flow/scripts/flow.sh 5_1_grt global_route
Running global_route.tcl, stage 5_1_grt
source ./platforms/asap7/liberty_suppressions.tcl
read_liberty ./platforms/asap7/lib/NLDM/asap7sc7p5t_AO_RVT_FF_nldm_211120.lib.gz
read_liberty ./platforms/asap7/lib/NLDM/asap7sc7p5t_INVBUF_RVT_FF_nldm_220122.lib.gz
read_liberty ./platforms/asap7/lib/NLDM/asap7sc7p5t_OA_RVT_FF_nldm_211120.lib.gz
read_liberty ./platforms/asap7/lib/NLDM/asap7sc7p5t_SIMPLE_RVT_FF_nldm_211120.lib.gz
read_liberty ./platforms/asap7/lib/NLDM/asap7sc7p5t_SEQ_RVT_FF_nldm_220123.lib
read_db /tmp/workspace/scripts-Private_test-fr_cugr_cmp-1-/results/asap7/riscv32i-mock-sram_fakeram7_256x32/base/4_cts.odb
read_sdc /tmp/workspace/scripts-Private_test-fr_cugr_cmp-1-/results/asap7/riscv32i-mock-sram_fakeram7_256x32/base/4_cts.sdc
source ./platforms/asap7/setRC.tcl
pin_access
[INFO DRT-0149] Reading tech and libs.

Units:                1000
Number of layers:     21
Number of macros:     212
Number of vias:       14
Number of viarulegen: 11

[INFO DRT-0150] Reading design.

Design:                   fakeram7_256x32
Die area:                 ( 0 0 ) ( 5802 32416 )
Number of track patterns: 32
Number of DEF vias:       0
Number of components:     751
Number of terminals:      77
Number of snets:          2
Number of nets:           563

[INFO DRT-0167] List of default vias:
  Layer V2
    default via: VIA23
  Layer V3
    default via: VIA34
  Layer V4
    default via: VIA45
  Layer V5
    default via: VIA56
  Layer V6
    default via: VIA67
  Layer V7
    default via: VIA78
  Layer V8
    default via: VIA89
  Layer V9
    default via: VIA9Pad
[INFO DRT-0162] Library cell analysis.
[INFO DRT-0163] Instance analysis.
[INFO DRT-0164] Number of unique instances = 79.
[INFO DRT-0168] Init region query.
[INFO DRT-0024]   Complete Active.
[INFO DRT-0024]   Complete V0.
[INFO DRT-0024]   Complete M1.
[INFO DRT-0024]   Complete V1.
[INFO DRT-0024]   Complete M2.
[INFO DRT-0024]   Complete V2.
[INFO DRT-0024]   Complete M3.
[INFO DRT-0024]   Complete V3.
[INFO DRT-0024]   Complete M4.
[INFO DRT-0024]   Complete V4.
[INFO DRT-0024]   Complete M5.
[INFO DRT-0024]   Complete V5.
[INFO DRT-0024]   Complete M6.
[INFO DRT-0024]   Complete V6.
[INFO DRT-0024]   Complete M7.
[INFO DRT-0024]   Complete V7.
[INFO DRT-0024]   Complete M8.
[INFO DRT-0024]   Complete V8.
[INFO DRT-0024]   Complete M9.
[INFO DRT-0024]   Complete V9.
[INFO DRT-0024]   Complete Pad.
[INFO DRT-0033] Active shape region query size = 0.
[INFO DRT-0033] V0 shape region query size = 0.
[INFO DRT-0033] M1 shape region query size = 11033.
[INFO DRT-0033] V1 shape region query size = 12512.
[INFO DRT-0033] M2 shape region query size = 630.
[INFO DRT-0033] V2 shape region query size = 339.
[INFO DRT-0033] M3 shape region query size = 339.
[INFO DRT-0033] V3 shape region query size = 226.
[INFO DRT-0033] M4 shape region query size = 317.
[INFO DRT-0033] V4 shape region query size = 274.
[INFO DRT-0033] M5 shape region query size = 137.
[INFO DRT-0033] V5 shape region query size = 0.
[INFO DRT-0033] M6 shape region query size = 0.
[INFO DRT-0033] V6 shape region query size = 0.
[INFO DRT-0033] M7 shape region query size = 0.
[INFO DRT-0033] V7 shape region query size = 0.
[INFO DRT-0033] M8 shape region query size = 0.
[INFO DRT-0033] V8 shape region query size = 0.
[INFO DRT-0033] M9 shape region query size = 0.
[INFO DRT-0033] V9 shape region query size = 0.
[INFO DRT-0033] Pad shape region query size = 0.
[INFO DRT-0165] Start pin access.
[INFO DRT-0078]   Complete 360 pins.
[INFO DRT-0081]   Complete 79 unique inst patterns.
[INFO DRT-0084]   Complete 274 groups.
#scanned instances     = 751
#unique  instances     = 79
#stdCellGenAp          = 1891
#stdCellValidPlanarAp  = 0
#stdCellValidViaAp     = 1669
#stdCellPinNoAp        = 0
#stdCellPinCnt         = 1546
#instTermValidViaApCnt = 0
#macroGenAp            = 0
#macroValidPlanarAp    = 0
#macroValidViaAp       = 0
#macroNoAp             = 0
[INFO DRT-0166] Complete pin access.
[INFO DRT-0267] cpu time = 00:00:16, elapsed time = 00:00:00, memory = 210.68 (MB), peak = 205.70 (MB)
global_route -congestion_report_file /tmp/workspace/scripts-Private_test-fr_cugr_cmp-1-/reports/asap7/riscv32i-mock-sram_fakeram7_256x32/base/congestion.rpt -congestion_iterations 30 -congestion_report_iter_step 5 -verbose -resistance_aware
[INFO GRT-0020] Min routing layer: M2
[INFO GRT-0021] Max routing layer: M4
[INFO GRT-0022] Global adjustment: 0%
[INFO GRT-0023] Grid origin: (0, 0)
[INFO GRT-0088] Layer M1      Track-Pitch = 0.0360  line-2-Via Pitch: 0.0360
[INFO GRT-0088] Layer M2      Track-Pitch = 0.0390  line-2-Via Pitch: 0.0360
[INFO GRT-0088] Layer M3      Track-Pitch = 0.0360  line-2-Via Pitch: 0.0360
[INFO GRT-0088] Layer M4      Track-Pitch = 0.0480  line-2-Via Pitch: 0.0480
[INFO GRT-0003] Macros: 0
[INFO GRT-0004] Blockages: 291
[INFO GRT-0019] Found 10 clock nets.
[INFO GRT-0001] Minimum degree: 2
[INFO GRT-0002] Maximum degree: 36

[INFO GRT-0053] Routing resources analysis:
          Routing      Original      Derated      Resource
Layer     Direction    Resources     Resources    Reduction (%)
---------------------------------------------------------------
M1         Vertical            0             0          0.00%
M2         Horizontal       6836          4900          28.32%
M3         Vertical         8587          6386          25.63%
M4         Horizontal       5929          4406          25.69%
---------------------------------------------------------------

[INFO GRT-0197] Via related to pin nodes: 3110
[INFO GRT-0198] Via related Steiner nodes: 66
[INFO GRT-0199] Via filling finished.
[INFO GRT-0111] Final number of vias: 3980
[INFO GRT-0112] Final usage 3D: 14103

[INFO GRT-0096] Final congestion report:
Layer         Resource        Demand        Usage (%)    Max H / Max V / Total Congestion
---------------------------------------------------------------------------------------
M1                   0             0            0.00%             0 /  0 /  0
M2                4900           652           13.31%             0 /  0 /  0
M3                6386          1291           20.22%             0 /  0 /  0
M4                4406           220            4.99%             0 /  0 /  0
---------------------------------------------------------------------------------------
Total            15692          2163           13.78%             0 /  0 /  0

[INFO GRT-0018] Total wirelength: 1877 um
[INFO GRT-0014] Routed nets: 563
[INFO GRT-0303] Global routing runtime = 00:00:00
estimate_parasitics -global_routing
Perform buffer insertion and gate resizing...
repair_design -verbose
Iteration |   Area    | Resized | Buffers | Nets repaired | Remaining
---------------------------------------------------------------------
        0 |     +0.0% |       0 |       0 |             0 |       570
       10 |     +0.0% |       0 |       0 |             0 |       560
       20 |     +0.0% |       0 |       0 |             0 |       550
       30 |     +0.0% |       0 |       0 |             0 |       540
       40 |     +0.0% |       0 |       0 |             0 |       530
       50 |     +0.0% |       0 |       0 |             0 |       520
       60 |     +0.0% |       0 |       0 |             0 |       510
       70 |     +0.0% |       0 |       0 |             0 |       500
       80 |     +0.0% |       0 |       0 |             0 |       490
       90 |     +0.0% |       0 |       0 |             0 |       480
      100 |     +0.0% |       0 |       0 |             0 |       470
      110 |     +0.0% |       0 |       0 |             0 |       460
      120 |     +0.0% |       0 |       0 |             0 |       450
      130 |     +0.0% |       0 |       0 |             0 |       440
      140 |     +0.0% |       0 |       0 |             0 |       430
      150 |     +0.0% |       0 |       0 |             0 |       420
      160 |     +0.0% |       0 |       0 |             0 |       410
      170 |     +0.0% |       0 |       0 |             0 |       400
      180 |     +0.0% |       0 |       0 |             0 |       390
      190 |     +0.0% |       0 |       0 |             0 |       380
      200 |     +0.0% |       0 |       0 |             0 |       370
      210 |     +0.0% |       0 |       0 |             0 |       360
      220 |     +0.0% |       0 |       0 |             0 |       350
      230 |     +0.0% |       0 |       0 |             0 |       340
      240 |     +0.0% |       0 |       0 |             0 |       330
      250 |     +0.0% |       0 |       0 |             0 |       320
      260 |     +0.0% |       0 |       0 |             0 |       310
      270 |     +0.0% |       0 |       0 |             0 |       300
      280 |     +0.0% |       0 |       0 |             0 |       290
      290 |     +0.0% |       0 |       0 |             0 |       280
      300 |     +0.0% |       0 |       0 |             0 |       270
      310 |     +0.0% |       0 |       0 |             0 |       260
      320 |     +0.0% |       0 |       0 |             0 |       250
      330 |     +0.0% |       0 |       0 |             0 |       240
      340 |     +0.0% |       0 |       0 |             0 |       230
      350 |     +0.0% |       0 |       0 |             0 |       220
      360 |     +0.0% |       0 |       0 |             0 |       210
      370 |     +0.0% |       0 |       0 |             0 |       200
      380 |     +0.0% |       0 |       0 |             0 |       190
      390 |     +0.0% |       0 |       0 |             0 |       180
      400 |     +0.0% |       0 |       0 |             0 |       170
      410 |     +0.0% |       0 |       0 |             0 |       160
      420 |     +0.0% |       0 |       0 |             0 |       150
      430 |     +0.0% |       0 |       0 |             0 |       140
      440 |     +0.0% |       0 |       0 |             0 |       130
      450 |     +0.0% |       0 |       0 |             0 |       120
      460 |     +0.0% |       0 |       0 |             0 |       110
      470 |     +0.0% |       0 |       0 |             0 |       100
      480 |     +0.0% |       0 |       0 |             0 |        90
      490 |     +0.0% |       0 |       0 |             0 |        80
      500 |     +0.0% |       0 |       0 |             0 |        70
      510 |     +0.0% |       0 |       0 |             0 |        60
      520 |     +0.0% |       0 |       0 |             0 |        50
      530 |     +0.0% |       0 |       0 |             0 |        40
      540 |     +0.0% |       0 |       0 |             0 |        30
      550 |     +0.0% |       0 |       0 |             0 |        20
      560 |     +0.0% |       0 |       0 |             0 |        10
      570 |     +0.0% |       0 |       0 |             0 |         0
    final |     +0.0% |       0 |       0 |             0 |         0
---------------------------------------------------------------------
[INFO RSZ-0504] Runtime: 0.04s
global_route -start_incremental
detailed_placement
[INFO DPL-0006] Core area: 112.67 um^2
[INFO DPL-0007] Movable instances area: 74.98 um^2
[INFO DPL-0008] Fixed instances area within core: 6.53 um^2
[INFO DPL-0009] Utilization: 72.3%
[INFO DPL-0005] Diamond search max displacement: +/- 500 sites horizontally, +/- 100 rows vertically.
[INFO DPL-1102] Legalizing using negotiation legalizer.
[INFO DPL-1103] Negotiation base search window: +/-20 sites horizontally, +/-5 rows vertically 
	Automatic search window extension enabled.
	Search window extendable up to the max displacement cap of +/-500 sites, +/-100 rows near walls.
[INFO DPL-1104] NegotiationLegalizer DRC penalty: 5.
[INFO DPL-0392] Negotiation cell height distribution (1 unique row-count(s)):
[INFO DPL-0393]   height 1 row(s): 751 cells
[INFO DPL-0500] Runtime: 0.00s
Placement Analysis
---------------------------------
total displacement          0.0 u
average displacement        0.0 u
max displacement            0.0 u
original HPWL            1098.7 u
legalized HPWL           1098.7 u
delta HPWL                    0 %

global_route -end_incremental -resistance_aware -congestion_report_file /tmp/workspace/scripts-Private_test-fr_cugr_cmp-1-/reports/asap7/riscv32i-mock-sram_fakeram7_256x32/base/congestion_post_repair_design.rpt
Repair setup and hold violations...
estimate_parasitics -global_routing
repair_timing -setup_margin 0 -hold_margin 0 -repair_tns 100 -verbose
[INFO RSZ-0100] Repair move sequence: UnbufferMove SizeUpMove SwapPinsMove BufferMove CloneMove SplitLoadMove 
[INFO RSZ-0094] Found 97 endpoints with setup violations.
[INFO RSZ-0099] Repairing 97 out of 97 (100.00%) violating endpoints...
   Iter   | Removed | Resized | Inserted | Cloned |  Pin  |   Area   |    WNS   |   StTNS    |   EnTNS    |  Viol  |  Worst  
          | Buffers |  Gates  | Buffers  |  Gates | Swaps |          |          |            |            | Endpts | St/EnPt 
------------------------------------------------------------------------------------------------------------------------------
       0* |       0 |       0 |        0 |      0 |     0 |    +0.0% |  -25.383 |     -210.1 |    -1650.7 |     97 | mem\[0\]\[22\]$_DFFE_PP_/D
       6* |       0 |       3 |        0 |      1 |     1 |    +0.3% |  -21.957 |     -202.4 |    -1525.1 |     97 | mem\[1\]\[10\]$_DFFE_PP_/D
       9* |       0 |       3 |        0 |      1 |     1 |    +0.3% |  -21.957 |     -202.4 |    -1525.1 |     97 | mem\[1\]\[10\]$_DFFE_PP_/D
      10* |       0 |       3 |        0 |      1 |     1 |    +0.3% |  -21.957 |     -202.4 |    -1525.1 |     97 | mem\[1\]\[10\]$_DFFE_PP_/D
      11* |       0 |       3 |        0 |      2 |     1 |    +0.5% |  -21.957 |     -202.4 |    -1535.1 |     97 | mem\[1\]\[10\]$_DFFE_PP_/D
      12* |       0 |       3 |        0 |      2 |     1 |    +0.5% |  -21.957 |     -202.4 |    -1535.1 |     97 | mem\[1\]\[10\]$_DFFE_PP_/D
      14* |       0 |       3 |        0 |      2 |     1 |    +0.5% |  -21.957 |     -202.4 |    -1535.1 |     97 | mem\[1\]\[10\]$_DFFE_PP_/D
      16* |       0 |       3 |        0 |      2 |     1 |    +0.5% |  -21.957 |     -202.4 |    -1535.1 |     97 | mem\[1\]\[10\]$_DFFE_PP_/D
      18* |       0 |       3 |        0 |      2 |     2 |    +0.5% |  -21.957 |     -202.4 |    -1534.9 |     97 | mem\[1\]\[10\]$_DFFE_PP_/D
      20* |       0 |       3 |        0 |      2 |     3 |    +0.5% |  -21.957 |     -202.4 |    -1535.5 |     97 | mem\[1\]\[10\]$_DFFE_PP_/D
      20* |       0 |       3 |        0 |      2 |     3 |    +0.5% |  -21.957 |     -202.4 |    -1535.5 |     97 | mem\[1\]\[10\]$_DFFE_PP_/D
      22* |       0 |       4 |        0 |      2 |     3 |    +0.5% |  -21.957 |     -202.4 |    -1543.1 |     97 | mem\[1\]\[10\]$_DFFE_PP_/D
      23* |       0 |       4 |        0 |      2 |     3 |    +0.5% |  -21.957 |     -202.4 |    -1543.1 |     97 | mem\[1\]\[10\]$_DFFE_PP_/D
      30* |       0 |       8 |        1 |      3 |     3 |    +1.0% |  -24.469 |     -207.7 |    -1591.6 |     97 | mem\[0\]\[18\]$_DFFE_PP_/D
      31* |       0 |       4 |        0 |      2 |     3 |    +0.5% |  -21.957 |     -202.4 |    -1543.1 |     97 | mem\[1\]\[10\]$_DFFE_PP_/D
      32* |       0 |       4 |        0 |      2 |     3 |    +0.5% |  -21.957 |     -202.4 |    -1543.1 |     97 | mem\[1\]\[10\]$_DFFE_PP_/D
      33* |       0 |       4 |        0 |      2 |     3 |    +0.5% |  -21.957 |     -202.4 |    -1543.1 |     97 | mem\[1\]\[10\]$_DFFE_PP_/D
      35* |       0 |       4 |        0 |      2 |     4 |    +0.5% |  -21.957 |     -202.4 |    -1542.8 |     97 | mem\[1\]\[10\]$_DFFE_PP_/D
      36* |       0 |       4 |        0 |      2 |     4 |    +0.5% |  -21.957 |     -202.4 |    -1542.8 |     97 | mem\[1\]\[10\]$_DFFE_PP_/D
      37* |       0 |       4 |        0 |      2 |     4 |    +0.5% |  -21.957 |     -202.4 |    -1542.8 |     97 | mem\[1\]\[10\]$_DFFE_PP_/D
      39* |       0 |       4 |        0 |      2 |     4 |    +0.5% |  -21.957 |     -202.4 |    -1542.8 |     97 | mem\[1\]\[10\]$_DFFE_PP_/D
      40* |       0 |       4 |        0 |      2 |     4 |    +0.5% |  -21.957 |     -202.4 |    -1542.8 |     97 | mem\[1\]\[10\]$_DFFE_PP_/D
      40* |       0 |       4 |        0 |      2 |     4 |    +0.5% |  -21.957 |     -202.4 |    -1542.8 |     97 | mem\[1\]\[10\]$_DFFE_PP_/D
      42* |       0 |       4 |        0 |      2 |     4 |    +0.5% |  -21.957 |     -202.4 |    -1542.8 |     97 | mem\[1\]\[10\]$_DFFE_PP_/D
      43* |       0 |       4 |        0 |      2 |     4 |    +0.5% |  -21.957 |     -202.4 |    -1542.8 |     97 | mem\[1\]\[10\]$_DFFE_PP_/D
      45* |       0 |       4 |        0 |      2 |     4 |    +0.5% |  -21.957 |     -202.4 |    -1542.8 |     97 | mem\[1\]\[10\]$_DFFE_PP_/D
      50* |       0 |       4 |        0 |      2 |     8 |    +0.5% |  -21.957 |     -202.7 |    -1542.0 |     97 | mem\[1\]\[10\]$_DFFE_PP_/D
      60* |       0 |      10 |        0 |      2 |    12 |    +0.6% |  -21.957 |     -193.3 |    -1541.1 |     97 | mem\[1\]\[10\]$_DFFE_PP_/D
      62* |       0 |      11 |        0 |      2 |    12 |    +0.6% |  -21.957 |     -192.7 |    -1541.0 |     97 | mem\[1\]\[10\]$_DFFE_PP_/D
      63* |       0 |      11 |        0 |      2 |    12 |    +0.6% |  -21.957 |     -192.7 |    -1541.0 |     97 | mem\[1\]\[10\]$_DFFE_PP_/D
      64* |       0 |      11 |        0 |      2 |    12 |    +0.6% |  -21.957 |     -192.7 |    -1541.0 |     97 | mem\[1\]\[10\]$_DFFE_PP_/D
      65* |       0 |      11 |        0 |      2 |    12 |    +0.6% |  -21.957 |     -192.7 |    -1541.0 |     97 | mem\[1\]\[10\]$_DFFE_PP_/D
      66* |       0 |      11 |        0 |      2 |    12 |    +0.6% |  -21.957 |     -192.7 |    -1541.0 |     97 | mem\[1\]\[10\]$_DFFE_PP_/D
      67* |       0 |      11 |        0 |      2 |    12 |    +0.6% |  -21.957 |     -192.7 |    -1541.0 |     97 | mem\[1\]\[10\]$_DFFE_PP_/D
      68* |       0 |      11 |        0 |      2 |    12 |    +0.6% |  -21.957 |     -192.7 |    -1541.0 |     97 | mem\[1\]\[10\]$_DFFE_PP_/D
      69* |       0 |      11 |        0 |      2 |    12 |    +0.6% |  -21.957 |     -192.7 |    -1541.0 |     97 | mem\[1\]\[10\]$_DFFE_PP_/D
      70* |       0 |      11 |        0 |      2 |    12 |    +0.6% |  -21.957 |     -192.7 |    -1541.0 |     97 | mem\[1\]\[10\]$_DFFE_PP_/D
      70* |       0 |      11 |        0 |      2 |    12 |    +0.6% |  -21.957 |     -192.7 |    -1541.0 |     97 | mem\[1\]\[10\]$_DFFE_PP_/D
      71* |       0 |      11 |        0 |      2 |    12 |    +0.6% |  -21.957 |     -192.7 |    -1541.0 |     97 | mem\[1\]\[10\]$_DFFE_PP_/D
      72* |       0 |      11 |        0 |      2 |    12 |    +0.6% |  -21.957 |     -192.7 |    -1541.0 |     97 | mem\[1\]\[10\]$_DFFE_PP_/D
      73* |       0 |      11 |        0 |      2 |    12 |    +0.6% |  -21.957 |     -192.7 |    -1541.0 |     97 | mem\[1\]\[10\]$_DFFE_PP_/D
      74* |       0 |      11 |        0 |      2 |    12 |    +0.6% |  -21.957 |     -192.7 |    -1541.0 |     97 | mem\[1\]\[10\]$_DFFE_PP_/D
      75* |       0 |      11 |        0 |      2 |    12 |    +0.6% |  -21.957 |     -192.7 |    -1541.0 |     97 | mem\[1\]\[10\]$_DFFE_PP_/D
      80* |       0 |      13 |        1 |      3 |    12 |    +1.0% |  -23.773 |     -196.6 |    -1595.2 |     97 | mem\[0\]\[18\]$_DFFE_PP_/D
      83* |       0 |      11 |        0 |      2 |    12 |    +0.6% |  -21.957 |     -192.7 |    -1541.0 |     97 | mem\[1\]\[10\]$_DFFE_PP_/D
      84* |       0 |      11 |        0 |      2 |    12 |    +0.6% |  -21.957 |     -192.7 |    -1541.0 |     97 | mem\[1\]\[10\]$_DFFE_PP_/D
      85* |       0 |      11 |        0 |      2 |    12 |    +0.6% |  -21.957 |     -192.7 |    -1541.0 |     97 | mem\[1\]\[10\]$_DFFE_PP_/D
      87* |       0 |      12 |        0 |      2 |    12 |    +0.7% |  -21.957 |     -192.7 |    -1540.8 |     97 | mem\[1\]\[10\]$_DFFE_PP_/D
      90* |       0 |      13 |        0 |      3 |    12 |    +1.0% |  -23.650 |     -196.4 |    -1571.5 |     97 | mem\[0\]\[18\]$_DFFE_PP_/D
      95* |       0 |      12 |        0 |      2 |    12 |    +0.7% |  -21.957 |     -192.7 |    -1540.8 |     97 | mem\[1\]\[10\]$_DFFE_PP_/D
      96* |       0 |      12 |        0 |      2 |    12 |    +0.7% |  -21.957 |     -192.7 |    -1540.8 |     97 | mem\[1\]\[10\]$_DFFE_PP_/D
     100* |       0 |      14 |        0 |      3 |    12 |    +1.0% |  -24.214 |     -197.5 |    -1563.9 |     97 | mem\[0\]\[18\]$_DFFE_PP_/D
     104* |       0 |      12 |        0 |      2 |    12 |    +0.7% |  -21.957 |     -192.7 |    -1540.8 |     97 | mem\[1\]\[10\]$_DFFE_PP_/D
     110* |       0 |      15 |        1 |      3 |    12 |    +1.2% |  -24.469 |     -198.0 |    -1601.4 |     97 | mem\[0\]\[18\]$_DFFE_PP_/D
     112* |       0 |      12 |        0 |      2 |    12 |    +0.7% |  -21.957 |     -192.7 |    -1540.8 |     97 | mem\[1\]\[10\]$_DFFE_PP_/D
     120* |       0 |      16 |        1 |      3 |    13 |    +1.2% |  -24.469 |     -198.0 |    -1588.8 |     97 | mem\[0\]\[18\]$_DFFE_PP_/D
     120* |       0 |      12 |        0 |      2 |    12 |    +0.7% |  -21.957 |     -192.7 |    -1540.8 |     97 | mem\[1\]\[10\]$_DFFE_PP_/D
     121* |       0 |      12 |        0 |      2 |    12 |    +0.7% |  -21.957 |     -192.7 |    -1540.8 |     97 | mem\[1\]\[10\]$_DFFE_PP_/D
     122* |       0 |      12 |        0 |      2 |    12 |    +0.7% |  -21.957 |     -192.7 |    -1540.8 |     97 | mem\[1\]\[10\]$_DFFE_PP_/D
     123* |       0 |      12 |        0 |      2 |    12 |    +0.7% |  -21.957 |     -192.7 |    -1540.8 |     97 | mem\[1\]\[10\]$_DFFE_PP_/D
     124* |       0 |      12 |        0 |      2 |    12 |    +0.7% |  -21.957 |     -192.7 |    -1540.8 |     97 | mem\[1\]\[10\]$_DFFE_PP_/D
     125* |       0 |      12 |        0 |      2 |    12 |    +0.7% |  -21.957 |     -192.7 |    -1540.8 |     97 | mem\[1\]\[10\]$_DFFE_PP_/D
     126* |       0 |      12 |        0 |      2 |    12 |    +0.7% |  -21.957 |     -192.7 |    -1540.8 |     97 | mem\[1\]\[10\]$_DFFE_PP_/D
     127* |       0 |      12 |        0 |      2 |    12 |    +0.7% |  -21.957 |     -192.7 |    -1540.8 |     97 | mem\[1\]\[10\]$_DFFE_PP_/D
     128* |       0 |      12 |        0 |      2 |    12 |    +0.7% |  -21.957 |     -192.7 |    -1540.8 |     97 | mem\[1\]\[10\]$_DFFE_PP_/D
     129* |       0 |      12 |        0 |      2 |    12 |    +0.7% |  -21.957 |     -192.7 |    -1540.8 |     97 | mem\[1\]\[10\]$_DFFE_PP_/D
     130* |       0 |      12 |        0 |      2 |    12 |    +0.7% |  -21.957 |     -192.7 |    -1540.8 |     97 | mem\[1\]\[10\]$_DFFE_PP_/D
     130* |       0 |      12 |        0 |      2 |    12 |    +0.7% |  -21.957 |     -192.7 |    -1540.8 |     97 | mem\[1\]\[10\]$_DFFE_PP_/D
     139* |       0 |      15 |        2 |      2 |    13 |    +1.1% |  -21.938 |     -192.8 |    -1568.7 |     97 | mem\[1\]\[10\]$_DFFE_PP_/D
     140* |       0 |      15 |        2 |      2 |    13 |    +1.1% |  -21.938 |     -192.8 |    -1568.7 |     97 | mem\[1\]\[10\]$_DFFE_PP_/D
     140* |       0 |      15 |        2 |      2 |    13 |    +1.1% |  -21.938 |     -192.8 |    -1568.7 |     97 | mem\[1\]\[10\]$_DFFE_PP_/D
     144* |       0 |      16 |        2 |      2 |    13 |    +1.2% |  -21.938 |     -192.8 |    -1570.1 |     97 | mem\[1\]\[10\]$_DFFE_PP_/D
     150* |       0 |      18 |        3 |      3 |    14 |    +1.6% |  -22.094 |     -193.4 |    -1662.6 |     97 | rd_out\[2\]$_DFFE_PP_/D
     152* |       0 |      16 |        2 |      2 |    13 |    +1.2% |  -21.938 |     -192.8 |    -1570.1 |     97 | mem\[1\]\[10\]$_DFFE_PP_/D
     153* |       0 |      16 |        2 |      2 |    13 |    +1.2% |  -21.938 |     -192.8 |    -1570.1 |     97 | mem\[1\]\[10\]$_DFFE_PP_/D
     155* |       0 |      16 |        2 |      2 |    13 |    +1.2% |  -21.938 |     -192.8 |    -1570.1 |     97 | mem\[1\]\[10\]$_DFFE_PP_/D
     158* |       0 |      16 |        2 |      2 |    13 |    +1.2% |  -21.938 |     -192.8 |    -1570.1 |     97 | mem\[1\]\[10\]$_DFFE_PP_/D
     160* |       0 |      17 |        2 |      2 |    13 |    +1.3% |  -21.938 |     -192.8 |    -1573.3 |     97 | mem\[1\]\[10\]$_DFFE_PP_/D
     161* |       0 |      17 |        2 |      2 |    13 |    +1.3% |  -21.938 |     -192.8 |    -1573.3 |     97 | mem\[1\]\[10\]$_DFFE_PP_/D
     164* |       0 |      18 |        2 |      2 |    13 |    +1.4% |  -21.938 |     -192.8 |    -1576.7 |     97 | mem\[1\]\[10\]$_DFFE_PP_/D
     167* |       0 |      18 |        2 |      2 |    13 |    +1.4% |  -21.938 |     -192.8 |    -1576.7 |     97 | mem\[1\]\[10\]$_DFFE_PP_/D
     170* |       0 |      20 |        2 |      2 |    13 |    +1.4% |  -22.273 |     -193.1 |    -1593.1 |     97 | mem\[1\]\[10\]$_DFFE_PP_/D
     170* |       0 |      18 |        2 |      2 |    13 |    +1.4% |  -21.938 |     -192.8 |    -1576.7 |     97 | mem\[1\]\[10\]$_DFFE_PP_/D
     178* |       0 |      18 |        2 |      2 |    13 |    +1.4% |  -21.938 |     -192.8 |    -1576.7 |     97 | mem\[1\]\[10\]$_DFFE_PP_/D
     180* |       0 |      18 |        2 |      3 |    13 |    +1.5% |  -23.036 |     -193.9 |    -1667.9 |     97 | rd_out\[2\]$_DFFE_PP_/D
     186* |       0 |      18 |        2 |      2 |    13 |    +1.4% |  -21.938 |     -192.8 |    -1576.7 |     97 | mem\[1\]\[10\]$_DFFE_PP_/D
     190* |       0 |      20 |        2 |      3 |    13 |    +1.6% |  -23.719 |     -195.0 |    -1691.8 |     97 | rd_out\[2\]$_DFFE_PP_/D
     195* |       0 |      18 |        2 |      2 |    13 |    +1.4% |  -21.938 |     -192.8 |    -1576.7 |     97 | mem\[1\]\[10\]$_DFFE_PP_/D
     200* |       0 |      20 |        2 |      3 |    14 |    +1.6% |  -23.719 |     -195.0 |    -1689.7 |     97 | rd_out\[2\]$_DFFE_PP_/D
     203* |       0 |      18 |        2 |      2 |    13 |    +1.4% |  -21.938 |     -192.8 |    -1576.7 |     97 | mem\[1\]\[10\]$_DFFE_PP_/D
     210* |       0 |      21 |        3 |      3 |    14 |    +1.8% |  -22.377 |     -193.6 |    -1668.7 |     97 | rd_out\[2\]$_DFFE_PP_/D
     211* |       0 |      18 |        2 |      2 |    13 |    +1.4% |  -21.938 |     -192.8 |    -1576.7 |     97 | mem\[1\]\[10\]$_DFFE_PP_/D
     220* |       0 |      23 |        3 |      3 |    14 |    +1.8% |  -21.938 |     -193.2 |    -1665.8 |     97 | mem\[1\]\[10\]$_DFFE_PP_/D
     221* |       0 |      20 |        2 |      3 |    13 |    +1.5% |  -21.938 |     -192.8 |    -1656.7 |     97 | mem\[1\]\[10\]$_DFFE_PP_/D
     223* |       0 |      20 |        2 |      3 |    13 |    +1.5% |  -21.938 |     -192.8 |    -1656.7 |     97 | mem\[1\]\[10\]$_DFFE_PP_/D
     226* |       0 |      21 |        2 |      3 |    13 |    +1.6% |  -21.938 |     -192.8 |    -1659.6 |     97 | mem\[1\]\[10\]$_DFFE_PP_/D
     229* |       0 |      22 |        2 |      3 |    13 |    +1.7% |  -21.938 |     -192.8 |    -1662.3 |     97 | mem\[1\]\[10\]$_DFFE_PP_/D
     230* |       0 |      22 |        2 |      3 |    13 |    +1.7% |  -21.938 |     -192.8 |    -1662.3 |     97 | mem\[1\]\[10\]$_DFFE_PP_/D
     232* |       0 |      22 |        2 |      3 |    13 |    +1.7% |  -21.938 |     -192.8 |    -1662.3 |     97 | mem\[1\]\[10\]$_DFFE_PP_/D
     235* |       0 |      22 |        2 |      3 |    13 |    +1.7% |  -21.938 |     -192.8 |    -1662.3 |     97 | mem\[1\]\[10\]$_DFFE_PP_/D
     238* |       0 |      23 |        2 |      3 |    13 |    +1.8% |  -21.938 |     -192.8 |    -1664.8 |     97 | mem\[1\]\[10\]$_DFFE_PP_/D
     240* |       0 |      24 |        2 |      3 |    13 |    +1.8% |  -22.152 |     -193.0 |    -1679.5 |     97 | mem\[1\]\[10\]$_DFFE_PP_/D
     241* |       0 |      23 |        2 |      3 |    13 |    +1.8% |  -21.938 |     -192.8 |    -1664.8 |     97 | mem\[1\]\[10\]$_DFFE_PP_/D
     244* |       0 |      23 |        2 |      3 |    13 |    +1.8% |  -21.938 |     -192.8 |    -1664.8 |     97 | mem\[1\]\[10\]$_DFFE_PP_/D
     247* |       0 |      23 |        2 |      3 |    13 |    +1.8% |  -21.938 |     -192.8 |    -1664.8 |     97 | mem\[1\]\[10\]$_DFFE_PP_/D
     250* |       0 |      25 |        2 |      3 |    13 |    +1.8% |  -22.273 |     -193.1 |    -1681.2 |     97 | mem\[1\]\[10\]$_DFFE_PP_/D
     250* |       0 |      23 |        2 |      3 |    13 |    +1.8% |  -21.938 |     -192.8 |    -1664.8 |     97 | mem\[1\]\[10\]$_DFFE_PP_/D
     253* |       0 |      24 |        2 |      3 |    13 |    +1.8% |  -21.938 |     -192.8 |    -1667.8 |     97 | mem\[1\]\[10\]$_DFFE_PP_/D
     256* |       0 |      25 |        2 |      3 |    13 |    +1.9% |  -21.938 |     -192.8 |    -1669.5 |     97 | mem\[1\]\[10\]$_DFFE_PP_/D
     259* |       0 |      26 |        2 |      3 |    13 |    +2.0% |  -21.938 |     -192.8 |    -1672.7 |     97 | mem\[1\]\[10\]$_DFFE_PP_/D
     260* |       0 |      26 |        2 |      3 |    13 |    +2.0% |  -21.938 |     -192.8 |    -1672.7 |     97 | mem\[1\]\[10\]$_DFFE_PP_/D
     262* |       0 |      27 |        2 |      3 |    13 |    +2.0% |  -21.938 |     -192.8 |    -1676.3 |     97 | mem\[1\]\[10\]$_DFFE_PP_/D
     264* |       0 |      27 |        2 |      3 |    13 |    +2.0% |  -21.938 |     -192.8 |    -1676.3 |     97 | mem\[1\]\[10\]$_DFFE_PP_/D
     267* |       0 |      28 |        2 |      3 |    13 |    +2.1% |  -21.938 |     -192.8 |    -1679.7 |     97 | mem\[1\]\[10\]$_DFFE_PP_/D
     270* |       0 |      29 |        2 |      3 |    14 |    +2.2% |  -21.938 |     -192.8 |    -1684.7 |     97 | mem\[1\]\[10\]$_DFFE_PP_/D
     270* |       0 |      28 |        2 |      3 |    13 |    +2.1% |  -21.938 |     -192.8 |    -1679.7 |     97 | mem\[1\]\[10\]$_DFFE_PP_/D
     273* |       0 |      29 |        2 |      3 |    13 |    +2.2% |  -21.938 |     -192.8 |    -1682.2 |     97 | mem\[1\]\[10\]$_DFFE_PP_/D
     276* |       0 |      30 |        2 |      3 |    13 |    +2.3% |  -21.938 |     -192.8 |    -1685.3 |     97 | mem\[1\]\[10\]$_DFFE_PP_/D
     279* |       0 |      31 |        2 |      3 |    13 |    +2.3% |  -21.938 |     -192.8 |    -1689.8 |     97 | mem\[1\]\[10\]$_DFFE_PP_/D
     280* |       0 |      31 |        2 |      3 |    13 |    +2.3% |  -21.938 |     -192.8 |    -1689.8 |     97 | mem\[1\]\[10\]$_DFFE_PP_/D
     282* |       0 |      32 |        2 |      3 |    13 |    +2.4% |  -21.938 |     -192.8 |    -1692.2 |     97 | mem\[1\]\[10\]$_DFFE_PP_/D
     284* |       0 |      32 |        2 |      3 |    13 |    +2.4% |  -21.938 |     -192.8 |    -1692.2 |     97 | mem\[1\]\[10\]$_DFFE_PP_/D
     287* |       0 |      32 |        2 |      3 |    13 |    +2.4% |  -21.938 |     -192.8 |    -1692.2 |     97 | mem\[1\]\[10\]$_DFFE_PP_/D
     289* |       0 |      32 |        2 |      3 |    13 |    +2.4% |  -21.938 |     -192.8 |    -1692.2 |     97 | mem\[1\]\[10\]$_DFFE_PP_/D
     290* |       0 |      32 |        2 |      3 |    13 |    +2.4% |  -21.938 |     -192.8 |    -1692.2 |     97 | mem\[1\]\[10\]$_DFFE_PP_/D
     292* |       0 |      33 |        2 |      3 |    13 |    +2.5% |  -21.938 |     -192.8 |    -1694.6 |     97 | mem\[1\]\[10\]$_DFFE_PP_/D
     295* |       0 |      33 |        2 |      3 |    13 |    +2.5% |  -21.938 |     -192.8 |    -1694.6 |     97 | mem\[1\]\[10\]$_DFFE_PP_/D
     295* |       0 |      33 |        2 |      3 |    13 |    +2.5% |  -21.938 |     -192.8 |    -1694.6 |     97 | mem\[1\]\[10\]$_DFFE_PP_/D
     296+ |       0 |      33 |        2 |      3 |    13 |    +2.5% |  -21.938 |     -192.8 |    -1694.6 |     97 | mem\[1\]\[10\]$_DFFE_PP_/D
     297+ |       0 |      33 |        2 |      3 |    13 |    +2.5% |  -21.938 |     -192.8 |    -1694.6 |     97 | mem\[1\]\[10\]$_DFFE_PP_/D
     298+ |       0 |      33 |        2 |      3 |    13 |    +2.5% |  -21.938 |     -192.8 |    -1694.6 |     97 | mem\[1\]\[10\]$_DFFE_PP_/D
     299+ |       0 |      33 |        2 |      3 |    13 |    +2.5% |  -21.938 |     -192.8 |    -1694.6 |     97 | mem\[1\]\[10\]$_DFFE_PP_/D
     300+ |       0 |      33 |        2 |      3 |    13 |    +2.5% |  -21.938 |     -192.8 |    -1694.6 |     97 | mem\[1\]\[10\]$_DFFE_PP_/D
     300+ |       0 |      33 |        2 |      3 |    13 |    +2.5% |  -21.938 |     -192.8 |    -1694.6 |     97 | mem\[1\]\[10\]$_DFFE_PP_/D
     301+ |       0 |      33 |        2 |      3 |    13 |    +2.5% |  -21.938 |     -192.8 |    -1694.6 |     97 | mem\[1\]\[10\]$_DFFE_PP_/D
     302+ |       0 |      33 |        2 |      3 |    13 |    +2.5% |  -21.938 |     -192.8 |    -1694.6 |     97 | mem\[1\]\[10\]$_DFFE_PP_/D
     303+ |       0 |      33 |        2 |      3 |    13 |    +2.5% |  -21.938 |     -192.8 |    -1694.6 |     97 | mem\[1\]\[10\]$_DFFE_PP_/D
     304+ |       0 |      33 |        2 |      3 |    13 |    +2.5% |  -21.938 |     -192.8 |    -1694.6 |     97 | mem\[1\]\[10\]$_DFFE_PP_/D
     305+ |       0 |      33 |        2 |      3 |    13 |    +2.5% |  -21.938 |     -192.8 |    -1694.6 |     97 | mem\[1\]\[10\]$_DFFE_PP_/D
     306+ |       0 |      33 |        2 |      3 |    13 |    +2.5% |  -21.938 |     -192.8 |    -1694.6 |     97 | mem\[1\]\[10\]$_DFFE_PP_/D
     307+ |       0 |      33 |        2 |      3 |    13 |    +2.5% |  -21.938 |     -192.8 |    -1694.6 |     97 | mem\[1\]\[10\]$_DFFE_PP_/D
     308+ |       0 |      33 |        2 |      3 |    13 |    +2.5% |  -21.938 |     -192.8 |    -1694.6 |     97 | mem\[1\]\[10\]$_DFFE_PP_/D
     309+ |       0 |      33 |        2 |      3 |    13 |    +2.5% |  -21.938 |     -192.8 |    -1694.6 |     97 | mem\[1\]\[10\]$_DFFE_PP_/D
     310+ |       0 |      33 |        2 |      3 |    13 |    +2.5% |  -21.938 |     -192.8 |    -1694.6 |     97 | mem\[1\]\[10\]$_DFFE_PP_/D
     310+ |       0 |      33 |        2 |      3 |    13 |    +2.5% |  -21.938 |     -192.8 |    -1694.6 |     97 | mem\[1\]\[10\]$_DFFE_PP_/D
     311+ |       0 |      33 |        2 |      3 |    13 |    +2.5% |  -21.938 |     -192.8 |    -1694.6 |     97 | mem\[1\]\[10\]$_DFFE_PP_/D
     312+ |       0 |      33 |        2 |      3 |    13 |    +2.5% |  -21.938 |     -192.8 |    -1694.6 |     97 | mem\[1\]\[10\]$_DFFE_PP_/D
     313+ |       0 |      33 |        2 |      3 |    13 |    +2.5% |  -21.938 |     -192.8 |    -1694.6 |     97 | mem\[1\]\[10\]$_DFFE_PP_/D
     314+ |       0 |      33 |        2 |      3 |    13 |    +2.5% |  -21.938 |     -192.8 |    -1694.6 |     97 | mem\[1\]\[10\]$_DFFE_PP_/D
     315+ |       0 |      33 |        2 |      3 |    13 |    +2.5% |  -21.938 |     -192.8 |    -1694.6 |     97 | mem\[1\]\[10\]$_DFFE_PP_/D
     316+ |       0 |      33 |        2 |      3 |    13 |    +2.5% |  -21.938 |     -192.8 |    -1694.6 |     97 | mem\[1\]\[10\]$_DFFE_PP_/D
     317+ |       0 |      33 |        2 |      3 |    13 |    +2.5% |  -21.938 |     -192.8 |    -1694.6 |     97 | mem\[1\]\[10\]$_DFFE_PP_/D
     318+ |       0 |      33 |        2 |      3 |    13 |    +2.5% |  -21.938 |     -192.8 |    -1694.6 |     97 | mem\[1\]\[10\]$_DFFE_PP_/D
     319+ |       0 |      33 |        2 |      3 |    13 |    +2.5% |  -21.938 |     -192.8 |    -1694.6 |     97 | mem\[1\]\[10\]$_DFFE_PP_/D
     320+ |       0 |      33 |        2 |      3 |    13 |    +2.5% |  -21.938 |     -192.8 |    -1694.6 |     97 | mem\[1\]\[10\]$_DFFE_PP_/D
     320+ |       0 |      33 |        2 |      3 |    13 |    +2.5% |  -21.938 |     -192.8 |    -1694.6 |     97 | mem\[1\]\[10\]$_DFFE_PP_/D
     321+ |       0 |      33 |        2 |      3 |    13 |    +2.5% |  -21.938 |     -192.8 |    -1694.6 |     97 | mem\[1\]\[10\]$_DFFE_PP_/D
     322+ |       0 |      33 |        2 |      3 |    13 |    +2.5% |  -21.938 |     -192.8 |    -1694.6 |     97 | mem\[1\]\[10\]$_DFFE_PP_/D
     323+ |       0 |      33 |        2 |      3 |    13 |    +2.5% |  -21.938 |     -192.8 |    -1694.6 |     97 | mem\[1\]\[10\]$_DFFE_PP_/D
     324+ |       0 |      33 |        2 |      3 |    13 |    +2.5% |  -21.938 |     -192.8 |    -1694.6 |     97 | mem\[1\]\[10\]$_DFFE_PP_/D
     325+ |       0 |      33 |        2 |      3 |    13 |    +2.5% |  -21.938 |     -192.8 |    -1694.6 |     97 | mem\[1\]\[10\]$_DFFE_PP_/D
     326+ |       0 |      33 |        2 |      3 |    13 |    +2.5% |  -21.938 |     -192.8 |    -1694.6 |     97 | mem\[1\]\[10\]$_DFFE_PP_/D
     327+ |       0 |      33 |        2 |      3 |    13 |    +2.5% |  -21.938 |     -192.8 |    -1694.6 |     97 | mem\[1\]\[10\]$_DFFE_PP_/D
     328+ |       0 |      33 |        2 |      3 |    13 |    +2.5% |  -21.938 |     -192.8 |    -1694.6 |     97 | mem\[1\]\[10\]$_DFFE_PP_/D
     329+ |       0 |      33 |        2 |      3 |    13 |    +2.5% |  -21.938 |     -192.8 |    -1694.6 |     97 | mem\[1\]\[10\]$_DFFE_PP_/D
     330+ |       0 |      33 |        2 |      3 |    13 |    +2.5% |  -21.938 |     -192.8 |    -1694.6 |     97 | mem\[1\]\[10\]$_DFFE_PP_/D
     330+ |       0 |      33 |        2 |      3 |    13 |    +2.5% |  -21.938 |     -192.8 |    -1694.6 |     97 | mem\[1\]\[10\]$_DFFE_PP_/D
     331+ |       0 |      33 |        2 |      3 |    13 |    +2.5% |  -21.938 |     -192.8 |    -1694.6 |     97 | mem\[1\]\[10\]$_DFFE_PP_/D
     332+ |       0 |      33 |        2 |      3 |    13 |    +2.5% |  -21.938 |     -192.8 |    -1694.6 |     97 | mem\[1\]\[10\]$_DFFE_PP_/D
     333+ |       0 |      33 |        2 |      3 |    13 |    +2.5% |  -21.938 |     -192.8 |    -1694.6 |     97 | mem\[1\]\[10\]$_DFFE_PP_/D
     334+ |       0 |      33 |        2 |      3 |    13 |    +2.5% |  -21.938 |     -192.8 |    -1694.6 |     97 | mem\[1\]\[10\]$_DFFE_PP_/D
     335+ |       0 |      33 |        2 |      3 |    13 |    +2.5% |  -21.938 |     -192.8 |    -1694.6 |     97 | mem\[1\]\[10\]$_DFFE_PP_/D
     336+ |       0 |      33 |        2 |      3 |    13 |    +2.5% |  -21.938 |     -192.8 |    -1694.6 |     97 | mem\[1\]\[10\]$_DFFE_PP_/D
     337+ |       0 |      33 |        2 |      3 |    13 |    +2.5% |  -21.938 |     -192.8 |    -1694.6 |     97 | mem\[1\]\[10\]$_DFFE_PP_/D
     338+ |       0 |      33 |        2 |      3 |    13 |    +2.5% |  -21.938 |     -192.8 |    -1694.6 |     97 | mem\[1\]\[10\]$_DFFE_PP_/D
     339+ |       0 |      33 |        2 |      3 |    13 |    +2.5% |  -21.938 |     -192.8 |    -1694.6 |     97 | mem\[1\]\[10\]$_DFFE_PP_/D
     340+ |       0 |      33 |        2 |      3 |    13 |    +2.5% |  -21.938 |     -192.8 |    -1694.6 |     97 | mem\[1\]\[10\]$_DFFE_PP_/D
     340+ |       0 |      33 |        2 |      3 |    13 |    +2.5% |  -21.938 |     -192.8 |    -1694.6 |     97 | mem\[1\]\[10\]$_DFFE_PP_/D
     341+ |       0 |      33 |        2 |      3 |    13 |    +2.5% |  -21.938 |     -192.8 |    -1694.6 |     97 | mem\[1\]\[10\]$_DFFE_PP_/D
     342+ |       0 |      33 |        2 |      3 |    13 |    +2.5% |  -21.938 |     -192.8 |    -1694.6 |     97 | mem\[1\]\[10\]$_DFFE_PP_/D
     343+ |       0 |      33 |        2 |      3 |    13 |    +2.5% |  -21.938 |     -192.8 |    -1694.6 |     97 | mem\[1\]\[10\]$_DFFE_PP_/D
     344+ |       0 |      33 |        2 |      3 |    13 |    +2.5% |  -21.938 |     -192.8 |    -1694.6 |     97 | mem\[1\]\[10\]$_DFFE_PP_/D
     345+ |       0 |      33 |        2 |      3 |    13 |    +2.5% |  -21.938 |     -192.8 |    -1694.6 |     97 | mem\[1\]\[10\]$_DFFE_PP_/D
     346+ |       0 |      33 |        2 |      3 |    13 |    +2.5% |  -21.938 |     -192.8 |    -1694.6 |     97 | mem\[1\]\[10\]$_DFFE_PP_/D
     347+ |       0 |      33 |        2 |      3 |    13 |    +2.5% |  -21.938 |     -192.8 |    -1694.6 |     97 | mem\[1\]\[10\]$_DFFE_PP_/D
     348+ |       0 |      33 |        2 |      3 |    13 |    +2.5% |  -21.938 |     -192.8 |    -1694.6 |     97 | mem\[1\]\[10\]$_DFFE_PP_/D
     349+ |       0 |      33 |        2 |      3 |    13 |    +2.5% |  -21.938 |     -192.8 |    -1694.6 |     97 | mem\[1\]\[10\]$_DFFE_PP_/D
     350+ |       0 |      33 |        2 |      3 |    13 |    +2.5% |  -21.938 |     -192.8 |    -1694.6 |     97 | mem\[1\]\[10\]$_DFFE_PP_/D
     350+ |       0 |      33 |        2 |      3 |    13 |    +2.5% |  -21.938 |     -192.8 |    -1694.6 |     97 | mem\[1\]\[10\]$_DFFE_PP_/D
     351+ |       0 |      33 |        2 |      3 |    13 |    +2.5% |  -21.938 |     -192.8 |    -1694.6 |     97 | mem\[1\]\[10\]$_DFFE_PP_/D
     352+ |       0 |      33 |        2 |      3 |    13 |    +2.5% |  -21.938 |     -192.8 |    -1694.6 |     97 | mem\[1\]\[10\]$_DFFE_PP_/D
     353+ |       0 |      33 |        2 |      3 |    13 |    +2.5% |  -21.938 |     -192.8 |    -1694.6 |     97 | mem\[1\]\[10\]$_DFFE_PP_/D
     354+ |       0 |      33 |        2 |      3 |    13 |    +2.5% |  -21.938 |     -192.8 |    -1694.6 |     97 | mem\[1\]\[10\]$_DFFE_PP_/D
     355+ |       0 |      33 |        2 |      3 |    13 |    +2.5% |  -21.938 |     -192.8 |    -1694.6 |     97 | mem\[1\]\[10\]$_DFFE_PP_/D
     356+ |       0 |      33 |        2 |      3 |    13 |    +2.5% |  -21.938 |     -192.8 |    -1694.6 |     97 | mem\[1\]\[10\]$_DFFE_PP_/D
     357+ |       0 |      33 |        2 |      3 |    13 |    +2.5% |  -21.938 |     -192.8 |    -1694.6 |     97 | mem\[1\]\[10\]$_DFFE_PP_/D
     358+ |       0 |      33 |        2 |      3 |    13 |    +2.5% |  -21.938 |     -192.8 |    -1694.6 |     97 | mem\[1\]\[10\]$_DFFE_PP_/D
     359+ |       0 |      33 |        2 |      3 |    13 |    +2.5% |  -21.938 |     -192.8 |    -1694.6 |     97 | mem\[1\]\[10\]$_DFFE_PP_/D
     360+ |       0 |      33 |        2 |      3 |    13 |    +2.5% |  -21.938 |     -192.8 |    -1694.6 |     97 | mem\[1\]\[10\]$_DFFE_PP_/D
     360+ |       0 |      33 |        2 |      3 |    13 |    +2.5% |  -21.938 |     -192.8 |    -1694.6 |     97 | mem\[1\]\[10\]$_DFFE_PP_/D
     361+ |       0 |      33 |        2 |      3 |    13 |    +2.5% |  -21.938 |     -192.8 |    -1694.6 |     97 | mem\[1\]\[10\]$_DFFE_PP_/D
     362+ |       0 |      33 |        2 |      3 |    13 |    +2.5% |  -21.938 |     -192.8 |    -1694.6 |     97 | mem\[1\]\[10\]$_DFFE_PP_/D
     363+ |       0 |      33 |        2 |      3 |    13 |    +2.5% |  -21.938 |     -192.8 |    -1694.6 |     97 | mem\[1\]\[10\]$_DFFE_PP_/D
     364+ |       0 |      33 |        2 |      3 |    13 |    +2.5% |  -21.938 |     -192.8 |    -1694.6 |     97 | mem\[1\]\[10\]$_DFFE_PP_/D
     365+ |       0 |      33 |        2 |      3 |    13 |    +2.5% |  -21.938 |     -192.8 |    -1694.6 |     97 | mem\[1\]\[10\]$_DFFE_PP_/D
     366+ |       0 |      33 |        2 |      3 |    13 |    +2.5% |  -21.938 |     -192.8 |    -1694.6 |     97 | mem\[1\]\[10\]$_DFFE_PP_/D
     367+ |       0 |      33 |        2 |      3 |    13 |    +2.5% |  -21.938 |     -192.8 |    -1694.6 |     97 | mem\[1\]\[10\]$_DFFE_PP_/D
     368+ |       0 |      33 |        2 |      3 |    13 |    +2.5% |  -21.938 |     -192.8 |    -1694.6 |     97 | mem\[1\]\[10\]$_DFFE_PP_/D
     369+ |       0 |      33 |        2 |      3 |    13 |    +2.5% |  -21.938 |     -192.8 |    -1694.6 |     97 | mem\[1\]\[10\]$_DFFE_PP_/D
     370+ |       0 |      33 |        2 |      3 |    13 |    +2.5% |  -21.938 |     -192.8 |    -1694.6 |     97 | mem\[1\]\[10\]$_DFFE_PP_/D
     370+ |       0 |      33 |        2 |      3 |    13 |    +2.5% |  -21.938 |     -192.8 |    -1694.6 |     97 | mem\[1\]\[10\]$_DFFE_PP_/D
     371+ |       0 |      33 |        2 |      3 |    13 |    +2.5% |  -21.938 |     -192.8 |    -1694.6 |     97 | mem\[1\]\[10\]$_DFFE_PP_/D
     372+ |       0 |      33 |        2 |      3 |    13 |    +2.5% |  -21.938 |     -192.8 |    -1694.6 |     97 | mem\[1\]\[10\]$_DFFE_PP_/D
     373+ |       0 |      33 |        2 |      3 |    13 |    +2.5% |  -21.938 |     -192.8 |    -1694.6 |     97 | mem\[1\]\[10\]$_DFFE_PP_/D
     374+ |       0 |      33 |        2 |      3 |    13 |    +2.5% |  -21.938 |     -192.8 |    -1694.6 |     97 | mem\[1\]\[10\]$_DFFE_PP_/D
     375+ |       0 |      33 |        2 |      3 |    13 |    +2.5% |  -21.938 |     -192.8 |    -1694.6 |     97 | mem\[1\]\[10\]$_DFFE_PP_/D
     376+ |       0 |      33 |        2 |      3 |    13 |    +2.5% |  -21.938 |     -192.8 |    -1694.6 |     97 | mem\[1\]\[10\]$_DFFE_PP_/D
     377+ |       0 |      33 |        2 |      3 |    13 |    +2.5% |  -21.938 |     -192.8 |    -1694.6 |     97 | mem\[1\]\[10\]$_DFFE_PP_/D
     378+ |       0 |      33 |        2 |      3 |    13 |    +2.5% |  -21.938 |     -192.8 |    -1694.6 |     97 | mem\[1\]\[10\]$_DFFE_PP_/D
     379+ |       0 |      33 |        2 |      3 |    13 |    +2.5% |  -21.938 |     -192.8 |    -1694.6 |     97 | mem\[1\]\[10\]$_DFFE_PP_/D
     380+ |       0 |      33 |        2 |      3 |    13 |    +2.5% |  -21.938 |     -192.8 |    -1694.6 |     97 | mem\[1\]\[10\]$_DFFE_PP_/D
     380+ |       0 |      33 |        2 |      3 |    13 |    +2.5% |  -21.938 |     -192.8 |    -1694.6 |     97 | mem\[1\]\[10\]$_DFFE_PP_/D
     381+ |       0 |      33 |        2 |      3 |    13 |    +2.5% |  -21.938 |     -192.8 |    -1694.6 |     97 | mem\[1\]\[10\]$_DFFE_PP_/D
     382+ |       0 |      33 |        2 |      3 |    13 |    +2.5% |  -21.938 |     -192.8 |    -1694.6 |     97 | mem\[1\]\[10\]$_DFFE_PP_/D
     383+ |       0 |      33 |        2 |      3 |    13 |    +2.5% |  -21.938 |     -192.8 |    -1694.6 |     97 | mem\[1\]\[10\]$_DFFE_PP_/D
     384+ |       0 |      33 |        2 |      3 |    13 |    +2.5% |  -21.938 |     -192.8 |    -1694.6 |     97 | mem\[1\]\[10\]$_DFFE_PP_/D
     385+ |       0 |      33 |        2 |      3 |    13 |    +2.5% |  -21.938 |     -192.8 |    -1694.6 |     97 | mem\[1\]\[10\]$_DFFE_PP_/D
     386+ |       0 |      33 |        2 |      3 |    13 |    +2.5% |  -21.938 |     -192.8 |    -1694.6 |     97 | mem\[1\]\[10\]$_DFFE_PP_/D
     387+ |       0 |      33 |        2 |      3 |    13 |    +2.5% |  -21.938 |     -192.8 |    -1694.6 |     97 | mem\[1\]\[10\]$_DFFE_PP_/D
     388+ |       0 |      33 |        2 |      3 |    13 |    +2.5% |  -21.938 |     -192.8 |    -1694.6 |     97 | mem\[1\]\[10\]$_DFFE_PP_/D
     389+ |       0 |      33 |        2 |      3 |    13 |    +2.5% |  -21.938 |     -192.8 |    -1694.6 |     97 | mem\[1\]\[10\]$_DFFE_PP_/D
     390+ |       0 |      33 |        2 |      3 |    13 |    +2.5% |  -21.938 |     -192.8 |    -1694.6 |     97 | mem\[1\]\[10\]$_DFFE_PP_/D
     390+ |       0 |      33 |        2 |      3 |    13 |    +2.5% |  -21.938 |     -192.8 |    -1694.6 |     97 | mem\[1\]\[10\]$_DFFE_PP_/D
     391+ |       0 |      33 |        2 |      3 |    13 |    +2.5% |  -21.938 |     -192.8 |    -1694.6 |     97 | mem\[1\]\[10\]$_DFFE_PP_/D
     392+ |       0 |      33 |        2 |      3 |    13 |    +2.5% |  -21.938 |     -192.8 |    -1694.6 |     97 | mem\[1\]\[10\]$_DFFE_PP_/D
    final |       0 |      33 |        2 |      3 |    13 |    +2.5% |  -21.938 |     -192.8 |    -1694.6 |     97 | mem\[1\]\[10\]$_DFFE_PP_/D
------------------------------------------------------------------------------------------------------------------------------
[INFO RSZ-0040] Inserted 2 buffers.
[INFO RSZ-0051] Resized 33 instances: 33 up, 0 up match, 0 down, 0 VT
[INFO RSZ-0043] Swapped pins on 13 instances.
[INFO RSZ-0049] Cloned 3 instances.
[WARNING RSZ-0062] Unable to repair all setup violations.
[INFO RSZ-0505] Runtime: 9.02s
[INFO RSZ-0033] No hold violations found.
[INFO RSZ-0506] Runtime: 0.00s
Took 9 seconds: repair_timing -setup_margin 0 -hold_margin 0 -repair_tns 100 -verbose
global_route -start_incremental
detailed_placement
[INFO DPL-0006] Core area: 112.67 um^2
[INFO DPL-0007] Movable instances area: 77.00 um^2
[INFO DPL-0008] Fixed instances area within core: 6.53 um^2
[INFO DPL-0009] Utilization: 74.1%
[INFO DPL-0005] Diamond search max displacement: +/- 500 sites horizontally, +/- 100 rows vertically.
[INFO DPL-1102] Legalizing using negotiation legalizer.
[INFO DPL-1103] Negotiation base search window: +/-20 sites horizontally, +/-5 rows vertically 
	Automatic search window extension enabled.
	Search window extendable up to the max displacement cap of +/-500 sites, +/-100 rows near walls.
[INFO DPL-1104] NegotiationLegalizer DRC penalty: 5.
[INFO DPL-0392] Negotiation cell height distribution (1 unique row-count(s)):
[INFO DPL-0393]   height 1 row(s): 756 cells
          |      Total |  Illegal |  Illegal
Iteration | Violations |    Cells |    Sites
---------------------------------------------
        0 |        164 |        36 |       128
        1 |        168 |        32 |       136
        2 |        153 |        25 |       128
        3 |        171 |        25 |       146
        4 |        160 |        16 |       144
        5 |        117 |        14 |       103
        6 |        109 |        17 |        92
        7 |        103 |        13 |        90
        8 |        131 |        11 |       120
        9 |         92 |        12 |        80
       10 |        104 |        10 |        94
       20 |         17 |         3 |        14
       24 |          0 |         0 |         0
Negotiation phase 1 converged at iteration 24.
[INFO DPL-0500] Runtime: 0.04s
Placement Analysis
---------------------------------
total displacement         89.0 u
average displacement        0.1 u
max displacement            3.3 u
original HPWL            1122.7 u
legalized HPWL           1228.1 u
delta HPWL                    9 %

check_placement -verbose
global_route -end_incremental -resistance_aware -congestion_report_file /tmp/workspace/scripts-Private_test-fr_cugr_cmp-1-/reports/asap7/riscv32i-mock-sram_fakeram7_256x32/base/congestion_post_repair_timing.rpt
estimate_parasitics -global_routing
repair_timing -setup -sequence "vt_swap reroute" -skip_last_gasp -repair_tns 0 -verbose
[INFO RSZ-0100] Repair move sequence: RerouteMove 
[INFO RSZ-0094] Found 97 endpoints with setup violations.
[INFO RSZ-0099] Repairing 1 out of 97 (0.00%) violating endpoints...
   Iter   | Removed | Resized | Inserted | Cloned |  Pin  |   Area   |    WNS   |   StTNS    |   EnTNS    |  Viol  |  Worst  
          | Buffers |  Gates  | Buffers  |  Gates | Swaps |          |          |            |            | Endpts | St/EnPt 
------------------------------------------------------------------------------------------------------------------------------
       0* |       0 |       0 |        0 |      0 |     0 |    +0.0% |  -22.895 |     -196.4 |    -1748.6 |     97 | mem\[1\]\[8\]$_DFFE_PP_/D
       1* |       0 |       0 |        0 |      0 |     0 |    +0.0% |  -22.895 |     -196.4 |    -1748.6 |     97 | mem\[1\]\[8\]$_DFFE_PP_/D
       1* |       0 |       0 |        0 |      0 |     0 |    +0.0% |  -22.895 |     -196.4 |    -1748.6 |     97 | mem\[1\]\[8\]$_DFFE_PP_/D
    final |       0 |       0 |        0 |      0 |     0 |    +0.0% |  -22.895 |     -196.4 |    -1748.6 |     97 | mem\[1\]\[8\]$_DFFE_PP_/D
------------------------------------------------------------------------------------------------------------------------------
[WARNING RSZ-0062] Unable to repair all setup violations.
[INFO RSZ-0505] Runtime: 0.06s
Repair antennas...
[WARNING GRT-0246] No diode with LEF class CORE ANTENNACELL found.
[INFO ANT-0002] Found 0 net violations.
[INFO ANT-0001] Found 0 pin violations.
Estimate parasitics...
estimate_parasitics -global_routing
Report metrics stage 5, global route...

==========================================================================
global route report_design_area
--------------------------------------------------------------------------
Design area 84 um^2 74% utilization.
[INFO FLW-0007] clock clk period 1660.000000
[INFO FLW-0008] Clock clk period 1598.750
[INFO FLW-0009] Clock clk slack -22.895
write_sdc -no_timestamp /tmp/workspace/scripts-Private_test-fr_cugr_cmp-1-/results/asap7/riscv32i-mock-sram_fakeram7_256x32/base/updated_clks.sdc
[INFO FLW-0011] Path endpoint path count 136
write_db /tmp/workspace/scripts-Private_test-fr_cugr_cmp-1-/results/asap7/riscv32i-mock-sram_fakeram7_256x32/base/5_1_grt.odb
write_sdc -no_timestamp /tmp/workspace/scripts-Private_test-fr_cugr_cmp-1-/results/asap7/riscv32i-mock-sram_fakeram7_256x32/base/5_1_grt.sdc
Elapsed time: 0:12.34[h:]min:sec. CPU time: user 110.13 sys 3.42 (920%). Peak memory: 325072KB.
Log                       Ext     Elapsed/s Peak Memory/MB sha1sum result [0:20)
5_1_grt                   .odb           12            317 b6e9a235b49ed8253d6a
5_1_grt                   .sdc                             a1ae45ceacb539240c57
/OpenROAD-flow-scripts/flow/scripts/flow.sh 5_2_route detail_route
Running detail_route.tcl, stage 5_2_route
source ./platforms/asap7/liberty_suppressions.tcl
read_liberty ./platforms/asap7/lib/NLDM/asap7sc7p5t_AO_RVT_FF_nldm_211120.lib.gz
read_liberty ./platforms/asap7/lib/NLDM/asap7sc7p5t_INVBUF_RVT_FF_nldm_220122.lib.gz
read_liberty ./platforms/asap7/lib/NLDM/asap7sc7p5t_OA_RVT_FF_nldm_211120.lib.gz
read_liberty ./platforms/asap7/lib/NLDM/asap7sc7p5t_SIMPLE_RVT_FF_nldm_211120.lib.gz
read_liberty ./platforms/asap7/lib/NLDM/asap7sc7p5t_SEQ_RVT_FF_nldm_220123.lib
read_db /tmp/workspace/scripts-Private_test-fr_cugr_cmp-1-/results/asap7/riscv32i-mock-sram_fakeram7_256x32/base/5_1_grt.odb
read_sdc /tmp/workspace/scripts-Private_test-fr_cugr_cmp-1-/results/asap7/riscv32i-mock-sram_fakeram7_256x32/base/5_1_grt.sdc
source ./platforms/asap7/setRC.tcl
detailed_route -output_drc /tmp/workspace/scripts-Private_test-fr_cugr_cmp-1-/reports/asap7/riscv32i-mock-sram_fakeram7_256x32/base/5_route_drc.rpt -output_maze /tmp/workspace/scripts-Private_test-fr_cugr_cmp-1-/results/asap7/riscv32i-mock-sram_fakeram7_256x32/base/maze.log -droute_end_iter 64 -verbose 1 -drc_report_iter_step 5
[INFO DRT-0149] Reading tech and libs.

Units:                1000
Number of layers:     21
Number of macros:     212
Number of vias:       14
Number of viarulegen: 11

[INFO DRT-0150] Reading design.

Design:                   fakeram7_256x32
Die area:                 ( 0 0 ) ( 5802 32416 )
Number of track patterns: 32
Number of DEF vias:       0
Number of components:     756
Number of terminals:      77
Number of snets:          2
Number of nets:           568

[INFO DRT-0167] List of default vias:
  Layer V2
    default via: VIA23
  Layer V3
    default via: VIA34
  Layer V4
    default via: VIA45
  Layer V5
    default via: VIA56
  Layer V6
    default via: VIA67
  Layer V7
    default via: VIA78
  Layer V8
    default via: VIA89
  Layer V9
    default via: VIA9Pad
[INFO DRT-0162] Library cell analysis.
[INFO DRT-0163] Instance analysis.
[INFO DRT-0164] Number of unique instances = 82.
[INFO DRT-0168] Init region query.
[INFO DRT-0024]   Complete Active.
[INFO DRT-0024]   Complete V0.
[INFO DRT-0024]   Complete M1.
[INFO DRT-0024]   Complete V1.
[INFO DRT-0024]   Complete M2.
[INFO DRT-0024]   Complete V2.
[INFO DRT-0024]   Complete M3.
[INFO DRT-0024]   Complete V3.
[INFO DRT-0024]   Complete M4.
[INFO DRT-0024]   Complete V4.
[INFO DRT-0024]   Complete M5.
[INFO DRT-0024]   Complete V5.
[INFO DRT-0024]   Complete M6.
[INFO DRT-0024]   Complete V6.
[INFO DRT-0024]   Complete M7.
[INFO DRT-0024]   Complete V7.
[INFO DRT-0024]   Complete M8.
[INFO DRT-0024]   Complete V8.
[INFO DRT-0024]   Complete M9.
[INFO DRT-0024]   Complete V9.
[INFO DRT-0024]   Complete Pad.
[INFO DRT-0033] Active shape region query size = 0.
[INFO DRT-0033] V0 shape region query size = 0.
[INFO DRT-0033] M1 shape region query size = 11245.
[INFO DRT-0033] V1 shape region query size = 12512.
[INFO DRT-0033] M2 shape region query size = 630.
[INFO DRT-0033] V2 shape region query size = 339.
[INFO DRT-0033] M3 shape region query size = 339.
[INFO DRT-0033] V3 shape region query size = 226.
[INFO DRT-0033] M4 shape region query size = 317.
[INFO DRT-0033] V4 shape region query size = 274.
[INFO DRT-0033] M5 shape region query size = 137.
[INFO DRT-0033] V5 shape region query size = 0.
[INFO DRT-0033] M6 shape region query size = 0.
[INFO DRT-0033] V6 shape region query size = 0.
[INFO DRT-0033] M7 shape region query size = 0.
[INFO DRT-0033] V7 shape region query size = 0.
[INFO DRT-0033] M8 shape region query size = 0.
[INFO DRT-0033] V8 shape region query size = 0.
[INFO DRT-0033] M9 shape region query size = 0.
[INFO DRT-0033] V9 shape region query size = 0.
[INFO DRT-0033] Pad shape region query size = 0.
[INFO DRT-0165] Start pin access.
[INFO DRT-0078]   Complete 375 pins.
[INFO DRT-0081]   Complete 82 unique inst patterns.
[INFO DRT-0084]   Complete 267 groups.
#scanned instances     = 756
#unique  instances     = 82
#stdCellGenAp          = 1998
#stdCellValidPlanarAp  = 0
#stdCellValidViaAp     = 1753
#stdCellPinNoAp        = 0
#stdCellPinCnt         = 1558
#instTermValidViaApCnt = 0
#macroGenAp            = 0
#macroValidPlanarAp    = 0
#macroValidViaAp       = 0
#macroNoAp             = 0
[INFO DRT-0166] Complete pin access.
[INFO DRT-0267] cpu time = 00:00:18, elapsed time = 00:00:00, memory = 283.36 (MB), peak = 278.25 (MB)

[INFO DRT-0157] Number of guides:     4661

[INFO DRT-0169] Post process guides.
[INFO DRT-0176] GCELLGRID X 0 DO 10 STEP 570 ;
[INFO DRT-0177] GCELLGRID Y 0 DO 56 STEP 570 ;
[INFO DRT-0028]   Complete Active.
[INFO DRT-0028]   Complete V0.
[INFO DRT-0028]   Complete M1.
[INFO DRT-0028]   Complete V1.
[INFO DRT-0028]   Complete M2.
[INFO DRT-0028]   Complete V2.
[INFO DRT-0028]   Complete M3.
[INFO DRT-0028]   Complete V3.
[INFO DRT-0028]   Complete M4.
[INFO DRT-0028]   Complete V4.
[INFO DRT-0028]   Complete M5.
[INFO DRT-0028]   Complete V5.
[INFO DRT-0028]   Complete M6.
[INFO DRT-0028]   Complete V6.
[INFO DRT-0028]   Complete M7.
[INFO DRT-0028]   Complete V7.
[INFO DRT-0028]   Complete M8.
[INFO DRT-0028]   Complete V8.
[INFO DRT-0028]   Complete M9.
[INFO DRT-0028]   Complete V9.
[INFO DRT-0028]   Complete Pad.
[INFO DRT-0178] Init guide query.
[INFO DRT-0035]   Complete Active (guide).
[INFO DRT-0035]   Complete V0 (guide).
[INFO DRT-0035]   Complete M1 (guide).
[INFO DRT-0035]   Complete V1 (guide).
[INFO DRT-0035]   Complete M2 (guide).
[INFO DRT-0035]   Complete V2 (guide).
[INFO DRT-0035]   Complete M3 (guide).
[INFO DRT-0035]   Complete V3 (guide).
[INFO DRT-0035]   Complete M4 (guide).
[INFO DRT-0035]   Complete V4 (guide).
[INFO DRT-0035]   Complete M5 (guide).
[INFO DRT-0035]   Complete V5 (guide).
[INFO DRT-0035]   Complete M6 (guide).
[INFO DRT-0035]   Complete V6 (guide).
[INFO DRT-0035]   Complete M7 (guide).
[INFO DRT-0035]   Complete V7 (guide).
[INFO DRT-0035]   Complete M8 (guide).
[INFO DRT-0035]   Complete V8 (guide).
[INFO DRT-0035]   Complete M9 (guide).
[INFO DRT-0035]   Complete V9 (guide).
[INFO DRT-0035]   Complete Pad (guide).
[INFO DRT-0036] Active guide region query size = 0.
[INFO DRT-0036] V0 guide region query size = 0.
[INFO DRT-0036] M1 guide region query size = 1408.
[INFO DRT-0036] V1 guide region query size = 0.
[INFO DRT-0036] M2 guide region query size = 1261.
[INFO DRT-0036] V2 guide region query size = 0.
[INFO DRT-0036] M3 guide region query size = 918.
[INFO DRT-0036] V3 guide region query size = 0.
[INFO DRT-0036] M4 guide region query size = 278.
[INFO DRT-0036] V4 guide region query size = 0.
[INFO DRT-0036] M5 guide region query size = 0.
[INFO DRT-0036] V5 guide region query size = 0.
[INFO DRT-0036] M6 guide region query size = 0.
[INFO DRT-0036] V6 guide region query size = 0.
[INFO DRT-0036] M7 guide region query size = 0.
[INFO DRT-0036] V7 guide region query size = 0.
[INFO DRT-0036] M8 guide region query size = 0.
[INFO DRT-0036] V8 guide region query size = 0.
[INFO DRT-0036] M9 guide region query size = 0.
[INFO DRT-0036] V9 guide region query size = 0.
[INFO DRT-0036] Pad guide region query size = 0.
[INFO DRT-0179] Init gr pin query.
[INFO DRT-0267] cpu time = 00:00:00, elapsed time = 00:00:00, memory = 284.38 (MB), peak = 279.19 (MB)
[INFO DRT-0245] skipped writing guide updates to database.
[INFO DRT-0181] Start track assignment.
[INFO DRT-0184] Done with 2326 vertical wires in 1 frboxes and 1539 horizontal wires in 2 frboxes.
[INFO DRT-0186] Done with 283 vertical wires in 1 frboxes and 219 horizontal wires in 2 frboxes.
[INFO DRT-0182] Complete track assignment.
[INFO DRT-0267] cpu time = 00:00:00, elapsed time = 00:00:00, memory = 299.14 (MB), peak = 293.95 (MB)
[INFO DRT-0187] Start routing data preparation.
[INFO DRT-0267] cpu time = 00:00:00, elapsed time = 00:00:00, memory = 299.37 (MB), peak = 294.19 (MB)
[INFO DRT-0194] Start detail routing.
[INFO DRT-0195] Start 0th optimization iteration.
    Completing 10% with 0 violations.
    elapsed time = 00:00:00, memory = 354.41 (MB).
    Completing 20% with 0 violations.
    elapsed time = 00:00:00, memory = 342.21 (MB).
    Completing 30% with 37 violations.
    elapsed time = 00:00:00, memory = 401.59 (MB).
    Completing 40% with 37 violations.
    elapsed time = 00:00:01, memory = 401.55 (MB).
    Completing 50% with 37 violations.
    elapsed time = 00:00:01, memory = 394.91 (MB).
    Completing 60% with 53 violations.
    elapsed time = 00:00:01, memory = 435.92 (MB).
    Completing 70% with 53 violations.
    elapsed time = 00:00:01, memory = 435.96 (MB).
    Completing 80% with 65 violations.
    elapsed time = 00:00:01, memory = 466.38 (MB).
    Completing 90% with 65 violations.
    elapsed time = 00:00:01, memory = 472.34 (MB).
    Completing 100% with 62 violations.
    elapsed time = 00:00:01, memory = 472.44 (MB).
[INFO DRT-0199]   Number of violations = 71.
Viol/Layer          M1     M2     M3     V3     M4
CutSpcTbl            0      0      0      2      0
EOL                  0      2      0      0      0
Metal Spacing       20      1     10      0      0
Recheck              0      1      5      0      3
Short                0      2      1      0      0
eolKeepOut           0     24      0      0      0
[INFO DRT-0267] cpu time = 00:00:06, elapsed time = 00:00:02, memory = 1026.48 (MB), peak = 1022.09 (MB)
Total wire length = 1336 um.
Total wire length on LAYER M1 = 0 um.
Total wire length on LAYER M2 = 334 um.
Total wire length on LAYER M3 = 762 um.
Total wire length on LAYER M4 = 240 um.
Total wire length on LAYER M5 = 0 um.
Total wire length on LAYER M6 = 0 um.
Total wire length on LAYER M7 = 0 um.
Total wire length on LAYER M8 = 0 um.
Total wire length on LAYER M9 = 0 um.
Total wire length on LAYER Pad = 0 um.
Total number of vias = 4118.
Up-via summary (total 4118):

---------------
 Active       0
     M1    1560
     M2    2045
     M3     513
     M4       0
     M5       0
     M6       0
     M7       0
     M8       0
     M9       0
---------------
       4118


[INFO DRT-0195] Start 1st optimization iteration.
    Completing 10% with 71 violations.
    elapsed time = 00:00:00, memory = 1045.29 (MB).
    Completing 20% with 71 violations.
    elapsed time = 00:00:00, memory = 1056.84 (MB).
    Completing 30% with 53 violations.
    elapsed time = 00:00:00, memory = 1083.59 (MB).
    Completing 40% with 53 violations.
    elapsed time = 00:00:00, memory = 1084.65 (MB).
    Completing 50% with 53 violations.
    elapsed time = 00:00:00, memory = 1084.85 (MB).
    Completing 60% with 45 violations.
    elapsed time = 00:00:01, memory = 1109.50 (MB).
    Completing 70% with 45 violations.
    elapsed time = 00:00:01, memory = 1126.61 (MB).
    Completing 80% with 24 violations.
    elapsed time = 00:00:01, memory = 1186.17 (MB).
    Completing 90% with 24 violations.
    elapsed time = 00:00:01, memory = 1187.96 (MB).
    Completing 100% with 7 violations.
    elapsed time = 00:00:01, memory = 1187.99 (MB).
[INFO DRT-0199]   Number of violations = 7.
Viol/Layer          M2     M3
EOL                  1      0
Metal Spacing        0      3
eolKeepOut           3      0
[INFO DRT-0267] cpu time = 00:00:06, elapsed time = 00:00:01, memory = 1188.98 (MB), peak = 1184.25 (MB)
Total wire length = 1326 um.
Total wire length on LAYER M1 = 0 um.
Total wire length on LAYER M2 = 336 um.
Total wire length on LAYER M3 = 756 um.
Total wire length on LAYER M4 = 234 um.
Total wire length on LAYER M5 = 0 um.
Total wire length on LAYER M6 = 0 um.
Total wire length on LAYER M7 = 0 um.
Total wire length on LAYER M8 = 0 um.
Total wire length on LAYER M9 = 0 um.
Total wire length on LAYER Pad = 0 um.
Total number of vias = 4020.
Up-via summary (total 4020):

---------------
 Active       0
     M1    1558
     M2    1958
     M3     504
     M4       0
     M5       0
     M6       0
     M7       0
     M8       0
     M9       0
---------------
       4020


[INFO DRT-0195] Start 2nd optimization iteration.
    Completing 10% with 7 violations.
    elapsed time = 00:00:00, memory = 1188.98 (MB).
    Completing 20% with 7 violations.
    elapsed time = 00:00:00, memory = 1188.99 (MB).
    Completing 30% with 7 violations.
    elapsed time = 00:00:00, memory = 1188.99 (MB).
    Completing 40% with 7 violations.
    elapsed time = 00:00:00, memory = 1188.99 (MB).
    Completing 50% with 7 violations.
    elapsed time = 00:00:00, memory = 1188.99 (MB).
    Completing 60% with 7 violations.
    elapsed time = 00:00:00, memory = 1188.99 (MB).
    Completing 70% with 7 violations.
    elapsed time = 00:00:00, memory = 1188.99 (MB).
    Completing 80% with 7 violations.
    elapsed time = 00:00:00, memory = 1188.99 (MB).
    Completing 90% with 7 violations.
    elapsed time = 00:00:00, memory = 1212.28 (MB).
    Completing 100% with 7 violations.
    elapsed time = 00:00:00, memory = 1202.28 (MB).
[INFO DRT-0199]   Number of violations = 7.
Viol/Layer          M2     M3
Metal Spacing        0      1
eolKeepOut           6      0
[INFO DRT-0267] cpu time = 00:00:02, elapsed time = 00:00:01, memory = 1202.29 (MB), peak = 1211.10 (MB)
Total wire length = 1326 um.
Total wire length on LAYER M1 = 0 um.
Total wire length on LAYER M2 = 337 um.
Total wire length on LAYER M3 = 761 um.
Total wire length on LAYER M4 = 228 um.
Total wire length on LAYER M5 = 0 um.
Total wire length on LAYER M6 = 0 um.
Total wire length on LAYER M7 = 0 um.
Total wire length on LAYER M8 = 0 um.
Total wire length on LAYER M9 = 0 um.
Total wire length on LAYER Pad = 0 um.
Total number of vias = 4019.
Up-via summary (total 4019):

---------------
 Active       0
     M1    1558
     M2    1978
     M3     483
     M4       0
     M5       0
     M6       0
     M7       0
     M8       0
     M9       0
---------------
       4019


[INFO DRT-0195] Start 3rd guides tiles iteration.
    Completing 20% with 7 violations.
    elapsed time = 00:00:00, memory = 1203.67 (MB).
    Completing 40% with 7 violations.
    elapsed time = 00:00:00, memory = 1204.08 (MB).
    Completing 60% with 0 violations.
    elapsed time = 00:00:00, memory = 1204.08 (MB).
    Completing 80% with 0 violations.
    elapsed time = 00:00:00, memory = 1204.08 (MB).
    Completing 100% with 0 violations.
    elapsed time = 00:00:00, memory = 1204.08 (MB).
[INFO DRT-0199]   Number of violations = 0.
[INFO DRT-0267] cpu time = 00:00:01, elapsed time = 00:00:00, memory = 1204.08 (MB), peak = 1211.10 (MB)
Total wire length = 1327 um.
Total wire length on LAYER M1 = 0 um.
Total wire length on LAYER M2 = 337 um.
Total wire length on LAYER M3 = 761 um.
Total wire length on LAYER M4 = 228 um.
Total wire length on LAYER M5 = 0 um.
Total wire length on LAYER M6 = 0 um.
Total wire length on LAYER M7 = 0 um.
Total wire length on LAYER M8 = 0 um.
Total wire length on LAYER M9 = 0 um.
Total wire length on LAYER Pad = 0 um.
Total number of vias = 4024.
Up-via summary (total 4024):

---------------
 Active       0
     M1    1558
     M2    1982
     M3     484
     M4       0
     M5       0
     M6       0
     M7       0
     M8       0
     M9       0
---------------
       4024


[INFO DRT-0198] Complete detail routing.
Total wire length = 1327 um.
Total wire length on LAYER M1 = 0 um.
Total wire length on LAYER M2 = 337 um.
Total wire length on LAYER M3 = 761 um.
Total wire length on LAYER M4 = 228 um.
Total wire length on LAYER M5 = 0 um.
Total wire length on LAYER M6 = 0 um.
Total wire length on LAYER M7 = 0 um.
Total wire length on LAYER M8 = 0 um.
Total wire length on LAYER M9 = 0 um.
Total wire length on LAYER Pad = 0 um.
Total number of vias = 4024.
Up-via summary (total 4024):

---------------
 Active       0
     M1    1558
     M2    1982
     M3     484
     M4       0
     M5       0
     M6       0
     M7       0
     M8       0
     M9       0
---------------
       4024


[INFO DRT-0267] cpu time = 00:00:18, elapsed time = 00:00:05, memory = 1204.20 (MB), peak = 1211.10 (MB)

[INFO DRT-0180] Post processing.
[INFO DRT-0501] Runtime: 6.63s
Took 6 seconds: detailed_route -output_drc /tmp/workspace/scripts-Private_test-fr_cugr_cmp-1-/reports/asap7/riscv32i-mock-sram_fakeram7_256x32/base/5_route_drc.rpt -output_maze /tmp/workspace/scripts-Private_test-fr_cugr_cmp-1-/results/asap7/riscv32i-mock-sram_fakeram7_256x32/base/maze.log -droute_end_iter 64 -verbose 1 -drc_report_iter_step 5
[WARNING GRT-0246] No diode with LEF class CORE ANTENNACELL found.
[INFO ANT-0002] Found 0 net violations.
[INFO ANT-0001] Found 0 pin violations.
[INFO ANT-0002] Found 0 net violations.
[INFO ANT-0001] Found 0 pin violations.
Design area 84 um^2 74% utilization.
write_db /tmp/workspace/scripts-Private_test-fr_cugr_cmp-1-/results/asap7/riscv32i-mock-sram_fakeram7_256x32/base/5_2_route.odb
Elapsed time: 0:08.18[h:]min:sec. CPU time: user 38.93 sys 0.65 (483%). Peak memory: 1240164KB.
Log                       Ext     Elapsed/s Peak Memory/MB sha1sum result [0:20)
5_2_route                 .odb            8           1211 d40b0ca60f2d8caaeeb1
/OpenROAD-flow-scripts/flow/scripts/flow.sh 5_3_fillcell fillcell
Running fillcell.tcl, stage 5_3_fillcell
source ./platforms/asap7/liberty_suppressions.tcl
read_liberty ./platforms/asap7/lib/NLDM/asap7sc7p5t_AO_RVT_FF_nldm_211120.lib.gz
read_liberty ./platforms/asap7/lib/NLDM/asap7sc7p5t_INVBUF_RVT_FF_nldm_220122.lib.gz
read_liberty ./platforms/asap7/lib/NLDM/asap7sc7p5t_OA_RVT_FF_nldm_211120.lib.gz
read_liberty ./platforms/asap7/lib/NLDM/asap7sc7p5t_SIMPLE_RVT_FF_nldm_211120.lib.gz
read_liberty ./platforms/asap7/lib/NLDM/asap7sc7p5t_SEQ_RVT_FF_nldm_220123.lib
read_db /tmp/workspace/scripts-Private_test-fr_cugr_cmp-1-/results/asap7/riscv32i-mock-sram_fakeram7_256x32/base/5_2_route.odb
read_sdc /tmp/workspace/scripts-Private_test-fr_cugr_cmp-1-/results/asap7/riscv32i-mock-sram_fakeram7_256x32/base/5_1_grt.sdc
source ./platforms/asap7/setRC.tcl
filler_placement "FILLERxp5_ASAP7_75t_R FILLER_ASAP7_75t_R DECAPx1_ASAP7_75t_R DECAPx2_ASAP7_75t_R DECAPx4_ASAP7_75t_R DECAPx6_ASAP7_75t_R DECAPx10_ASAP7_75t_R"
[INFO DPL-0001] Placed 444 filler instances.
Design area 84 um^2 74% utilization.
write_db /tmp/workspace/scripts-Private_test-fr_cugr_cmp-1-/results/asap7/riscv32i-mock-sram_fakeram7_256x32/base/5_3_fillcell.odb
Elapsed time: 0:01.40[h:]min:sec. CPU time: user 1.32 sys 0.08 (100%). Peak memory: 203964KB.
Log                       Ext     Elapsed/s Peak Memory/MB sha1sum result [0:20)
5_3_fillcell              .odb            1            199 099cf655162faea1bd22
cp /tmp/workspace/scripts-Private_test-fr_cugr_cmp-1-/results/asap7/riscv32i-mock-sram_fakeram7_256x32/base/5_3_fillcell.odb /tmp/workspace/scripts-Private_test-fr_cugr_cmp-1-/results/asap7/riscv32i-mock-sram_fakeram7_256x32/base/5_route.odb
cp /tmp/workspace/scripts-Private_test-fr_cugr_cmp-1-/results/asap7/riscv32i-mock-sram_fakeram7_256x32/base/5_1_grt.sdc /tmp/workspace/scripts-Private_test-fr_cugr_cmp-1-/results/asap7/riscv32i-mock-sram_fakeram7_256x32/base/5_route.sdc
/OpenROAD-flow-scripts/flow/scripts/flow.sh 6_1_fill density_fill
Running density_fill.tcl, stage 6_1_fill
source ./platforms/asap7/liberty_suppressions.tcl
read_liberty ./platforms/asap7/lib/NLDM/asap7sc7p5t_AO_RVT_FF_nldm_211120.lib.gz
read_liberty ./platforms/asap7/lib/NLDM/asap7sc7p5t_INVBUF_RVT_FF_nldm_220122.lib.gz
read_liberty ./platforms/asap7/lib/NLDM/asap7sc7p5t_OA_RVT_FF_nldm_211120.lib.gz
read_liberty ./platforms/asap7/lib/NLDM/asap7sc7p5t_SIMPLE_RVT_FF_nldm_211120.lib.gz
read_liberty ./platforms/asap7/lib/NLDM/asap7sc7p5t_SEQ_RVT_FF_nldm_220123.lib
read_db /tmp/workspace/scripts-Private_test-fr_cugr_cmp-1-/results/asap7/riscv32i-mock-sram_fakeram7_256x32/base/5_route.odb
read_sdc /tmp/workspace/scripts-Private_test-fr_cugr_cmp-1-/results/asap7/riscv32i-mock-sram_fakeram7_256x32/base/5_route.sdc
source ./platforms/asap7/setRC.tcl
exec cp /tmp/workspace/scripts-Private_test-fr_cugr_cmp-1-/results/asap7/riscv32i-mock-sram_fakeram7_256x32/base/5_route.odb /tmp/workspace/scripts-Private_test-fr_cugr_cmp-1-/results/asap7/riscv32i-mock-sram_fakeram7_256x32/base/6_1_fill.odb
Elapsed time: 0:01.39[h:]min:sec. CPU time: user 1.31 sys 0.08 (100%). Peak memory: 201192KB.
Log                       Ext     Elapsed/s Peak Memory/MB sha1sum result [0:20)
6_1_fill                  .odb            1            196 099cf655162faea1bd22
cp /tmp/workspace/scripts-Private_test-fr_cugr_cmp-1-/results/asap7/riscv32i-mock-sram_fakeram7_256x32/base/5_route.sdc /tmp/workspace/scripts-Private_test-fr_cugr_cmp-1-/results/asap7/riscv32i-mock-sram_fakeram7_256x32/base/6_1_fill.sdc
/OpenROAD-flow-scripts/flow/scripts/flow.sh 6_report final_report
Running final_report.tcl, stage 6_report
source ./platforms/asap7/liberty_suppressions.tcl
read_liberty ./platforms/asap7/lib/NLDM/asap7sc7p5t_AO_RVT_FF_nldm_211120.lib.gz
read_liberty ./platforms/asap7/lib/NLDM/asap7sc7p5t_INVBUF_RVT_FF_nldm_220122.lib.gz
read_liberty ./platforms/asap7/lib/NLDM/asap7sc7p5t_OA_RVT_FF_nldm_211120.lib.gz
read_liberty ./platforms/asap7/lib/NLDM/asap7sc7p5t_SIMPLE_RVT_FF_nldm_211120.lib.gz
read_liberty ./platforms/asap7/lib/NLDM/asap7sc7p5t_SEQ_RVT_FF_nldm_220123.lib
read_db /tmp/workspace/scripts-Private_test-fr_cugr_cmp-1-/results/asap7/riscv32i-mock-sram_fakeram7_256x32/base/6_1_fill.odb
read_sdc /tmp/workspace/scripts-Private_test-fr_cugr_cmp-1-/results/asap7/riscv32i-mock-sram_fakeram7_256x32/base/6_1_fill.sdc
source ./platforms/asap7/setRC.tcl
write_db /tmp/workspace/scripts-Private_test-fr_cugr_cmp-1-/results/asap7/riscv32i-mock-sram_fakeram7_256x32/base/6_final.odb
write_sdc -no_timestamp /tmp/workspace/scripts-Private_test-fr_cugr_cmp-1-/results/asap7/riscv32i-mock-sram_fakeram7_256x32/base/6_final.sdc
Deleted 0 routing obstructions
[INFO RCX-0431] Defined process_corner X with ext_model_index 0
[INFO RCX-0029] Defined extraction corner X
[WARNING RCX-0514] The ext_model_file option is deprecated. Use set_extraction_rules_file command instead.
[INFO RCX-0435] Reading extraction model file ./platforms/asap7/rcx_patterns.rules ...
[INFO RCX-0436] RC segment generation fakeram7_256x32 (max_merge_res 50.0) ...
[INFO RCX-0040] Final 3066 rc segments
[INFO RCX-0439] Coupling Cap extraction fakeram7_256x32 ...
[INFO RCX-0440] Coupling threshhold is 0.1000 fF, coupling capacitance less than 0.1000 fF will be grounded.
[INFO RCX-0442] 58% of 3317 wires extracted
[INFO RCX-0442] 100% of 3317 wires extracted
[INFO RCX-0045] Extract 568 nets, 3634 rsegs, 3634 caps, 3970 ccs
[INFO RCX-0443] 568 nets finished
[INFO PSM-0040] All shapes on net VDD are connected.
########## IR report #################
Net              : VDD
Corner           : default
Total power      : 4.41e-04 W
Supply voltage   : 7.70e-01 V
Worstcase voltage: 7.69e-01 V
Average voltage  : 7.70e-01 V
Average IR drop  : 2.35e-04 V
Worstcase IR drop: 6.57e-04 V
Percentage drop  : 0.09 %
######################################
[INFO PSM-0040] All shapes on net VSS are connected.
########## IR report #################
Net              : VSS
Corner           : default
Total power      : 4.41e-04 W
Supply voltage   : 0.00e+00 V
Worstcase voltage: 8.27e-04 V
Average voltage  : 2.35e-04 V
Average IR drop  : 2.35e-04 V
Worstcase IR drop: 8.27e-04 V
Percentage drop  : 0.11 %
######################################
Cell type report:                       Count       Area
  Fill cell                               444      29.15
  Tap cell                                224       6.53
  Clock buffer                             15       3.11
  Timing Repair Buffer                    114      13.50
  Inverter                                 34       1.62
  Clock inverter                            1       0.07
  Sequential cell                          97      28.29
  Multi-Input combinational cell          271      30.41
  Total                                  1200     112.67
Report metrics stage 6, finish...

==========================================================================
finish report_design_area
--------------------------------------------------------------------------
Design area 84 um^2 74% utilization.
[WARNING GUI-0076] QStandardPaths: XDG_RUNTIME_DIR not set, defaulting to '/tmp/runtime-root'
Elapsed time: 0:02.19[h:]min:sec. CPU time: user 2.16 sys 0.24 (109%). Peak memory: 269092KB.
Log                       Ext     Elapsed/s Peak Memory/MB sha1sum result [0:20)
6_report                                  2            262                  N/A
cp ./platforms/asap7/lef/asap7_tech_1x_201209.lef /tmp/workspace/scripts-Private_test-fr_cugr_cmp-1-/objects/asap7/riscv32i-mock-sram_fakeram7_256x32/base/klayout_tech.lef
/usr/bin/python3 /OpenROAD-flow-scripts/flow/util/generate_klayout_tech.py \
	--template ./platforms/asap7/KLayout/asap7.lyt \
	--output /tmp/workspace/scripts-Private_test-fr_cugr_cmp-1-/objects/asap7/riscv32i-mock-sram_fakeram7_256x32/base/klayout.lyt \
	--lef-files /tmp/workspace/scripts-Private_test-fr_cugr_cmp-1-/objects/asap7/riscv32i-mock-sram_fakeram7_256x32/base/klayout_tech.lef ./platforms/asap7/lef/asap7sc7p5t_28_R_1x_220121a.lef   \
	--map-files 
/usr/bin/python3 /OpenROAD-flow-scripts/flow/scripts/run_command.py --log /tmp/workspace/scripts-Private_test-fr_cugr_cmp-1-/logs/asap7/riscv32i-mock-sram_fakeram7_256x32/base/6_1_merge.log --tee -- \
        /OpenROAD-flow-scripts/flow/scripts/klayout.sh -zz -rd design_name=fakeram7_256x32 \
        -rd in_def=/tmp/workspace/scripts-Private_test-fr_cugr_cmp-1-/results/asap7/riscv32i-mock-sram_fakeram7_256x32/base/6_final.def \
        -rd in_files="./platforms/asap7/gds/asap7sc7p5t_28_R_220121a.gds  " \
        -rd seal_file="" \
        -rd out_file=/tmp/workspace/scripts-Private_test-fr_cugr_cmp-1-/results/asap7/riscv32i-mock-sram_fakeram7_256x32/base/6_1_merged.gds \
        -rd tech_file=/tmp/workspace/scripts-Private_test-fr_cugr_cmp-1-/objects/asap7/riscv32i-mock-sram_fakeram7_256x32/base/klayout.lyt \
        -rd layer_map= \
        -r /OpenROAD-flow-scripts/flow/util/def2stream.py
KLayout 0.30.7
Warning: DEF UNITS does not match reader DBU (DEF UNITS is 1000 and corresponds to a DBU of 0.001, but reader DBU is set to 0.00025) (line=5, cell=, file=6_final.def)
[INFO] Reporting cells prior to loading DEF ...
	./platforms/asap7/gds/asap7sc7p5t_28_R_220121a.gds
[INFO] GDS_ALLOW_EMPTY=fakeram.*
[INFO] All LEF cells have matching GDS/OAS cells
[INFO] No orphan cells in the final layout
Elapsed time: 0:01.54[h:]min:sec. CPU time: user 1.31 sys 0.23 (99%). Peak memory: 438420KB.
cp /tmp/workspace/scripts-Private_test-fr_cugr_cmp-1-/results/asap7/riscv32i-mock-sram_fakeram7_256x32/base/6_1_merged.gds /tmp/workspace/scripts-Private_test-fr_cugr_cmp-1-/results/asap7/riscv32i-mock-sram_fakeram7_256x32/base/6_final.gds
mkdir -p /tmp/workspace/scripts-Private_test-fr_cugr_cmp-1-/logs/asap7/riscv32i-mock-sram_fakeram7_256x32/base /tmp/workspace/scripts-Private_test-fr_cugr_cmp-1-/reports/asap7/riscv32i-mock-sram_fakeram7_256x32/base
/usr/bin/python3 /OpenROAD-flow-scripts/flow/scripts/run_command.py --log /tmp/workspace/scripts-Private_test-fr_cugr_cmp-1-/logs/asap7/riscv32i-mock-sram_fakeram7_256x32/base/generate_abstract.log --tee -- /OpenROAD-flow-scripts/tools/install/OpenROAD/bin/openroad -exit -no_init -threads 30  /OpenROAD-flow-scripts/flow/scripts/generate_abstract.tcl -metrics /tmp/workspace/scripts-Private_test-fr_cugr_cmp-1-/logs/asap7/riscv32i-mock-sram_fakeram7_256x32/base/generate_abstract.json
OpenROAD 26Q3-1464-gb22abfea20 
Features included (+) or not (-): +GPU +GUI +Python
This program is licensed under the BSD-3 license. See the LICENSE file for details.
Components of this program may be licensed under more restrictive licenses which must be honored.
[INFO ORD-0030] Using 30 thread(s).
load_design 6_final.odb 6_final.sdc
source ./platforms/asap7/liberty_suppressions.tcl
read_liberty ./platforms/asap7/lib/NLDM/asap7sc7p5t_AO_RVT_FF_nldm_211120.lib.gz
read_liberty ./platforms/asap7/lib/NLDM/asap7sc7p5t_INVBUF_RVT_FF_nldm_220122.lib.gz
read_liberty ./platforms/asap7/lib/NLDM/asap7sc7p5t_OA_RVT_FF_nldm_211120.lib.gz
read_liberty ./platforms/asap7/lib/NLDM/asap7sc7p5t_SIMPLE_RVT_FF_nldm_211120.lib.gz
read_liberty ./platforms/asap7/lib/NLDM/asap7sc7p5t_SEQ_RVT_FF_nldm_220123.lib
read_db /tmp/workspace/scripts-Private_test-fr_cugr_cmp-1-/results/asap7/riscv32i-mock-sram_fakeram7_256x32/base/6_final.odb
read_sdc /tmp/workspace/scripts-Private_test-fr_cugr_cmp-1-/results/asap7/riscv32i-mock-sram_fakeram7_256x32/base/6_final.sdc
source ./platforms/asap7/setRC.tcl
read_spef /tmp/workspace/scripts-Private_test-fr_cugr_cmp-1-/results/asap7/riscv32i-mock-sram_fakeram7_256x32/base/6_final.spef
Generating abstract views
write_timing_model /tmp/workspace/scripts-Private_test-fr_cugr_cmp-1-/results/asap7/riscv32i-mock-sram_fakeram7_256x32/base/fakeram7_256x32_typ.lib
write_abstract_lef -bloat_occupied_layers /tmp/workspace/scripts-Private_test-fr_cugr_cmp-1-/results/asap7/riscv32i-mock-sram_fakeram7_256x32/base/fakeram7_256x32.lef
Elapsed time: 0:01.49[h:]min:sec. CPU time: user 1.44 sys 0.16 (106%). Peak memory: 205616KB.
mkdir -p /tmp/workspace/scripts-Private_test-fr_cugr_cmp-1-/results/asap7/riscv32i-mock-sram/base/
echo 950 > /tmp/workspace/scripts-Private_test-fr_cugr_cmp-1-/results/asap7/riscv32i-mock-sram/base/clock_period.txt
/OpenROAD-flow-scripts/flow/scripts/synth.sh /OpenROAD-flow-scripts/flow/scripts/synth_canonicalize.tcl /tmp/workspace/scripts-Private_test-fr_cugr_cmp-1-/logs/asap7/riscv32i-mock-sram/base/1_1_yosys_canonicalize.log
Using ABC speed script.
Extracting clock period from SDC file: /tmp/workspace/scripts-Private_test-fr_cugr_cmp-1-/results/asap7/riscv32i-mock-sram/base/clock_period.txt
Setting clock period to 950
1. Executing Liberty frontend: ./platforms/asap7/lib/NLDM/asap7sc7p5t_AO_RVT_FF_nldm_211120.lib.gz
2. Executing Liberty frontend: ./platforms/asap7/lib/NLDM/asap7sc7p5t_INVBUF_RVT_FF_nldm_220122.lib.gz
3. Executing Liberty frontend: ./platforms/asap7/lib/NLDM/asap7sc7p5t_OA_RVT_FF_nldm_211120.lib.gz
4. Executing Liberty frontend: ./platforms/asap7/lib/NLDM/asap7sc7p5t_SIMPLE_RVT_FF_nldm_211120.lib.gz
5. Executing Liberty frontend: ./platforms/asap7/lib/NLDM/asap7sc7p5t_SEQ_RVT_FF_nldm_220123.lib
6. Executing Liberty frontend: /tmp/workspace/scripts-Private_test-fr_cugr_cmp-1-/results/asap7/riscv32i-mock-sram_fakeram7_256x32/base/fakeram7_256x32_typ.lib
7. Executing Liberty frontend: ./platforms/asap7/lib/NLDM/asap7sc7p5t_AO_RVT_FF_nldm_211120.lib.gz
8. Executing Liberty frontend: ./platforms/asap7/lib/NLDM/asap7sc7p5t_INVBUF_RVT_FF_nldm_220122.lib.gz
9. Executing Liberty frontend: ./platforms/asap7/lib/NLDM/asap7sc7p5t_OA_RVT_FF_nldm_211120.lib.gz
10. Executing Liberty frontend: ./platforms/asap7/lib/NLDM/asap7sc7p5t_SIMPLE_RVT_FF_nldm_211120.lib.gz
11. Executing Liberty frontend: ./platforms/asap7/lib/NLDM/asap7sc7p5t_SEQ_RVT_FF_nldm_220123.lib
12. Executing Liberty frontend: /tmp/workspace/scripts-Private_test-fr_cugr_cmp-1-/results/asap7/riscv32i-mock-sram_fakeram7_256x32/base/fakeram7_256x32_typ.lib
13. Executing Verilog-2005 frontend: /OpenROAD-flow-scripts/flow/designs/src/riscv32i/adder.v
14. Executing Verilog-2005 frontend: /OpenROAD-flow-scripts/flow/designs/src/riscv32i/alu.v
15. Executing Verilog-2005 frontend: /OpenROAD-flow-scripts/flow/designs/src/riscv32i/aludec.v
16. Executing Verilog-2005 frontend: /OpenROAD-flow-scripts/flow/designs/src/riscv32i/controller.v
17. Executing Verilog-2005 frontend: /OpenROAD-flow-scripts/flow/designs/src/riscv32i/datapath.v
18. Executing Verilog-2005 frontend: /OpenROAD-flow-scripts/flow/designs/src/riscv32i/dmem.v
19. Executing Verilog-2005 frontend: /OpenROAD-flow-scripts/flow/designs/src/riscv32i/flopenr.v
20. Executing Verilog-2005 frontend: /OpenROAD-flow-scripts/flow/designs/src/riscv32i/flopens.v
21. Executing Verilog-2005 frontend: /OpenROAD-flow-scripts/flow/designs/src/riscv32i/flopr.v
22. Executing Verilog-2005 frontend: /OpenROAD-flow-scripts/flow/designs/src/riscv32i/magcompare2b.v
23. Executing Verilog-2005 frontend: /OpenROAD-flow-scripts/flow/designs/src/riscv32i/magcompare2c.v
24. Executing Verilog-2005 frontend: /OpenROAD-flow-scripts/flow/designs/src/riscv32i/magcompare32.v
25. Executing Verilog-2005 frontend: /OpenROAD-flow-scripts/flow/designs/src/riscv32i/maindec.v
26. Executing Verilog-2005 frontend: /OpenROAD-flow-scripts/flow/designs/src/riscv32i/mux2.v
27. Executing Verilog-2005 frontend: /OpenROAD-flow-scripts/flow/designs/src/riscv32i/mux3.v
28. Executing Verilog-2005 frontend: /OpenROAD-flow-scripts/flow/designs/src/riscv32i/mux4.v
29. Executing Verilog-2005 frontend: /OpenROAD-flow-scripts/flow/designs/src/riscv32i/mux5.v
30. Executing Verilog-2005 frontend: /OpenROAD-flow-scripts/flow/designs/src/riscv32i/mux8.v
31. Executing Verilog-2005 frontend: /OpenROAD-flow-scripts/flow/designs/src/riscv32i/regfile.v
32. Executing Verilog-2005 frontend: /OpenROAD-flow-scripts/flow/designs/src/riscv32i/riscv.v
33. Executing Verilog-2005 frontend: /OpenROAD-flow-scripts/flow/designs/src/riscv32i/rom.v
34. Executing Verilog-2005 frontend: /OpenROAD-flow-scripts/flow/designs/src/riscv32i/shifter.v
35. Executing Verilog-2005 frontend: /OpenROAD-flow-scripts/flow/designs/src/riscv32i/signext.v
36. Executing Verilog-2005 frontend: /OpenROAD-flow-scripts/flow/designs/src/riscv32i/top.v
37. Executing Verilog-2005 frontend: ./platforms/asap7/yoSys/cells_clkgate_R.v
38. Executing HIERARCHY pass (managing design hierarchy).
39. Executing AST frontend in derive mode using pre-parsed AST for module `\riscv_top'.
39.1. Analyzing design hierarchy..
39.2. Executing AST frontend in derive mode using pre-parsed AST for module `\dmem'.
Warning: wire '\we_mem' is assigned in a block at /OpenROAD-flow-scripts/flow/designs/src/riscv32i/dmem.v:33.3-33.19.
Warning: wire '\we_mem' is assigned in a block at /OpenROAD-flow-scripts/flow/designs/src/riscv32i/dmem.v:35.3-35.19.
Warning: wire '\we_mem' is assigned in a block at /OpenROAD-flow-scripts/flow/designs/src/riscv32i/dmem.v:37.3-37.19.
Warning: wire '\we_mem' is assigned in a block at /OpenROAD-flow-scripts/flow/designs/src/riscv32i/dmem.v:39.3-39.19.
Warning: wire '\we_mem' is assigned in a block at /OpenROAD-flow-scripts/flow/designs/src/riscv32i/dmem.v:41.3-41.19.
Warning: wire '\mem_out' is assigned in a block at /OpenROAD-flow-scripts/flow/designs/src/riscv32i/dmem.v:62.9-62.30.
Warning: wire '\mem_out' is assigned in a block at /OpenROAD-flow-scripts/flow/designs/src/riscv32i/dmem.v:63.9-63.30.
Warning: wire '\mem_out' is assigned in a block at /OpenROAD-flow-scripts/flow/designs/src/riscv32i/dmem.v:64.9-64.30.
Warning: wire '\mem_out' is assigned in a block at /OpenROAD-flow-scripts/flow/designs/src/riscv32i/dmem.v:65.9-65.30.
39.3. Executing AST frontend in derive mode using pre-parsed AST for module `\mux2'.
39.4. Executing AST frontend in derive mode using pre-parsed AST for module `\ROM'.
39.5. Executing AST frontend in derive mode using pre-parsed AST for module `\riscv'.
39.6. Analyzing design hierarchy..
39.7. Executing AST frontend in derive mode using pre-parsed AST for module `\datapath'.
39.8. Executing AST frontend in derive mode using pre-parsed AST for module `\controller'.
39.9. Analyzing design hierarchy..
39.10. Executing AST frontend in derive mode using pre-parsed AST for module `\mux2'.
39.11. Executing AST frontend in derive mode using pre-parsed AST for module `\mux2'.
39.12. Executing AST frontend in derive mode using pre-parsed AST for module `\aludec'.
39.13. Executing AST frontend in derive mode using pre-parsed AST for module `\maindec'.
39.14. Executing AST frontend in derive mode using pre-parsed AST for module `\mux3'.
39.15. Executing AST frontend in derive mode using pre-parsed AST for module `\shifter'.
39.16. Executing AST frontend in derive mode using pre-parsed AST for module `\alu'.
39.17. Executing AST frontend in derive mode using pre-parsed AST for module `\magcompare32'.
39.18. Executing AST frontend in derive mode using pre-parsed AST for module `\adder'.
39.19. Executing AST frontend in derive mode using pre-parsed AST for module `\signext'.
39.20. Executing AST frontend in derive mode using pre-parsed AST for module `\regfile'.
39.21. Executing AST frontend in derive mode using pre-parsed AST for module `\mux2'.
39.22. Executing AST frontend in derive mode using pre-parsed AST for module `\flopr'.
39.23. Executing AST frontend in derive mode using pre-parsed AST for module `\flopenr'.
39.24. Analyzing design hierarchy..
39.25. Executing AST frontend in derive mode using pre-parsed AST for module `\mux5'.
39.26. Executing AST frontend in derive mode using pre-parsed AST for module `\magcompare2c'.
39.27. Executing AST frontend in derive mode using pre-parsed AST for module `\magcompare2b'.
39.28. Analyzing design hierarchy..
39.29. Analyzing design hierarchy..
40. Executing OPT_CLEAN pass (remove unused cells and wires).
Warning: Ignoring module $paramod\mux5\WIDTH=s32'00000000000000000000000000100000 because it contains processes (run 'proc' command first).
Warning: Ignoring module $paramod\flopenr\WIDTH=s32'00000000000000000000000000100000 because it contains processes (run 'proc' command first).
Warning: Ignoring module $paramod\flopr\WIDTH=s32'00000000000000000000000000100000 because it contains processes (run 'proc' command first).
Warning: Ignoring module regfile because it contains processes (run 'proc' command first).
Warning: Ignoring module alu because it contains processes (run 'proc' command first).
Warning: Ignoring module shifter because it contains processes (run 'proc' command first).
Warning: Ignoring module maindec because it contains processes (run 'proc' command first).
Warning: Ignoring module aludec because it contains processes (run 'proc' command first).
Warning: Ignoring module dmem because it contains processes (run 'proc' command first).
41. Executing RTLIL backend.
Warnings: 18 unique messages, 18 total
End of script. Logfile hash: 5b316fdacf, time: 0.72s, user: 0.66s, system: 0.05s, MEM: 81.95 MB peak
Yosys 0.68+post (git sha1 UNKNOWN, Release, GNU /usr/local/bin/wrapped-cc/g++ 11.4.0)
Time spent: 94% 14x read_liberty (0 sec), 1% 1x hierarchy (0 sec), ...
Elapsed time: 0:00.73[h:]min:sec. CPU time: user 0.67 sys 0.06 (99%). Peak memory: 86104KB.
Log                       Ext     Elapsed/s Peak Memory/MB sha1sum result [0:20)
1_1_yosys_canonicalize    .rtlil          0             84 46e2d12df9821d8cc16f
/OpenROAD-flow-scripts/flow/scripts/synth.sh /OpenROAD-flow-scripts/flow/scripts/synth.tcl /tmp/workspace/scripts-Private_test-fr_cugr_cmp-1-/logs/asap7/riscv32i-mock-sram/base/1_2_yosys.log
Using ABC speed script.
Extracting clock period from SDC file: /tmp/workspace/scripts-Private_test-fr_cugr_cmp-1-/results/asap7/riscv32i-mock-sram/base/clock_period.txt
Setting clock period to 950
1. Executing RTLIL frontend.
2. Executing HIERARCHY pass (managing design hierarchy).
2.1. Analyzing design hierarchy..
2.2. Analyzing design hierarchy..
3. Executing SYNTH pass.
3.1. Executing HIERARCHY pass (managing design hierarchy).
3.1.1. Analyzing design hierarchy..
3.1.2. Analyzing design hierarchy..
3.2. Executing PROC pass (convert processes to netlists).
3.2.1. Executing PROC_CLEAN pass (remove empty switches from decision trees).
3.2.2. Executing PROC_RMDEAD pass (remove dead branches from decision trees).
3.2.3. Executing PROC_PRUNE pass (remove redundant assignments in processes).
3.2.4. Executing PROC_INIT pass (extract init attributes).
3.2.5. Executing PROC_ARST pass (detect async resets in processes).
3.2.6. Executing PROC_ROM pass (convert switches to ROMs).
3.2.7. Executing PROC_MUX pass (convert decision trees to multiplexers).
3.2.8. Executing PROC_DLATCH pass (convert process syncs to latches).
3.2.9. Executing PROC_DFF pass (convert process syncs to FFs).
3.2.10. Executing PROC_MEMWR pass (convert process memory writes to cells).
3.2.11. Executing PROC_CLEAN pass (remove empty switches from decision trees).
3.2.12. Executing OPT_EXPR pass (perform const folding).
3.3. Executing OPT_EXPR pass (perform const folding).
3.4. Executing OPT_CLEAN pass (remove unused cells and wires).
3.5. Executing CHECK pass (checking for obvious problems).
3.6. Executing OPT pass (performing simple optimizations).
3.6.1. Executing OPT_EXPR pass (perform const folding).
3.6.2. Executing OPT_MERGE pass (detect identical cells).
3.6.3. Executing OPT_MUXTREE pass (detect dead branches in mux trees).
3.6.4. Executing OPT_REDUCE pass (consolidate $*mux and $reduce_* inputs).
3.6.5. Executing OPT_MERGE pass (detect identical cells).
3.6.6. Executing OPT_DFF pass (perform DFF optimizations).
3.6.7. Executing OPT_CLEAN pass (remove unused cells and wires).
3.6.8. Executing OPT_EXPR pass (perform const folding).
3.6.9. Rerunning OPT passes. (Maybe there is more to do..)
3.6.10. Executing OPT_MUXTREE pass (detect dead branches in mux trees).
3.6.11. Executing OPT_REDUCE pass (consolidate $*mux and $reduce_* inputs).
3.6.12. Executing OPT_MERGE pass (detect identical cells).
3.6.13. Executing OPT_DFF pass (perform DFF optimizations).
3.6.14. Executing OPT_CLEAN pass (remove unused cells and wires).
3.6.15. Executing OPT_EXPR pass (perform const folding).
3.6.16. Finished fast OPT passes. (There is nothing left to do.)
3.7. Executing FSM pass (extract and optimize FSM).
3.7.1. Executing FSM_DETECT pass (finding FSMs in design).
3.7.2. Executing FSM_EXTRACT pass (extracting FSM from design).
3.7.3. Executing FSM_OPT pass (simple optimizations of FSMs).
3.7.4. Executing OPT_CLEAN pass (remove unused cells and wires).
3.7.5. Executing FSM_OPT pass (simple optimizations of FSMs).
3.7.6. Executing FSM_RECODE pass (re-assigning FSM state encoding).
3.7.7. Executing FSM_INFO pass (dumping all available information on FSM cells).
3.7.8. Executing FSM_MAP pass (mapping FSMs to basic logic).
3.8. Executing OPT pass (performing simple optimizations).
3.8.1. Executing OPT_EXPR pass (perform const folding).
3.8.2. Executing OPT_MERGE pass (detect identical cells).
3.8.3. Executing OPT_MUXTREE pass (detect dead branches in mux trees).
3.8.4. Executing OPT_REDUCE pass (consolidate $*mux and $reduce_* inputs).
3.8.5. Executing OPT_MERGE pass (detect identical cells).
3.8.6. Executing OPT_DFF pass (perform DFF optimizations).
3.8.7. Executing OPT_CLEAN pass (remove unused cells and wires).
3.8.8. Executing OPT_EXPR pass (perform const folding).
3.8.9. Finished fast OPT passes. (There is nothing left to do.)
3.9. Executing WREDUCE pass (reducing word size of cells).
3.10. Executing PEEPOPT pass (run peephole optimizers).
3.11. Executing OPT_CLEAN pass (remove unused cells and wires).
3.12. Executing ALUMACC pass (create $alu and $macc cells).
3.13. Executing SHARE pass (SAT-based resource sharing).
3.14. Executing OPT pass (performing simple optimizations).
3.14.1. Executing OPT_EXPR pass (perform const folding).
3.14.2. Executing OPT_MERGE pass (detect identical cells).
3.14.3. Executing OPT_MUXTREE pass (detect dead branches in mux trees).
3.14.4. Executing OPT_REDUCE pass (consolidate $*mux and $reduce_* inputs).
3.14.5. Executing OPT_MERGE pass (detect identical cells).
3.14.6. Executing OPT_DFF pass (perform DFF optimizations).
3.14.7. Executing OPT_CLEAN pass (remove unused cells and wires).
3.14.8. Executing OPT_EXPR pass (perform const folding).
3.14.9. Rerunning OPT passes. (Maybe there is more to do..)
3.14.10. Executing OPT_MUXTREE pass (detect dead branches in mux trees).
3.14.11. Executing OPT_REDUCE pass (consolidate $*mux and $reduce_* inputs).
3.14.12. Executing OPT_MERGE pass (detect identical cells).
3.14.13. Executing OPT_DFF pass (perform DFF optimizations).
3.14.14. Executing OPT_CLEAN pass (remove unused cells and wires).
3.14.15. Executing OPT_EXPR pass (perform const folding).
3.14.16. Finished fast OPT passes. (There is nothing left to do.)
3.15. Executing MEMORY pass.
3.15.1. Executing OPT_MEM pass (optimize memories).
3.15.2. Executing OPT_MEM_PRIORITY pass (removing unnecessary memory write priority relations).
3.15.3. Executing OPT_MEM_FEEDBACK pass (finding memory read-to-write feedback paths).
3.15.4. Executing MEMORY_BMUX2ROM pass (converting muxes to ROMs).
3.15.5. Executing MEMORY_DFF pass (merging $dff cells to $memrd).
3.15.6. Executing OPT_CLEAN pass (remove unused cells and wires).
3.15.7. Executing MEMORY_SHARE pass (consolidating $memrd/$memwr cells).
3.15.8. Executing OPT_MEM_WIDEN pass (optimize memories where all ports are wide).
3.15.9. Executing OPT_CLEAN pass (remove unused cells and wires).
3.15.10. Executing MEMORY_COLLECT pass (generating $mem cells).
3.16. Executing OPT_CLEAN pass (remove unused cells and wires).
Keep modules above estimated size of
      10000 gate equivalents
4. Executing CELLMATCH pass. (match cells)
Warning: Ignoring blackbox module ICGx8DC_ASAP7_75t_R.
Warning: Ignoring blackbox module ICGx6p67DC_ASAP7_75t_R.
Warning: Ignoring blackbox module ICGx5p33DC_ASAP7_75t_R.
Warning: Ignoring blackbox module ICGx5_ASAP7_75t_R.
Warning: Ignoring blackbox module ICGx4_ASAP7_75t_R.
Warning: Ignoring blackbox module ICGx4DC_ASAP7_75t_R.
Warning: Ignoring blackbox module ICGx3_ASAP7_75t_R.
Warning: Ignoring blackbox module ICGx2p67DC_ASAP7_75t_R.
Warning: Ignoring blackbox module ICGx2_ASAP7_75t_R.
Warning: Ignoring blackbox module ICGx1_ASAP7_75t_R.
Warning: Ignoring blackbox module fakeram7_256x32.
Warning: Skipping module OAI333xp33_ASAP7_75t_R with more than 6 inputs bits.
Warning: Skipping module OAI332xp33_ASAP7_75t_R with more than 6 inputs bits.
Warning: Skipping module OAI331xp33_ASAP7_75t_R with more than 6 inputs bits.
Warning: Skipping module OAI322xp33_ASAP7_75t_R with more than 6 inputs bits.
Warning: Skipping module OA333x2_ASAP7_75t_R with more than 6 inputs bits.
Warning: Skipping module OA333x1_ASAP7_75t_R with more than 6 inputs bits.
Warning: Skipping module OA332x2_ASAP7_75t_R with more than 6 inputs bits.
Warning: Skipping module OA332x1_ASAP7_75t_R with more than 6 inputs bits.
Warning: Skipping module OA331x2_ASAP7_75t_R with more than 6 inputs bits.
Warning: Skipping module OA331x1_ASAP7_75t_R with more than 6 inputs bits.
Warning: Skipping module AOI333xp33_ASAP7_75t_R with more than 6 inputs bits.
Warning: Skipping module AOI332xp33_ASAP7_75t_R with more than 6 inputs bits.
Warning: Skipping module AOI331xp33_ASAP7_75t_R with more than 6 inputs bits.
Warning: Skipping module AOI322xp5_ASAP7_75t_R with more than 6 inputs bits.
Warning: Skipping module AO333x2_ASAP7_75t_R with more than 6 inputs bits.
Warning: Skipping module AO333x1_ASAP7_75t_R with more than 6 inputs bits.
Warning: Skipping module AO332x2_ASAP7_75t_R with more than 6 inputs bits.
Warning: Skipping module AO332x1_ASAP7_75t_R with more than 6 inputs bits.
Warning: Skipping module AO331x2_ASAP7_75t_R with more than 6 inputs bits.
Warning: Skipping module AO331x1_ASAP7_75t_R with more than 6 inputs bits.
Warning: Skipping module AO322x2_ASAP7_75t_R with more than 6 inputs bits.
5. Executing KEEP_HIERARCHY pass.
6. Executing SYNTH pass.
6.1. Executing PROC pass (convert processes to netlists).
6.1.1. Executing PROC_CLEAN pass (remove empty switches from decision trees).
6.1.2. Executing PROC_RMDEAD pass (remove dead branches from decision trees).
6.1.3. Executing PROC_PRUNE pass (remove redundant assignments in processes).
6.1.4. Executing PROC_INIT pass (extract init attributes).
6.1.5. Executing PROC_ARST pass (detect async resets in processes).
6.1.6. Executing PROC_ROM pass (convert switches to ROMs).
6.1.7. Executing PROC_MUX pass (convert decision trees to multiplexers).
6.1.8. Executing PROC_DLATCH pass (convert process syncs to latches).
6.1.9. Executing PROC_DFF pass (convert process syncs to FFs).
6.1.10. Executing PROC_MEMWR pass (convert process memory writes to cells).
6.1.11. Executing PROC_CLEAN pass (remove empty switches from decision trees).
6.1.12. Executing OPT_EXPR pass (perform const folding).
6.2. Executing CHECK pass (checking for obvious problems).
6.3. Executing FLATTEN pass (flatten design).
6.4. Executing OPT_EXPR pass (perform const folding).
6.5. Executing OPT_CLEAN pass (remove unused cells and wires).
6.6. Executing CHECK pass (checking for obvious problems).
6.7. Executing OPT pass (performing simple optimizations).
6.7.1. Executing OPT_EXPR pass (perform const folding).
6.7.2. Executing OPT_MERGE pass (detect identical cells).
6.7.3. Executing OPT_MUXTREE pass (detect dead branches in mux trees).
6.7.4. Executing OPT_REDUCE pass (consolidate $*mux and $reduce_* inputs).
6.7.5. Executing OPT_MERGE pass (detect identical cells).
6.7.6. Executing OPT_DFF pass (perform DFF optimizations).
6.7.7. Executing OPT_CLEAN pass (remove unused cells and wires).
6.7.8. Executing OPT_EXPR pass (perform const folding).
6.7.9. Rerunning OPT passes. (Maybe there is more to do..)
6.7.10. Executing OPT_MUXTREE pass (detect dead branches in mux trees).
6.7.11. Executing OPT_REDUCE pass (consolidate $*mux and $reduce_* inputs).
6.7.12. Executing OPT_MERGE pass (detect identical cells).
6.7.13. Executing OPT_DFF pass (perform DFF optimizations).
6.7.14. Executing OPT_CLEAN pass (remove unused cells and wires).
6.7.15. Executing OPT_EXPR pass (perform const folding).
6.7.16. Finished fast OPT passes. (There is nothing left to do.)
6.8. Executing FSM pass (extract and optimize FSM).
6.8.1. Executing FSM_DETECT pass (finding FSMs in design).
6.8.2. Executing FSM_EXTRACT pass (extracting FSM from design).
6.8.3. Executing FSM_OPT pass (simple optimizations of FSMs).
6.8.4. Executing OPT_CLEAN pass (remove unused cells and wires).
6.8.5. Executing FSM_OPT pass (simple optimizations of FSMs).
6.8.6. Executing FSM_RECODE pass (re-assigning FSM state encoding).
6.8.7. Executing FSM_INFO pass (dumping all available information on FSM cells).
6.8.8. Executing FSM_MAP pass (mapping FSMs to basic logic).
6.9. Executing OPT pass (performing simple optimizations).
6.9.1. Executing OPT_EXPR pass (perform const folding).
6.9.2. Executing OPT_MERGE pass (detect identical cells).
6.9.3. Executing OPT_MUXTREE pass (detect dead branches in mux trees).
6.9.4. Executing OPT_REDUCE pass (consolidate $*mux and $reduce_* inputs).
6.9.5. Executing OPT_MERGE pass (detect identical cells).
6.9.6. Executing OPT_DFF pass (perform DFF optimizations).
6.9.7. Executing OPT_CLEAN pass (remove unused cells and wires).
6.9.8. Executing OPT_EXPR pass (perform const folding).
6.9.9. Finished fast OPT passes. (There is nothing left to do.)
6.10. Executing WREDUCE pass (reducing word size of cells).
6.11. Executing PEEPOPT pass (run peephole optimizers).
6.12. Executing OPT_CLEAN pass (remove unused cells and wires).
6.13. Executing ALUMACC pass (create $alu and $macc cells).
6.14. Executing SHARE pass (SAT-based resource sharing).
6.15. Executing OPT pass (performing simple optimizations).
6.15.1. Executing OPT_EXPR pass (perform const folding).
6.15.2. Executing OPT_MERGE pass (detect identical cells).
6.15.3. Executing OPT_MUXTREE pass (detect dead branches in mux trees).
6.15.4. Executing OPT_REDUCE pass (consolidate $*mux and $reduce_* inputs).
6.15.5. Executing OPT_MERGE pass (detect identical cells).
6.15.6. Executing OPT_DFF pass (perform DFF optimizations).
6.15.7. Executing OPT_CLEAN pass (remove unused cells and wires).
6.15.8. Executing OPT_EXPR pass (perform const folding).
6.15.9. Finished fast OPT passes. (There is nothing left to do.)
6.16. Executing MEMORY pass.
6.16.1. Executing OPT_MEM pass (optimize memories).
6.16.2. Executing OPT_MEM_PRIORITY pass (removing unnecessary memory write priority relations).
6.16.3. Executing OPT_MEM_FEEDBACK pass (finding memory read-to-write feedback paths).
6.16.4. Executing MEMORY_BMUX2ROM pass (converting muxes to ROMs).
6.16.5. Executing MEMORY_DFF pass (merging $dff cells to $memrd).
6.16.6. Executing OPT_CLEAN pass (remove unused cells and wires).
6.16.7. Executing MEMORY_SHARE pass (consolidating $memrd/$memwr cells).
6.16.8. Executing OPT_MEM_WIDEN pass (optimize memories where all ports are wide).
6.16.9. Executing OPT_CLEAN pass (remove unused cells and wires).
6.16.10. Executing MEMORY_COLLECT pass (generating $mem cells).
6.17. Executing OPT_CLEAN pass (remove unused cells and wires).
7. Executing TECHMAP pass (map to technology primitives).
7.1. Executing Verilog-2005 frontend: /OpenROAD-flow-scripts/tools/install/yosys/bin/../share/yosys/techmap.v
7.2. Continuing TECHMAP pass.
8. Generating architectural options for $alu
8.1. Executing WRAPCELL pass. (wrap selected cells)
8.2. Executing TECHMAP pass (map to technology primitives).
8.2.1. Executing Verilog-2005 frontend: /OpenROAD-flow-scripts/tools/install/yosys/bin/../share/yosys/techmap.v
8.2.2. Executing Verilog-2005 frontend: /OpenROAD-flow-scripts/tools/install/yosys/bin/../share/yosys/choices/han-carlson.v
8.2.3. Continuing TECHMAP pass.
Warning: Latch inferred for signal `$paramod\_80_lcu_han_carlson\WIDTH=32'00000000000000000000000000100001.\j [4:0]' from process `$paramod\_80_lcu_han_carlson\WIDTH=32'00000000000000000000000000100001.$proc$/OpenROAD-flow-scripts/tools/install/yosys/bin/../share/yosys/choices/han-carlson.v:18$10956': $auto$proc_dlatch.cc:545:proc_dlatch$12216
Warning: Latch inferred for signal `$paramod\_80_lcu_han_carlson\WIDTH=32'00000000000000000000000000100001.\j [31:5]' from process `$paramod\_80_lcu_han_carlson\WIDTH=32'00000000000000000000000000100001.$proc$/OpenROAD-flow-scripts/tools/install/yosys/bin/../share/yosys/choices/han-carlson.v:18$10956': $auto$proc_dlatch.cc:547:proc_dlatch$12219
Warning: Latch inferred for signal `$paramod\_80_lcu_han_carlson\WIDTH=32'00000000000000000000000000100000.\j [3:0]' from process `$paramod\_80_lcu_han_carlson\WIDTH=32'00000000000000000000000000100000.$proc$/OpenROAD-flow-scripts/tools/install/yosys/bin/../share/yosys/choices/han-carlson.v:18$12738': $auto$proc_dlatch.cc:545:proc_dlatch$13965
Warning: Latch inferred for signal `$paramod\_80_lcu_han_carlson\WIDTH=32'00000000000000000000000000100000.\j [31:4]' from process `$paramod\_80_lcu_han_carlson\WIDTH=32'00000000000000000000000000100000.$proc$/OpenROAD-flow-scripts/tools/install/yosys/bin/../share/yosys/choices/han-carlson.v:18$12738': $auto$proc_dlatch.cc:547:proc_dlatch$13968
8.3. Executing TECHMAP pass (map to technology primitives).
8.3.1. Executing Verilog-2005 frontend: /OpenROAD-flow-scripts/tools/install/yosys/bin/../share/yosys/techmap.v
8.3.2. Executing Verilog-2005 frontend: /OpenROAD-flow-scripts/tools/install/yosys/bin/../share/yosys/choices/kogge-stone.v
8.3.3. Continuing TECHMAP pass.
8.4. Executing TECHMAP pass (map to technology primitives).
8.4.1. Executing Verilog-2005 frontend: /OpenROAD-flow-scripts/tools/install/yosys/bin/../share/yosys/techmap.v
8.4.2. Executing Verilog-2005 frontend: /OpenROAD-flow-scripts/tools/install/yosys/bin/../share/yosys/choices/sklansky.v
8.4.3. Continuing TECHMAP pass.
8.5. Executing TECHMAP pass (map to technology primitives).
8.5.1. Executing Verilog-2005 frontend: /OpenROAD-flow-scripts/tools/install/yosys/bin/../share/yosys/techmap.v
8.5.2. Continuing TECHMAP pass.
9. Generating architectural options for $macc
9.1. Executing WRAPCELL pass. (wrap selected cells)
9.2. Executing TECHMAP pass (map to technology primitives).
9.2.1. Executing Verilog-2005 frontend: /OpenROAD-flow-scripts/tools/install/yosys/bin/../share/yosys/techmap.v
9.2.2. Executing Verilog-2005 frontend: /OpenROAD-flow-scripts/flow/scripts/synth_wrap_operators-booth.v
9.2.3. Continuing TECHMAP pass.
9.3. Executing TECHMAP pass (map to technology primitives).
9.3.1. Executing Verilog-2005 frontend: /OpenROAD-flow-scripts/tools/install/yosys/bin/../share/yosys/techmap.v
9.3.2. Executing Verilog-2005 frontend: /OpenROAD-flow-scripts/tools/install/yosys/bin/../share/yosys/choices/han-carlson.v
9.3.3. Continuing TECHMAP pass.
10. Executing OPT pass (performing simple optimizations).
10.1. Executing OPT_EXPR pass (perform const folding).
10.2. Executing OPT_MERGE pass (detect identical cells).
10.3. Executing OPT_DFF pass (perform DFF optimizations).
10.4. Executing OPT_CLEAN pass (remove unused cells and wires).
10.5. Finished fast OPT passes.
11. Executing MEMORY_MAP pass (converting memories to logic and flip-flops).
12. Executing OPT pass (performing simple optimizations).
12.1. Executing OPT_EXPR pass (perform const folding).
12.2. Executing OPT_MERGE pass (detect identical cells).
12.3. Executing OPT_MUXTREE pass (detect dead branches in mux trees).
12.4. Executing OPT_REDUCE pass (consolidate $*mux and $reduce_* inputs).
12.5. Executing OPT_MERGE pass (detect identical cells).
12.6. Executing OPT_SHARE pass.
12.7. Executing OPT_DFF pass (perform DFF optimizations).
12.8. Executing OPT_CLEAN pass (remove unused cells and wires).
12.9. Executing OPT_EXPR pass (perform const folding).
12.10. Rerunning OPT passes. (Maybe there is more to do..)
12.11. Executing OPT_MUXTREE pass (detect dead branches in mux trees).
12.12. Executing OPT_REDUCE pass (consolidate $*mux and $reduce_* inputs).
12.13. Executing OPT_MERGE pass (detect identical cells).
12.14. Executing OPT_SHARE pass.
12.15. Executing OPT_DFF pass (perform DFF optimizations).
12.16. Executing OPT_CLEAN pass (remove unused cells and wires).
12.17. Executing OPT_EXPR pass (perform const folding).
12.18. Rerunning OPT passes. (Maybe there is more to do..)
12.19. Executing OPT_MUXTREE pass (detect dead branches in mux trees).
12.20. Executing OPT_REDUCE pass (consolidate $*mux and $reduce_* inputs).
12.21. Executing OPT_MERGE pass (detect identical cells).
12.22. Executing OPT_SHARE pass.
12.23. Executing OPT_DFF pass (perform DFF optimizations).
12.24. Executing OPT_CLEAN pass (remove unused cells and wires).
12.25. Executing OPT_EXPR pass (perform const folding).
12.26. Finished fast OPT passes. (There is nothing left to do.)
13. Executing TECHMAP pass (map to technology primitives).
13.1. Executing Verilog-2005 frontend: /OpenROAD-flow-scripts/tools/install/yosys/bin/../share/yosys/techmap.v
13.2. Executing Verilog-2005 frontend: /OpenROAD-flow-scripts/tools/install/yosys/bin/../share/yosys/choices/han-carlson.v
13.3. Continuing TECHMAP pass.
14. Executing OPT pass (performing simple optimizations).
14.1. Executing OPT_EXPR pass (perform const folding).
14.2. Executing OPT_MERGE pass (detect identical cells).
14.3. Executing OPT_MUXTREE pass (detect dead branches in mux trees).
14.4. Executing OPT_REDUCE pass (consolidate $*mux and $reduce_* inputs).
14.5. Executing OPT_MERGE pass (detect identical cells).
14.6. Executing OPT_DFF pass (perform DFF optimizations).
14.7. Executing OPT_CLEAN pass (remove unused cells and wires).
14.8. Executing OPT_EXPR pass (perform const folding).
14.9. Rerunning OPT passes. (Maybe there is more to do..)
14.10. Executing OPT_MUXTREE pass (detect dead branches in mux trees).
14.11. Executing OPT_REDUCE pass (consolidate $*mux and $reduce_* inputs).
14.12. Executing OPT_MERGE pass (detect identical cells).
14.13. Executing OPT_DFF pass (perform DFF optimizations).
14.14. Executing OPT_CLEAN pass (remove unused cells and wires).
14.15. Executing OPT_EXPR pass (perform const folding).
14.16. Finished fast OPT passes. (There is nothing left to do.)
15. Executing EXTRACT_FA pass (find and extract full/half adders).
16. Executing TECHMAP pass (map to technology primitives).
16.1. Executing Verilog-2005 frontend: ./platforms/asap7/yoSys/cells_adders_R.v
16.2. Continuing TECHMAP pass.
17. Executing TECHMAP pass (map to technology primitives).
17.1. Executing Verilog-2005 frontend: /OpenROAD-flow-scripts/tools/install/yosys/bin/../share/yosys/techmap.v
17.2. Continuing TECHMAP pass.
18. Executing OPT pass (performing simple optimizations).
18.1. Executing OPT_EXPR pass (perform const folding).
18.2. Executing OPT_MERGE pass (detect identical cells).
18.3. Executing OPT_DFF pass (perform DFF optimizations).
18.4. Executing OPT_CLEAN pass (remove unused cells and wires).
18.5. Finished fast OPT passes.
19. Executing DFFLEGALIZE pass (convert FFs to types supported by the target).
20. Executing TECHMAP pass (map to technology primitives).
20.1. Executing Verilog-2005 frontend: ./platforms/asap7/yoSys/cells_latch_R.v
20.2. Continuing TECHMAP pass.
21. Executing DFFLIBMAP pass (mapping DFF cells to sequential cells from liberty file).
21.1. Executing DFFLEGALIZE pass (convert FFs to types supported by the target).
22. Executing OPT pass (performing simple optimizations).
22.1. Executing OPT_EXPR pass (perform const folding).
22.2. Executing OPT_MERGE pass (detect identical cells).
22.3. Executing OPT_MUXTREE pass (detect dead branches in mux trees).
22.4. Executing OPT_REDUCE pass (consolidate $*mux and $reduce_* inputs).
22.5. Executing OPT_MERGE pass (detect identical cells).
22.6. Executing OPT_DFF pass (perform DFF optimizations).
22.7. Executing OPT_CLEAN pass (remove unused cells and wires).
22.8. Executing OPT_EXPR pass (perform const folding).
22.9. Rerunning OPT passes. (Maybe there is more to do..)
22.10. Executing OPT_MUXTREE pass (detect dead branches in mux trees).
22.11. Executing OPT_REDUCE pass (consolidate $*mux and $reduce_* inputs).
22.12. Executing OPT_MERGE pass (detect identical cells).
22.13. Executing OPT_DFF pass (perform DFF optimizations).
22.14. Executing OPT_CLEAN pass (remove unused cells and wires).
22.15. Executing OPT_EXPR pass (perform const folding).
22.16. Finished fast OPT passes. (There is nothing left to do.)
23. Executing SETUNDEF pass (replace undef values with defined constants).
abc_new -liberty ./platforms/asap7/lib/NLDM/asap7sc7p5t_AO_RVT_FF_nldm_211120.lib.gz -liberty ./platforms/asap7/lib/NLDM/asap7sc7p5t_INVBUF_RVT_FF_nldm_220122.lib.gz -liberty ./platforms/asap7/lib/NLDM/asap7sc7p5t_OA_RVT_FF_nldm_211120.lib.gz -liberty ./platforms/asap7/lib/NLDM/asap7sc7p5t_SIMPLE_RVT_FF_nldm_211120.lib.gz -liberty ./platforms/asap7/lib/NLDM/asap7sc7p5t_SEQ_RVT_FF_nldm_220123.lib -liberty /tmp/workspace/scripts-Private_test-fr_cugr_cmp-1-/results/asap7/riscv32i-mock-sram_fakeram7_256x32/base/fakeram7_256x32_typ.lib -dont_use *x1p*_ASAP7* -dont_use *xp*_ASAP7* -dont_use SDF* -dont_use ICG* -constr /tmp/workspace/scripts-Private_test-fr_cugr_cmp-1-/objects/asap7/riscv32i-mock-sram/base/abc.constr -D 950
Warning: Feature 'abc_new' is experimental.
24. Executing ABC_NEW pass.
24.1. Executing ABC9_OPS pass (helper functions for ABC9).
24.2. Executing BOX_DERIVE pass. (derive modules for boxes)
24.3. Executing ABC9_OPS pass (helper functions for ABC9).
24.4. Executing ABC9_OPS pass (helper functions for ABC9).
24.5. Mapping module 'ALU_32_0_32_0_32_unused_CO_X_HAN_CARLSON'.
24.5.1. Executing ABC9_OPS pass (helper functions for ABC9).
Warning: Feature 'write_xaiger2' is experimental.
24.5.2. Executing XAIGER2 backend.
24.5.3. Executing ABC9_EXE pass (technology mapping using ABC9).
24.5.4. Executing ABC9.
Warning: ABC: execution of command ""/OpenROAD-flow-scripts/tools/install/yosys/bin/yosys-abc" -s -f /tmp/yosys-abc-GGMZ4A/abc.script 2>&1" failed: return code 134.
Warning: Feature 'read_xaiger2' is experimental.
24.5.5. Executing XAIGER2 frontend.
24.6. Executing PORTARCS pass. (derive propagation arcs)
24.7. Executing ABC9_OPS pass (helper functions for ABC9).
24.8. Mapping module 'ALU_33_0_33_0_33_unused_CO_X_HAN_CARLSON'.
24.8.1. Executing ABC9_OPS pass (helper functions for ABC9).
24.8.2. Executing XAIGER2 backend.
24.8.3. Executing ABC9_EXE pass (technology mapping using ABC9).
24.8.4. Executing ABC9.
Warning: ABC: execution of command ""/OpenROAD-flow-scripts/tools/install/yosys/bin/yosys-abc" -s -f /tmp/yosys-abc-7MMZF8/abc.script 2>&1" failed: return code 134.
24.8.5. Executing XAIGER2 frontend.
24.9. Executing PORTARCS pass. (derive propagation arcs)
24.10. Executing ABC9_OPS pass (helper functions for ABC9).
24.11. Mapping module 'riscv_top'.
24.11.1. Executing ABC9_OPS pass (helper functions for ABC9).
24.11.2. Executing XAIGER2 backend.
24.11.3. Executing ABC9_EXE pass (technology mapping using ABC9).
24.11.4. Executing ABC9.
Warning: ABC: execution of command ""/OpenROAD-flow-scripts/tools/install/yosys/bin/yosys-abc" -s -f /tmp/yosys-abc-Mr7Pwf/abc.script 2>&1" failed: return code 134.
24.11.5. Executing XAIGER2 frontend.
24.12. Mapping module 'ALU_33_0_33_0_33_unused_CO_X_BRENT_KUNG'.
24.12.1. Executing ABC9_OPS pass (helper functions for ABC9).
24.12.2. Executing XAIGER2 backend.
24.12.3. Executing ABC9_EXE pass (technology mapping using ABC9).
24.12.4. Executing ABC9.
Warning: ABC: execution of command ""/OpenROAD-flow-scripts/tools/install/yosys/bin/yosys-abc" -s -f /tmp/yosys-abc-m3dpoW/abc.script 2>&1" failed: return code 134.
24.12.5. Executing XAIGER2 frontend.
24.13. Executing PORTARCS pass. (derive propagation arcs)
24.14. Executing ABC9_OPS pass (helper functions for ABC9).
24.15. Mapping module 'ALU_33_0_33_0_33_unused_CO_X_SKLANSKY'.
24.15.1. Executing ABC9_OPS pass (helper functions for ABC9).
24.15.2. Executing XAIGER2 backend.
24.15.3. Executing ABC9_EXE pass (technology mapping using ABC9).
24.15.4. Executing ABC9.
Warning: ABC: execution of command ""/OpenROAD-flow-scripts/tools/install/yosys/bin/yosys-abc" -s -f /tmp/yosys-abc-7tFiml/abc.script 2>&1" failed: return code 134.
24.15.5. Executing XAIGER2 frontend.
24.16. Executing PORTARCS pass. (derive propagation arcs)
24.17. Executing ABC9_OPS pass (helper functions for ABC9).
24.18. Mapping module 'ALU_33_0_33_0_33_unused_CO_X_KOGGE_STONE'.
24.18.1. Executing ABC9_OPS pass (helper functions for ABC9).
24.18.2. Executing XAIGER2 backend.
24.18.3. Executing ABC9_EXE pass (technology mapping using ABC9).
24.18.4. Executing ABC9.
Warning: ABC: execution of command ""/OpenROAD-flow-scripts/tools/install/yosys/bin/yosys-abc" -s -f /tmp/yosys-abc-RvWHV8/abc.script 2>&1" failed: return code 134.
24.18.5. Executing XAIGER2 frontend.
24.19. Executing PORTARCS pass. (derive propagation arcs)
24.20. Executing ABC9_OPS pass (helper functions for ABC9).
24.21. Mapping module 'ALU_32_0_32_0_32_unused_CO_X_BRENT_KUNG'.
24.21.1. Executing ABC9_OPS pass (helper functions for ABC9).
24.21.2. Executing XAIGER2 backend.
24.21.3. Executing ABC9_EXE pass (technology mapping using ABC9).
24.21.4. Executing ABC9.
Warning: ABC: execution of command ""/OpenROAD-flow-scripts/tools/install/yosys/bin/yosys-abc" -s -f /tmp/yosys-abc-DnExra/abc.script 2>&1" failed: return code 134.
24.21.5. Executing XAIGER2 frontend.
24.22. Executing PORTARCS pass. (derive propagation arcs)
24.23. Executing ABC9_OPS pass (helper functions for ABC9).
24.24. Mapping module 'ALU_32_0_32_0_32_unused_CO_X_SKLANSKY'.
24.24.1. Executing ABC9_OPS pass (helper functions for ABC9).
24.24.2. Executing XAIGER2 backend.
24.24.3. Executing ABC9_EXE pass (technology mapping using ABC9).
24.24.4. Executing ABC9.
Warning: ABC: execution of command ""/OpenROAD-flow-scripts/tools/install/yosys/bin/yosys-abc" -s -f /tmp/yosys-abc-7i7Lk6/abc.script 2>&1" failed: return code 134.
24.24.5. Executing XAIGER2 frontend.
24.25. Executing PORTARCS pass. (derive propagation arcs)
24.26. Executing ABC9_OPS pass (helper functions for ABC9).
24.27. Mapping module 'ALU_32_0_32_0_32_unused_CO_X_KOGGE_STONE'.
24.27.1. Executing ABC9_OPS pass (helper functions for ABC9).
24.27.2. Executing XAIGER2 backend.
24.27.3. Executing ABC9_EXE pass (technology mapping using ABC9).
24.27.4. Executing ABC9.
Warning: ABC: execution of command ""/OpenROAD-flow-scripts/tools/install/yosys/bin/yosys-abc" -s -f /tmp/yosys-abc-QQ3xR0/abc.script 2>&1" failed: return code 134.
24.27.5. Executing XAIGER2 frontend.
24.28. Executing PORTARCS pass. (derive propagation arcs)
24.29. Executing ABC9_OPS pass (helper functions for ABC9).
24.30. Executing ABC9_OPS pass (helper functions for ABC9).
Took 18 seconds: abc_new -liberty ./platforms/asap7/lib/NLDM/asap7sc7p5t_AO_RVT_FF_nldm_211120.lib.gz -liberty ./platforms/asap7/lib/NLDM/asap7sc7p5t_INVBUF_RVT_FF_nldm_220122.lib.gz -liberty ./platforms/asap7/lib/NLDM/asap7sc7p5t_OA_RVT_FF_nldm_211120.lib.gz -liberty ./platforms/asap7/lib/NLDM/asap7sc7p5t_SIMPLE_RVT_FF_nldm_211120.lib.gz -liberty ./platforms/asap7/lib/NLDM/asap7sc7p5t_SEQ_RVT_FF_nldm_220123.lib -liberty /tmp/workspace/scripts-Private_test-fr_cugr_cmp-1-/results/asap7/riscv32i-mock-sram_fakeram7_256x32/base/fakeram7_256x32_typ.lib -dont_use *x1p*_ASAP7* -dont_use *xp*_ASAP7* -dont_use SDF* -dont_use ICG* -constr /tmp/workspace/scripts-Private_test-fr_cugr_cmp-1-/objects/asap7/riscv32i-mock-sram/base/abc.constr -D 950
25. Executing SPLITNETS pass (splitting up multi-bit signals).
26. Executing OPT_CLEAN pass (remove unused cells and wires).
27. Executing HILOMAP pass (mapping to constant drivers).
28. Executing INSBUF pass (insert buffer cells for connected wires).
29. Executing CHECK pass (checking for obvious problems).
30. Printing statistics.
31. Executing CHECK pass (checking for obvious problems).
32. Executing Verilog backend.
32.1. Executing BMUXMAP pass.
32.2. Executing DEMUXMAP pass.
Warnings: 48 unique messages, 48 total
Warnings: 3 experimental features used (not excluded with -x).
End of script. Logfile hash: c3df7209b1, time: 22.07s, user: 4.58s, system: 0.58s, MEM: 161.73 MB peak
Yosys 0.68+post (git sha1 UNKNOWN, Release, GNU /usr/local/bin/wrapped-cc/g++ 11.4.0)
Time spent: 76% 9x abc9_exe (16 sec), 6% 1x extract_fa (1 sec), ...
Elapsed time: 0:22.10[h:]min:sec. CPU time: user 21.31 sys 0.85 (100%). Peak memory: 167128KB.
Log                       Ext     Elapsed/s Peak Memory/MB sha1sum result [0:20)
1_2_yosys                 .v             22            163 54302337d79f88e98c07
cp /OpenROAD-flow-scripts/flow/designs/asap7/riscv32i/constraint.sdc /tmp/workspace/scripts-Private_test-fr_cugr_cmp-1-/results/asap7/riscv32i-mock-sram/base/1_2_yosys.sdc
touch -r /OpenROAD-flow-scripts/flow/designs/asap7/riscv32i/constraint.sdc /tmp/workspace/scripts-Private_test-fr_cugr_cmp-1-/results/asap7/riscv32i-mock-sram/base/1_2_yosys.sdc
OpenROAD 26Q3-1464-gb22abfea20 
Features included (+) or not (-): +GPU +GUI +Python
This program is licensed under the BSD-3 license. See the LICENSE file for details.
Components of this program may be licensed under more restrictive licenses which must be honored.
[INFO ORD-0030] Using 30 thread(s).
mkdir -p /tmp/workspace/scripts-Private_test-fr_cugr_cmp-1-/objects/asap7/riscv32i-mock-sram/base
/OpenROAD-flow-scripts/flow/scripts/flow.sh 1_synth synth_odb
Running synth_odb.tcl, stage 1_synth
source ./platforms/asap7/liberty_suppressions.tcl
read_liberty ./platforms/asap7/lib/NLDM/asap7sc7p5t_AO_RVT_FF_nldm_211120.lib.gz
read_liberty ./platforms/asap7/lib/NLDM/asap7sc7p5t_INVBUF_RVT_FF_nldm_220122.lib.gz
read_liberty ./platforms/asap7/lib/NLDM/asap7sc7p5t_OA_RVT_FF_nldm_211120.lib.gz
read_liberty ./platforms/asap7/lib/NLDM/asap7sc7p5t_SIMPLE_RVT_FF_nldm_211120.lib.gz
read_liberty ./platforms/asap7/lib/NLDM/asap7sc7p5t_SEQ_RVT_FF_nldm_220123.lib
read_liberty /tmp/workspace/scripts-Private_test-fr_cugr_cmp-1-/results/asap7/riscv32i-mock-sram_fakeram7_256x32/base/fakeram7_256x32_typ.lib
[INFO ODB-0227] LEF file: ./platforms/asap7/lef/asap7_tech_1x_201209.lef, created 30 layers, 9 vias
[INFO ODB-0227] LEF file: ./platforms/asap7/lef/asap7sc7p5t_28_R_1x_220121a.lef, created 212 library cells
[INFO ODB-0227] LEF file: /tmp/workspace/scripts-Private_test-fr_cugr_cmp-1-/results/asap7/riscv32i-mock-sram_fakeram7_256x32/base/fakeram7_256x32.lef, created 1 library cells
link_design -hier riscv_top
[WARNING ORD-0011] Hierarchical flow (-hier) is currently in development and may cause multiple issues. Do not use in production environments.
read_sdc /tmp/workspace/scripts-Private_test-fr_cugr_cmp-1-/results/asap7/riscv32i-mock-sram/base/1_2_yosys.sdc
source ./platforms/asap7/setRC.tcl
eliminate_dead_logic
Removed 0 unused instances and 0 unused nets.
Design area 1899 um^2 100% utilization.
write_db /tmp/workspace/scripts-Private_test-fr_cugr_cmp-1-/results/asap7/riscv32i-mock-sram/base/1_synth.odb
write_sdc -no_timestamp /tmp/workspace/scripts-Private_test-fr_cugr_cmp-1-/results/asap7/riscv32i-mock-sram/base/1_synth.sdc
Elapsed time: 0:01.56[h:]min:sec. CPU time: user 1.44 sys 0.12 (100%). Peak memory: 225768KB.
Log                       Ext     Elapsed/s Peak Memory/MB sha1sum result [0:20)
1_synth                   .odb            1            220 cd3af7893a8b542f65ef
1_synth                   .sdc                             c50c8f9f7f2b3e9ca0a7
/OpenROAD-flow-scripts/flow/scripts/flow.sh 2_1_floorplan floorplan
Running floorplan.tcl, stage 2_1_floorplan
source ./platforms/asap7/liberty_suppressions.tcl
read_liberty ./platforms/asap7/lib/NLDM/asap7sc7p5t_AO_RVT_FF_nldm_211120.lib.gz
read_liberty ./platforms/asap7/lib/NLDM/asap7sc7p5t_INVBUF_RVT_FF_nldm_220122.lib.gz
read_liberty ./platforms/asap7/lib/NLDM/asap7sc7p5t_OA_RVT_FF_nldm_211120.lib.gz
read_liberty ./platforms/asap7/lib/NLDM/asap7sc7p5t_SIMPLE_RVT_FF_nldm_211120.lib.gz
read_liberty ./platforms/asap7/lib/NLDM/asap7sc7p5t_SEQ_RVT_FF_nldm_220123.lib
read_liberty /tmp/workspace/scripts-Private_test-fr_cugr_cmp-1-/results/asap7/riscv32i-mock-sram_fakeram7_256x32/base/fakeram7_256x32_typ.lib
read_db -hier /tmp/workspace/scripts-Private_test-fr_cugr_cmp-1-/results/asap7/riscv32i-mock-sram/base/1_synth.odb
[WARNING ORD-0012] Hierarchical flow (-hier) is currently in development and may cause multiple issues. Do not use in production environments.
read_sdc /tmp/workspace/scripts-Private_test-fr_cugr_cmp-1-/results/asap7/riscv32i-mock-sram/base/1_synth.sdc
source ./platforms/asap7/setRC.tcl

==========================================================================
Floorplan check_setup
--------------------------------------------------------------------------
number instances in verilog is 8841
[INFO IFP-0107] Defining die area using utilization: 62.00% and aspect ratio: 1.
[WARNING IFP-0028] Core area lower left (5.000, 5.000) snapped to (5.022, 5.130).
[INFO IFP-0001] Added 204 rows of 1024 site asap7sc7p5t.
[INFO IFP-0100] Die BBox:  (  0.000  0.000 ) ( 65.343 65.343 ) um
[INFO IFP-0101] Core BBox: (  5.022  5.130 ) ( 60.318 60.210 ) um
[INFO IFP-0102] Core area:                         3045.704 um^2
[INFO IFP-0103] Total instances area:              1898.984 um^2
[INFO IFP-0104] Effective utilization:                0.623
[INFO IFP-0105] Number of instances:                   8838
source ./platforms/asap7/openRoad/make_tracks.tcl
source ./platforms/asap7/fastroute.tcl
Repair tie lo fanout...
[INFO RSZ-0042] Inserted 36 tie TIELOx1_ASAP7_75t_R instances.
Repair tie hi fanout...
[INFO RSZ-0042] Inserted 33 tie TIEHIx1_ASAP7_75t_R instances.
replace_arith_modules -path_count 1000 -target setup -slack_threshold 0.0
[INFO RSZ-0151] Starting arithmetic module replacement to optimize 'setup' target
[INFO RSZ-0152] Analyzing 1000 critical paths with slack < 0.00
[INFO RSZ-0153] Identified 1258 violating endpoints
[INFO RSZ-0154] Identified 1 critical arithmetic instances
[INFO ODB-0496] swapMaster sanity check passed (0 failures)
[INFO RSZ-0160] 1 arithmetic instances have swapped to improve 'setup' target
repair_timing -setup_margin 0 -hold_margin 0 -repair_tns 100 -setup -skip_last_gasp -sequence unbuffer,sizeup,swap,vt_swap -verbose
[WARNING EST-0027] no estimated parasitics. Using wire load models.
[INFO RSZ-0100] Repair move sequence: UnbufferMove SizeUpMove SwapPinsMove 
[INFO RSZ-0094] Found 1258 endpoints with setup violations.
[INFO RSZ-0099] Repairing 1258 out of 1258 (100.00%) violating endpoints...
   Iter   | Removed | Resized | Inserted | Cloned |  Pin  |   Area   |    WNS   |   StTNS    |   EnTNS    |  Viol  |  Worst  
          | Buffers |  Gates  | Buffers  |  Gates | Swaps |          |          |            |            | Endpts | St/EnPt 
------------------------------------------------------------------------------------------------------------------------------
       0* |       0 |       0 |        0 |      0 |     0 |    +0.0% | -3148.247 |   -34462.0 | -3704820.2 |   1258 | riscv.dp.rf.rf\[1\]\[16\]$_DFFE_PP_/D
      10* |       0 |       2 |        0 |      0 |     7 |    +0.0% | -2929.713 |   -35282.6 | -3460985.5 |   1258 | riscv.dp.rf.rf\[1\]\[16\]$_DFFE_PP_/D
      20* |       0 |       8 |        0 |      0 |    11 |    +0.0% | -2909.594 |   -34266.8 | -3442403.8 |   1258 | riscv.dp.rf.rf\[2\]\[4\]$_DFFE_PP_/D
      29* |       0 |      11 |        0 |      0 |    11 |    +0.0% | -2903.112 |   -34213.1 | -3434791.0 |   1258 | riscv.dp.rf.rf\[1\]\[17\]$_DFFE_PP_/D
      30* |       0 |      11 |        0 |      0 |    11 |    +0.0% | -2903.112 |   -34213.1 | -3434791.0 |   1258 | riscv.dp.rf.rf\[1\]\[17\]$_DFFE_PP_/D
      30* |       0 |      11 |        0 |      0 |    11 |    +0.0% | -2903.112 |   -34213.1 | -3434791.0 |   1258 | riscv.dp.rf.rf\[1\]\[17\]$_DFFE_PP_/D
      32* |       0 |      11 |        0 |      0 |    11 |    +0.0% | -2903.112 |   -34213.1 | -3434791.0 |   1258 | riscv.dp.rf.rf\[1\]\[17\]$_DFFE_PP_/D
      34* |       0 |      11 |        0 |      0 |    11 |    +0.0% | -2903.112 |   -34213.1 | -3434791.0 |   1258 | riscv.dp.rf.rf\[1\]\[17\]$_DFFE_PP_/D
      36* |       0 |      11 |        0 |      0 |    11 |    +0.0% | -2903.112 |   -34213.1 | -3434791.0 |   1258 | riscv.dp.rf.rf\[1\]\[17\]$_DFFE_PP_/D
      38* |       0 |      11 |        0 |      0 |    11 |    +0.0% | -2903.112 |   -34213.1 | -3434791.0 |   1258 | riscv.dp.rf.rf\[1\]\[17\]$_DFFE_PP_/D
      40* |       0 |      11 |        0 |      0 |    12 |    +0.0% | -2905.218 |   -34360.4 | -3434880.0 |   1258 | riscv.dp.rf.rf\[1\]\[22\]$_DFFE_PP_/D
      40* |       0 |      11 |        0 |      0 |    11 |    +0.0% | -2903.112 |   -34213.1 | -3434791.0 |   1258 | riscv.dp.rf.rf\[1\]\[17\]$_DFFE_PP_/D
      42* |       0 |      11 |        0 |      0 |    11 |    +0.0% | -2903.112 |   -34213.1 | -3434791.0 |   1258 | riscv.dp.rf.rf\[1\]\[17\]$_DFFE_PP_/D
      44* |       0 |      11 |        0 |      0 |    11 |    +0.0% | -2903.112 |   -34213.1 | -3434791.0 |   1258 | riscv.dp.rf.rf\[1\]\[17\]$_DFFE_PP_/D
      46* |       0 |      11 |        0 |      0 |    11 |    +0.0% | -2903.112 |   -34213.1 | -3434791.0 |   1258 | riscv.dp.rf.rf\[1\]\[17\]$_DFFE_PP_/D
      48* |       0 |      11 |        0 |      0 |    11 |    +0.0% | -2903.112 |   -34213.1 | -3434791.0 |   1258 | riscv.dp.rf.rf\[1\]\[17\]$_DFFE_PP_/D
      50* |       0 |      11 |        0 |      0 |    12 |    +0.0% | -2905.218 |   -34360.4 | -3434880.0 |   1258 | riscv.dp.rf.rf\[1\]\[27\]$_DFFE_PP_/D
      50* |       0 |      11 |        0 |      0 |    11 |    +0.0% | -2903.112 |   -34213.1 | -3434791.0 |   1258 | riscv.dp.rf.rf\[1\]\[17\]$_DFFE_PP_/D
      52* |       0 |      11 |        0 |      0 |    11 |    +0.0% | -2903.112 |   -34213.1 | -3434791.0 |   1258 | riscv.dp.rf.rf\[1\]\[17\]$_DFFE_PP_/D
      54* |       0 |      11 |        0 |      0 |    11 |    +0.0% | -2903.112 |   -34213.1 | -3434791.0 |   1258 | riscv.dp.rf.rf\[1\]\[17\]$_DFFE_PP_/D
      56* |       0 |      11 |        0 |      0 |    11 |    +0.0% | -2903.112 |   -34213.1 | -3434791.0 |   1258 | riscv.dp.rf.rf\[1\]\[17\]$_DFFE_PP_/D
      58* |       0 |      11 |        0 |      0 |    11 |    +0.0% | -2903.112 |   -34213.1 | -3434791.0 |   1258 | riscv.dp.rf.rf\[1\]\[17\]$_DFFE_PP_/D
      59* |       0 |      11 |        0 |      0 |    11 |    +0.0% | -2903.112 |   -34213.1 | -3434791.0 |   1258 | riscv.dp.rf.rf\[1\]\[17\]$_DFFE_PP_/D
      60* |       0 |      11 |        0 |      0 |    11 |    +0.0% | -2903.112 |   -34213.1 | -3434791.0 |   1258 | riscv.dp.rf.rf\[1\]\[17\]$_DFFE_PP_/D
      60* |       0 |      11 |        0 |      0 |    11 |    +0.0% | -2903.112 |   -34213.1 | -3434791.0 |   1258 | riscv.dp.rf.rf\[1\]\[17\]$_DFFE_PP_/D
      61* |       0 |      11 |        0 |      0 |    11 |    +0.0% | -2903.112 |   -34213.1 | -3434791.0 |   1258 | riscv.dp.rf.rf\[1\]\[17\]$_DFFE_PP_/D
      62* |       0 |      11 |        0 |      0 |    11 |    +0.0% | -2903.112 |   -34213.1 | -3434791.0 |   1258 | riscv.dp.rf.rf\[1\]\[17\]$_DFFE_PP_/D
      63* |       0 |      11 |        0 |      0 |    11 |    +0.0% | -2903.112 |   -34213.1 | -3434791.0 |   1258 | riscv.dp.rf.rf\[1\]\[17\]$_DFFE_PP_/D
      64* |       0 |      11 |        0 |      0 |    11 |    +0.0% | -2903.112 |   -34213.1 | -3434791.0 |   1258 | riscv.dp.rf.rf\[1\]\[17\]$_DFFE_PP_/D
      65* |       0 |      11 |        0 |      0 |    11 |    +0.0% | -2903.112 |   -34213.1 | -3434791.0 |   1258 | riscv.dp.rf.rf\[1\]\[17\]$_DFFE_PP_/D
      66* |       0 |      11 |        0 |      0 |    11 |    +0.0% | -2903.112 |   -34213.1 | -3434791.0 |   1258 | riscv.dp.rf.rf\[1\]\[17\]$_DFFE_PP_/D
      67* |       0 |      11 |        0 |      0 |    11 |    +0.0% | -2903.112 |   -34213.1 | -3434791.0 |   1258 | riscv.dp.rf.rf\[1\]\[17\]$_DFFE_PP_/D
      68* |       0 |      11 |        0 |      0 |    11 |    +0.0% | -2903.112 |   -34213.1 | -3434791.0 |   1258 | riscv.dp.rf.rf\[1\]\[17\]$_DFFE_PP_/D
      69* |       0 |      11 |        0 |      0 |    11 |    +0.0% | -2903.112 |   -34213.1 | -3434791.0 |   1258 | riscv.dp.rf.rf\[1\]\[17\]$_DFFE_PP_/D
      70* |       0 |      11 |        0 |      0 |    11 |    +0.0% | -2903.112 |   -34213.1 | -3434791.0 |   1258 | riscv.dp.rf.rf\[1\]\[17\]$_DFFE_PP_/D
      70* |       0 |      11 |        0 |      0 |    11 |    +0.0% | -2903.112 |   -34213.1 | -3434791.0 |   1258 | riscv.dp.rf.rf\[1\]\[17\]$_DFFE_PP_/D
      71* |       0 |      11 |        0 |      0 |    11 |    +0.0% | -2903.112 |   -34213.1 | -3434791.0 |   1258 | riscv.dp.rf.rf\[1\]\[17\]$_DFFE_PP_/D
      72* |       0 |      11 |        0 |      0 |    11 |    +0.0% | -2903.112 |   -34213.1 | -3434791.0 |   1258 | riscv.dp.rf.rf\[1\]\[17\]$_DFFE_PP_/D
      73* |       0 |      11 |        0 |      0 |    11 |    +0.0% | -2903.112 |   -34213.1 | -3434791.0 |   1258 | riscv.dp.rf.rf\[1\]\[17\]$_DFFE_PP_/D
      74* |       0 |      11 |        0 |      0 |    11 |    +0.0% | -2903.112 |   -34213.1 | -3434791.0 |   1258 | riscv.dp.rf.rf\[1\]\[17\]$_DFFE_PP_/D
      75* |       0 |      11 |        0 |      0 |    11 |    +0.0% | -2903.112 |   -34213.1 | -3434791.0 |   1258 | riscv.dp.rf.rf\[1\]\[17\]$_DFFE_PP_/D
      76* |       0 |      11 |        0 |      0 |    11 |    +0.0% | -2903.112 |   -34213.1 | -3434791.0 |   1258 | riscv.dp.rf.rf\[1\]\[17\]$_DFFE_PP_/D
      77* |       0 |      11 |        0 |      0 |    11 |    +0.0% | -2903.112 |   -34213.1 | -3434791.0 |   1258 | riscv.dp.rf.rf\[1\]\[17\]$_DFFE_PP_/D
      78* |       0 |      11 |        0 |      0 |    11 |    +0.0% | -2903.112 |   -34213.1 | -3434791.0 |   1258 | riscv.dp.rf.rf\[1\]\[17\]$_DFFE_PP_/D
      79* |       0 |      11 |        0 |      0 |    11 |    +0.0% | -2903.112 |   -34213.1 | -3434791.0 |   1258 | riscv.dp.rf.rf\[1\]\[17\]$_DFFE_PP_/D
      80* |       0 |      11 |        0 |      0 |    11 |    +0.0% | -2903.112 |   -34213.1 | -3434791.0 |   1258 | riscv.dp.rf.rf\[1\]\[17\]$_DFFE_PP_/D
      80* |       0 |      11 |        0 |      0 |    11 |    +0.0% | -2903.112 |   -34213.1 | -3434791.0 |   1258 | riscv.dp.rf.rf\[1\]\[17\]$_DFFE_PP_/D
      81* |       0 |      11 |        0 |      0 |    11 |    +0.0% | -2903.112 |   -34213.1 | -3434791.0 |   1258 | riscv.dp.rf.rf\[1\]\[17\]$_DFFE_PP_/D
      82* |       0 |      11 |        0 |      0 |    11 |    +0.0% | -2903.112 |   -34213.1 | -3434791.0 |   1258 | riscv.dp.rf.rf\[1\]\[17\]$_DFFE_PP_/D
      83* |       0 |      11 |        0 |      0 |    11 |    +0.0% | -2903.112 |   -34213.1 | -3434791.0 |   1258 | riscv.dp.rf.rf\[1\]\[17\]$_DFFE_PP_/D
      84* |       0 |      11 |        0 |      0 |    11 |    +0.0% | -2903.112 |   -34213.1 | -3434791.0 |   1258 | riscv.dp.rf.rf\[1\]\[17\]$_DFFE_PP_/D
      85* |       0 |      11 |        0 |      0 |    11 |    +0.0% | -2903.112 |   -34213.1 | -3434791.0 |   1258 | riscv.dp.rf.rf\[1\]\[17\]$_DFFE_PP_/D
      86* |       0 |      11 |        0 |      0 |    11 |    +0.0% | -2903.112 |   -34213.1 | -3434791.0 |   1258 | riscv.dp.rf.rf\[1\]\[17\]$_DFFE_PP_/D
      87* |       0 |      11 |        0 |      0 |    11 |    +0.0% | -2903.112 |   -34213.1 | -3434791.0 |   1258 | riscv.dp.rf.rf\[1\]\[17\]$_DFFE_PP_/D
      88* |       0 |      11 |        0 |      0 |    11 |    +0.0% | -2903.112 |   -34213.1 | -3434791.0 |   1258 | riscv.dp.rf.rf\[1\]\[17\]$_DFFE_PP_/D
      89* |       0 |      11 |        0 |      0 |    11 |    +0.0% | -2903.112 |   -34213.1 | -3434791.0 |   1258 | riscv.dp.rf.rf\[1\]\[17\]$_DFFE_PP_/D
      90* |       0 |      11 |        0 |      0 |    11 |    +0.0% | -2903.112 |   -34213.1 | -3434791.0 |   1258 | riscv.dp.rf.rf\[1\]\[17\]$_DFFE_PP_/D
      90* |       0 |      11 |        0 |      0 |    11 |    +0.0% | -2903.112 |   -34213.1 | -3434791.0 |   1258 | riscv.dp.rf.rf\[1\]\[17\]$_DFFE_PP_/D
      91* |       0 |      11 |        0 |      0 |    11 |    +0.0% | -2903.112 |   -34213.1 | -3434791.0 |   1258 | riscv.dp.rf.rf\[1\]\[17\]$_DFFE_PP_/D
      92* |       0 |      11 |        0 |      0 |    11 |    +0.0% | -2903.112 |   -34213.1 | -3434791.0 |   1258 | riscv.dp.rf.rf\[1\]\[17\]$_DFFE_PP_/D
      93* |       0 |      11 |        0 |      0 |    11 |    +0.0% | -2903.112 |   -34213.1 | -3434791.0 |   1258 | riscv.dp.rf.rf\[1\]\[17\]$_DFFE_PP_/D
      94* |       0 |      11 |        0 |      0 |    11 |    +0.0% | -2903.112 |   -34213.1 | -3434791.0 |   1258 | riscv.dp.rf.rf\[1\]\[17\]$_DFFE_PP_/D
      95* |       0 |      11 |        0 |      0 |    11 |    +0.0% | -2903.112 |   -34213.1 | -3434791.0 |   1258 | riscv.dp.rf.rf\[1\]\[17\]$_DFFE_PP_/D
      96* |       0 |      11 |        0 |      0 |    11 |    +0.0% | -2903.112 |   -34213.1 | -3434791.0 |   1258 | riscv.dp.rf.rf\[1\]\[17\]$_DFFE_PP_/D
      97* |       0 |      11 |        0 |      0 |    11 |    +0.0% | -2903.112 |   -34213.1 | -3434791.0 |   1258 | riscv.dp.rf.rf\[1\]\[17\]$_DFFE_PP_/D
      98* |       0 |      11 |        0 |      0 |    11 |    +0.0% | -2903.112 |   -34213.1 | -3434791.0 |   1258 | riscv.dp.rf.rf\[1\]\[17\]$_DFFE_PP_/D
      99* |       0 |      11 |        0 |      0 |    11 |    +0.0% | -2903.112 |   -34213.1 | -3434791.0 |   1258 | riscv.dp.rf.rf\[1\]\[17\]$_DFFE_PP_/D
     100* |       0 |      11 |        0 |      0 |    11 |    +0.0% | -2903.112 |   -34213.1 | -3434791.0 |   1258 | riscv.dp.rf.rf\[1\]\[17\]$_DFFE_PP_/D
     100* |       0 |      11 |        0 |      0 |    11 |    +0.0% | -2903.112 |   -34213.1 | -3434791.0 |   1258 | riscv.dp.rf.rf\[1\]\[17\]$_DFFE_PP_/D
     101* |       0 |      11 |        0 |      0 |    11 |    +0.0% | -2903.112 |   -34213.1 | -3434791.0 |   1258 | riscv.dp.rf.rf\[1\]\[17\]$_DFFE_PP_/D
     102* |       0 |      11 |        0 |      0 |    11 |    +0.0% | -2903.112 |   -34213.1 | -3434791.0 |   1258 | riscv.dp.rf.rf\[1\]\[17\]$_DFFE_PP_/D
     103* |       0 |      11 |        0 |      0 |    11 |    +0.0% | -2903.112 |   -34213.1 | -3434791.0 |   1258 | riscv.dp.rf.rf\[1\]\[17\]$_DFFE_PP_/D
     104* |       0 |      11 |        0 |      0 |    11 |    +0.0% | -2903.112 |   -34213.1 | -3434791.0 |   1258 | riscv.dp.rf.rf\[1\]\[17\]$_DFFE_PP_/D
     105* |       0 |      11 |        0 |      0 |    11 |    +0.0% | -2903.112 |   -34213.1 | -3434791.0 |   1258 | riscv.dp.rf.rf\[1\]\[17\]$_DFFE_PP_/D
     106* |       0 |      11 |        0 |      0 |    11 |    +0.0% | -2903.112 |   -34213.1 | -3434791.0 |   1258 | riscv.dp.rf.rf\[1\]\[17\]$_DFFE_PP_/D
     107* |       0 |      11 |        0 |      0 |    11 |    +0.0% | -2903.112 |   -34213.1 | -3434791.0 |   1258 | riscv.dp.rf.rf\[1\]\[17\]$_DFFE_PP_/D
     108* |       0 |      11 |        0 |      0 |    11 |    +0.0% | -2903.112 |   -34213.1 | -3434791.0 |   1258 | riscv.dp.rf.rf\[1\]\[17\]$_DFFE_PP_/D
     109* |       0 |      11 |        0 |      0 |    11 |    +0.0% | -2903.112 |   -34213.1 | -3434791.0 |   1258 | riscv.dp.rf.rf\[1\]\[17\]$_DFFE_PP_/D
     110* |       0 |      11 |        0 |      0 |    11 |    +0.0% | -2903.112 |   -34213.1 | -3434791.0 |   1258 | riscv.dp.rf.rf\[1\]\[17\]$_DFFE_PP_/D
     110* |       0 |      11 |        0 |      0 |    11 |    +0.0% | -2903.112 |   -34213.1 | -3434791.0 |   1258 | riscv.dp.rf.rf\[1\]\[17\]$_DFFE_PP_/D
     111* |       0 |      11 |        0 |      0 |    11 |    +0.0% | -2903.112 |   -34213.1 | -3434791.0 |   1258 | riscv.dp.rf.rf\[1\]\[17\]$_DFFE_PP_/D
     112* |       0 |      11 |        0 |      0 |    11 |    +0.0% | -2903.112 |   -34213.1 | -3434791.0 |   1258 | riscv.dp.rf.rf\[1\]\[17\]$_DFFE_PP_/D
     113* |       0 |      11 |        0 |      0 |    11 |    +0.0% | -2903.112 |   -34213.1 | -3434791.0 |   1258 | riscv.dp.rf.rf\[1\]\[17\]$_DFFE_PP_/D
     114* |       0 |      11 |        0 |      0 |    11 |    +0.0% | -2903.112 |   -34213.1 | -3434791.0 |   1258 | riscv.dp.rf.rf\[1\]\[17\]$_DFFE_PP_/D
     115* |       0 |      11 |        0 |      0 |    11 |    +0.0% | -2903.112 |   -34213.1 | -3434791.0 |   1258 | riscv.dp.rf.rf\[1\]\[17\]$_DFFE_PP_/D
     116* |       0 |      11 |        0 |      0 |    11 |    +0.0% | -2903.112 |   -34213.1 | -3434791.0 |   1258 | riscv.dp.rf.rf\[1\]\[17\]$_DFFE_PP_/D
     117* |       0 |      11 |        0 |      0 |    11 |    +0.0% | -2903.112 |   -34213.1 | -3434791.0 |   1258 | riscv.dp.rf.rf\[1\]\[17\]$_DFFE_PP_/D
     118* |       0 |      11 |        0 |      0 |    11 |    +0.0% | -2903.112 |   -34213.1 | -3434791.0 |   1258 | riscv.dp.rf.rf\[1\]\[17\]$_DFFE_PP_/D
     119* |       0 |      11 |        0 |      0 |    11 |    +0.0% | -2903.112 |   -34213.1 | -3434791.0 |   1258 | riscv.dp.rf.rf\[1\]\[17\]$_DFFE_PP_/D
     120* |       0 |      11 |        0 |      0 |    11 |    +0.0% | -2903.112 |   -34213.1 | -3434791.0 |   1258 | riscv.dp.rf.rf\[1\]\[17\]$_DFFE_PP_/D
     120* |       0 |      11 |        0 |      0 |    11 |    +0.0% | -2903.112 |   -34213.1 | -3434791.0 |   1258 | riscv.dp.rf.rf\[1\]\[17\]$_DFFE_PP_/D
     121* |       0 |      11 |        0 |      0 |    11 |    +0.0% | -2903.112 |   -34213.1 | -3434791.0 |   1258 | riscv.dp.rf.rf\[1\]\[17\]$_DFFE_PP_/D
     122* |       0 |      11 |        0 |      0 |    11 |    +0.0% | -2903.112 |   -34213.1 | -3434791.0 |   1258 | riscv.dp.rf.rf\[1\]\[17\]$_DFFE_PP_/D
     123* |       0 |      11 |        0 |      0 |    11 |    +0.0% | -2903.112 |   -34213.1 | -3434791.0 |   1258 | riscv.dp.rf.rf\[1\]\[17\]$_DFFE_PP_/D
     124* |       0 |      11 |        0 |      0 |    11 |    +0.0% | -2903.112 |   -34213.1 | -3434791.0 |   1258 | riscv.dp.rf.rf\[1\]\[17\]$_DFFE_PP_/D
     125* |       0 |      11 |        0 |      0 |    11 |    +0.0% | -2903.112 |   -34213.1 | -3434791.0 |   1258 | riscv.dp.rf.rf\[1\]\[17\]$_DFFE_PP_/D
     126* |       0 |      11 |        0 |      0 |    11 |    +0.0% | -2903.112 |   -34213.1 | -3434791.0 |   1258 | riscv.dp.rf.rf\[1\]\[17\]$_DFFE_PP_/D
     127* |       0 |      11 |        0 |      0 |    11 |    +0.0% | -2903.112 |   -34213.1 | -3434791.0 |   1258 | riscv.dp.rf.rf\[1\]\[17\]$_DFFE_PP_/D
     128* |       0 |      11 |        0 |      0 |    11 |    +0.0% | -2903.112 |   -34213.1 | -3434791.0 |   1258 | riscv.dp.rf.rf\[1\]\[17\]$_DFFE_PP_/D
     129* |       0 |      11 |        0 |      0 |    11 |    +0.0% | -2903.112 |   -34213.1 | -3434791.0 |   1258 | riscv.dp.rf.rf\[1\]\[17\]$_DFFE_PP_/D
     130* |       0 |      11 |        0 |      0 |    11 |    +0.0% | -2903.112 |   -34213.1 | -3434791.0 |   1258 | riscv.dp.rf.rf\[1\]\[17\]$_DFFE_PP_/D
     130* |       0 |      11 |        0 |      0 |    11 |    +0.0% | -2903.112 |   -34213.1 | -3434791.0 |   1258 | riscv.dp.rf.rf\[1\]\[17\]$_DFFE_PP_/D
     131* |       0 |      11 |        0 |      0 |    11 |    +0.0% | -2903.112 |   -34213.1 | -3434791.0 |   1258 | riscv.dp.rf.rf\[1\]\[17\]$_DFFE_PP_/D
     132* |       0 |      11 |        0 |      0 |    11 |    +0.0% | -2903.112 |   -34213.1 | -3434791.0 |   1258 | riscv.dp.rf.rf\[1\]\[17\]$_DFFE_PP_/D
     133* |       0 |      11 |        0 |      0 |    11 |    +0.0% | -2903.112 |   -34213.1 | -3434791.0 |   1258 | riscv.dp.rf.rf\[1\]\[17\]$_DFFE_PP_/D
     134* |       0 |      11 |        0 |      0 |    11 |    +0.0% | -2903.112 |   -34213.1 | -3434791.0 |   1258 | riscv.dp.rf.rf\[1\]\[17\]$_DFFE_PP_/D
     135* |       0 |      11 |        0 |      0 |    11 |    +0.0% | -2903.112 |   -34213.1 | -3434791.0 |   1258 | riscv.dp.rf.rf\[1\]\[17\]$_DFFE_PP_/D
     136* |       0 |      11 |        0 |      0 |    11 |    +0.0% | -2903.112 |   -34213.1 | -3434791.0 |   1258 | riscv.dp.rf.rf\[1\]\[17\]$_DFFE_PP_/D
     137* |       0 |      11 |        0 |      0 |    11 |    +0.0% | -2903.112 |   -34213.1 | -3434791.0 |   1258 | riscv.dp.rf.rf\[1\]\[17\]$_DFFE_PP_/D
     138* |       0 |      11 |        0 |      0 |    11 |    +0.0% | -2903.112 |   -34213.1 | -3434791.0 |   1258 | riscv.dp.rf.rf\[1\]\[17\]$_DFFE_PP_/D
     139* |       0 |      11 |        0 |      0 |    11 |    +0.0% | -2903.112 |   -34213.1 | -3434791.0 |   1258 | riscv.dp.rf.rf\[1\]\[17\]$_DFFE_PP_/D
     140* |       0 |      11 |        0 |      0 |    11 |    +0.0% | -2903.112 |   -34213.1 | -3434791.0 |   1258 | riscv.dp.rf.rf\[1\]\[17\]$_DFFE_PP_/D
     140* |       0 |      11 |        0 |      0 |    11 |    +0.0% | -2903.112 |   -34213.1 | -3434791.0 |   1258 | riscv.dp.rf.rf\[1\]\[17\]$_DFFE_PP_/D
     141* |       0 |      11 |        0 |      0 |    11 |    +0.0% | -2903.112 |   -34213.1 | -3434791.0 |   1258 | riscv.dp.rf.rf\[1\]\[17\]$_DFFE_PP_/D
     142* |       0 |      11 |        0 |      0 |    11 |    +0.0% | -2903.112 |   -34213.1 | -3434791.0 |   1258 | riscv.dp.rf.rf\[1\]\[17\]$_DFFE_PP_/D
     143* |       0 |      11 |        0 |      0 |    11 |    +0.0% | -2903.112 |   -34213.1 | -3434791.0 |   1258 | riscv.dp.rf.rf\[1\]\[17\]$_DFFE_PP_/D
     144* |       0 |      11 |        0 |      0 |    11 |    +0.0% | -2903.112 |   -34213.1 | -3434791.0 |   1258 | riscv.dp.rf.rf\[1\]\[17\]$_DFFE_PP_/D
     145* |       0 |      11 |        0 |      0 |    11 |    +0.0% | -2903.112 |   -34213.1 | -3434791.0 |   1258 | riscv.dp.rf.rf\[1\]\[17\]$_DFFE_PP_/D
     146* |       0 |      11 |        0 |      0 |    11 |    +0.0% | -2903.112 |   -34213.1 | -3434791.0 |   1258 | riscv.dp.rf.rf\[1\]\[17\]$_DFFE_PP_/D
     147* |       0 |      11 |        0 |      0 |    11 |    +0.0% | -2903.112 |   -34213.1 | -3434791.0 |   1258 | riscv.dp.rf.rf\[1\]\[17\]$_DFFE_PP_/D
     148* |       0 |      11 |        0 |      0 |    11 |    +0.0% | -2903.112 |   -34213.1 | -3434791.0 |   1258 | riscv.dp.rf.rf\[1\]\[17\]$_DFFE_PP_/D
     149* |       0 |      11 |        0 |      0 |    11 |    +0.0% | -2903.112 |   -34213.1 | -3434791.0 |   1258 | riscv.dp.rf.rf\[1\]\[17\]$_DFFE_PP_/D
     150* |       0 |      11 |        0 |      0 |    11 |    +0.0% | -2903.112 |   -34213.1 | -3434791.0 |   1258 | riscv.dp.rf.rf\[1\]\[17\]$_DFFE_PP_/D
     150* |       0 |      11 |        0 |      0 |    11 |    +0.0% | -2903.112 |   -34213.1 | -3434791.0 |   1258 | riscv.dp.rf.rf\[1\]\[17\]$_DFFE_PP_/D
     151* |       0 |      11 |        0 |      0 |    11 |    +0.0% | -2903.112 |   -34213.1 | -3434791.0 |   1258 | riscv.dp.rf.rf\[1\]\[17\]$_DFFE_PP_/D
     152* |       0 |      11 |        0 |      0 |    11 |    +0.0% | -2903.112 |   -34213.1 | -3434791.0 |   1258 | riscv.dp.rf.rf\[1\]\[17\]$_DFFE_PP_/D
     153* |       0 |      11 |        0 |      0 |    11 |    +0.0% | -2903.112 |   -34213.1 | -3434791.0 |   1258 | riscv.dp.rf.rf\[1\]\[17\]$_DFFE_PP_/D
     154* |       0 |      11 |        0 |      0 |    11 |    +0.0% | -2903.112 |   -34213.1 | -3434791.0 |   1258 | riscv.dp.rf.rf\[1\]\[17\]$_DFFE_PP_/D
     155* |       0 |      11 |        0 |      0 |    11 |    +0.0% | -2903.112 |   -34213.1 | -3434791.0 |   1258 | riscv.dp.rf.rf\[1\]\[17\]$_DFFE_PP_/D
     156* |       0 |      11 |        0 |      0 |    11 |    +0.0% | -2903.112 |   -34213.1 | -3434791.0 |   1258 | riscv.dp.rf.rf\[1\]\[17\]$_DFFE_PP_/D
     157* |       0 |      11 |        0 |      0 |    11 |    +0.0% | -2903.112 |   -34213.1 | -3434791.0 |   1258 | riscv.dp.rf.rf\[1\]\[17\]$_DFFE_PP_/D
     158* |       0 |      11 |        0 |      0 |    11 |    +0.0% | -2903.112 |   -34213.1 | -3434791.0 |   1258 | riscv.dp.rf.rf\[1\]\[17\]$_DFFE_PP_/D
     159* |       0 |      11 |        0 |      0 |    11 |    +0.0% | -2903.112 |   -34213.1 | -3434791.0 |   1258 | riscv.dp.rf.rf\[1\]\[17\]$_DFFE_PP_/D
     160* |       0 |      11 |        0 |      0 |    11 |    +0.0% | -2903.112 |   -34213.1 | -3434791.0 |   1258 | riscv.dp.rf.rf\[1\]\[17\]$_DFFE_PP_/D
     160* |       0 |      11 |        0 |      0 |    11 |    +0.0% | -2903.112 |   -34213.1 | -3434791.0 |   1258 | riscv.dp.rf.rf\[1\]\[17\]$_DFFE_PP_/D
     161* |       0 |      11 |        0 |      0 |    11 |    +0.0% | -2903.112 |   -34213.1 | -3434791.0 |   1258 | riscv.dp.rf.rf\[1\]\[17\]$_DFFE_PP_/D
     162* |       0 |      11 |        0 |      0 |    11 |    +0.0% | -2903.112 |   -34213.1 | -3434791.0 |   1258 | riscv.dp.rf.rf\[1\]\[17\]$_DFFE_PP_/D
     163* |       0 |      11 |        0 |      0 |    11 |    +0.0% | -2903.112 |   -34213.1 | -3434791.0 |   1258 | riscv.dp.rf.rf\[1\]\[17\]$_DFFE_PP_/D
     164* |       0 |      11 |        0 |      0 |    11 |    +0.0% | -2903.112 |   -34213.1 | -3434791.0 |   1258 | riscv.dp.rf.rf\[1\]\[17\]$_DFFE_PP_/D
     165* |       0 |      11 |        0 |      0 |    11 |    +0.0% | -2903.112 |   -34213.1 | -3434791.0 |   1258 | riscv.dp.rf.rf\[1\]\[17\]$_DFFE_PP_/D
     166* |       0 |      11 |        0 |      0 |    11 |    +0.0% | -2903.112 |   -34213.1 | -3434791.0 |   1258 | riscv.dp.rf.rf\[1\]\[17\]$_DFFE_PP_/D
     167* |       0 |      11 |        0 |      0 |    11 |    +0.0% | -2903.112 |   -34213.1 | -3434791.0 |   1258 | riscv.dp.rf.rf\[1\]\[17\]$_DFFE_PP_/D
     168* |       0 |      11 |        0 |      0 |    11 |    +0.0% | -2903.112 |   -34213.1 | -3434791.0 |   1258 | riscv.dp.rf.rf\[1\]\[17\]$_DFFE_PP_/D
     169* |       0 |      11 |        0 |      0 |    11 |    +0.0% | -2903.112 |   -34213.1 | -3434791.0 |   1258 | riscv.dp.rf.rf\[1\]\[17\]$_DFFE_PP_/D
     170* |       0 |      11 |        0 |      0 |    11 |    +0.0% | -2903.112 |   -34213.1 | -3434791.0 |   1258 | riscv.dp.rf.rf\[1\]\[17\]$_DFFE_PP_/D
     170* |       0 |      11 |        0 |      0 |    11 |    +0.0% | -2903.112 |   -34213.1 | -3434791.0 |   1258 | riscv.dp.rf.rf\[1\]\[17\]$_DFFE_PP_/D
     171* |       0 |      11 |        0 |      0 |    11 |    +0.0% | -2903.112 |   -34213.1 | -3434791.0 |   1258 | riscv.dp.rf.rf\[1\]\[17\]$_DFFE_PP_/D
     172* |       0 |      11 |        0 |      0 |    11 |    +0.0% | -2903.112 |   -34213.1 | -3434791.0 |   1258 | riscv.dp.rf.rf\[1\]\[17\]$_DFFE_PP_/D
     173* |       0 |      11 |        0 |      0 |    11 |    +0.0% | -2903.112 |   -34213.1 | -3434791.0 |   1258 | riscv.dp.rf.rf\[1\]\[17\]$_DFFE_PP_/D
     174* |       0 |      11 |        0 |      0 |    11 |    +0.0% | -2903.112 |   -34213.1 | -3434791.0 |   1258 | riscv.dp.rf.rf\[1\]\[17\]$_DFFE_PP_/D
     175* |       0 |      11 |        0 |      0 |    11 |    +0.0% | -2903.112 |   -34213.1 | -3434791.0 |   1258 | riscv.dp.rf.rf\[1\]\[17\]$_DFFE_PP_/D
     176* |       0 |      11 |        0 |      0 |    11 |    +0.0% | -2903.112 |   -34213.1 | -3434791.0 |   1258 | riscv.dp.rf.rf\[1\]\[17\]$_DFFE_PP_/D
     177* |       0 |      11 |        0 |      0 |    11 |    +0.0% | -2903.112 |   -34213.1 | -3434791.0 |   1258 | riscv.dp.rf.rf\[1\]\[17\]$_DFFE_PP_/D
     178* |       0 |      11 |        0 |      0 |    11 |    +0.0% | -2903.112 |   -34213.1 | -3434791.0 |   1258 | riscv.dp.rf.rf\[1\]\[17\]$_DFFE_PP_/D
     179* |       0 |      11 |        0 |      0 |    11 |    +0.0% | -2903.112 |   -34213.1 | -3434791.0 |   1258 | riscv.dp.rf.rf\[1\]\[17\]$_DFFE_PP_/D
     180* |       0 |      11 |        0 |      0 |    11 |    +0.0% | -2903.112 |   -34213.1 | -3434791.0 |   1258 | riscv.dp.rf.rf\[1\]\[17\]$_DFFE_PP_/D
     180* |       0 |      11 |        0 |      0 |    11 |    +0.0% | -2903.112 |   -34213.1 | -3434791.0 |   1258 | riscv.dp.rf.rf\[1\]\[17\]$_DFFE_PP_/D
     181* |       0 |      11 |        0 |      0 |    11 |    +0.0% | -2903.112 |   -34213.1 | -3434791.0 |   1258 | riscv.dp.rf.rf\[1\]\[17\]$_DFFE_PP_/D
     182* |       0 |      11 |        0 |      0 |    11 |    +0.0% | -2903.112 |   -34213.1 | -3434791.0 |   1258 | riscv.dp.rf.rf\[1\]\[17\]$_DFFE_PP_/D
     183* |       0 |      11 |        0 |      0 |    11 |    +0.0% | -2903.112 |   -34213.1 | -3434791.0 |   1258 | riscv.dp.rf.rf\[1\]\[17\]$_DFFE_PP_/D
     184* |       0 |      11 |        0 |      0 |    11 |    +0.0% | -2903.112 |   -34213.1 | -3434791.0 |   1258 | riscv.dp.rf.rf\[1\]\[17\]$_DFFE_PP_/D
     185* |       0 |      11 |        0 |      0 |    11 |    +0.0% | -2903.112 |   -34213.1 | -3434791.0 |   1258 | riscv.dp.rf.rf\[1\]\[17\]$_DFFE_PP_/D
     186* |       0 |      11 |        0 |      0 |    11 |    +0.0% | -2903.112 |   -34213.1 | -3434791.0 |   1258 | riscv.dp.rf.rf\[1\]\[17\]$_DFFE_PP_/D
     187* |       0 |      11 |        0 |      0 |    11 |    +0.0% | -2903.112 |   -34213.1 | -3434791.0 |   1258 | riscv.dp.rf.rf\[1\]\[17\]$_DFFE_PP_/D
     188* |       0 |      11 |        0 |      0 |    11 |    +0.0% | -2903.112 |   -34213.1 | -3434791.0 |   1258 | riscv.dp.rf.rf\[1\]\[17\]$_DFFE_PP_/D
     189* |       0 |      11 |        0 |      0 |    11 |    +0.0% | -2903.112 |   -34213.1 | -3434791.0 |   1258 | riscv.dp.rf.rf\[1\]\[17\]$_DFFE_PP_/D
     190* |       0 |      11 |        0 |      0 |    11 |    +0.0% | -2903.112 |   -34213.1 | -3434791.0 |   1258 | riscv.dp.rf.rf\[1\]\[17\]$_DFFE_PP_/D
     190* |       0 |      11 |        0 |      0 |    11 |    +0.0% | -2903.112 |   -34213.1 | -3434791.0 |   1258 | riscv.dp.rf.rf\[1\]\[17\]$_DFFE_PP_/D
     191* |       0 |      11 |        0 |      0 |    11 |    +0.0% | -2903.112 |   -34213.1 | -3434791.0 |   1258 | riscv.dp.rf.rf\[1\]\[17\]$_DFFE_PP_/D
     192* |       0 |      11 |        0 |      0 |    11 |    +0.0% | -2903.112 |   -34213.1 | -3434791.0 |   1258 | riscv.dp.rf.rf\[1\]\[17\]$_DFFE_PP_/D
     193* |       0 |      11 |        0 |      0 |    11 |    +0.0% | -2903.112 |   -34213.1 | -3434791.0 |   1258 | riscv.dp.rf.rf\[1\]\[17\]$_DFFE_PP_/D
     194* |       0 |      11 |        0 |      0 |    11 |    +0.0% | -2903.112 |   -34213.1 | -3434791.0 |   1258 | riscv.dp.rf.rf\[1\]\[17\]$_DFFE_PP_/D
     195* |       0 |      11 |        0 |      0 |    11 |    +0.0% | -2903.112 |   -34213.1 | -3434791.0 |   1258 | riscv.dp.rf.rf\[1\]\[17\]$_DFFE_PP_/D
     196* |       0 |      11 |        0 |      0 |    11 |    +0.0% | -2903.112 |   -34213.1 | -3434791.0 |   1258 | riscv.dp.rf.rf\[1\]\[17\]$_DFFE_PP_/D
     197* |       0 |      11 |        0 |      0 |    11 |    +0.0% | -2903.112 |   -34213.1 | -3434791.0 |   1258 | riscv.dp.rf.rf\[1\]\[17\]$_DFFE_PP_/D
     198* |       0 |      11 |        0 |      0 |    11 |    +0.0% | -2903.112 |   -34213.1 | -3434791.0 |   1258 | riscv.dp.rf.rf\[1\]\[17\]$_DFFE_PP_/D
     199* |       0 |      11 |        0 |      0 |    11 |    +0.0% | -2903.112 |   -34213.1 | -3434791.0 |   1258 | riscv.dp.rf.rf\[1\]\[17\]$_DFFE_PP_/D
     200* |       0 |      11 |        0 |      0 |    11 |    +0.0% | -2903.112 |   -34213.1 | -3434791.0 |   1258 | riscv.dp.rf.rf\[1\]\[17\]$_DFFE_PP_/D
     200* |       0 |      11 |        0 |      0 |    11 |    +0.0% | -2903.112 |   -34213.1 | -3434791.0 |   1258 | riscv.dp.rf.rf\[1\]\[17\]$_DFFE_PP_/D
     201* |       0 |      11 |        0 |      0 |    11 |    +0.0% | -2903.112 |   -34213.1 | -3434791.0 |   1258 | riscv.dp.rf.rf\[1\]\[17\]$_DFFE_PP_/D
     202* |       0 |      11 |        0 |      0 |    11 |    +0.0% | -2903.112 |   -34213.1 | -3434791.0 |   1258 | riscv.dp.rf.rf\[1\]\[17\]$_DFFE_PP_/D
     203* |       0 |      11 |        0 |      0 |    11 |    +0.0% | -2903.112 |   -34213.1 | -3434791.0 |   1258 | riscv.dp.rf.rf\[1\]\[17\]$_DFFE_PP_/D
     204* |       0 |      11 |        0 |      0 |    11 |    +0.0% | -2903.112 |   -34213.1 | -3434791.0 |   1258 | riscv.dp.rf.rf\[1\]\[17\]$_DFFE_PP_/D
     205* |       0 |      11 |        0 |      0 |    11 |    +0.0% | -2903.112 |   -34213.1 | -3434791.0 |   1258 | riscv.dp.rf.rf\[1\]\[17\]$_DFFE_PP_/D
     206* |       0 |      11 |        0 |      0 |    11 |    +0.0% | -2903.112 |   -34213.1 | -3434791.0 |   1258 | riscv.dp.rf.rf\[1\]\[17\]$_DFFE_PP_/D
     207* |       0 |      11 |        0 |      0 |    11 |    +0.0% | -2903.112 |   -34213.1 | -3434791.0 |   1258 | riscv.dp.rf.rf\[1\]\[17\]$_DFFE_PP_/D
     208* |       0 |      11 |        0 |      0 |    11 |    +0.0% | -2903.112 |   -34213.1 | -3434791.0 |   1258 | riscv.dp.rf.rf\[1\]\[17\]$_DFFE_PP_/D
     209* |       0 |      11 |        0 |      0 |    11 |    +0.0% | -2903.112 |   -34213.1 | -3434791.0 |   1258 | riscv.dp.rf.rf\[1\]\[17\]$_DFFE_PP_/D
     210* |       0 |      11 |        0 |      0 |    11 |    +0.0% | -2903.112 |   -34213.1 | -3434791.0 |   1258 | riscv.dp.rf.rf\[1\]\[17\]$_DFFE_PP_/D
     210* |       0 |      11 |        0 |      0 |    11 |    +0.0% | -2903.112 |   -34213.1 | -3434791.0 |   1258 | riscv.dp.rf.rf\[1\]\[17\]$_DFFE_PP_/D
     211* |       0 |      11 |        0 |      0 |    11 |    +0.0% | -2903.112 |   -34213.1 | -3434791.0 |   1258 | riscv.dp.rf.rf\[1\]\[17\]$_DFFE_PP_/D
     212* |       0 |      11 |        0 |      0 |    11 |    +0.0% | -2903.112 |   -34213.1 | -3434791.0 |   1258 | riscv.dp.rf.rf\[1\]\[17\]$_DFFE_PP_/D
     213* |       0 |      11 |        0 |      0 |    11 |    +0.0% | -2903.112 |   -34213.1 | -3434791.0 |   1258 | riscv.dp.rf.rf\[1\]\[17\]$_DFFE_PP_/D
     214* |       0 |      11 |        0 |      0 |    11 |    +0.0% | -2903.112 |   -34213.1 | -3434791.0 |   1258 | riscv.dp.rf.rf\[1\]\[17\]$_DFFE_PP_/D
     215* |       0 |      11 |        0 |      0 |    11 |    +0.0% | -2903.112 |   -34213.1 | -3434791.0 |   1258 | riscv.dp.rf.rf\[1\]\[17\]$_DFFE_PP_/D
     216* |       0 |      11 |        0 |      0 |    11 |    +0.0% | -2903.112 |   -34213.1 | -3434791.0 |   1258 | riscv.dp.rf.rf\[1\]\[17\]$_DFFE_PP_/D
     217* |       0 |      11 |        0 |      0 |    11 |    +0.0% | -2903.112 |   -34213.1 | -3434791.0 |   1258 | riscv.dp.rf.rf\[1\]\[17\]$_DFFE_PP_/D
     218* |       0 |      11 |        0 |      0 |    11 |    +0.0% | -2903.112 |   -34213.1 | -3434791.0 |   1258 | riscv.dp.rf.rf\[1\]\[17\]$_DFFE_PP_/D
     219* |       0 |      11 |        0 |      0 |    11 |    +0.0% | -2903.112 |   -34213.1 | -3434791.0 |   1258 | riscv.dp.rf.rf\[1\]\[17\]$_DFFE_PP_/D
     220* |       0 |      11 |        0 |      0 |    11 |    +0.0% | -2903.112 |   -34213.1 | -3434791.0 |   1258 | riscv.dp.rf.rf\[1\]\[17\]$_DFFE_PP_/D
     220* |       0 |      11 |        0 |      0 |    11 |    +0.0% | -2903.112 |   -34213.1 | -3434791.0 |   1258 | riscv.dp.rf.rf\[1\]\[17\]$_DFFE_PP_/D
     221* |       0 |      11 |        0 |      0 |    11 |    +0.0% | -2903.112 |   -34213.1 | -3434791.0 |   1258 | riscv.dp.rf.rf\[1\]\[17\]$_DFFE_PP_/D
     222* |       0 |      11 |        0 |      0 |    11 |    +0.0% | -2903.112 |   -34213.1 | -3434791.0 |   1258 | riscv.dp.rf.rf\[1\]\[17\]$_DFFE_PP_/D
     223* |       0 |      11 |        0 |      0 |    11 |    +0.0% | -2903.112 |   -34213.1 | -3434791.0 |   1258 | riscv.dp.rf.rf\[1\]\[17\]$_DFFE_PP_/D
     224* |       0 |      11 |        0 |      0 |    11 |    +0.0% | -2903.112 |   -34213.1 | -3434791.0 |   1258 | riscv.dp.rf.rf\[1\]\[17\]$_DFFE_PP_/D
     225* |       0 |      11 |        0 |      0 |    11 |    +0.0% | -2903.112 |   -34213.1 | -3434791.0 |   1258 | riscv.dp.rf.rf\[1\]\[17\]$_DFFE_PP_/D
     226* |       0 |      11 |        0 |      0 |    11 |    +0.0% | -2903.112 |   -34213.1 | -3434791.0 |   1258 | riscv.dp.rf.rf\[1\]\[17\]$_DFFE_PP_/D
     227* |       0 |      11 |        0 |      0 |    11 |    +0.0% | -2903.112 |   -34213.1 | -3434791.0 |   1258 | riscv.dp.rf.rf\[1\]\[17\]$_DFFE_PP_/D
     228* |       0 |      11 |        0 |      0 |    11 |    +0.0% | -2903.112 |   -34213.1 | -3434791.0 |   1258 | riscv.dp.rf.rf\[1\]\[17\]$_DFFE_PP_/D
     229* |       0 |      11 |        0 |      0 |    11 |    +0.0% | -2903.112 |   -34213.1 | -3434791.0 |   1258 | riscv.dp.rf.rf\[1\]\[17\]$_DFFE_PP_/D
     230* |       0 |      11 |        0 |      0 |    11 |    +0.0% | -2903.112 |   -34213.1 | -3434791.0 |   1258 | riscv.dp.rf.rf\[1\]\[17\]$_DFFE_PP_/D
     230* |       0 |      11 |        0 |      0 |    11 |    +0.0% | -2903.112 |   -34213.1 | -3434791.0 |   1258 | riscv.dp.rf.rf\[1\]\[17\]$_DFFE_PP_/D
     231* |       0 |      11 |        0 |      0 |    11 |    +0.0% | -2903.112 |   -34213.1 | -3434791.0 |   1258 | riscv.dp.rf.rf\[1\]\[17\]$_DFFE_PP_/D
     232* |       0 |      11 |        0 |      0 |    11 |    +0.0% | -2903.112 |   -34213.1 | -3434791.0 |   1258 | riscv.dp.rf.rf\[1\]\[17\]$_DFFE_PP_/D
     233* |       0 |      11 |        0 |      0 |    11 |    +0.0% | -2903.112 |   -34213.1 | -3434791.0 |   1258 | riscv.dp.rf.rf\[1\]\[17\]$_DFFE_PP_/D
     234* |       0 |      11 |        0 |      0 |    11 |    +0.0% | -2903.112 |   -34213.1 | -3434791.0 |   1258 | riscv.dp.rf.rf\[1\]\[17\]$_DFFE_PP_/D
     235* |       0 |      11 |        0 |      0 |    11 |    +0.0% | -2903.112 |   -34213.1 | -3434791.0 |   1258 | riscv.dp.rf.rf\[1\]\[17\]$_DFFE_PP_/D
     236* |       0 |      11 |        0 |      0 |    11 |    +0.0% | -2903.112 |   -34213.1 | -3434791.0 |   1258 | riscv.dp.rf.rf\[1\]\[17\]$_DFFE_PP_/D
     237* |       0 |      11 |        0 |      0 |    11 |    +0.0% | -2903.112 |   -34213.1 | -3434791.0 |   1258 | riscv.dp.rf.rf\[1\]\[17\]$_DFFE_PP_/D
     238* |       0 |      11 |        0 |      0 |    11 |    +0.0% | -2903.112 |   -34213.1 | -3434791.0 |   1258 | riscv.dp.rf.rf\[1\]\[17\]$_DFFE_PP_/D
     239* |       0 |      11 |        0 |      0 |    11 |    +0.0% | -2903.112 |   -34213.1 | -3434791.0 |   1258 | riscv.dp.rf.rf\[1\]\[17\]$_DFFE_PP_/D
     240* |       0 |      11 |        0 |      0 |    11 |    +0.0% | -2903.112 |   -34213.1 | -3434791.0 |   1258 | riscv.dp.rf.rf\[1\]\[17\]$_DFFE_PP_/D
     240* |       0 |      11 |        0 |      0 |    11 |    +0.0% | -2903.112 |   -34213.1 | -3434791.0 |   1258 | riscv.dp.rf.rf\[1\]\[17\]$_DFFE_PP_/D
     241* |       0 |      11 |        0 |      0 |    11 |    +0.0% | -2903.112 |   -34213.1 | -3434791.0 |   1258 | riscv.dp.rf.rf\[1\]\[17\]$_DFFE_PP_/D
     242* |       0 |      11 |        0 |      0 |    11 |    +0.0% | -2903.112 |   -34213.1 | -3434791.0 |   1258 | riscv.dp.rf.rf\[1\]\[17\]$_DFFE_PP_/D
     243* |       0 |      11 |        0 |      0 |    11 |    +0.0% | -2903.112 |   -34213.1 | -3434791.0 |   1258 | riscv.dp.rf.rf\[1\]\[17\]$_DFFE_PP_/D
     244* |       0 |      11 |        0 |      0 |    11 |    +0.0% | -2903.112 |   -34213.1 | -3434791.0 |   1258 | riscv.dp.rf.rf\[1\]\[17\]$_DFFE_PP_/D
     245* |       0 |      11 |        0 |      0 |    11 |    +0.0% | -2903.112 |   -34213.1 | -3434791.0 |   1258 | riscv.dp.rf.rf\[1\]\[17\]$_DFFE_PP_/D
     246* |       0 |      11 |        0 |      0 |    11 |    +0.0% | -2903.112 |   -34213.1 | -3434791.0 |   1258 | riscv.dp.rf.rf\[1\]\[17\]$_DFFE_PP_/D
     247* |       0 |      11 |        0 |      0 |    11 |    +0.0% | -2903.112 |   -34213.1 | -3434791.0 |   1258 | riscv.dp.rf.rf\[1\]\[17\]$_DFFE_PP_/D
     248* |       0 |      11 |        0 |      0 |    11 |    +0.0% | -2903.112 |   -34213.1 | -3434791.0 |   1258 | riscv.dp.rf.rf\[1\]\[17\]$_DFFE_PP_/D
     249* |       0 |      11 |        0 |      0 |    11 |    +0.0% | -2903.112 |   -34213.1 | -3434791.0 |   1258 | riscv.dp.rf.rf\[1\]\[17\]$_DFFE_PP_/D
     250* |       0 |      11 |        0 |      0 |    11 |    +0.0% | -2903.112 |   -34213.1 | -3434791.0 |   1258 | riscv.dp.rf.rf\[1\]\[17\]$_DFFE_PP_/D
     250* |       0 |      11 |        0 |      0 |    11 |    +0.0% | -2903.112 |   -34213.1 | -3434791.0 |   1258 | riscv.dp.rf.rf\[1\]\[17\]$_DFFE_PP_/D
     251* |       0 |      11 |        0 |      0 |    11 |    +0.0% | -2903.112 |   -34213.1 | -3434791.0 |   1258 | riscv.dp.rf.rf\[1\]\[17\]$_DFFE_PP_/D
     252* |       0 |      11 |        0 |      0 |    11 |    +0.0% | -2903.112 |   -34213.1 | -3434791.0 |   1258 | riscv.dp.rf.rf\[1\]\[17\]$_DFFE_PP_/D
     253* |       0 |      11 |        0 |      0 |    11 |    +0.0% | -2903.112 |   -34213.1 | -3434791.0 |   1258 | riscv.dp.rf.rf\[1\]\[17\]$_DFFE_PP_/D
     254* |       0 |      11 |        0 |      0 |    11 |    +0.0% | -2903.112 |   -34213.1 | -3434791.0 |   1258 | riscv.dp.rf.rf\[1\]\[17\]$_DFFE_PP_/D
     255* |       0 |      11 |        0 |      0 |    11 |    +0.0% | -2903.112 |   -34213.1 | -3434791.0 |   1258 | riscv.dp.rf.rf\[1\]\[17\]$_DFFE_PP_/D
     256* |       0 |      11 |        0 |      0 |    11 |    +0.0% | -2903.112 |   -34213.1 | -3434791.0 |   1258 | riscv.dp.rf.rf\[1\]\[17\]$_DFFE_PP_/D
     257* |       0 |      11 |        0 |      0 |    11 |    +0.0% | -2903.112 |   -34213.1 | -3434791.0 |   1258 | riscv.dp.rf.rf\[1\]\[17\]$_DFFE_PP_/D
     258* |       0 |      11 |        0 |      0 |    11 |    +0.0% | -2903.112 |   -34213.1 | -3434791.0 |   1258 | riscv.dp.rf.rf\[1\]\[17\]$_DFFE_PP_/D
     259* |       0 |      11 |        0 |      0 |    11 |    +0.0% | -2903.112 |   -34213.1 | -3434791.0 |   1258 | riscv.dp.rf.rf\[1\]\[17\]$_DFFE_PP_/D
     260* |       0 |      11 |        0 |      0 |    11 |    +0.0% | -2903.112 |   -34213.1 | -3434791.0 |   1258 | riscv.dp.rf.rf\[1\]\[17\]$_DFFE_PP_/D
     260* |       0 |      11 |        0 |      0 |    11 |    +0.0% | -2903.112 |   -34213.1 | -3434791.0 |   1258 | riscv.dp.rf.rf\[1\]\[17\]$_DFFE_PP_/D
     261* |       0 |      11 |        0 |      0 |    11 |    +0.0% | -2903.112 |   -34213.1 | -3434791.0 |   1258 | riscv.dp.rf.rf\[1\]\[17\]$_DFFE_PP_/D
     262* |       0 |      11 |        0 |      0 |    11 |    +0.0% | -2903.112 |   -34213.1 | -3434791.0 |   1258 | riscv.dp.rf.rf\[1\]\[17\]$_DFFE_PP_/D
     263* |       0 |      11 |        0 |      0 |    11 |    +0.0% | -2903.112 |   -34213.1 | -3434791.0 |   1258 | riscv.dp.rf.rf\[1\]\[17\]$_DFFE_PP_/D
     264* |       0 |      11 |        0 |      0 |    11 |    +0.0% | -2903.112 |   -34213.1 | -3434791.0 |   1258 | riscv.dp.rf.rf\[1\]\[17\]$_DFFE_PP_/D
     265* |       0 |      11 |        0 |      0 |    11 |    +0.0% | -2903.112 |   -34213.1 | -3434791.0 |   1258 | riscv.dp.rf.rf\[1\]\[17\]$_DFFE_PP_/D
     266* |       0 |      11 |        0 |      0 |    11 |    +0.0% | -2903.112 |   -34213.1 | -3434791.0 |   1258 | riscv.dp.rf.rf\[1\]\[17\]$_DFFE_PP_/D
     267* |       0 |      11 |        0 |      0 |    11 |    +0.0% | -2903.112 |   -34213.1 | -3434791.0 |   1258 | riscv.dp.rf.rf\[1\]\[17\]$_DFFE_PP_/D
     268* |       0 |      11 |        0 |      0 |    11 |    +0.0% | -2903.112 |   -34213.1 | -3434791.0 |   1258 | riscv.dp.rf.rf\[1\]\[17\]$_DFFE_PP_/D
     269* |       0 |      11 |        0 |      0 |    11 |    +0.0% | -2903.112 |   -34213.1 | -3434791.0 |   1258 | riscv.dp.rf.rf\[1\]\[17\]$_DFFE_PP_/D
     270* |       0 |      11 |        0 |      0 |    11 |    +0.0% | -2903.112 |   -34213.1 | -3434791.0 |   1258 | riscv.dp.rf.rf\[1\]\[17\]$_DFFE_PP_/D
     270* |       0 |      11 |        0 |      0 |    11 |    +0.0% | -2903.112 |   -34213.1 | -3434791.0 |   1258 | riscv.dp.rf.rf\[1\]\[17\]$_DFFE_PP_/D
     271* |       0 |      11 |        0 |      0 |    11 |    +0.0% | -2903.112 |   -34213.1 | -3434791.0 |   1258 | riscv.dp.rf.rf\[1\]\[17\]$_DFFE_PP_/D
     272* |       0 |      11 |        0 |      0 |    11 |    +0.0% | -2903.112 |   -34213.1 | -3434791.0 |   1258 | riscv.dp.rf.rf\[1\]\[17\]$_DFFE_PP_/D
     273* |       0 |      11 |        0 |      0 |    11 |    +0.0% | -2903.112 |   -34213.1 | -3434791.0 |   1258 | riscv.dp.rf.rf\[1\]\[17\]$_DFFE_PP_/D
     274* |       0 |      11 |        0 |      0 |    11 |    +0.0% | -2903.112 |   -34213.1 | -3434791.0 |   1258 | riscv.dp.rf.rf\[1\]\[17\]$_DFFE_PP_/D
     275* |       0 |      11 |        0 |      0 |    11 |    +0.0% | -2903.112 |   -34213.1 | -3434791.0 |   1258 | riscv.dp.rf.rf\[1\]\[17\]$_DFFE_PP_/D
     276* |       0 |      11 |        0 |      0 |    11 |    +0.0% | -2903.112 |   -34213.1 | -3434791.0 |   1258 | riscv.dp.rf.rf\[1\]\[17\]$_DFFE_PP_/D
     277* |       0 |      11 |        0 |      0 |    11 |    +0.0% | -2903.112 |   -34213.1 | -3434791.0 |   1258 | riscv.dp.rf.rf\[1\]\[17\]$_DFFE_PP_/D
     278* |       0 |      11 |        0 |      0 |    11 |    +0.0% | -2903.112 |   -34213.1 | -3434791.0 |   1258 | riscv.dp.rf.rf\[1\]\[17\]$_DFFE_PP_/D
     279* |       0 |      11 |        0 |      0 |    11 |    +0.0% | -2903.112 |   -34213.1 | -3434791.0 |   1258 | riscv.dp.rf.rf\[1\]\[17\]$_DFFE_PP_/D
     280* |       0 |      11 |        0 |      0 |    11 |    +0.0% | -2903.112 |   -34213.1 | -3434791.0 |   1258 | riscv.dp.rf.rf\[1\]\[17\]$_DFFE_PP_/D
     280* |       0 |      11 |        0 |      0 |    11 |    +0.0% | -2903.112 |   -34213.1 | -3434791.0 |   1258 | riscv.dp.rf.rf\[1\]\[17\]$_DFFE_PP_/D
     281* |       0 |      11 |        0 |      0 |    11 |    +0.0% | -2903.112 |   -34213.1 | -3434791.0 |   1258 | riscv.dp.rf.rf\[1\]\[17\]$_DFFE_PP_/D
     282* |       0 |      11 |        0 |      0 |    11 |    +0.0% | -2903.112 |   -34213.1 | -3434791.0 |   1258 | riscv.dp.rf.rf\[1\]\[17\]$_DFFE_PP_/D
     283* |       0 |      11 |        0 |      0 |    11 |    +0.0% | -2903.112 |   -34213.1 | -3434791.0 |   1258 | riscv.dp.rf.rf\[1\]\[17\]$_DFFE_PP_/D
     284* |       0 |      11 |        0 |      0 |    11 |    +0.0% | -2903.112 |   -34213.1 | -3434791.0 |   1258 | riscv.dp.rf.rf\[1\]\[17\]$_DFFE_PP_/D
     285* |       0 |      11 |        0 |      0 |    11 |    +0.0% | -2903.112 |   -34213.1 | -3434791.0 |   1258 | riscv.dp.rf.rf\[1\]\[17\]$_DFFE_PP_/D
     286* |       0 |      11 |        0 |      0 |    11 |    +0.0% | -2903.112 |   -34213.1 | -3434791.0 |   1258 | riscv.dp.rf.rf\[1\]\[17\]$_DFFE_PP_/D
     287* |       0 |      11 |        0 |      0 |    11 |    +0.0% | -2903.112 |   -34213.1 | -3434791.0 |   1258 | riscv.dp.rf.rf\[1\]\[17\]$_DFFE_PP_/D
     288* |       0 |      11 |        0 |      0 |    11 |    +0.0% | -2903.112 |   -34213.1 | -3434791.0 |   1258 | riscv.dp.rf.rf\[1\]\[17\]$_DFFE_PP_/D
     289* |       0 |      11 |        0 |      0 |    11 |    +0.0% | -2903.112 |   -34213.1 | -3434791.0 |   1258 | riscv.dp.rf.rf\[1\]\[17\]$_DFFE_PP_/D
     290* |       0 |      11 |        0 |      0 |    11 |    +0.0% | -2903.112 |   -34213.1 | -3434791.0 |   1258 | riscv.dp.rf.rf\[1\]\[17\]$_DFFE_PP_/D
     290* |       0 |      11 |        0 |      0 |    11 |    +0.0% | -2903.112 |   -34213.1 | -3434791.0 |   1258 | riscv.dp.rf.rf\[1\]\[17\]$_DFFE_PP_/D
     291* |       0 |      11 |        0 |      0 |    11 |    +0.0% | -2903.112 |   -34213.1 | -3434791.0 |   1258 | riscv.dp.rf.rf\[1\]\[17\]$_DFFE_PP_/D
     292* |       0 |      11 |        0 |      0 |    11 |    +0.0% | -2903.112 |   -34213.1 | -3434791.0 |   1258 | riscv.dp.rf.rf\[1\]\[17\]$_DFFE_PP_/D
     293* |       0 |      11 |        0 |      0 |    11 |    +0.0% | -2903.112 |   -34213.1 | -3434791.0 |   1258 | riscv.dp.rf.rf\[1\]\[17\]$_DFFE_PP_/D
     294* |       0 |      11 |        0 |      0 |    11 |    +0.0% | -2903.112 |   -34213.1 | -3434791.0 |   1258 | riscv.dp.rf.rf\[1\]\[17\]$_DFFE_PP_/D
     295* |       0 |      11 |        0 |      0 |    11 |    +0.0% | -2903.112 |   -34213.1 | -3434791.0 |   1258 | riscv.dp.rf.rf\[1\]\[17\]$_DFFE_PP_/D
     296* |       0 |      11 |        0 |      0 |    11 |    +0.0% | -2903.112 |   -34213.1 | -3434791.0 |   1258 | riscv.dp.rf.rf\[1\]\[17\]$_DFFE_PP_/D
     297* |       0 |      11 |        0 |      0 |    11 |    +0.0% | -2903.112 |   -34213.1 | -3434791.0 |   1258 | riscv.dp.rf.rf\[1\]\[17\]$_DFFE_PP_/D
     298* |       0 |      11 |        0 |      0 |    11 |    +0.0% | -2903.112 |   -34213.1 | -3434791.0 |   1258 | riscv.dp.rf.rf\[1\]\[17\]$_DFFE_PP_/D
     299* |       0 |      11 |        0 |      0 |    11 |    +0.0% | -2903.112 |   -34213.1 | -3434791.0 |   1258 | riscv.dp.rf.rf\[1\]\[17\]$_DFFE_PP_/D
     300* |       0 |      11 |        0 |      0 |    11 |    +0.0% | -2903.112 |   -34213.1 | -3434791.0 |   1258 | riscv.dp.rf.rf\[1\]\[17\]$_DFFE_PP_/D
     300* |       0 |      11 |        0 |      0 |    11 |    +0.0% | -2903.112 |   -34213.1 | -3434791.0 |   1258 | riscv.dp.rf.rf\[1\]\[17\]$_DFFE_PP_/D
     301* |       0 |      11 |        0 |      0 |    11 |    +0.0% | -2903.112 |   -34213.1 | -3434791.0 |   1258 | riscv.dp.rf.rf\[1\]\[17\]$_DFFE_PP_/D
     302* |       0 |      11 |        0 |      0 |    11 |    +0.0% | -2903.112 |   -34213.1 | -3434791.0 |   1258 | riscv.dp.rf.rf\[1\]\[17\]$_DFFE_PP_/D
     303* |       0 |      11 |        0 |      0 |    11 |    +0.0% | -2903.112 |   -34213.1 | -3434791.0 |   1258 | riscv.dp.rf.rf\[1\]\[17\]$_DFFE_PP_/D
     304* |       0 |      11 |        0 |      0 |    11 |    +0.0% | -2903.112 |   -34213.1 | -3434791.0 |   1258 | riscv.dp.rf.rf\[1\]\[17\]$_DFFE_PP_/D
     305* |       0 |      11 |        0 |      0 |    11 |    +0.0% | -2903.112 |   -34213.1 | -3434791.0 |   1258 | riscv.dp.rf.rf\[1\]\[17\]$_DFFE_PP_/D
     306* |       0 |      11 |        0 |      0 |    11 |    +0.0% | -2903.112 |   -34213.1 | -3434791.0 |   1258 | riscv.dp.rf.rf\[1\]\[17\]$_DFFE_PP_/D
     307* |       0 |      11 |        0 |      0 |    11 |    +0.0% | -2903.112 |   -34213.1 | -3434791.0 |   1258 | riscv.dp.rf.rf\[1\]\[17\]$_DFFE_PP_/D
     308* |       0 |      11 |        0 |      0 |    11 |    +0.0% | -2903.112 |   -34213.1 | -3434791.0 |   1258 | riscv.dp.rf.rf\[1\]\[17\]$_DFFE_PP_/D
     309* |       0 |      11 |        0 |      0 |    11 |    +0.0% | -2903.112 |   -34213.1 | -3434791.0 |   1258 | riscv.dp.rf.rf\[1\]\[17\]$_DFFE_PP_/D
     310* |       0 |      11 |        0 |      0 |    11 |    +0.0% | -2903.112 |   -34213.1 | -3434791.0 |   1258 | riscv.dp.rf.rf\[1\]\[17\]$_DFFE_PP_/D
     310* |       0 |      11 |        0 |      0 |    11 |    +0.0% | -2903.112 |   -34213.1 | -3434791.0 |   1258 | riscv.dp.rf.rf\[1\]\[17\]$_DFFE_PP_/D
     311* |       0 |      11 |        0 |      0 |    11 |    +0.0% | -2903.112 |   -34213.1 | -3434791.0 |   1258 | riscv.dp.rf.rf\[1\]\[17\]$_DFFE_PP_/D
     312* |       0 |      11 |        0 |      0 |    11 |    +0.0% | -2903.112 |   -34213.1 | -3434791.0 |   1258 | riscv.dp.rf.rf\[1\]\[17\]$_DFFE_PP_/D
     313* |       0 |      11 |        0 |      0 |    11 |    +0.0% | -2903.112 |   -34213.1 | -3434791.0 |   1258 | riscv.dp.rf.rf\[1\]\[17\]$_DFFE_PP_/D
     314* |       0 |      11 |        0 |      0 |    11 |    +0.0% | -2903.112 |   -34213.1 | -3434791.0 |   1258 | riscv.dp.rf.rf\[1\]\[17\]$_DFFE_PP_/D
     315* |       0 |      11 |        0 |      0 |    11 |    +0.0% | -2903.112 |   -34213.1 | -3434791.0 |   1258 | riscv.dp.rf.rf\[1\]\[17\]$_DFFE_PP_/D
     316* |       0 |      11 |        0 |      0 |    11 |    +0.0% | -2903.112 |   -34213.1 | -3434791.0 |   1258 | riscv.dp.rf.rf\[1\]\[17\]$_DFFE_PP_/D
     317* |       0 |      11 |        0 |      0 |    11 |    +0.0% | -2903.112 |   -34213.1 | -3434791.0 |   1258 | riscv.dp.rf.rf\[1\]\[17\]$_DFFE_PP_/D
     318* |       0 |      11 |        0 |      0 |    11 |    +0.0% | -2903.112 |   -34213.1 | -3434791.0 |   1258 | riscv.dp.rf.rf\[1\]\[17\]$_DFFE_PP_/D
     319* |       0 |      11 |        0 |      0 |    11 |    +0.0% | -2903.112 |   -34213.1 | -3434791.0 |   1258 | riscv.dp.rf.rf\[1\]\[17\]$_DFFE_PP_/D
     320* |       0 |      11 |        0 |      0 |    11 |    +0.0% | -2903.112 |   -34213.1 | -3434791.0 |   1258 | riscv.dp.rf.rf\[1\]\[17\]$_DFFE_PP_/D
     320* |       0 |      11 |        0 |      0 |    11 |    +0.0% | -2903.112 |   -34213.1 | -3434791.0 |   1258 | riscv.dp.rf.rf\[1\]\[17\]$_DFFE_PP_/D
     321* |       0 |      11 |        0 |      0 |    11 |    +0.0% | -2903.112 |   -34213.1 | -3434791.0 |   1258 | riscv.dp.rf.rf\[1\]\[17\]$_DFFE_PP_/D
     322* |       0 |      11 |        0 |      0 |    11 |    +0.0% | -2903.112 |   -34213.1 | -3434791.0 |   1258 | riscv.dp.rf.rf\[1\]\[17\]$_DFFE_PP_/D
     323* |       0 |      11 |        0 |      0 |    11 |    +0.0% | -2903.112 |   -34213.1 | -3434791.0 |   1258 | riscv.dp.rf.rf\[1\]\[17\]$_DFFE_PP_/D
     324* |       0 |      11 |        0 |      0 |    11 |    +0.0% | -2903.112 |   -34213.1 | -3434791.0 |   1258 | riscv.dp.rf.rf\[1\]\[17\]$_DFFE_PP_/D
     325* |       0 |      11 |        0 |      0 |    11 |    +0.0% | -2903.112 |   -34213.1 | -3434791.0 |   1258 | riscv.dp.rf.rf\[1\]\[17\]$_DFFE_PP_/D
     326* |       0 |      11 |        0 |      0 |    11 |    +0.0% | -2903.112 |   -34213.1 | -3434791.0 |   1258 | riscv.dp.rf.rf\[1\]\[17\]$_DFFE_PP_/D
     327* |       0 |      11 |        0 |      0 |    11 |    +0.0% | -2903.112 |   -34213.1 | -3434791.0 |   1258 | riscv.dp.rf.rf\[1\]\[17\]$_DFFE_PP_/D
     328* |       0 |      11 |        0 |      0 |    11 |    +0.0% | -2903.112 |   -34213.1 | -3434791.0 |   1258 | riscv.dp.rf.rf\[1\]\[17\]$_DFFE_PP_/D
     329* |       0 |      11 |        0 |      0 |    11 |    +0.0% | -2903.112 |   -34213.1 | -3434791.0 |   1258 | riscv.dp.rf.rf\[1\]\[17\]$_DFFE_PP_/D
     330* |       0 |      11 |        0 |      0 |    11 |    +0.0% | -2903.112 |   -34213.1 | -3434791.0 |   1258 | riscv.dp.rf.rf\[1\]\[17\]$_DFFE_PP_/D
     330* |       0 |      11 |        0 |      0 |    11 |    +0.0% | -2903.112 |   -34213.1 | -3434791.0 |   1258 | riscv.dp.rf.rf\[1\]\[17\]$_DFFE_PP_/D
     331* |       0 |      11 |        0 |      0 |    11 |    +0.0% | -2903.112 |   -34213.1 | -3434791.0 |   1258 | riscv.dp.rf.rf\[1\]\[17\]$_DFFE_PP_/D
     332* |       0 |      11 |        0 |      0 |    11 |    +0.0% | -2903.112 |   -34213.1 | -3434791.0 |   1258 | riscv.dp.rf.rf\[1\]\[17\]$_DFFE_PP_/D
     333* |       0 |      11 |        0 |      0 |    11 |    +0.0% | -2903.112 |   -34213.1 | -3434791.0 |   1258 | riscv.dp.rf.rf\[1\]\[17\]$_DFFE_PP_/D
     334* |       0 |      11 |        0 |      0 |    11 |    +0.0% | -2903.112 |   -34213.1 | -3434791.0 |   1258 | riscv.dp.rf.rf\[1\]\[17\]$_DFFE_PP_/D
     335* |       0 |      11 |        0 |      0 |    11 |    +0.0% | -2903.112 |   -34213.1 | -3434791.0 |   1258 | riscv.dp.rf.rf\[1\]\[17\]$_DFFE_PP_/D
     336* |       0 |      11 |        0 |      0 |    11 |    +0.0% | -2903.112 |   -34213.1 | -3434791.0 |   1258 | riscv.dp.rf.rf\[1\]\[17\]$_DFFE_PP_/D
     337* |       0 |      11 |        0 |      0 |    11 |    +0.0% | -2903.112 |   -34213.1 | -3434791.0 |   1258 | riscv.dp.rf.rf\[1\]\[17\]$_DFFE_PP_/D
     338* |       0 |      11 |        0 |      0 |    11 |    +0.0% | -2903.112 |   -34213.1 | -3434791.0 |   1258 | riscv.dp.rf.rf\[1\]\[17\]$_DFFE_PP_/D
     339* |       0 |      11 |        0 |      0 |    11 |    +0.0% | -2903.112 |   -34213.1 | -3434791.0 |   1258 | riscv.dp.rf.rf\[1\]\[17\]$_DFFE_PP_/D
     340* |       0 |      11 |        0 |      0 |    11 |    +0.0% | -2903.112 |   -34213.1 | -3434791.0 |   1258 | riscv.dp.rf.rf\[1\]\[17\]$_DFFE_PP_/D
     340* |       0 |      11 |        0 |      0 |    11 |    +0.0% | -2903.112 |   -34213.1 | -3434791.0 |   1258 | riscv.dp.rf.rf\[1\]\[17\]$_DFFE_PP_/D
     341* |       0 |      11 |        0 |      0 |    11 |    +0.0% | -2903.112 |   -34213.1 | -3434791.0 |   1258 | riscv.dp.rf.rf\[1\]\[17\]$_DFFE_PP_/D
     342* |       0 |      11 |        0 |      0 |    11 |    +0.0% | -2903.112 |   -34213.1 | -3434791.0 |   1258 | riscv.dp.rf.rf\[1\]\[17\]$_DFFE_PP_/D
     343* |       0 |      11 |        0 |      0 |    11 |    +0.0% | -2903.112 |   -34213.1 | -3434791.0 |   1258 | riscv.dp.rf.rf\[1\]\[17\]$_DFFE_PP_/D
     344* |       0 |      11 |        0 |      0 |    11 |    +0.0% | -2903.112 |   -34213.1 | -3434791.0 |   1258 | riscv.dp.rf.rf\[1\]\[17\]$_DFFE_PP_/D
     345* |       0 |      11 |        0 |      0 |    11 |    +0.0% | -2903.112 |   -34213.1 | -3434791.0 |   1258 | riscv.dp.rf.rf\[1\]\[17\]$_DFFE_PP_/D
     346* |       0 |      11 |        0 |      0 |    11 |    +0.0% | -2903.112 |   -34213.1 | -3434791.0 |   1258 | riscv.dp.rf.rf\[1\]\[17\]$_DFFE_PP_/D
     347* |       0 |      11 |        0 |      0 |    11 |    +0.0% | -2903.112 |   -34213.1 | -3434791.0 |   1258 | riscv.dp.rf.rf\[1\]\[17\]$_DFFE_PP_/D
     348* |       0 |      11 |        0 |      0 |    11 |    +0.0% | -2903.112 |   -34213.1 | -3434791.0 |   1258 | riscv.dp.rf.rf\[1\]\[17\]$_DFFE_PP_/D
     349* |       0 |      11 |        0 |      0 |    11 |    +0.0% | -2903.112 |   -34213.1 | -3434791.0 |   1258 | riscv.dp.rf.rf\[1\]\[17\]$_DFFE_PP_/D
     350* |       0 |      11 |        0 |      0 |    11 |    +0.0% | -2903.112 |   -34213.1 | -3434791.0 |   1258 | riscv.dp.rf.rf\[1\]\[17\]$_DFFE_PP_/D
     350* |       0 |      11 |        0 |      0 |    11 |    +0.0% | -2903.112 |   -34213.1 | -3434791.0 |   1258 | riscv.dp.rf.rf\[1\]\[17\]$_DFFE_PP_/D
     351* |       0 |      11 |        0 |      0 |    11 |    +0.0% | -2903.112 |   -34213.1 | -3434791.0 |   1258 | riscv.dp.rf.rf\[1\]\[17\]$_DFFE_PP_/D
     352* |       0 |      11 |        0 |      0 |    11 |    +0.0% | -2903.112 |   -34213.1 | -3434791.0 |   1258 | riscv.dp.rf.rf\[1\]\[17\]$_DFFE_PP_/D
     353* |       0 |      11 |        0 |      0 |    11 |    +0.0% | -2903.112 |   -34213.1 | -3434791.0 |   1258 | riscv.dp.rf.rf\[1\]\[17\]$_DFFE_PP_/D
     354* |       0 |      11 |        0 |      0 |    11 |    +0.0% | -2903.112 |   -34213.1 | -3434791.0 |   1258 | riscv.dp.rf.rf\[1\]\[17\]$_DFFE_PP_/D
     355* |       0 |      11 |        0 |      0 |    11 |    +0.0% | -2903.112 |   -34213.1 | -3434791.0 |   1258 | riscv.dp.rf.rf\[1\]\[17\]$_DFFE_PP_/D
     356* |       0 |      11 |        0 |      0 |    11 |    +0.0% | -2903.112 |   -34213.1 | -3434791.0 |   1258 | riscv.dp.rf.rf\[1\]\[17\]$_DFFE_PP_/D
     357* |       0 |      11 |        0 |      0 |    11 |    +0.0% | -2903.112 |   -34213.1 | -3434791.0 |   1258 | riscv.dp.rf.rf\[1\]\[17\]$_DFFE_PP_/D
     358* |       0 |      11 |        0 |      0 |    11 |    +0.0% | -2903.112 |   -34213.1 | -3434791.0 |   1258 | riscv.dp.rf.rf\[1\]\[17\]$_DFFE_PP_/D
     359* |       0 |      11 |        0 |      0 |    11 |    +0.0% | -2903.112 |   -34213.1 | -3434791.0 |   1258 | riscv.dp.rf.rf\[1\]\[17\]$_DFFE_PP_/D
     360* |       0 |      11 |        0 |      0 |    11 |    +0.0% | -2903.112 |   -34213.1 | -3434791.0 |   1258 | riscv.dp.rf.rf\[1\]\[17\]$_DFFE_PP_/D
     360* |       0 |      11 |        0 |      0 |    11 |    +0.0% | -2903.112 |   -34213.1 | -3434791.0 |   1258 | riscv.dp.rf.rf\[1\]\[17\]$_DFFE_PP_/D
     361* |       0 |      11 |        0 |      0 |    11 |    +0.0% | -2903.112 |   -34213.1 | -3434791.0 |   1258 | riscv.dp.rf.rf\[1\]\[17\]$_DFFE_PP_/D
     362* |       0 |      11 |        0 |      0 |    11 |    +0.0% | -2903.112 |   -34213.1 | -3434791.0 |   1258 | riscv.dp.rf.rf\[1\]\[17\]$_DFFE_PP_/D
     363* |       0 |      11 |        0 |      0 |    11 |    +0.0% | -2903.112 |   -34213.1 | -3434791.0 |   1258 | riscv.dp.rf.rf\[1\]\[17\]$_DFFE_PP_/D
     364* |       0 |      11 |        0 |      0 |    11 |    +0.0% | -2903.112 |   -34213.1 | -3434791.0 |   1258 | riscv.dp.rf.rf\[1\]\[17\]$_DFFE_PP_/D
     365* |       0 |      11 |        0 |      0 |    11 |    +0.0% | -2903.112 |   -34213.1 | -3434791.0 |   1258 | riscv.dp.rf.rf\[1\]\[17\]$_DFFE_PP_/D
     366* |       0 |      11 |        0 |      0 |    11 |    +0.0% | -2903.112 |   -34213.1 | -3434791.0 |   1258 | riscv.dp.rf.rf\[1\]\[17\]$_DFFE_PP_/D
     367* |       0 |      11 |        0 |      0 |    11 |    +0.0% | -2903.112 |   -34213.1 | -3434791.0 |   1258 | riscv.dp.rf.rf\[1\]\[17\]$_DFFE_PP_/D
     368* |       0 |      11 |        0 |      0 |    11 |    +0.0% | -2903.112 |   -34213.1 | -3434791.0 |   1258 | riscv.dp.rf.rf\[1\]\[17\]$_DFFE_PP_/D
     369* |       0 |      11 |        0 |      0 |    11 |    +0.0% | -2903.112 |   -34213.1 | -3434791.0 |   1258 | riscv.dp.rf.rf\[1\]\[17\]$_DFFE_PP_/D
     370* |       0 |      11 |        0 |      0 |    11 |    +0.0% | -2903.112 |   -34213.1 | -3434791.0 |   1258 | riscv.dp.rf.rf\[1\]\[17\]$_DFFE_PP_/D
     370* |       0 |      11 |        0 |      0 |    11 |    +0.0% | -2903.112 |   -34213.1 | -3434791.0 |   1258 | riscv.dp.rf.rf\[1\]\[17\]$_DFFE_PP_/D
     371* |       0 |      11 |        0 |      0 |    11 |    +0.0% | -2903.112 |   -34213.1 | -3434791.0 |   1258 | riscv.dp.rf.rf\[1\]\[17\]$_DFFE_PP_/D
     372* |       0 |      11 |        0 |      0 |    11 |    +0.0% | -2903.112 |   -34213.1 | -3434791.0 |   1258 | riscv.dp.rf.rf\[1\]\[17\]$_DFFE_PP_/D
     373* |       0 |      11 |        0 |      0 |    11 |    +0.0% | -2903.112 |   -34213.1 | -3434791.0 |   1258 | riscv.dp.rf.rf\[1\]\[17\]$_DFFE_PP_/D
     374* |       0 |      11 |        0 |      0 |    11 |    +0.0% | -2903.112 |   -34213.1 | -3434791.0 |   1258 | riscv.dp.rf.rf\[1\]\[17\]$_DFFE_PP_/D
     375* |       0 |      11 |        0 |      0 |    11 |    +0.0% | -2903.112 |   -34213.1 | -3434791.0 |   1258 | riscv.dp.rf.rf\[1\]\[17\]$_DFFE_PP_/D
     376* |       0 |      11 |        0 |      0 |    11 |    +0.0% | -2903.112 |   -34213.1 | -3434791.0 |   1258 | riscv.dp.rf.rf\[1\]\[17\]$_DFFE_PP_/D
     377* |       0 |      11 |        0 |      0 |    11 |    +0.0% | -2903.112 |   -34213.1 | -3434791.0 |   1258 | riscv.dp.rf.rf\[1\]\[17\]$_DFFE_PP_/D
     378* |       0 |      11 |        0 |      0 |    11 |    +0.0% | -2903.112 |   -34213.1 | -3434791.0 |   1258 | riscv.dp.rf.rf\[1\]\[17\]$_DFFE_PP_/D
     379* |       0 |      11 |        0 |      0 |    11 |    +0.0% | -2903.112 |   -34213.1 | -3434791.0 |   1258 | riscv.dp.rf.rf\[1\]\[17\]$_DFFE_PP_/D
     380* |       0 |      11 |        0 |      0 |    11 |    +0.0% | -2903.112 |   -34213.1 | -3434791.0 |   1258 | riscv.dp.rf.rf\[1\]\[17\]$_DFFE_PP_/D
     380* |       0 |      11 |        0 |      0 |    11 |    +0.0% | -2903.112 |   -34213.1 | -3434791.0 |   1258 | riscv.dp.rf.rf\[1\]\[17\]$_DFFE_PP_/D
     381* |       0 |      11 |        0 |      0 |    11 |    +0.0% | -2903.112 |   -34213.1 | -3434791.0 |   1258 | riscv.dp.rf.rf\[1\]\[17\]$_DFFE_PP_/D
     382* |       0 |      11 |        0 |      0 |    11 |    +0.0% | -2903.112 |   -34213.1 | -3434791.0 |   1258 | riscv.dp.rf.rf\[1\]\[17\]$_DFFE_PP_/D
     383* |       0 |      11 |        0 |      0 |    11 |    +0.0% | -2903.112 |   -34213.1 | -3434791.0 |   1258 | riscv.dp.rf.rf\[1\]\[17\]$_DFFE_PP_/D
     384* |       0 |      11 |        0 |      0 |    11 |    +0.0% | -2903.112 |   -34213.1 | -3434791.0 |   1258 | riscv.dp.rf.rf\[1\]\[17\]$_DFFE_PP_/D
     385* |       0 |      11 |        0 |      0 |    11 |    +0.0% | -2903.112 |   -34213.1 | -3434791.0 |   1258 | riscv.dp.rf.rf\[1\]\[17\]$_DFFE_PP_/D
     386* |       0 |      11 |        0 |      0 |    11 |    +0.0% | -2903.112 |   -34213.1 | -3434791.0 |   1258 | riscv.dp.rf.rf\[1\]\[17\]$_DFFE_PP_/D
     387* |       0 |      11 |        0 |      0 |    11 |    +0.0% | -2903.112 |   -34213.1 | -3434791.0 |   1258 | riscv.dp.rf.rf\[1\]\[17\]$_DFFE_PP_/D
     388* |       0 |      11 |        0 |      0 |    11 |    +0.0% | -2903.112 |   -34213.1 | -3434791.0 |   1258 | riscv.dp.rf.rf\[1\]\[17\]$_DFFE_PP_/D
     389* |       0 |      11 |        0 |      0 |    11 |    +0.0% | -2903.112 |   -34213.1 | -3434791.0 |   1258 | riscv.dp.rf.rf\[1\]\[17\]$_DFFE_PP_/D
     390* |       0 |      11 |        0 |      0 |    11 |    +0.0% | -2903.112 |   -34213.1 | -3434791.0 |   1258 | riscv.dp.rf.rf\[1\]\[17\]$_DFFE_PP_/D
     390* |       0 |      11 |        0 |      0 |    11 |    +0.0% | -2903.112 |   -34213.1 | -3434791.0 |   1258 | riscv.dp.rf.rf\[1\]\[17\]$_DFFE_PP_/D
     391* |       0 |      11 |        0 |      0 |    11 |    +0.0% | -2903.112 |   -34213.1 | -3434791.0 |   1258 | riscv.dp.rf.rf\[1\]\[17\]$_DFFE_PP_/D
     392* |       0 |      11 |        0 |      0 |    11 |    +0.0% | -2903.112 |   -34213.1 | -3434791.0 |   1258 | riscv.dp.rf.rf\[1\]\[17\]$_DFFE_PP_/D
     393* |       0 |      11 |        0 |      0 |    11 |    +0.0% | -2903.112 |   -34213.1 | -3434791.0 |   1258 | riscv.dp.rf.rf\[1\]\[17\]$_DFFE_PP_/D
     394* |       0 |      11 |        0 |      0 |    11 |    +0.0% | -2903.112 |   -34213.1 | -3434791.0 |   1258 | riscv.dp.rf.rf\[1\]\[17\]$_DFFE_PP_/D
     395* |       0 |      11 |        0 |      0 |    11 |    +0.0% | -2903.112 |   -34213.1 | -3434791.0 |   1258 | riscv.dp.rf.rf\[1\]\[17\]$_DFFE_PP_/D
     396* |       0 |      11 |        0 |      0 |    11 |    +0.0% | -2903.112 |   -34213.1 | -3434791.0 |   1258 | riscv.dp.rf.rf\[1\]\[17\]$_DFFE_PP_/D
     397* |       0 |      11 |        0 |      0 |    11 |    +0.0% | -2903.112 |   -34213.1 | -3434791.0 |   1258 | riscv.dp.rf.rf\[1\]\[17\]$_DFFE_PP_/D
     398* |       0 |      11 |        0 |      0 |    11 |    +0.0% | -2903.112 |   -34213.1 | -3434791.0 |   1258 | riscv.dp.rf.rf\[1\]\[17\]$_DFFE_PP_/D
     399* |       0 |      11 |        0 |      0 |    11 |    +0.0% | -2903.112 |   -34213.1 | -3434791.0 |   1258 | riscv.dp.rf.rf\[1\]\[17\]$_DFFE_PP_/D
     400* |       0 |      11 |        0 |      0 |    11 |    +0.0% | -2903.112 |   -34213.1 | -3434791.0 |   1258 | riscv.dp.rf.rf\[1\]\[17\]$_DFFE_PP_/D
     400* |       0 |      11 |        0 |      0 |    11 |    +0.0% | -2903.112 |   -34213.1 | -3434791.0 |   1258 | riscv.dp.rf.rf\[1\]\[17\]$_DFFE_PP_/D
     401* |       0 |      11 |        0 |      0 |    11 |    +0.0% | -2903.112 |   -34213.1 | -3434791.0 |   1258 | riscv.dp.rf.rf\[1\]\[17\]$_DFFE_PP_/D
     402* |       0 |      11 |        0 |      0 |    11 |    +0.0% | -2903.112 |   -34213.1 | -3434791.0 |   1258 | riscv.dp.rf.rf\[1\]\[17\]$_DFFE_PP_/D
     403* |       0 |      11 |        0 |      0 |    11 |    +0.0% | -2903.112 |   -34213.1 | -3434791.0 |   1258 | riscv.dp.rf.rf\[1\]\[17\]$_DFFE_PP_/D
     404* |       0 |      11 |        0 |      0 |    11 |    +0.0% | -2903.112 |   -34213.1 | -3434791.0 |   1258 | riscv.dp.rf.rf\[1\]\[17\]$_DFFE_PP_/D
     405* |       0 |      11 |        0 |      0 |    11 |    +0.0% | -2903.112 |   -34213.1 | -3434791.0 |   1258 | riscv.dp.rf.rf\[1\]\[17\]$_DFFE_PP_/D
     406* |       0 |      11 |        0 |      0 |    11 |    +0.0% | -2903.112 |   -34213.1 | -3434791.0 |   1258 | riscv.dp.rf.rf\[1\]\[17\]$_DFFE_PP_/D
     407* |       0 |      11 |        0 |      0 |    11 |    +0.0% | -2903.112 |   -34213.1 | -3434791.0 |   1258 | riscv.dp.rf.rf\[1\]\[17\]$_DFFE_PP_/D
     408* |       0 |      11 |        0 |      0 |    11 |    +0.0% | -2903.112 |   -34213.1 | -3434791.0 |   1258 | riscv.dp.rf.rf\[1\]\[17\]$_DFFE_PP_/D
     409* |       0 |      11 |        0 |      0 |    11 |    +0.0% | -2903.112 |   -34213.1 | -3434791.0 |   1258 | riscv.dp.rf.rf\[1\]\[17\]$_DFFE_PP_/D
     410* |       0 |      11 |        0 |      0 |    11 |    +0.0% | -2903.112 |   -34213.1 | -3434791.0 |   1258 | riscv.dp.rf.rf\[1\]\[17\]$_DFFE_PP_/D
     410* |       0 |      11 |        0 |      0 |    11 |    +0.0% | -2903.112 |   -34213.1 | -3434791.0 |   1258 | riscv.dp.rf.rf\[1\]\[17\]$_DFFE_PP_/D
     411* |       0 |      11 |        0 |      0 |    11 |    +0.0% | -2903.112 |   -34213.1 | -3434791.0 |   1258 | riscv.dp.rf.rf\[1\]\[17\]$_DFFE_PP_/D
     412* |       0 |      11 |        0 |      0 |    11 |    +0.0% | -2903.112 |   -34213.1 | -3434791.0 |   1258 | riscv.dp.rf.rf\[1\]\[17\]$_DFFE_PP_/D
     413* |       0 |      11 |        0 |      0 |    11 |    +0.0% | -2903.112 |   -34213.1 | -3434791.0 |   1258 | riscv.dp.rf.rf\[1\]\[17\]$_DFFE_PP_/D
     414* |       0 |      11 |        0 |      0 |    11 |    +0.0% | -2903.112 |   -34213.1 | -3434791.0 |   1258 | riscv.dp.rf.rf\[1\]\[17\]$_DFFE_PP_/D
     415* |       0 |      11 |        0 |      0 |    11 |    +0.0% | -2903.112 |   -34213.1 | -3434791.0 |   1258 | riscv.dp.rf.rf\[1\]\[17\]$_DFFE_PP_/D
     416* |       0 |      11 |        0 |      0 |    11 |    +0.0% | -2903.112 |   -34213.1 | -3434791.0 |   1258 | riscv.dp.rf.rf\[1\]\[17\]$_DFFE_PP_/D
     417* |       0 |      11 |        0 |      0 |    11 |    +0.0% | -2903.112 |   -34213.1 | -3434791.0 |   1258 | riscv.dp.rf.rf\[1\]\[17\]$_DFFE_PP_/D
     418* |       0 |      11 |        0 |      0 |    11 |    +0.0% | -2903.112 |   -34213.1 | -3434791.0 |   1258 | riscv.dp.rf.rf\[1\]\[17\]$_DFFE_PP_/D
     419* |       0 |      11 |        0 |      0 |    11 |    +0.0% | -2903.112 |   -34213.1 | -3434791.0 |   1258 | riscv.dp.rf.rf\[1\]\[17\]$_DFFE_PP_/D
     420* |       0 |      11 |        0 |      0 |    11 |    +0.0% | -2903.112 |   -34213.1 | -3434791.0 |   1258 | riscv.dp.rf.rf\[1\]\[17\]$_DFFE_PP_/D
     420* |       0 |      11 |        0 |      0 |    11 |    +0.0% | -2903.112 |   -34213.1 | -3434791.0 |   1258 | riscv.dp.rf.rf\[1\]\[17\]$_DFFE_PP_/D
     421* |       0 |      11 |        0 |      0 |    11 |    +0.0% | -2903.112 |   -34213.1 | -3434791.0 |   1258 | riscv.dp.rf.rf\[1\]\[17\]$_DFFE_PP_/D
     422* |       0 |      11 |        0 |      0 |    11 |    +0.0% | -2903.112 |   -34213.1 | -3434791.0 |   1258 | riscv.dp.rf.rf\[1\]\[17\]$_DFFE_PP_/D
     423* |       0 |      11 |        0 |      0 |    11 |    +0.0% | -2903.112 |   -34213.1 | -3434791.0 |   1258 | riscv.dp.rf.rf\[1\]\[17\]$_DFFE_PP_/D
     424* |       0 |      11 |        0 |      0 |    11 |    +0.0% | -2903.112 |   -34213.1 | -3434791.0 |   1258 | riscv.dp.rf.rf\[1\]\[17\]$_DFFE_PP_/D
     425* |       0 |      11 |        0 |      0 |    11 |    +0.0% | -2903.112 |   -34213.1 | -3434791.0 |   1258 | riscv.dp.rf.rf\[1\]\[17\]$_DFFE_PP_/D
     426* |       0 |      11 |        0 |      0 |    11 |    +0.0% | -2903.112 |   -34213.1 | -3434791.0 |   1258 | riscv.dp.rf.rf\[1\]\[17\]$_DFFE_PP_/D
     427* |       0 |      11 |        0 |      0 |    11 |    +0.0% | -2903.112 |   -34213.1 | -3434791.0 |   1258 | riscv.dp.rf.rf\[1\]\[17\]$_DFFE_PP_/D
     428* |       0 |      11 |        0 |      0 |    11 |    +0.0% | -2903.112 |   -34213.1 | -3434791.0 |   1258 | riscv.dp.rf.rf\[1\]\[17\]$_DFFE_PP_/D
     429* |       0 |      11 |        0 |      0 |    11 |    +0.0% | -2903.112 |   -34213.1 | -3434791.0 |   1258 | riscv.dp.rf.rf\[1\]\[17\]$_DFFE_PP_/D
     430* |       0 |      11 |        0 |      0 |    11 |    +0.0% | -2903.112 |   -34213.1 | -3434791.0 |   1258 | riscv.dp.rf.rf\[1\]\[17\]$_DFFE_PP_/D
     430* |       0 |      11 |        0 |      0 |    11 |    +0.0% | -2903.112 |   -34213.1 | -3434791.0 |   1258 | riscv.dp.rf.rf\[1\]\[17\]$_DFFE_PP_/D
     431* |       0 |      11 |        0 |      0 |    11 |    +0.0% | -2903.112 |   -34213.1 | -3434791.0 |   1258 | riscv.dp.rf.rf\[1\]\[17\]$_DFFE_PP_/D
     432* |       0 |      11 |        0 |      0 |    11 |    +0.0% | -2903.112 |   -34213.1 | -3434791.0 |   1258 | riscv.dp.rf.rf\[1\]\[17\]$_DFFE_PP_/D
     433* |       0 |      11 |        0 |      0 |    11 |    +0.0% | -2903.112 |   -34213.1 | -3434791.0 |   1258 | riscv.dp.rf.rf\[1\]\[17\]$_DFFE_PP_/D
     434* |       0 |      11 |        0 |      0 |    11 |    +0.0% | -2903.112 |   -34213.1 | -3434791.0 |   1258 | riscv.dp.rf.rf\[1\]\[17\]$_DFFE_PP_/D
     435* |       0 |      11 |        0 |      0 |    11 |    +0.0% | -2903.112 |   -34213.1 | -3434791.0 |   1258 | riscv.dp.rf.rf\[1\]\[17\]$_DFFE_PP_/D
     436* |       0 |      11 |        0 |      0 |    11 |    +0.0% | -2903.112 |   -34213.1 | -3434791.0 |   1258 | riscv.dp.rf.rf\[1\]\[17\]$_DFFE_PP_/D
     437* |       0 |      11 |        0 |      0 |    11 |    +0.0% | -2903.112 |   -34213.1 | -3434791.0 |   1258 | riscv.dp.rf.rf\[1\]\[17\]$_DFFE_PP_/D
     438* |       0 |      11 |        0 |      0 |    11 |    +0.0% | -2903.112 |   -34213.1 | -3434791.0 |   1258 | riscv.dp.rf.rf\[1\]\[17\]$_DFFE_PP_/D
     439* |       0 |      11 |        0 |      0 |    11 |    +0.0% | -2903.112 |   -34213.1 | -3434791.0 |   1258 | riscv.dp.rf.rf\[1\]\[17\]$_DFFE_PP_/D
     440* |       0 |      11 |        0 |      0 |    11 |    +0.0% | -2903.112 |   -34213.1 | -3434791.0 |   1258 | riscv.dp.rf.rf\[1\]\[17\]$_DFFE_PP_/D
     440* |       0 |      11 |        0 |      0 |    11 |    +0.0% | -2903.112 |   -34213.1 | -3434791.0 |   1258 | riscv.dp.rf.rf\[1\]\[17\]$_DFFE_PP_/D
     441* |       0 |      11 |        0 |      0 |    11 |    +0.0% | -2903.112 |   -34213.1 | -3434791.0 |   1258 | riscv.dp.rf.rf\[1\]\[17\]$_DFFE_PP_/D
     442* |       0 |      11 |        0 |      0 |    11 |    +0.0% | -2903.112 |   -34213.1 | -3434791.0 |   1258 | riscv.dp.rf.rf\[1\]\[17\]$_DFFE_PP_/D
     443* |       0 |      11 |        0 |      0 |    11 |    +0.0% | -2903.112 |   -34213.1 | -3434791.0 |   1258 | riscv.dp.rf.rf\[1\]\[17\]$_DFFE_PP_/D
     444* |       0 |      11 |        0 |      0 |    11 |    +0.0% | -2903.112 |   -34213.1 | -3434791.0 |   1258 | riscv.dp.rf.rf\[1\]\[17\]$_DFFE_PP_/D
     445* |       0 |      11 |        0 |      0 |    11 |    +0.0% | -2903.112 |   -34213.1 | -3434791.0 |   1258 | riscv.dp.rf.rf\[1\]\[17\]$_DFFE_PP_/D
     446* |       0 |      11 |        0 |      0 |    11 |    +0.0% | -2903.112 |   -34213.1 | -3434791.0 |   1258 | riscv.dp.rf.rf\[1\]\[17\]$_DFFE_PP_/D
     447* |       0 |      11 |        0 |      0 |    11 |    +0.0% | -2903.112 |   -34213.1 | -3434791.0 |   1258 | riscv.dp.rf.rf\[1\]\[17\]$_DFFE_PP_/D
     448* |       0 |      11 |        0 |      0 |    11 |    +0.0% | -2903.112 |   -34213.1 | -3434791.0 |   1258 | riscv.dp.rf.rf\[1\]\[17\]$_DFFE_PP_/D
     449* |       0 |      11 |        0 |      0 |    11 |    +0.0% | -2903.112 |   -34213.1 | -3434791.0 |   1258 | riscv.dp.rf.rf\[1\]\[17\]$_DFFE_PP_/D
     450* |       0 |      11 |        0 |      0 |    11 |    +0.0% | -2903.112 |   -34213.1 | -3434791.0 |   1258 | riscv.dp.rf.rf\[1\]\[17\]$_DFFE_PP_/D
     450* |       0 |      11 |        0 |      0 |    11 |    +0.0% | -2903.112 |   -34213.1 | -3434791.0 |   1258 | riscv.dp.rf.rf\[1\]\[17\]$_DFFE_PP_/D
     451* |       0 |      11 |        0 |      0 |    11 |    +0.0% | -2903.112 |   -34213.1 | -3434791.0 |   1258 | riscv.dp.rf.rf\[1\]\[17\]$_DFFE_PP_/D
     452* |       0 |      11 |        0 |      0 |    11 |    +0.0% | -2903.112 |   -34213.1 | -3434791.0 |   1258 | riscv.dp.rf.rf\[1\]\[17\]$_DFFE_PP_/D
     453* |       0 |      11 |        0 |      0 |    11 |    +0.0% | -2903.112 |   -34213.1 | -3434791.0 |   1258 | riscv.dp.rf.rf\[1\]\[17\]$_DFFE_PP_/D
     454* |       0 |      11 |        0 |      0 |    11 |    +0.0% | -2903.112 |   -34213.1 | -3434791.0 |   1258 | riscv.dp.rf.rf\[1\]\[17\]$_DFFE_PP_/D
     455* |       0 |      11 |        0 |      0 |    11 |    +0.0% | -2903.112 |   -34213.1 | -3434791.0 |   1258 | riscv.dp.rf.rf\[1\]\[17\]$_DFFE_PP_/D
     456* |       0 |      11 |        0 |      0 |    11 |    +0.0% | -2903.112 |   -34213.1 | -3434791.0 |   1258 | riscv.dp.rf.rf\[1\]\[17\]$_DFFE_PP_/D
     457* |       0 |      11 |        0 |      0 |    11 |    +0.0% | -2903.112 |   -34213.1 | -3434791.0 |   1258 | riscv.dp.rf.rf\[1\]\[17\]$_DFFE_PP_/D
     458* |       0 |      11 |        0 |      0 |    11 |    +0.0% | -2903.112 |   -34213.1 | -3434791.0 |   1258 | riscv.dp.rf.rf\[1\]\[17\]$_DFFE_PP_/D
     459* |       0 |      11 |        0 |      0 |    11 |    +0.0% | -2903.112 |   -34213.1 | -3434791.0 |   1258 | riscv.dp.rf.rf\[1\]\[17\]$_DFFE_PP_/D
     460* |       0 |      11 |        0 |      0 |    11 |    +0.0% | -2903.112 |   -34213.1 | -3434791.0 |   1258 | riscv.dp.rf.rf\[1\]\[17\]$_DFFE_PP_/D
     460* |       0 |      11 |        0 |      0 |    11 |    +0.0% | -2903.112 |   -34213.1 | -3434791.0 |   1258 | riscv.dp.rf.rf\[1\]\[17\]$_DFFE_PP_/D
     461* |       0 |      11 |        0 |      0 |    11 |    +0.0% | -2903.112 |   -34213.1 | -3434791.0 |   1258 | riscv.dp.rf.rf\[1\]\[17\]$_DFFE_PP_/D
     462* |       0 |      11 |        0 |      0 |    11 |    +0.0% | -2903.112 |   -34213.1 | -3434791.0 |   1258 | riscv.dp.rf.rf\[1\]\[17\]$_DFFE_PP_/D
     463* |       0 |      11 |        0 |      0 |    11 |    +0.0% | -2903.112 |   -34213.1 | -3434791.0 |   1258 | riscv.dp.rf.rf\[1\]\[17\]$_DFFE_PP_/D
     464* |       0 |      11 |        0 |      0 |    11 |    +0.0% | -2903.112 |   -34213.1 | -3434791.0 |   1258 | riscv.dp.rf.rf\[1\]\[17\]$_DFFE_PP_/D
     465* |       0 |      11 |        0 |      0 |    11 |    +0.0% | -2903.112 |   -34213.1 | -3434791.0 |   1258 | riscv.dp.rf.rf\[1\]\[17\]$_DFFE_PP_/D
     466* |       0 |      11 |        0 |      0 |    11 |    +0.0% | -2903.112 |   -34213.1 | -3434791.0 |   1258 | riscv.dp.rf.rf\[1\]\[17\]$_DFFE_PP_/D
     467* |       0 |      11 |        0 |      0 |    11 |    +0.0% | -2903.112 |   -34213.1 | -3434791.0 |   1258 | riscv.dp.rf.rf\[1\]\[17\]$_DFFE_PP_/D
     468* |       0 |      11 |        0 |      0 |    11 |    +0.0% | -2903.112 |   -34213.1 | -3434791.0 |   1258 | riscv.dp.rf.rf\[1\]\[17\]$_DFFE_PP_/D
     469* |       0 |      11 |        0 |      0 |    11 |    +0.0% | -2903.112 |   -34213.1 | -3434791.0 |   1258 | riscv.dp.rf.rf\[1\]\[17\]$_DFFE_PP_/D
     470* |       0 |      11 |        0 |      0 |    11 |    +0.0% | -2903.112 |   -34213.1 | -3434791.0 |   1258 | riscv.dp.rf.rf\[1\]\[17\]$_DFFE_PP_/D
     470* |       0 |      11 |        0 |      0 |    11 |    +0.0% | -2903.112 |   -34213.1 | -3434791.0 |   1258 | riscv.dp.rf.rf\[1\]\[17\]$_DFFE_PP_/D
     471* |       0 |      11 |        0 |      0 |    11 |    +0.0% | -2903.112 |   -34213.1 | -3434791.0 |   1258 | riscv.dp.rf.rf\[1\]\[17\]$_DFFE_PP_/D
     472* |       0 |      11 |        0 |      0 |    11 |    +0.0% | -2903.112 |   -34213.1 | -3434791.0 |   1258 | riscv.dp.rf.rf\[1\]\[17\]$_DFFE_PP_/D
     473* |       0 |      11 |        0 |      0 |    11 |    +0.0% | -2903.112 |   -34213.1 | -3434791.0 |   1258 | riscv.dp.rf.rf\[1\]\[17\]$_DFFE_PP_/D
     474* |       0 |      11 |        0 |      0 |    11 |    +0.0% | -2903.112 |   -34213.1 | -3434791.0 |   1258 | riscv.dp.rf.rf\[1\]\[17\]$_DFFE_PP_/D
     475* |       0 |      11 |        0 |      0 |    11 |    +0.0% | -2903.112 |   -34213.1 | -3434791.0 |   1258 | riscv.dp.rf.rf\[1\]\[17\]$_DFFE_PP_/D
     476* |       0 |      11 |        0 |      0 |    11 |    +0.0% | -2903.112 |   -34213.1 | -3434791.0 |   1258 | riscv.dp.rf.rf\[1\]\[17\]$_DFFE_PP_/D
     477* |       0 |      11 |        0 |      0 |    11 |    +0.0% | -2903.112 |   -34213.1 | -3434791.0 |   1258 | riscv.dp.rf.rf\[1\]\[17\]$_DFFE_PP_/D
     478* |       0 |      11 |        0 |      0 |    11 |    +0.0% | -2903.112 |   -34213.1 | -3434791.0 |   1258 | riscv.dp.rf.rf\[1\]\[17\]$_DFFE_PP_/D
     479* |       0 |      11 |        0 |      0 |    11 |    +0.0% | -2903.112 |   -34213.1 | -3434791.0 |   1258 | riscv.dp.rf.rf\[1\]\[17\]$_DFFE_PP_/D
     480* |       0 |      11 |        0 |      0 |    11 |    +0.0% | -2903.112 |   -34213.1 | -3434791.0 |   1258 | riscv.dp.rf.rf\[1\]\[17\]$_DFFE_PP_/D
     480* |       0 |      11 |        0 |      0 |    11 |    +0.0% | -2903.112 |   -34213.1 | -3434791.0 |   1258 | riscv.dp.rf.rf\[1\]\[17\]$_DFFE_PP_/D
     481* |       0 |      11 |        0 |      0 |    11 |    +0.0% | -2903.112 |   -34213.1 | -3434791.0 |   1258 | riscv.dp.rf.rf\[1\]\[17\]$_DFFE_PP_/D
     482* |       0 |      11 |        0 |      0 |    11 |    +0.0% | -2903.112 |   -34213.1 | -3434791.0 |   1258 | riscv.dp.rf.rf\[1\]\[17\]$_DFFE_PP_/D
     483* |       0 |      11 |        0 |      0 |    11 |    +0.0% | -2903.112 |   -34213.1 | -3434791.0 |   1258 | riscv.dp.rf.rf\[1\]\[17\]$_DFFE_PP_/D
     484* |       0 |      11 |        0 |      0 |    11 |    +0.0% | -2903.112 |   -34213.1 | -3434791.0 |   1258 | riscv.dp.rf.rf\[1\]\[17\]$_DFFE_PP_/D
     485* |       0 |      11 |        0 |      0 |    11 |    +0.0% | -2903.112 |   -34213.1 | -3434791.0 |   1258 | riscv.dp.rf.rf\[1\]\[17\]$_DFFE_PP_/D
     486* |       0 |      11 |        0 |      0 |    11 |    +0.0% | -2903.112 |   -34213.1 | -3434791.0 |   1258 | riscv.dp.rf.rf\[1\]\[17\]$_DFFE_PP_/D
     487* |       0 |      11 |        0 |      0 |    11 |    +0.0% | -2903.112 |   -34213.1 | -3434791.0 |   1258 | riscv.dp.rf.rf\[1\]\[17\]$_DFFE_PP_/D
     488* |       0 |      11 |        0 |      0 |    11 |    +0.0% | -2903.112 |   -34213.1 | -3434791.0 |   1258 | riscv.dp.rf.rf\[1\]\[17\]$_DFFE_PP_/D
     489* |       0 |      11 |        0 |      0 |    11 |    +0.0% | -2903.112 |   -34213.1 | -3434791.0 |   1258 | riscv.dp.rf.rf\[1\]\[17\]$_DFFE_PP_/D
     490* |       0 |      11 |        0 |      0 |    11 |    +0.0% | -2903.112 |   -34213.1 | -3434791.0 |   1258 | riscv.dp.rf.rf\[1\]\[17\]$_DFFE_PP_/D
     490* |       0 |      11 |        0 |      0 |    11 |    +0.0% | -2903.112 |   -34213.1 | -3434791.0 |   1258 | riscv.dp.rf.rf\[1\]\[17\]$_DFFE_PP_/D
     491* |       0 |      11 |        0 |      0 |    11 |    +0.0% | -2903.112 |   -34213.1 | -3434791.0 |   1258 | riscv.dp.rf.rf\[1\]\[17\]$_DFFE_PP_/D
     492* |       0 |      11 |        0 |      0 |    11 |    +0.0% | -2903.112 |   -34213.1 | -3434791.0 |   1258 | riscv.dp.rf.rf\[1\]\[17\]$_DFFE_PP_/D
     493* |       0 |      11 |        0 |      0 |    11 |    +0.0% | -2903.112 |   -34213.1 | -3434791.0 |   1258 | riscv.dp.rf.rf\[1\]\[17\]$_DFFE_PP_/D
     494* |       0 |      11 |        0 |      0 |    11 |    +0.0% | -2903.112 |   -34213.1 | -3434791.0 |   1258 | riscv.dp.rf.rf\[1\]\[17\]$_DFFE_PP_/D
     495* |       0 |      11 |        0 |      0 |    11 |    +0.0% | -2903.112 |   -34213.1 | -3434791.0 |   1258 | riscv.dp.rf.rf\[1\]\[17\]$_DFFE_PP_/D
     496* |       0 |      11 |        0 |      0 |    11 |    +0.0% | -2903.112 |   -34213.1 | -3434791.0 |   1258 | riscv.dp.rf.rf\[1\]\[17\]$_DFFE_PP_/D
     497* |       0 |      11 |        0 |      0 |    11 |    +0.0% | -2903.112 |   -34213.1 | -3434791.0 |   1258 | riscv.dp.rf.rf\[1\]\[17\]$_DFFE_PP_/D
     498* |       0 |      11 |        0 |      0 |    11 |    +0.0% | -2903.112 |   -34213.1 | -3434791.0 |   1258 | riscv.dp.rf.rf\[1\]\[17\]$_DFFE_PP_/D
     499* |       0 |      11 |        0 |      0 |    11 |    +0.0% | -2903.112 |   -34213.1 | -3434791.0 |   1258 | riscv.dp.rf.rf\[1\]\[17\]$_DFFE_PP_/D
     500* |       0 |      11 |        0 |      0 |    11 |    +0.0% | -2903.112 |   -34213.1 | -3434791.0 |   1258 | riscv.dp.rf.rf\[1\]\[17\]$_DFFE_PP_/D
     500* |       0 |      11 |        0 |      0 |    11 |    +0.0% | -2903.112 |   -34213.1 | -3434791.0 |   1258 | riscv.dp.rf.rf\[1\]\[17\]$_DFFE_PP_/D
     501* |       0 |      11 |        0 |      0 |    11 |    +0.0% | -2903.112 |   -34213.1 | -3434791.0 |   1258 | riscv.dp.rf.rf\[1\]\[17\]$_DFFE_PP_/D
     502* |       0 |      11 |        0 |      0 |    11 |    +0.0% | -2903.112 |   -34213.1 | -3434791.0 |   1258 | riscv.dp.rf.rf\[1\]\[17\]$_DFFE_PP_/D
     503* |       0 |      11 |        0 |      0 |    11 |    +0.0% | -2903.112 |   -34213.1 | -3434791.0 |   1258 | riscv.dp.rf.rf\[1\]\[17\]$_DFFE_PP_/D
     504* |       0 |      11 |        0 |      0 |    11 |    +0.0% | -2903.112 |   -34213.1 | -3434791.0 |   1258 | riscv.dp.rf.rf\[1\]\[17\]$_DFFE_PP_/D
     505* |       0 |      11 |        0 |      0 |    11 |    +0.0% | -2903.112 |   -34213.1 | -3434791.0 |   1258 | riscv.dp.rf.rf\[1\]\[17\]$_DFFE_PP_/D
     506* |       0 |      11 |        0 |      0 |    11 |    +0.0% | -2903.112 |   -34213.1 | -3434791.0 |   1258 | riscv.dp.rf.rf\[1\]\[17\]$_DFFE_PP_/D
     507* |       0 |      11 |        0 |      0 |    11 |    +0.0% | -2903.112 |   -34213.1 | -3434791.0 |   1258 | riscv.dp.rf.rf\[1\]\[17\]$_DFFE_PP_/D
     509* |       0 |      11 |        0 |      0 |    11 |    +0.0% | -2903.112 |   -34213.1 | -3434791.0 |   1258 | riscv.dp.rf.rf\[1\]\[17\]$_DFFE_PP_/D
     510* |       0 |      11 |        0 |      0 |    11 |    +0.0% | -2903.112 |   -34213.1 | -3434791.0 |   1258 | riscv.dp.rf.rf\[1\]\[17\]$_DFFE_PP_/D
     510* |       0 |      11 |        0 |      0 |    11 |    +0.0% | -2903.112 |   -34213.1 | -3434791.0 |   1258 | riscv.dp.rf.rf\[1\]\[17\]$_DFFE_PP_/D
     511* |       0 |      11 |        0 |      0 |    11 |    +0.0% | -2903.112 |   -34213.1 | -3434791.0 |   1258 | riscv.dp.rf.rf\[1\]\[17\]$_DFFE_PP_/D
     512* |       0 |      11 |        0 |      0 |    11 |    +0.0% | -2903.112 |   -34213.1 | -3434791.0 |   1258 | riscv.dp.rf.rf\[1\]\[17\]$_DFFE_PP_/D
     513* |       0 |      11 |        0 |      0 |    11 |    +0.0% | -2903.112 |   -34213.1 | -3434791.0 |   1258 | riscv.dp.rf.rf\[1\]\[17\]$_DFFE_PP_/D
     514* |       0 |      11 |        0 |      0 |    11 |    +0.0% | -2903.112 |   -34213.1 | -3434791.0 |   1258 | riscv.dp.rf.rf\[1\]\[17\]$_DFFE_PP_/D
     515* |       0 |      11 |        0 |      0 |    11 |    +0.0% | -2903.112 |   -34213.1 | -3434791.0 |   1258 | riscv.dp.rf.rf\[1\]\[17\]$_DFFE_PP_/D
     516* |       0 |      11 |        0 |      0 |    11 |    +0.0% | -2903.112 |   -34213.1 | -3434791.0 |   1258 | riscv.dp.rf.rf\[1\]\[17\]$_DFFE_PP_/D
     517* |       0 |      11 |        0 |      0 |    11 |    +0.0% | -2903.112 |   -34213.1 | -3434791.0 |   1258 | riscv.dp.rf.rf\[1\]\[17\]$_DFFE_PP_/D
     518* |       0 |      11 |        0 |      0 |    11 |    +0.0% | -2903.112 |   -34213.1 | -3434791.0 |   1258 | riscv.dp.rf.rf\[1\]\[17\]$_DFFE_PP_/D
     519* |       0 |      11 |        0 |      0 |    11 |    +0.0% | -2903.112 |   -34213.1 | -3434791.0 |   1258 | riscv.dp.rf.rf\[1\]\[17\]$_DFFE_PP_/D
     520* |       0 |      11 |        0 |      0 |    11 |    +0.0% | -2903.112 |   -34213.1 | -3434791.0 |   1258 | riscv.dp.rf.rf\[1\]\[17\]$_DFFE_PP_/D
     520* |       0 |      11 |        0 |      0 |    11 |    +0.0% | -2903.112 |   -34213.1 | -3434791.0 |   1258 | riscv.dp.rf.rf\[1\]\[17\]$_DFFE_PP_/D
     521* |       0 |      11 |        0 |      0 |    11 |    +0.0% | -2903.112 |   -34213.1 | -3434791.0 |   1258 | riscv.dp.rf.rf\[1\]\[17\]$_DFFE_PP_/D
     522* |       0 |      11 |        0 |      0 |    11 |    +0.0% | -2903.112 |   -34213.1 | -3434791.0 |   1258 | riscv.dp.rf.rf\[1\]\[17\]$_DFFE_PP_/D
     523* |       0 |      11 |        0 |      0 |    11 |    +0.0% | -2903.112 |   -34213.1 | -3434791.0 |   1258 | riscv.dp.rf.rf\[1\]\[17\]$_DFFE_PP_/D
     524* |       0 |      11 |        0 |      0 |    11 |    +0.0% | -2903.112 |   -34213.1 | -3434791.0 |   1258 | riscv.dp.rf.rf\[1\]\[17\]$_DFFE_PP_/D
     525* |       0 |      11 |        0 |      0 |    11 |    +0.0% | -2903.112 |   -34213.1 | -3434791.0 |   1258 | riscv.dp.rf.rf\[1\]\[17\]$_DFFE_PP_/D
     526* |       0 |      11 |        0 |      0 |    11 |    +0.0% | -2903.112 |   -34213.1 | -3434791.0 |   1258 | riscv.dp.rf.rf\[1\]\[17\]$_DFFE_PP_/D
     527* |       0 |      11 |        0 |      0 |    11 |    +0.0% | -2903.112 |   -34213.1 | -3434791.0 |   1258 | riscv.dp.rf.rf\[1\]\[17\]$_DFFE_PP_/D
     528* |       0 |      11 |        0 |      0 |    11 |    +0.0% | -2903.112 |   -34213.1 | -3434791.0 |   1258 | riscv.dp.rf.rf\[1\]\[17\]$_DFFE_PP_/D
     529* |       0 |      11 |        0 |      0 |    11 |    +0.0% | -2903.112 |   -34213.1 | -3434791.0 |   1258 | riscv.dp.rf.rf\[1\]\[17\]$_DFFE_PP_/D
     530* |       0 |      11 |        0 |      0 |    11 |    +0.0% | -2903.112 |   -34213.1 | -3434791.0 |   1258 | riscv.dp.rf.rf\[1\]\[17\]$_DFFE_PP_/D
     530* |       0 |      11 |        0 |      0 |    11 |    +0.0% | -2903.112 |   -34213.1 | -3434791.0 |   1258 | riscv.dp.rf.rf\[1\]\[17\]$_DFFE_PP_/D
     531* |       0 |      11 |        0 |      0 |    11 |    +0.0% | -2903.112 |   -34213.1 | -3434791.0 |   1258 | riscv.dp.rf.rf\[1\]\[17\]$_DFFE_PP_/D
     535* |       0 |      11 |        0 |      0 |    11 |    +0.0% | -2903.112 |   -34213.1 | -3434791.0 |   1258 | riscv.dp.rf.rf\[1\]\[17\]$_DFFE_PP_/D
     538* |       0 |      11 |        0 |      0 |    11 |    +0.0% | -2903.112 |   -34213.1 | -3434791.0 |   1258 | riscv.dp.rf.rf\[1\]\[17\]$_DFFE_PP_/D
     540* |       0 |      12 |        0 |      0 |    11 |    +0.0% | -2905.061 |   -34349.3 | -3435214.2 |   1258 | riscv.dp.rf.rf\[1\]\[17\]$_DFFE_PP_/D
     540* |       0 |      11 |        0 |      0 |    11 |    +0.0% | -2903.112 |   -34213.1 | -3434791.0 |   1258 | riscv.dp.rf.rf\[1\]\[17\]$_DFFE_PP_/D
     542* |       0 |      11 |        0 |      0 |    11 |    +0.0% | -2903.112 |   -34213.1 | -3434791.0 |   1258 | riscv.dp.rf.rf\[1\]\[17\]$_DFFE_PP_/D
     544* |       0 |      11 |        0 |      0 |    11 |    +0.0% | -2903.112 |   -34213.1 | -3434791.0 |   1258 | riscv.dp.rf.rf\[1\]\[17\]$_DFFE_PP_/D
     546* |       0 |      11 |        0 |      0 |    11 |    +0.0% | -2903.112 |   -34213.1 | -3434791.0 |   1258 | riscv.dp.rf.rf\[1\]\[17\]$_DFFE_PP_/D
     549* |       0 |      11 |        0 |      0 |    11 |    +0.0% | -2903.112 |   -34213.1 | -3434791.0 |   1258 | riscv.dp.rf.rf\[1\]\[17\]$_DFFE_PP_/D
     550* |       0 |      11 |        0 |      0 |    11 |    +0.0% | -2903.112 |   -34213.1 | -3434791.0 |   1258 | riscv.dp.rf.rf\[1\]\[17\]$_DFFE_PP_/D
     552* |       0 |      11 |        0 |      0 |    11 |    +0.0% | -2903.112 |   -34213.1 | -3434791.0 |   1258 | riscv.dp.rf.rf\[1\]\[17\]$_DFFE_PP_/D
     555* |       0 |      11 |        0 |      0 |    11 |    +0.0% | -2903.112 |   -34213.1 | -3434791.0 |   1258 | riscv.dp.rf.rf\[1\]\[17\]$_DFFE_PP_/D
     558* |       0 |      11 |        0 |      0 |    11 |    +0.0% | -2903.112 |   -34213.1 | -3434791.0 |   1258 | riscv.dp.rf.rf\[1\]\[17\]$_DFFE_PP_/D
     560* |       0 |      12 |        0 |      0 |    11 |    +0.0% | -2905.061 |   -34349.3 | -3435214.2 |   1258 | riscv.dp.rf.rf\[1\]\[17\]$_DFFE_PP_/D
     561* |       0 |      11 |        0 |      0 |    11 |    +0.0% | -2903.112 |   -34213.1 | -3434791.0 |   1258 | riscv.dp.rf.rf\[1\]\[17\]$_DFFE_PP_/D
     563* |       0 |      11 |        0 |      0 |    11 |    +0.0% | -2903.112 |   -34213.1 | -3434791.0 |   1258 | riscv.dp.rf.rf\[1\]\[17\]$_DFFE_PP_/D
     565* |       0 |      11 |        0 |      0 |    11 |    +0.0% | -2903.112 |   -34213.1 | -3434791.0 |   1258 | riscv.dp.rf.rf\[1\]\[17\]$_DFFE_PP_/D
     567* |       0 |      11 |        0 |      0 |    11 |    +0.0% | -2903.112 |   -34213.1 | -3434791.0 |   1258 | riscv.dp.rf.rf\[1\]\[17\]$_DFFE_PP_/D
     569* |       0 |      11 |        0 |      0 |    11 |    +0.0% | -2903.112 |   -34213.1 | -3434791.0 |   1258 | riscv.dp.rf.rf\[1\]\[17\]$_DFFE_PP_/D
     570* |       0 |      11 |        0 |      0 |    11 |    +0.0% | -2903.112 |   -34213.1 | -3434791.0 |   1258 | riscv.dp.rf.rf\[1\]\[17\]$_DFFE_PP_/D
     571* |       0 |      11 |        0 |      0 |    11 |    +0.0% | -2903.112 |   -34213.1 | -3434791.0 |   1258 | riscv.dp.rf.rf\[1\]\[17\]$_DFFE_PP_/D
     573* |       0 |      11 |        0 |      0 |    11 |    +0.0% | -2903.112 |   -34213.1 | -3434791.0 |   1258 | riscv.dp.rf.rf\[1\]\[17\]$_DFFE_PP_/D
     575* |       0 |      11 |        0 |      0 |    11 |    +0.0% | -2903.112 |   -34213.1 | -3434791.0 |   1258 | riscv.dp.rf.rf\[1\]\[17\]$_DFFE_PP_/D
     577* |       0 |      11 |        0 |      0 |    11 |    +0.0% | -2903.112 |   -34213.1 | -3434791.0 |   1258 | riscv.dp.rf.rf\[1\]\[17\]$_DFFE_PP_/D
     579* |       0 |      11 |        0 |      0 |    11 |    +0.0% | -2903.112 |   -34213.1 | -3434791.0 |   1258 | riscv.dp.rf.rf\[1\]\[17\]$_DFFE_PP_/D
     580* |       0 |      11 |        0 |      0 |    11 |    +0.0% | -2903.112 |   -34213.1 | -3434791.0 |   1258 | riscv.dp.rf.rf\[1\]\[17\]$_DFFE_PP_/D
     581* |       0 |      11 |        0 |      0 |    11 |    +0.0% | -2903.112 |   -34213.1 | -3434791.0 |   1258 | riscv.dp.rf.rf\[1\]\[17\]$_DFFE_PP_/D
     582* |       0 |      11 |        0 |      0 |    11 |    +0.0% | -2903.112 |   -34213.1 | -3434791.0 |   1258 | riscv.dp.rf.rf\[1\]\[17\]$_DFFE_PP_/D
     584* |       0 |      11 |        0 |      0 |    11 |    +0.0% | -2903.112 |   -34213.1 | -3434791.0 |   1258 | riscv.dp.rf.rf\[1\]\[17\]$_DFFE_PP_/D
     586* |       0 |      11 |        0 |      0 |    11 |    +0.0% | -2903.112 |   -34213.1 | -3434791.0 |   1258 | riscv.dp.rf.rf\[1\]\[17\]$_DFFE_PP_/D
     587* |       0 |      11 |        0 |      0 |    11 |    +0.0% | -2903.112 |   -34213.1 | -3434791.0 |   1258 | riscv.dp.rf.rf\[1\]\[17\]$_DFFE_PP_/D
     588* |       0 |      11 |        0 |      0 |    11 |    +0.0% | -2903.112 |   -34213.1 | -3434791.0 |   1258 | riscv.dp.rf.rf\[1\]\[17\]$_DFFE_PP_/D
     589* |       0 |      11 |        0 |      0 |    11 |    +0.0% | -2903.112 |   -34213.1 | -3434791.0 |   1258 | riscv.dp.rf.rf\[1\]\[17\]$_DFFE_PP_/D
     590* |       0 |      11 |        0 |      0 |    11 |    +0.0% | -2903.112 |   -34213.1 | -3434791.0 |   1258 | riscv.dp.rf.rf\[1\]\[17\]$_DFFE_PP_/D
     590* |       0 |      11 |        0 |      0 |    11 |    +0.0% | -2903.112 |   -34213.1 | -3434791.0 |   1258 | riscv.dp.rf.rf\[1\]\[17\]$_DFFE_PP_/D
     591* |       0 |      11 |        0 |      0 |    11 |    +0.0% | -2903.112 |   -34213.1 | -3434791.0 |   1258 | riscv.dp.rf.rf\[1\]\[17\]$_DFFE_PP_/D
     592* |       0 |      11 |        0 |      0 |    11 |    +0.0% | -2903.112 |   -34213.1 | -3434791.0 |   1258 | riscv.dp.rf.rf\[1\]\[17\]$_DFFE_PP_/D
     593* |       0 |      11 |        0 |      0 |    11 |    +0.0% | -2903.112 |   -34213.1 | -3434791.0 |   1258 | riscv.dp.rf.rf\[1\]\[17\]$_DFFE_PP_/D
     597* |       0 |      12 |        0 |      0 |    13 |    +0.0% | -2903.112 |   -34213.1 | -3433864.0 |   1258 | riscv.dp.rf.rf\[1\]\[17\]$_DFFE_PP_/D
     600* |       0 |      13 |        0 |      0 |    14 |    +0.0% | -2903.112 |   -34213.1 | -3432981.5 |   1258 | riscv.dp.rf.rf\[1\]\[17\]$_DFFE_PP_/D
     600* |       0 |      13 |        0 |      0 |    14 |    +0.0% | -2903.112 |   -34213.1 | -3432981.5 |   1258 | riscv.dp.rf.rf\[1\]\[17\]$_DFFE_PP_/D
     603* |       0 |      14 |        0 |      0 |    15 |    +0.0% | -2903.112 |   -34213.1 | -3432099.0 |   1258 | riscv.dp.rf.rf\[1\]\[17\]$_DFFE_PP_/D
     606* |       0 |      15 |        0 |      0 |    16 |    +0.0% | -2903.112 |   -34213.1 | -3431216.8 |   1258 | riscv.dp.rf.rf\[1\]\[17\]$_DFFE_PP_/D
     609* |       0 |      16 |        0 |      0 |    17 |    +0.0% | -2903.112 |   -34213.1 | -3430334.5 |   1258 | riscv.dp.rf.rf\[1\]\[17\]$_DFFE_PP_/D
     610* |       0 |      16 |        0 |      0 |    17 |    +0.0% | -2903.112 |   -34213.1 | -3430334.5 |   1258 | riscv.dp.rf.rf\[1\]\[17\]$_DFFE_PP_/D
     612* |       0 |      17 |        0 |      0 |    18 |    +0.0% | -2903.112 |   -34213.1 | -3429452.5 |   1258 | riscv.dp.rf.rf\[1\]\[17\]$_DFFE_PP_/D
     615* |       0 |      18 |        0 |      0 |    19 |    +0.0% | -2903.112 |   -34213.1 | -3428570.5 |   1258 | riscv.dp.rf.rf\[1\]\[17\]$_DFFE_PP_/D
     616* |       0 |      18 |        0 |      0 |    19 |    +0.0% | -2903.112 |   -34213.1 | -3428570.5 |   1258 | riscv.dp.rf.rf\[1\]\[17\]$_DFFE_PP_/D
     617* |       0 |      18 |        0 |      0 |    19 |    +0.0% | -2903.112 |   -34213.1 | -3428570.5 |   1258 | riscv.dp.rf.rf\[1\]\[17\]$_DFFE_PP_/D
     618* |       0 |      18 |        0 |      0 |    19 |    +0.0% | -2903.112 |   -34213.1 | -3428570.5 |   1258 | riscv.dp.rf.rf\[1\]\[17\]$_DFFE_PP_/D
     619* |       0 |      18 |        0 |      0 |    19 |    +0.0% | -2903.112 |   -34213.1 | -3428570.5 |   1258 | riscv.dp.rf.rf\[1\]\[17\]$_DFFE_PP_/D
     620* |       0 |      18 |        0 |      0 |    19 |    +0.0% | -2903.112 |   -34213.1 | -3428570.5 |   1258 | riscv.dp.rf.rf\[1\]\[17\]$_DFFE_PP_/D
     620* |       0 |      18 |        0 |      0 |    19 |    +0.0% | -2903.112 |   -34213.1 | -3428570.5 |   1258 | riscv.dp.rf.rf\[1\]\[17\]$_DFFE_PP_/D
     621* |       0 |      18 |        0 |      0 |    19 |    +0.0% | -2903.112 |   -34213.1 | -3428570.5 |   1258 | riscv.dp.rf.rf\[1\]\[17\]$_DFFE_PP_/D
     622* |       0 |      18 |        0 |      0 |    19 |    +0.0% | -2903.112 |   -34213.1 | -3428570.5 |   1258 | riscv.dp.rf.rf\[1\]\[17\]$_DFFE_PP_/D
     623* |       0 |      18 |        0 |      0 |    19 |    +0.0% | -2903.112 |   -34213.1 | -3428570.5 |   1258 | riscv.dp.rf.rf\[1\]\[17\]$_DFFE_PP_/D
     624* |       0 |      18 |        0 |      0 |    19 |    +0.0% | -2903.112 |   -34213.1 | -3428570.5 |   1258 | riscv.dp.rf.rf\[1\]\[17\]$_DFFE_PP_/D
     625* |       0 |      18 |        0 |      0 |    19 |    +0.0% | -2903.112 |   -34213.1 | -3428570.5 |   1258 | riscv.dp.rf.rf\[1\]\[17\]$_DFFE_PP_/D
     626* |       0 |      18 |        0 |      0 |    19 |    +0.0% | -2903.112 |   -34213.1 | -3428570.5 |   1258 | riscv.dp.rf.rf\[1\]\[17\]$_DFFE_PP_/D
     627* |       0 |      18 |        0 |      0 |    19 |    +0.0% | -2903.112 |   -34213.1 | -3428570.5 |   1258 | riscv.dp.rf.rf\[1\]\[17\]$_DFFE_PP_/D
     628* |       0 |      18 |        0 |      0 |    19 |    +0.0% | -2903.112 |   -34213.1 | -3428570.5 |   1258 | riscv.dp.rf.rf\[1\]\[17\]$_DFFE_PP_/D
     629* |       0 |      18 |        0 |      0 |    19 |    +0.0% | -2903.112 |   -34213.1 | -3428570.5 |   1258 | riscv.dp.rf.rf\[1\]\[17\]$_DFFE_PP_/D
     630* |       0 |      18 |        0 |      0 |    19 |    +0.0% | -2903.112 |   -34213.1 | -3428570.5 |   1258 | riscv.dp.rf.rf\[1\]\[17\]$_DFFE_PP_/D
     630* |       0 |      18 |        0 |      0 |    19 |    +0.0% | -2903.112 |   -34213.1 | -3428570.5 |   1258 | riscv.dp.rf.rf\[1\]\[17\]$_DFFE_PP_/D
     631* |       0 |      18 |        0 |      0 |    19 |    +0.0% | -2903.112 |   -34213.1 | -3428570.5 |   1258 | riscv.dp.rf.rf\[1\]\[17\]$_DFFE_PP_/D
     632* |       0 |      18 |        0 |      0 |    19 |    +0.0% | -2903.112 |   -34213.1 | -3428570.5 |   1258 | riscv.dp.rf.rf\[1\]\[17\]$_DFFE_PP_/D
     633* |       0 |      18 |        0 |      0 |    19 |    +0.0% | -2903.112 |   -34213.1 | -3428570.5 |   1258 | riscv.dp.rf.rf\[1\]\[17\]$_DFFE_PP_/D
     634* |       0 |      18 |        0 |      0 |    19 |    +0.0% | -2903.112 |   -34213.1 | -3428570.5 |   1258 | riscv.dp.rf.rf\[1\]\[17\]$_DFFE_PP_/D
     635* |       0 |      18 |        0 |      0 |    19 |    +0.0% | -2903.112 |   -34213.1 | -3428570.5 |   1258 | riscv.dp.rf.rf\[1\]\[17\]$_DFFE_PP_/D
     636* |       0 |      18 |        0 |      0 |    19 |    +0.0% | -2903.112 |   -34213.1 | -3428570.5 |   1258 | riscv.dp.rf.rf\[1\]\[17\]$_DFFE_PP_/D
     637* |       0 |      18 |        0 |      0 |    19 |    +0.0% | -2903.112 |   -34213.1 | -3428570.5 |   1258 | riscv.dp.rf.rf\[1\]\[17\]$_DFFE_PP_/D
     638* |       0 |      18 |        0 |      0 |    19 |    +0.0% | -2903.112 |   -34213.1 | -3428570.5 |   1258 | riscv.dp.rf.rf\[1\]\[17\]$_DFFE_PP_/D
     639* |       0 |      18 |        0 |      0 |    19 |    +0.0% | -2903.112 |   -34213.1 | -3428570.5 |   1258 | riscv.dp.rf.rf\[1\]\[17\]$_DFFE_PP_/D
     640* |       0 |      18 |        0 |      0 |    19 |    +0.0% | -2903.112 |   -34213.1 | -3428570.5 |   1258 | riscv.dp.rf.rf\[1\]\[17\]$_DFFE_PP_/D
     640* |       0 |      18 |        0 |      0 |    19 |    +0.0% | -2903.112 |   -34213.1 | -3428570.5 |   1258 | riscv.dp.rf.rf\[1\]\[17\]$_DFFE_PP_/D
     641* |       0 |      18 |        0 |      0 |    19 |    +0.0% | -2903.112 |   -34213.1 | -3428570.5 |   1258 | riscv.dp.rf.rf\[1\]\[17\]$_DFFE_PP_/D
     642* |       0 |      18 |        0 |      0 |    19 |    +0.0% | -2903.112 |   -34213.1 | -3428570.5 |   1258 | riscv.dp.rf.rf\[1\]\[17\]$_DFFE_PP_/D
     643* |       0 |      18 |        0 |      0 |    19 |    +0.0% | -2903.112 |   -34213.1 | -3428570.5 |   1258 | riscv.dp.rf.rf\[1\]\[17\]$_DFFE_PP_/D
     644* |       0 |      18 |        0 |      0 |    19 |    +0.0% | -2903.112 |   -34213.1 | -3428570.5 |   1258 | riscv.dp.rf.rf\[1\]\[17\]$_DFFE_PP_/D
     645* |       0 |      18 |        0 |      0 |    19 |    +0.0% | -2903.112 |   -34213.1 | -3428570.5 |   1258 | riscv.dp.rf.rf\[1\]\[17\]$_DFFE_PP_/D
     646* |       0 |      18 |        0 |      0 |    19 |    +0.0% | -2903.112 |   -34213.1 | -3428570.5 |   1258 | riscv.dp.rf.rf\[1\]\[17\]$_DFFE_PP_/D
     647* |       0 |      18 |        0 |      0 |    19 |    +0.0% | -2903.112 |   -34213.1 | -3428570.5 |   1258 | riscv.dp.rf.rf\[1\]\[17\]$_DFFE_PP_/D
     648* |       0 |      18 |        0 |      0 |    19 |    +0.0% | -2903.112 |   -34213.1 | -3428570.5 |   1258 | riscv.dp.rf.rf\[1\]\[17\]$_DFFE_PP_/D
     649* |       0 |      18 |        0 |      0 |    19 |    +0.0% | -2903.112 |   -34213.1 | -3428570.5 |   1258 | riscv.dp.rf.rf\[1\]\[17\]$_DFFE_PP_/D
     650* |       0 |      18 |        0 |      0 |    19 |    +0.0% | -2903.112 |   -34213.1 | -3428570.5 |   1258 | riscv.dp.rf.rf\[1\]\[17\]$_DFFE_PP_/D
     650* |       0 |      18 |        0 |      0 |    19 |    +0.0% | -2903.112 |   -34213.1 | -3428570.5 |   1258 | riscv.dp.rf.rf\[1\]\[17\]$_DFFE_PP_/D
     651* |       0 |      18 |        0 |      0 |    19 |    +0.0% | -2903.112 |   -34213.1 | -3428570.5 |   1258 | riscv.dp.rf.rf\[1\]\[17\]$_DFFE_PP_/D
     652* |       0 |      18 |        0 |      0 |    19 |    +0.0% | -2903.112 |   -34213.1 | -3428570.5 |   1258 | riscv.dp.rf.rf\[1\]\[17\]$_DFFE_PP_/D
     653* |       0 |      18 |        0 |      0 |    19 |    +0.0% | -2903.112 |   -34213.1 | -3428570.5 |   1258 | riscv.dp.rf.rf\[1\]\[17\]$_DFFE_PP_/D
     654* |       0 |      18 |        0 |      0 |    19 |    +0.0% | -2903.112 |   -34213.1 | -3428570.5 |   1258 | riscv.dp.rf.rf\[1\]\[17\]$_DFFE_PP_/D
     655* |       0 |      18 |        0 |      0 |    19 |    +0.0% | -2903.112 |   -34213.1 | -3428570.5 |   1258 | riscv.dp.rf.rf\[1\]\[17\]$_DFFE_PP_/D
     656* |       0 |      18 |        0 |      0 |    19 |    +0.0% | -2903.112 |   -34213.1 | -3428570.5 |   1258 | riscv.dp.rf.rf\[1\]\[17\]$_DFFE_PP_/D
     657* |       0 |      18 |        0 |      0 |    19 |    +0.0% | -2903.112 |   -34213.1 | -3428570.5 |   1258 | riscv.dp.rf.rf\[1\]\[17\]$_DFFE_PP_/D
     658* |       0 |      18 |        0 |      0 |    19 |    +0.0% | -2903.112 |   -34213.1 | -3428570.5 |   1258 | riscv.dp.rf.rf\[1\]\[17\]$_DFFE_PP_/D
     659* |       0 |      18 |        0 |      0 |    19 |    +0.0% | -2903.112 |   -34213.1 | -3428570.5 |   1258 | riscv.dp.rf.rf\[1\]\[17\]$_DFFE_PP_/D
     660* |       0 |      18 |        0 |      0 |    19 |    +0.0% | -2903.112 |   -34213.1 | -3428570.5 |   1258 | riscv.dp.rf.rf\[1\]\[17\]$_DFFE_PP_/D
     660* |       0 |      18 |        0 |      0 |    19 |    +0.0% | -2903.112 |   -34213.1 | -3428570.5 |   1258 | riscv.dp.rf.rf\[1\]\[17\]$_DFFE_PP_/D
     661* |       0 |      18 |        0 |      0 |    19 |    +0.0% | -2903.112 |   -34213.1 | -3428570.5 |   1258 | riscv.dp.rf.rf\[1\]\[17\]$_DFFE_PP_/D
     662* |       0 |      18 |        0 |      0 |    19 |    +0.0% | -2903.112 |   -34213.1 | -3428570.5 |   1258 | riscv.dp.rf.rf\[1\]\[17\]$_DFFE_PP_/D
     663* |       0 |      18 |        0 |      0 |    19 |    +0.0% | -2903.112 |   -34213.1 | -3428570.5 |   1258 | riscv.dp.rf.rf\[1\]\[17\]$_DFFE_PP_/D
     664* |       0 |      18 |        0 |      0 |    19 |    +0.0% | -2903.112 |   -34213.1 | -3428570.5 |   1258 | riscv.dp.rf.rf\[1\]\[17\]$_DFFE_PP_/D
     665* |       0 |      18 |        0 |      0 |    19 |    +0.0% | -2903.112 |   -34213.1 | -3428570.5 |   1258 | riscv.dp.rf.rf\[1\]\[17\]$_DFFE_PP_/D
     666* |       0 |      18 |        0 |      0 |    19 |    +0.0% | -2903.112 |   -34213.1 | -3428570.5 |   1258 | riscv.dp.rf.rf\[1\]\[17\]$_DFFE_PP_/D
     667* |       0 |      18 |        0 |      0 |    19 |    +0.0% | -2903.112 |   -34213.1 | -3428570.5 |   1258 | riscv.dp.rf.rf\[1\]\[17\]$_DFFE_PP_/D
     668* |       0 |      18 |        0 |      0 |    19 |    +0.0% | -2903.112 |   -34213.1 | -3428570.5 |   1258 | riscv.dp.rf.rf\[1\]\[17\]$_DFFE_PP_/D
     669* |       0 |      18 |        0 |      0 |    19 |    +0.0% | -2903.112 |   -34213.1 | -3428570.5 |   1258 | riscv.dp.rf.rf\[1\]\[17\]$_DFFE_PP_/D
     670* |       0 |      18 |        0 |      0 |    19 |    +0.0% | -2903.112 |   -34213.1 | -3428570.5 |   1258 | riscv.dp.rf.rf\[1\]\[17\]$_DFFE_PP_/D
     670* |       0 |      18 |        0 |      0 |    19 |    +0.0% | -2903.112 |   -34213.1 | -3428570.5 |   1258 | riscv.dp.rf.rf\[1\]\[17\]$_DFFE_PP_/D
     671* |       0 |      18 |        0 |      0 |    19 |    +0.0% | -2903.112 |   -34213.1 | -3428570.5 |   1258 | riscv.dp.rf.rf\[1\]\[17\]$_DFFE_PP_/D
     672* |       0 |      18 |        0 |      0 |    19 |    +0.0% | -2903.112 |   -34213.1 | -3428570.5 |   1258 | riscv.dp.rf.rf\[1\]\[17\]$_DFFE_PP_/D
     673* |       0 |      18 |        0 |      0 |    19 |    +0.0% | -2903.112 |   -34213.1 | -3428570.5 |   1258 | riscv.dp.rf.rf\[1\]\[17\]$_DFFE_PP_/D
     674* |       0 |      18 |        0 |      0 |    19 |    +0.0% | -2903.112 |   -34213.1 | -3428570.5 |   1258 | riscv.dp.rf.rf\[1\]\[17\]$_DFFE_PP_/D
     675* |       0 |      18 |        0 |      0 |    19 |    +0.0% | -2903.112 |   -34213.1 | -3428570.5 |   1258 | riscv.dp.rf.rf\[1\]\[17\]$_DFFE_PP_/D
     676* |       0 |      18 |        0 |      0 |    19 |    +0.0% | -2903.112 |   -34213.1 | -3428570.5 |   1258 | riscv.dp.rf.rf\[1\]\[17\]$_DFFE_PP_/D
     677* |       0 |      18 |        0 |      0 |    19 |    +0.0% | -2903.112 |   -34213.1 | -3428570.5 |   1258 | riscv.dp.rf.rf\[1\]\[17\]$_DFFE_PP_/D
     678* |       0 |      18 |        0 |      0 |    19 |    +0.0% | -2903.112 |   -34213.1 | -3428570.5 |   1258 | riscv.dp.rf.rf\[1\]\[17\]$_DFFE_PP_/D
     679* |       0 |      18 |        0 |      0 |    19 |    +0.0% | -2903.112 |   -34213.1 | -3428570.5 |   1258 | riscv.dp.rf.rf\[1\]\[17\]$_DFFE_PP_/D
     680* |       0 |      18 |        0 |      0 |    19 |    +0.0% | -2903.112 |   -34213.1 | -3428570.5 |   1258 | riscv.dp.rf.rf\[1\]\[17\]$_DFFE_PP_/D
     680* |       0 |      18 |        0 |      0 |    19 |    +0.0% | -2903.112 |   -34213.1 | -3428570.5 |   1258 | riscv.dp.rf.rf\[1\]\[17\]$_DFFE_PP_/D
     681* |       0 |      18 |        0 |      0 |    19 |    +0.0% | -2903.112 |   -34213.1 | -3428570.5 |   1258 | riscv.dp.rf.rf\[1\]\[17\]$_DFFE_PP_/D
     682* |       0 |      18 |        0 |      0 |    19 |    +0.0% | -2903.112 |   -34213.1 | -3428570.5 |   1258 | riscv.dp.rf.rf\[1\]\[17\]$_DFFE_PP_/D
     683* |       0 |      18 |        0 |      0 |    19 |    +0.0% | -2903.112 |   -34213.1 | -3428570.5 |   1258 | riscv.dp.rf.rf\[1\]\[17\]$_DFFE_PP_/D
     684* |       0 |      18 |        0 |      0 |    19 |    +0.0% | -2903.112 |   -34213.1 | -3428570.5 |   1258 | riscv.dp.rf.rf\[1\]\[17\]$_DFFE_PP_/D
     685* |       0 |      18 |        0 |      0 |    19 |    +0.0% | -2903.112 |   -34213.1 | -3428570.5 |   1258 | riscv.dp.rf.rf\[1\]\[17\]$_DFFE_PP_/D
     686* |       0 |      18 |        0 |      0 |    19 |    +0.0% | -2903.112 |   -34213.1 | -3428570.5 |   1258 | riscv.dp.rf.rf\[1\]\[17\]$_DFFE_PP_/D
     687* |       0 |      18 |        0 |      0 |    19 |    +0.0% | -2903.112 |   -34213.1 | -3428570.5 |   1258 | riscv.dp.rf.rf\[1\]\[17\]$_DFFE_PP_/D
     688* |       0 |      18 |        0 |      0 |    19 |    +0.0% | -2903.112 |   -34213.1 | -3428570.5 |   1258 | riscv.dp.rf.rf\[1\]\[17\]$_DFFE_PP_/D
     689* |       0 |      18 |        0 |      0 |    19 |    +0.0% | -2903.112 |   -34213.1 | -3428570.5 |   1258 | riscv.dp.rf.rf\[1\]\[17\]$_DFFE_PP_/D
     690* |       0 |      18 |        0 |      0 |    19 |    +0.0% | -2903.112 |   -34213.1 | -3428570.5 |   1258 | riscv.dp.rf.rf\[1\]\[17\]$_DFFE_PP_/D
     690* |       0 |      18 |        0 |      0 |    19 |    +0.0% | -2903.112 |   -34213.1 | -3428570.5 |   1258 | riscv.dp.rf.rf\[1\]\[17\]$_DFFE_PP_/D
     691* |       0 |      18 |        0 |      0 |    19 |    +0.0% | -2903.112 |   -34213.1 | -3428570.5 |   1258 | riscv.dp.rf.rf\[1\]\[17\]$_DFFE_PP_/D
     692* |       0 |      18 |        0 |      0 |    19 |    +0.0% | -2903.112 |   -34213.1 | -3428570.5 |   1258 | riscv.dp.rf.rf\[1\]\[17\]$_DFFE_PP_/D
     693* |       0 |      18 |        0 |      0 |    19 |    +0.0% | -2903.112 |   -34213.1 | -3428570.5 |   1258 | riscv.dp.rf.rf\[1\]\[17\]$_DFFE_PP_/D
     694* |       0 |      18 |        0 |      0 |    19 |    +0.0% | -2903.112 |   -34213.1 | -3428570.5 |   1258 | riscv.dp.rf.rf\[1\]\[17\]$_DFFE_PP_/D
     695* |       0 |      18 |        0 |      0 |    19 |    +0.0% | -2903.112 |   -34213.1 | -3428570.5 |   1258 | riscv.dp.rf.rf\[1\]\[17\]$_DFFE_PP_/D
     696* |       0 |      18 |        0 |      0 |    19 |    +0.0% | -2903.112 |   -34213.1 | -3428570.5 |   1258 | riscv.dp.rf.rf\[1\]\[17\]$_DFFE_PP_/D
     697* |       0 |      18 |        0 |      0 |    19 |    +0.0% | -2903.112 |   -34213.1 | -3428570.5 |   1258 | riscv.dp.rf.rf\[1\]\[17\]$_DFFE_PP_/D
     698* |       0 |      18 |        0 |      0 |    19 |    +0.0% | -2903.112 |   -34213.1 | -3428570.5 |   1258 | riscv.dp.rf.rf\[1\]\[17\]$_DFFE_PP_/D
     699* |       0 |      18 |        0 |      0 |    19 |    +0.0% | -2903.112 |   -34213.1 | -3428570.5 |   1258 | riscv.dp.rf.rf\[1\]\[17\]$_DFFE_PP_/D
     700* |       0 |      18 |        0 |      0 |    19 |    +0.0% | -2903.112 |   -34213.1 | -3428570.5 |   1258 | riscv.dp.rf.rf\[1\]\[17\]$_DFFE_PP_/D
     700* |       0 |      18 |        0 |      0 |    19 |    +0.0% | -2903.112 |   -34213.1 | -3428570.5 |   1258 | riscv.dp.rf.rf\[1\]\[17\]$_DFFE_PP_/D
     701* |       0 |      18 |        0 |      0 |    19 |    +0.0% | -2903.112 |   -34213.1 | -3428570.5 |   1258 | riscv.dp.rf.rf\[1\]\[17\]$_DFFE_PP_/D
     702* |       0 |      18 |        0 |      0 |    19 |    +0.0% | -2903.112 |   -34213.1 | -3428570.5 |   1258 | riscv.dp.rf.rf\[1\]\[17\]$_DFFE_PP_/D
     703* |       0 |      18 |        0 |      0 |    19 |    +0.0% | -2903.112 |   -34213.1 | -3428570.5 |   1258 | riscv.dp.rf.rf\[1\]\[17\]$_DFFE_PP_/D
     704* |       0 |      18 |        0 |      0 |    19 |    +0.0% | -2903.112 |   -34213.1 | -3428570.5 |   1258 | riscv.dp.rf.rf\[1\]\[17\]$_DFFE_PP_/D
     705* |       0 |      18 |        0 |      0 |    19 |    +0.0% | -2903.112 |   -34213.1 | -3428570.5 |   1258 | riscv.dp.rf.rf\[1\]\[17\]$_DFFE_PP_/D
     706* |       0 |      18 |        0 |      0 |    19 |    +0.0% | -2903.112 |   -34213.1 | -3428570.5 |   1258 | riscv.dp.rf.rf\[1\]\[17\]$_DFFE_PP_/D
     707* |       0 |      18 |        0 |      0 |    19 |    +0.0% | -2903.112 |   -34213.1 | -3428570.5 |   1258 | riscv.dp.rf.rf\[1\]\[17\]$_DFFE_PP_/D
     708* |       0 |      18 |        0 |      0 |    19 |    +0.0% | -2903.112 |   -34213.1 | -3428570.5 |   1258 | riscv.dp.rf.rf\[1\]\[17\]$_DFFE_PP_/D
     709* |       0 |      18 |        0 |      0 |    19 |    +0.0% | -2903.112 |   -34213.1 | -3428570.5 |   1258 | riscv.dp.rf.rf\[1\]\[17\]$_DFFE_PP_/D
     710* |       0 |      18 |        0 |      0 |    19 |    +0.0% | -2903.112 |   -34213.1 | -3428570.5 |   1258 | riscv.dp.rf.rf\[1\]\[17\]$_DFFE_PP_/D
     710* |       0 |      18 |        0 |      0 |    19 |    +0.0% | -2903.112 |   -34213.1 | -3428570.5 |   1258 | riscv.dp.rf.rf\[1\]\[17\]$_DFFE_PP_/D
     711* |       0 |      18 |        0 |      0 |    19 |    +0.0% | -2903.112 |   -34213.1 | -3428570.5 |   1258 | riscv.dp.rf.rf\[1\]\[17\]$_DFFE_PP_/D
     712* |       0 |      18 |        0 |      0 |    19 |    +0.0% | -2903.112 |   -34213.1 | -3428570.5 |   1258 | riscv.dp.rf.rf\[1\]\[17\]$_DFFE_PP_/D
     713* |       0 |      18 |        0 |      0 |    19 |    +0.0% | -2903.112 |   -34213.1 | -3428570.5 |   1258 | riscv.dp.rf.rf\[1\]\[17\]$_DFFE_PP_/D
     714* |       0 |      18 |        0 |      0 |    19 |    +0.0% | -2903.112 |   -34213.1 | -3428570.5 |   1258 | riscv.dp.rf.rf\[1\]\[17\]$_DFFE_PP_/D
     715* |       0 |      18 |        0 |      0 |    19 |    +0.0% | -2903.112 |   -34213.1 | -3428570.5 |   1258 | riscv.dp.rf.rf\[1\]\[17\]$_DFFE_PP_/D
     716* |       0 |      18 |        0 |      0 |    19 |    +0.0% | -2903.112 |   -34213.1 | -3428570.5 |   1258 | riscv.dp.rf.rf\[1\]\[17\]$_DFFE_PP_/D
     717* |       0 |      18 |        0 |      0 |    19 |    +0.0% | -2903.112 |   -34213.1 | -3428570.5 |   1258 | riscv.dp.rf.rf\[1\]\[17\]$_DFFE_PP_/D
     718* |       0 |      18 |        0 |      0 |    19 |    +0.0% | -2903.112 |   -34213.1 | -3428570.5 |   1258 | riscv.dp.rf.rf\[1\]\[17\]$_DFFE_PP_/D
     719* |       0 |      18 |        0 |      0 |    19 |    +0.0% | -2903.112 |   -34213.1 | -3428570.5 |   1258 | riscv.dp.rf.rf\[1\]\[17\]$_DFFE_PP_/D
     720* |       0 |      18 |        0 |      0 |    19 |    +0.0% | -2903.112 |   -34213.1 | -3428570.5 |   1258 | riscv.dp.rf.rf\[1\]\[17\]$_DFFE_PP_/D
     720* |       0 |      18 |        0 |      0 |    19 |    +0.0% | -2903.112 |   -34213.1 | -3428570.5 |   1258 | riscv.dp.rf.rf\[1\]\[17\]$_DFFE_PP_/D
     721* |       0 |      18 |        0 |      0 |    19 |    +0.0% | -2903.112 |   -34213.1 | -3428570.5 |   1258 | riscv.dp.rf.rf\[1\]\[17\]$_DFFE_PP_/D
     722* |       0 |      18 |        0 |      0 |    19 |    +0.0% | -2903.112 |   -34213.1 | -3428570.5 |   1258 | riscv.dp.rf.rf\[1\]\[17\]$_DFFE_PP_/D
     723* |       0 |      18 |        0 |      0 |    19 |    +0.0% | -2903.112 |   -34213.1 | -3428570.5 |   1258 | riscv.dp.rf.rf\[1\]\[17\]$_DFFE_PP_/D
     724* |       0 |      18 |        0 |      0 |    19 |    +0.0% | -2903.112 |   -34213.1 | -3428570.5 |   1258 | riscv.dp.rf.rf\[1\]\[17\]$_DFFE_PP_/D
     725* |       0 |      18 |        0 |      0 |    19 |    +0.0% | -2903.112 |   -34213.1 | -3428570.5 |   1258 | riscv.dp.rf.rf\[1\]\[17\]$_DFFE_PP_/D
     726* |       0 |      18 |        0 |      0 |    19 |    +0.0% | -2903.112 |   -34213.1 | -3428570.5 |   1258 | riscv.dp.rf.rf\[1\]\[17\]$_DFFE_PP_/D
     727* |       0 |      18 |        0 |      0 |    19 |    +0.0% | -2903.112 |   -34213.1 | -3428570.5 |   1258 | riscv.dp.rf.rf\[1\]\[17\]$_DFFE_PP_/D
     728* |       0 |      18 |        0 |      0 |    19 |    +0.0% | -2903.112 |   -34213.1 | -3428570.5 |   1258 | riscv.dp.rf.rf\[1\]\[17\]$_DFFE_PP_/D
     729* |       0 |      18 |        0 |      0 |    19 |    +0.0% | -2903.112 |   -34213.1 | -3428570.5 |   1258 | riscv.dp.rf.rf\[1\]\[17\]$_DFFE_PP_/D
     730* |       0 |      18 |        0 |      0 |    19 |    +0.0% | -2903.112 |   -34213.1 | -3428570.5 |   1258 | riscv.dp.rf.rf\[1\]\[17\]$_DFFE_PP_/D
     730* |       0 |      18 |        0 |      0 |    19 |    +0.0% | -2903.112 |   -34213.1 | -3428570.5 |   1258 | riscv.dp.rf.rf\[1\]\[17\]$_DFFE_PP_/D
     731* |       0 |      18 |        0 |      0 |    19 |    +0.0% | -2903.112 |   -34213.1 | -3428570.5 |   1258 | riscv.dp.rf.rf\[1\]\[17\]$_DFFE_PP_/D
     732* |       0 |      18 |        0 |      0 |    19 |    +0.0% | -2903.112 |   -34213.1 | -3428570.5 |   1258 | riscv.dp.rf.rf\[1\]\[17\]$_DFFE_PP_/D
     733* |       0 |      18 |        0 |      0 |    19 |    +0.0% | -2903.112 |   -34213.1 | -3428570.5 |   1258 | riscv.dp.rf.rf\[1\]\[17\]$_DFFE_PP_/D
     734* |       0 |      18 |        0 |      0 |    19 |    +0.0% | -2903.112 |   -34213.1 | -3428570.5 |   1258 | riscv.dp.rf.rf\[1\]\[17\]$_DFFE_PP_/D
     735* |       0 |      18 |        0 |      0 |    19 |    +0.0% | -2903.112 |   -34213.1 | -3428570.5 |   1258 | riscv.dp.rf.rf\[1\]\[17\]$_DFFE_PP_/D
     736* |       0 |      18 |        0 |      0 |    19 |    +0.0% | -2903.112 |   -34213.1 | -3428570.5 |   1258 | riscv.dp.rf.rf\[1\]\[17\]$_DFFE_PP_/D
     737* |       0 |      18 |        0 |      0 |    19 |    +0.0% | -2903.112 |   -34213.1 | -3428570.5 |   1258 | riscv.dp.rf.rf\[1\]\[17\]$_DFFE_PP_/D
     738* |       0 |      18 |        0 |      0 |    19 |    +0.0% | -2903.112 |   -34213.1 | -3428570.5 |   1258 | riscv.dp.rf.rf\[1\]\[17\]$_DFFE_PP_/D
     739* |       0 |      18 |        0 |      0 |    19 |    +0.0% | -2903.112 |   -34213.1 | -3428570.5 |   1258 | riscv.dp.rf.rf\[1\]\[17\]$_DFFE_PP_/D
     740* |       0 |      18 |        0 |      0 |    19 |    +0.0% | -2903.112 |   -34213.1 | -3428570.5 |   1258 | riscv.dp.rf.rf\[1\]\[17\]$_DFFE_PP_/D
     740* |       0 |      18 |        0 |      0 |    19 |    +0.0% | -2903.112 |   -34213.1 | -3428570.5 |   1258 | riscv.dp.rf.rf\[1\]\[17\]$_DFFE_PP_/D
     741* |       0 |      18 |        0 |      0 |    19 |    +0.0% | -2903.112 |   -34213.1 | -3428570.5 |   1258 | riscv.dp.rf.rf\[1\]\[17\]$_DFFE_PP_/D
     742* |       0 |      18 |        0 |      0 |    19 |    +0.0% | -2903.112 |   -34213.1 | -3428570.5 |   1258 | riscv.dp.rf.rf\[1\]\[17\]$_DFFE_PP_/D
     743* |       0 |      18 |        0 |      0 |    19 |    +0.0% | -2903.112 |   -34213.1 | -3428570.5 |   1258 | riscv.dp.rf.rf\[1\]\[17\]$_DFFE_PP_/D
     744* |       0 |      18 |        0 |      0 |    19 |    +0.0% | -2903.112 |   -34213.1 | -3428570.5 |   1258 | riscv.dp.rf.rf\[1\]\[17\]$_DFFE_PP_/D
     745* |       0 |      18 |        0 |      0 |    19 |    +0.0% | -2903.112 |   -34213.1 | -3428570.5 |   1258 | riscv.dp.rf.rf\[1\]\[17\]$_DFFE_PP_/D
     746* |       0 |      18 |        0 |      0 |    19 |    +0.0% | -2903.112 |   -34213.1 | -3428570.5 |   1258 | riscv.dp.rf.rf\[1\]\[17\]$_DFFE_PP_/D
     747* |       0 |      18 |        0 |      0 |    19 |    +0.0% | -2903.112 |   -34213.1 | -3428570.5 |   1258 | riscv.dp.rf.rf\[1\]\[17\]$_DFFE_PP_/D
     748* |       0 |      18 |        0 |      0 |    19 |    +0.0% | -2903.112 |   -34213.1 | -3428570.5 |   1258 | riscv.dp.rf.rf\[1\]\[17\]$_DFFE_PP_/D
     749* |       0 |      18 |        0 |      0 |    19 |    +0.0% | -2903.112 |   -34213.1 | -3428570.5 |   1258 | riscv.dp.rf.rf\[1\]\[17\]$_DFFE_PP_/D
     750* |       0 |      18 |        0 |      0 |    19 |    +0.0% | -2903.112 |   -34213.1 | -3428570.5 |   1258 | riscv.dp.rf.rf\[1\]\[17\]$_DFFE_PP_/D
     750* |       0 |      18 |        0 |      0 |    19 |    +0.0% | -2903.112 |   -34213.1 | -3428570.5 |   1258 | riscv.dp.rf.rf\[1\]\[17\]$_DFFE_PP_/D
     751* |       0 |      18 |        0 |      0 |    19 |    +0.0% | -2903.112 |   -34213.1 | -3428570.5 |   1258 | riscv.dp.rf.rf\[1\]\[17\]$_DFFE_PP_/D
     752* |       0 |      18 |        0 |      0 |    19 |    +0.0% | -2903.112 |   -34213.1 | -3428570.5 |   1258 | riscv.dp.rf.rf\[1\]\[17\]$_DFFE_PP_/D
     753* |       0 |      18 |        0 |      0 |    19 |    +0.0% | -2903.112 |   -34213.1 | -3428570.5 |   1258 | riscv.dp.rf.rf\[1\]\[17\]$_DFFE_PP_/D
     754* |       0 |      18 |        0 |      0 |    19 |    +0.0% | -2903.112 |   -34213.1 | -3428570.5 |   1258 | riscv.dp.rf.rf\[1\]\[17\]$_DFFE_PP_/D
     755* |       0 |      18 |        0 |      0 |    19 |    +0.0% | -2903.112 |   -34213.1 | -3428570.5 |   1258 | riscv.dp.rf.rf\[1\]\[17\]$_DFFE_PP_/D
     756* |       0 |      18 |        0 |      0 |    19 |    +0.0% | -2903.112 |   -34213.1 | -3428570.5 |   1258 | riscv.dp.rf.rf\[1\]\[17\]$_DFFE_PP_/D
     757* |       0 |      18 |        0 |      0 |    19 |    +0.0% | -2903.112 |   -34213.1 | -3428570.5 |   1258 | riscv.dp.rf.rf\[1\]\[17\]$_DFFE_PP_/D
     758* |       0 |      18 |        0 |      0 |    19 |    +0.0% | -2903.112 |   -34213.1 | -3428570.5 |   1258 | riscv.dp.rf.rf\[1\]\[17\]$_DFFE_PP_/D
     759* |       0 |      18 |        0 |      0 |    19 |    +0.0% | -2903.112 |   -34213.1 | -3428570.5 |   1258 | riscv.dp.rf.rf\[1\]\[17\]$_DFFE_PP_/D
     760* |       0 |      18 |        0 |      0 |    19 |    +0.0% | -2903.112 |   -34213.1 | -3428570.5 |   1258 | riscv.dp.rf.rf\[1\]\[17\]$_DFFE_PP_/D
     760* |       0 |      18 |        0 |      0 |    19 |    +0.0% | -2903.112 |   -34213.1 | -3428570.5 |   1258 | riscv.dp.rf.rf\[1\]\[17\]$_DFFE_PP_/D
     761* |       0 |      18 |        0 |      0 |    19 |    +0.0% | -2903.112 |   -34213.1 | -3428570.5 |   1258 | riscv.dp.rf.rf\[1\]\[17\]$_DFFE_PP_/D
     762* |       0 |      18 |        0 |      0 |    19 |    +0.0% | -2903.112 |   -34213.1 | -3428570.5 |   1258 | riscv.dp.rf.rf\[1\]\[17\]$_DFFE_PP_/D
     763* |       0 |      18 |        0 |      0 |    19 |    +0.0% | -2903.112 |   -34213.1 | -3428570.5 |   1258 | riscv.dp.rf.rf\[1\]\[17\]$_DFFE_PP_/D
     764* |       0 |      18 |        0 |      0 |    19 |    +0.0% | -2903.112 |   -34213.1 | -3428570.5 |   1258 | riscv.dp.rf.rf\[1\]\[17\]$_DFFE_PP_/D
     765* |       0 |      18 |        0 |      0 |    19 |    +0.0% | -2903.112 |   -34213.1 | -3428570.5 |   1258 | riscv.dp.rf.rf\[1\]\[17\]$_DFFE_PP_/D
     766* |       0 |      18 |        0 |      0 |    19 |    +0.0% | -2903.112 |   -34213.1 | -3428570.5 |   1258 | riscv.dp.rf.rf\[1\]\[17\]$_DFFE_PP_/D
     767* |       0 |      18 |        0 |      0 |    19 |    +0.0% | -2903.112 |   -34213.1 | -3428570.5 |   1258 | riscv.dp.rf.rf\[1\]\[17\]$_DFFE_PP_/D
     768* |       0 |      18 |        0 |      0 |    19 |    +0.0% | -2903.112 |   -34213.1 | -3428570.5 |   1258 | riscv.dp.rf.rf\[1\]\[17\]$_DFFE_PP_/D
     769* |       0 |      18 |        0 |      0 |    19 |    +0.0% | -2903.112 |   -34213.1 | -3428570.5 |   1258 | riscv.dp.rf.rf\[1\]\[17\]$_DFFE_PP_/D
     770* |       0 |      18 |        0 |      0 |    19 |    +0.0% | -2903.112 |   -34213.1 | -3428570.5 |   1258 | riscv.dp.rf.rf\[1\]\[17\]$_DFFE_PP_/D
     770* |       0 |      18 |        0 |      0 |    19 |    +0.0% | -2903.112 |   -34213.1 | -3428570.5 |   1258 | riscv.dp.rf.rf\[1\]\[17\]$_DFFE_PP_/D
     771* |       0 |      18 |        0 |      0 |    19 |    +0.0% | -2903.112 |   -34213.1 | -3428570.5 |   1258 | riscv.dp.rf.rf\[1\]\[17\]$_DFFE_PP_/D
     772* |       0 |      18 |        0 |      0 |    19 |    +0.0% | -2903.112 |   -34213.1 | -3428570.5 |   1258 | riscv.dp.rf.rf\[1\]\[17\]$_DFFE_PP_/D
     773* |       0 |      18 |        0 |      0 |    19 |    +0.0% | -2903.112 |   -34213.1 | -3428570.5 |   1258 | riscv.dp.rf.rf\[1\]\[17\]$_DFFE_PP_/D
     774* |       0 |      18 |        0 |      0 |    19 |    +0.0% | -2903.112 |   -34213.1 | -3428570.5 |   1258 | riscv.dp.rf.rf\[1\]\[17\]$_DFFE_PP_/D
     775* |       0 |      18 |        0 |      0 |    19 |    +0.0% | -2903.112 |   -34213.1 | -3428570.5 |   1258 | riscv.dp.rf.rf\[1\]\[17\]$_DFFE_PP_/D
     776* |       0 |      18 |        0 |      0 |    19 |    +0.0% | -2903.112 |   -34213.1 | -3428570.5 |   1258 | riscv.dp.rf.rf\[1\]\[17\]$_DFFE_PP_/D
     777* |       0 |      18 |        0 |      0 |    19 |    +0.0% | -2903.112 |   -34213.1 | -3428570.5 |   1258 | riscv.dp.rf.rf\[1\]\[17\]$_DFFE_PP_/D
     778* |       0 |      18 |        0 |      0 |    19 |    +0.0% | -2903.112 |   -34213.1 | -3428570.5 |   1258 | riscv.dp.rf.rf\[1\]\[17\]$_DFFE_PP_/D
     779* |       0 |      18 |        0 |      0 |    19 |    +0.0% | -2903.112 |   -34213.1 | -3428570.5 |   1258 | riscv.dp.rf.rf\[1\]\[17\]$_DFFE_PP_/D
     780* |       0 |      18 |        0 |      0 |    19 |    +0.0% | -2903.112 |   -34213.1 | -3428570.5 |   1258 | riscv.dp.rf.rf\[1\]\[17\]$_DFFE_PP_/D
     780* |       0 |      18 |        0 |      0 |    19 |    +0.0% | -2903.112 |   -34213.1 | -3428570.5 |   1258 | riscv.dp.rf.rf\[1\]\[17\]$_DFFE_PP_/D
     781* |       0 |      18 |        0 |      0 |    19 |    +0.0% | -2903.112 |   -34213.1 | -3428570.5 |   1258 | riscv.dp.rf.rf\[1\]\[17\]$_DFFE_PP_/D
     782* |       0 |      18 |        0 |      0 |    19 |    +0.0% | -2903.112 |   -34213.1 | -3428570.5 |   1258 | riscv.dp.rf.rf\[1\]\[17\]$_DFFE_PP_/D
     783* |       0 |      18 |        0 |      0 |    19 |    +0.0% | -2903.112 |   -34213.1 | -3428570.5 |   1258 | riscv.dp.rf.rf\[1\]\[17\]$_DFFE_PP_/D
     784* |       0 |      18 |        0 |      0 |    19 |    +0.0% | -2903.112 |   -34213.1 | -3428570.5 |   1258 | riscv.dp.rf.rf\[1\]\[17\]$_DFFE_PP_/D
     785* |       0 |      18 |        0 |      0 |    19 |    +0.0% | -2903.112 |   -34213.1 | -3428570.5 |   1258 | riscv.dp.rf.rf\[1\]\[17\]$_DFFE_PP_/D
     786* |       0 |      18 |        0 |      0 |    19 |    +0.0% | -2903.112 |   -34213.1 | -3428570.5 |   1258 | riscv.dp.rf.rf\[1\]\[17\]$_DFFE_PP_/D
     787* |       0 |      18 |        0 |      0 |    19 |    +0.0% | -2903.112 |   -34213.1 | -3428570.5 |   1258 | riscv.dp.rf.rf\[1\]\[17\]$_DFFE_PP_/D
     788* |       0 |      18 |        0 |      0 |    19 |    +0.0% | -2903.112 |   -34213.1 | -3428570.5 |   1258 | riscv.dp.rf.rf\[1\]\[17\]$_DFFE_PP_/D
     789* |       0 |      18 |        0 |      0 |    19 |    +0.0% | -2903.112 |   -34213.1 | -3428570.5 |   1258 | riscv.dp.rf.rf\[1\]\[17\]$_DFFE_PP_/D
     790* |       0 |      18 |        0 |      0 |    19 |    +0.0% | -2903.112 |   -34213.1 | -3428570.5 |   1258 | riscv.dp.rf.rf\[1\]\[17\]$_DFFE_PP_/D
     790* |       0 |      18 |        0 |      0 |    19 |    +0.0% | -2903.112 |   -34213.1 | -3428570.5 |   1258 | riscv.dp.rf.rf\[1\]\[17\]$_DFFE_PP_/D
     791* |       0 |      18 |        0 |      0 |    19 |    +0.0% | -2903.112 |   -34213.1 | -3428570.5 |   1258 | riscv.dp.rf.rf\[1\]\[17\]$_DFFE_PP_/D
     792* |       0 |      18 |        0 |      0 |    19 |    +0.0% | -2903.112 |   -34213.1 | -3428570.5 |   1258 | riscv.dp.rf.rf\[1\]\[17\]$_DFFE_PP_/D
     793* |       0 |      18 |        0 |      0 |    19 |    +0.0% | -2903.112 |   -34213.1 | -3428570.5 |   1258 | riscv.dp.rf.rf\[1\]\[17\]$_DFFE_PP_/D
     794* |       0 |      18 |        0 |      0 |    19 |    +0.0% | -2903.112 |   -34213.1 | -3428570.5 |   1258 | riscv.dp.rf.rf\[1\]\[17\]$_DFFE_PP_/D
     795* |       0 |      18 |        0 |      0 |    19 |    +0.0% | -2903.112 |   -34213.1 | -3428570.5 |   1258 | riscv.dp.rf.rf\[1\]\[17\]$_DFFE_PP_/D
     796* |       0 |      18 |        0 |      0 |    19 |    +0.0% | -2903.112 |   -34213.1 | -3428570.5 |   1258 | riscv.dp.rf.rf\[1\]\[17\]$_DFFE_PP_/D
     797* |       0 |      18 |        0 |      0 |    19 |    +0.0% | -2903.112 |   -34213.1 | -3428570.5 |   1258 | riscv.dp.rf.rf\[1\]\[17\]$_DFFE_PP_/D
     798* |       0 |      18 |        0 |      0 |    19 |    +0.0% | -2903.112 |   -34213.1 | -3428570.5 |   1258 | riscv.dp.rf.rf\[1\]\[17\]$_DFFE_PP_/D
     799* |       0 |      18 |        0 |      0 |    19 |    +0.0% | -2903.112 |   -34213.1 | -3428570.5 |   1258 | riscv.dp.rf.rf\[1\]\[17\]$_DFFE_PP_/D
     800* |       0 |      18 |        0 |      0 |    19 |    +0.0% | -2903.112 |   -34213.1 | -3428570.5 |   1258 | riscv.dp.rf.rf\[1\]\[17\]$_DFFE_PP_/D
     800* |       0 |      18 |        0 |      0 |    19 |    +0.0% | -2903.112 |   -34213.1 | -3428570.5 |   1258 | riscv.dp.rf.rf\[1\]\[17\]$_DFFE_PP_/D
     801* |       0 |      18 |        0 |      0 |    19 |    +0.0% | -2903.112 |   -34213.1 | -3428570.5 |   1258 | riscv.dp.rf.rf\[1\]\[17\]$_DFFE_PP_/D
     802* |       0 |      18 |        0 |      0 |    19 |    +0.0% | -2903.112 |   -34213.1 | -3428570.5 |   1258 | riscv.dp.rf.rf\[1\]\[17\]$_DFFE_PP_/D
     803* |       0 |      18 |        0 |      0 |    19 |    +0.0% | -2903.112 |   -34213.1 | -3428570.5 |   1258 | riscv.dp.rf.rf\[1\]\[17\]$_DFFE_PP_/D
     804* |       0 |      18 |        0 |      0 |    19 |    +0.0% | -2903.112 |   -34213.1 | -3428570.5 |   1258 | riscv.dp.rf.rf\[1\]\[17\]$_DFFE_PP_/D
     805* |       0 |      18 |        0 |      0 |    19 |    +0.0% | -2903.112 |   -34213.1 | -3428570.5 |   1258 | riscv.dp.rf.rf\[1\]\[17\]$_DFFE_PP_/D
     806* |       0 |      18 |        0 |      0 |    19 |    +0.0% | -2903.112 |   -34213.1 | -3428570.5 |   1258 | riscv.dp.rf.rf\[1\]\[17\]$_DFFE_PP_/D
     807* |       0 |      18 |        0 |      0 |    19 |    +0.0% | -2903.112 |   -34213.1 | -3428570.5 |   1258 | riscv.dp.rf.rf\[1\]\[17\]$_DFFE_PP_/D
     808* |       0 |      18 |        0 |      0 |    19 |    +0.0% | -2903.112 |   -34213.1 | -3428570.5 |   1258 | riscv.dp.rf.rf\[1\]\[17\]$_DFFE_PP_/D
     809* |       0 |      18 |        0 |      0 |    19 |    +0.0% | -2903.112 |   -34213.1 | -3428570.5 |   1258 | riscv.dp.rf.rf\[1\]\[17\]$_DFFE_PP_/D
     810* |       0 |      18 |        0 |      0 |    19 |    +0.0% | -2903.112 |   -34213.1 | -3428570.5 |   1258 | riscv.dp.rf.rf\[1\]\[17\]$_DFFE_PP_/D
     810* |       0 |      18 |        0 |      0 |    19 |    +0.0% | -2903.112 |   -34213.1 | -3428570.5 |   1258 | riscv.dp.rf.rf\[1\]\[17\]$_DFFE_PP_/D
     811* |       0 |      18 |        0 |      0 |    19 |    +0.0% | -2903.112 |   -34213.1 | -3428570.5 |   1258 | riscv.dp.rf.rf\[1\]\[17\]$_DFFE_PP_/D
     812* |       0 |      18 |        0 |      0 |    19 |    +0.0% | -2903.112 |   -34213.1 | -3428570.5 |   1258 | riscv.dp.rf.rf\[1\]\[17\]$_DFFE_PP_/D
     813* |       0 |      18 |        0 |      0 |    19 |    +0.0% | -2903.112 |   -34213.1 | -3428570.5 |   1258 | riscv.dp.rf.rf\[1\]\[17\]$_DFFE_PP_/D
     814* |       0 |      18 |        0 |      0 |    19 |    +0.0% | -2903.112 |   -34213.1 | -3428570.5 |   1258 | riscv.dp.rf.rf\[1\]\[17\]$_DFFE_PP_/D
     815* |       0 |      18 |        0 |      0 |    19 |    +0.0% | -2903.112 |   -34213.1 | -3428570.5 |   1258 | riscv.dp.rf.rf\[1\]\[17\]$_DFFE_PP_/D
     816* |       0 |      18 |        0 |      0 |    19 |    +0.0% | -2903.112 |   -34213.1 | -3428570.5 |   1258 | riscv.dp.rf.rf\[1\]\[17\]$_DFFE_PP_/D
     817* |       0 |      18 |        0 |      0 |    19 |    +0.0% | -2903.112 |   -34213.1 | -3428570.5 |   1258 | riscv.dp.rf.rf\[1\]\[17\]$_DFFE_PP_/D
     818* |       0 |      18 |        0 |      0 |    19 |    +0.0% | -2903.112 |   -34213.1 | -3428570.5 |   1258 | riscv.dp.rf.rf\[1\]\[17\]$_DFFE_PP_/D
     819* |       0 |      18 |        0 |      0 |    19 |    +0.0% | -2903.112 |   -34213.1 | -3428570.5 |   1258 | riscv.dp.rf.rf\[1\]\[17\]$_DFFE_PP_/D
     820* |       0 |      18 |        0 |      0 |    19 |    +0.0% | -2903.112 |   -34213.1 | -3428570.5 |   1258 | riscv.dp.rf.rf\[1\]\[17\]$_DFFE_PP_/D
     820* |       0 |      18 |        0 |      0 |    19 |    +0.0% | -2903.112 |   -34213.1 | -3428570.5 |   1258 | riscv.dp.rf.rf\[1\]\[17\]$_DFFE_PP_/D
     821* |       0 |      18 |        0 |      0 |    19 |    +0.0% | -2903.112 |   -34213.1 | -3428570.5 |   1258 | riscv.dp.rf.rf\[1\]\[17\]$_DFFE_PP_/D
     822* |       0 |      18 |        0 |      0 |    19 |    +0.0% | -2903.112 |   -34213.1 | -3428570.5 |   1258 | riscv.dp.rf.rf\[1\]\[17\]$_DFFE_PP_/D
     823* |       0 |      18 |        0 |      0 |    19 |    +0.0% | -2903.112 |   -34213.1 | -3428570.5 |   1258 | riscv.dp.rf.rf\[1\]\[17\]$_DFFE_PP_/D
     824* |       0 |      18 |        0 |      0 |    19 |    +0.0% | -2903.112 |   -34213.1 | -3428570.5 |   1258 | riscv.dp.rf.rf\[1\]\[17\]$_DFFE_PP_/D
     825* |       0 |      18 |        0 |      0 |    19 |    +0.0% | -2903.112 |   -34213.1 | -3428570.5 |   1258 | riscv.dp.rf.rf\[1\]\[17\]$_DFFE_PP_/D
     827* |       0 |      19 |        0 |      0 |    19 |    +0.0% | -2903.112 |   -34213.1 | -3427800.2 |   1258 | riscv.dp.rf.rf\[1\]\[17\]$_DFFE_PP_/D
     828* |       0 |      19 |        0 |      0 |    19 |    +0.0% | -2903.112 |   -34213.1 | -3427800.2 |   1258 | riscv.dp.rf.rf\[1\]\[17\]$_DFFE_PP_/D
     829* |       0 |      19 |        0 |      0 |    19 |    +0.0% | -2903.112 |   -34213.1 | -3427800.2 |   1258 | riscv.dp.rf.rf\[1\]\[17\]$_DFFE_PP_/D
     830* |       0 |      19 |        0 |      0 |    19 |    +0.0% | -2903.112 |   -34213.1 | -3427800.2 |   1258 | riscv.dp.rf.rf\[1\]\[17\]$_DFFE_PP_/D
     832* |       0 |      19 |        0 |      0 |    19 |    +0.0% | -2903.112 |   -34213.1 | -3427800.5 |   1258 | riscv.dp.rf.rf\[1\]\[17\]$_DFFE_PP_/D
     835* |       0 |      19 |        0 |      0 |    19 |    +0.0% | -2903.112 |   -34213.1 | -3427800.5 |   1258 | riscv.dp.rf.rf\[1\]\[17\]$_DFFE_PP_/D
     838* |       0 |      19 |        0 |      0 |    19 |    +0.0% | -2903.112 |   -34213.1 | -3427800.5 |   1258 | riscv.dp.rf.rf\[1\]\[17\]$_DFFE_PP_/D
     840* |       0 |      20 |        0 |      0 |    19 |    +0.0% | -2905.061 |   -34349.3 | -3428224.0 |   1258 | riscv.dp.rf.rf\[1\]\[17\]$_DFFE_PP_/D
     841* |       0 |      19 |        0 |      0 |    19 |    +0.0% | -2903.112 |   -34213.1 | -3427800.5 |   1258 | riscv.dp.rf.rf\[1\]\[17\]$_DFFE_PP_/D
     844* |       0 |      19 |        0 |      0 |    19 |    +0.0% | -2903.112 |   -34213.1 | -3427800.5 |   1258 | riscv.dp.rf.rf\[1\]\[17\]$_DFFE_PP_/D
     847* |       0 |      19 |        0 |      0 |    19 |    +0.0% | -2903.112 |   -34213.1 | -3427800.5 |   1258 | riscv.dp.rf.rf\[1\]\[17\]$_DFFE_PP_/D
     850* |       0 |      20 |        0 |      0 |    20 |    +0.0% | -2905.061 |   -34349.3 | -3428225.0 |   1258 | riscv.dp.rf.rf\[1\]\[17\]$_DFFE_PP_/D
     850* |       0 |      19 |        0 |      0 |    19 |    +0.0% | -2903.112 |   -34213.1 | -3427800.5 |   1258 | riscv.dp.rf.rf\[1\]\[17\]$_DFFE_PP_/D
     853* |       0 |      19 |        0 |      0 |    19 |    +0.0% | -2903.112 |   -34213.1 | -3427800.5 |   1258 | riscv.dp.rf.rf\[1\]\[17\]$_DFFE_PP_/D
     856* |       0 |      19 |        0 |      0 |    19 |    +0.0% | -2903.112 |   -34213.1 | -3427800.5 |   1258 | riscv.dp.rf.rf\[1\]\[17\]$_DFFE_PP_/D
     859* |       0 |      19 |        0 |      0 |    19 |    +0.0% | -2903.112 |   -34213.1 | -3427800.5 |   1258 | riscv.dp.rf.rf\[1\]\[17\]$_DFFE_PP_/D
     860* |       0 |      19 |        0 |      0 |    19 |    +0.0% | -2903.112 |   -34213.1 | -3427800.5 |   1258 | riscv.dp.rf.rf\[1\]\[17\]$_DFFE_PP_/D
     862* |       0 |      19 |        0 |      0 |    19 |    +0.0% | -2903.112 |   -34213.1 | -3427800.5 |   1258 | riscv.dp.rf.rf\[1\]\[17\]$_DFFE_PP_/D
     865* |       0 |      19 |        0 |      0 |    19 |    +0.0% | -2903.112 |   -34213.1 | -3427800.5 |   1258 | riscv.dp.rf.rf\[1\]\[17\]$_DFFE_PP_/D
     868* |       0 |      19 |        0 |      0 |    19 |    +0.0% | -2903.112 |   -34213.1 | -3427800.5 |   1258 | riscv.dp.rf.rf\[1\]\[17\]$_DFFE_PP_/D
     870* |       0 |      20 |        0 |      0 |    19 |    +0.0% | -2905.061 |   -34349.3 | -3428224.0 |   1258 | riscv.dp.rf.rf\[1\]\[17\]$_DFFE_PP_/D
     871* |       0 |      19 |        0 |      0 |    19 |    +0.0% | -2903.112 |   -34213.1 | -3427800.5 |   1258 | riscv.dp.rf.rf\[1\]\[17\]$_DFFE_PP_/D
     874* |       0 |      19 |        0 |      0 |    19 |    +0.0% | -2903.112 |   -34213.1 | -3427800.5 |   1258 | riscv.dp.rf.rf\[1\]\[17\]$_DFFE_PP_/D
     877* |       0 |      19 |        0 |      0 |    19 |    +0.0% | -2903.112 |   -34213.1 | -3427800.5 |   1258 | riscv.dp.rf.rf\[1\]\[17\]$_DFFE_PP_/D
     880* |       0 |      20 |        0 |      0 |    20 |    +0.0% | -2905.061 |   -34349.3 | -3428225.0 |   1258 | riscv.dp.rf.rf\[1\]\[17\]$_DFFE_PP_/D
     880* |       0 |      19 |        0 |      0 |    19 |    +0.0% | -2903.112 |   -34213.1 | -3427800.5 |   1258 | riscv.dp.rf.rf\[1\]\[17\]$_DFFE_PP_/D
     883* |       0 |      19 |        0 |      0 |    19 |    +0.0% | -2903.112 |   -34213.1 | -3427800.5 |   1258 | riscv.dp.rf.rf\[1\]\[17\]$_DFFE_PP_/D
     886* |       0 |      19 |        0 |      0 |    19 |    +0.0% | -2903.112 |   -34213.1 | -3427800.5 |   1258 | riscv.dp.rf.rf\[1\]\[17\]$_DFFE_PP_/D
     889* |       0 |      19 |        0 |      0 |    19 |    +0.0% | -2903.112 |   -34213.1 | -3427800.5 |   1258 | riscv.dp.rf.rf\[1\]\[17\]$_DFFE_PP_/D
     890* |       0 |      19 |        0 |      0 |    19 |    +0.0% | -2903.112 |   -34213.1 | -3427800.5 |   1258 | riscv.dp.rf.rf\[1\]\[17\]$_DFFE_PP_/D
     892* |       0 |      19 |        0 |      0 |    19 |    +0.0% | -2903.112 |   -34213.1 | -3427800.5 |   1258 | riscv.dp.rf.rf\[1\]\[17\]$_DFFE_PP_/D
     895* |       0 |      19 |        0 |      0 |    19 |    +0.0% | -2903.112 |   -34213.1 | -3427800.5 |   1258 | riscv.dp.rf.rf\[1\]\[17\]$_DFFE_PP_/D
     898* |       0 |      19 |        0 |      0 |    19 |    +0.0% | -2903.112 |   -34213.1 | -3427800.5 |   1258 | riscv.dp.rf.rf\[1\]\[17\]$_DFFE_PP_/D
     900* |       0 |      20 |        0 |      0 |    19 |    +0.0% | -2905.061 |   -34349.3 | -3428224.0 |   1258 | riscv.dp.rf.rf\[1\]\[17\]$_DFFE_PP_/D
     901* |       0 |      19 |        0 |      0 |    19 |    +0.0% | -2903.112 |   -34213.1 | -3427800.5 |   1258 | riscv.dp.rf.rf\[1\]\[17\]$_DFFE_PP_/D
     904* |       0 |      19 |        0 |      0 |    19 |    +0.0% | -2903.112 |   -34213.1 | -3427800.5 |   1258 | riscv.dp.rf.rf\[1\]\[17\]$_DFFE_PP_/D
     907* |       0 |      19 |        0 |      0 |    19 |    +0.0% | -2903.112 |   -34213.1 | -3427800.5 |   1258 | riscv.dp.rf.rf\[1\]\[17\]$_DFFE_PP_/D
     910* |       0 |      20 |        0 |      0 |    20 |    +0.0% | -2905.061 |   -34349.3 | -3428225.0 |   1258 | riscv.dp.rf.rf\[1\]\[17\]$_DFFE_PP_/D
     910* |       0 |      19 |        0 |      0 |    19 |    +0.0% | -2903.112 |   -34213.1 | -3427800.5 |   1258 | riscv.dp.rf.rf\[1\]\[17\]$_DFFE_PP_/D
     913* |       0 |      19 |        0 |      0 |    19 |    +0.0% | -2903.112 |   -34213.1 | -3427800.5 |   1258 | riscv.dp.rf.rf\[1\]\[17\]$_DFFE_PP_/D
     916* |       0 |      19 |        0 |      0 |    19 |    +0.0% | -2903.112 |   -34213.1 | -3427800.5 |   1258 | riscv.dp.rf.rf\[1\]\[17\]$_DFFE_PP_/D
     919* |       0 |      19 |        0 |      0 |    19 |    +0.0% | -2903.112 |   -34213.1 | -3427800.5 |   1258 | riscv.dp.rf.rf\[1\]\[17\]$_DFFE_PP_/D
     920* |       0 |      19 |        0 |      0 |    19 |    +0.0% | -2903.112 |   -34213.1 | -3427800.5 |   1258 | riscv.dp.rf.rf\[1\]\[17\]$_DFFE_PP_/D
     922* |       0 |      19 |        0 |      0 |    19 |    +0.0% | -2903.112 |   -34213.1 | -3427800.5 |   1258 | riscv.dp.rf.rf\[1\]\[17\]$_DFFE_PP_/D
     925* |       0 |      19 |        0 |      0 |    19 |    +0.0% | -2903.112 |   -34213.1 | -3427800.5 |   1258 | riscv.dp.rf.rf\[1\]\[17\]$_DFFE_PP_/D
     928* |       0 |      19 |        0 |      0 |    19 |    +0.0% | -2903.112 |   -34213.1 | -3427800.5 |   1258 | riscv.dp.rf.rf\[1\]\[17\]$_DFFE_PP_/D
     930* |       0 |      20 |        0 |      0 |    19 |    +0.0% | -2905.061 |   -34349.3 | -3428224.0 |   1258 | riscv.dp.rf.rf\[1\]\[17\]$_DFFE_PP_/D
     931* |       0 |      19 |        0 |      0 |    19 |    +0.0% | -2903.112 |   -34213.1 | -3427800.5 |   1258 | riscv.dp.rf.rf\[1\]\[17\]$_DFFE_PP_/D
     934* |       0 |      19 |        0 |      0 |    19 |    +0.0% | -2903.112 |   -34213.1 | -3427800.5 |   1258 | riscv.dp.rf.rf\[1\]\[17\]$_DFFE_PP_/D
     937* |       0 |      19 |        0 |      0 |    19 |    +0.0% | -2903.112 |   -34213.1 | -3427800.5 |   1258 | riscv.dp.rf.rf\[1\]\[17\]$_DFFE_PP_/D
     940* |       0 |      20 |        0 |      0 |    20 |    +0.0% | -2905.061 |   -34349.3 | -3428225.0 |   1258 | riscv.dp.rf.rf\[1\]\[17\]$_DFFE_PP_/D
     940* |       0 |      19 |        0 |      0 |    19 |    +0.0% | -2903.112 |   -34213.1 | -3427800.5 |   1258 | riscv.dp.rf.rf\[1\]\[17\]$_DFFE_PP_/D
     943* |       0 |      19 |        0 |      0 |    19 |    +0.0% | -2903.112 |   -34213.1 | -3427800.5 |   1258 | riscv.dp.rf.rf\[1\]\[17\]$_DFFE_PP_/D
     946* |       0 |      19 |        0 |      0 |    19 |    +0.0% | -2903.112 |   -34213.1 | -3427800.5 |   1258 | riscv.dp.rf.rf\[1\]\[17\]$_DFFE_PP_/D
     949* |       0 |      19 |        0 |      0 |    19 |    +0.0% | -2903.112 |   -34213.1 | -3427800.5 |   1258 | riscv.dp.rf.rf\[1\]\[17\]$_DFFE_PP_/D
     950* |       0 |      19 |        0 |      0 |    19 |    +0.0% | -2903.112 |   -34213.1 | -3427800.5 |   1258 | riscv.dp.rf.rf\[1\]\[17\]$_DFFE_PP_/D
     952* |       0 |      19 |        0 |      0 |    19 |    +0.0% | -2903.112 |   -34213.1 | -3427800.5 |   1258 | riscv.dp.rf.rf\[1\]\[17\]$_DFFE_PP_/D
     955* |       0 |      19 |        0 |      0 |    19 |    +0.0% | -2903.112 |   -34213.1 | -3427800.5 |   1258 | riscv.dp.rf.rf\[1\]\[17\]$_DFFE_PP_/D
     958* |       0 |      19 |        0 |      0 |    19 |    +0.0% | -2903.112 |   -34213.1 | -3427800.5 |   1258 | riscv.dp.rf.rf\[1\]\[17\]$_DFFE_PP_/D
     960* |       0 |      20 |        0 |      0 |    19 |    +0.0% | -2905.061 |   -34349.3 | -3428224.0 |   1258 | riscv.dp.rf.rf\[1\]\[17\]$_DFFE_PP_/D
     961* |       0 |      19 |        0 |      0 |    19 |    +0.0% | -2903.112 |   -34213.1 | -3427800.5 |   1258 | riscv.dp.rf.rf\[1\]\[17\]$_DFFE_PP_/D
     964* |       0 |      19 |        0 |      0 |    19 |    +0.0% | -2903.112 |   -34213.1 | -3427800.5 |   1258 | riscv.dp.rf.rf\[1\]\[17\]$_DFFE_PP_/D
     967* |       0 |      19 |        0 |      0 |    19 |    +0.0% | -2903.112 |   -34213.1 | -3427800.5 |   1258 | riscv.dp.rf.rf\[1\]\[17\]$_DFFE_PP_/D
     970* |       0 |      20 |        0 |      0 |    20 |    +0.0% | -2905.061 |   -34349.3 | -3428225.0 |   1258 | riscv.dp.rf.rf\[1\]\[17\]$_DFFE_PP_/D
     970* |       0 |      19 |        0 |      0 |    19 |    +0.0% | -2903.112 |   -34213.1 | -3427800.5 |   1258 | riscv.dp.rf.rf\[1\]\[17\]$_DFFE_PP_/D
     973* |       0 |      19 |        0 |      0 |    19 |    +0.0% | -2903.112 |   -34213.1 | -3427800.5 |   1258 | riscv.dp.rf.rf\[1\]\[17\]$_DFFE_PP_/D
     976* |       0 |      19 |        0 |      0 |    19 |    +0.0% | -2903.112 |   -34213.1 | -3427800.5 |   1258 | riscv.dp.rf.rf\[1\]\[17\]$_DFFE_PP_/D
     979* |       0 |      19 |        0 |      0 |    19 |    +0.0% | -2903.112 |   -34213.1 | -3427800.5 |   1258 | riscv.dp.rf.rf\[1\]\[17\]$_DFFE_PP_/D
     980* |       0 |      19 |        0 |      0 |    19 |    +0.0% | -2903.112 |   -34213.1 | -3427800.5 |   1258 | riscv.dp.rf.rf\[1\]\[17\]$_DFFE_PP_/D
     982* |       0 |      19 |        0 |      0 |    19 |    +0.0% | -2903.112 |   -34213.1 | -3427800.5 |   1258 | riscv.dp.rf.rf\[1\]\[17\]$_DFFE_PP_/D
     985* |       0 |      19 |        0 |      0 |    19 |    +0.0% | -2903.112 |   -34213.1 | -3427800.5 |   1258 | riscv.dp.rf.rf\[1\]\[17\]$_DFFE_PP_/D
     988* |       0 |      19 |        0 |      0 |    19 |    +0.0% | -2903.112 |   -34213.1 | -3427800.5 |   1258 | riscv.dp.rf.rf\[1\]\[17\]$_DFFE_PP_/D
     990* |       0 |      20 |        0 |      0 |    19 |    +0.0% | -2905.061 |   -34349.3 | -3428224.0 |   1258 | riscv.dp.rf.rf\[1\]\[17\]$_DFFE_PP_/D
     991* |       0 |      19 |        0 |      0 |    19 |    +0.0% | -2903.112 |   -34213.1 | -3427800.5 |   1258 | riscv.dp.rf.rf\[1\]\[17\]$_DFFE_PP_/D
     994* |       0 |      19 |        0 |      0 |    19 |    +0.0% | -2903.112 |   -34213.1 | -3427800.5 |   1258 | riscv.dp.rf.rf\[1\]\[17\]$_DFFE_PP_/D
     997* |       0 |      19 |        0 |      0 |    19 |    +0.0% | -2903.112 |   -34213.1 | -3427800.5 |   1258 | riscv.dp.rf.rf\[1\]\[17\]$_DFFE_PP_/D
    1000* |       0 |      20 |        0 |      0 |    20 |    +0.0% | -2905.061 |   -34349.3 | -3428225.0 |   1258 | riscv.dp.rf.rf\[1\]\[17\]$_DFFE_PP_/D
    1000* |       0 |      19 |        0 |      0 |    19 |    +0.0% | -2903.112 |   -34213.1 | -3427800.5 |   1258 | riscv.dp.rf.rf\[1\]\[17\]$_DFFE_PP_/D
    1003* |       0 |      19 |        0 |      0 |    19 |    +0.0% | -2903.112 |   -34213.1 | -3427800.5 |   1258 | riscv.dp.rf.rf\[1\]\[17\]$_DFFE_PP_/D
    1006* |       0 |      19 |        0 |      0 |    19 |    +0.0% | -2903.112 |   -34213.1 | -3427800.5 |   1258 | riscv.dp.rf.rf\[1\]\[17\]$_DFFE_PP_/D
    1009* |       0 |      19 |        0 |      0 |    19 |    +0.0% | -2903.112 |   -34213.1 | -3427800.5 |   1258 | riscv.dp.rf.rf\[1\]\[17\]$_DFFE_PP_/D
    1010* |       0 |      19 |        0 |      0 |    19 |    +0.0% | -2903.112 |   -34213.1 | -3427800.5 |   1258 | riscv.dp.rf.rf\[1\]\[17\]$_DFFE_PP_/D
    1012* |       0 |      19 |        0 |      0 |    19 |    +0.0% | -2903.112 |   -34213.1 | -3427800.5 |   1258 | riscv.dp.rf.rf\[1\]\[17\]$_DFFE_PP_/D
    1015* |       0 |      19 |        0 |      0 |    19 |    +0.0% | -2903.112 |   -34213.1 | -3427800.5 |   1258 | riscv.dp.rf.rf\[1\]\[17\]$_DFFE_PP_/D
    1018* |       0 |      19 |        0 |      0 |    19 |    +0.0% | -2903.112 |   -34213.1 | -3427800.5 |   1258 | riscv.dp.rf.rf\[1\]\[17\]$_DFFE_PP_/D
    1020* |       0 |      20 |        0 |      0 |    19 |    +0.0% | -2905.061 |   -34349.3 | -3428224.0 |   1258 | riscv.dp.rf.rf\[1\]\[17\]$_DFFE_PP_/D
    1021* |       0 |      19 |        0 |      0 |    19 |    +0.0% | -2903.112 |   -34213.1 | -3427800.5 |   1258 | riscv.dp.rf.rf\[1\]\[17\]$_DFFE_PP_/D
    1024* |       0 |      19 |        0 |      0 |    19 |    +0.0% | -2903.112 |   -34213.1 | -3427800.5 |   1258 | riscv.dp.rf.rf\[1\]\[17\]$_DFFE_PP_/D
    1027* |       0 |      19 |        0 |      0 |    19 |    +0.0% | -2903.112 |   -34213.1 | -3427800.5 |   1258 | riscv.dp.rf.rf\[1\]\[17\]$_DFFE_PP_/D
    1030* |       0 |      20 |        0 |      0 |    20 |    +0.0% | -2905.061 |   -34349.3 | -3428225.0 |   1258 | riscv.dp.rf.rf\[1\]\[17\]$_DFFE_PP_/D
    1030* |       0 |      19 |        0 |      0 |    19 |    +0.0% | -2903.112 |   -34213.1 | -3427800.5 |   1258 | riscv.dp.rf.rf\[1\]\[17\]$_DFFE_PP_/D
    1033* |       0 |      19 |        0 |      0 |    19 |    +0.0% | -2903.112 |   -34213.1 | -3427800.5 |   1258 | riscv.dp.rf.rf\[1\]\[17\]$_DFFE_PP_/D
    1036* |       0 |      19 |        0 |      0 |    19 |    +0.0% | -2903.112 |   -34213.1 | -3427800.5 |   1258 | riscv.dp.rf.rf\[1\]\[17\]$_DFFE_PP_/D
    1039* |       0 |      19 |        0 |      0 |    19 |    +0.0% | -2903.112 |   -34213.1 | -3427800.5 |   1258 | riscv.dp.rf.rf\[1\]\[17\]$_DFFE_PP_/D
    1040* |       0 |      19 |        0 |      0 |    19 |    +0.0% | -2903.112 |   -34213.1 | -3427800.5 |   1258 | riscv.dp.rf.rf\[1\]\[17\]$_DFFE_PP_/D
    1042* |       0 |      19 |        0 |      0 |    19 |    +0.0% | -2903.112 |   -34213.1 | -3427800.5 |   1258 | riscv.dp.rf.rf\[1\]\[17\]$_DFFE_PP_/D
    1045* |       0 |      19 |        0 |      0 |    19 |    +0.0% | -2903.112 |   -34213.1 | -3427800.5 |   1258 | riscv.dp.rf.rf\[1\]\[17\]$_DFFE_PP_/D
    1048* |       0 |      19 |        0 |      0 |    19 |    +0.0% | -2903.112 |   -34213.1 | -3427800.5 |   1258 | riscv.dp.rf.rf\[1\]\[17\]$_DFFE_PP_/D
    1050* |       0 |      20 |        0 |      0 |    19 |    +0.0% | -2905.061 |   -34349.3 | -3428224.0 |   1258 | riscv.dp.rf.rf\[1\]\[17\]$_DFFE_PP_/D
    1051* |       0 |      19 |        0 |      0 |    19 |    +0.0% | -2903.112 |   -34213.1 | -3427800.5 |   1258 | riscv.dp.rf.rf\[1\]\[17\]$_DFFE_PP_/D
    1054* |       0 |      19 |        0 |      0 |    19 |    +0.0% | -2903.112 |   -34213.1 | -3427800.5 |   1258 | riscv.dp.rf.rf\[1\]\[17\]$_DFFE_PP_/D
    1057* |       0 |      19 |        0 |      0 |    19 |    +0.0% | -2903.112 |   -34213.1 | -3427800.5 |   1258 | riscv.dp.rf.rf\[1\]\[17\]$_DFFE_PP_/D
    1060* |       0 |      20 |        0 |      0 |    20 |    +0.0% | -2905.061 |   -34349.3 | -3428224.8 |   1258 | riscv.dp.rf.rf\[1\]\[17\]$_DFFE_PP_/D
    1060* |       0 |      19 |        0 |      0 |    19 |    +0.0% | -2903.112 |   -34213.1 | -3427800.5 |   1258 | riscv.dp.rf.rf\[1\]\[17\]$_DFFE_PP_/D
    1063* |       0 |      19 |        0 |      0 |    19 |    +0.0% | -2903.112 |   -34213.1 | -3427800.5 |   1258 | riscv.dp.rf.rf\[1\]\[17\]$_DFFE_PP_/D
    1066* |       0 |      19 |        0 |      0 |    19 |    +0.0% | -2903.112 |   -34213.1 | -3427800.5 |   1258 | riscv.dp.rf.rf\[1\]\[17\]$_DFFE_PP_/D
    1069* |       0 |      19 |        0 |      0 |    19 |    +0.0% | -2903.112 |   -34213.1 | -3427800.5 |   1258 | riscv.dp.rf.rf\[1\]\[17\]$_DFFE_PP_/D
    1070* |       0 |      19 |        0 |      0 |    19 |    +0.0% | -2903.112 |   -34213.1 | -3427800.5 |   1258 | riscv.dp.rf.rf\[1\]\[17\]$_DFFE_PP_/D
    1072* |       0 |      19 |        0 |      0 |    19 |    +0.0% | -2903.112 |   -34213.1 | -3427800.5 |   1258 | riscv.dp.rf.rf\[1\]\[17\]$_DFFE_PP_/D
    1075* |       0 |      19 |        0 |      0 |    19 |    +0.0% | -2903.112 |   -34213.1 | -3427800.5 |   1258 | riscv.dp.rf.rf\[1\]\[17\]$_DFFE_PP_/D
    1078* |       0 |      19 |        0 |      0 |    19 |    +0.0% | -2903.112 |   -34213.1 | -3427800.5 |   1258 | riscv.dp.rf.rf\[1\]\[17\]$_DFFE_PP_/D
    1080* |       0 |      20 |        0 |      0 |    19 |    +0.0% | -2905.061 |   -34349.3 | -3428224.0 |   1258 | riscv.dp.rf.rf\[1\]\[17\]$_DFFE_PP_/D
    1081* |       0 |      19 |        0 |      0 |    19 |    +0.0% | -2903.112 |   -34213.1 | -3427800.5 |   1258 | riscv.dp.rf.rf\[1\]\[17\]$_DFFE_PP_/D
    1084* |       0 |      19 |        0 |      0 |    19 |    +0.0% | -2903.112 |   -34213.1 | -3427800.5 |   1258 | riscv.dp.rf.rf\[1\]\[17\]$_DFFE_PP_/D
    1087* |       0 |      19 |        0 |      0 |    19 |    +0.0% | -2903.112 |   -34213.1 | -3427800.5 |   1258 | riscv.dp.rf.rf\[1\]\[17\]$_DFFE_PP_/D
    1090* |       0 |      20 |        0 |      0 |    20 |    +0.0% | -2905.061 |   -34349.3 | -3428225.0 |   1258 | riscv.dp.rf.rf\[1\]\[17\]$_DFFE_PP_/D
    1090* |       0 |      19 |        0 |      0 |    19 |    +0.0% | -2903.112 |   -34213.1 | -3427800.5 |   1258 | riscv.dp.rf.rf\[1\]\[17\]$_DFFE_PP_/D
    1093* |       0 |      19 |        0 |      0 |    19 |    +0.0% | -2903.112 |   -34213.1 | -3427800.5 |   1258 | riscv.dp.rf.rf\[1\]\[17\]$_DFFE_PP_/D
    1096* |       0 |      19 |        0 |      0 |    19 |    +0.0% | -2903.112 |   -34213.1 | -3427800.5 |   1258 | riscv.dp.rf.rf\[1\]\[17\]$_DFFE_PP_/D
    1099* |       0 |      19 |        0 |      0 |    19 |    +0.0% | -2903.112 |   -34213.1 | -3427800.5 |   1258 | riscv.dp.rf.rf\[1\]\[17\]$_DFFE_PP_/D
    1100* |       0 |      19 |        0 |      0 |    19 |    +0.0% | -2903.112 |   -34213.1 | -3427800.5 |   1258 | riscv.dp.rf.rf\[1\]\[17\]$_DFFE_PP_/D
    1100* |       0 |      19 |        0 |      0 |    19 |    +0.0% | -2903.112 |   -34213.1 | -3427800.5 |   1258 | riscv.dp.rf.rf\[1\]\[17\]$_DFFE_PP_/D
    1103* |       0 |      19 |        0 |      0 |    19 |    +0.0% | -2903.112 |   -34213.1 | -3427800.5 |   1258 | riscv.dp.rf.rf\[1\]\[17\]$_DFFE_PP_/D
    1106* |       0 |      19 |        0 |      0 |    19 |    +0.0% | -2903.112 |   -34213.1 | -3427800.5 |   1258 | riscv.dp.rf.rf\[1\]\[17\]$_DFFE_PP_/D
    1109* |       0 |      19 |        0 |      0 |    19 |    +0.0% | -2903.112 |   -34213.1 | -3427800.5 |   1258 | riscv.dp.rf.rf\[1\]\[17\]$_DFFE_PP_/D
    1110* |       0 |      19 |        0 |      0 |    19 |    +0.0% | -2903.112 |   -34213.1 | -3427800.5 |   1258 | riscv.dp.rf.rf\[1\]\[17\]$_DFFE_PP_/D
    1112* |       0 |      19 |        0 |      0 |    19 |    +0.0% | -2903.112 |   -34213.1 | -3427800.5 |   1258 | riscv.dp.rf.rf\[1\]\[17\]$_DFFE_PP_/D
    1115* |       0 |      19 |        0 |      0 |    19 |    +0.0% | -2903.112 |   -34213.1 | -3427800.5 |   1258 | riscv.dp.rf.rf\[1\]\[17\]$_DFFE_PP_/D
    1118* |       0 |      19 |        0 |      0 |    19 |    +0.0% | -2903.112 |   -34213.1 | -3427800.5 |   1258 | riscv.dp.rf.rf\[1\]\[17\]$_DFFE_PP_/D
    1120* |       0 |      20 |        0 |      0 |    19 |    +0.0% | -2905.061 |   -34349.3 | -3428224.0 |   1258 | riscv.dp.rf.rf\[1\]\[17\]$_DFFE_PP_/D
    1121* |       0 |      19 |        0 |      0 |    19 |    +0.0% | -2903.112 |   -34213.1 | -3427800.5 |   1258 | riscv.dp.rf.rf\[1\]\[17\]$_DFFE_PP_/D
    1124* |       0 |      19 |        0 |      0 |    19 |    +0.0% | -2903.112 |   -34213.1 | -3427800.5 |   1258 | riscv.dp.rf.rf\[1\]\[17\]$_DFFE_PP_/D
    1127* |       0 |      19 |        0 |      0 |    19 |    +0.0% | -2903.112 |   -34213.1 | -3427800.5 |   1258 | riscv.dp.rf.rf\[1\]\[17\]$_DFFE_PP_/D
    1130* |       0 |      20 |        0 |      0 |    20 |    +0.0% | -2905.061 |   -34349.3 | -3428225.0 |   1258 | riscv.dp.rf.rf\[1\]\[17\]$_DFFE_PP_/D
    1130* |       0 |      19 |        0 |      0 |    19 |    +0.0% | -2903.112 |   -34213.1 | -3427800.5 |   1258 | riscv.dp.rf.rf\[1\]\[17\]$_DFFE_PP_/D
    1133* |       0 |      19 |        0 |      0 |    19 |    +0.0% | -2903.112 |   -34213.1 | -3427800.5 |   1258 | riscv.dp.rf.rf\[1\]\[17\]$_DFFE_PP_/D
    1136* |       0 |      19 |        0 |      0 |    19 |    +0.0% | -2903.112 |   -34213.1 | -3427800.5 |   1258 | riscv.dp.rf.rf\[1\]\[17\]$_DFFE_PP_/D
    1139* |       0 |      19 |        0 |      0 |    19 |    +0.0% | -2903.112 |   -34213.1 | -3427800.5 |   1258 | riscv.dp.rf.rf\[1\]\[17\]$_DFFE_PP_/D
    1140* |       0 |      19 |        0 |      0 |    19 |    +0.0% | -2903.112 |   -34213.1 | -3427800.5 |   1258 | riscv.dp.rf.rf\[1\]\[17\]$_DFFE_PP_/D
    1142* |       0 |      19 |        0 |      0 |    19 |    +0.0% | -2903.112 |   -34213.1 | -3427800.5 |   1258 | riscv.dp.rf.rf\[1\]\[17\]$_DFFE_PP_/D
    1145* |       0 |      19 |        0 |      0 |    19 |    +0.0% | -2903.112 |   -34213.1 | -3427800.5 |   1258 | riscv.dp.rf.rf\[1\]\[17\]$_DFFE_PP_/D
    1148* |       0 |      19 |        0 |      0 |    19 |    +0.0% | -2903.112 |   -34213.1 | -3427800.5 |   1258 | riscv.dp.rf.rf\[1\]\[17\]$_DFFE_PP_/D
    1150* |       0 |      20 |        0 |      0 |    19 |    +0.0% | -2905.061 |   -34349.3 | -3428224.0 |   1258 | riscv.dp.rf.rf\[1\]\[17\]$_DFFE_PP_/D
    1151* |       0 |      19 |        0 |      0 |    19 |    +0.0% | -2903.112 |   -34213.1 | -3427800.5 |   1258 | riscv.dp.rf.rf\[1\]\[17\]$_DFFE_PP_/D
    1154* |       0 |      19 |        0 |      0 |    19 |    +0.0% | -2903.112 |   -34213.1 | -3427800.5 |   1258 | riscv.dp.rf.rf\[1\]\[17\]$_DFFE_PP_/D
    1157* |       0 |      19 |        0 |      0 |    19 |    +0.0% | -2903.112 |   -34213.1 | -3427800.5 |   1258 | riscv.dp.rf.rf\[1\]\[17\]$_DFFE_PP_/D
    1160* |       0 |      20 |        0 |      0 |    20 |    +0.0% | -2905.061 |   -34349.3 | -3428225.0 |   1258 | riscv.dp.rf.rf\[1\]\[17\]$_DFFE_PP_/D
    1160* |       0 |      19 |        0 |      0 |    19 |    +0.0% | -2903.112 |   -34213.1 | -3427800.5 |   1258 | riscv.dp.rf.rf\[1\]\[17\]$_DFFE_PP_/D
    1163* |       0 |      19 |        0 |      0 |    19 |    +0.0% | -2903.112 |   -34213.1 | -3427800.5 |   1258 | riscv.dp.rf.rf\[1\]\[17\]$_DFFE_PP_/D
    1166* |       0 |      19 |        0 |      0 |    19 |    +0.0% | -2903.112 |   -34213.1 | -3427800.5 |   1258 | riscv.dp.rf.rf\[1\]\[17\]$_DFFE_PP_/D
    1169* |       0 |      19 |        0 |      0 |    19 |    +0.0% | -2903.112 |   -34213.1 | -3427800.5 |   1258 | riscv.dp.rf.rf\[1\]\[17\]$_DFFE_PP_/D
    1170* |       0 |      19 |        0 |      0 |    19 |    +0.0% | -2903.112 |   -34213.1 | -3427800.5 |   1258 | riscv.dp.rf.rf\[1\]\[17\]$_DFFE_PP_/D
    1172* |       0 |      19 |        0 |      0 |    19 |    +0.0% | -2903.112 |   -34213.1 | -3427800.5 |   1258 | riscv.dp.rf.rf\[1\]\[17\]$_DFFE_PP_/D
    1175* |       0 |      19 |        0 |      0 |    19 |    +0.0% | -2903.112 |   -34213.1 | -3427800.5 |   1258 | riscv.dp.rf.rf\[1\]\[17\]$_DFFE_PP_/D
    1178* |       0 |      19 |        0 |      0 |    19 |    +0.0% | -2903.112 |   -34213.1 | -3427800.5 |   1258 | riscv.dp.rf.rf\[1\]\[17\]$_DFFE_PP_/D
    1180* |       0 |      20 |        0 |      0 |    19 |    +0.0% | -2905.061 |   -34349.3 | -3428224.0 |   1258 | riscv.dp.rf.rf\[1\]\[17\]$_DFFE_PP_/D
    1181* |       0 |      19 |        0 |      0 |    19 |    +0.0% | -2903.112 |   -34213.1 | -3427800.5 |   1258 | riscv.dp.rf.rf\[1\]\[17\]$_DFFE_PP_/D
    1184* |       0 |      19 |        0 |      0 |    19 |    +0.0% | -2903.112 |   -34213.1 | -3427800.5 |   1258 | riscv.dp.rf.rf\[1\]\[17\]$_DFFE_PP_/D
    1187* |       0 |      19 |        0 |      0 |    19 |    +0.0% | -2903.112 |   -34213.1 | -3427800.5 |   1258 | riscv.dp.rf.rf\[1\]\[17\]$_DFFE_PP_/D
    1190* |       0 |      20 |        0 |      0 |    20 |    +0.0% | -2905.061 |   -34349.3 | -3428225.0 |   1258 | riscv.dp.rf.rf\[1\]\[17\]$_DFFE_PP_/D
    1190* |       0 |      19 |        0 |      0 |    19 |    +0.0% | -2903.112 |   -34213.1 | -3427800.5 |   1258 | riscv.dp.rf.rf\[1\]\[17\]$_DFFE_PP_/D
    1193* |       0 |      19 |        0 |      0 |    19 |    +0.0% | -2903.112 |   -34213.1 | -3427800.5 |   1258 | riscv.dp.rf.rf\[1\]\[17\]$_DFFE_PP_/D
    1196* |       0 |      19 |        0 |      0 |    19 |    +0.0% | -2903.112 |   -34213.1 | -3427800.5 |   1258 | riscv.dp.rf.rf\[1\]\[17\]$_DFFE_PP_/D
    1199* |       0 |      19 |        0 |      0 |    19 |    +0.0% | -2903.112 |   -34213.1 | -3427800.5 |   1258 | riscv.dp.rf.rf\[1\]\[17\]$_DFFE_PP_/D
    1200* |       0 |      19 |        0 |      0 |    19 |    +0.0% | -2903.112 |   -34213.1 | -3427800.5 |   1258 | riscv.dp.rf.rf\[1\]\[17\]$_DFFE_PP_/D
    1200* |       0 |      19 |        0 |      0 |    19 |    +0.0% | -2903.112 |   -34213.1 | -3427800.5 |   1258 | riscv.dp.rf.rf\[1\]\[17\]$_DFFE_PP_/D
    1200* |       0 |      19 |        0 |      0 |    19 |    +0.0% | -2903.112 |   -34213.1 | -3427800.5 |   1258 | riscv.dp.rf.rf\[1\]\[17\]$_DFFE_PP_/D
    final |       0 |      19 |        0 |      0 |    19 |    +0.0% | -2903.112 |   -34213.1 | -3427800.5 |   1258 | riscv.dp.rf.rf\[1\]\[17\]$_DFFE_PP_/D
------------------------------------------------------------------------------------------------------------------------------
[INFO RSZ-0051] Resized 19 instances: 19 up, 0 up match, 0 down, 0 VT
[INFO RSZ-0043] Swapped pins on 19 instances.
[WARNING RSZ-0062] Unable to repair all setup violations.
[INFO RSZ-0505] Runtime: 27.28s
Took 27 seconds: repair_timing -setup_margin 0 -hold_margin 0 -repair_tns 100 -setup -skip_last_gasp -sequence unbuffer,sizeup,swap,vt_swap -verbose
Default units for flow
 time 1ps
 capacitance 1fF
 resistance 1kohm
 voltage 1v
 current 1mA
 power 1pW
 distance 1um
   Layer   | Unit Resistance | Unit Capacitance 
           |       (kohm/um) |          (fF/um)
------------------------------------------------
        M1 |        7.04e-02 |         1.00e-10
        M2 |        2.97e-02 |         1.75e-01
        M3 |        3.13e-02 |         1.56e-01
        M4 |        1.80e-02 |         1.78e-01
        M5 |        1.90e-02 |         1.64e-01
        M6 |        1.19e-02 |         1.87e-01
        M7 |        1.25e-02 |         1.63e-01
        M8 |        8.45e-03 |         1.04e-01
        M9 |        8.90e-03 |         9.28e-02
       Pad |        0.00e+00 |         0.00e+00
------------------------------------------------

   Layer   | Via Resistance 
           |         (kohm) 
----------------------------
        V1 |       1.72e-02 
        V2 |       1.72e-02 
        V3 |       1.72e-02 
        V4 |       1.18e-02 
        V5 |       1.18e-02 
        V6 |       8.20e-03 
        V7 |       8.20e-03 
        V8 |       6.30e-03 
        V9 |       6.30e-03 
----------------------------
Report metrics stage 2, floorplan final...

==========================================================================
floorplan final report_design_area
--------------------------------------------------------------------------
Design area 1910 um^2 63% utilization.
source /OpenROAD-flow-scripts/flow/designs/asap7/riscv32i-mock-sram/io.tcl
write_db /tmp/workspace/scripts-Private_test-fr_cugr_cmp-1-/results/asap7/riscv32i-mock-sram/base/2_1_floorplan.odb
write_sdc -no_timestamp /tmp/workspace/scripts-Private_test-fr_cugr_cmp-1-/results/asap7/riscv32i-mock-sram/base/2_1_floorplan.sdc
Elapsed time: 0:31.20[h:]min:sec. CPU time: user 116.32 sys 97.63 (685%). Peak memory: 265552KB.
Log                       Ext     Elapsed/s Peak Memory/MB sha1sum result [0:20)
2_1_floorplan             .odb           31            259 a26fdfc2ba28f67ca630
2_1_floorplan             .sdc                             c50c8f9f7f2b3e9ca0a7
/OpenROAD-flow-scripts/flow/scripts/flow.sh 2_2_floorplan_macro macro_place
Running macro_place.tcl, stage 2_2_floorplan_macro
source ./platforms/asap7/liberty_suppressions.tcl
read_liberty ./platforms/asap7/lib/NLDM/asap7sc7p5t_AO_RVT_FF_nldm_211120.lib.gz
read_liberty ./platforms/asap7/lib/NLDM/asap7sc7p5t_INVBUF_RVT_FF_nldm_220122.lib.gz
read_liberty ./platforms/asap7/lib/NLDM/asap7sc7p5t_OA_RVT_FF_nldm_211120.lib.gz
read_liberty ./platforms/asap7/lib/NLDM/asap7sc7p5t_SIMPLE_RVT_FF_nldm_211120.lib.gz
read_liberty ./platforms/asap7/lib/NLDM/asap7sc7p5t_SEQ_RVT_FF_nldm_220123.lib
read_liberty /tmp/workspace/scripts-Private_test-fr_cugr_cmp-1-/results/asap7/riscv32i-mock-sram_fakeram7_256x32/base/fakeram7_256x32_typ.lib
read_db -hier /tmp/workspace/scripts-Private_test-fr_cugr_cmp-1-/results/asap7/riscv32i-mock-sram/base/2_1_floorplan.odb
[WARNING ORD-0012] Hierarchical flow (-hier) is currently in development and may cause multiple issues. Do not use in production environments.
read_sdc /tmp/workspace/scripts-Private_test-fr_cugr_cmp-1-/results/asap7/riscv32i-mock-sram/base/2_1_floorplan.sdc
source ./platforms/asap7/setRC.tcl
[INFO GPL-0022] Initialize gpl and calculate uniform density.
Placement density is 0.6859999871253968, computed from PLACE_DENSITY_LB_ADDON  0.10 and lower bound 0.6399999856948853
rtl_macro_placer -max_num_level 2 -halo_width 4 -halo_height 4 -min_ar 0.33 -area_weight 0.1 -wirelength_weight 100.0 -outline_weight 100.0 -boundary_weight 50.0 -notch_weight 50.0 -report_directory /tmp/workspace/scripts-Private_test-fr_cugr_cmp-1-/objects/asap7/riscv32i-mock-sram/base/rtlmp -fence_lx 0.0 -fence_ly 0.0 -fence_ux 0.0 -fence_uy 0.0 -target_util 0.6859999871253968
[WARNING MPL-0074] -halo_width/-halo_height are deprecated, use the set_macro_base_halo command instead.
Die Area: (0.00, 0.00) (65.34, 65.34),  Floorplan Area: (5.02, 5.13) (60.32, 60.21)
	Number of std cell instances: 8985
	Area of std cell instances: 1157.77
	Number of macros: 4
	Macros to be placed: 4
	Area of macros: 752.31
	Base halo (L, B, R, T): (4.00, 4.00, 4.00, 4.00)
	Area of macros with halos: 1275.97
	Area of std cell instances + Area of macros: 1910.08
	Floorplan area: 3045.70
	Design Utilization: 0.63
	Floorplan Utilization: 0.50
	Manufacturing Grid: 1

[WARNING MPL-0055] Couldn't find a solution for the specified utilization. The utilization was adjusted to 0.7153364.
[INFO MPL-0500] Runtime: 15.28s
Took 15 seconds: rtl_macro_placer -max_num_level 2 -halo_width 4 -halo_height 4 -min_ar 0.33 -area_weight 0.1 -wirelength_weight 100.0 -outline_weight 100.0 -boundary_weight 50.0 -notch_weight 50.0 -report_directory /tmp/workspace/scripts-Private_test-fr_cugr_cmp-1-/objects/asap7/riscv32i-mock-sram/base/rtlmp -fence_lx 0.0 -fence_ly 0.0 -fence_ux 0.0 -fence_uy 0.0 -target_util 0.6859999871253968
Design area 1910 um^2 63% utilization.
write_db /tmp/workspace/scripts-Private_test-fr_cugr_cmp-1-/results/asap7/riscv32i-mock-sram/base/2_2_floorplan_macro.odb
Elapsed time: 0:16.77[h:]min:sec. CPU time: user 26.32 sys 30.86 (340%). Peak memory: 271916KB.
Log                       Ext     Elapsed/s Peak Memory/MB sha1sum result [0:20)
2_2_floorplan_macro       .odb           16            265 4d726a5c2cc933829eb0
/OpenROAD-flow-scripts/flow/scripts/flow.sh 2_3_floorplan_tapcell tapcell
Running tapcell.tcl, stage 2_3_floorplan_tapcell
source ./platforms/asap7/liberty_suppressions.tcl
read_liberty ./platforms/asap7/lib/NLDM/asap7sc7p5t_AO_RVT_FF_nldm_211120.lib.gz
read_liberty ./platforms/asap7/lib/NLDM/asap7sc7p5t_INVBUF_RVT_FF_nldm_220122.lib.gz
read_liberty ./platforms/asap7/lib/NLDM/asap7sc7p5t_OA_RVT_FF_nldm_211120.lib.gz
read_liberty ./platforms/asap7/lib/NLDM/asap7sc7p5t_SIMPLE_RVT_FF_nldm_211120.lib.gz
read_liberty ./platforms/asap7/lib/NLDM/asap7sc7p5t_SEQ_RVT_FF_nldm_220123.lib
read_liberty /tmp/workspace/scripts-Private_test-fr_cugr_cmp-1-/results/asap7/riscv32i-mock-sram_fakeram7_256x32/base/fakeram7_256x32_typ.lib
read_db -hier /tmp/workspace/scripts-Private_test-fr_cugr_cmp-1-/results/asap7/riscv32i-mock-sram/base/2_2_floorplan_macro.odb
[WARNING ORD-0012] Hierarchical flow (-hier) is currently in development and may cause multiple issues. Do not use in production environments.
read_sdc /tmp/workspace/scripts-Private_test-fr_cugr_cmp-1-/results/asap7/riscv32i-mock-sram/base/2_1_floorplan.sdc
source ./platforms/asap7/setRC.tcl
Tap and End Cap cell insertion
  TAP Cell          : TAPCELL_ASAP7_75t_R
  ENDCAP Cell       : TAPCELL_ASAP7_75t_R
  Halo Around Macro : 2 2
  TAP Cell Distance : 25
[INFO ODB-0303] The initial 204 rows (208896 sites) were cut with 4 shapes for a total of 204 rows (120448 sites).
[INFO TAP-0004] Inserted 408 endcaps.
[INFO TAP-0005] Inserted 78 tapcells.
Design area 1924 um^2 63% utilization.
write_db /tmp/workspace/scripts-Private_test-fr_cugr_cmp-1-/results/asap7/riscv32i-mock-sram/base/2_3_floorplan_tapcell.odb
Elapsed time: 0:01.45[h:]min:sec. CPU time: user 1.36 sys 0.09 (100%). Peak memory: 214516KB.
Log                       Ext     Elapsed/s Peak Memory/MB sha1sum result [0:20)
2_3_floorplan_tapcell     .odb            1            209 e3e181755294e93792fe
/OpenROAD-flow-scripts/flow/scripts/flow.sh 2_4_floorplan_pdn pdn
Running pdn.tcl, stage 2_4_floorplan_pdn
source ./platforms/asap7/liberty_suppressions.tcl
read_liberty ./platforms/asap7/lib/NLDM/asap7sc7p5t_AO_RVT_FF_nldm_211120.lib.gz
read_liberty ./platforms/asap7/lib/NLDM/asap7sc7p5t_INVBUF_RVT_FF_nldm_220122.lib.gz
read_liberty ./platforms/asap7/lib/NLDM/asap7sc7p5t_OA_RVT_FF_nldm_211120.lib.gz
read_liberty ./platforms/asap7/lib/NLDM/asap7sc7p5t_SIMPLE_RVT_FF_nldm_211120.lib.gz
read_liberty ./platforms/asap7/lib/NLDM/asap7sc7p5t_SEQ_RVT_FF_nldm_220123.lib
read_liberty /tmp/workspace/scripts-Private_test-fr_cugr_cmp-1-/results/asap7/riscv32i-mock-sram_fakeram7_256x32/base/fakeram7_256x32_typ.lib
read_db -hier /tmp/workspace/scripts-Private_test-fr_cugr_cmp-1-/results/asap7/riscv32i-mock-sram/base/2_3_floorplan_tapcell.odb
[WARNING ORD-0012] Hierarchical flow (-hier) is currently in development and may cause multiple issues. Do not use in production environments.
read_sdc /tmp/workspace/scripts-Private_test-fr_cugr_cmp-1-/results/asap7/riscv32i-mock-sram/base/2_1_floorplan.sdc
source ./platforms/asap7/setRC.tcl
[INFO PDN-0001] Inserting grid: top
[INFO PDN-0001] Inserting grid: ElementGrid - dmem.dmem0
[INFO PDN-0001] Inserting grid: ElementGrid - dmem.dmem1
[INFO PDN-0001] Inserting grid: ElementGrid - dmem.dmem2
[INFO PDN-0001] Inserting grid: ElementGrid - dmem.dmem3
[WARNING PDN-0195] Removing 8 via(s) between M5 and M6 at (35.2140 um, 28.6310 um) for VDD
[WARNING PDN-0195] Removing 8 via(s) between M5 and M6 at (37.2420 um, 28.6310 um) for VDD
[WARNING PDN-0195] Removing 8 via(s) between M5 and M6 at (39.6120 um, 28.6310 um) for VDD
[WARNING PDN-0195] Removing 8 via(s) between M5 and M6 at (15.5620 um, 28.6310 um) for VDD
[WARNING PDN-0195] Removing 8 via(s) between M5 and M6 at (17.5900 um, 28.6310 um) for VDD
[WARNING PDN-0195] Removing 8 via(s) between M5 and M6 at (19.9600 um, 28.6310 um) for VDD
[WARNING PDN-0195] Removing 8 via(s) between M5 and M6 at (5.7360 um, 28.6310 um) for VDD
[WARNING PDN-0195] Removing 8 via(s) between M5 and M6 at (7.7640 um, 28.6310 um) for VDD
[WARNING PDN-0195] Removing 8 via(s) between M5 and M6 at (10.1340 um, 28.6310 um) for VDD
[WARNING PDN-0195] Removing 8 via(s) between M5 and M6 at (25.3880 um, 28.6310 um) for VDD
[WARNING PDN-0195] Removing 8 via(s) between M5 and M6 at (27.4160 um, 28.6310 um) for VDD
[WARNING PDN-0195] Removing 8 via(s) between M5 and M6 at (29.7860 um, 28.6310 um) for VDD
[INFO PDN-0500] Runtime: 0.07s
Design area 1924 um^2 63% utilization.
write_db /tmp/workspace/scripts-Private_test-fr_cugr_cmp-1-/results/asap7/riscv32i-mock-sram/base/2_4_floorplan_pdn.odb
Elapsed time: 0:01.57[h:]min:sec. CPU time: user 1.47 sys 0.10 (100%). Peak memory: 227980KB.
Log                       Ext     Elapsed/s Peak Memory/MB sha1sum result [0:20)
2_4_floorplan_pdn         .odb            1            222 dbff02b892405a00724a
cp /tmp/workspace/scripts-Private_test-fr_cugr_cmp-1-/results/asap7/riscv32i-mock-sram/base/2_4_floorplan_pdn.odb /tmp/workspace/scripts-Private_test-fr_cugr_cmp-1-/results/asap7/riscv32i-mock-sram/base/2_floorplan.odb
cp /tmp/workspace/scripts-Private_test-fr_cugr_cmp-1-/results/asap7/riscv32i-mock-sram/base/2_1_floorplan.sdc /tmp/workspace/scripts-Private_test-fr_cugr_cmp-1-/results/asap7/riscv32i-mock-sram/base/2_floorplan.sdc
/OpenROAD-flow-scripts/flow/scripts/flow.sh 3_1_place_gp_skip_io global_place_skip_io
Running global_place_skip_io.tcl, stage 3_1_place_gp_skip_io
source ./platforms/asap7/liberty_suppressions.tcl
read_liberty ./platforms/asap7/lib/NLDM/asap7sc7p5t_AO_RVT_FF_nldm_211120.lib.gz
read_liberty ./platforms/asap7/lib/NLDM/asap7sc7p5t_INVBUF_RVT_FF_nldm_220122.lib.gz
read_liberty ./platforms/asap7/lib/NLDM/asap7sc7p5t_OA_RVT_FF_nldm_211120.lib.gz
read_liberty ./platforms/asap7/lib/NLDM/asap7sc7p5t_SIMPLE_RVT_FF_nldm_211120.lib.gz
read_liberty ./platforms/asap7/lib/NLDM/asap7sc7p5t_SEQ_RVT_FF_nldm_220123.lib
read_liberty /tmp/workspace/scripts-Private_test-fr_cugr_cmp-1-/results/asap7/riscv32i-mock-sram_fakeram7_256x32/base/fakeram7_256x32_typ.lib
read_db -hier /tmp/workspace/scripts-Private_test-fr_cugr_cmp-1-/results/asap7/riscv32i-mock-sram/base/2_floorplan.odb
[WARNING ORD-0012] Hierarchical flow (-hier) is currently in development and may cause multiple issues. Do not use in production environments.
read_sdc /tmp/workspace/scripts-Private_test-fr_cugr_cmp-1-/results/asap7/riscv32i-mock-sram/base/2_floorplan.sdc
source ./platforms/asap7/setRC.tcl
[INFO GPL-0022] Initialize gpl and calculate uniform density.
Placement density is 0.8210000193119049, computed from PLACE_DENSITY_LB_ADDON  0.10 and lower bound 0.7900000214576721
global_placement -skip_io -density 0.8210000193119049 -pad_left 0 -pad_right 0
[INFO GPL-0001] ---- Initialize GPL Main Data Structures
[INFO GPL-0002] DBU: 1000
[INFO GPL-0003] SiteSize: (  0.054  0.270 ) um
[INFO GPL-0004] CoreBBox: (  5.022  5.130 ) ( 60.318 60.210 ) um
[INFO GPL-0016] Core area:                    3045.704 um^2
[INFO GPL-0036] Movable instances area:       1157.769 um^2
[INFO GPL-0037] Total instances area:         1940.365 um^2
[INFO GPL-0035] Pin density area adjust:       153.741 um^2
[INFO GPL-0032] ---- Initialize Region: Top-level
[INFO GPL-0006] Number of instances:             10087
[INFO GPL-0007] Movable instances:                8985
[INFO GPL-0008] Fixed instances:                   490
[INFO GPL-0009] Dummy instances:                   612
[INFO GPL-0010] Number of nets:                   9344
[INFO GPL-0011] Number of pins:                  34543
[INFO GPL-0012] Die BBox:       (  0.000  0.000 ) ( 65.343 65.343 ) um
[INFO GPL-0013] Placement BBox: (  5.022  5.130 ) ( 60.318 60.210 ) um
[INFO GPL-0014] Region name: top-level.
[INFO GPL-0015] Region area:                  3045.704 um^2
[INFO GPL-0017] Fixed instances area:         1365.490 um^2
[INFO GPL-0018] Movable instances area:       1311.510 um^2
[INFO GPL-0019] Utilization:                    78.056 %
[INFO GPL-0020] Standard cells area:          1311.510 um^2
[INFO GPL-0021] Large instances area:            0.000 um^2
[INFO GPL-0005] ---- Execute Conjugate Gradient Initial Placement.
[INFO GPL-0051] Source of initial instance position counters:
	Odb location = 8985	Core center = 0	Region center = 0
[INFO GPL-0033] ---- Initialize Nesterov Region: Top-level
[INFO GPL-0023] Placement target density:       0.8210
[INFO GPL-0024] Movable insts average area:      0.146 um^2
[INFO GPL-0025] Ideal bin area:                  0.178 um^2
[INFO GPL-0026] Ideal bin count:                 17130
[INFO GPL-0027] Total bin area:               3045.704 um^2
[INFO GPL-0028] Bin count (X, Y):         128 ,    128
[INFO GPL-0029] Bin size (W * H):       0.432 *  0.430 um
[INFO GPL-0030] Number of bins:                  16384
[INFO GPL-0084] ---- Execute Nesterov Global Placement.
[INFO GPL-0031] HPWL: Half-Perimeter Wirelength
Iteration | Overflow |     HPWL (um) |  HPWL(%) |   Penalty | Group
---------------------------------------------------------------
        0 |   0.9533 |  2.960558e+04 |   +0.00% |  9.06e-13 |      
       10 |   0.8968 |  2.279242e+04 |  -23.01% |  1.47e-12 |      
       20 |   0.9408 |  1.740146e+04 |  -23.65% |  2.40e-12 |      
       30 |   0.9823 |  1.279749e+04 |  -26.46% |  3.91e-12 |      
       40 |   0.9878 |  1.111515e+04 |  -13.15% |  6.37e-12 |      
       50 |   0.9927 |  1.051682e+04 |   -5.38% |  1.04e-11 |      
       60 |   0.9980 |  1.013497e+04 |   -3.63% |  1.69e-11 |      
       70 |   0.9981 |  9.691003e+03 |   -4.38% |  2.76e-11 |      
       80 |   0.9981 |  9.104277e+03 |   -6.05% |  4.49e-11 |      
       90 |   0.9981 |  8.562642e+03 |   -5.95% |  7.31e-11 |      
      100 |   0.9981 |  8.262387e+03 |   -3.51% |  1.19e-10 |      
      110 |   0.9981 |  8.253033e+03 |   -0.11% |  1.94e-10 |      
      120 |   0.9981 |  8.603756e+03 |   +4.25% |  3.16e-10 |      
      130 |   0.9981 |  9.329525e+03 |   +8.44% |  5.15e-10 |      
      140 |   0.9981 |  1.044387e+04 |  +11.94% |  8.38e-10 |      
      150 |   0.9981 |  1.199820e+04 |  +14.88% |  1.36e-09 |      
      160 |   0.9937 |  1.416728e+04 |  +18.08% |  2.22e-09 |      
      170 |   0.9375 |  1.674881e+04 |  +18.22% |  3.62e-09 |      
      180 |   0.8785 |  1.825858e+04 |   +9.01% |  5.89e-09 |      
      190 |   0.8518 |  1.912461e+04 |   +4.74% |  9.60e-09 |      
      200 |   0.7839 |  1.967905e+04 |   +2.90% |  1.56e-08 |      
      210 |   0.7513 |  2.089660e+04 |   +6.19% |  2.55e-08 |      
      220 |   0.7051 |  2.316580e+04 |  +10.86% |  4.15e-08 |      
      230 |   0.6466 |  2.499680e+04 |   +7.90% |  6.75e-08 |      
      240 |   0.6007 |  2.627523e+04 |   +5.11% |  1.10e-07 |      
      250 |   0.5438 |  2.652176e+04 |   +0.94% |  1.79e-07 |      
      260 |   0.4976 |  2.663025e+04 |   +0.41% |  2.92e-07 |      
      270 |   0.4508 |  2.735374e+04 |   +2.72% |  4.75e-07 |      
      280 |   0.4097 |  2.730575e+04 |   -0.18% |  7.74e-07 |      
      290 |   0.3660 |  2.739257e+04 |   +0.32% |  1.26e-06 |      
      300 |   0.3315 |  2.756081e+04 |   +0.61% |  1.99e-06 |      
      310 |   0.3029 |  2.739936e+04 |   -0.59% |  2.94e-06 |      
      320 |   0.2669 |  2.761828e+04 |   +0.80% |  4.33e-06 |      
      330 |   0.2381 |  2.769111e+04 |   +0.26% |  6.37e-06 |      
      340 |   0.2085 |  2.793543e+04 |   +0.88% |  9.39e-06 |      
      350 |   0.1803 |  2.799136e+04 |   +0.20% |  1.38e-05 |      
      360 |   0.1556 |  2.808005e+04 |   +0.32% |  2.04e-05 |      
      370 |   0.1321 |  2.848887e+04 |   +1.46% |  3.00e-05 |      
      380 |   0.1156 |  2.906100e+04 |   +2.01% |  4.42e-05 |      
      390 |   0.1014 |  2.940878e+04 |   +1.20% |  6.51e-05 |      
      392 |   0.0978 |  2.942782e+04 |          |  7.32e-05 |      
---------------------------------------------------------------
[INFO GPL-1001] Global placement finished at iteration 392
[INFO GPL-1002] Placed Cell Area             1311.5099
[INFO GPL-1003] Available Free Area          1680.2138
[INFO GPL-1004] Minimum Feasible Density        0.7900 (cell_area / free_area)
[INFO GPL-1006]   Suggested Target Densities:
[INFO GPL-1007]     - For 90% usage of free space: 0.8673
[INFO GPL-1008]     - For 80% usage of free space: 0.9757
[INFO GPL-1014] Final placement area: 1311.51 (+0.00%)
Design area 1924 um^2 63% utilization.
write_db /tmp/workspace/scripts-Private_test-fr_cugr_cmp-1-/results/asap7/riscv32i-mock-sram/base/3_1_place_gp_skip_io.odb
Elapsed time: 0:03.21[h:]min:sec. CPU time: user 52.52 sys 0.17 (1642%). Peak memory: 237648KB.
Log                       Ext     Elapsed/s Peak Memory/MB sha1sum result [0:20)
3_1_place_gp_skip_io      .odb            3            232 a53bd8c25db86b98bcbf
/OpenROAD-flow-scripts/flow/scripts/flow.sh 3_2_place_iop io_placement
Running io_placement.tcl, stage 3_2_place_iop
source ./platforms/asap7/liberty_suppressions.tcl
read_liberty ./platforms/asap7/lib/NLDM/asap7sc7p5t_AO_RVT_FF_nldm_211120.lib.gz
read_liberty ./platforms/asap7/lib/NLDM/asap7sc7p5t_INVBUF_RVT_FF_nldm_220122.lib.gz
read_liberty ./platforms/asap7/lib/NLDM/asap7sc7p5t_OA_RVT_FF_nldm_211120.lib.gz
read_liberty ./platforms/asap7/lib/NLDM/asap7sc7p5t_SIMPLE_RVT_FF_nldm_211120.lib.gz
read_liberty ./platforms/asap7/lib/NLDM/asap7sc7p5t_SEQ_RVT_FF_nldm_220123.lib
read_liberty /tmp/workspace/scripts-Private_test-fr_cugr_cmp-1-/results/asap7/riscv32i-mock-sram_fakeram7_256x32/base/fakeram7_256x32_typ.lib
read_db -hier /tmp/workspace/scripts-Private_test-fr_cugr_cmp-1-/results/asap7/riscv32i-mock-sram/base/3_1_place_gp_skip_io.odb
[WARNING ORD-0012] Hierarchical flow (-hier) is currently in development and may cause multiple issues. Do not use in production environments.
read_sdc /tmp/workspace/scripts-Private_test-fr_cugr_cmp-1-/results/asap7/riscv32i-mock-sram/base/2_floorplan.sdc
source ./platforms/asap7/setRC.tcl
place_pins -hor_layers M4 -ver_layers M5
Found 4 macro blocks.
Using 2 tracks default min distance between IO pins.
[INFO PPL-0001] Number of available slots 665
[INFO PPL-0002] Number of I/O             135
[INFO PPL-0003] Number of I/O w/sink      134
[INFO PPL-0004] Number of I/O w/o sink    1
[INFO PPL-0005] Slots per section         200
[INFO PPL-0008] Successfully assigned pins to sections.
[INFO PPL-0012] I/O nets HPWL: 8256.09 um.
Design area 1924 um^2 63% utilization.
write_db /tmp/workspace/scripts-Private_test-fr_cugr_cmp-1-/results/asap7/riscv32i-mock-sram/base/3_2_place_iop.odb
Elapsed time: 0:01.46[h:]min:sec. CPU time: user 1.37 sys 0.10 (100%). Peak memory: 221664KB.
Log                       Ext     Elapsed/s Peak Memory/MB sha1sum result [0:20)
3_2_place_iop             .odb            1            216 67f59f7ddc717e044dc7
/OpenROAD-flow-scripts/flow/scripts/flow.sh 3_3_place_gp global_place
Running global_place.tcl, stage 3_3_place_gp
source ./platforms/asap7/liberty_suppressions.tcl
read_liberty ./platforms/asap7/lib/NLDM/asap7sc7p5t_AO_RVT_FF_nldm_211120.lib.gz
read_liberty ./platforms/asap7/lib/NLDM/asap7sc7p5t_INVBUF_RVT_FF_nldm_220122.lib.gz
read_liberty ./platforms/asap7/lib/NLDM/asap7sc7p5t_OA_RVT_FF_nldm_211120.lib.gz
read_liberty ./platforms/asap7/lib/NLDM/asap7sc7p5t_SIMPLE_RVT_FF_nldm_211120.lib.gz
read_liberty ./platforms/asap7/lib/NLDM/asap7sc7p5t_SEQ_RVT_FF_nldm_220123.lib
read_liberty /tmp/workspace/scripts-Private_test-fr_cugr_cmp-1-/results/asap7/riscv32i-mock-sram_fakeram7_256x32/base/fakeram7_256x32_typ.lib
read_db -hier /tmp/workspace/scripts-Private_test-fr_cugr_cmp-1-/results/asap7/riscv32i-mock-sram/base/3_2_place_iop.odb
[WARNING ORD-0012] Hierarchical flow (-hier) is currently in development and may cause multiple issues. Do not use in production environments.
read_sdc /tmp/workspace/scripts-Private_test-fr_cugr_cmp-1-/results/asap7/riscv32i-mock-sram/base/2_floorplan.sdc
source ./platforms/asap7/setRC.tcl
[INFO RSZ-0026] Removed 1 buffers.
Perform port buffering...
[INFO RSZ-0027] Inserted 33 BUFx2_ASAP7_75t_R input buffers.
[INFO RSZ-0028] Inserted 98 BUFx2_ASAP7_75t_R output buffers.
[INFO GPL-0022] Initialize gpl and calculate uniform density.
Placement density is 0.8210000193119049, computed from PLACE_DENSITY_LB_ADDON  0.10 and lower bound 0.7900000214576721
global_placement -density 0.8210000193119049 -pad_left 0 -pad_right 0 -routability_driven -timing_driven -force_center_initial_place -min_phi_coef 0.95 -max_phi_coef 1.05
[INFO GPL-0001] ---- Initialize GPL Main Data Structures
[INFO GPL-0002] DBU: 1000
[INFO GPL-0003] SiteSize: (  0.054  0.270 ) um
[INFO GPL-0004] CoreBBox: (  5.022  5.130 ) ( 60.318 60.210 ) um
[INFO GPL-0016] Core area:                    3045.704 um^2
[INFO GPL-0036] Movable instances area:       1167.246 um^2
[INFO GPL-0037] Total instances area:         1949.842 um^2
[INFO GPL-0035] Pin density area adjust:       153.741 um^2
[INFO GPL-0032] ---- Initialize Region: Top-level
[INFO GPL-0006] Number of instances:             10217
[INFO GPL-0007] Movable instances:                9115
[INFO GPL-0008] Fixed instances:                   490
[INFO GPL-0009] Dummy instances:                   612
[INFO GPL-0010] Number of nets:                   9474
[INFO GPL-0011] Number of pins:                  34938
[INFO GPL-0012] Die BBox:       (  0.000  0.000 ) ( 65.343 65.343 ) um
[INFO GPL-0013] Placement BBox: (  5.022  5.130 ) ( 60.318 60.210 ) um
[INFO GPL-0014] Region name: top-level.
[INFO GPL-0015] Region area:                  3045.704 um^2
[INFO GPL-0017] Fixed instances area:         1365.490 um^2
[INFO GPL-0018] Movable instances area:       1320.987 um^2
[INFO GPL-0019] Utilization:                    78.620 %
[INFO GPL-0020] Standard cells area:          1320.987 um^2
[INFO GPL-0021] Large instances area:            0.000 um^2
[INFO GPL-0005] ---- Execute Conjugate Gradient Initial Placement.
[INFO GPL-0051] Source of initial instance position counters:
	Odb location = 0	Core center = 9115	Region center = 0
[InitialPlace]  Iter: 1 conjugate gradient residual: 0.00000377 HPWL: 48069511
[InitialPlace]  Iter: 2 conjugate gradient residual: 0.00000405 HPWL: 26299774
[InitialPlace]  Iter: 3 conjugate gradient residual: 0.00000186 HPWL: 26041456
[InitialPlace]  Iter: 4 conjugate gradient residual: 0.00000206 HPWL: 25953776
[InitialPlace]  Iter: 5 conjugate gradient residual: 0.00000139 HPWL: 25827839
[INFO GPL-0033] ---- Initialize Nesterov Region: Top-level
[INFO GPL-0023] Placement target density:       0.8210
[INFO GPL-0024] Movable insts average area:      0.145 um^2
[INFO GPL-0025] Ideal bin area:                  0.177 um^2
[INFO GPL-0026] Ideal bin count:                 17254
[INFO GPL-0027] Total bin area:               3045.704 um^2
[INFO GPL-0028] Bin count (X, Y):         128 ,    128
[INFO GPL-0029] Bin size (W * H):       0.432 *  0.430 um
[INFO GPL-0030] Number of bins:                  16384
[INFO GPL-0084] ---- Execute Nesterov Global Placement.
[INFO GPL-0031] HPWL: Half-Perimeter Wirelength
Iteration | Overflow |     HPWL (um) |  HPWL(%) |   Penalty | Group
---------------------------------------------------------------
        0 |   0.9909 |  1.327662e+04 |   +0.00% |  6.64e-14 |      
       10 |   0.9766 |  1.509145e+04 |  +13.67% |  1.08e-13 |      
       20 |   0.9679 |  1.551730e+04 |   +2.82% |  1.76e-13 |      
       30 |   0.9649 |  1.583422e+04 |   +2.04% |  2.87e-13 |      
       40 |   0.9642 |  1.599358e+04 |   +1.01% |  4.67e-13 |      
       50 |   0.9632 |  1.596936e+04 |   -0.15% |  7.61e-13 |      
       60 |   0.9620 |  1.585574e+04 |   -0.71% |  1.24e-12 |      
       70 |   0.9605 |  1.574036e+04 |   -0.73% |  2.02e-12 |      
       80 |   0.9595 |  1.568393e+04 |   -0.36% |  3.29e-12 |      
       90 |   0.9583 |  1.569349e+04 |   +0.06% |  5.36e-12 |      
      100 |   0.9574 |  1.572172e+04 |   +0.18% |  8.73e-12 |      
      110 |   0.9562 |  1.574044e+04 |   +0.12% |  1.42e-11 |      
      120 |   0.9554 |  1.575782e+04 |   +0.11% |  2.32e-11 |      
      130 |   0.9542 |  1.580654e+04 |   +0.31% |  3.77e-11 |      
      140 |   0.9529 |  1.591912e+04 |   +0.71% |  6.14e-11 |      
      150 |   0.9506 |  1.610717e+04 |   +1.18% |  1.00e-10 |      
      160 |   0.9477 |  1.635552e+04 |   +1.54% |  1.63e-10 |      
      170 |   0.9435 |  1.665401e+04 |   +1.83% |  2.66e-10 |      
      180 |   0.9381 |  1.701630e+04 |   +2.18% |  4.33e-10 |      
      190 |   0.9311 |  1.747108e+04 |   +2.67% |  7.05e-10 |      
      200 |   0.9204 |  1.807607e+04 |   +3.46% |  1.15e-09 |      
      210 |   0.9044 |  1.883261e+04 |   +4.19% |  1.87e-09 |      
      220 |   0.8844 |  1.968568e+04 |   +4.53% |  3.04e-09 |      
      230 |   0.8588 |  2.063096e+04 |   +4.80% |  4.96e-09 |      
      240 |   0.8268 |  2.169928e+04 |   +5.18% |  8.08e-09 |      
      250 |   0.7875 |  2.290511e+04 |   +5.56% |  1.32e-08 |      
      260 |   0.7331 |  2.410979e+04 |   +5.26% |  2.14e-08 |      
      270 |   0.6965 |  2.562924e+04 |   +6.30% |  3.49e-08 |      
      280 |   0.6571 |  2.709765e+04 |   +5.73% |  5.68e-08 |      
[INFO GPL-0100] Timing-driven iteration 1/2, virtual: false.
[INFO GPL-0101]    Iter: 286, overflow: 0.634, keep resizer changes at: 1, HPWL: 27955448
Iteration |   Area    | Resized | Buffers | Nets repaired | Remaining
---------------------------------------------------------------------
        0 |     +0.0% |       0 |       0 |             0 |      9474
    final |     +1.9% |      45 |     116 |            60 |         0
---------------------------------------------------------------------
[INFO RSZ-0034] Found 51 slew violations.
[INFO RSZ-0036] Found 27 capacitance violations.
[INFO RSZ-0039] Resized 45 instances.
[INFO RSZ-0038] Inserted 116 buffers in 60 nets.
   Iter   |    Area   | Removed | Inserted |   Pins
          |           | Buffers | Buffers  | Remaining
-------------------------------------------------------
        0 |     +0.0% |       0 |        0 |      9272
      920 |     +0.0% |       0 |        0 |      8352
     1840 |     +1.4% |       3 |      256 |      7432
     2760 |     +2.1% |       3 |      411 |      6512
     3680 |     +2.7% |       3 |      549 |      5592
     4600 |     +2.6% |      38 |      646 |      4672
     5520 |     +3.5% |      44 |      831 |      3752
     6440 |     +3.8% |      66 |      948 |      2832
     7360 |     +4.2% |      89 |     1102 |      1912
     8280 |     +4.4% |      96 |     1145 |       992
     9200 |     +4.3% |     101 |     1148 |        72
    final |     +4.7% |     116 |     1272 |         0
-------------------------------------------------------
[INFO GPL-0106] Timing-driven: worst slack -2.6171498e-10
[INFO GPL-0107] Timing-driven: repair_design delta area: 128.693 um^2 (+9.74%)
[INFO GPL-0108] Timing-driven: repair_design, gpl delta gcells: 1272 (+13.96%)
[INFO GPL-0109] Timing-driven: repair_design, gcells created: 1388, deleted: 116
[INFO GPL-0110] Timing-driven: new target density: 0.89759314
[INFO GPL-0038] Routability snapshot saved at iter = 289
      288 |   0.5937 |  3.651021e+04 |          |           |      
Iteration | Overflow |     HPWL (um) |  HPWL(%) |   Penalty | Group
---------------------------------------------------------------
      290 |   0.5869 |  3.710822e+04 |  +36.94% |  9.24e-08 |      
      300 |   0.5636 |  3.730751e+04 |   +0.54% |  1.51e-07 |      
      310 |   0.5089 |  3.825723e+04 |   +2.55% |  2.45e-07 |      
      320 |   0.4672 |  3.914949e+04 |   +2.33% |  3.99e-07 |      
      330 |   0.4283 |  3.920482e+04 |   +0.14% |  6.51e-07 |      
      340 |   0.3845 |  3.947300e+04 |   +0.68% |  1.06e-06 |      
      350 |   0.3405 |  3.960096e+04 |   +0.32% |  1.71e-06 |      
      360 |   0.3087 |  3.966190e+04 |   +0.15% |  2.52e-06 |      
[INFO GPL-0040] Routability iteration: 1
[WARNING GRT-0281] Net clk has a large fanout of 1061 terminals.
[INFO GPL-0041] Total routing overflow: 1.9705
[INFO GPL-0042] Number of overflowed tiles: 89 (0.68%)
[INFO GPL-0043] Average top 0.5% routing congestion: 1.0288
[INFO GPL-0044] Average top 1.0% routing congestion: 1.0129
[INFO GPL-0045] Average top 2.0% routing congestion: 0.9937
[INFO GPL-0046] Average top 5.0% routing congestion: 0.9637
[INFO GPL-0047] Routability iteration weighted routing congestion: 1.0208
[INFO GPL-0048] Routing congestion (1.0208) lower than previous minimum (1e+30). Updating minimum.
[INFO GPL-0086] Inflated area:                   0.153 um^2 (+0.01%)
[INFO GPL-0052] Placement target density:       0.8976
[INFO GPL-0076] Removing fillers, count: Before: 404, After: 403 (-0.25%)
[INFO GPL-0077] Filler area (um^2)     : Before: 58.469, After: 58.254 (-0.37%)
[INFO GPL-0078] Removed fillers count: 1, area removed: 0.145 um^2. Remaining area to be compensated by modifying density: 0.009 um^2
[INFO GPL-0058] White space area:             1680.214 um^2 (+0.00%)
[INFO GPL-0059] Movable instances area:       1508.148 um^2 (+0.00%)
[INFO GPL-0060] Total filler area:              58.254 um^2 (-0.37%)
[INFO GPL-0061] Total non-inflated area:      1508.087 um^2 (-0.00%)
[INFO GPL-0062] Total inflated area:          1508.240 um^2 (-0.00%)
[INFO GPL-0063] New Target Density:             0.8976
[INFO GPL-0087] Routability end iteration: increase inflation and revert back to snapshot.
Iteration | Overflow |     HPWL (um) |  HPWL(%) |   Penalty | Group
---------------------------------------------------------------
      370 |   0.5895 |  3.664426e+04 |   -7.61% |  1.11e-07 |      
      380 |   0.5474 |  3.737507e+04 |   +1.99% |  1.64e-07 |      
      390 |   0.5107 |  3.798039e+04 |   +1.62% |  2.41e-07 |      
      400 |   0.4800 |  3.844755e+04 |   +1.23% |  3.55e-07 |      
      410 |   0.4439 |  3.865080e+04 |   +0.53% |  5.23e-07 |      
      420 |   0.4132 |  3.890708e+04 |   +0.66% |  7.71e-07 |      
      430 |   0.3782 |  3.902508e+04 |   +0.30% |  1.14e-06 |      
      440 |   0.3424 |  3.920170e+04 |   +0.45% |  1.67e-06 |      
      450 |   0.3106 |  3.949206e+04 |   +0.74% |  2.46e-06 |      
[INFO GPL-0040] Routability iteration: 2
[INFO GPL-0041] Total routing overflow: 1.3842
[INFO GPL-0042] Number of overflowed tiles: 82 (0.63%)
[INFO GPL-0043] Average top 0.5% routing congestion: 1.0207
[INFO GPL-0044] Average top 1.0% routing congestion: 1.0088
[INFO GPL-0045] Average top 2.0% routing congestion: 0.9935
[INFO GPL-0046] Average top 5.0% routing congestion: 0.9653
[INFO GPL-0047] Routability iteration weighted routing congestion: 1.0148
[INFO GPL-0048] Routing congestion (1.0148) lower than previous minimum (1.021). Updating minimum.
[INFO GPL-0086] Inflated area:                   0.036 um^2 (+0.00%)
[INFO GPL-0052] Placement target density:       0.8976
[INFO GPL-0076] Removing fillers, count: Before: 403, After: 403 (+0.00%)
[INFO GPL-0077] Filler area (um^2)     : Before: 58.254, After: 58.254 (+0.00%)
[INFO GPL-0078] Removed fillers count: 0, area removed: 0.000 um^2. Remaining area to be compensated by modifying density: 0.036 um^2
[INFO GPL-0058] White space area:             1680.214 um^2 (+0.00%)
[INFO GPL-0059] Movable instances area:       1508.148 um^2 (+0.00%)
[INFO GPL-0060] Total filler area:              58.254 um^2 (+0.00%)
[INFO GPL-0061] Total non-inflated area:      1508.123 um^2 (+0.00%)
[INFO GPL-0062] Total inflated area:          1508.159 um^2 (+0.00%)
[INFO GPL-0063] New Target Density:             0.8976
[INFO GPL-0087] Routability end iteration: increase inflation and revert back to snapshot.
Iteration | Overflow |     HPWL (um) |  HPWL(%) |   Penalty | Group
---------------------------------------------------------------
      460 |   0.5898 |  3.673090e+04 |   -6.99% |  1.07e-07 |      
      470 |   0.5525 |  3.734033e+04 |   +1.66% |  1.57e-07 |      
      480 |   0.5146 |  3.787037e+04 |   +1.42% |  2.32e-07 |      
      490 |   0.4825 |  3.843517e+04 |   +1.49% |  3.42e-07 |      
      500 |   0.4476 |  3.862876e+04 |   +0.50% |  5.03e-07 |      
      510 |   0.4164 |  3.889439e+04 |   +0.69% |  7.41e-07 |      
      520 |   0.3835 |  3.902518e+04 |   +0.34% |  1.09e-06 |      
      530 |   0.3439 |  3.917631e+04 |   +0.39% |  1.61e-06 |      
      540 |   0.3147 |  3.947546e+04 |   +0.76% |  2.37e-06 |      
[INFO GPL-0040] Routability iteration: 3
[INFO GPL-0041] Total routing overflow: 1.3868
[INFO GPL-0042] Number of overflowed tiles: 83 (0.64%)
[INFO GPL-0043] Average top 0.5% routing congestion: 1.0207
[INFO GPL-0044] Average top 1.0% routing congestion: 1.0089
[INFO GPL-0045] Average top 2.0% routing congestion: 0.9936
[INFO GPL-0046] Average top 5.0% routing congestion: 0.9652
[INFO GPL-0047] Routability iteration weighted routing congestion: 1.0148
[INFO GPL-0049] Routing congestion (1.0148) higher than minimum (1.0148). Consecutive non-improvement count: 1.
[INFO GPL-0086] Inflated area:                   0.032 um^2 (+0.00%)
[INFO GPL-0052] Placement target density:       0.8976
[INFO GPL-0076] Removing fillers, count: Before: 403, After: 403 (+0.00%)
[INFO GPL-0077] Filler area (um^2)     : Before: 58.254, After: 58.254 (+0.00%)
[INFO GPL-0078] Removed fillers count: 0, area removed: 0.000 um^2. Remaining area to be compensated by modifying density: 0.032 um^2
[INFO GPL-0058] White space area:             1680.214 um^2 (+0.00%)
[INFO GPL-0059] Movable instances area:       1508.148 um^2 (+0.00%)
[INFO GPL-0060] Total filler area:              58.254 um^2 (+0.00%)
[INFO GPL-0061] Total non-inflated area:      1508.155 um^2 (+0.00%)
[INFO GPL-0062] Total inflated area:          1508.187 um^2 (+0.00%)
[INFO GPL-0063] New Target Density:             0.8976
[INFO GPL-0087] Routability end iteration: increase inflation and revert back to snapshot.
Iteration | Overflow |     HPWL (um) |  HPWL(%) |   Penalty | Group
---------------------------------------------------------------
      550 |   0.5895 |  3.694489e+04 |   -6.41% |  1.03e-07 |      
      560 |   0.5576 |  3.728969e+04 |   +0.93% |  1.51e-07 |      
      570 |   0.5187 |  3.776790e+04 |   +1.28% |  2.23e-07 |      
      580 |   0.4851 |  3.841518e+04 |   +1.71% |  3.29e-07 |      
      590 |   0.4516 |  3.861218e+04 |   +0.51% |  4.84e-07 |      
      600 |   0.4195 |  3.887552e+04 |   +0.68% |  7.13e-07 |      
      610 |   0.3871 |  3.901943e+04 |   +0.37% |  1.05e-06 |      
      620 |   0.3475 |  3.916440e+04 |   +0.37% |  1.55e-06 |      
      630 |   0.3174 |  3.944756e+04 |   +0.72% |  2.28e-06 |      
[INFO GPL-0040] Routability iteration: 4
[INFO GPL-0041] Total routing overflow: 1.4205
[INFO GPL-0042] Number of overflowed tiles: 83 (0.64%)
[INFO GPL-0043] Average top 0.5% routing congestion: 1.0212
[INFO GPL-0044] Average top 1.0% routing congestion: 1.0091
[INFO GPL-0045] Average top 2.0% routing congestion: 0.9940
[INFO GPL-0046] Average top 5.0% routing congestion: 0.9653
[INFO GPL-0047] Routability iteration weighted routing congestion: 1.0152
[INFO GPL-0049] Routing congestion (1.0152) higher than minimum (1.0148). Consecutive non-improvement count: 2.
[INFO GPL-0086] Inflated area:                   0.041 um^2 (+0.00%)
[INFO GPL-0052] Placement target density:       0.8976
[INFO GPL-0076] Removing fillers, count: Before: 403, After: 403 (+0.00%)
[INFO GPL-0077] Filler area (um^2)     : Before: 58.254, After: 58.254 (+0.00%)
[INFO GPL-0078] Removed fillers count: 0, area removed: 0.000 um^2. Remaining area to be compensated by modifying density: 0.041 um^2
[INFO GPL-0058] White space area:             1680.214 um^2 (+0.00%)
[INFO GPL-0059] Movable instances area:       1508.148 um^2 (+0.00%)
[INFO GPL-0060] Total filler area:              58.254 um^2 (+0.00%)
[INFO GPL-0061] Total non-inflated area:      1508.196 um^2 (+0.00%)
[INFO GPL-0062] Total inflated area:          1508.237 um^2 (+0.00%)
[INFO GPL-0063] New Target Density:             0.8976
[INFO GPL-0087] Routability end iteration: increase inflation and revert back to snapshot.
Iteration | Overflow |     HPWL (um) |  HPWL(%) |   Penalty | Group
---------------------------------------------------------------
      640 |   0.5881 |  3.705392e+04 |   -6.07% |  9.89e-08 |      
      650 |   0.5633 |  3.721760e+04 |   +0.44% |  1.46e-07 |      
      660 |   0.5222 |  3.768427e+04 |   +1.25% |  2.15e-07 |      
      670 |   0.4882 |  3.838369e+04 |   +1.86% |  3.16e-07 |      
      680 |   0.4552 |  3.859603e+04 |   +0.55% |  4.66e-07 |      
      690 |   0.4244 |  3.883327e+04 |   +0.61% |  6.86e-07 |      
      700 |   0.3913 |  3.900719e+04 |   +0.45% |  1.01e-06 |      
      710 |   0.3495 |  3.914643e+04 |   +0.36% |  1.49e-06 |      
      720 |   0.3211 |  3.941712e+04 |   +0.69% |  2.19e-06 |      
[INFO GPL-0040] Routability iteration: 5
[INFO GPL-0041] Total routing overflow: 1.4692
[INFO GPL-0042] Number of overflowed tiles: 82 (0.63%)
[INFO GPL-0043] Average top 0.5% routing congestion: 1.0220
[INFO GPL-0044] Average top 1.0% routing congestion: 1.0094
[INFO GPL-0045] Average top 2.0% routing congestion: 0.9946
[INFO GPL-0046] Average top 5.0% routing congestion: 0.9655
[INFO GPL-0047] Routability iteration weighted routing congestion: 1.0157
[INFO GPL-0049] Routing congestion (1.0157) higher than minimum (1.0148). Consecutive non-improvement count: 3.
[INFO GPL-0086] Inflated area:                   0.061 um^2 (+0.00%)
[INFO GPL-0052] Placement target density:       0.8976
[INFO GPL-0076] Removing fillers, count: Before: 403, After: 403 (+0.00%)
[INFO GPL-0077] Filler area (um^2)     : Before: 58.254, After: 58.254 (+0.00%)
[INFO GPL-0078] Removed fillers count: 0, area removed: 0.000 um^2. Remaining area to be compensated by modifying density: 0.061 um^2
[INFO GPL-0054] No improvement in routing congestion for 3 consecutive iterations (limit is 3).
[INFO GPL-0055] Reverting inflation values and target density from the iteration with minimum observed routing congestion.
[INFO GPL-0056] Minimum observed routing congestion: 1.0148
[INFO GPL-0057] Target density at minimum routing congestion: 0.8976
[INFO GPL-0080] Restoring 0 previously removed fillers.
[INFO GPL-0089] Routability finished. Reverting to minimal observed routing congestion, could not reach target.
Iteration | Overflow |     HPWL (um) |  HPWL(%) |   Penalty | Group
---------------------------------------------------------------
      730 |   0.5884 |  3.702073e+04 |   -6.08% |  9.51e-08 |      
      740 |   0.5681 |  3.714252e+04 |   +0.33% |  1.40e-07 |      
      750 |   0.5257 |  3.763174e+04 |   +1.32% |  2.06e-07 |      
      760 |   0.4924 |  3.833866e+04 |   +1.88% |  3.04e-07 |      
      770 |   0.4585 |  3.858834e+04 |   +0.65% |  4.48e-07 |      
      780 |   0.4284 |  3.879075e+04 |   +0.52% |  6.60e-07 |      
      790 |   0.3946 |  3.897212e+04 |   +0.47% |  9.72e-07 |      
      800 |   0.3530 |  3.912579e+04 |   +0.39% |  1.43e-06 |      
      810 |   0.3242 |  3.940392e+04 |   +0.71% |  2.11e-06 |      
      820 |   0.2916 |  3.964899e+04 |   +0.62% |  3.11e-06 |      
      830 |   0.2548 |  3.982050e+04 |   +0.43% |  4.58e-06 |      
      840 |   0.2242 |  4.002508e+04 |   +0.51% |  6.74e-06 |      
      850 |   0.1936 |  4.031009e+04 |   +0.71% |  9.94e-06 |      
[INFO GPL-0100] Timing-driven iteration 2/2, virtual: false.
[INFO GPL-0101]    Iter: 851, overflow: 0.194, keep resizer changes at: 1, HPWL: 40310093
Iteration |   Area    | Resized | Buffers | Nets repaired | Remaining
---------------------------------------------------------------------
        0 |     +0.0% |       0 |       0 |             0 |     10746
    final |     +0.0% |       0 |       1 |             1 |         0
---------------------------------------------------------------------
[INFO RSZ-0036] Found 1 capacitance violations.
[INFO RSZ-0038] Inserted 1 buffers in 1 nets.
   Iter   |    Area   | Removed | Inserted |   Pins
          |           | Buffers | Buffers  | Remaining
-------------------------------------------------------
        0 |     +0.0% |       0 |        0 |      9272
      920 |     +0.0% |       0 |        0 |      8352
     1840 |     -0.8% |     256 |      120 |      7432
     2760 |     -1.3% |     411 |      145 |      6512
     3680 |     -1.8% |     549 |      186 |      5592
     4600 |     -2.0% |     646 |      240 |      4672
     5520 |     -2.5% |     832 |      302 |      3752
     6440 |     -2.8% |     949 |      359 |      2832
     7360 |     -3.2% |    1103 |      435 |      1912
     8280 |     -3.3% |    1146 |      459 |       992
     9200 |     -3.3% |    1149 |      461 |        72
    final |     -3.5% |    1273 |      540 |         0
-------------------------------------------------------
[INFO GPL-0106] Timing-driven: worst slack -2.6171498e-10
[INFO GPL-0107] Timing-driven: repair_design delta area: -72.792 um^2 (-5.02%)
[INFO GPL-0108] Timing-driven: repair_design, gpl delta gcells: -732 (-7.05%)
[INFO GPL-0109] Timing-driven: repair_design, gcells created: 541, deleted: 1273
[INFO GPL-0110] Timing-driven: new target density: 0.8542986
Iteration | Overflow |     HPWL (um) |  HPWL(%) |   Penalty | Group
---------------------------------------------------------------
      860 |   0.1793 |  3.968581e+04 |   -1.55% |  1.46e-05 |      
      870 |   0.1566 |  3.962905e+04 |   -0.14% |  2.16e-05 |      
      880 |   0.1320 |  3.993807e+04 |   +0.78% |  3.18e-05 |      
      890 |   0.1145 |  4.026829e+04 |   +0.83% |  4.68e-05 |      
      899 |   0.0993 |  4.032659e+04 |          |  6.89e-05 |      
---------------------------------------------------------------
[INFO GPL-1001] Global placement finished at iteration 899
[INFO GPL-1017] Routability mode iteration count: 524
[INFO GPL-1005] Routability final weighted congestion: 1.0210
[INFO GPL-1002] Placed Cell Area             1377.0412
[INFO GPL-1003] Available Free Area          1680.2138
[INFO GPL-1004] Minimum Feasible Density        0.7900 (cell_area / free_area)
[INFO GPL-1006]   Suggested Target Densities:
[INFO GPL-1007]     - For 90% usage of free space: 0.9106
[INFO GPL-1008]     - For 80% usage of free space: 1.0245
[INFO GPL-1011] Original area (um^2): 1320.99
[INFO GPL-1012] Total routability artificial inflation: 0.15 (+0.01%)
[INFO GPL-1013] Total timing-driven delta area: 55.90 (+4.23%)
[INFO GPL-1014] Final placement area: 1377.04 (+4.24%)
Took 16 seconds: global_placement -density 0.8210000193119049 -pad_left 0 -pad_right 0 -routability_driven -timing_driven -force_center_initial_place -min_phi_coef 0.95 -max_phi_coef 1.05
estimate_parasitics -placement
Report metrics stage 3, global place...

==========================================================================
global place report_design_area
--------------------------------------------------------------------------
Design area 1991 um^2 65% utilization.
write_db /tmp/workspace/scripts-Private_test-fr_cugr_cmp-1-/results/asap7/riscv32i-mock-sram/base/3_3_place_gp.odb
Elapsed time: 0:20.31[h:]min:sec. CPU time: user 197.41 sys 14.33 (1042%). Peak memory: 456692KB.
Log                       Ext     Elapsed/s Peak Memory/MB sha1sum result [0:20)
3_3_place_gp              .odb           20            445 0b26cf0fc4e4fd8c7b55
/OpenROAD-flow-scripts/flow/scripts/flow.sh 3_4_place_resized resize
Running resize.tcl, stage 3_4_place_resized
source ./platforms/asap7/liberty_suppressions.tcl
read_liberty ./platforms/asap7/lib/NLDM/asap7sc7p5t_AO_RVT_FF_nldm_211120.lib.gz
read_liberty ./platforms/asap7/lib/NLDM/asap7sc7p5t_INVBUF_RVT_FF_nldm_220122.lib.gz
read_liberty ./platforms/asap7/lib/NLDM/asap7sc7p5t_OA_RVT_FF_nldm_211120.lib.gz
read_liberty ./platforms/asap7/lib/NLDM/asap7sc7p5t_SIMPLE_RVT_FF_nldm_211120.lib.gz
read_liberty ./platforms/asap7/lib/NLDM/asap7sc7p5t_SEQ_RVT_FF_nldm_220123.lib
read_liberty /tmp/workspace/scripts-Private_test-fr_cugr_cmp-1-/results/asap7/riscv32i-mock-sram_fakeram7_256x32/base/fakeram7_256x32_typ.lib
read_db -hier /tmp/workspace/scripts-Private_test-fr_cugr_cmp-1-/results/asap7/riscv32i-mock-sram/base/3_3_place_gp.odb
[WARNING ORD-0012] Hierarchical flow (-hier) is currently in development and may cause multiple issues. Do not use in production environments.
read_sdc /tmp/workspace/scripts-Private_test-fr_cugr_cmp-1-/results/asap7/riscv32i-mock-sram/base/2_floorplan.sdc
source ./platforms/asap7/setRC.tcl
estimate_parasitics -placement
replace_arith_modules -path_count 1000 -target setup -slack_threshold 0.0
[INFO RSZ-0151] Starting arithmetic module replacement to optimize 'setup' target
[INFO RSZ-0152] Analyzing 1000 critical paths with slack < 0.00
[INFO RSZ-0153] Identified 524 violating endpoints
[INFO RSZ-0154] Identified 1 critical arithmetic instances
[INFO RSZ-0160] 0 arithmetic instances have swapped to improve 'setup' target
[INFO GPL-0083] Execute incremental mode global placement.
[INFO GPL-0001] ---- Initialize GPL Main Data Structures
[INFO GPL-0002] DBU: 1000
[INFO GPL-0003] SiteSize: (  0.054  0.270 ) um
[INFO GPL-0004] CoreBBox: (  5.022  5.130 ) ( 60.318 60.210 ) um
[INFO GPL-0016] Core area:                    3045.704 um^2
[INFO GPL-0036] Movable instances area:       1224.093 um^2
[INFO GPL-0037] Total instances area:         2006.689 um^2
[INFO GPL-0035] Pin density area adjust:       160.027 um^2
[INFO GPL-0032] ---- Initialize Region: Top-level
[INFO GPL-0006] Number of instances:             10757
[INFO GPL-0007] Movable instances:                9655
[INFO GPL-0008] Fixed instances:                   490
[INFO GPL-0009] Dummy instances:                   612
[INFO GPL-0010] Number of nets:                  10014
[INFO GPL-0011] Number of pins:                  36018
[INFO GPL-0012] Die BBox:       (  0.000  0.000 ) ( 65.343 65.343 ) um
[INFO GPL-0013] Placement BBox: (  5.022  5.130 ) ( 60.318 60.210 ) um
[INFO GPL-0014] Region name: top-level.
[INFO GPL-0015] Region area:                  3045.704 um^2
[INFO GPL-0017] Fixed instances area:         1365.490 um^2
[INFO GPL-0018] Movable instances area:       1384.120 um^2
[INFO GPL-0019] Utilization:                    82.378 %
[INFO GPL-0020] Standard cells area:          1384.120 um^2
[INFO GPL-0021] Large instances area:            0.000 um^2
[INFO GPL-0154] Identified 9655 placed instances
[INFO GPL-0155] Identified 0 not placed instances
[INFO GPL-0156] Identified all instances as placed. Skipping incremental mode
Perform buffer insertion and gate resizing...
repair_design -verbose
Iteration |   Area    | Resized | Buffers | Nets repaired | Remaining
---------------------------------------------------------------------
        0 |     +0.0% |       0 |       0 |             0 |     10014
     1000 |     +0.0% |       0 |       0 |             0 |      9014
     2000 |     +0.0% |       0 |       0 |             0 |      8014
     3000 |     +0.0% |       0 |       0 |             0 |      7014
     4000 |     +0.0% |       0 |       0 |             0 |      6014
     5000 |     +0.0% |       0 |       0 |             0 |      5014
     6000 |     +0.0% |       0 |       0 |             0 |      4014
     7000 |     +0.0% |       0 |       1 |             1 |      3014
     8000 |     +0.0% |       0 |       1 |             1 |      2014
     9000 |     +0.0% |       0 |       1 |             1 |      1014
    10000 |     +0.0% |       0 |       1 |             1 |        14
    final |     +0.0% |       0 |       1 |             1 |         0
---------------------------------------------------------------------
[INFO RSZ-0036] Found 1 capacitance violations.
[INFO RSZ-0038] Inserted 1 buffers in 1 nets.
[INFO RSZ-0504] Runtime: 0.78s
Floating nets: 
[WARNING RSZ-0020] found 2 floating nets.
Report metrics stage 3, resizer...

==========================================================================
resizer report_design_area
--------------------------------------------------------------------------
Design area 1991 um^2 65% utilization.
Instance count before 10145, after 10146
Pin count before 35883, after 35885
write_db /tmp/workspace/scripts-Private_test-fr_cugr_cmp-1-/results/asap7/riscv32i-mock-sram/base/3_4_place_resized.odb
Elapsed time: 0:06.79[h:]min:sec. CPU time: user 10.00 sys 2.95 (190%). Peak memory: 276124KB.
Log                       Ext     Elapsed/s Peak Memory/MB sha1sum result [0:20)
3_4_place_resized         .odb            6            269 823e24e07308058f2497
/OpenROAD-flow-scripts/flow/scripts/flow.sh 3_5_place_dp detail_place
Running detail_place.tcl, stage 3_5_place_dp
source ./platforms/asap7/liberty_suppressions.tcl
read_liberty ./platforms/asap7/lib/NLDM/asap7sc7p5t_AO_RVT_FF_nldm_211120.lib.gz
read_liberty ./platforms/asap7/lib/NLDM/asap7sc7p5t_INVBUF_RVT_FF_nldm_220122.lib.gz
read_liberty ./platforms/asap7/lib/NLDM/asap7sc7p5t_OA_RVT_FF_nldm_211120.lib.gz
read_liberty ./platforms/asap7/lib/NLDM/asap7sc7p5t_SIMPLE_RVT_FF_nldm_211120.lib.gz
read_liberty ./platforms/asap7/lib/NLDM/asap7sc7p5t_SEQ_RVT_FF_nldm_220123.lib
read_liberty /tmp/workspace/scripts-Private_test-fr_cugr_cmp-1-/results/asap7/riscv32i-mock-sram_fakeram7_256x32/base/fakeram7_256x32_typ.lib
read_db -hier /tmp/workspace/scripts-Private_test-fr_cugr_cmp-1-/results/asap7/riscv32i-mock-sram/base/3_4_place_resized.odb
[WARNING ORD-0012] Hierarchical flow (-hier) is currently in development and may cause multiple issues. Do not use in production environments.
read_sdc /tmp/workspace/scripts-Private_test-fr_cugr_cmp-1-/results/asap7/riscv32i-mock-sram/base/2_floorplan.sdc
source ./platforms/asap7/setRC.tcl
detailed_placement
[INFO DPL-0006] Core area: 3045.70 um^2
[INFO DPL-0007] Movable instances area: 1224.24 um^2
[INFO DPL-0008] Fixed instances area within core: 766.34 um^2
[INFO DPL-0009] Utilization: 65.4%
[INFO DPL-0005] Diamond search max displacement: +/- 500 sites horizontally, +/- 100 rows vertically.
[INFO DPL-1102] Legalizing using negotiation legalizer.
[INFO DPL-1103] Negotiation base search window: +/-20 sites horizontally, +/-5 rows vertically 
	Automatic search window extension enabled.
	Search window extendable up to the max displacement cap of +/-500 sites, +/-100 rows near walls.
[INFO DPL-1104] NegotiationLegalizer DRC penalty: 5.
[INFO DPL-0392] Negotiation cell height distribution (2 unique row-count(s)):
[INFO DPL-0393]   height 1 row(s): 10142 cells
[INFO DPL-0393]   height 121 row(s): 4 cells
          |      Total |  Illegal |  Illegal
Iteration | Violations |    Cells |    Sites
---------------------------------------------
        0 |        729 |       179 |       550
        1 |        122 |        28 |        94
        2 |         86 |        12 |        74
        3 |         50 |         6 |        44
        4 |         33 |         3 |        30
        5 |         31 |         3 |        28
        6 |         16 |         2 |        14
        7 |         33 |         3 |        30
        8 |         26 |         2 |        24
        9 |          8 |         2 |         6
       10 |         16 |         2 |        14
       20 |         28 |         2 |        26
       22 |          0 |         0 |         0
Negotiation phase 1 converged at iteration 22.
[INFO DPL-0500] Runtime: 0.35s
Placement Analysis
---------------------------------
total displacement       3420.5 u
average displacement        0.3 u
max displacement           19.3 u
original HPWL           40410.6 u
legalized HPWL          43602.2 u
delta HPWL                    8 %

improve_placement -max_displacement "5 1"
Detailed placement improvement.
[INFO DPL-0401] Setting random seed to 1.
[INFO DPL-0402] Setting maximum displacement 5 1 to 1350 270 units.
[INFO DPL-0320] Collected 749 fixed cells.
[INFO DPL-0318] Collected 9656 single height cells.
[INFO DPL-0321] Collected 0 wide cells.
[INFO DPL-0322] Image (5022, 5130) - (60318, 60210)
[INFO DPL-0310] Assigned 9656 cells into segments.  Movement in X-direction is 0.000000, movement in Y-direction is 0.000000.
[INFO DPL-0313] Found 0 cells in wrong regions.
[INFO DPL-0315] Found 0 row alignment problems.
[INFO DPL-0314] Found 0 site alignment problems.
[INFO DPL-0311] Found 0 overlaps between adjacent cells.
[INFO DPL-0312] Found 0 edge spacing violations and 0 padding violations.
[INFO DPL-0303] Running algorithm for independent set matching.
[INFO DPL-0300] Set matching objective is wirelength.
[INFO DPL-0301] Pass   1 of matching; objective is 3.977663e+07.
[INFO DPL-0302] End of matching; objective is 3.975689e+07, improvement is 0.05 percent.
[INFO DPL-0303] Running algorithm for global swaps.
[INFO DPL-0306] Pass   1 of global swaps; hpwl is 3.941199e+07.
[INFO DPL-0307] End of global swaps; objective is 3.941199e+07, improvement is 0.87 percent.
[INFO DPL-0303] Running algorithm for vertical swaps.
[INFO DPL-0308] Pass   1 of vertical swaps; hpwl is 3.932632e+07.
[INFO DPL-0309] End of vertical swaps; objective is 3.932632e+07, improvement is 0.22 percent.
[INFO DPL-0303] Running algorithm for reordering.
[INFO DPL-0304] Pass   1 of reordering; objective is 3.925114e+07.
[INFO DPL-0305] End of reordering; objective is 3.925114e+07, improvement is 0.19 percent.
[INFO DPL-0303] Running algorithm for random improvement.
[INFO DPL-0324] Random improver is using random generator.
[INFO DPL-0325] Random improver is using hpwl objective.
[INFO DPL-0326] Random improver cost string is (a).
[INFO DPL-0332] End of pass, Generator random called 193120 times.
[INFO DPL-0335] Generator random, Cumulative attempts 193120, swaps 42165, moves 25039 since last reset.
[INFO DPL-0333] End of pass, Objective hpwl, Initial cost 3.915274e+07, Scratch cost 3.892553e+07, Incremental cost 3.892553e+07, Mismatch? N
[INFO DPL-0338] End of pass, Total cost is 3.892553e+07.
[INFO DPL-0327] Pass   1 of random improver; improvement in cost is 0.58 percent.
[INFO DPL-0328] End of random improver; improvement is 0.580337 percent.
[INFO DPL-0380] Cell flipping.
[INFO DPL-0382] Changed 0 cell orientations for row compatibility.
[INFO DPL-0383] Performed 2851 cell flips.
[INFO DPL-0384] End of flipping; objective is 3.842130e+07, improvement is 1.54 percent.
[INFO DPL-0313] Found 0 cells in wrong regions.
[INFO DPL-0315] Found 0 row alignment problems.
[INFO DPL-0314] Found 0 site alignment problems.
[INFO DPL-0311] Found 0 overlaps between adjacent cells.
[INFO DPL-0312] Found 0 edge spacing violations and 0 padding violations.
Detailed Improvement Results
------------------------------------------
Original HPWL            43602.2 u (   21028.2,    22574.0)
Final HPWL               42202.1 u (   20371.2,    21830.9)
Delta HPWL                  -3.2 % (      -3.1,       -3.3)

optimize_mirroring
[INFO DPL-0020] Mirrored 780 instances
[INFO DPL-0021] HPWL before           42202.1 u
[INFO DPL-0022] HPWL after            42174.0 u
[INFO DPL-0023] HPWL delta               -0.1 %
[INFO FLW-0012] Placement violations .
estimate_parasitics -placement
Report metrics stage 3, detailed place...

==========================================================================
detailed place report_design_area
--------------------------------------------------------------------------
Design area 1991 um^2 65% utilization.
write_db /tmp/workspace/scripts-Private_test-fr_cugr_cmp-1-/results/asap7/riscv32i-mock-sram/base/3_5_place_dp.odb
write_sdc -no_timestamp /tmp/workspace/scripts-Private_test-fr_cugr_cmp-1-/results/asap7/riscv32i-mock-sram/base/3_place.sdc
Elapsed time: 0:07.70[h:]min:sec. CPU time: user 10.57 sys 3.31 (180%). Peak memory: 285124KB.
Log                       Ext     Elapsed/s Peak Memory/MB sha1sum result [0:20)
3_5_place_dp              .odb            7            278 6c3af986f603c4a00281
cp /tmp/workspace/scripts-Private_test-fr_cugr_cmp-1-/results/asap7/riscv32i-mock-sram/base/3_5_place_dp.odb /tmp/workspace/scripts-Private_test-fr_cugr_cmp-1-/results/asap7/riscv32i-mock-sram/base/3_place.odb
/OpenROAD-flow-scripts/flow/scripts/flow.sh 4_1_cts cts
Running cts.tcl, stage 4_1_cts
source ./platforms/asap7/liberty_suppressions.tcl
read_liberty ./platforms/asap7/lib/NLDM/asap7sc7p5t_AO_RVT_FF_nldm_211120.lib.gz
read_liberty ./platforms/asap7/lib/NLDM/asap7sc7p5t_INVBUF_RVT_FF_nldm_220122.lib.gz
read_liberty ./platforms/asap7/lib/NLDM/asap7sc7p5t_OA_RVT_FF_nldm_211120.lib.gz
read_liberty ./platforms/asap7/lib/NLDM/asap7sc7p5t_SIMPLE_RVT_FF_nldm_211120.lib.gz
read_liberty ./platforms/asap7/lib/NLDM/asap7sc7p5t_SEQ_RVT_FF_nldm_220123.lib
read_liberty /tmp/workspace/scripts-Private_test-fr_cugr_cmp-1-/results/asap7/riscv32i-mock-sram_fakeram7_256x32/base/fakeram7_256x32_typ.lib
read_db -hier /tmp/workspace/scripts-Private_test-fr_cugr_cmp-1-/results/asap7/riscv32i-mock-sram/base/3_place.odb
[WARNING ORD-0012] Hierarchical flow (-hier) is currently in development and may cause multiple issues. Do not use in production environments.
read_sdc /tmp/workspace/scripts-Private_test-fr_cugr_cmp-1-/results/asap7/riscv32i-mock-sram/base/3_place.sdc
source ./platforms/asap7/setRC.tcl
clock_tree_synthesis -sink_clustering_enable -repair_clock_nets -sink_clustering_size 10 -sink_clustering_max_diameter 50
[INFO CTS-0050] Root buffer is BUFx16f_ASAP7_75t_R.
[INFO CTS-0051] Sink buffer is BUFx24_ASAP7_75t_R.
[INFO CTS-0052] The following clock buffers will be used for CTS:
                    BUFx16f_ASAP7_75t_R
                    BUFx24_ASAP7_75t_R
[INFO CTS-0049] Characterization buffer is BUFx24_ASAP7_75t_R.
[INFO CTS-0007] Net "clk" found for clock "clk".
[INFO CTS-0011]  Clock net "clk" for macros has 4 sinks.
[INFO CTS-0011]  Clock net "clk_regs" for registers has 1056 sinks.
[INFO CTS-0008] TritonCTS found 2 clock nets.
[INFO CTS-0097] Characterization used 2 buffer(s) types.
[INFO CTS-0201] 4 blockages from hard placement blockages and placed macros will be used.
[INFO CTS-0027] Generating H-Tree topology for net clk.
[INFO CTS-0028]  Total number of sinks: 4.
[INFO CTS-0029]  Macro  sinks will be clustered in groups of up to 4 and with maximum cluster diameter of 64.8 um.
[INFO CTS-0030]  Number of static layers: 0.
[INFO CTS-0020]  Wire segment unit: 1350  dbu (1 um).
[INFO CTS-0023]  Original sink region: [(10806, 53724), (40284, 53724)].
[INFO CTS-0024]  Normalized sink region: [(8.00444, 39.7956), (29.84, 39.7956)].
[INFO CTS-0025]     Width:  21.8356.
[INFO CTS-0026]     Height: 0.0000.
 Level 1
    Direction: Horizontal
    Sinks per sub-region: 2
    Sub-region size: 10.9178 X 0.0000
[INFO CTS-0034]     Segment length (rounded): 5.
[INFO CTS-0038]  Stop criterion found. Sink region hpwl is smaller than max wirelength (137.460 um) and max number of sinks is 15.
[INFO CTS-0035]  Number of sinks covered: 4.
[INFO CTS-0201] 4 blockages from hard placement blockages and placed macros will be used.
[INFO CTS-0027] Generating H-Tree topology for net clk_regs.
[INFO CTS-0028]  Total number of sinks: 1056.
[INFO CTS-0029]  Register sinks will be clustered in groups of up to 10 and with maximum cluster diameter of 50.0 um.
[INFO CTS-0030]  Number of static layers: 0.
[INFO CTS-0020]  Wire segment unit: 1350  dbu (1 um).
[INFO CTS-0204] A clustering solution was found from clustering size of 10 and clustering diameter of 50.
[INFO CTS-0205] Better solution may be possible if either -sink_clustering_size, -sink_clustering_max_diameter, or both options are omitted to enable automatic clustering.
[INFO CTS-0019]  Total number of sinks after clustering: 106.
[INFO CTS-0024]  Normalized sink region: [(4.50385, 4.3), (43.9003, 29.6532)].
[INFO CTS-0025]     Width:  39.3964.
[INFO CTS-0026]     Height: 25.3532.
 Level 1
    Direction: Horizontal
    Sinks per sub-region: 53
    Sub-region size: 19.6982 X 25.3532
[INFO CTS-0034]     Segment length (rounded): 10.
 Level 2
    Direction: Vertical
    Sinks per sub-region: 27
    Sub-region size: 19.6982 X 12.6766
[INFO CTS-0034]     Segment length (rounded): 6.
 Level 3
    Direction: Horizontal
    Sinks per sub-region: 14
    Sub-region size: 9.8491 X 12.6766
[INFO CTS-0034]     Segment length (rounded): 4.
[INFO CTS-0038]  Stop criterion found. Sink region hpwl is smaller than max wirelength (137.460 um) and max number of sinks is 15.
[INFO CTS-0035]  Number of sinks covered: 106.
[INFO CTS-0018]     Created 3 clock buffers.
[INFO CTS-0012]     Minimum number of buffers in the clock path: 2.
[INFO CTS-0013]     Maximum number of buffers in the clock path: 2.
[INFO CTS-0015]     Created 3 clock nets.
[INFO CTS-0016]     Fanout distribution for the current clock = 2:2..
[INFO CTS-0017]     Max level of the clock tree: 1.
[INFO CTS-0018]     Created 115 clock buffers.
[INFO CTS-0012]     Minimum number of buffers in the clock path: 3.
[INFO CTS-0013]     Maximum number of buffers in the clock path: 3.
[INFO CTS-0015]     Created 115 clock nets.
[INFO CTS-0016]     Fanout distribution for the current clock = 8:2, 9:1, 10:104, 11:1, 13:2, 14:1, 15:2, 16:1..
[INFO CTS-0017]     Max level of the clock tree: 3.
[INFO CTS-0098] Clock net "clk"
[INFO CTS-0099]  Sinks 4
[INFO CTS-0100]  Leaf buffers 0
[INFO CTS-0101]  Average sink wire length 90.33 um
[INFO CTS-0102]  Path depth 2 - 2
[INFO CTS-0207]  Dummy loads inserted 0
[INFO CTS-0098] Clock net "clk_regs"
[INFO CTS-0099]  Sinks 1070
[INFO CTS-0100]  Leaf buffers 106
[INFO CTS-0101]  Average sink wire length 32.71 um
[INFO CTS-0102]  Path depth 2 - 3
[INFO CTS-0207]  Dummy loads inserted 14
[INFO CTS-0033] Balancing latency for clock clk
[INFO CTS-0036]  inserted 0 delay buffers
[INFO CTS-0500] Runtime: 2.51s
estimate_parasitics -placement
detailed_placement
[INFO DPL-0006] Core area: 3045.70 um^2
[INFO DPL-0007] Movable instances area: 1279.19 um^2
[INFO DPL-0008] Fixed instances area within core: 766.34 um^2
[INFO DPL-0009] Utilization: 67.2%
[INFO DPL-0005] Diamond search max displacement: +/- 500 sites horizontally, +/- 100 rows vertically.
[INFO DPL-1102] Legalizing using negotiation legalizer.
[INFO DPL-1103] Negotiation base search window: +/-20 sites horizontally, +/-5 rows vertically 
	Automatic search window extension enabled.
	Search window extendable up to the max displacement cap of +/-500 sites, +/-100 rows near walls.
[INFO DPL-1104] NegotiationLegalizer DRC penalty: 5.
[INFO DPL-0392] Negotiation cell height distribution (2 unique row-count(s)):
[INFO DPL-0393]   height 1 row(s): 10275 cells
[INFO DPL-0393]   height 121 row(s): 4 cells
          |      Total |  Illegal |  Illegal
Iteration | Violations |    Cells |    Sites
---------------------------------------------
        0 |        975 |       169 |       806
        1 |        334 |        54 |       280
        2 |        268 |        34 |       234
        3 |        166 |        24 |       142
        4 |        163 |        19 |       144
        5 |        113 |        19 |        94
        6 |         72 |        10 |        62
        7 |         62 |         8 |        54
        8 |         43 |         5 |        38
        9 |         38 |         4 |        34
       10 |         63 |         5 |        58
       20 |         12 |         2 |        10
       25 |          0 |         0 |         0
Negotiation phase 1 converged at iteration 25.
[INFO DPL-0500] Runtime: 0.32s
Placement Analysis
---------------------------------
total displacement       1722.8 u
average displacement        0.2 u
max displacement           21.9 u
original HPWL           43201.9 u
legalized HPWL          44420.6 u
delta HPWL                    3 %

estimate_parasitics -placement
repair_timing -setup_margin 0 -hold_margin 0 -repair_tns 100 -verbose
[INFO RSZ-0100] Repair move sequence: UnbufferMove SizeUpMove SwapPinsMove BufferMove CloneMove SplitLoadMove 
[INFO RSZ-0094] Found 997 endpoints with setup violations.
[INFO RSZ-0099] Repairing 997 out of 997 (100.00%) violating endpoints...
   Iter   | Removed | Resized | Inserted | Cloned |  Pin  |   Area   |    WNS   |   StTNS    |   EnTNS    |  Viol  |  Worst  
          | Buffers |  Gates  | Buffers  |  Gates | Swaps |          |          |            |            | Endpts | St/EnPt 
------------------------------------------------------------------------------------------------------------------------------
       0* |       0 |       0 |        0 |      0 |     0 |    +0.0% |  -53.295 |     -568.6 |   -36999.3 |    997 | riscv.dp.rf.rf\[30\]\[24\]$_DFFE_PP_/D
      10* |       0 |       3 |        5 |      0 |     3 |    +0.0% |  -39.160 |     -453.9 |   -24411.6 |    997 | riscv.dp.rf.rf\[24\]\[31\]$_DFFE_PP_/D
      20* |       0 |       6 |       10 |      0 |     7 |    +0.1% |  -29.390 |     -390.3 |   -14421.7 |    997 | riscv.dp.rf.rf\[24\]\[31\]$_DFFE_PP_/D
      30* |       0 |      14 |       10 |      0 |     9 |    +0.1% |  -23.227 |     -337.7 |   -11139.2 |    997 | riscv.dp.rf.rf\[1\]\[0\]$_DFFE_PP_/D
      40* |       0 |      22 |       10 |      0 |    11 |    +0.1% |  -18.792 |     -319.2 |    -8100.1 |    997 | riscv.dp.rf.rf\[17\]\[4\]$_DFFE_PP_/D
      50* |       0 |      25 |       16 |      0 |    15 |    +0.1% |  -15.623 |     -308.8 |    -5137.1 |    997 | riscv.dp.rf.rf\[24\]\[31\]$_DFFE_PP_/D
      60* |       0 |      31 |       19 |      0 |    17 |    +0.1% |   -9.352 |     -278.6 |    -1384.1 |    997 | riscv.dp.rf.rf\[27\]\[19\]$_DFFE_PP_/D
      69* |       0 |      33 |       22 |      2 |    19 |    +0.2% |   -0.078 |     -261.8 |       -0.1 |    997 | riscv.dp.rf.rf\[22\]\[2\]$_DFFE_PP_/D
      70* |       0 |      33 |       22 |      2 |    19 |    +0.2% |   -0.078 |     -261.8 |       -0.1 |    997 | riscv.dp.rf.rf\[22\]\[2\]$_DFFE_PP_/D
      70* |       0 |      33 |       22 |      2 |    19 |    +0.2% |   -0.078 |     -261.8 |       -0.1 |    997 | riscv.dp.rf.rf\[22\]\[2\]$_DFFE_PP_/D
      71* |       0 |      33 |       22 |      2 |    19 |    +0.2% |   -0.078 |     -261.8 |       -0.1 |    997 | riscv.dp.rf.rf\[22\]\[2\]$_DFFE_PP_/D
      72* |       0 |      33 |       22 |      2 |    19 |    +0.2% |   -0.078 |     -261.8 |       -0.1 |    997 | riscv.dp.rf.rf\[22\]\[2\]$_DFFE_PP_/D
      73* |       0 |      33 |       22 |      2 |    19 |    +0.2% |   -0.078 |     -261.8 |       -0.1 |    997 | riscv.dp.rf.rf\[22\]\[2\]$_DFFE_PP_/D
      74* |       0 |      33 |       22 |      2 |    19 |    +0.2% |   -0.078 |     -261.8 |       -0.1 |    997 | riscv.dp.rf.rf\[22\]\[2\]$_DFFE_PP_/D
      75* |       0 |      33 |       22 |      2 |    19 |    +0.2% |   -0.078 |     -261.8 |       -0.1 |    997 | riscv.dp.rf.rf\[22\]\[2\]$_DFFE_PP_/D
      76* |       0 |      33 |       22 |      2 |    19 |    +0.2% |   -0.078 |     -261.8 |       -0.1 |    997 | riscv.dp.rf.rf\[22\]\[2\]$_DFFE_PP_/D
      77* |       0 |      33 |       22 |      2 |    19 |    +0.2% |   -0.078 |     -261.8 |       -0.1 |    997 | riscv.dp.rf.rf\[22\]\[2\]$_DFFE_PP_/D
      78* |       0 |      33 |       22 |      2 |    19 |    +0.2% |   -0.078 |     -261.8 |       -0.1 |    997 | riscv.dp.rf.rf\[22\]\[2\]$_DFFE_PP_/D
      79* |       0 |      33 |       22 |      2 |    19 |    +0.2% |   -0.078 |     -261.8 |       -0.1 |    997 | riscv.dp.rf.rf\[22\]\[2\]$_DFFE_PP_/D
      80* |       0 |      33 |       22 |      2 |    19 |    +0.2% |   -0.078 |     -261.8 |       -0.1 |    997 | riscv.dp.rf.rf\[22\]\[2\]$_DFFE_PP_/D
      80* |       0 |      33 |       22 |      2 |    19 |    +0.2% |   -0.078 |     -261.8 |       -0.1 |    997 | riscv.dp.rf.rf\[22\]\[2\]$_DFFE_PP_/D
      81* |       0 |      33 |       22 |      2 |    19 |    +0.2% |   -0.078 |     -261.8 |       -0.1 |    997 | riscv.dp.rf.rf\[22\]\[2\]$_DFFE_PP_/D
      82* |       0 |      33 |       22 |      2 |    19 |    +0.2% |   -0.078 |     -261.8 |       -0.1 |    997 | riscv.dp.rf.rf\[22\]\[2\]$_DFFE_PP_/D
      83* |       0 |      33 |       22 |      2 |    19 |    +0.2% |   -0.078 |     -261.8 |       -0.1 |    997 | riscv.dp.rf.rf\[22\]\[2\]$_DFFE_PP_/D
      84* |       0 |      33 |       22 |      2 |    19 |    +0.2% |   -0.078 |     -261.8 |       -0.1 |    997 | riscv.dp.rf.rf\[22\]\[2\]$_DFFE_PP_/D
      85* |       0 |      33 |       22 |      2 |    19 |    +0.2% |   -0.078 |     -261.8 |       -0.1 |    997 | riscv.dp.rf.rf\[22\]\[2\]$_DFFE_PP_/D
      86* |       0 |      33 |       22 |      2 |    19 |    +0.2% |   -0.078 |     -261.8 |       -0.1 |    997 | riscv.dp.rf.rf\[22\]\[2\]$_DFFE_PP_/D
      87* |       0 |      33 |       22 |      2 |    19 |    +0.2% |   -0.078 |     -261.8 |       -0.1 |    997 | riscv.dp.rf.rf\[22\]\[2\]$_DFFE_PP_/D
      88* |       0 |      33 |       22 |      2 |    19 |    +0.2% |   -0.078 |     -261.8 |       -0.1 |    997 | riscv.dp.rf.rf\[22\]\[2\]$_DFFE_PP_/D
      89* |       0 |      33 |       22 |      2 |    19 |    +0.2% |   -0.078 |     -261.8 |       -0.1 |    997 | riscv.dp.rf.rf\[22\]\[2\]$_DFFE_PP_/D
      90* |       0 |      33 |       22 |      2 |    19 |    +0.2% |   -0.078 |     -261.8 |       -0.1 |    997 | riscv.dp.rf.rf\[22\]\[2\]$_DFFE_PP_/D
      90* |       0 |      33 |       22 |      2 |    19 |    +0.2% |   -0.078 |     -261.8 |       -0.1 |    997 | riscv.dp.rf.rf\[22\]\[2\]$_DFFE_PP_/D
      91* |       0 |      33 |       22 |      2 |    19 |    +0.2% |   -0.078 |     -261.8 |       -0.1 |    997 | riscv.dp.rf.rf\[22\]\[2\]$_DFFE_PP_/D
      92* |       0 |      33 |       22 |      2 |    19 |    +0.2% |   -0.078 |     -261.8 |       -0.1 |    997 | riscv.dp.rf.rf\[22\]\[2\]$_DFFE_PP_/D
      93* |       0 |      33 |       22 |      2 |    19 |    +0.2% |   -0.078 |     -261.8 |       -0.1 |    997 | riscv.dp.rf.rf\[22\]\[2\]$_DFFE_PP_/D
      94* |       0 |      33 |       22 |      2 |    19 |    +0.2% |   -0.078 |     -261.8 |       -0.1 |    997 | riscv.dp.rf.rf\[22\]\[2\]$_DFFE_PP_/D
      95* |       0 |      33 |       22 |      2 |    19 |    +0.2% |   -0.078 |     -261.8 |       -0.1 |    997 | riscv.dp.rf.rf\[22\]\[2\]$_DFFE_PP_/D
      96* |       0 |      33 |       22 |      2 |    19 |    +0.2% |   -0.078 |     -261.8 |       -0.1 |    997 | riscv.dp.rf.rf\[22\]\[2\]$_DFFE_PP_/D
      97* |       0 |      33 |       22 |      2 |    19 |    +0.2% |   -0.078 |     -261.8 |       -0.1 |    997 | riscv.dp.rf.rf\[22\]\[2\]$_DFFE_PP_/D
      98* |       0 |      33 |       22 |      2 |    19 |    +0.2% |   -0.078 |     -261.8 |       -0.1 |    997 | riscv.dp.rf.rf\[22\]\[2\]$_DFFE_PP_/D
      99* |       0 |      33 |       22 |      2 |    19 |    +0.2% |   -0.078 |     -261.8 |       -0.1 |    997 | riscv.dp.rf.rf\[22\]\[2\]$_DFFE_PP_/D
     100* |       0 |      33 |       22 |      2 |    19 |    +0.2% |   -0.078 |     -261.8 |       -0.1 |    997 | riscv.dp.rf.rf\[22\]\[2\]$_DFFE_PP_/D
     100* |       0 |      33 |       22 |      2 |    19 |    +0.2% |   -0.078 |     -261.8 |       -0.1 |    997 | riscv.dp.rf.rf\[22\]\[2\]$_DFFE_PP_/D
     101* |       0 |      33 |       22 |      2 |    19 |    +0.2% |   -0.078 |     -261.8 |       -0.1 |    997 | riscv.dp.rf.rf\[22\]\[2\]$_DFFE_PP_/D
     102* |       0 |      33 |       22 |      2 |    19 |    +0.2% |   -0.078 |     -261.8 |       -0.1 |    997 | riscv.dp.rf.rf\[22\]\[2\]$_DFFE_PP_/D
     103* |       0 |      33 |       22 |      2 |    19 |    +0.2% |   -0.078 |     -261.8 |       -0.1 |    997 | riscv.dp.rf.rf\[22\]\[2\]$_DFFE_PP_/D
     104* |       0 |      33 |       22 |      2 |    19 |    +0.2% |   -0.078 |     -261.8 |       -0.1 |    997 | riscv.dp.rf.rf\[22\]\[2\]$_DFFE_PP_/D
     105* |       0 |      33 |       22 |      2 |    19 |    +0.2% |   -0.078 |     -261.8 |       -0.1 |    997 | riscv.dp.rf.rf\[22\]\[2\]$_DFFE_PP_/D
     106* |       0 |      33 |       22 |      2 |    19 |    +0.2% |   -0.078 |     -261.8 |       -0.1 |    997 | riscv.dp.rf.rf\[22\]\[2\]$_DFFE_PP_/D
     107* |       0 |      33 |       22 |      2 |    19 |    +0.2% |   -0.078 |     -261.8 |       -0.1 |    997 | riscv.dp.rf.rf\[22\]\[2\]$_DFFE_PP_/D
     108* |       0 |      33 |       22 |      2 |    19 |    +0.2% |   -0.078 |     -261.8 |       -0.1 |    997 | riscv.dp.rf.rf\[22\]\[2\]$_DFFE_PP_/D
     109* |       0 |      33 |       22 |      2 |    19 |    +0.2% |   -0.078 |     -261.8 |       -0.1 |    997 | riscv.dp.rf.rf\[22\]\[2\]$_DFFE_PP_/D
     110* |       0 |      33 |       22 |      2 |    19 |    +0.2% |   -0.078 |     -261.8 |       -0.1 |    997 | riscv.dp.rf.rf\[22\]\[2\]$_DFFE_PP_/D
     110* |       0 |      33 |       22 |      2 |    19 |    +0.2% |   -0.078 |     -261.8 |       -0.1 |    997 | riscv.dp.rf.rf\[22\]\[2\]$_DFFE_PP_/D
     111* |       0 |      33 |       22 |      2 |    19 |    +0.2% |   -0.078 |     -261.8 |       -0.1 |    997 | riscv.dp.rf.rf\[22\]\[2\]$_DFFE_PP_/D
     112* |       0 |      33 |       22 |      2 |    19 |    +0.2% |   -0.078 |     -261.8 |       -0.1 |    997 | riscv.dp.rf.rf\[22\]\[2\]$_DFFE_PP_/D
     113* |       0 |      33 |       22 |      2 |    19 |    +0.2% |   -0.078 |     -261.8 |       -0.1 |    997 | riscv.dp.rf.rf\[22\]\[2\]$_DFFE_PP_/D
     114* |       0 |      33 |       22 |      2 |    19 |    +0.2% |   -0.078 |     -261.8 |       -0.1 |    997 | riscv.dp.rf.rf\[22\]\[2\]$_DFFE_PP_/D
     115* |       0 |      33 |       22 |      2 |    19 |    +0.2% |   -0.078 |     -261.8 |       -0.1 |    997 | riscv.dp.rf.rf\[22\]\[2\]$_DFFE_PP_/D
     116* |       0 |      33 |       22 |      2 |    19 |    +0.2% |   -0.078 |     -261.8 |       -0.1 |    997 | riscv.dp.rf.rf\[22\]\[2\]$_DFFE_PP_/D
     117* |       0 |      33 |       22 |      2 |    19 |    +0.2% |   -0.078 |     -261.8 |       -0.1 |    997 | riscv.dp.rf.rf\[22\]\[2\]$_DFFE_PP_/D
     118* |       0 |      33 |       22 |      2 |    19 |    +0.2% |   -0.078 |     -261.8 |       -0.1 |    997 | riscv.dp.rf.rf\[22\]\[2\]$_DFFE_PP_/D
     119* |       0 |      33 |       22 |      2 |    19 |    +0.2% |   -0.078 |     -261.8 |       -0.1 |    997 | riscv.dp.rf.rf\[22\]\[2\]$_DFFE_PP_/D
     120* |       0 |      33 |       22 |      2 |    19 |    +0.2% |   -0.078 |     -261.8 |       -0.1 |    997 | riscv.dp.rf.rf\[22\]\[2\]$_DFFE_PP_/D
     120* |       0 |      33 |       22 |      2 |    19 |    +0.2% |   -0.078 |     -261.8 |       -0.1 |    997 | riscv.dp.rf.rf\[22\]\[2\]$_DFFE_PP_/D
     121* |       0 |      33 |       22 |      2 |    19 |    +0.2% |   -0.078 |     -261.8 |       -0.1 |    997 | riscv.dp.rf.rf\[22\]\[2\]$_DFFE_PP_/D
     122* |       0 |      33 |       22 |      2 |    19 |    +0.2% |   -0.078 |     -261.8 |       -0.1 |    997 | riscv.dp.rf.rf\[22\]\[2\]$_DFFE_PP_/D
     123* |       0 |      33 |       22 |      2 |    19 |    +0.2% |   -0.078 |     -261.8 |       -0.1 |    997 | riscv.dp.rf.rf\[22\]\[2\]$_DFFE_PP_/D
     124* |       0 |      33 |       22 |      2 |    19 |    +0.2% |   -0.078 |     -261.8 |       -0.1 |    997 | riscv.dp.rf.rf\[22\]\[2\]$_DFFE_PP_/D
     125* |       0 |      33 |       22 |      2 |    19 |    +0.2% |   -0.078 |     -261.8 |       -0.1 |    997 | riscv.dp.rf.rf\[22\]\[2\]$_DFFE_PP_/D
     126* |       0 |      33 |       22 |      2 |    19 |    +0.2% |   -0.078 |     -261.8 |       -0.1 |    997 | riscv.dp.rf.rf\[22\]\[2\]$_DFFE_PP_/D
     127* |       0 |      33 |       22 |      2 |    19 |    +0.2% |   -0.078 |     -261.8 |       -0.1 |    997 | riscv.dp.rf.rf\[22\]\[2\]$_DFFE_PP_/D
     128* |       0 |      33 |       22 |      2 |    19 |    +0.2% |   -0.078 |     -261.8 |       -0.1 |    997 | riscv.dp.rf.rf\[22\]\[2\]$_DFFE_PP_/D
     129* |       0 |      33 |       22 |      2 |    19 |    +0.2% |   -0.078 |     -261.8 |       -0.1 |    997 | riscv.dp.rf.rf\[22\]\[2\]$_DFFE_PP_/D
     130* |       0 |      33 |       22 |      2 |    19 |    +0.2% |   -0.078 |     -261.8 |       -0.1 |    997 | riscv.dp.rf.rf\[22\]\[2\]$_DFFE_PP_/D
     130* |       0 |      33 |       22 |      2 |    19 |    +0.2% |   -0.078 |     -261.8 |       -0.1 |    997 | riscv.dp.rf.rf\[22\]\[2\]$_DFFE_PP_/D
     131* |       0 |      33 |       22 |      2 |    19 |    +0.2% |   -0.078 |     -261.8 |       -0.1 |    997 | riscv.dp.rf.rf\[22\]\[2\]$_DFFE_PP_/D
     132* |       0 |      33 |       22 |      2 |    19 |    +0.2% |   -0.078 |     -261.8 |       -0.1 |    997 | riscv.dp.rf.rf\[22\]\[2\]$_DFFE_PP_/D
     133* |       0 |      33 |       22 |      2 |    19 |    +0.2% |   -0.078 |     -261.8 |       -0.1 |    997 | riscv.dp.rf.rf\[22\]\[2\]$_DFFE_PP_/D
     134* |       0 |      33 |       22 |      2 |    19 |    +0.2% |   -0.078 |     -261.8 |       -0.1 |    997 | riscv.dp.rf.rf\[22\]\[2\]$_DFFE_PP_/D
     135* |       0 |      33 |       22 |      2 |    19 |    +0.2% |   -0.078 |     -261.8 |       -0.1 |    997 | riscv.dp.rf.rf\[22\]\[2\]$_DFFE_PP_/D
     136* |       0 |      33 |       22 |      2 |    19 |    +0.2% |   -0.078 |     -261.8 |       -0.1 |    997 | riscv.dp.rf.rf\[22\]\[2\]$_DFFE_PP_/D
     137* |       0 |      33 |       22 |      2 |    19 |    +0.2% |   -0.078 |     -261.8 |       -0.1 |    997 | riscv.dp.rf.rf\[22\]\[2\]$_DFFE_PP_/D
     138* |       0 |      33 |       22 |      2 |    19 |    +0.2% |   -0.078 |     -261.8 |       -0.1 |    997 | riscv.dp.rf.rf\[22\]\[2\]$_DFFE_PP_/D
     139* |       0 |      33 |       22 |      2 |    19 |    +0.2% |   -0.078 |     -261.8 |       -0.1 |    997 | riscv.dp.rf.rf\[22\]\[2\]$_DFFE_PP_/D
     140* |       0 |      33 |       22 |      2 |    19 |    +0.2% |   -0.078 |     -261.8 |       -0.1 |    997 | riscv.dp.rf.rf\[22\]\[2\]$_DFFE_PP_/D
     140* |       0 |      33 |       22 |      2 |    19 |    +0.2% |   -0.078 |     -261.8 |       -0.1 |    997 | riscv.dp.rf.rf\[22\]\[2\]$_DFFE_PP_/D
     141* |       0 |      33 |       22 |      2 |    19 |    +0.2% |   -0.078 |     -261.8 |       -0.1 |    997 | riscv.dp.rf.rf\[22\]\[2\]$_DFFE_PP_/D
     142* |       0 |      33 |       22 |      2 |    19 |    +0.2% |   -0.078 |     -261.8 |       -0.1 |    997 | riscv.dp.rf.rf\[22\]\[2\]$_DFFE_PP_/D
     143* |       0 |      33 |       22 |      2 |    19 |    +0.2% |   -0.078 |     -261.8 |       -0.1 |    997 | riscv.dp.rf.rf\[22\]\[2\]$_DFFE_PP_/D
     144* |       0 |      33 |       22 |      2 |    19 |    +0.2% |   -0.078 |     -261.8 |       -0.1 |    997 | riscv.dp.rf.rf\[22\]\[2\]$_DFFE_PP_/D
     145* |       0 |      33 |       22 |      2 |    19 |    +0.2% |   -0.078 |     -261.8 |       -0.1 |    997 | riscv.dp.rf.rf\[22\]\[2\]$_DFFE_PP_/D
     146* |       0 |      33 |       22 |      2 |    19 |    +0.2% |   -0.078 |     -261.8 |       -0.1 |    997 | riscv.dp.rf.rf\[22\]\[2\]$_DFFE_PP_/D
     147* |       0 |      33 |       22 |      2 |    19 |    +0.2% |   -0.078 |     -261.8 |       -0.1 |    997 | riscv.dp.rf.rf\[22\]\[2\]$_DFFE_PP_/D
     148* |       0 |      33 |       22 |      2 |    19 |    +0.2% |   -0.078 |     -261.8 |       -0.1 |    997 | riscv.dp.rf.rf\[22\]\[2\]$_DFFE_PP_/D
     149* |       0 |      33 |       22 |      2 |    19 |    +0.2% |   -0.078 |     -261.8 |       -0.1 |    997 | riscv.dp.rf.rf\[22\]\[2\]$_DFFE_PP_/D
     150* |       0 |      33 |       22 |      2 |    19 |    +0.2% |   -0.078 |     -261.8 |       -0.1 |    997 | riscv.dp.rf.rf\[22\]\[2\]$_DFFE_PP_/D
     150* |       0 |      33 |       22 |      2 |    19 |    +0.2% |   -0.078 |     -261.8 |       -0.1 |    997 | riscv.dp.rf.rf\[22\]\[2\]$_DFFE_PP_/D
     151* |       0 |      33 |       22 |      2 |    19 |    +0.2% |   -0.078 |     -261.8 |       -0.1 |    997 | riscv.dp.rf.rf\[22\]\[2\]$_DFFE_PP_/D
     152* |       0 |      33 |       22 |      2 |    19 |    +0.2% |   -0.078 |     -261.8 |       -0.1 |    997 | riscv.dp.rf.rf\[22\]\[2\]$_DFFE_PP_/D
     153* |       0 |      33 |       22 |      2 |    19 |    +0.2% |   -0.078 |     -261.8 |       -0.1 |    997 | riscv.dp.rf.rf\[22\]\[2\]$_DFFE_PP_/D
     154* |       0 |      33 |       22 |      2 |    19 |    +0.2% |   -0.078 |     -261.8 |       -0.1 |    997 | riscv.dp.rf.rf\[22\]\[2\]$_DFFE_PP_/D
     155* |       0 |      33 |       22 |      2 |    19 |    +0.2% |   -0.078 |     -261.8 |       -0.1 |    997 | riscv.dp.rf.rf\[22\]\[2\]$_DFFE_PP_/D
     156* |       0 |      33 |       22 |      2 |    19 |    +0.2% |   -0.078 |     -261.8 |       -0.1 |    997 | riscv.dp.rf.rf\[22\]\[2\]$_DFFE_PP_/D
     157* |       0 |      33 |       22 |      2 |    19 |    +0.2% |   -0.078 |     -261.8 |       -0.1 |    997 | riscv.dp.rf.rf\[22\]\[2\]$_DFFE_PP_/D
     158* |       0 |      33 |       22 |      2 |    19 |    +0.2% |   -0.078 |     -261.8 |       -0.1 |    997 | riscv.dp.rf.rf\[22\]\[2\]$_DFFE_PP_/D
     159* |       0 |      33 |       22 |      2 |    19 |    +0.2% |   -0.078 |     -261.8 |       -0.1 |    997 | riscv.dp.rf.rf\[22\]\[2\]$_DFFE_PP_/D
     160* |       0 |      33 |       22 |      2 |    19 |    +0.2% |   -0.078 |     -261.8 |       -0.1 |    997 | riscv.dp.rf.rf\[22\]\[2\]$_DFFE_PP_/D
     160* |       0 |      33 |       22 |      2 |    19 |    +0.2% |   -0.078 |     -261.8 |       -0.1 |    997 | riscv.dp.rf.rf\[22\]\[2\]$_DFFE_PP_/D
     161* |       0 |      33 |       22 |      2 |    19 |    +0.2% |   -0.078 |     -261.8 |       -0.1 |    997 | riscv.dp.rf.rf\[22\]\[2\]$_DFFE_PP_/D
     162* |       0 |      33 |       22 |      2 |    19 |    +0.2% |   -0.078 |     -261.8 |       -0.1 |    997 | riscv.dp.rf.rf\[22\]\[2\]$_DFFE_PP_/D
     163* |       0 |      33 |       22 |      2 |    19 |    +0.2% |   -0.078 |     -261.8 |       -0.1 |    997 | riscv.dp.rf.rf\[22\]\[2\]$_DFFE_PP_/D
     164* |       0 |      33 |       22 |      2 |    19 |    +0.2% |   -0.078 |     -261.8 |       -0.1 |    997 | riscv.dp.rf.rf\[22\]\[2\]$_DFFE_PP_/D
     165* |       0 |      33 |       22 |      2 |    19 |    +0.2% |   -0.078 |     -261.8 |       -0.1 |    997 | riscv.dp.rf.rf\[22\]\[2\]$_DFFE_PP_/D
     166* |       0 |      33 |       22 |      2 |    19 |    +0.2% |   -0.078 |     -261.8 |       -0.1 |    997 | riscv.dp.rf.rf\[22\]\[2\]$_DFFE_PP_/D
     168* |       0 |      34 |       22 |      2 |    19 |    +0.2% |    1.242 |     -261.7 |        0.0 |    997 | riscv.dp.rf.rf\[24\]\[31\]$_DFFE_PP_/D
     169* |       0 |      34 |       22 |      2 |    19 |    +0.2% |    1.242 |     -261.7 |        0.0 |    997 | riscv.dp.rf.rf\[24\]\[31\]$_DFFE_PP_/D
     170* |       0 |      34 |       22 |      2 |    19 |    +0.2% |    1.242 |     -261.7 |        0.0 |    997 | riscv.dp.rf.rf\[24\]\[31\]$_DFFE_PP_/D
     170* |       0 |      34 |       22 |      2 |    19 |    +0.2% |    1.242 |     -261.7 |        0.0 |    997 | riscv.dp.rf.rf\[24\]\[31\]$_DFFE_PP_/D
     171* |       0 |      34 |       22 |      2 |    19 |    +0.2% |    1.242 |     -261.7 |        0.0 |    997 | riscv.dp.rf.rf\[24\]\[31\]$_DFFE_PP_/D
     172* |       0 |      34 |       22 |      2 |    19 |    +0.2% |    1.242 |     -261.7 |        0.0 |    997 | riscv.dp.rf.rf\[24\]\[31\]$_DFFE_PP_/D
     173* |       0 |      34 |       22 |      2 |    19 |    +0.2% |    1.242 |     -261.7 |        0.0 |    997 | riscv.dp.rf.rf\[24\]\[31\]$_DFFE_PP_/D
     174* |       0 |      34 |       22 |      2 |    19 |    +0.2% |    1.242 |     -261.7 |        0.0 |    997 | riscv.dp.rf.rf\[24\]\[31\]$_DFFE_PP_/D
     175* |       0 |      34 |       22 |      2 |    19 |    +0.2% |    1.242 |     -261.7 |        0.0 |    997 | riscv.dp.rf.rf\[24\]\[31\]$_DFFE_PP_/D
     176* |       0 |      34 |       22 |      2 |    19 |    +0.2% |    1.242 |     -261.7 |        0.0 |    997 | riscv.dp.rf.rf\[24\]\[31\]$_DFFE_PP_/D
     177* |       0 |      34 |       22 |      2 |    19 |    +0.2% |    1.242 |     -261.7 |        0.0 |    997 | riscv.dp.rf.rf\[24\]\[31\]$_DFFE_PP_/D
     178* |       0 |      34 |       22 |      2 |    19 |    +0.2% |    1.242 |     -261.7 |        0.0 |    997 | riscv.dp.rf.rf\[24\]\[31\]$_DFFE_PP_/D
     179* |       0 |      34 |       22 |      2 |    19 |    +0.2% |    1.242 |     -261.7 |        0.0 |    997 | riscv.dp.rf.rf\[24\]\[31\]$_DFFE_PP_/D
     180* |       0 |      34 |       22 |      2 |    19 |    +0.2% |    1.242 |     -261.7 |        0.0 |    997 | riscv.dp.rf.rf\[24\]\[31\]$_DFFE_PP_/D
     180* |       0 |      34 |       22 |      2 |    19 |    +0.2% |    1.242 |     -261.7 |        0.0 |    997 | riscv.dp.rf.rf\[24\]\[31\]$_DFFE_PP_/D
     181* |       0 |      34 |       22 |      2 |    19 |    +0.2% |    1.242 |     -261.7 |        0.0 |    997 | riscv.dp.rf.rf\[24\]\[31\]$_DFFE_PP_/D
     182* |       0 |      34 |       22 |      2 |    19 |    +0.2% |    1.242 |     -261.7 |        0.0 |    997 | riscv.dp.rf.rf\[24\]\[31\]$_DFFE_PP_/D
     183* |       0 |      34 |       22 |      2 |    19 |    +0.2% |    1.242 |     -261.7 |        0.0 |    997 | riscv.dp.rf.rf\[24\]\[31\]$_DFFE_PP_/D
     184* |       0 |      34 |       22 |      2 |    19 |    +0.2% |    1.242 |     -261.7 |        0.0 |    997 | riscv.dp.rf.rf\[24\]\[31\]$_DFFE_PP_/D
     185* |       0 |      34 |       22 |      2 |    19 |    +0.2% |    1.242 |     -261.7 |        0.0 |    997 | riscv.dp.rf.rf\[24\]\[31\]$_DFFE_PP_/D
     186* |       0 |      34 |       22 |      2 |    19 |    +0.2% |    1.242 |     -261.7 |        0.0 |    997 | riscv.dp.rf.rf\[24\]\[31\]$_DFFE_PP_/D
     187* |       0 |      34 |       22 |      2 |    19 |    +0.2% |    1.242 |     -261.7 |        0.0 |    997 | riscv.dp.rf.rf\[24\]\[31\]$_DFFE_PP_/D
     188* |       0 |      34 |       22 |      2 |    19 |    +0.2% |    1.242 |     -261.7 |        0.0 |    997 | riscv.dp.rf.rf\[24\]\[31\]$_DFFE_PP_/D
     189* |       0 |      34 |       22 |      2 |    19 |    +0.2% |    1.242 |     -261.7 |        0.0 |    997 | riscv.dp.rf.rf\[24\]\[31\]$_DFFE_PP_/D
     190* |       0 |      34 |       22 |      2 |    19 |    +0.2% |    1.242 |     -261.7 |        0.0 |    997 | riscv.dp.rf.rf\[24\]\[31\]$_DFFE_PP_/D
     190* |       0 |      34 |       22 |      2 |    19 |    +0.2% |    1.242 |     -261.7 |        0.0 |    997 | riscv.dp.rf.rf\[24\]\[31\]$_DFFE_PP_/D
     191* |       0 |      34 |       22 |      2 |    19 |    +0.2% |    1.242 |     -261.7 |        0.0 |    997 | riscv.dp.rf.rf\[24\]\[31\]$_DFFE_PP_/D
     192* |       0 |      34 |       22 |      2 |    19 |    +0.2% |    1.242 |     -261.7 |        0.0 |    997 | riscv.dp.rf.rf\[24\]\[31\]$_DFFE_PP_/D
     193* |       0 |      34 |       22 |      2 |    19 |    +0.2% |    1.242 |     -261.7 |        0.0 |    997 | riscv.dp.rf.rf\[24\]\[31\]$_DFFE_PP_/D
     194* |       0 |      34 |       22 |      2 |    19 |    +0.2% |    1.242 |     -261.7 |        0.0 |    997 | riscv.dp.rf.rf\[24\]\[31\]$_DFFE_PP_/D
     195* |       0 |      34 |       22 |      2 |    19 |    +0.2% |    1.242 |     -261.7 |        0.0 |    997 | riscv.dp.rf.rf\[24\]\[31\]$_DFFE_PP_/D
     196* |       0 |      34 |       22 |      2 |    19 |    +0.2% |    1.242 |     -261.7 |        0.0 |    997 | riscv.dp.rf.rf\[24\]\[31\]$_DFFE_PP_/D
     197* |       0 |      34 |       22 |      2 |    19 |    +0.2% |    1.242 |     -261.7 |        0.0 |    997 | riscv.dp.rf.rf\[24\]\[31\]$_DFFE_PP_/D
     198* |       0 |      34 |       22 |      2 |    19 |    +0.2% |    1.242 |     -261.7 |        0.0 |    997 | riscv.dp.rf.rf\[24\]\[31\]$_DFFE_PP_/D
     199* |       0 |      34 |       22 |      2 |    19 |    +0.2% |    1.242 |     -261.7 |        0.0 |    997 | riscv.dp.rf.rf\[24\]\[31\]$_DFFE_PP_/D
     200* |       0 |      34 |       22 |      2 |    19 |    +0.2% |    1.242 |     -261.7 |        0.0 |    997 | riscv.dp.rf.rf\[24\]\[31\]$_DFFE_PP_/D
     200* |       0 |      34 |       22 |      2 |    19 |    +0.2% |    1.242 |     -261.7 |        0.0 |    997 | riscv.dp.rf.rf\[24\]\[31\]$_DFFE_PP_/D
     201* |       0 |      34 |       22 |      2 |    19 |    +0.2% |    1.242 |     -261.7 |        0.0 |    997 | riscv.dp.rf.rf\[24\]\[31\]$_DFFE_PP_/D
     202* |       0 |      34 |       22 |      2 |    19 |    +0.2% |    1.242 |     -261.7 |        0.0 |    997 | riscv.dp.rf.rf\[24\]\[31\]$_DFFE_PP_/D
     203* |       0 |      34 |       22 |      2 |    19 |    +0.2% |    1.242 |     -261.7 |        0.0 |    997 | riscv.dp.rf.rf\[24\]\[31\]$_DFFE_PP_/D
     204* |       0 |      34 |       22 |      2 |    19 |    +0.2% |    1.242 |     -261.7 |        0.0 |    997 | riscv.dp.rf.rf\[24\]\[31\]$_DFFE_PP_/D
     205* |       0 |      34 |       22 |      2 |    19 |    +0.2% |    1.242 |     -261.7 |        0.0 |    997 | riscv.dp.rf.rf\[24\]\[31\]$_DFFE_PP_/D
     206* |       0 |      34 |       22 |      2 |    19 |    +0.2% |    1.242 |     -261.7 |        0.0 |    997 | riscv.dp.rf.rf\[24\]\[31\]$_DFFE_PP_/D
     207* |       0 |      34 |       22 |      2 |    19 |    +0.2% |    1.242 |     -261.7 |        0.0 |    997 | riscv.dp.rf.rf\[24\]\[31\]$_DFFE_PP_/D
     208* |       0 |      34 |       22 |      2 |    19 |    +0.2% |    1.242 |     -261.7 |        0.0 |    997 | riscv.dp.rf.rf\[24\]\[31\]$_DFFE_PP_/D
     209* |       0 |      34 |       22 |      2 |    19 |    +0.2% |    1.242 |     -261.7 |        0.0 |    997 | riscv.dp.rf.rf\[24\]\[31\]$_DFFE_PP_/D
     210* |       0 |      34 |       22 |      2 |    19 |    +0.2% |    1.242 |     -261.7 |        0.0 |    997 | riscv.dp.rf.rf\[24\]\[31\]$_DFFE_PP_/D
     210* |       0 |      34 |       22 |      2 |    19 |    +0.2% |    1.242 |     -261.7 |        0.0 |    997 | riscv.dp.rf.rf\[24\]\[31\]$_DFFE_PP_/D
     211* |       0 |      34 |       22 |      2 |    19 |    +0.2% |    1.242 |     -261.7 |        0.0 |    997 | riscv.dp.rf.rf\[24\]\[31\]$_DFFE_PP_/D
     212* |       0 |      34 |       22 |      2 |    19 |    +0.2% |    1.242 |     -261.7 |        0.0 |    997 | riscv.dp.rf.rf\[24\]\[31\]$_DFFE_PP_/D
     213* |       0 |      34 |       22 |      2 |    19 |    +0.2% |    1.242 |     -261.7 |        0.0 |    997 | riscv.dp.rf.rf\[24\]\[31\]$_DFFE_PP_/D
     214* |       0 |      34 |       22 |      2 |    19 |    +0.2% |    1.242 |     -261.7 |        0.0 |    997 | riscv.dp.rf.rf\[24\]\[31\]$_DFFE_PP_/D
     215* |       0 |      34 |       22 |      2 |    19 |    +0.2% |    1.242 |     -261.7 |        0.0 |    997 | riscv.dp.rf.rf\[24\]\[31\]$_DFFE_PP_/D
     216* |       0 |      34 |       22 |      2 |    19 |    +0.2% |    1.242 |     -261.7 |        0.0 |    997 | riscv.dp.rf.rf\[24\]\[31\]$_DFFE_PP_/D
     217* |       0 |      34 |       22 |      2 |    19 |    +0.2% |    1.242 |     -261.7 |        0.0 |    997 | riscv.dp.rf.rf\[24\]\[31\]$_DFFE_PP_/D
     218* |       0 |      34 |       22 |      2 |    19 |    +0.2% |    1.242 |     -261.7 |        0.0 |    997 | riscv.dp.rf.rf\[24\]\[31\]$_DFFE_PP_/D
     219* |       0 |      34 |       22 |      2 |    19 |    +0.2% |    1.242 |     -261.7 |        0.0 |    997 | riscv.dp.rf.rf\[24\]\[31\]$_DFFE_PP_/D
     220* |       0 |      34 |       22 |      2 |    19 |    +0.2% |    1.242 |     -261.7 |        0.0 |    997 | riscv.dp.rf.rf\[24\]\[31\]$_DFFE_PP_/D
     220* |       0 |      34 |       22 |      2 |    19 |    +0.2% |    1.242 |     -261.7 |        0.0 |    997 | riscv.dp.rf.rf\[24\]\[31\]$_DFFE_PP_/D
     221* |       0 |      34 |       22 |      2 |    19 |    +0.2% |    1.242 |     -261.7 |        0.0 |    997 | riscv.dp.rf.rf\[24\]\[31\]$_DFFE_PP_/D
     222* |       0 |      34 |       22 |      2 |    19 |    +0.2% |    1.242 |     -261.7 |        0.0 |    997 | riscv.dp.rf.rf\[24\]\[31\]$_DFFE_PP_/D
     223* |       0 |      34 |       22 |      2 |    19 |    +0.2% |    1.242 |     -261.7 |        0.0 |    997 | riscv.dp.rf.rf\[24\]\[31\]$_DFFE_PP_/D
     224* |       0 |      34 |       22 |      2 |    19 |    +0.2% |    1.242 |     -261.7 |        0.0 |    997 | riscv.dp.rf.rf\[24\]\[31\]$_DFFE_PP_/D
     225* |       0 |      34 |       22 |      2 |    19 |    +0.2% |    1.242 |     -261.7 |        0.0 |    997 | riscv.dp.rf.rf\[24\]\[31\]$_DFFE_PP_/D
     226* |       0 |      34 |       22 |      2 |    19 |    +0.2% |    1.242 |     -261.7 |        0.0 |    997 | riscv.dp.rf.rf\[24\]\[31\]$_DFFE_PP_/D
     227* |       0 |      34 |       22 |      2 |    19 |    +0.2% |    1.242 |     -261.7 |        0.0 |    997 | riscv.dp.rf.rf\[24\]\[31\]$_DFFE_PP_/D
     228* |       0 |      34 |       22 |      2 |    19 |    +0.2% |    1.242 |     -261.7 |        0.0 |    997 | riscv.dp.rf.rf\[24\]\[31\]$_DFFE_PP_/D
     229* |       0 |      34 |       22 |      2 |    19 |    +0.2% |    1.242 |     -261.7 |        0.0 |    997 | riscv.dp.rf.rf\[24\]\[31\]$_DFFE_PP_/D
     230* |       0 |      34 |       22 |      2 |    19 |    +0.2% |    1.242 |     -261.7 |        0.0 |    997 | riscv.dp.rf.rf\[24\]\[31\]$_DFFE_PP_/D
     230* |       0 |      34 |       22 |      2 |    19 |    +0.2% |    1.242 |     -261.7 |        0.0 |    997 | riscv.dp.rf.rf\[24\]\[31\]$_DFFE_PP_/D
     231* |       0 |      34 |       22 |      2 |    19 |    +0.2% |    1.242 |     -261.7 |        0.0 |    997 | riscv.dp.rf.rf\[24\]\[31\]$_DFFE_PP_/D
     232* |       0 |      34 |       22 |      2 |    19 |    +0.2% |    1.242 |     -261.7 |        0.0 |    997 | riscv.dp.rf.rf\[24\]\[31\]$_DFFE_PP_/D
     233* |       0 |      34 |       22 |      2 |    19 |    +0.2% |    1.242 |     -261.7 |        0.0 |    997 | riscv.dp.rf.rf\[24\]\[31\]$_DFFE_PP_/D
     234* |       0 |      34 |       22 |      2 |    19 |    +0.2% |    1.242 |     -261.7 |        0.0 |    997 | riscv.dp.rf.rf\[24\]\[31\]$_DFFE_PP_/D
     235* |       0 |      34 |       22 |      2 |    19 |    +0.2% |    1.242 |     -261.7 |        0.0 |    997 | riscv.dp.rf.rf\[24\]\[31\]$_DFFE_PP_/D
     236* |       0 |      34 |       22 |      2 |    19 |    +0.2% |    1.242 |     -261.7 |        0.0 |    997 | riscv.dp.rf.rf\[24\]\[31\]$_DFFE_PP_/D
     237* |       0 |      34 |       22 |      2 |    19 |    +0.2% |    1.242 |     -261.7 |        0.0 |    997 | riscv.dp.rf.rf\[24\]\[31\]$_DFFE_PP_/D
     238* |       0 |      34 |       22 |      2 |    19 |    +0.2% |    1.242 |     -261.7 |        0.0 |    997 | riscv.dp.rf.rf\[24\]\[31\]$_DFFE_PP_/D
     239* |       0 |      34 |       22 |      2 |    19 |    +0.2% |    1.242 |     -261.7 |        0.0 |    997 | riscv.dp.rf.rf\[24\]\[31\]$_DFFE_PP_/D
     240* |       0 |      34 |       22 |      2 |    19 |    +0.2% |    1.242 |     -261.7 |        0.0 |    997 | riscv.dp.rf.rf\[24\]\[31\]$_DFFE_PP_/D
     240* |       0 |      34 |       22 |      2 |    19 |    +0.2% |    1.242 |     -261.7 |        0.0 |    997 | riscv.dp.rf.rf\[24\]\[31\]$_DFFE_PP_/D
     241* |       0 |      34 |       22 |      2 |    19 |    +0.2% |    1.242 |     -261.7 |        0.0 |    997 | riscv.dp.rf.rf\[24\]\[31\]$_DFFE_PP_/D
     242* |       0 |      34 |       22 |      2 |    19 |    +0.2% |    1.242 |     -261.7 |        0.0 |    997 | riscv.dp.rf.rf\[24\]\[31\]$_DFFE_PP_/D
     243* |       0 |      34 |       22 |      2 |    19 |    +0.2% |    1.242 |     -261.7 |        0.0 |    997 | riscv.dp.rf.rf\[24\]\[31\]$_DFFE_PP_/D
     244* |       0 |      34 |       22 |      2 |    19 |    +0.2% |    1.242 |     -261.7 |        0.0 |    997 | riscv.dp.rf.rf\[24\]\[31\]$_DFFE_PP_/D
     245* |       0 |      34 |       22 |      2 |    19 |    +0.2% |    1.242 |     -261.7 |        0.0 |    997 | riscv.dp.rf.rf\[24\]\[31\]$_DFFE_PP_/D
     246* |       0 |      34 |       22 |      2 |    19 |    +0.2% |    1.242 |     -261.7 |        0.0 |    997 | riscv.dp.rf.rf\[24\]\[31\]$_DFFE_PP_/D
     247* |       0 |      34 |       22 |      2 |    19 |    +0.2% |    1.242 |     -261.7 |        0.0 |    997 | riscv.dp.rf.rf\[24\]\[31\]$_DFFE_PP_/D
     248* |       0 |      34 |       22 |      2 |    19 |    +0.2% |    1.242 |     -261.7 |        0.0 |    997 | riscv.dp.rf.rf\[24\]\[31\]$_DFFE_PP_/D
     249* |       0 |      34 |       22 |      2 |    19 |    +0.2% |    1.242 |     -261.7 |        0.0 |    997 | riscv.dp.rf.rf\[24\]\[31\]$_DFFE_PP_/D
     250* |       0 |      34 |       22 |      2 |    19 |    +0.2% |    1.242 |     -261.7 |        0.0 |    997 | riscv.dp.rf.rf\[24\]\[31\]$_DFFE_PP_/D
     250* |       0 |      34 |       22 |      2 |    19 |    +0.2% |    1.242 |     -261.7 |        0.0 |    997 | riscv.dp.rf.rf\[24\]\[31\]$_DFFE_PP_/D
     251* |       0 |      34 |       22 |      2 |    19 |    +0.2% |    1.242 |     -261.7 |        0.0 |    997 | riscv.dp.rf.rf\[24\]\[31\]$_DFFE_PP_/D
     252* |       0 |      34 |       22 |      2 |    19 |    +0.2% |    1.242 |     -261.7 |        0.0 |    997 | riscv.dp.rf.rf\[24\]\[31\]$_DFFE_PP_/D
     253* |       0 |      34 |       22 |      2 |    19 |    +0.2% |    1.242 |     -261.7 |        0.0 |    997 | riscv.dp.rf.rf\[24\]\[31\]$_DFFE_PP_/D
     254* |       0 |      34 |       22 |      2 |    19 |    +0.2% |    1.242 |     -261.7 |        0.0 |    997 | riscv.dp.rf.rf\[24\]\[31\]$_DFFE_PP_/D
     255* |       0 |      34 |       22 |      2 |    19 |    +0.2% |    1.242 |     -261.7 |        0.0 |    997 | riscv.dp.rf.rf\[24\]\[31\]$_DFFE_PP_/D
     256* |       0 |      34 |       22 |      2 |    19 |    +0.2% |    1.242 |     -261.7 |        0.0 |    997 | riscv.dp.rf.rf\[24\]\[31\]$_DFFE_PP_/D
     257* |       0 |      34 |       22 |      2 |    19 |    +0.2% |    1.242 |     -261.7 |        0.0 |    997 | riscv.dp.rf.rf\[24\]\[31\]$_DFFE_PP_/D
     258* |       0 |      34 |       22 |      2 |    19 |    +0.2% |    1.242 |     -261.7 |        0.0 |    997 | riscv.dp.rf.rf\[24\]\[31\]$_DFFE_PP_/D
     259* |       0 |      34 |       22 |      2 |    19 |    +0.2% |    1.242 |     -261.7 |        0.0 |    997 | riscv.dp.rf.rf\[24\]\[31\]$_DFFE_PP_/D
     260* |       0 |      34 |       22 |      2 |    19 |    +0.2% |    1.242 |     -261.7 |        0.0 |    997 | riscv.dp.rf.rf\[24\]\[31\]$_DFFE_PP_/D
     260* |       0 |      34 |       22 |      2 |    19 |    +0.2% |    1.242 |     -261.7 |        0.0 |    997 | riscv.dp.rf.rf\[24\]\[31\]$_DFFE_PP_/D
     261* |       0 |      34 |       22 |      2 |    19 |    +0.2% |    1.242 |     -261.7 |        0.0 |    997 | riscv.dp.rf.rf\[24\]\[31\]$_DFFE_PP_/D
     262* |       0 |      34 |       22 |      2 |    19 |    +0.2% |    1.242 |     -261.7 |        0.0 |    997 | riscv.dp.rf.rf\[24\]\[31\]$_DFFE_PP_/D
     263* |       0 |      34 |       22 |      2 |    19 |    +0.2% |    1.242 |     -261.7 |        0.0 |    997 | riscv.dp.rf.rf\[24\]\[31\]$_DFFE_PP_/D
     264* |       0 |      34 |       22 |      2 |    19 |    +0.2% |    1.242 |     -261.7 |        0.0 |    997 | riscv.dp.rf.rf\[24\]\[31\]$_DFFE_PP_/D
     265* |       0 |      34 |       22 |      2 |    19 |    +0.2% |    1.242 |     -261.7 |        0.0 |    997 | riscv.dp.rf.rf\[24\]\[31\]$_DFFE_PP_/D
     266* |       0 |      34 |       22 |      2 |    19 |    +0.2% |    1.242 |     -261.7 |        0.0 |    997 | riscv.dp.rf.rf\[24\]\[31\]$_DFFE_PP_/D
     267* |       0 |      34 |       22 |      2 |    19 |    +0.2% |    1.242 |     -261.7 |        0.0 |    997 | riscv.dp.rf.rf\[24\]\[31\]$_DFFE_PP_/D
     268* |       0 |      34 |       22 |      2 |    19 |    +0.2% |    1.242 |     -261.7 |        0.0 |    997 | riscv.dp.rf.rf\[24\]\[31\]$_DFFE_PP_/D
     269* |       0 |      34 |       22 |      2 |    19 |    +0.2% |    1.242 |     -261.7 |        0.0 |    997 | riscv.dp.rf.rf\[24\]\[31\]$_DFFE_PP_/D
     270* |       0 |      34 |       22 |      2 |    19 |    +0.2% |    1.242 |     -261.7 |        0.0 |    997 | riscv.dp.rf.rf\[24\]\[31\]$_DFFE_PP_/D
     270* |       0 |      34 |       22 |      2 |    19 |    +0.2% |    1.242 |     -261.7 |        0.0 |    997 | riscv.dp.rf.rf\[24\]\[31\]$_DFFE_PP_/D
     271* |       0 |      34 |       22 |      2 |    19 |    +0.2% |    1.242 |     -261.7 |        0.0 |    997 | riscv.dp.rf.rf\[24\]\[31\]$_DFFE_PP_/D
     272* |       0 |      34 |       22 |      2 |    19 |    +0.2% |    1.242 |     -261.7 |        0.0 |    997 | riscv.dp.rf.rf\[24\]\[31\]$_DFFE_PP_/D
     273* |       0 |      34 |       22 |      2 |    19 |    +0.2% |    1.242 |     -261.7 |        0.0 |    997 | riscv.dp.rf.rf\[24\]\[31\]$_DFFE_PP_/D
     274* |       0 |      34 |       22 |      2 |    19 |    +0.2% |    1.242 |     -261.7 |        0.0 |    997 | riscv.dp.rf.rf\[24\]\[31\]$_DFFE_PP_/D
     275* |       0 |      34 |       22 |      2 |    19 |    +0.2% |    1.242 |     -261.7 |        0.0 |    997 | riscv.dp.rf.rf\[24\]\[31\]$_DFFE_PP_/D
     276* |       0 |      34 |       22 |      2 |    19 |    +0.2% |    1.242 |     -261.7 |        0.0 |    997 | riscv.dp.rf.rf\[24\]\[31\]$_DFFE_PP_/D
     277* |       0 |      34 |       22 |      2 |    19 |    +0.2% |    1.242 |     -261.7 |        0.0 |    997 | riscv.dp.rf.rf\[24\]\[31\]$_DFFE_PP_/D
     278* |       0 |      34 |       22 |      2 |    19 |    +0.2% |    1.242 |     -261.7 |        0.0 |    997 | riscv.dp.rf.rf\[24\]\[31\]$_DFFE_PP_/D
     279* |       0 |      34 |       22 |      2 |    19 |    +0.2% |    1.242 |     -261.7 |        0.0 |    997 | riscv.dp.rf.rf\[24\]\[31\]$_DFFE_PP_/D
     280* |       0 |      34 |       22 |      2 |    19 |    +0.2% |    1.242 |     -261.7 |        0.0 |    997 | riscv.dp.rf.rf\[24\]\[31\]$_DFFE_PP_/D
     280* |       0 |      34 |       22 |      2 |    19 |    +0.2% |    1.242 |     -261.7 |        0.0 |    997 | riscv.dp.rf.rf\[24\]\[31\]$_DFFE_PP_/D
     281* |       0 |      34 |       22 |      2 |    19 |    +0.2% |    1.242 |     -261.7 |        0.0 |    997 | riscv.dp.rf.rf\[24\]\[31\]$_DFFE_PP_/D
     282* |       0 |      34 |       22 |      2 |    19 |    +0.2% |    1.242 |     -261.7 |        0.0 |    997 | riscv.dp.rf.rf\[24\]\[31\]$_DFFE_PP_/D
     283* |       0 |      34 |       22 |      2 |    19 |    +0.2% |    1.242 |     -261.7 |        0.0 |    997 | riscv.dp.rf.rf\[24\]\[31\]$_DFFE_PP_/D
     284* |       0 |      34 |       22 |      2 |    19 |    +0.2% |    1.242 |     -261.7 |        0.0 |    997 | riscv.dp.rf.rf\[24\]\[31\]$_DFFE_PP_/D
     285* |       0 |      34 |       22 |      2 |    19 |    +0.2% |    1.242 |     -261.7 |        0.0 |    997 | riscv.dp.rf.rf\[24\]\[31\]$_DFFE_PP_/D
     286* |       0 |      34 |       22 |      2 |    19 |    +0.2% |    1.242 |     -261.7 |        0.0 |    997 | riscv.dp.rf.rf\[24\]\[31\]$_DFFE_PP_/D
     287* |       0 |      34 |       22 |      2 |    19 |    +0.2% |    1.242 |     -261.7 |        0.0 |    997 | riscv.dp.rf.rf\[24\]\[31\]$_DFFE_PP_/D
     288* |       0 |      34 |       22 |      2 |    19 |    +0.2% |    1.242 |     -261.7 |        0.0 |    997 | riscv.dp.rf.rf\[24\]\[31\]$_DFFE_PP_/D
     289* |       0 |      34 |       22 |      2 |    19 |    +0.2% |    1.242 |     -261.7 |        0.0 |    997 | riscv.dp.rf.rf\[24\]\[31\]$_DFFE_PP_/D
     290* |       0 |      34 |       22 |      2 |    19 |    +0.2% |    1.242 |     -261.7 |        0.0 |    997 | riscv.dp.rf.rf\[24\]\[31\]$_DFFE_PP_/D
     290* |       0 |      34 |       22 |      2 |    19 |    +0.2% |    1.242 |     -261.7 |        0.0 |    997 | riscv.dp.rf.rf\[24\]\[31\]$_DFFE_PP_/D
     291* |       0 |      34 |       22 |      2 |    19 |    +0.2% |    1.242 |     -261.7 |        0.0 |    997 | riscv.dp.rf.rf\[24\]\[31\]$_DFFE_PP_/D
     292* |       0 |      34 |       22 |      2 |    19 |    +0.2% |    1.242 |     -261.7 |        0.0 |    997 | riscv.dp.rf.rf\[24\]\[31\]$_DFFE_PP_/D
     293* |       0 |      34 |       22 |      2 |    19 |    +0.2% |    1.242 |     -261.7 |        0.0 |    997 | riscv.dp.rf.rf\[24\]\[31\]$_DFFE_PP_/D
     294* |       0 |      34 |       22 |      2 |    19 |    +0.2% |    1.242 |     -261.7 |        0.0 |    997 | riscv.dp.rf.rf\[24\]\[31\]$_DFFE_PP_/D
     295* |       0 |      34 |       22 |      2 |    19 |    +0.2% |    1.242 |     -261.7 |        0.0 |    997 | riscv.dp.rf.rf\[24\]\[31\]$_DFFE_PP_/D
     296* |       0 |      34 |       22 |      2 |    19 |    +0.2% |    1.242 |     -261.7 |        0.0 |    997 | riscv.dp.rf.rf\[24\]\[31\]$_DFFE_PP_/D
     297* |       0 |      34 |       22 |      2 |    19 |    +0.2% |    1.242 |     -261.7 |        0.0 |    997 | riscv.dp.rf.rf\[24\]\[31\]$_DFFE_PP_/D
     298* |       0 |      34 |       22 |      2 |    19 |    +0.2% |    1.242 |     -261.7 |        0.0 |    997 | riscv.dp.rf.rf\[24\]\[31\]$_DFFE_PP_/D
     299* |       0 |      34 |       22 |      2 |    19 |    +0.2% |    1.242 |     -261.7 |        0.0 |    997 | riscv.dp.rf.rf\[24\]\[31\]$_DFFE_PP_/D
     300* |       0 |      34 |       22 |      2 |    19 |    +0.2% |    1.242 |     -261.7 |        0.0 |    997 | riscv.dp.rf.rf\[24\]\[31\]$_DFFE_PP_/D
     300* |       0 |      34 |       22 |      2 |    19 |    +0.2% |    1.242 |     -261.7 |        0.0 |    997 | riscv.dp.rf.rf\[24\]\[31\]$_DFFE_PP_/D
     301* |       0 |      34 |       22 |      2 |    19 |    +0.2% |    1.242 |     -261.7 |        0.0 |    997 | riscv.dp.rf.rf\[24\]\[31\]$_DFFE_PP_/D
     302* |       0 |      34 |       22 |      2 |    19 |    +0.2% |    1.242 |     -261.7 |        0.0 |    997 | riscv.dp.rf.rf\[24\]\[31\]$_DFFE_PP_/D
     303* |       0 |      34 |       22 |      2 |    19 |    +0.2% |    1.242 |     -261.7 |        0.0 |    997 | riscv.dp.rf.rf\[24\]\[31\]$_DFFE_PP_/D
     304* |       0 |      34 |       22 |      2 |    19 |    +0.2% |    1.242 |     -261.7 |        0.0 |    997 | riscv.dp.rf.rf\[24\]\[31\]$_DFFE_PP_/D
     305* |       0 |      34 |       22 |      2 |    19 |    +0.2% |    1.242 |     -261.7 |        0.0 |    997 | riscv.dp.rf.rf\[24\]\[31\]$_DFFE_PP_/D
     306* |       0 |      34 |       22 |      2 |    19 |    +0.2% |    1.242 |     -261.7 |        0.0 |    997 | riscv.dp.rf.rf\[24\]\[31\]$_DFFE_PP_/D
     307* |       0 |      34 |       22 |      2 |    19 |    +0.2% |    1.242 |     -261.7 |        0.0 |    997 | riscv.dp.rf.rf\[24\]\[31\]$_DFFE_PP_/D
     308* |       0 |      34 |       22 |      2 |    19 |    +0.2% |    1.242 |     -261.7 |        0.0 |    997 | riscv.dp.rf.rf\[24\]\[31\]$_DFFE_PP_/D
     309* |       0 |      34 |       22 |      2 |    19 |    +0.2% |    1.242 |     -261.7 |        0.0 |    997 | riscv.dp.rf.rf\[24\]\[31\]$_DFFE_PP_/D
     310* |       0 |      34 |       22 |      2 |    19 |    +0.2% |    1.242 |     -261.7 |        0.0 |    997 | riscv.dp.rf.rf\[24\]\[31\]$_DFFE_PP_/D
     310* |       0 |      34 |       22 |      2 |    19 |    +0.2% |    1.242 |     -261.7 |        0.0 |    997 | riscv.dp.rf.rf\[24\]\[31\]$_DFFE_PP_/D
     311* |       0 |      34 |       22 |      2 |    19 |    +0.2% |    1.242 |     -261.7 |        0.0 |    997 | riscv.dp.rf.rf\[24\]\[31\]$_DFFE_PP_/D
     312* |       0 |      34 |       22 |      2 |    19 |    +0.2% |    1.242 |     -261.7 |        0.0 |    997 | riscv.dp.rf.rf\[24\]\[31\]$_DFFE_PP_/D
     313* |       0 |      34 |       22 |      2 |    19 |    +0.2% |    1.242 |     -261.7 |        0.0 |    997 | riscv.dp.rf.rf\[24\]\[31\]$_DFFE_PP_/D
     314* |       0 |      34 |       22 |      2 |    19 |    +0.2% |    1.242 |     -261.7 |        0.0 |    997 | riscv.dp.rf.rf\[24\]\[31\]$_DFFE_PP_/D
     315* |       0 |      34 |       22 |      2 |    19 |    +0.2% |    1.242 |     -261.7 |        0.0 |    997 | riscv.dp.rf.rf\[24\]\[31\]$_DFFE_PP_/D
     316* |       0 |      34 |       22 |      2 |    19 |    +0.2% |    1.242 |     -261.7 |        0.0 |    997 | riscv.dp.rf.rf\[24\]\[31\]$_DFFE_PP_/D
     317* |       0 |      34 |       22 |      2 |    19 |    +0.2% |    1.242 |     -261.7 |        0.0 |    997 | riscv.dp.rf.rf\[24\]\[31\]$_DFFE_PP_/D
     318* |       0 |      34 |       22 |      2 |    19 |    +0.2% |    1.242 |     -261.7 |        0.0 |    997 | riscv.dp.rf.rf\[24\]\[31\]$_DFFE_PP_/D
     319* |       0 |      34 |       22 |      2 |    19 |    +0.2% |    1.242 |     -261.7 |        0.0 |    997 | riscv.dp.rf.rf\[24\]\[31\]$_DFFE_PP_/D
     320* |       0 |      34 |       22 |      2 |    19 |    +0.2% |    1.242 |     -261.7 |        0.0 |    997 | riscv.dp.rf.rf\[24\]\[31\]$_DFFE_PP_/D
     320* |       0 |      34 |       22 |      2 |    19 |    +0.2% |    1.242 |     -261.7 |        0.0 |    997 | riscv.dp.rf.rf\[24\]\[31\]$_DFFE_PP_/D
     321* |       0 |      34 |       22 |      2 |    19 |    +0.2% |    1.242 |     -261.7 |        0.0 |    997 | riscv.dp.rf.rf\[24\]\[31\]$_DFFE_PP_/D
     322* |       0 |      34 |       22 |      2 |    19 |    +0.2% |    1.242 |     -261.7 |        0.0 |    997 | riscv.dp.rf.rf\[24\]\[31\]$_DFFE_PP_/D
     323* |       0 |      34 |       22 |      2 |    19 |    +0.2% |    1.242 |     -261.7 |        0.0 |    997 | riscv.dp.rf.rf\[24\]\[31\]$_DFFE_PP_/D
     324* |       0 |      34 |       22 |      2 |    19 |    +0.2% |    1.242 |     -261.7 |        0.0 |    997 | riscv.dp.rf.rf\[24\]\[31\]$_DFFE_PP_/D
     325* |       0 |      34 |       22 |      2 |    19 |    +0.2% |    1.242 |     -261.7 |        0.0 |    997 | riscv.dp.rf.rf\[24\]\[31\]$_DFFE_PP_/D
     326* |       0 |      34 |       22 |      2 |    19 |    +0.2% |    1.242 |     -261.7 |        0.0 |    997 | riscv.dp.rf.rf\[24\]\[31\]$_DFFE_PP_/D
     327* |       0 |      34 |       22 |      2 |    19 |    +0.2% |    1.242 |     -261.7 |        0.0 |    997 | riscv.dp.rf.rf\[24\]\[31\]$_DFFE_PP_/D
     328* |       0 |      34 |       22 |      2 |    19 |    +0.2% |    1.242 |     -261.7 |        0.0 |    997 | riscv.dp.rf.rf\[24\]\[31\]$_DFFE_PP_/D
     329* |       0 |      34 |       22 |      2 |    19 |    +0.2% |    1.242 |     -261.7 |        0.0 |    997 | riscv.dp.rf.rf\[24\]\[31\]$_DFFE_PP_/D
     330* |       0 |      34 |       22 |      2 |    19 |    +0.2% |    1.242 |     -261.7 |        0.0 |    997 | riscv.dp.rf.rf\[24\]\[31\]$_DFFE_PP_/D
     330* |       0 |      34 |       22 |      2 |    19 |    +0.2% |    1.242 |     -261.7 |        0.0 |    997 | riscv.dp.rf.rf\[24\]\[31\]$_DFFE_PP_/D
     331* |       0 |      34 |       22 |      2 |    19 |    +0.2% |    1.242 |     -261.7 |        0.0 |    997 | riscv.dp.rf.rf\[24\]\[31\]$_DFFE_PP_/D
     332* |       0 |      34 |       22 |      2 |    19 |    +0.2% |    1.242 |     -261.7 |        0.0 |    997 | riscv.dp.rf.rf\[24\]\[31\]$_DFFE_PP_/D
     333* |       0 |      34 |       22 |      2 |    19 |    +0.2% |    1.242 |     -261.7 |        0.0 |    997 | riscv.dp.rf.rf\[24\]\[31\]$_DFFE_PP_/D
     334* |       0 |      34 |       22 |      2 |    19 |    +0.2% |    1.242 |     -261.7 |        0.0 |    997 | riscv.dp.rf.rf\[24\]\[31\]$_DFFE_PP_/D
     335* |       0 |      34 |       22 |      2 |    19 |    +0.2% |    1.242 |     -261.7 |        0.0 |    997 | riscv.dp.rf.rf\[24\]\[31\]$_DFFE_PP_/D
     336* |       0 |      34 |       22 |      2 |    19 |    +0.2% |    1.242 |     -261.7 |        0.0 |    997 | riscv.dp.rf.rf\[24\]\[31\]$_DFFE_PP_/D
     337* |       0 |      34 |       22 |      2 |    19 |    +0.2% |    1.242 |     -261.7 |        0.0 |    997 | riscv.dp.rf.rf\[24\]\[31\]$_DFFE_PP_/D
     338* |       0 |      34 |       22 |      2 |    19 |    +0.2% |    1.242 |     -261.7 |        0.0 |    997 | riscv.dp.rf.rf\[24\]\[31\]$_DFFE_PP_/D
     339* |       0 |      34 |       22 |      2 |    19 |    +0.2% |    1.242 |     -261.7 |        0.0 |    997 | riscv.dp.rf.rf\[24\]\[31\]$_DFFE_PP_/D
     340* |       0 |      34 |       22 |      2 |    19 |    +0.2% |    1.242 |     -261.7 |        0.0 |    997 | riscv.dp.rf.rf\[24\]\[31\]$_DFFE_PP_/D
     340* |       0 |      34 |       22 |      2 |    19 |    +0.2% |    1.242 |     -261.7 |        0.0 |    997 | riscv.dp.rf.rf\[24\]\[31\]$_DFFE_PP_/D
     341* |       0 |      34 |       22 |      2 |    19 |    +0.2% |    1.242 |     -261.7 |        0.0 |    997 | riscv.dp.rf.rf\[24\]\[31\]$_DFFE_PP_/D
     342* |       0 |      34 |       22 |      2 |    19 |    +0.2% |    1.242 |     -261.7 |        0.0 |    997 | riscv.dp.rf.rf\[24\]\[31\]$_DFFE_PP_/D
     343* |       0 |      34 |       22 |      2 |    19 |    +0.2% |    1.242 |     -261.7 |        0.0 |    997 | riscv.dp.rf.rf\[24\]\[31\]$_DFFE_PP_/D
     344* |       0 |      34 |       22 |      2 |    19 |    +0.2% |    1.242 |     -261.7 |        0.0 |    997 | riscv.dp.rf.rf\[24\]\[31\]$_DFFE_PP_/D
     345* |       0 |      34 |       22 |      2 |    19 |    +0.2% |    1.242 |     -261.7 |        0.0 |    997 | riscv.dp.rf.rf\[24\]\[31\]$_DFFE_PP_/D
     346* |       0 |      34 |       22 |      2 |    19 |    +0.2% |    1.242 |     -261.7 |        0.0 |    997 | riscv.dp.rf.rf\[24\]\[31\]$_DFFE_PP_/D
     347* |       0 |      34 |       22 |      2 |    19 |    +0.2% |    1.242 |     -261.7 |        0.0 |    997 | riscv.dp.rf.rf\[24\]\[31\]$_DFFE_PP_/D
     348* |       0 |      34 |       22 |      2 |    19 |    +0.2% |    1.242 |     -261.7 |        0.0 |    997 | riscv.dp.rf.rf\[24\]\[31\]$_DFFE_PP_/D
     349* |       0 |      34 |       22 |      2 |    19 |    +0.2% |    1.242 |     -261.7 |        0.0 |    997 | riscv.dp.rf.rf\[24\]\[31\]$_DFFE_PP_/D
     350* |       0 |      34 |       22 |      2 |    19 |    +0.2% |    1.242 |     -261.7 |        0.0 |    997 | riscv.dp.rf.rf\[24\]\[31\]$_DFFE_PP_/D
     350* |       0 |      34 |       22 |      2 |    19 |    +0.2% |    1.242 |     -261.7 |        0.0 |    997 | riscv.dp.rf.rf\[24\]\[31\]$_DFFE_PP_/D
     351* |       0 |      34 |       22 |      2 |    19 |    +0.2% |    1.242 |     -261.7 |        0.0 |    997 | riscv.dp.rf.rf\[24\]\[31\]$_DFFE_PP_/D
     352* |       0 |      34 |       22 |      2 |    19 |    +0.2% |    1.242 |     -261.7 |        0.0 |    997 | riscv.dp.rf.rf\[24\]\[31\]$_DFFE_PP_/D
     353* |       0 |      34 |       22 |      2 |    19 |    +0.2% |    1.242 |     -261.7 |        0.0 |    997 | riscv.dp.rf.rf\[24\]\[31\]$_DFFE_PP_/D
     354* |       0 |      34 |       22 |      2 |    19 |    +0.2% |    1.242 |     -261.7 |        0.0 |    997 | riscv.dp.rf.rf\[24\]\[31\]$_DFFE_PP_/D
     355* |       0 |      34 |       22 |      2 |    19 |    +0.2% |    1.242 |     -261.7 |        0.0 |    997 | riscv.dp.rf.rf\[24\]\[31\]$_DFFE_PP_/D
     356* |       0 |      34 |       22 |      2 |    19 |    +0.2% |    1.242 |     -261.7 |        0.0 |    997 | riscv.dp.rf.rf\[24\]\[31\]$_DFFE_PP_/D
     357* |       0 |      34 |       22 |      2 |    19 |    +0.2% |    1.242 |     -261.7 |        0.0 |    997 | riscv.dp.rf.rf\[24\]\[31\]$_DFFE_PP_/D
     358* |       0 |      34 |       22 |      2 |    19 |    +0.2% |    1.242 |     -261.7 |        0.0 |    997 | riscv.dp.rf.rf\[24\]\[31\]$_DFFE_PP_/D
     359* |       0 |      34 |       22 |      2 |    19 |    +0.2% |    1.242 |     -261.7 |        0.0 |    997 | riscv.dp.rf.rf\[24\]\[31\]$_DFFE_PP_/D
     360* |       0 |      34 |       22 |      2 |    19 |    +0.2% |    1.242 |     -261.7 |        0.0 |    997 | riscv.dp.rf.rf\[24\]\[31\]$_DFFE_PP_/D
     360* |       0 |      34 |       22 |      2 |    19 |    +0.2% |    1.242 |     -261.7 |        0.0 |    997 | riscv.dp.rf.rf\[24\]\[31\]$_DFFE_PP_/D
     361* |       0 |      34 |       22 |      2 |    19 |    +0.2% |    1.242 |     -261.7 |        0.0 |    997 | riscv.dp.rf.rf\[24\]\[31\]$_DFFE_PP_/D
     362* |       0 |      34 |       22 |      2 |    19 |    +0.2% |    1.242 |     -261.7 |        0.0 |    997 | riscv.dp.rf.rf\[24\]\[31\]$_DFFE_PP_/D
     363* |       0 |      34 |       22 |      2 |    19 |    +0.2% |    1.242 |     -261.7 |        0.0 |    997 | riscv.dp.rf.rf\[24\]\[31\]$_DFFE_PP_/D
     364* |       0 |      34 |       22 |      2 |    19 |    +0.2% |    1.242 |     -261.7 |        0.0 |    997 | riscv.dp.rf.rf\[24\]\[31\]$_DFFE_PP_/D
     365* |       0 |      34 |       22 |      2 |    19 |    +0.2% |    1.242 |     -261.7 |        0.0 |    997 | riscv.dp.rf.rf\[24\]\[31\]$_DFFE_PP_/D
     366* |       0 |      34 |       22 |      2 |    19 |    +0.2% |    1.242 |     -261.7 |        0.0 |    997 | riscv.dp.rf.rf\[24\]\[31\]$_DFFE_PP_/D
     367* |       0 |      34 |       22 |      2 |    19 |    +0.2% |    1.242 |     -261.7 |        0.0 |    997 | riscv.dp.rf.rf\[24\]\[31\]$_DFFE_PP_/D
     368* |       0 |      34 |       22 |      2 |    19 |    +0.2% |    1.242 |     -261.7 |        0.0 |    997 | riscv.dp.rf.rf\[24\]\[31\]$_DFFE_PP_/D
     369* |       0 |      34 |       22 |      2 |    19 |    +0.2% |    1.242 |     -261.7 |        0.0 |    997 | riscv.dp.rf.rf\[24\]\[31\]$_DFFE_PP_/D
     370* |       0 |      34 |       22 |      2 |    19 |    +0.2% |    1.242 |     -261.7 |        0.0 |    997 | riscv.dp.rf.rf\[24\]\[31\]$_DFFE_PP_/D
     370* |       0 |      34 |       22 |      2 |    19 |    +0.2% |    1.242 |     -261.7 |        0.0 |    997 | riscv.dp.rf.rf\[24\]\[31\]$_DFFE_PP_/D
     371* |       0 |      34 |       22 |      2 |    19 |    +0.2% |    1.242 |     -261.7 |        0.0 |    997 | riscv.dp.rf.rf\[24\]\[31\]$_DFFE_PP_/D
     372* |       0 |      34 |       22 |      2 |    19 |    +0.2% |    1.242 |     -261.7 |        0.0 |    997 | riscv.dp.rf.rf\[24\]\[31\]$_DFFE_PP_/D
     373* |       0 |      34 |       22 |      2 |    19 |    +0.2% |    1.242 |     -261.7 |        0.0 |    997 | riscv.dp.rf.rf\[24\]\[31\]$_DFFE_PP_/D
     374* |       0 |      34 |       22 |      2 |    19 |    +0.2% |    1.242 |     -261.7 |        0.0 |    997 | riscv.dp.rf.rf\[24\]\[31\]$_DFFE_PP_/D
     375* |       0 |      34 |       22 |      2 |    19 |    +0.2% |    1.242 |     -261.7 |        0.0 |    997 | riscv.dp.rf.rf\[24\]\[31\]$_DFFE_PP_/D
     376* |       0 |      34 |       22 |      2 |    19 |    +0.2% |    1.242 |     -261.7 |        0.0 |    997 | riscv.dp.rf.rf\[24\]\[31\]$_DFFE_PP_/D
     377* |       0 |      34 |       22 |      2 |    19 |    +0.2% |    1.242 |     -261.7 |        0.0 |    997 | riscv.dp.rf.rf\[24\]\[31\]$_DFFE_PP_/D
     378* |       0 |      34 |       22 |      2 |    19 |    +0.2% |    1.242 |     -261.7 |        0.0 |    997 | riscv.dp.rf.rf\[24\]\[31\]$_DFFE_PP_/D
     379* |       0 |      34 |       22 |      2 |    19 |    +0.2% |    1.242 |     -261.7 |        0.0 |    997 | riscv.dp.rf.rf\[24\]\[31\]$_DFFE_PP_/D
     380* |       0 |      34 |       22 |      2 |    19 |    +0.2% |    1.242 |     -261.7 |        0.0 |    997 | riscv.dp.rf.rf\[24\]\[31\]$_DFFE_PP_/D
     380* |       0 |      34 |       22 |      2 |    19 |    +0.2% |    1.242 |     -261.7 |        0.0 |    997 | riscv.dp.rf.rf\[24\]\[31\]$_DFFE_PP_/D
     381* |       0 |      34 |       22 |      2 |    19 |    +0.2% |    1.242 |     -261.7 |        0.0 |    997 | riscv.dp.rf.rf\[24\]\[31\]$_DFFE_PP_/D
     382* |       0 |      34 |       22 |      2 |    19 |    +0.2% |    1.242 |     -261.7 |        0.0 |    997 | riscv.dp.rf.rf\[24\]\[31\]$_DFFE_PP_/D
     383* |       0 |      34 |       22 |      2 |    19 |    +0.2% |    1.242 |     -261.7 |        0.0 |    997 | riscv.dp.rf.rf\[24\]\[31\]$_DFFE_PP_/D
     384* |       0 |      34 |       22 |      2 |    19 |    +0.2% |    1.242 |     -261.7 |        0.0 |    997 | riscv.dp.rf.rf\[24\]\[31\]$_DFFE_PP_/D
     385* |       0 |      34 |       22 |      2 |    19 |    +0.2% |    1.242 |     -261.7 |        0.0 |    997 | riscv.dp.rf.rf\[24\]\[31\]$_DFFE_PP_/D
     386* |       0 |      34 |       22 |      2 |    19 |    +0.2% |    1.242 |     -261.7 |        0.0 |    997 | riscv.dp.rf.rf\[24\]\[31\]$_DFFE_PP_/D
     387* |       0 |      34 |       22 |      2 |    19 |    +0.2% |    1.242 |     -261.7 |        0.0 |    997 | riscv.dp.rf.rf\[24\]\[31\]$_DFFE_PP_/D
     388* |       0 |      34 |       22 |      2 |    19 |    +0.2% |    1.242 |     -261.7 |        0.0 |    997 | riscv.dp.rf.rf\[24\]\[31\]$_DFFE_PP_/D
     389* |       0 |      34 |       22 |      2 |    19 |    +0.2% |    1.242 |     -261.7 |        0.0 |    997 | riscv.dp.rf.rf\[24\]\[31\]$_DFFE_PP_/D
     390* |       0 |      34 |       22 |      2 |    19 |    +0.2% |    1.242 |     -261.7 |        0.0 |    997 | riscv.dp.rf.rf\[24\]\[31\]$_DFFE_PP_/D
     390* |       0 |      34 |       22 |      2 |    19 |    +0.2% |    1.242 |     -261.7 |        0.0 |    997 | riscv.dp.rf.rf\[24\]\[31\]$_DFFE_PP_/D
     391* |       0 |      34 |       22 |      2 |    19 |    +0.2% |    1.242 |     -261.7 |        0.0 |    997 | riscv.dp.rf.rf\[24\]\[31\]$_DFFE_PP_/D
     392* |       0 |      34 |       22 |      2 |    19 |    +0.2% |    1.242 |     -261.7 |        0.0 |    997 | riscv.dp.rf.rf\[24\]\[31\]$_DFFE_PP_/D
     393* |       0 |      34 |       22 |      2 |    19 |    +0.2% |    1.242 |     -261.7 |        0.0 |    997 | riscv.dp.rf.rf\[24\]\[31\]$_DFFE_PP_/D
     394* |       0 |      34 |       22 |      2 |    19 |    +0.2% |    1.242 |     -261.7 |        0.0 |    997 | riscv.dp.rf.rf\[24\]\[31\]$_DFFE_PP_/D
     395* |       0 |      34 |       22 |      2 |    19 |    +0.2% |    1.242 |     -261.7 |        0.0 |    997 | riscv.dp.rf.rf\[24\]\[31\]$_DFFE_PP_/D
     396* |       0 |      34 |       22 |      2 |    19 |    +0.2% |    1.242 |     -261.7 |        0.0 |    997 | riscv.dp.rf.rf\[24\]\[31\]$_DFFE_PP_/D
     397* |       0 |      34 |       22 |      2 |    19 |    +0.2% |    1.242 |     -261.7 |        0.0 |    997 | riscv.dp.rf.rf\[24\]\[31\]$_DFFE_PP_/D
     398* |       0 |      34 |       22 |      2 |    19 |    +0.2% |    1.242 |     -261.7 |        0.0 |    997 | riscv.dp.rf.rf\[24\]\[31\]$_DFFE_PP_/D
     399* |       0 |      34 |       22 |      2 |    19 |    +0.2% |    1.242 |     -261.7 |        0.0 |    997 | riscv.dp.rf.rf\[24\]\[31\]$_DFFE_PP_/D
     400* |       0 |      34 |       22 |      2 |    19 |    +0.2% |    1.242 |     -261.7 |        0.0 |    997 | riscv.dp.rf.rf\[24\]\[31\]$_DFFE_PP_/D
     400* |       0 |      34 |       22 |      2 |    19 |    +0.2% |    1.242 |     -261.7 |        0.0 |    997 | riscv.dp.rf.rf\[24\]\[31\]$_DFFE_PP_/D
     401* |       0 |      34 |       22 |      2 |    19 |    +0.2% |    1.242 |     -261.7 |        0.0 |    997 | riscv.dp.rf.rf\[24\]\[31\]$_DFFE_PP_/D
     402* |       0 |      34 |       22 |      2 |    19 |    +0.2% |    1.242 |     -261.7 |        0.0 |    997 | riscv.dp.rf.rf\[24\]\[31\]$_DFFE_PP_/D
     403* |       0 |      34 |       22 |      2 |    19 |    +0.2% |    1.242 |     -261.7 |        0.0 |    997 | riscv.dp.rf.rf\[24\]\[31\]$_DFFE_PP_/D
     404* |       0 |      34 |       22 |      2 |    19 |    +0.2% |    1.242 |     -261.7 |        0.0 |    997 | riscv.dp.rf.rf\[24\]\[31\]$_DFFE_PP_/D
     405* |       0 |      34 |       22 |      2 |    19 |    +0.2% |    1.242 |     -261.7 |        0.0 |    997 | riscv.dp.rf.rf\[24\]\[31\]$_DFFE_PP_/D
     406* |       0 |      34 |       22 |      2 |    19 |    +0.2% |    1.242 |     -261.7 |        0.0 |    997 | riscv.dp.rf.rf\[24\]\[31\]$_DFFE_PP_/D
     407* |       0 |      34 |       22 |      2 |    19 |    +0.2% |    1.242 |     -261.7 |        0.0 |    997 | riscv.dp.rf.rf\[24\]\[31\]$_DFFE_PP_/D
     408* |       0 |      34 |       22 |      2 |    19 |    +0.2% |    1.242 |     -261.7 |        0.0 |    997 | riscv.dp.rf.rf\[24\]\[31\]$_DFFE_PP_/D
     409* |       0 |      34 |       22 |      2 |    19 |    +0.2% |    1.242 |     -261.7 |        0.0 |    997 | riscv.dp.rf.rf\[24\]\[31\]$_DFFE_PP_/D
     410* |       0 |      34 |       22 |      2 |    19 |    +0.2% |    1.242 |     -261.7 |        0.0 |    997 | riscv.dp.rf.rf\[24\]\[31\]$_DFFE_PP_/D
     410* |       0 |      34 |       22 |      2 |    19 |    +0.2% |    1.242 |     -261.7 |        0.0 |    997 | riscv.dp.rf.rf\[24\]\[31\]$_DFFE_PP_/D
     411* |       0 |      34 |       22 |      2 |    19 |    +0.2% |    1.242 |     -261.7 |        0.0 |    997 | riscv.dp.rf.rf\[24\]\[31\]$_DFFE_PP_/D
     412* |       0 |      34 |       22 |      2 |    19 |    +0.2% |    1.242 |     -261.7 |        0.0 |    997 | riscv.dp.rf.rf\[24\]\[31\]$_DFFE_PP_/D
     413* |       0 |      34 |       22 |      2 |    19 |    +0.2% |    1.242 |     -261.7 |        0.0 |    997 | riscv.dp.rf.rf\[24\]\[31\]$_DFFE_PP_/D
     414* |       0 |      34 |       22 |      2 |    19 |    +0.2% |    1.242 |     -261.7 |        0.0 |    997 | riscv.dp.rf.rf\[24\]\[31\]$_DFFE_PP_/D
     415* |       0 |      34 |       22 |      2 |    19 |    +0.2% |    1.242 |     -261.7 |        0.0 |    997 | riscv.dp.rf.rf\[24\]\[31\]$_DFFE_PP_/D
     416* |       0 |      34 |       22 |      2 |    19 |    +0.2% |    1.242 |     -261.7 |        0.0 |    997 | riscv.dp.rf.rf\[24\]\[31\]$_DFFE_PP_/D
     417* |       0 |      34 |       22 |      2 |    19 |    +0.2% |    1.242 |     -261.7 |        0.0 |    997 | riscv.dp.rf.rf\[24\]\[31\]$_DFFE_PP_/D
     418* |       0 |      34 |       22 |      2 |    19 |    +0.2% |    1.242 |     -261.7 |        0.0 |    997 | riscv.dp.rf.rf\[24\]\[31\]$_DFFE_PP_/D
     419* |       0 |      34 |       22 |      2 |    19 |    +0.2% |    1.242 |     -261.7 |        0.0 |    997 | riscv.dp.rf.rf\[24\]\[31\]$_DFFE_PP_/D
     420* |       0 |      34 |       22 |      2 |    19 |    +0.2% |    1.242 |     -261.7 |        0.0 |    997 | riscv.dp.rf.rf\[24\]\[31\]$_DFFE_PP_/D
     420* |       0 |      34 |       22 |      2 |    19 |    +0.2% |    1.242 |     -261.7 |        0.0 |    997 | riscv.dp.rf.rf\[24\]\[31\]$_DFFE_PP_/D
     421* |       0 |      34 |       22 |      2 |    19 |    +0.2% |    1.242 |     -261.7 |        0.0 |    997 | riscv.dp.rf.rf\[24\]\[31\]$_DFFE_PP_/D
     422* |       0 |      34 |       22 |      2 |    19 |    +0.2% |    1.242 |     -261.7 |        0.0 |    997 | riscv.dp.rf.rf\[24\]\[31\]$_DFFE_PP_/D
     423* |       0 |      34 |       22 |      2 |    19 |    +0.2% |    1.242 |     -261.7 |        0.0 |    997 | riscv.dp.rf.rf\[24\]\[31\]$_DFFE_PP_/D
     424* |       0 |      34 |       22 |      2 |    19 |    +0.2% |    1.242 |     -261.7 |        0.0 |    997 | riscv.dp.rf.rf\[24\]\[31\]$_DFFE_PP_/D
     425* |       0 |      34 |       22 |      2 |    19 |    +0.2% |    1.242 |     -261.7 |        0.0 |    997 | riscv.dp.rf.rf\[24\]\[31\]$_DFFE_PP_/D
     426* |       0 |      34 |       22 |      2 |    19 |    +0.2% |    1.242 |     -261.7 |        0.0 |    997 | riscv.dp.rf.rf\[24\]\[31\]$_DFFE_PP_/D
     427* |       0 |      34 |       22 |      2 |    19 |    +0.2% |    1.242 |     -261.7 |        0.0 |    997 | riscv.dp.rf.rf\[24\]\[31\]$_DFFE_PP_/D
     428* |       0 |      34 |       22 |      2 |    19 |    +0.2% |    1.242 |     -261.7 |        0.0 |    997 | riscv.dp.rf.rf\[24\]\[31\]$_DFFE_PP_/D
     429* |       0 |      34 |       22 |      2 |    19 |    +0.2% |    1.242 |     -261.7 |        0.0 |    997 | riscv.dp.rf.rf\[24\]\[31\]$_DFFE_PP_/D
     430* |       0 |      34 |       22 |      2 |    19 |    +0.2% |    1.242 |     -261.7 |        0.0 |    997 | riscv.dp.rf.rf\[24\]\[31\]$_DFFE_PP_/D
     430* |       0 |      34 |       22 |      2 |    19 |    +0.2% |    1.242 |     -261.7 |        0.0 |    997 | riscv.dp.rf.rf\[24\]\[31\]$_DFFE_PP_/D
     431* |       0 |      34 |       22 |      2 |    19 |    +0.2% |    1.242 |     -261.7 |        0.0 |    997 | riscv.dp.rf.rf\[24\]\[31\]$_DFFE_PP_/D
     432* |       0 |      34 |       22 |      2 |    19 |    +0.2% |    1.242 |     -261.7 |        0.0 |    997 | riscv.dp.rf.rf\[24\]\[31\]$_DFFE_PP_/D
     433* |       0 |      34 |       22 |      2 |    19 |    +0.2% |    1.242 |     -261.7 |        0.0 |    997 | riscv.dp.rf.rf\[24\]\[31\]$_DFFE_PP_/D
     434* |       0 |      34 |       22 |      2 |    19 |    +0.2% |    1.242 |     -261.7 |        0.0 |    997 | riscv.dp.rf.rf\[24\]\[31\]$_DFFE_PP_/D
     435* |       0 |      34 |       22 |      2 |    19 |    +0.2% |    1.242 |     -261.7 |        0.0 |    997 | riscv.dp.rf.rf\[24\]\[31\]$_DFFE_PP_/D
     436* |       0 |      34 |       22 |      2 |    19 |    +0.2% |    1.242 |     -261.7 |        0.0 |    997 | riscv.dp.rf.rf\[24\]\[31\]$_DFFE_PP_/D
     437* |       0 |      34 |       22 |      2 |    19 |    +0.2% |    1.242 |     -261.7 |        0.0 |    997 | riscv.dp.rf.rf\[24\]\[31\]$_DFFE_PP_/D
     438* |       0 |      34 |       22 |      2 |    19 |    +0.2% |    1.242 |     -261.7 |        0.0 |    997 | riscv.dp.rf.rf\[24\]\[31\]$_DFFE_PP_/D
     439* |       0 |      34 |       22 |      2 |    19 |    +0.2% |    1.242 |     -261.7 |        0.0 |    997 | riscv.dp.rf.rf\[24\]\[31\]$_DFFE_PP_/D
     440* |       0 |      34 |       22 |      2 |    19 |    +0.2% |    1.242 |     -261.7 |        0.0 |    997 | riscv.dp.rf.rf\[24\]\[31\]$_DFFE_PP_/D
     440* |       0 |      34 |       22 |      2 |    19 |    +0.2% |    1.242 |     -261.7 |        0.0 |    997 | riscv.dp.rf.rf\[24\]\[31\]$_DFFE_PP_/D
     441* |       0 |      34 |       22 |      2 |    19 |    +0.2% |    1.242 |     -261.7 |        0.0 |    997 | riscv.dp.rf.rf\[24\]\[31\]$_DFFE_PP_/D
     442* |       0 |      34 |       22 |      2 |    19 |    +0.2% |    1.242 |     -261.7 |        0.0 |    997 | riscv.dp.rf.rf\[24\]\[31\]$_DFFE_PP_/D
     443* |       0 |      34 |       22 |      2 |    19 |    +0.2% |    1.242 |     -261.7 |        0.0 |    997 | riscv.dp.rf.rf\[24\]\[31\]$_DFFE_PP_/D
     444* |       0 |      34 |       22 |      2 |    19 |    +0.2% |    1.242 |     -261.7 |        0.0 |    997 | riscv.dp.rf.rf\[24\]\[31\]$_DFFE_PP_/D
     445* |       0 |      34 |       22 |      2 |    19 |    +0.2% |    1.242 |     -261.7 |        0.0 |    997 | riscv.dp.rf.rf\[24\]\[31\]$_DFFE_PP_/D
     446* |       0 |      34 |       22 |      2 |    19 |    +0.2% |    1.242 |     -261.7 |        0.0 |    997 | riscv.dp.rf.rf\[24\]\[31\]$_DFFE_PP_/D
     447* |       0 |      34 |       22 |      2 |    19 |    +0.2% |    1.242 |     -261.7 |        0.0 |    997 | riscv.dp.rf.rf\[24\]\[31\]$_DFFE_PP_/D
     448* |       0 |      34 |       22 |      2 |    19 |    +0.2% |    1.242 |     -261.7 |        0.0 |    997 | riscv.dp.rf.rf\[24\]\[31\]$_DFFE_PP_/D
     449* |       0 |      34 |       22 |      2 |    19 |    +0.2% |    1.242 |     -261.7 |        0.0 |    997 | riscv.dp.rf.rf\[24\]\[31\]$_DFFE_PP_/D
     450* |       0 |      34 |       22 |      2 |    19 |    +0.2% |    1.242 |     -261.7 |        0.0 |    997 | riscv.dp.rf.rf\[24\]\[31\]$_DFFE_PP_/D
     450* |       0 |      34 |       22 |      2 |    19 |    +0.2% |    1.242 |     -261.7 |        0.0 |    997 | riscv.dp.rf.rf\[24\]\[31\]$_DFFE_PP_/D
     451* |       0 |      34 |       22 |      2 |    19 |    +0.2% |    1.242 |     -261.7 |        0.0 |    997 | riscv.dp.rf.rf\[24\]\[31\]$_DFFE_PP_/D
     452* |       0 |      34 |       22 |      2 |    19 |    +0.2% |    1.242 |     -261.7 |        0.0 |    997 | riscv.dp.rf.rf\[24\]\[31\]$_DFFE_PP_/D
     453* |       0 |      34 |       22 |      2 |    19 |    +0.2% |    1.242 |     -261.7 |        0.0 |    997 | riscv.dp.rf.rf\[24\]\[31\]$_DFFE_PP_/D
     454* |       0 |      34 |       22 |      2 |    19 |    +0.2% |    1.242 |     -261.7 |        0.0 |    997 | riscv.dp.rf.rf\[24\]\[31\]$_DFFE_PP_/D
     455* |       0 |      34 |       22 |      2 |    19 |    +0.2% |    1.242 |     -261.7 |        0.0 |    997 | riscv.dp.rf.rf\[24\]\[31\]$_DFFE_PP_/D
     456* |       0 |      34 |       22 |      2 |    19 |    +0.2% |    1.242 |     -261.7 |        0.0 |    997 | riscv.dp.rf.rf\[24\]\[31\]$_DFFE_PP_/D
     457* |       0 |      34 |       22 |      2 |    19 |    +0.2% |    1.242 |     -261.7 |        0.0 |    997 | riscv.dp.rf.rf\[24\]\[31\]$_DFFE_PP_/D
     458* |       0 |      34 |       22 |      2 |    19 |    +0.2% |    1.242 |     -261.7 |        0.0 |    997 | riscv.dp.rf.rf\[24\]\[31\]$_DFFE_PP_/D
     459* |       0 |      34 |       22 |      2 |    19 |    +0.2% |    1.242 |     -261.7 |        0.0 |    997 | riscv.dp.rf.rf\[24\]\[31\]$_DFFE_PP_/D
     460* |       0 |      34 |       22 |      2 |    19 |    +0.2% |    1.242 |     -261.7 |        0.0 |    997 | riscv.dp.rf.rf\[24\]\[31\]$_DFFE_PP_/D
     460* |       0 |      34 |       22 |      2 |    19 |    +0.2% |    1.242 |     -261.7 |        0.0 |    997 | riscv.dp.rf.rf\[24\]\[31\]$_DFFE_PP_/D
     461* |       0 |      34 |       22 |      2 |    19 |    +0.2% |    1.242 |     -261.7 |        0.0 |    997 | riscv.dp.rf.rf\[24\]\[31\]$_DFFE_PP_/D
     462* |       0 |      34 |       22 |      2 |    19 |    +0.2% |    1.242 |     -261.7 |        0.0 |    997 | riscv.dp.rf.rf\[24\]\[31\]$_DFFE_PP_/D
     463* |       0 |      34 |       22 |      2 |    19 |    +0.2% |    1.242 |     -261.7 |        0.0 |    997 | riscv.dp.rf.rf\[24\]\[31\]$_DFFE_PP_/D
     464* |       0 |      34 |       22 |      2 |    19 |    +0.2% |    1.242 |     -261.7 |        0.0 |    997 | riscv.dp.rf.rf\[24\]\[31\]$_DFFE_PP_/D
     465* |       0 |      34 |       22 |      2 |    19 |    +0.2% |    1.242 |     -261.7 |        0.0 |    997 | riscv.dp.rf.rf\[24\]\[31\]$_DFFE_PP_/D
     466* |       0 |      34 |       22 |      2 |    19 |    +0.2% |    1.242 |     -261.7 |        0.0 |    997 | riscv.dp.rf.rf\[24\]\[31\]$_DFFE_PP_/D
     467* |       0 |      34 |       22 |      2 |    19 |    +0.2% |    1.242 |     -261.7 |        0.0 |    997 | riscv.dp.rf.rf\[24\]\[31\]$_DFFE_PP_/D
     468* |       0 |      34 |       22 |      2 |    19 |    +0.2% |    1.242 |     -261.7 |        0.0 |    997 | riscv.dp.rf.rf\[24\]\[31\]$_DFFE_PP_/D
     469* |       0 |      34 |       22 |      2 |    19 |    +0.2% |    1.242 |     -261.7 |        0.0 |    997 | riscv.dp.rf.rf\[24\]\[31\]$_DFFE_PP_/D
     470* |       0 |      34 |       22 |      2 |    19 |    +0.2% |    1.242 |     -261.7 |        0.0 |    997 | riscv.dp.rf.rf\[24\]\[31\]$_DFFE_PP_/D
     470* |       0 |      34 |       22 |      2 |    19 |    +0.2% |    1.242 |     -261.7 |        0.0 |    997 | riscv.dp.rf.rf\[24\]\[31\]$_DFFE_PP_/D
     471* |       0 |      34 |       22 |      2 |    19 |    +0.2% |    1.242 |     -261.7 |        0.0 |    997 | riscv.dp.rf.rf\[24\]\[31\]$_DFFE_PP_/D
     472* |       0 |      34 |       22 |      2 |    19 |    +0.2% |    1.242 |     -261.7 |        0.0 |    997 | riscv.dp.rf.rf\[24\]\[31\]$_DFFE_PP_/D
     473* |       0 |      34 |       22 |      2 |    19 |    +0.2% |    1.242 |     -261.7 |        0.0 |    997 | riscv.dp.rf.rf\[24\]\[31\]$_DFFE_PP_/D
     474* |       0 |      34 |       22 |      2 |    19 |    +0.2% |    1.242 |     -261.7 |        0.0 |    997 | riscv.dp.rf.rf\[24\]\[31\]$_DFFE_PP_/D
     475* |       0 |      34 |       22 |      2 |    19 |    +0.2% |    1.242 |     -261.7 |        0.0 |    997 | riscv.dp.rf.rf\[24\]\[31\]$_DFFE_PP_/D
     476* |       0 |      34 |       22 |      2 |    19 |    +0.2% |    1.242 |     -261.7 |        0.0 |    997 | riscv.dp.rf.rf\[24\]\[31\]$_DFFE_PP_/D
     477* |       0 |      34 |       22 |      2 |    19 |    +0.2% |    1.242 |     -261.7 |        0.0 |    997 | riscv.dp.rf.rf\[24\]\[31\]$_DFFE_PP_/D
     478* |       0 |      34 |       22 |      2 |    19 |    +0.2% |    1.242 |     -261.7 |        0.0 |    997 | riscv.dp.rf.rf\[24\]\[31\]$_DFFE_PP_/D
     479* |       0 |      34 |       22 |      2 |    19 |    +0.2% |    1.242 |     -261.7 |        0.0 |    997 | riscv.dp.rf.rf\[24\]\[31\]$_DFFE_PP_/D
     480* |       0 |      34 |       22 |      2 |    19 |    +0.2% |    1.242 |     -261.7 |        0.0 |    997 | riscv.dp.rf.rf\[24\]\[31\]$_DFFE_PP_/D
     480* |       0 |      34 |       22 |      2 |    19 |    +0.2% |    1.242 |     -261.7 |        0.0 |    997 | riscv.dp.rf.rf\[24\]\[31\]$_DFFE_PP_/D
     481* |       0 |      34 |       22 |      2 |    19 |    +0.2% |    1.242 |     -261.7 |        0.0 |    997 | riscv.dp.rf.rf\[24\]\[31\]$_DFFE_PP_/D
     482* |       0 |      34 |       22 |      2 |    19 |    +0.2% |    1.242 |     -261.7 |        0.0 |    997 | riscv.dp.rf.rf\[24\]\[31\]$_DFFE_PP_/D
     483* |       0 |      34 |       22 |      2 |    19 |    +0.2% |    1.242 |     -261.7 |        0.0 |    997 | riscv.dp.rf.rf\[24\]\[31\]$_DFFE_PP_/D
     484* |       0 |      34 |       22 |      2 |    19 |    +0.2% |    1.242 |     -261.7 |        0.0 |    997 | riscv.dp.rf.rf\[24\]\[31\]$_DFFE_PP_/D
     485* |       0 |      34 |       22 |      2 |    19 |    +0.2% |    1.242 |     -261.7 |        0.0 |    997 | riscv.dp.rf.rf\[24\]\[31\]$_DFFE_PP_/D
     486* |       0 |      34 |       22 |      2 |    19 |    +0.2% |    1.242 |     -261.7 |        0.0 |    997 | riscv.dp.rf.rf\[24\]\[31\]$_DFFE_PP_/D
     487* |       0 |      34 |       22 |      2 |    19 |    +0.2% |    1.242 |     -261.7 |        0.0 |    997 | riscv.dp.rf.rf\[24\]\[31\]$_DFFE_PP_/D
     488* |       0 |      34 |       22 |      2 |    19 |    +0.2% |    1.242 |     -261.7 |        0.0 |    997 | riscv.dp.rf.rf\[24\]\[31\]$_DFFE_PP_/D
     489* |       0 |      34 |       22 |      2 |    19 |    +0.2% |    1.242 |     -261.7 |        0.0 |    997 | riscv.dp.rf.rf\[24\]\[31\]$_DFFE_PP_/D
     490* |       0 |      34 |       22 |      2 |    19 |    +0.2% |    1.242 |     -261.7 |        0.0 |    997 | riscv.dp.rf.rf\[24\]\[31\]$_DFFE_PP_/D
     490* |       0 |      34 |       22 |      2 |    19 |    +0.2% |    1.242 |     -261.7 |        0.0 |    997 | riscv.dp.rf.rf\[24\]\[31\]$_DFFE_PP_/D
     491* |       0 |      34 |       22 |      2 |    19 |    +0.2% |    1.242 |     -261.7 |        0.0 |    997 | riscv.dp.rf.rf\[24\]\[31\]$_DFFE_PP_/D
     492* |       0 |      34 |       22 |      2 |    19 |    +0.2% |    1.242 |     -261.7 |        0.0 |    997 | riscv.dp.rf.rf\[24\]\[31\]$_DFFE_PP_/D
     493* |       0 |      34 |       22 |      2 |    19 |    +0.2% |    1.242 |     -261.7 |        0.0 |    997 | riscv.dp.rf.rf\[24\]\[31\]$_DFFE_PP_/D
     494* |       0 |      34 |       22 |      2 |    19 |    +0.2% |    1.242 |     -261.7 |        0.0 |    997 | riscv.dp.rf.rf\[24\]\[31\]$_DFFE_PP_/D
     495* |       0 |      34 |       22 |      2 |    19 |    +0.2% |    1.242 |     -261.7 |        0.0 |    997 | riscv.dp.rf.rf\[24\]\[31\]$_DFFE_PP_/D
     496* |       0 |      34 |       22 |      2 |    19 |    +0.2% |    1.242 |     -261.7 |        0.0 |    997 | riscv.dp.rf.rf\[24\]\[31\]$_DFFE_PP_/D
     497* |       0 |      34 |       22 |      2 |    19 |    +0.2% |    1.242 |     -261.7 |        0.0 |    997 | riscv.dp.rf.rf\[24\]\[31\]$_DFFE_PP_/D
     498* |       0 |      34 |       22 |      2 |    19 |    +0.2% |    1.242 |     -261.7 |        0.0 |    997 | riscv.dp.rf.rf\[24\]\[31\]$_DFFE_PP_/D
     499* |       0 |      34 |       22 |      2 |    19 |    +0.2% |    1.242 |     -261.7 |        0.0 |    997 | riscv.dp.rf.rf\[24\]\[31\]$_DFFE_PP_/D
     500* |       0 |      34 |       22 |      2 |    19 |    +0.2% |    1.242 |     -261.7 |        0.0 |    997 | riscv.dp.rf.rf\[24\]\[31\]$_DFFE_PP_/D
     500* |       0 |      34 |       22 |      2 |    19 |    +0.2% |    1.242 |     -261.7 |        0.0 |    997 | riscv.dp.rf.rf\[24\]\[31\]$_DFFE_PP_/D
     501* |       0 |      34 |       22 |      2 |    19 |    +0.2% |    1.242 |     -261.7 |        0.0 |    997 | riscv.dp.rf.rf\[24\]\[31\]$_DFFE_PP_/D
     502* |       0 |      34 |       22 |      2 |    19 |    +0.2% |    1.242 |     -261.7 |        0.0 |    997 | riscv.dp.rf.rf\[24\]\[31\]$_DFFE_PP_/D
     503* |       0 |      34 |       22 |      2 |    19 |    +0.2% |    1.242 |     -261.7 |        0.0 |    997 | riscv.dp.rf.rf\[24\]\[31\]$_DFFE_PP_/D
     504* |       0 |      34 |       22 |      2 |    19 |    +0.2% |    1.242 |     -261.7 |        0.0 |    997 | riscv.dp.rf.rf\[24\]\[31\]$_DFFE_PP_/D
     505* |       0 |      34 |       22 |      2 |    19 |    +0.2% |    1.242 |     -261.7 |        0.0 |    997 | riscv.dp.rf.rf\[24\]\[31\]$_DFFE_PP_/D
     506* |       0 |      34 |       22 |      2 |    19 |    +0.2% |    1.242 |     -261.7 |        0.0 |    997 | riscv.dp.rf.rf\[24\]\[31\]$_DFFE_PP_/D
     507* |       0 |      34 |       22 |      2 |    19 |    +0.2% |    1.242 |     -261.7 |        0.0 |    997 | riscv.dp.rf.rf\[24\]\[31\]$_DFFE_PP_/D
     508* |       0 |      34 |       22 |      2 |    19 |    +0.2% |    1.242 |     -261.7 |        0.0 |    997 | riscv.dp.rf.rf\[24\]\[31\]$_DFFE_PP_/D
     509* |       0 |      34 |       22 |      2 |    19 |    +0.2% |    1.242 |     -261.7 |        0.0 |    997 | riscv.dp.rf.rf\[24\]\[31\]$_DFFE_PP_/D
     510* |       0 |      34 |       22 |      2 |    19 |    +0.2% |    1.242 |     -261.7 |        0.0 |    997 | riscv.dp.rf.rf\[24\]\[31\]$_DFFE_PP_/D
     510* |       0 |      34 |       22 |      2 |    19 |    +0.2% |    1.242 |     -261.7 |        0.0 |    997 | riscv.dp.rf.rf\[24\]\[31\]$_DFFE_PP_/D
     511* |       0 |      34 |       22 |      2 |    19 |    +0.2% |    1.242 |     -261.7 |        0.0 |    997 | riscv.dp.rf.rf\[24\]\[31\]$_DFFE_PP_/D
     512* |       0 |      34 |       22 |      2 |    19 |    +0.2% |    1.242 |     -261.7 |        0.0 |    997 | riscv.dp.rf.rf\[24\]\[31\]$_DFFE_PP_/D
     513* |       0 |      34 |       22 |      2 |    19 |    +0.2% |    1.242 |     -261.7 |        0.0 |    997 | riscv.dp.rf.rf\[24\]\[31\]$_DFFE_PP_/D
     514* |       0 |      34 |       22 |      2 |    19 |    +0.2% |    1.242 |     -261.7 |        0.0 |    997 | riscv.dp.rf.rf\[24\]\[31\]$_DFFE_PP_/D
     515* |       0 |      34 |       22 |      2 |    19 |    +0.2% |    1.242 |     -261.7 |        0.0 |    997 | riscv.dp.rf.rf\[24\]\[31\]$_DFFE_PP_/D
     516* |       0 |      34 |       22 |      2 |    19 |    +0.2% |    1.242 |     -261.7 |        0.0 |    997 | riscv.dp.rf.rf\[24\]\[31\]$_DFFE_PP_/D
     517* |       0 |      34 |       22 |      2 |    19 |    +0.2% |    1.242 |     -261.7 |        0.0 |    997 | riscv.dp.rf.rf\[24\]\[31\]$_DFFE_PP_/D
     518* |       0 |      34 |       22 |      2 |    19 |    +0.2% |    1.242 |     -261.7 |        0.0 |    997 | riscv.dp.rf.rf\[24\]\[31\]$_DFFE_PP_/D
     519* |       0 |      34 |       22 |      2 |    19 |    +0.2% |    1.242 |     -261.7 |        0.0 |    997 | riscv.dp.rf.rf\[24\]\[31\]$_DFFE_PP_/D
     520* |       0 |      34 |       22 |      2 |    19 |    +0.2% |    1.242 |     -261.7 |        0.0 |    997 | riscv.dp.rf.rf\[24\]\[31\]$_DFFE_PP_/D
     520* |       0 |      34 |       22 |      2 |    19 |    +0.2% |    1.242 |     -261.7 |        0.0 |    997 | riscv.dp.rf.rf\[24\]\[31\]$_DFFE_PP_/D
     521* |       0 |      34 |       22 |      2 |    19 |    +0.2% |    1.242 |     -261.7 |        0.0 |    997 | riscv.dp.rf.rf\[24\]\[31\]$_DFFE_PP_/D
     522* |       0 |      34 |       22 |      2 |    19 |    +0.2% |    1.242 |     -261.7 |        0.0 |    997 | riscv.dp.rf.rf\[24\]\[31\]$_DFFE_PP_/D
     523* |       0 |      34 |       22 |      2 |    19 |    +0.2% |    1.242 |     -261.7 |        0.0 |    997 | riscv.dp.rf.rf\[24\]\[31\]$_DFFE_PP_/D
     524* |       0 |      34 |       22 |      2 |    19 |    +0.2% |    1.242 |     -261.7 |        0.0 |    997 | riscv.dp.rf.rf\[24\]\[31\]$_DFFE_PP_/D
     525* |       0 |      34 |       22 |      2 |    19 |    +0.2% |    1.242 |     -261.7 |        0.0 |    997 | riscv.dp.rf.rf\[24\]\[31\]$_DFFE_PP_/D
     526* |       0 |      34 |       22 |      2 |    19 |    +0.2% |    1.242 |     -261.7 |        0.0 |    997 | riscv.dp.rf.rf\[24\]\[31\]$_DFFE_PP_/D
     527* |       0 |      34 |       22 |      2 |    19 |    +0.2% |    1.242 |     -261.7 |        0.0 |    997 | riscv.dp.rf.rf\[24\]\[31\]$_DFFE_PP_/D
     528* |       0 |      34 |       22 |      2 |    19 |    +0.2% |    1.242 |     -261.7 |        0.0 |    997 | riscv.dp.rf.rf\[24\]\[31\]$_DFFE_PP_/D
     529* |       0 |      34 |       22 |      2 |    19 |    +0.2% |    1.242 |     -261.7 |        0.0 |    997 | riscv.dp.rf.rf\[24\]\[31\]$_DFFE_PP_/D
     530* |       0 |      34 |       22 |      2 |    19 |    +0.2% |    1.242 |     -261.7 |        0.0 |    997 | riscv.dp.rf.rf\[24\]\[31\]$_DFFE_PP_/D
     530* |       0 |      34 |       22 |      2 |    19 |    +0.2% |    1.242 |     -261.7 |        0.0 |    997 | riscv.dp.rf.rf\[24\]\[31\]$_DFFE_PP_/D
     531* |       0 |      34 |       22 |      2 |    19 |    +0.2% |    1.242 |     -261.7 |        0.0 |    997 | riscv.dp.rf.rf\[24\]\[31\]$_DFFE_PP_/D
     532* |       0 |      34 |       22 |      2 |    19 |    +0.2% |    1.242 |     -261.7 |        0.0 |    997 | riscv.dp.rf.rf\[24\]\[31\]$_DFFE_PP_/D
     533* |       0 |      34 |       22 |      2 |    19 |    +0.2% |    1.242 |     -261.7 |        0.0 |    997 | riscv.dp.rf.rf\[24\]\[31\]$_DFFE_PP_/D
     534* |       0 |      34 |       22 |      2 |    19 |    +0.2% |    1.242 |     -261.7 |        0.0 |    997 | riscv.dp.rf.rf\[24\]\[31\]$_DFFE_PP_/D
     535* |       0 |      34 |       22 |      2 |    19 |    +0.2% |    1.242 |     -261.7 |        0.0 |    997 | riscv.dp.rf.rf\[24\]\[31\]$_DFFE_PP_/D
     536* |       0 |      34 |       22 |      2 |    19 |    +0.2% |    1.242 |     -261.7 |        0.0 |    997 | riscv.dp.rf.rf\[24\]\[31\]$_DFFE_PP_/D
     537* |       0 |      34 |       22 |      2 |    19 |    +0.2% |    1.242 |     -261.7 |        0.0 |    997 | riscv.dp.rf.rf\[24\]\[31\]$_DFFE_PP_/D
     538* |       0 |      34 |       22 |      2 |    19 |    +0.2% |    1.242 |     -261.7 |        0.0 |    997 | riscv.dp.rf.rf\[24\]\[31\]$_DFFE_PP_/D
     539* |       0 |      34 |       22 |      2 |    19 |    +0.2% |    1.242 |     -261.7 |        0.0 |    997 | riscv.dp.rf.rf\[24\]\[31\]$_DFFE_PP_/D
     540* |       0 |      34 |       22 |      2 |    19 |    +0.2% |    1.242 |     -261.7 |        0.0 |    997 | riscv.dp.rf.rf\[24\]\[31\]$_DFFE_PP_/D
     540* |       0 |      34 |       22 |      2 |    19 |    +0.2% |    1.242 |     -261.7 |        0.0 |    997 | riscv.dp.rf.rf\[24\]\[31\]$_DFFE_PP_/D
     541* |       0 |      34 |       22 |      2 |    19 |    +0.2% |    1.242 |     -261.7 |        0.0 |    997 | riscv.dp.rf.rf\[24\]\[31\]$_DFFE_PP_/D
     542* |       0 |      34 |       22 |      2 |    19 |    +0.2% |    1.242 |     -261.7 |        0.0 |    997 | riscv.dp.rf.rf\[24\]\[31\]$_DFFE_PP_/D
     543* |       0 |      34 |       22 |      2 |    19 |    +0.2% |    1.242 |     -261.7 |        0.0 |    997 | riscv.dp.rf.rf\[24\]\[31\]$_DFFE_PP_/D
     544* |       0 |      34 |       22 |      2 |    19 |    +0.2% |    1.242 |     -261.7 |        0.0 |    997 | riscv.dp.rf.rf\[24\]\[31\]$_DFFE_PP_/D
     545* |       0 |      34 |       22 |      2 |    19 |    +0.2% |    1.242 |     -261.7 |        0.0 |    997 | riscv.dp.rf.rf\[24\]\[31\]$_DFFE_PP_/D
     546* |       0 |      34 |       22 |      2 |    19 |    +0.2% |    1.242 |     -261.7 |        0.0 |    997 | riscv.dp.rf.rf\[24\]\[31\]$_DFFE_PP_/D
     547* |       0 |      34 |       22 |      2 |    19 |    +0.2% |    1.242 |     -261.7 |        0.0 |    997 | riscv.dp.rf.rf\[24\]\[31\]$_DFFE_PP_/D
     548* |       0 |      34 |       22 |      2 |    19 |    +0.2% |    1.242 |     -261.7 |        0.0 |    997 | riscv.dp.rf.rf\[24\]\[31\]$_DFFE_PP_/D
     549* |       0 |      34 |       22 |      2 |    19 |    +0.2% |    1.242 |     -261.7 |        0.0 |    997 | riscv.dp.rf.rf\[24\]\[31\]$_DFFE_PP_/D
     550* |       0 |      34 |       22 |      2 |    19 |    +0.2% |    1.242 |     -261.7 |        0.0 |    997 | riscv.dp.rf.rf\[24\]\[31\]$_DFFE_PP_/D
     550* |       0 |      34 |       22 |      2 |    19 |    +0.2% |    1.242 |     -261.7 |        0.0 |    997 | riscv.dp.rf.rf\[24\]\[31\]$_DFFE_PP_/D
     551* |       0 |      34 |       22 |      2 |    19 |    +0.2% |    1.242 |     -261.7 |        0.0 |    997 | riscv.dp.rf.rf\[24\]\[31\]$_DFFE_PP_/D
     552* |       0 |      34 |       22 |      2 |    19 |    +0.2% |    1.242 |     -261.7 |        0.0 |    997 | riscv.dp.rf.rf\[24\]\[31\]$_DFFE_PP_/D
     553* |       0 |      34 |       22 |      2 |    19 |    +0.2% |    1.242 |     -261.7 |        0.0 |    997 | riscv.dp.rf.rf\[24\]\[31\]$_DFFE_PP_/D
     554* |       0 |      34 |       22 |      2 |    19 |    +0.2% |    1.242 |     -261.7 |        0.0 |    997 | riscv.dp.rf.rf\[24\]\[31\]$_DFFE_PP_/D
     555* |       0 |      34 |       22 |      2 |    19 |    +0.2% |    1.242 |     -261.7 |        0.0 |    997 | riscv.dp.rf.rf\[24\]\[31\]$_DFFE_PP_/D
     556* |       0 |      34 |       22 |      2 |    19 |    +0.2% |    1.242 |     -261.7 |        0.0 |    997 | riscv.dp.rf.rf\[24\]\[31\]$_DFFE_PP_/D
     557* |       0 |      34 |       22 |      2 |    19 |    +0.2% |    1.242 |     -261.7 |        0.0 |    997 | riscv.dp.rf.rf\[24\]\[31\]$_DFFE_PP_/D
     558* |       0 |      34 |       22 |      2 |    19 |    +0.2% |    1.242 |     -261.7 |        0.0 |    997 | riscv.dp.rf.rf\[24\]\[31\]$_DFFE_PP_/D
     559* |       0 |      34 |       22 |      2 |    19 |    +0.2% |    1.242 |     -261.7 |        0.0 |    997 | riscv.dp.rf.rf\[24\]\[31\]$_DFFE_PP_/D
     560* |       0 |      34 |       22 |      2 |    19 |    +0.2% |    1.242 |     -261.7 |        0.0 |    997 | riscv.dp.rf.rf\[24\]\[31\]$_DFFE_PP_/D
     560* |       0 |      34 |       22 |      2 |    19 |    +0.2% |    1.242 |     -261.7 |        0.0 |    997 | riscv.dp.rf.rf\[24\]\[31\]$_DFFE_PP_/D
     561* |       0 |      34 |       22 |      2 |    19 |    +0.2% |    1.242 |     -261.7 |        0.0 |    997 | riscv.dp.rf.rf\[24\]\[31\]$_DFFE_PP_/D
     562* |       0 |      34 |       22 |      2 |    19 |    +0.2% |    1.242 |     -261.7 |        0.0 |    997 | riscv.dp.rf.rf\[24\]\[31\]$_DFFE_PP_/D
     563* |       0 |      34 |       22 |      2 |    19 |    +0.2% |    1.242 |     -261.7 |        0.0 |    997 | riscv.dp.rf.rf\[24\]\[31\]$_DFFE_PP_/D
     564* |       0 |      34 |       22 |      2 |    19 |    +0.2% |    1.242 |     -261.7 |        0.0 |    997 | riscv.dp.rf.rf\[24\]\[31\]$_DFFE_PP_/D
     565* |       0 |      34 |       22 |      2 |    19 |    +0.2% |    1.242 |     -261.7 |        0.0 |    997 | riscv.dp.rf.rf\[24\]\[31\]$_DFFE_PP_/D
     566* |       0 |      34 |       22 |      2 |    19 |    +0.2% |    1.242 |     -261.7 |        0.0 |    997 | riscv.dp.rf.rf\[24\]\[31\]$_DFFE_PP_/D
     567* |       0 |      34 |       22 |      2 |    19 |    +0.2% |    1.242 |     -261.7 |        0.0 |    997 | riscv.dp.rf.rf\[24\]\[31\]$_DFFE_PP_/D
     568* |       0 |      34 |       22 |      2 |    19 |    +0.2% |    1.242 |     -261.7 |        0.0 |    997 | riscv.dp.rf.rf\[24\]\[31\]$_DFFE_PP_/D
     569* |       0 |      34 |       22 |      2 |    19 |    +0.2% |    1.242 |     -261.7 |        0.0 |    997 | riscv.dp.rf.rf\[24\]\[31\]$_DFFE_PP_/D
     570* |       0 |      34 |       22 |      2 |    19 |    +0.2% |    1.242 |     -261.7 |        0.0 |    997 | riscv.dp.rf.rf\[24\]\[31\]$_DFFE_PP_/D
     570* |       0 |      34 |       22 |      2 |    19 |    +0.2% |    1.242 |     -261.7 |        0.0 |    997 | riscv.dp.rf.rf\[24\]\[31\]$_DFFE_PP_/D
     571* |       0 |      34 |       22 |      2 |    19 |    +0.2% |    1.242 |     -261.7 |        0.0 |    997 | riscv.dp.rf.rf\[24\]\[31\]$_DFFE_PP_/D
     572* |       0 |      34 |       22 |      2 |    19 |    +0.2% |    1.242 |     -261.7 |        0.0 |    997 | riscv.dp.rf.rf\[24\]\[31\]$_DFFE_PP_/D
     573* |       0 |      34 |       22 |      2 |    19 |    +0.2% |    1.242 |     -261.7 |        0.0 |    997 | riscv.dp.rf.rf\[24\]\[31\]$_DFFE_PP_/D
     574* |       0 |      34 |       22 |      2 |    19 |    +0.2% |    1.242 |     -261.7 |        0.0 |    997 | riscv.dp.rf.rf\[24\]\[31\]$_DFFE_PP_/D
     575* |       0 |      34 |       22 |      2 |    19 |    +0.2% |    1.242 |     -261.7 |        0.0 |    997 | riscv.dp.rf.rf\[24\]\[31\]$_DFFE_PP_/D
     576* |       0 |      34 |       22 |      2 |    19 |    +0.2% |    1.242 |     -261.7 |        0.0 |    997 | riscv.dp.rf.rf\[24\]\[31\]$_DFFE_PP_/D
     577* |       0 |      34 |       22 |      2 |    19 |    +0.2% |    1.242 |     -261.7 |        0.0 |    997 | riscv.dp.rf.rf\[24\]\[31\]$_DFFE_PP_/D
     578* |       0 |      34 |       22 |      2 |    19 |    +0.2% |    1.242 |     -261.7 |        0.0 |    997 | riscv.dp.rf.rf\[24\]\[31\]$_DFFE_PP_/D
     579* |       0 |      34 |       22 |      2 |    19 |    +0.2% |    1.242 |     -261.7 |        0.0 |    997 | riscv.dp.rf.rf\[24\]\[31\]$_DFFE_PP_/D
     580* |       0 |      34 |       22 |      2 |    19 |    +0.2% |    1.242 |     -261.7 |        0.0 |    997 | riscv.dp.rf.rf\[24\]\[31\]$_DFFE_PP_/D
     580* |       0 |      34 |       22 |      2 |    19 |    +0.2% |    1.242 |     -261.7 |        0.0 |    997 | riscv.dp.rf.rf\[24\]\[31\]$_DFFE_PP_/D
     581* |       0 |      34 |       22 |      2 |    19 |    +0.2% |    1.242 |     -261.7 |        0.0 |    997 | riscv.dp.rf.rf\[24\]\[31\]$_DFFE_PP_/D
     582* |       0 |      34 |       22 |      2 |    19 |    +0.2% |    1.242 |     -261.7 |        0.0 |    997 | riscv.dp.rf.rf\[24\]\[31\]$_DFFE_PP_/D
     583* |       0 |      34 |       22 |      2 |    19 |    +0.2% |    1.242 |     -261.7 |        0.0 |    997 | riscv.dp.rf.rf\[24\]\[31\]$_DFFE_PP_/D
     584* |       0 |      34 |       22 |      2 |    19 |    +0.2% |    1.242 |     -261.7 |        0.0 |    997 | riscv.dp.rf.rf\[24\]\[31\]$_DFFE_PP_/D
     585* |       0 |      34 |       22 |      2 |    19 |    +0.2% |    1.242 |     -261.7 |        0.0 |    997 | riscv.dp.rf.rf\[24\]\[31\]$_DFFE_PP_/D
     586* |       0 |      34 |       22 |      2 |    19 |    +0.2% |    1.242 |     -261.7 |        0.0 |    997 | riscv.dp.rf.rf\[24\]\[31\]$_DFFE_PP_/D
     587* |       0 |      34 |       22 |      2 |    19 |    +0.2% |    1.242 |     -261.7 |        0.0 |    997 | riscv.dp.rf.rf\[24\]\[31\]$_DFFE_PP_/D
     588* |       0 |      34 |       22 |      2 |    19 |    +0.2% |    1.242 |     -261.7 |        0.0 |    997 | riscv.dp.rf.rf\[24\]\[31\]$_DFFE_PP_/D
     589* |       0 |      34 |       22 |      2 |    19 |    +0.2% |    1.242 |     -261.7 |        0.0 |    997 | riscv.dp.rf.rf\[24\]\[31\]$_DFFE_PP_/D
     590* |       0 |      34 |       22 |      2 |    19 |    +0.2% |    1.242 |     -261.7 |        0.0 |    997 | riscv.dp.rf.rf\[24\]\[31\]$_DFFE_PP_/D
     590* |       0 |      34 |       22 |      2 |    19 |    +0.2% |    1.242 |     -261.7 |        0.0 |    997 | riscv.dp.rf.rf\[24\]\[31\]$_DFFE_PP_/D
     591* |       0 |      34 |       22 |      2 |    19 |    +0.2% |    1.242 |     -261.7 |        0.0 |    997 | riscv.dp.rf.rf\[24\]\[31\]$_DFFE_PP_/D
     592* |       0 |      34 |       22 |      2 |    19 |    +0.2% |    1.242 |     -261.7 |        0.0 |    997 | riscv.dp.rf.rf\[24\]\[31\]$_DFFE_PP_/D
     593* |       0 |      34 |       22 |      2 |    19 |    +0.2% |    1.242 |     -261.7 |        0.0 |    997 | riscv.dp.rf.rf\[24\]\[31\]$_DFFE_PP_/D
     594* |       0 |      34 |       22 |      2 |    19 |    +0.2% |    1.242 |     -261.7 |        0.0 |    997 | riscv.dp.rf.rf\[24\]\[31\]$_DFFE_PP_/D
     595* |       0 |      34 |       22 |      2 |    19 |    +0.2% |    1.242 |     -261.7 |        0.0 |    997 | riscv.dp.rf.rf\[24\]\[31\]$_DFFE_PP_/D
     596* |       0 |      34 |       22 |      2 |    19 |    +0.2% |    1.242 |     -261.7 |        0.0 |    997 | riscv.dp.rf.rf\[24\]\[31\]$_DFFE_PP_/D
     597* |       0 |      34 |       22 |      2 |    19 |    +0.2% |    1.242 |     -261.7 |        0.0 |    997 | riscv.dp.rf.rf\[24\]\[31\]$_DFFE_PP_/D
     598* |       0 |      34 |       22 |      2 |    19 |    +0.2% |    1.242 |     -261.7 |        0.0 |    997 | riscv.dp.rf.rf\[24\]\[31\]$_DFFE_PP_/D
     599* |       0 |      34 |       22 |      2 |    19 |    +0.2% |    1.242 |     -261.7 |        0.0 |    997 | riscv.dp.rf.rf\[24\]\[31\]$_DFFE_PP_/D
     600* |       0 |      34 |       22 |      2 |    19 |    +0.2% |    1.242 |     -261.7 |        0.0 |    997 | riscv.dp.rf.rf\[24\]\[31\]$_DFFE_PP_/D
     600* |       0 |      34 |       22 |      2 |    19 |    +0.2% |    1.242 |     -261.7 |        0.0 |    997 | riscv.dp.rf.rf\[24\]\[31\]$_DFFE_PP_/D
     601* |       0 |      34 |       22 |      2 |    19 |    +0.2% |    1.242 |     -261.7 |        0.0 |    997 | riscv.dp.rf.rf\[24\]\[31\]$_DFFE_PP_/D
     602* |       0 |      34 |       22 |      2 |    19 |    +0.2% |    1.242 |     -261.7 |        0.0 |    997 | riscv.dp.rf.rf\[24\]\[31\]$_DFFE_PP_/D
     603* |       0 |      34 |       22 |      2 |    19 |    +0.2% |    1.242 |     -261.7 |        0.0 |    997 | riscv.dp.rf.rf\[24\]\[31\]$_DFFE_PP_/D
     604* |       0 |      34 |       22 |      2 |    19 |    +0.2% |    1.242 |     -261.7 |        0.0 |    997 | riscv.dp.rf.rf\[24\]\[31\]$_DFFE_PP_/D
     605* |       0 |      34 |       22 |      2 |    19 |    +0.2% |    1.242 |     -261.7 |        0.0 |    997 | riscv.dp.rf.rf\[24\]\[31\]$_DFFE_PP_/D
     606* |       0 |      34 |       22 |      2 |    19 |    +0.2% |    1.242 |     -261.7 |        0.0 |    997 | riscv.dp.rf.rf\[24\]\[31\]$_DFFE_PP_/D
     607* |       0 |      34 |       22 |      2 |    19 |    +0.2% |    1.242 |     -261.7 |        0.0 |    997 | riscv.dp.rf.rf\[24\]\[31\]$_DFFE_PP_/D
     608* |       0 |      34 |       22 |      2 |    19 |    +0.2% |    1.242 |     -261.7 |        0.0 |    997 | riscv.dp.rf.rf\[24\]\[31\]$_DFFE_PP_/D
     609* |       0 |      34 |       22 |      2 |    19 |    +0.2% |    1.242 |     -261.7 |        0.0 |    997 | riscv.dp.rf.rf\[24\]\[31\]$_DFFE_PP_/D
     610* |       0 |      34 |       22 |      2 |    19 |    +0.2% |    1.242 |     -261.7 |        0.0 |    997 | riscv.dp.rf.rf\[24\]\[31\]$_DFFE_PP_/D
     610* |       0 |      34 |       22 |      2 |    19 |    +0.2% |    1.242 |     -261.7 |        0.0 |    997 | riscv.dp.rf.rf\[24\]\[31\]$_DFFE_PP_/D
     611* |       0 |      34 |       22 |      2 |    19 |    +0.2% |    1.242 |     -261.7 |        0.0 |    997 | riscv.dp.rf.rf\[24\]\[31\]$_DFFE_PP_/D
     612* |       0 |      34 |       22 |      2 |    19 |    +0.2% |    1.242 |     -261.7 |        0.0 |    997 | riscv.dp.rf.rf\[24\]\[31\]$_DFFE_PP_/D
     613* |       0 |      34 |       22 |      2 |    19 |    +0.2% |    1.242 |     -261.7 |        0.0 |    997 | riscv.dp.rf.rf\[24\]\[31\]$_DFFE_PP_/D
     614* |       0 |      34 |       22 |      2 |    19 |    +0.2% |    1.242 |     -261.7 |        0.0 |    997 | riscv.dp.rf.rf\[24\]\[31\]$_DFFE_PP_/D
     615* |       0 |      34 |       22 |      2 |    19 |    +0.2% |    1.242 |     -261.7 |        0.0 |    997 | riscv.dp.rf.rf\[24\]\[31\]$_DFFE_PP_/D
     616* |       0 |      34 |       22 |      2 |    19 |    +0.2% |    1.242 |     -261.7 |        0.0 |    997 | riscv.dp.rf.rf\[24\]\[31\]$_DFFE_PP_/D
     617* |       0 |      34 |       22 |      2 |    19 |    +0.2% |    1.242 |     -261.7 |        0.0 |    997 | riscv.dp.rf.rf\[24\]\[31\]$_DFFE_PP_/D
     618* |       0 |      34 |       22 |      2 |    19 |    +0.2% |    1.242 |     -261.7 |        0.0 |    997 | riscv.dp.rf.rf\[24\]\[31\]$_DFFE_PP_/D
     619* |       0 |      34 |       22 |      2 |    19 |    +0.2% |    1.242 |     -261.7 |        0.0 |    997 | riscv.dp.rf.rf\[24\]\[31\]$_DFFE_PP_/D
     620* |       0 |      34 |       22 |      2 |    19 |    +0.2% |    1.242 |     -261.7 |        0.0 |    997 | riscv.dp.rf.rf\[24\]\[31\]$_DFFE_PP_/D
     620* |       0 |      34 |       22 |      2 |    19 |    +0.2% |    1.242 |     -261.7 |        0.0 |    997 | riscv.dp.rf.rf\[24\]\[31\]$_DFFE_PP_/D
     621* |       0 |      34 |       22 |      2 |    19 |    +0.2% |    1.242 |     -261.7 |        0.0 |    997 | riscv.dp.rf.rf\[24\]\[31\]$_DFFE_PP_/D
     622* |       0 |      34 |       22 |      2 |    19 |    +0.2% |    1.242 |     -261.7 |        0.0 |    997 | riscv.dp.rf.rf\[24\]\[31\]$_DFFE_PP_/D
     623* |       0 |      34 |       22 |      2 |    19 |    +0.2% |    1.242 |     -261.7 |        0.0 |    997 | riscv.dp.rf.rf\[24\]\[31\]$_DFFE_PP_/D
     624* |       0 |      34 |       22 |      2 |    19 |    +0.2% |    1.242 |     -261.7 |        0.0 |    997 | riscv.dp.rf.rf\[24\]\[31\]$_DFFE_PP_/D
     625* |       0 |      34 |       22 |      2 |    19 |    +0.2% |    1.242 |     -261.7 |        0.0 |    997 | riscv.dp.rf.rf\[24\]\[31\]$_DFFE_PP_/D
     626* |       0 |      34 |       22 |      2 |    19 |    +0.2% |    1.242 |     -261.7 |        0.0 |    997 | riscv.dp.rf.rf\[24\]\[31\]$_DFFE_PP_/D
     627* |       0 |      34 |       22 |      2 |    19 |    +0.2% |    1.242 |     -261.7 |        0.0 |    997 | riscv.dp.rf.rf\[24\]\[31\]$_DFFE_PP_/D
     628* |       0 |      34 |       22 |      2 |    19 |    +0.2% |    1.242 |     -261.7 |        0.0 |    997 | riscv.dp.rf.rf\[24\]\[31\]$_DFFE_PP_/D
     629* |       0 |      34 |       22 |      2 |    19 |    +0.2% |    1.242 |     -261.7 |        0.0 |    997 | riscv.dp.rf.rf\[24\]\[31\]$_DFFE_PP_/D
     630* |       0 |      34 |       22 |      2 |    19 |    +0.2% |    1.242 |     -261.7 |        0.0 |    997 | riscv.dp.rf.rf\[24\]\[31\]$_DFFE_PP_/D
     630* |       0 |      34 |       22 |      2 |    19 |    +0.2% |    1.242 |     -261.7 |        0.0 |    997 | riscv.dp.rf.rf\[24\]\[31\]$_DFFE_PP_/D
     631* |       0 |      34 |       22 |      2 |    19 |    +0.2% |    1.242 |     -261.7 |        0.0 |    997 | riscv.dp.rf.rf\[24\]\[31\]$_DFFE_PP_/D
     632* |       0 |      34 |       22 |      2 |    19 |    +0.2% |    1.242 |     -261.7 |        0.0 |    997 | riscv.dp.rf.rf\[24\]\[31\]$_DFFE_PP_/D
     633* |       0 |      34 |       22 |      2 |    19 |    +0.2% |    1.242 |     -261.7 |        0.0 |    997 | riscv.dp.rf.rf\[24\]\[31\]$_DFFE_PP_/D
     634* |       0 |      34 |       22 |      2 |    19 |    +0.2% |    1.242 |     -261.7 |        0.0 |    997 | riscv.dp.rf.rf\[24\]\[31\]$_DFFE_PP_/D
     635* |       0 |      34 |       22 |      2 |    19 |    +0.2% |    1.242 |     -261.7 |        0.0 |    997 | riscv.dp.rf.rf\[24\]\[31\]$_DFFE_PP_/D
     636* |       0 |      34 |       22 |      2 |    19 |    +0.2% |    1.242 |     -261.7 |        0.0 |    997 | riscv.dp.rf.rf\[24\]\[31\]$_DFFE_PP_/D
     637* |       0 |      34 |       22 |      2 |    19 |    +0.2% |    1.242 |     -261.7 |        0.0 |    997 | riscv.dp.rf.rf\[24\]\[31\]$_DFFE_PP_/D
     638* |       0 |      34 |       22 |      2 |    19 |    +0.2% |    1.242 |     -261.7 |        0.0 |    997 | riscv.dp.rf.rf\[24\]\[31\]$_DFFE_PP_/D
     639* |       0 |      34 |       22 |      2 |    19 |    +0.2% |    1.242 |     -261.7 |        0.0 |    997 | riscv.dp.rf.rf\[24\]\[31\]$_DFFE_PP_/D
     640* |       0 |      34 |       22 |      2 |    19 |    +0.2% |    1.242 |     -261.7 |        0.0 |    997 | riscv.dp.rf.rf\[24\]\[31\]$_DFFE_PP_/D
     640* |       0 |      34 |       22 |      2 |    19 |    +0.2% |    1.242 |     -261.7 |        0.0 |    997 | riscv.dp.rf.rf\[24\]\[31\]$_DFFE_PP_/D
     641* |       0 |      34 |       22 |      2 |    19 |    +0.2% |    1.242 |     -261.7 |        0.0 |    997 | riscv.dp.rf.rf\[24\]\[31\]$_DFFE_PP_/D
     642* |       0 |      34 |       22 |      2 |    19 |    +0.2% |    1.242 |     -261.7 |        0.0 |    997 | riscv.dp.rf.rf\[24\]\[31\]$_DFFE_PP_/D
     643* |       0 |      34 |       22 |      2 |    19 |    +0.2% |    1.242 |     -261.7 |        0.0 |    997 | riscv.dp.rf.rf\[24\]\[31\]$_DFFE_PP_/D
     644* |       0 |      34 |       22 |      2 |    19 |    +0.2% |    1.242 |     -261.7 |        0.0 |    997 | riscv.dp.rf.rf\[24\]\[31\]$_DFFE_PP_/D
     645* |       0 |      34 |       22 |      2 |    19 |    +0.2% |    1.242 |     -261.7 |        0.0 |    997 | riscv.dp.rf.rf\[24\]\[31\]$_DFFE_PP_/D
     646* |       0 |      34 |       22 |      2 |    19 |    +0.2% |    1.242 |     -261.7 |        0.0 |    997 | riscv.dp.rf.rf\[24\]\[31\]$_DFFE_PP_/D
     647* |       0 |      34 |       22 |      2 |    19 |    +0.2% |    1.242 |     -261.7 |        0.0 |    997 | riscv.dp.rf.rf\[24\]\[31\]$_DFFE_PP_/D
     648* |       0 |      34 |       22 |      2 |    19 |    +0.2% |    1.242 |     -261.7 |        0.0 |    997 | riscv.dp.rf.rf\[24\]\[31\]$_DFFE_PP_/D
     649* |       0 |      34 |       22 |      2 |    19 |    +0.2% |    1.242 |     -261.7 |        0.0 |    997 | riscv.dp.rf.rf\[24\]\[31\]$_DFFE_PP_/D
     650* |       0 |      34 |       22 |      2 |    19 |    +0.2% |    1.242 |     -261.7 |        0.0 |    997 | riscv.dp.rf.rf\[24\]\[31\]$_DFFE_PP_/D
     650* |       0 |      34 |       22 |      2 |    19 |    +0.2% |    1.242 |     -261.7 |        0.0 |    997 | riscv.dp.rf.rf\[24\]\[31\]$_DFFE_PP_/D
     651* |       0 |      34 |       22 |      2 |    19 |    +0.2% |    1.242 |     -261.7 |        0.0 |    997 | riscv.dp.rf.rf\[24\]\[31\]$_DFFE_PP_/D
     652* |       0 |      34 |       22 |      2 |    19 |    +0.2% |    1.242 |     -261.7 |        0.0 |    997 | riscv.dp.rf.rf\[24\]\[31\]$_DFFE_PP_/D
     653* |       0 |      34 |       22 |      2 |    19 |    +0.2% |    1.242 |     -261.7 |        0.0 |    997 | riscv.dp.rf.rf\[24\]\[31\]$_DFFE_PP_/D
     654* |       0 |      34 |       22 |      2 |    19 |    +0.2% |    1.242 |     -261.7 |        0.0 |    997 | riscv.dp.rf.rf\[24\]\[31\]$_DFFE_PP_/D
     655* |       0 |      34 |       22 |      2 |    19 |    +0.2% |    1.242 |     -261.7 |        0.0 |    997 | riscv.dp.rf.rf\[24\]\[31\]$_DFFE_PP_/D
     656* |       0 |      34 |       22 |      2 |    19 |    +0.2% |    1.242 |     -261.7 |        0.0 |    997 | riscv.dp.rf.rf\[24\]\[31\]$_DFFE_PP_/D
     657* |       0 |      34 |       22 |      2 |    19 |    +0.2% |    1.242 |     -261.7 |        0.0 |    997 | riscv.dp.rf.rf\[24\]\[31\]$_DFFE_PP_/D
     658* |       0 |      34 |       22 |      2 |    19 |    +0.2% |    1.242 |     -261.7 |        0.0 |    997 | riscv.dp.rf.rf\[24\]\[31\]$_DFFE_PP_/D
     659* |       0 |      34 |       22 |      2 |    19 |    +0.2% |    1.242 |     -261.7 |        0.0 |    997 | riscv.dp.rf.rf\[24\]\[31\]$_DFFE_PP_/D
     660* |       0 |      34 |       22 |      2 |    19 |    +0.2% |    1.242 |     -261.7 |        0.0 |    997 | riscv.dp.rf.rf\[24\]\[31\]$_DFFE_PP_/D
     660* |       0 |      34 |       22 |      2 |    19 |    +0.2% |    1.242 |     -261.7 |        0.0 |    997 | riscv.dp.rf.rf\[24\]\[31\]$_DFFE_PP_/D
     661* |       0 |      34 |       22 |      2 |    19 |    +0.2% |    1.242 |     -261.7 |        0.0 |    997 | riscv.dp.rf.rf\[24\]\[31\]$_DFFE_PP_/D
     662* |       0 |      34 |       22 |      2 |    19 |    +0.2% |    1.242 |     -261.7 |        0.0 |    997 | riscv.dp.rf.rf\[24\]\[31\]$_DFFE_PP_/D
     663* |       0 |      34 |       22 |      2 |    19 |    +0.2% |    1.242 |     -261.7 |        0.0 |    997 | riscv.dp.rf.rf\[24\]\[31\]$_DFFE_PP_/D
     664* |       0 |      34 |       22 |      2 |    19 |    +0.2% |    1.242 |     -261.7 |        0.0 |    997 | riscv.dp.rf.rf\[24\]\[31\]$_DFFE_PP_/D
     665* |       0 |      34 |       22 |      2 |    19 |    +0.2% |    1.242 |     -261.7 |        0.0 |    997 | riscv.dp.rf.rf\[24\]\[31\]$_DFFE_PP_/D
     666* |       0 |      34 |       22 |      2 |    19 |    +0.2% |    1.242 |     -261.7 |        0.0 |    997 | riscv.dp.rf.rf\[24\]\[31\]$_DFFE_PP_/D
     667* |       0 |      34 |       22 |      2 |    19 |    +0.2% |    1.242 |     -261.7 |        0.0 |    997 | riscv.dp.rf.rf\[24\]\[31\]$_DFFE_PP_/D
     668* |       0 |      34 |       22 |      2 |    19 |    +0.2% |    1.242 |     -261.7 |        0.0 |    997 | riscv.dp.rf.rf\[24\]\[31\]$_DFFE_PP_/D
     669* |       0 |      34 |       22 |      2 |    19 |    +0.2% |    1.242 |     -261.7 |        0.0 |    997 | riscv.dp.rf.rf\[24\]\[31\]$_DFFE_PP_/D
     670* |       0 |      34 |       22 |      2 |    19 |    +0.2% |    1.242 |     -261.7 |        0.0 |    997 | riscv.dp.rf.rf\[24\]\[31\]$_DFFE_PP_/D
     670* |       0 |      34 |       22 |      2 |    19 |    +0.2% |    1.242 |     -261.7 |        0.0 |    997 | riscv.dp.rf.rf\[24\]\[31\]$_DFFE_PP_/D
     671* |       0 |      34 |       22 |      2 |    19 |    +0.2% |    1.242 |     -261.7 |        0.0 |    997 | riscv.dp.rf.rf\[24\]\[31\]$_DFFE_PP_/D
     672* |       0 |      34 |       22 |      2 |    19 |    +0.2% |    1.242 |     -261.7 |        0.0 |    997 | riscv.dp.rf.rf\[24\]\[31\]$_DFFE_PP_/D
     673* |       0 |      34 |       22 |      2 |    19 |    +0.2% |    1.242 |     -261.7 |        0.0 |    997 | riscv.dp.rf.rf\[24\]\[31\]$_DFFE_PP_/D
     674* |       0 |      34 |       22 |      2 |    19 |    +0.2% |    1.242 |     -261.7 |        0.0 |    997 | riscv.dp.rf.rf\[24\]\[31\]$_DFFE_PP_/D
     675* |       0 |      34 |       22 |      2 |    19 |    +0.2% |    1.242 |     -261.7 |        0.0 |    997 | riscv.dp.rf.rf\[24\]\[31\]$_DFFE_PP_/D
     676* |       0 |      34 |       22 |      2 |    19 |    +0.2% |    1.242 |     -261.7 |        0.0 |    997 | riscv.dp.rf.rf\[24\]\[31\]$_DFFE_PP_/D
     677* |       0 |      34 |       22 |      2 |    19 |    +0.2% |    1.242 |     -261.7 |        0.0 |    997 | riscv.dp.rf.rf\[24\]\[31\]$_DFFE_PP_/D
     678* |       0 |      34 |       22 |      2 |    19 |    +0.2% |    1.242 |     -261.7 |        0.0 |    997 | riscv.dp.rf.rf\[24\]\[31\]$_DFFE_PP_/D
     679* |       0 |      34 |       22 |      2 |    19 |    +0.2% |    1.242 |     -261.7 |        0.0 |    997 | riscv.dp.rf.rf\[24\]\[31\]$_DFFE_PP_/D
     680* |       0 |      34 |       22 |      2 |    19 |    +0.2% |    1.242 |     -261.7 |        0.0 |    997 | riscv.dp.rf.rf\[24\]\[31\]$_DFFE_PP_/D
     680* |       0 |      34 |       22 |      2 |    19 |    +0.2% |    1.242 |     -261.7 |        0.0 |    997 | riscv.dp.rf.rf\[24\]\[31\]$_DFFE_PP_/D
     681* |       0 |      34 |       22 |      2 |    19 |    +0.2% |    1.242 |     -261.7 |        0.0 |    997 | riscv.dp.rf.rf\[24\]\[31\]$_DFFE_PP_/D
     682* |       0 |      34 |       22 |      2 |    19 |    +0.2% |    1.242 |     -261.7 |        0.0 |    997 | riscv.dp.rf.rf\[24\]\[31\]$_DFFE_PP_/D
     683* |       0 |      34 |       22 |      2 |    19 |    +0.2% |    1.242 |     -261.7 |        0.0 |    997 | riscv.dp.rf.rf\[24\]\[31\]$_DFFE_PP_/D
     684* |       0 |      34 |       22 |      2 |    19 |    +0.2% |    1.242 |     -261.7 |        0.0 |    997 | riscv.dp.rf.rf\[24\]\[31\]$_DFFE_PP_/D
     685* |       0 |      34 |       22 |      2 |    19 |    +0.2% |    1.242 |     -261.7 |        0.0 |    997 | riscv.dp.rf.rf\[24\]\[31\]$_DFFE_PP_/D
     686* |       0 |      34 |       22 |      2 |    19 |    +0.2% |    1.242 |     -261.7 |        0.0 |    997 | riscv.dp.rf.rf\[24\]\[31\]$_DFFE_PP_/D
     687* |       0 |      34 |       22 |      2 |    19 |    +0.2% |    1.242 |     -261.7 |        0.0 |    997 | riscv.dp.rf.rf\[24\]\[31\]$_DFFE_PP_/D
     688* |       0 |      34 |       22 |      2 |    19 |    +0.2% |    1.242 |     -261.7 |        0.0 |    997 | riscv.dp.rf.rf\[24\]\[31\]$_DFFE_PP_/D
     689* |       0 |      34 |       22 |      2 |    19 |    +0.2% |    1.242 |     -261.7 |        0.0 |    997 | riscv.dp.rf.rf\[24\]\[31\]$_DFFE_PP_/D
     690* |       0 |      34 |       22 |      2 |    19 |    +0.2% |    1.242 |     -261.7 |        0.0 |    997 | riscv.dp.rf.rf\[24\]\[31\]$_DFFE_PP_/D
     690* |       0 |      34 |       22 |      2 |    19 |    +0.2% |    1.242 |     -261.7 |        0.0 |    997 | riscv.dp.rf.rf\[24\]\[31\]$_DFFE_PP_/D
     691* |       0 |      34 |       22 |      2 |    19 |    +0.2% |    1.242 |     -261.7 |        0.0 |    997 | riscv.dp.rf.rf\[24\]\[31\]$_DFFE_PP_/D
     692* |       0 |      34 |       22 |      2 |    19 |    +0.2% |    1.242 |     -261.7 |        0.0 |    997 | riscv.dp.rf.rf\[24\]\[31\]$_DFFE_PP_/D
     693* |       0 |      34 |       22 |      2 |    19 |    +0.2% |    1.242 |     -261.7 |        0.0 |    997 | riscv.dp.rf.rf\[24\]\[31\]$_DFFE_PP_/D
     694* |       0 |      34 |       22 |      2 |    19 |    +0.2% |    1.242 |     -261.7 |        0.0 |    997 | riscv.dp.rf.rf\[24\]\[31\]$_DFFE_PP_/D
     695* |       0 |      34 |       22 |      2 |    19 |    +0.2% |    1.242 |     -261.7 |        0.0 |    997 | riscv.dp.rf.rf\[24\]\[31\]$_DFFE_PP_/D
     696* |       0 |      34 |       22 |      2 |    19 |    +0.2% |    1.242 |     -261.7 |        0.0 |    997 | riscv.dp.rf.rf\[24\]\[31\]$_DFFE_PP_/D
     697* |       0 |      34 |       22 |      2 |    19 |    +0.2% |    1.242 |     -261.7 |        0.0 |    997 | riscv.dp.rf.rf\[24\]\[31\]$_DFFE_PP_/D
     698* |       0 |      34 |       22 |      2 |    19 |    +0.2% |    1.242 |     -261.7 |        0.0 |    997 | riscv.dp.rf.rf\[24\]\[31\]$_DFFE_PP_/D
     699* |       0 |      34 |       22 |      2 |    19 |    +0.2% |    1.242 |     -261.7 |        0.0 |    997 | riscv.dp.rf.rf\[24\]\[31\]$_DFFE_PP_/D
     700* |       0 |      34 |       22 |      2 |    19 |    +0.2% |    1.242 |     -261.7 |        0.0 |    997 | riscv.dp.rf.rf\[24\]\[31\]$_DFFE_PP_/D
     700* |       0 |      34 |       22 |      2 |    19 |    +0.2% |    1.242 |     -261.7 |        0.0 |    997 | riscv.dp.rf.rf\[24\]\[31\]$_DFFE_PP_/D
     701* |       0 |      34 |       22 |      2 |    19 |    +0.2% |    1.242 |     -261.7 |        0.0 |    997 | riscv.dp.rf.rf\[24\]\[31\]$_DFFE_PP_/D
     702* |       0 |      34 |       22 |      2 |    19 |    +0.2% |    1.242 |     -261.7 |        0.0 |    997 | riscv.dp.rf.rf\[24\]\[31\]$_DFFE_PP_/D
     703* |       0 |      34 |       22 |      2 |    19 |    +0.2% |    1.242 |     -261.7 |        0.0 |    997 | riscv.dp.rf.rf\[24\]\[31\]$_DFFE_PP_/D
     704* |       0 |      34 |       22 |      2 |    19 |    +0.2% |    1.242 |     -261.7 |        0.0 |    997 | riscv.dp.rf.rf\[24\]\[31\]$_DFFE_PP_/D
     705* |       0 |      34 |       22 |      2 |    19 |    +0.2% |    1.242 |     -261.7 |        0.0 |    997 | riscv.dp.rf.rf\[24\]\[31\]$_DFFE_PP_/D
     706* |       0 |      34 |       22 |      2 |    19 |    +0.2% |    1.242 |     -261.7 |        0.0 |    997 | riscv.dp.rf.rf\[24\]\[31\]$_DFFE_PP_/D
     707* |       0 |      34 |       22 |      2 |    19 |    +0.2% |    1.242 |     -261.7 |        0.0 |    997 | riscv.dp.rf.rf\[24\]\[31\]$_DFFE_PP_/D
     708* |       0 |      34 |       22 |      2 |    19 |    +0.2% |    1.242 |     -261.7 |        0.0 |    997 | riscv.dp.rf.rf\[24\]\[31\]$_DFFE_PP_/D
     709* |       0 |      34 |       22 |      2 |    19 |    +0.2% |    1.242 |     -261.7 |        0.0 |    997 | riscv.dp.rf.rf\[24\]\[31\]$_DFFE_PP_/D
     710* |       0 |      34 |       22 |      2 |    19 |    +0.2% |    1.242 |     -261.7 |        0.0 |    997 | riscv.dp.rf.rf\[24\]\[31\]$_DFFE_PP_/D
     710* |       0 |      34 |       22 |      2 |    19 |    +0.2% |    1.242 |     -261.7 |        0.0 |    997 | riscv.dp.rf.rf\[24\]\[31\]$_DFFE_PP_/D
     711* |       0 |      34 |       22 |      2 |    19 |    +0.2% |    1.242 |     -261.7 |        0.0 |    997 | riscv.dp.rf.rf\[24\]\[31\]$_DFFE_PP_/D
     712* |       0 |      34 |       22 |      2 |    19 |    +0.2% |    1.242 |     -261.7 |        0.0 |    997 | riscv.dp.rf.rf\[24\]\[31\]$_DFFE_PP_/D
     713* |       0 |      34 |       22 |      2 |    19 |    +0.2% |    1.242 |     -261.7 |        0.0 |    997 | riscv.dp.rf.rf\[24\]\[31\]$_DFFE_PP_/D
     714* |       0 |      34 |       22 |      2 |    19 |    +0.2% |    1.242 |     -261.7 |        0.0 |    997 | riscv.dp.rf.rf\[24\]\[31\]$_DFFE_PP_/D
     715* |       0 |      34 |       22 |      2 |    19 |    +0.2% |    1.242 |     -261.7 |        0.0 |    997 | riscv.dp.rf.rf\[24\]\[31\]$_DFFE_PP_/D
     716* |       0 |      34 |       22 |      2 |    19 |    +0.2% |    1.242 |     -261.7 |        0.0 |    997 | riscv.dp.rf.rf\[24\]\[31\]$_DFFE_PP_/D
     717* |       0 |      34 |       22 |      2 |    19 |    +0.2% |    1.242 |     -261.7 |        0.0 |    997 | riscv.dp.rf.rf\[24\]\[31\]$_DFFE_PP_/D
     718* |       0 |      34 |       22 |      2 |    19 |    +0.2% |    1.242 |     -261.7 |        0.0 |    997 | riscv.dp.rf.rf\[24\]\[31\]$_DFFE_PP_/D
     719* |       0 |      34 |       22 |      2 |    19 |    +0.2% |    1.242 |     -261.7 |        0.0 |    997 | riscv.dp.rf.rf\[24\]\[31\]$_DFFE_PP_/D
     720* |       0 |      34 |       22 |      2 |    19 |    +0.2% |    1.242 |     -261.7 |        0.0 |    997 | riscv.dp.rf.rf\[24\]\[31\]$_DFFE_PP_/D
     720* |       0 |      34 |       22 |      2 |    19 |    +0.2% |    1.242 |     -261.7 |        0.0 |    997 | riscv.dp.rf.rf\[24\]\[31\]$_DFFE_PP_/D
     721* |       0 |      34 |       22 |      2 |    19 |    +0.2% |    1.242 |     -261.7 |        0.0 |    997 | riscv.dp.rf.rf\[24\]\[31\]$_DFFE_PP_/D
     722* |       0 |      34 |       22 |      2 |    19 |    +0.2% |    1.242 |     -261.7 |        0.0 |    997 | riscv.dp.rf.rf\[24\]\[31\]$_DFFE_PP_/D
     723* |       0 |      34 |       22 |      2 |    19 |    +0.2% |    1.242 |     -261.7 |        0.0 |    997 | riscv.dp.rf.rf\[24\]\[31\]$_DFFE_PP_/D
     724* |       0 |      34 |       22 |      2 |    19 |    +0.2% |    1.242 |     -261.7 |        0.0 |    997 | riscv.dp.rf.rf\[24\]\[31\]$_DFFE_PP_/D
     725* |       0 |      34 |       22 |      2 |    19 |    +0.2% |    1.242 |     -261.7 |        0.0 |    997 | riscv.dp.rf.rf\[24\]\[31\]$_DFFE_PP_/D
     726* |       0 |      34 |       22 |      2 |    19 |    +0.2% |    1.242 |     -261.7 |        0.0 |    997 | riscv.dp.rf.rf\[24\]\[31\]$_DFFE_PP_/D
     727* |       0 |      34 |       22 |      2 |    19 |    +0.2% |    1.242 |     -261.7 |        0.0 |    997 | riscv.dp.rf.rf\[24\]\[31\]$_DFFE_PP_/D
     728* |       0 |      34 |       22 |      2 |    19 |    +0.2% |    1.242 |     -261.7 |        0.0 |    997 | riscv.dp.rf.rf\[24\]\[31\]$_DFFE_PP_/D
     729* |       0 |      34 |       22 |      2 |    19 |    +0.2% |    1.242 |     -261.7 |        0.0 |    997 | riscv.dp.rf.rf\[24\]\[31\]$_DFFE_PP_/D
     730* |       0 |      34 |       22 |      2 |    19 |    +0.2% |    1.242 |     -261.7 |        0.0 |    997 | riscv.dp.rf.rf\[24\]\[31\]$_DFFE_PP_/D
     730* |       0 |      34 |       22 |      2 |    19 |    +0.2% |    1.242 |     -261.7 |        0.0 |    997 | riscv.dp.rf.rf\[24\]\[31\]$_DFFE_PP_/D
     731* |       0 |      34 |       22 |      2 |    19 |    +0.2% |    1.242 |     -261.7 |        0.0 |    997 | riscv.dp.rf.rf\[24\]\[31\]$_DFFE_PP_/D
     732* |       0 |      34 |       22 |      2 |    19 |    +0.2% |    1.242 |     -261.7 |        0.0 |    997 | riscv.dp.rf.rf\[24\]\[31\]$_DFFE_PP_/D
     733* |       0 |      34 |       22 |      2 |    19 |    +0.2% |    1.242 |     -261.7 |        0.0 |    997 | riscv.dp.rf.rf\[24\]\[31\]$_DFFE_PP_/D
     734* |       0 |      34 |       22 |      2 |    19 |    +0.2% |    1.242 |     -261.7 |        0.0 |    997 | riscv.dp.rf.rf\[24\]\[31\]$_DFFE_PP_/D
     735* |       0 |      34 |       22 |      2 |    19 |    +0.2% |    1.242 |     -261.7 |        0.0 |    997 | riscv.dp.rf.rf\[24\]\[31\]$_DFFE_PP_/D
     736* |       0 |      34 |       22 |      2 |    19 |    +0.2% |    1.242 |     -261.7 |        0.0 |    997 | riscv.dp.rf.rf\[24\]\[31\]$_DFFE_PP_/D
     737* |       0 |      34 |       22 |      2 |    19 |    +0.2% |    1.242 |     -261.7 |        0.0 |    997 | riscv.dp.rf.rf\[24\]\[31\]$_DFFE_PP_/D
     738* |       0 |      34 |       22 |      2 |    19 |    +0.2% |    1.242 |     -261.7 |        0.0 |    997 | riscv.dp.rf.rf\[24\]\[31\]$_DFFE_PP_/D
     739* |       0 |      34 |       22 |      2 |    19 |    +0.2% |    1.242 |     -261.7 |        0.0 |    997 | riscv.dp.rf.rf\[24\]\[31\]$_DFFE_PP_/D
     740* |       0 |      34 |       22 |      2 |    19 |    +0.2% |    1.242 |     -261.7 |        0.0 |    997 | riscv.dp.rf.rf\[24\]\[31\]$_DFFE_PP_/D
     740* |       0 |      34 |       22 |      2 |    19 |    +0.2% |    1.242 |     -261.7 |        0.0 |    997 | riscv.dp.rf.rf\[24\]\[31\]$_DFFE_PP_/D
     741* |       0 |      34 |       22 |      2 |    19 |    +0.2% |    1.242 |     -261.7 |        0.0 |    997 | riscv.dp.rf.rf\[24\]\[31\]$_DFFE_PP_/D
     742* |       0 |      34 |       22 |      2 |    19 |    +0.2% |    1.242 |     -261.7 |        0.0 |    997 | riscv.dp.rf.rf\[24\]\[31\]$_DFFE_PP_/D
     743* |       0 |      34 |       22 |      2 |    19 |    +0.2% |    1.242 |     -261.7 |        0.0 |    997 | riscv.dp.rf.rf\[24\]\[31\]$_DFFE_PP_/D
     744* |       0 |      34 |       22 |      2 |    19 |    +0.2% |    1.242 |     -261.7 |        0.0 |    997 | riscv.dp.rf.rf\[24\]\[31\]$_DFFE_PP_/D
     745* |       0 |      34 |       22 |      2 |    19 |    +0.2% |    1.242 |     -261.7 |        0.0 |    997 | riscv.dp.rf.rf\[24\]\[31\]$_DFFE_PP_/D
     746* |       0 |      34 |       22 |      2 |    19 |    +0.2% |    1.242 |     -261.7 |        0.0 |    997 | riscv.dp.rf.rf\[24\]\[31\]$_DFFE_PP_/D
     747* |       0 |      34 |       22 |      2 |    19 |    +0.2% |    1.242 |     -261.7 |        0.0 |    997 | riscv.dp.rf.rf\[24\]\[31\]$_DFFE_PP_/D
     748* |       0 |      34 |       22 |      2 |    19 |    +0.2% |    1.242 |     -261.7 |        0.0 |    997 | riscv.dp.rf.rf\[24\]\[31\]$_DFFE_PP_/D
     749* |       0 |      34 |       22 |      2 |    19 |    +0.2% |    1.242 |     -261.7 |        0.0 |    997 | riscv.dp.rf.rf\[24\]\[31\]$_DFFE_PP_/D
     750* |       0 |      34 |       22 |      2 |    19 |    +0.2% |    1.242 |     -261.7 |        0.0 |    997 | riscv.dp.rf.rf\[24\]\[31\]$_DFFE_PP_/D
     750* |       0 |      34 |       22 |      2 |    19 |    +0.2% |    1.242 |     -261.7 |        0.0 |    997 | riscv.dp.rf.rf\[24\]\[31\]$_DFFE_PP_/D
     751* |       0 |      34 |       22 |      2 |    19 |    +0.2% |    1.242 |     -261.7 |        0.0 |    997 | riscv.dp.rf.rf\[24\]\[31\]$_DFFE_PP_/D
     752* |       0 |      34 |       22 |      2 |    19 |    +0.2% |    1.242 |     -261.7 |        0.0 |    997 | riscv.dp.rf.rf\[24\]\[31\]$_DFFE_PP_/D
     753* |       0 |      34 |       22 |      2 |    19 |    +0.2% |    1.242 |     -261.7 |        0.0 |    997 | riscv.dp.rf.rf\[24\]\[31\]$_DFFE_PP_/D
     754* |       0 |      34 |       22 |      2 |    19 |    +0.2% |    1.242 |     -261.7 |        0.0 |    997 | riscv.dp.rf.rf\[24\]\[31\]$_DFFE_PP_/D
     755* |       0 |      34 |       22 |      2 |    19 |    +0.2% |    1.242 |     -261.7 |        0.0 |    997 | riscv.dp.rf.rf\[24\]\[31\]$_DFFE_PP_/D
     756* |       0 |      34 |       22 |      2 |    19 |    +0.2% |    1.242 |     -261.7 |        0.0 |    997 | riscv.dp.rf.rf\[24\]\[31\]$_DFFE_PP_/D
     757* |       0 |      34 |       22 |      2 |    19 |    +0.2% |    1.242 |     -261.7 |        0.0 |    997 | riscv.dp.rf.rf\[24\]\[31\]$_DFFE_PP_/D
     758* |       0 |      34 |       22 |      2 |    19 |    +0.2% |    1.242 |     -261.7 |        0.0 |    997 | riscv.dp.rf.rf\[24\]\[31\]$_DFFE_PP_/D
     759* |       0 |      34 |       22 |      2 |    19 |    +0.2% |    1.242 |     -261.7 |        0.0 |    997 | riscv.dp.rf.rf\[24\]\[31\]$_DFFE_PP_/D
     760* |       0 |      34 |       22 |      2 |    19 |    +0.2% |    1.242 |     -261.7 |        0.0 |    997 | riscv.dp.rf.rf\[24\]\[31\]$_DFFE_PP_/D
     760* |       0 |      34 |       22 |      2 |    19 |    +0.2% |    1.242 |     -261.7 |        0.0 |    997 | riscv.dp.rf.rf\[24\]\[31\]$_DFFE_PP_/D
     761* |       0 |      34 |       22 |      2 |    19 |    +0.2% |    1.242 |     -261.7 |        0.0 |    997 | riscv.dp.rf.rf\[24\]\[31\]$_DFFE_PP_/D
     762* |       0 |      34 |       22 |      2 |    19 |    +0.2% |    1.242 |     -261.7 |        0.0 |    997 | riscv.dp.rf.rf\[24\]\[31\]$_DFFE_PP_/D
     763* |       0 |      34 |       22 |      2 |    19 |    +0.2% |    1.242 |     -261.7 |        0.0 |    997 | riscv.dp.rf.rf\[24\]\[31\]$_DFFE_PP_/D
     764* |       0 |      34 |       22 |      2 |    19 |    +0.2% |    1.242 |     -261.7 |        0.0 |    997 | riscv.dp.rf.rf\[24\]\[31\]$_DFFE_PP_/D
     765* |       0 |      34 |       22 |      2 |    19 |    +0.2% |    1.242 |     -261.7 |        0.0 |    997 | riscv.dp.rf.rf\[24\]\[31\]$_DFFE_PP_/D
     766* |       0 |      34 |       22 |      2 |    19 |    +0.2% |    1.242 |     -261.7 |        0.0 |    997 | riscv.dp.rf.rf\[24\]\[31\]$_DFFE_PP_/D
     767* |       0 |      34 |       22 |      2 |    19 |    +0.2% |    1.242 |     -261.7 |        0.0 |    997 | riscv.dp.rf.rf\[24\]\[31\]$_DFFE_PP_/D
     768* |       0 |      34 |       22 |      2 |    19 |    +0.2% |    1.242 |     -261.7 |        0.0 |    997 | riscv.dp.rf.rf\[24\]\[31\]$_DFFE_PP_/D
     769* |       0 |      34 |       22 |      2 |    19 |    +0.2% |    1.242 |     -261.7 |        0.0 |    997 | riscv.dp.rf.rf\[24\]\[31\]$_DFFE_PP_/D
     770* |       0 |      34 |       22 |      2 |    19 |    +0.2% |    1.242 |     -261.7 |        0.0 |    997 | riscv.dp.rf.rf\[24\]\[31\]$_DFFE_PP_/D
     770* |       0 |      34 |       22 |      2 |    19 |    +0.2% |    1.242 |     -261.7 |        0.0 |    997 | riscv.dp.rf.rf\[24\]\[31\]$_DFFE_PP_/D
     771* |       0 |      34 |       22 |      2 |    19 |    +0.2% |    1.242 |     -261.7 |        0.0 |    997 | riscv.dp.rf.rf\[24\]\[31\]$_DFFE_PP_/D
     772* |       0 |      34 |       22 |      2 |    19 |    +0.2% |    1.242 |     -261.7 |        0.0 |    997 | riscv.dp.rf.rf\[24\]\[31\]$_DFFE_PP_/D
     773* |       0 |      34 |       22 |      2 |    19 |    +0.2% |    1.242 |     -261.7 |        0.0 |    997 | riscv.dp.rf.rf\[24\]\[31\]$_DFFE_PP_/D
     774* |       0 |      34 |       22 |      2 |    19 |    +0.2% |    1.242 |     -261.7 |        0.0 |    997 | riscv.dp.rf.rf\[24\]\[31\]$_DFFE_PP_/D
     775* |       0 |      34 |       22 |      2 |    19 |    +0.2% |    1.242 |     -261.7 |        0.0 |    997 | riscv.dp.rf.rf\[24\]\[31\]$_DFFE_PP_/D
     776* |       0 |      34 |       22 |      2 |    19 |    +0.2% |    1.242 |     -261.7 |        0.0 |    997 | riscv.dp.rf.rf\[24\]\[31\]$_DFFE_PP_/D
     777* |       0 |      34 |       22 |      2 |    19 |    +0.2% |    1.242 |     -261.7 |        0.0 |    997 | riscv.dp.rf.rf\[24\]\[31\]$_DFFE_PP_/D
     778* |       0 |      34 |       22 |      2 |    19 |    +0.2% |    1.242 |     -261.7 |        0.0 |    997 | riscv.dp.rf.rf\[24\]\[31\]$_DFFE_PP_/D
     779* |       0 |      34 |       22 |      2 |    19 |    +0.2% |    1.242 |     -261.7 |        0.0 |    997 | riscv.dp.rf.rf\[24\]\[31\]$_DFFE_PP_/D
     780* |       0 |      34 |       22 |      2 |    19 |    +0.2% |    1.242 |     -261.7 |        0.0 |    997 | riscv.dp.rf.rf\[24\]\[31\]$_DFFE_PP_/D
     780* |       0 |      34 |       22 |      2 |    19 |    +0.2% |    1.242 |     -261.7 |        0.0 |    997 | riscv.dp.rf.rf\[24\]\[31\]$_DFFE_PP_/D
     781* |       0 |      34 |       22 |      2 |    19 |    +0.2% |    1.242 |     -261.7 |        0.0 |    997 | riscv.dp.rf.rf\[24\]\[31\]$_DFFE_PP_/D
     782* |       0 |      34 |       22 |      2 |    19 |    +0.2% |    1.242 |     -261.7 |        0.0 |    997 | riscv.dp.rf.rf\[24\]\[31\]$_DFFE_PP_/D
     783* |       0 |      34 |       22 |      2 |    19 |    +0.2% |    1.242 |     -261.7 |        0.0 |    997 | riscv.dp.rf.rf\[24\]\[31\]$_DFFE_PP_/D
     784* |       0 |      34 |       22 |      2 |    19 |    +0.2% |    1.242 |     -261.7 |        0.0 |    997 | riscv.dp.rf.rf\[24\]\[31\]$_DFFE_PP_/D
     785* |       0 |      34 |       22 |      2 |    19 |    +0.2% |    1.242 |     -261.7 |        0.0 |    997 | riscv.dp.rf.rf\[24\]\[31\]$_DFFE_PP_/D
     786* |       0 |      34 |       22 |      2 |    19 |    +0.2% |    1.242 |     -261.7 |        0.0 |    997 | riscv.dp.rf.rf\[24\]\[31\]$_DFFE_PP_/D
     787* |       0 |      34 |       22 |      2 |    19 |    +0.2% |    1.242 |     -261.7 |        0.0 |    997 | riscv.dp.rf.rf\[24\]\[31\]$_DFFE_PP_/D
     788* |       0 |      34 |       22 |      2 |    19 |    +0.2% |    1.242 |     -261.7 |        0.0 |    997 | riscv.dp.rf.rf\[24\]\[31\]$_DFFE_PP_/D
     789* |       0 |      34 |       22 |      2 |    19 |    +0.2% |    1.242 |     -261.7 |        0.0 |    997 | riscv.dp.rf.rf\[24\]\[31\]$_DFFE_PP_/D
     790* |       0 |      34 |       22 |      2 |    19 |    +0.2% |    1.242 |     -261.7 |        0.0 |    997 | riscv.dp.rf.rf\[24\]\[31\]$_DFFE_PP_/D
     790* |       0 |      34 |       22 |      2 |    19 |    +0.2% |    1.242 |     -261.7 |        0.0 |    997 | riscv.dp.rf.rf\[24\]\[31\]$_DFFE_PP_/D
     791* |       0 |      34 |       22 |      2 |    19 |    +0.2% |    1.242 |     -261.7 |        0.0 |    997 | riscv.dp.rf.rf\[24\]\[31\]$_DFFE_PP_/D
     792* |       0 |      34 |       22 |      2 |    19 |    +0.2% |    1.242 |     -261.7 |        0.0 |    997 | riscv.dp.rf.rf\[24\]\[31\]$_DFFE_PP_/D
     793* |       0 |      34 |       22 |      2 |    19 |    +0.2% |    1.242 |     -261.7 |        0.0 |    997 | riscv.dp.rf.rf\[24\]\[31\]$_DFFE_PP_/D
     794* |       0 |      34 |       22 |      2 |    19 |    +0.2% |    1.242 |     -261.7 |        0.0 |    997 | riscv.dp.rf.rf\[24\]\[31\]$_DFFE_PP_/D
     795* |       0 |      34 |       22 |      2 |    19 |    +0.2% |    1.242 |     -261.7 |        0.0 |    997 | riscv.dp.rf.rf\[24\]\[31\]$_DFFE_PP_/D
     796* |       0 |      34 |       22 |      2 |    19 |    +0.2% |    1.242 |     -261.7 |        0.0 |    997 | riscv.dp.rf.rf\[24\]\[31\]$_DFFE_PP_/D
     797* |       0 |      34 |       22 |      2 |    19 |    +0.2% |    1.242 |     -261.7 |        0.0 |    997 | riscv.dp.rf.rf\[24\]\[31\]$_DFFE_PP_/D
     798* |       0 |      34 |       22 |      2 |    19 |    +0.2% |    1.242 |     -261.7 |        0.0 |    997 | riscv.dp.rf.rf\[24\]\[31\]$_DFFE_PP_/D
     799* |       0 |      34 |       22 |      2 |    19 |    +0.2% |    1.242 |     -261.7 |        0.0 |    997 | riscv.dp.rf.rf\[24\]\[31\]$_DFFE_PP_/D
     800* |       0 |      34 |       22 |      2 |    19 |    +0.2% |    1.242 |     -261.7 |        0.0 |    997 | riscv.dp.rf.rf\[24\]\[31\]$_DFFE_PP_/D
     800* |       0 |      34 |       22 |      2 |    19 |    +0.2% |    1.242 |     -261.7 |        0.0 |    997 | riscv.dp.rf.rf\[24\]\[31\]$_DFFE_PP_/D
     801* |       0 |      34 |       22 |      2 |    19 |    +0.2% |    1.242 |     -261.7 |        0.0 |    997 | riscv.dp.rf.rf\[24\]\[31\]$_DFFE_PP_/D
     802* |       0 |      34 |       22 |      2 |    19 |    +0.2% |    1.242 |     -261.7 |        0.0 |    997 | riscv.dp.rf.rf\[24\]\[31\]$_DFFE_PP_/D
     803* |       0 |      34 |       22 |      2 |    19 |    +0.2% |    1.242 |     -261.7 |        0.0 |    997 | riscv.dp.rf.rf\[24\]\[31\]$_DFFE_PP_/D
     804* |       0 |      34 |       22 |      2 |    19 |    +0.2% |    1.242 |     -261.7 |        0.0 |    997 | riscv.dp.rf.rf\[24\]\[31\]$_DFFE_PP_/D
     805* |       0 |      34 |       22 |      2 |    19 |    +0.2% |    1.242 |     -261.7 |        0.0 |    997 | riscv.dp.rf.rf\[24\]\[31\]$_DFFE_PP_/D
     806* |       0 |      34 |       22 |      2 |    19 |    +0.2% |    1.242 |     -261.7 |        0.0 |    997 | riscv.dp.rf.rf\[24\]\[31\]$_DFFE_PP_/D
     807* |       0 |      34 |       22 |      2 |    19 |    +0.2% |    1.242 |     -261.7 |        0.0 |    997 | riscv.dp.rf.rf\[24\]\[31\]$_DFFE_PP_/D
     808* |       0 |      34 |       22 |      2 |    19 |    +0.2% |    1.242 |     -261.7 |        0.0 |    997 | riscv.dp.rf.rf\[24\]\[31\]$_DFFE_PP_/D
     809* |       0 |      34 |       22 |      2 |    19 |    +0.2% |    1.242 |     -261.7 |        0.0 |    997 | riscv.dp.rf.rf\[24\]\[31\]$_DFFE_PP_/D
     810* |       0 |      34 |       22 |      2 |    19 |    +0.2% |    1.242 |     -261.7 |        0.0 |    997 | riscv.dp.rf.rf\[24\]\[31\]$_DFFE_PP_/D
     810* |       0 |      34 |       22 |      2 |    19 |    +0.2% |    1.242 |     -261.7 |        0.0 |    997 | riscv.dp.rf.rf\[24\]\[31\]$_DFFE_PP_/D
     811* |       0 |      34 |       22 |      2 |    19 |    +0.2% |    1.242 |     -261.7 |        0.0 |    997 | riscv.dp.rf.rf\[24\]\[31\]$_DFFE_PP_/D
     812* |       0 |      34 |       22 |      2 |    19 |    +0.2% |    1.242 |     -261.7 |        0.0 |    997 | riscv.dp.rf.rf\[24\]\[31\]$_DFFE_PP_/D
     813* |       0 |      34 |       22 |      2 |    19 |    +0.2% |    1.242 |     -261.7 |        0.0 |    997 | riscv.dp.rf.rf\[24\]\[31\]$_DFFE_PP_/D
     814* |       0 |      34 |       22 |      2 |    19 |    +0.2% |    1.242 |     -261.7 |        0.0 |    997 | riscv.dp.rf.rf\[24\]\[31\]$_DFFE_PP_/D
     815* |       0 |      34 |       22 |      2 |    19 |    +0.2% |    1.242 |     -261.7 |        0.0 |    997 | riscv.dp.rf.rf\[24\]\[31\]$_DFFE_PP_/D
     816* |       0 |      34 |       22 |      2 |    19 |    +0.2% |    1.242 |     -261.7 |        0.0 |    997 | riscv.dp.rf.rf\[24\]\[31\]$_DFFE_PP_/D
     817* |       0 |      34 |       22 |      2 |    19 |    +0.2% |    1.242 |     -261.7 |        0.0 |    997 | riscv.dp.rf.rf\[24\]\[31\]$_DFFE_PP_/D
     818* |       0 |      34 |       22 |      2 |    19 |    +0.2% |    1.242 |     -261.7 |        0.0 |    997 | riscv.dp.rf.rf\[24\]\[31\]$_DFFE_PP_/D
     819* |       0 |      34 |       22 |      2 |    19 |    +0.2% |    1.242 |     -261.7 |        0.0 |    997 | riscv.dp.rf.rf\[24\]\[31\]$_DFFE_PP_/D
     820* |       0 |      34 |       22 |      2 |    19 |    +0.2% |    1.242 |     -261.7 |        0.0 |    997 | riscv.dp.rf.rf\[24\]\[31\]$_DFFE_PP_/D
     820* |       0 |      34 |       22 |      2 |    19 |    +0.2% |    1.242 |     -261.7 |        0.0 |    997 | riscv.dp.rf.rf\[24\]\[31\]$_DFFE_PP_/D
     821* |       0 |      34 |       22 |      2 |    19 |    +0.2% |    1.242 |     -261.7 |        0.0 |    997 | riscv.dp.rf.rf\[24\]\[31\]$_DFFE_PP_/D
     822* |       0 |      34 |       22 |      2 |    19 |    +0.2% |    1.242 |     -261.7 |        0.0 |    997 | riscv.dp.rf.rf\[24\]\[31\]$_DFFE_PP_/D
     823* |       0 |      34 |       22 |      2 |    19 |    +0.2% |    1.242 |     -261.7 |        0.0 |    997 | riscv.dp.rf.rf\[24\]\[31\]$_DFFE_PP_/D
     824* |       0 |      34 |       22 |      2 |    19 |    +0.2% |    1.242 |     -261.7 |        0.0 |    997 | riscv.dp.rf.rf\[24\]\[31\]$_DFFE_PP_/D
     825* |       0 |      34 |       22 |      2 |    19 |    +0.2% |    1.242 |     -261.7 |        0.0 |    997 | riscv.dp.rf.rf\[24\]\[31\]$_DFFE_PP_/D
     826* |       0 |      34 |       22 |      2 |    19 |    +0.2% |    1.242 |     -261.7 |        0.0 |    997 | riscv.dp.rf.rf\[24\]\[31\]$_DFFE_PP_/D
     827* |       0 |      34 |       22 |      2 |    19 |    +0.2% |    1.242 |     -261.7 |        0.0 |    997 | riscv.dp.rf.rf\[24\]\[31\]$_DFFE_PP_/D
     828* |       0 |      34 |       22 |      2 |    19 |    +0.2% |    1.242 |     -261.7 |        0.0 |    997 | riscv.dp.rf.rf\[24\]\[31\]$_DFFE_PP_/D
     829* |       0 |      34 |       22 |      2 |    19 |    +0.2% |    1.242 |     -261.7 |        0.0 |    997 | riscv.dp.rf.rf\[24\]\[31\]$_DFFE_PP_/D
     830* |       0 |      34 |       22 |      2 |    19 |    +0.2% |    1.242 |     -261.7 |        0.0 |    997 | riscv.dp.rf.rf\[24\]\[31\]$_DFFE_PP_/D
     830* |       0 |      34 |       22 |      2 |    19 |    +0.2% |    1.242 |     -261.7 |        0.0 |    997 | riscv.dp.rf.rf\[24\]\[31\]$_DFFE_PP_/D
     831* |       0 |      34 |       22 |      2 |    19 |    +0.2% |    1.242 |     -261.7 |        0.0 |    997 | riscv.dp.rf.rf\[24\]\[31\]$_DFFE_PP_/D
     832* |       0 |      34 |       22 |      2 |    19 |    +0.2% |    1.242 |     -261.7 |        0.0 |    997 | riscv.dp.rf.rf\[24\]\[31\]$_DFFE_PP_/D
     833* |       0 |      34 |       22 |      2 |    19 |    +0.2% |    1.242 |     -261.7 |        0.0 |    997 | riscv.dp.rf.rf\[24\]\[31\]$_DFFE_PP_/D
     834* |       0 |      34 |       22 |      2 |    19 |    +0.2% |    1.242 |     -261.7 |        0.0 |    997 | riscv.dp.rf.rf\[24\]\[31\]$_DFFE_PP_/D
     835* |       0 |      34 |       22 |      2 |    19 |    +0.2% |    1.242 |     -261.7 |        0.0 |    997 | riscv.dp.rf.rf\[24\]\[31\]$_DFFE_PP_/D
     836* |       0 |      34 |       22 |      2 |    19 |    +0.2% |    1.242 |     -261.7 |        0.0 |    997 | riscv.dp.rf.rf\[24\]\[31\]$_DFFE_PP_/D
     837* |       0 |      34 |       22 |      2 |    19 |    +0.2% |    1.242 |     -261.7 |        0.0 |    997 | riscv.dp.rf.rf\[24\]\[31\]$_DFFE_PP_/D
     838* |       0 |      34 |       22 |      2 |    19 |    +0.2% |    1.242 |     -261.7 |        0.0 |    997 | riscv.dp.rf.rf\[24\]\[31\]$_DFFE_PP_/D
     839* |       0 |      34 |       22 |      2 |    19 |    +0.2% |    1.242 |     -261.7 |        0.0 |    997 | riscv.dp.rf.rf\[24\]\[31\]$_DFFE_PP_/D
     840* |       0 |      34 |       22 |      2 |    19 |    +0.2% |    1.242 |     -261.7 |        0.0 |    997 | riscv.dp.rf.rf\[24\]\[31\]$_DFFE_PP_/D
     840* |       0 |      34 |       22 |      2 |    19 |    +0.2% |    1.242 |     -261.7 |        0.0 |    997 | riscv.dp.rf.rf\[24\]\[31\]$_DFFE_PP_/D
     841* |       0 |      34 |       22 |      2 |    19 |    +0.2% |    1.242 |     -261.7 |        0.0 |    997 | riscv.dp.rf.rf\[24\]\[31\]$_DFFE_PP_/D
     842* |       0 |      34 |       22 |      2 |    19 |    +0.2% |    1.242 |     -261.7 |        0.0 |    997 | riscv.dp.rf.rf\[24\]\[31\]$_DFFE_PP_/D
     843* |       0 |      34 |       22 |      2 |    19 |    +0.2% |    1.242 |     -261.7 |        0.0 |    997 | riscv.dp.rf.rf\[24\]\[31\]$_DFFE_PP_/D
     844* |       0 |      34 |       22 |      2 |    19 |    +0.2% |    1.242 |     -261.7 |        0.0 |    997 | riscv.dp.rf.rf\[24\]\[31\]$_DFFE_PP_/D
     845* |       0 |      34 |       22 |      2 |    19 |    +0.2% |    1.242 |     -261.7 |        0.0 |    997 | riscv.dp.rf.rf\[24\]\[31\]$_DFFE_PP_/D
     846* |       0 |      34 |       22 |      2 |    19 |    +0.2% |    1.242 |     -261.7 |        0.0 |    997 | riscv.dp.rf.rf\[24\]\[31\]$_DFFE_PP_/D
     847* |       0 |      34 |       22 |      2 |    19 |    +0.2% |    1.242 |     -261.7 |        0.0 |    997 | riscv.dp.rf.rf\[24\]\[31\]$_DFFE_PP_/D
     848* |       0 |      34 |       22 |      2 |    19 |    +0.2% |    1.242 |     -261.7 |        0.0 |    997 | riscv.dp.rf.rf\[24\]\[31\]$_DFFE_PP_/D
     849* |       0 |      34 |       22 |      2 |    19 |    +0.2% |    1.242 |     -261.7 |        0.0 |    997 | riscv.dp.rf.rf\[24\]\[31\]$_DFFE_PP_/D
     850* |       0 |      34 |       22 |      2 |    19 |    +0.2% |    1.242 |     -261.7 |        0.0 |    997 | riscv.dp.rf.rf\[24\]\[31\]$_DFFE_PP_/D
     850* |       0 |      34 |       22 |      2 |    19 |    +0.2% |    1.242 |     -261.7 |        0.0 |    997 | riscv.dp.rf.rf\[24\]\[31\]$_DFFE_PP_/D
     851* |       0 |      34 |       22 |      2 |    19 |    +0.2% |    1.242 |     -261.7 |        0.0 |    997 | riscv.dp.rf.rf\[24\]\[31\]$_DFFE_PP_/D
     852* |       0 |      34 |       22 |      2 |    19 |    +0.2% |    1.242 |     -261.7 |        0.0 |    997 | riscv.dp.rf.rf\[24\]\[31\]$_DFFE_PP_/D
     853* |       0 |      34 |       22 |      2 |    19 |    +0.2% |    1.242 |     -261.7 |        0.0 |    997 | riscv.dp.rf.rf\[24\]\[31\]$_DFFE_PP_/D
     854* |       0 |      34 |       22 |      2 |    19 |    +0.2% |    1.242 |     -261.7 |        0.0 |    997 | riscv.dp.rf.rf\[24\]\[31\]$_DFFE_PP_/D
     855* |       0 |      34 |       22 |      2 |    19 |    +0.2% |    1.242 |     -261.7 |        0.0 |    997 | riscv.dp.rf.rf\[24\]\[31\]$_DFFE_PP_/D
     856* |       0 |      34 |       22 |      2 |    19 |    +0.2% |    1.242 |     -261.7 |        0.0 |    997 | riscv.dp.rf.rf\[24\]\[31\]$_DFFE_PP_/D
     857* |       0 |      34 |       22 |      2 |    19 |    +0.2% |    1.242 |     -261.7 |        0.0 |    997 | riscv.dp.rf.rf\[24\]\[31\]$_DFFE_PP_/D
     858* |       0 |      34 |       22 |      2 |    19 |    +0.2% |    1.242 |     -261.7 |        0.0 |    997 | riscv.dp.rf.rf\[24\]\[31\]$_DFFE_PP_/D
     859* |       0 |      34 |       22 |      2 |    19 |    +0.2% |    1.242 |     -261.7 |        0.0 |    997 | riscv.dp.rf.rf\[24\]\[31\]$_DFFE_PP_/D
     860* |       0 |      34 |       22 |      2 |    19 |    +0.2% |    1.242 |     -261.7 |        0.0 |    997 | riscv.dp.rf.rf\[24\]\[31\]$_DFFE_PP_/D
     860* |       0 |      34 |       22 |      2 |    19 |    +0.2% |    1.242 |     -261.7 |        0.0 |    997 | riscv.dp.rf.rf\[24\]\[31\]$_DFFE_PP_/D
     861* |       0 |      34 |       22 |      2 |    19 |    +0.2% |    1.242 |     -261.7 |        0.0 |    997 | riscv.dp.rf.rf\[24\]\[31\]$_DFFE_PP_/D
     862* |       0 |      34 |       22 |      2 |    19 |    +0.2% |    1.242 |     -261.7 |        0.0 |    997 | riscv.dp.rf.rf\[24\]\[31\]$_DFFE_PP_/D
     863* |       0 |      34 |       22 |      2 |    19 |    +0.2% |    1.242 |     -261.7 |        0.0 |    997 | riscv.dp.rf.rf\[24\]\[31\]$_DFFE_PP_/D
     864* |       0 |      34 |       22 |      2 |    19 |    +0.2% |    1.242 |     -261.7 |        0.0 |    997 | riscv.dp.rf.rf\[24\]\[31\]$_DFFE_PP_/D
     865* |       0 |      34 |       22 |      2 |    19 |    +0.2% |    1.242 |     -261.7 |        0.0 |    997 | riscv.dp.rf.rf\[24\]\[31\]$_DFFE_PP_/D
     866* |       0 |      34 |       22 |      2 |    19 |    +0.2% |    1.242 |     -261.7 |        0.0 |    997 | riscv.dp.rf.rf\[24\]\[31\]$_DFFE_PP_/D
     867* |       0 |      34 |       22 |      2 |    19 |    +0.2% |    1.242 |     -261.7 |        0.0 |    997 | riscv.dp.rf.rf\[24\]\[31\]$_DFFE_PP_/D
     868* |       0 |      34 |       22 |      2 |    19 |    +0.2% |    1.242 |     -261.7 |        0.0 |    997 | riscv.dp.rf.rf\[24\]\[31\]$_DFFE_PP_/D
     869* |       0 |      34 |       22 |      2 |    19 |    +0.2% |    1.242 |     -261.7 |        0.0 |    997 | riscv.dp.rf.rf\[24\]\[31\]$_DFFE_PP_/D
     870* |       0 |      34 |       22 |      2 |    19 |    +0.2% |    1.242 |     -261.7 |        0.0 |    997 | riscv.dp.rf.rf\[24\]\[31\]$_DFFE_PP_/D
     870* |       0 |      34 |       22 |      2 |    19 |    +0.2% |    1.242 |     -261.7 |        0.0 |    997 | riscv.dp.rf.rf\[24\]\[31\]$_DFFE_PP_/D
     871* |       0 |      34 |       22 |      2 |    19 |    +0.2% |    1.242 |     -261.7 |        0.0 |    997 | riscv.dp.rf.rf\[24\]\[31\]$_DFFE_PP_/D
     872* |       0 |      34 |       22 |      2 |    19 |    +0.2% |    1.242 |     -261.7 |        0.0 |    997 | riscv.dp.rf.rf\[24\]\[31\]$_DFFE_PP_/D
     873* |       0 |      34 |       22 |      2 |    19 |    +0.2% |    1.242 |     -261.7 |        0.0 |    997 | riscv.dp.rf.rf\[24\]\[31\]$_DFFE_PP_/D
     874* |       0 |      34 |       22 |      2 |    19 |    +0.2% |    1.242 |     -261.7 |        0.0 |    997 | riscv.dp.rf.rf\[24\]\[31\]$_DFFE_PP_/D
     875* |       0 |      34 |       22 |      2 |    19 |    +0.2% |    1.242 |     -261.7 |        0.0 |    997 | riscv.dp.rf.rf\[24\]\[31\]$_DFFE_PP_/D
     876* |       0 |      34 |       22 |      2 |    19 |    +0.2% |    1.242 |     -261.7 |        0.0 |    997 | riscv.dp.rf.rf\[24\]\[31\]$_DFFE_PP_/D
     877* |       0 |      34 |       22 |      2 |    19 |    +0.2% |    1.242 |     -261.7 |        0.0 |    997 | riscv.dp.rf.rf\[24\]\[31\]$_DFFE_PP_/D
     878* |       0 |      34 |       22 |      2 |    19 |    +0.2% |    1.242 |     -261.7 |        0.0 |    997 | riscv.dp.rf.rf\[24\]\[31\]$_DFFE_PP_/D
     879* |       0 |      34 |       22 |      2 |    19 |    +0.2% |    1.242 |     -261.7 |        0.0 |    997 | riscv.dp.rf.rf\[24\]\[31\]$_DFFE_PP_/D
     880* |       0 |      34 |       22 |      2 |    19 |    +0.2% |    1.242 |     -261.7 |        0.0 |    997 | riscv.dp.rf.rf\[24\]\[31\]$_DFFE_PP_/D
     880* |       0 |      34 |       22 |      2 |    19 |    +0.2% |    1.242 |     -261.7 |        0.0 |    997 | riscv.dp.rf.rf\[24\]\[31\]$_DFFE_PP_/D
     881* |       0 |      34 |       22 |      2 |    19 |    +0.2% |    1.242 |     -261.7 |        0.0 |    997 | riscv.dp.rf.rf\[24\]\[31\]$_DFFE_PP_/D
     882* |       0 |      34 |       22 |      2 |    19 |    +0.2% |    1.242 |     -261.7 |        0.0 |    997 | riscv.dp.rf.rf\[24\]\[31\]$_DFFE_PP_/D
     883* |       0 |      34 |       22 |      2 |    19 |    +0.2% |    1.242 |     -261.7 |        0.0 |    997 | riscv.dp.rf.rf\[24\]\[31\]$_DFFE_PP_/D
     884* |       0 |      34 |       22 |      2 |    19 |    +0.2% |    1.242 |     -261.7 |        0.0 |    997 | riscv.dp.rf.rf\[24\]\[31\]$_DFFE_PP_/D
     885* |       0 |      34 |       22 |      2 |    19 |    +0.2% |    1.242 |     -261.7 |        0.0 |    997 | riscv.dp.rf.rf\[24\]\[31\]$_DFFE_PP_/D
     886* |       0 |      34 |       22 |      2 |    19 |    +0.2% |    1.242 |     -261.7 |        0.0 |    997 | riscv.dp.rf.rf\[24\]\[31\]$_DFFE_PP_/D
     887* |       0 |      34 |       22 |      2 |    19 |    +0.2% |    1.242 |     -261.7 |        0.0 |    997 | riscv.dp.rf.rf\[24\]\[31\]$_DFFE_PP_/D
     888* |       0 |      34 |       22 |      2 |    19 |    +0.2% |    1.242 |     -261.7 |        0.0 |    997 | riscv.dp.rf.rf\[24\]\[31\]$_DFFE_PP_/D
     889* |       0 |      34 |       22 |      2 |    19 |    +0.2% |    1.242 |     -261.7 |        0.0 |    997 | riscv.dp.rf.rf\[24\]\[31\]$_DFFE_PP_/D
     890* |       0 |      34 |       22 |      2 |    19 |    +0.2% |    1.242 |     -261.7 |        0.0 |    997 | riscv.dp.rf.rf\[24\]\[31\]$_DFFE_PP_/D
     890* |       0 |      34 |       22 |      2 |    19 |    +0.2% |    1.242 |     -261.7 |        0.0 |    997 | riscv.dp.rf.rf\[24\]\[31\]$_DFFE_PP_/D
     891* |       0 |      34 |       22 |      2 |    19 |    +0.2% |    1.242 |     -261.7 |        0.0 |    997 | riscv.dp.rf.rf\[24\]\[31\]$_DFFE_PP_/D
     892* |       0 |      34 |       22 |      2 |    19 |    +0.2% |    1.242 |     -261.7 |        0.0 |    997 | riscv.dp.rf.rf\[24\]\[31\]$_DFFE_PP_/D
     893* |       0 |      34 |       22 |      2 |    19 |    +0.2% |    1.242 |     -261.7 |        0.0 |    997 | riscv.dp.rf.rf\[24\]\[31\]$_DFFE_PP_/D
     894* |       0 |      34 |       22 |      2 |    19 |    +0.2% |    1.242 |     -261.7 |        0.0 |    997 | riscv.dp.rf.rf\[24\]\[31\]$_DFFE_PP_/D
     895* |       0 |      34 |       22 |      2 |    19 |    +0.2% |    1.242 |     -261.7 |        0.0 |    997 | riscv.dp.rf.rf\[24\]\[31\]$_DFFE_PP_/D
     896* |       0 |      34 |       22 |      2 |    19 |    +0.2% |    1.242 |     -261.7 |        0.0 |    997 | riscv.dp.rf.rf\[24\]\[31\]$_DFFE_PP_/D
     897* |       0 |      34 |       22 |      2 |    19 |    +0.2% |    1.242 |     -261.7 |        0.0 |    997 | riscv.dp.rf.rf\[24\]\[31\]$_DFFE_PP_/D
     898* |       0 |      34 |       22 |      2 |    19 |    +0.2% |    1.242 |     -261.7 |        0.0 |    997 | riscv.dp.rf.rf\[24\]\[31\]$_DFFE_PP_/D
     899* |       0 |      34 |       22 |      2 |    19 |    +0.2% |    1.242 |     -261.7 |        0.0 |    997 | riscv.dp.rf.rf\[24\]\[31\]$_DFFE_PP_/D
     900* |       0 |      34 |       22 |      2 |    19 |    +0.2% |    1.242 |     -261.7 |        0.0 |    997 | riscv.dp.rf.rf\[24\]\[31\]$_DFFE_PP_/D
     900* |       0 |      34 |       22 |      2 |    19 |    +0.2% |    1.242 |     -261.7 |        0.0 |    997 | riscv.dp.rf.rf\[24\]\[31\]$_DFFE_PP_/D
     901* |       0 |      34 |       22 |      2 |    19 |    +0.2% |    1.242 |     -261.7 |        0.0 |    997 | riscv.dp.rf.rf\[24\]\[31\]$_DFFE_PP_/D
     902* |       0 |      34 |       22 |      2 |    19 |    +0.2% |    1.242 |     -261.7 |        0.0 |    997 | riscv.dp.rf.rf\[24\]\[31\]$_DFFE_PP_/D
     903* |       0 |      34 |       22 |      2 |    19 |    +0.2% |    1.242 |     -261.7 |        0.0 |    997 | riscv.dp.rf.rf\[24\]\[31\]$_DFFE_PP_/D
     904* |       0 |      34 |       22 |      2 |    19 |    +0.2% |    1.242 |     -261.7 |        0.0 |    997 | riscv.dp.rf.rf\[24\]\[31\]$_DFFE_PP_/D
     905* |       0 |      34 |       22 |      2 |    19 |    +0.2% |    1.242 |     -261.7 |        0.0 |    997 | riscv.dp.rf.rf\[24\]\[31\]$_DFFE_PP_/D
     906* |       0 |      34 |       22 |      2 |    19 |    +0.2% |    1.242 |     -261.7 |        0.0 |    997 | riscv.dp.rf.rf\[24\]\[31\]$_DFFE_PP_/D
     907* |       0 |      34 |       22 |      2 |    19 |    +0.2% |    1.242 |     -261.7 |        0.0 |    997 | riscv.dp.rf.rf\[24\]\[31\]$_DFFE_PP_/D
     908* |       0 |      34 |       22 |      2 |    19 |    +0.2% |    1.242 |     -261.7 |        0.0 |    997 | riscv.dp.rf.rf\[24\]\[31\]$_DFFE_PP_/D
     909* |       0 |      34 |       22 |      2 |    19 |    +0.2% |    1.242 |     -261.7 |        0.0 |    997 | riscv.dp.rf.rf\[24\]\[31\]$_DFFE_PP_/D
     910* |       0 |      34 |       22 |      2 |    19 |    +0.2% |    1.242 |     -261.7 |        0.0 |    997 | riscv.dp.rf.rf\[24\]\[31\]$_DFFE_PP_/D
     910* |       0 |      34 |       22 |      2 |    19 |    +0.2% |    1.242 |     -261.7 |        0.0 |    997 | riscv.dp.rf.rf\[24\]\[31\]$_DFFE_PP_/D
     911* |       0 |      34 |       22 |      2 |    19 |    +0.2% |    1.242 |     -261.7 |        0.0 |    997 | riscv.dp.rf.rf\[24\]\[31\]$_DFFE_PP_/D
     912* |       0 |      34 |       22 |      2 |    19 |    +0.2% |    1.242 |     -261.7 |        0.0 |    997 | riscv.dp.rf.rf\[24\]\[31\]$_DFFE_PP_/D
     913* |       0 |      34 |       22 |      2 |    19 |    +0.2% |    1.242 |     -261.7 |        0.0 |    997 | riscv.dp.rf.rf\[24\]\[31\]$_DFFE_PP_/D
     914* |       0 |      34 |       22 |      2 |    19 |    +0.2% |    1.242 |     -261.7 |        0.0 |    997 | riscv.dp.rf.rf\[24\]\[31\]$_DFFE_PP_/D
     915* |       0 |      34 |       22 |      2 |    19 |    +0.2% |    1.242 |     -261.7 |        0.0 |    997 | riscv.dp.rf.rf\[24\]\[31\]$_DFFE_PP_/D
     916* |       0 |      34 |       22 |      2 |    19 |    +0.2% |    1.242 |     -261.7 |        0.0 |    997 | riscv.dp.rf.rf\[24\]\[31\]$_DFFE_PP_/D
     917* |       0 |      34 |       22 |      2 |    19 |    +0.2% |    1.242 |     -261.7 |        0.0 |    997 | riscv.dp.rf.rf\[24\]\[31\]$_DFFE_PP_/D
     918* |       0 |      34 |       22 |      2 |    19 |    +0.2% |    1.242 |     -261.7 |        0.0 |    997 | riscv.dp.rf.rf\[24\]\[31\]$_DFFE_PP_/D
     919* |       0 |      34 |       22 |      2 |    19 |    +0.2% |    1.242 |     -261.7 |        0.0 |    997 | riscv.dp.rf.rf\[24\]\[31\]$_DFFE_PP_/D
     920* |       0 |      34 |       22 |      2 |    19 |    +0.2% |    1.242 |     -261.7 |        0.0 |    997 | riscv.dp.rf.rf\[24\]\[31\]$_DFFE_PP_/D
     920* |       0 |      34 |       22 |      2 |    19 |    +0.2% |    1.242 |     -261.7 |        0.0 |    997 | riscv.dp.rf.rf\[24\]\[31\]$_DFFE_PP_/D
     921* |       0 |      34 |       22 |      2 |    19 |    +0.2% |    1.242 |     -261.7 |        0.0 |    997 | riscv.dp.rf.rf\[24\]\[31\]$_DFFE_PP_/D
     922* |       0 |      34 |       22 |      2 |    19 |    +0.2% |    1.242 |     -261.7 |        0.0 |    997 | riscv.dp.rf.rf\[24\]\[31\]$_DFFE_PP_/D
     923* |       0 |      34 |       22 |      2 |    19 |    +0.2% |    1.242 |     -261.7 |        0.0 |    997 | riscv.dp.rf.rf\[24\]\[31\]$_DFFE_PP_/D
     924* |       0 |      34 |       22 |      2 |    19 |    +0.2% |    1.242 |     -261.7 |        0.0 |    997 | riscv.dp.rf.rf\[24\]\[31\]$_DFFE_PP_/D
     925* |       0 |      34 |       22 |      2 |    19 |    +0.2% |    1.242 |     -261.7 |        0.0 |    997 | riscv.dp.rf.rf\[24\]\[31\]$_DFFE_PP_/D
     926* |       0 |      34 |       22 |      2 |    19 |    +0.2% |    1.242 |     -261.7 |        0.0 |    997 | riscv.dp.rf.rf\[24\]\[31\]$_DFFE_PP_/D
     927* |       0 |      34 |       22 |      2 |    19 |    +0.2% |    1.242 |     -261.7 |        0.0 |    997 | riscv.dp.rf.rf\[24\]\[31\]$_DFFE_PP_/D
     928* |       0 |      34 |       22 |      2 |    19 |    +0.2% |    1.242 |     -261.7 |        0.0 |    997 | riscv.dp.rf.rf\[24\]\[31\]$_DFFE_PP_/D
     929* |       0 |      34 |       22 |      2 |    19 |    +0.2% |    1.242 |     -261.7 |        0.0 |    997 | riscv.dp.rf.rf\[24\]\[31\]$_DFFE_PP_/D
     930* |       0 |      34 |       22 |      2 |    19 |    +0.2% |    1.242 |     -261.7 |        0.0 |    997 | riscv.dp.rf.rf\[24\]\[31\]$_DFFE_PP_/D
     930* |       0 |      34 |       22 |      2 |    19 |    +0.2% |    1.242 |     -261.7 |        0.0 |    997 | riscv.dp.rf.rf\[24\]\[31\]$_DFFE_PP_/D
     931* |       0 |      34 |       22 |      2 |    19 |    +0.2% |    1.242 |     -261.7 |        0.0 |    997 | riscv.dp.rf.rf\[24\]\[31\]$_DFFE_PP_/D
     932* |       0 |      34 |       22 |      2 |    19 |    +0.2% |    1.242 |     -261.7 |        0.0 |    997 | riscv.dp.rf.rf\[24\]\[31\]$_DFFE_PP_/D
     933* |       0 |      34 |       22 |      2 |    19 |    +0.2% |    1.242 |     -261.7 |        0.0 |    997 | riscv.dp.rf.rf\[24\]\[31\]$_DFFE_PP_/D
     934* |       0 |      34 |       22 |      2 |    19 |    +0.2% |    1.242 |     -261.7 |        0.0 |    997 | riscv.dp.rf.rf\[24\]\[31\]$_DFFE_PP_/D
     935* |       0 |      34 |       22 |      2 |    19 |    +0.2% |    1.242 |     -261.7 |        0.0 |    997 | riscv.dp.rf.rf\[24\]\[31\]$_DFFE_PP_/D
     936* |       0 |      34 |       22 |      2 |    19 |    +0.2% |    1.242 |     -261.7 |        0.0 |    997 | riscv.dp.rf.rf\[24\]\[31\]$_DFFE_PP_/D
     937* |       0 |      34 |       22 |      2 |    19 |    +0.2% |    1.242 |     -261.7 |        0.0 |    997 | riscv.dp.rf.rf\[24\]\[31\]$_DFFE_PP_/D
     938* |       0 |      34 |       22 |      2 |    19 |    +0.2% |    1.242 |     -261.7 |        0.0 |    997 | riscv.dp.rf.rf\[24\]\[31\]$_DFFE_PP_/D
     939* |       0 |      34 |       22 |      2 |    19 |    +0.2% |    1.242 |     -261.7 |        0.0 |    997 | riscv.dp.rf.rf\[24\]\[31\]$_DFFE_PP_/D
     940* |       0 |      34 |       22 |      2 |    19 |    +0.2% |    1.242 |     -261.7 |        0.0 |    997 | riscv.dp.rf.rf\[24\]\[31\]$_DFFE_PP_/D
     940* |       0 |      34 |       22 |      2 |    19 |    +0.2% |    1.242 |     -261.7 |        0.0 |    997 | riscv.dp.rf.rf\[24\]\[31\]$_DFFE_PP_/D
     941* |       0 |      34 |       22 |      2 |    19 |    +0.2% |    1.242 |     -261.7 |        0.0 |    997 | riscv.dp.rf.rf\[24\]\[31\]$_DFFE_PP_/D
     942* |       0 |      34 |       22 |      2 |    19 |    +0.2% |    1.242 |     -261.7 |        0.0 |    997 | riscv.dp.rf.rf\[24\]\[31\]$_DFFE_PP_/D
     943* |       0 |      34 |       22 |      2 |    19 |    +0.2% |    1.242 |     -261.7 |        0.0 |    997 | riscv.dp.rf.rf\[24\]\[31\]$_DFFE_PP_/D
     944* |       0 |      34 |       22 |      2 |    19 |    +0.2% |    1.242 |     -261.7 |        0.0 |    997 | riscv.dp.rf.rf\[24\]\[31\]$_DFFE_PP_/D
     945* |       0 |      34 |       22 |      2 |    19 |    +0.2% |    1.242 |     -261.7 |        0.0 |    997 | riscv.dp.rf.rf\[24\]\[31\]$_DFFE_PP_/D
     946* |       0 |      34 |       22 |      2 |    19 |    +0.2% |    1.242 |     -261.7 |        0.0 |    997 | riscv.dp.rf.rf\[24\]\[31\]$_DFFE_PP_/D
     947* |       0 |      34 |       22 |      2 |    19 |    +0.2% |    1.242 |     -261.7 |        0.0 |    997 | riscv.dp.rf.rf\[24\]\[31\]$_DFFE_PP_/D
     948* |       0 |      34 |       22 |      2 |    19 |    +0.2% |    1.242 |     -261.7 |        0.0 |    997 | riscv.dp.rf.rf\[24\]\[31\]$_DFFE_PP_/D
     949* |       0 |      34 |       22 |      2 |    19 |    +0.2% |    1.242 |     -261.7 |        0.0 |    997 | riscv.dp.rf.rf\[24\]\[31\]$_DFFE_PP_/D
     950* |       0 |      34 |       22 |      2 |    19 |    +0.2% |    1.242 |     -261.7 |        0.0 |    997 | riscv.dp.rf.rf\[24\]\[31\]$_DFFE_PP_/D
     950* |       0 |      34 |       22 |      2 |    19 |    +0.2% |    1.242 |     -261.7 |        0.0 |    997 | riscv.dp.rf.rf\[24\]\[31\]$_DFFE_PP_/D
     951* |       0 |      34 |       22 |      2 |    19 |    +0.2% |    1.242 |     -261.7 |        0.0 |    997 | riscv.dp.rf.rf\[24\]\[31\]$_DFFE_PP_/D
     952* |       0 |      34 |       22 |      2 |    19 |    +0.2% |    1.242 |     -261.7 |        0.0 |    997 | riscv.dp.rf.rf\[24\]\[31\]$_DFFE_PP_/D
     953* |       0 |      34 |       22 |      2 |    19 |    +0.2% |    1.242 |     -261.7 |        0.0 |    997 | riscv.dp.rf.rf\[24\]\[31\]$_DFFE_PP_/D
     954* |       0 |      34 |       22 |      2 |    19 |    +0.2% |    1.242 |     -261.7 |        0.0 |    997 | riscv.dp.rf.rf\[24\]\[31\]$_DFFE_PP_/D
     955* |       0 |      34 |       22 |      2 |    19 |    +0.2% |    1.242 |     -261.7 |        0.0 |    997 | riscv.dp.rf.rf\[24\]\[31\]$_DFFE_PP_/D
     956* |       0 |      34 |       22 |      2 |    19 |    +0.2% |    1.242 |     -261.7 |        0.0 |    997 | riscv.dp.rf.rf\[24\]\[31\]$_DFFE_PP_/D
     957* |       0 |      34 |       22 |      2 |    19 |    +0.2% |    1.242 |     -261.7 |        0.0 |    997 | riscv.dp.rf.rf\[24\]\[31\]$_DFFE_PP_/D
     958* |       0 |      34 |       22 |      2 |    19 |    +0.2% |    1.242 |     -261.7 |        0.0 |    997 | riscv.dp.rf.rf\[24\]\[31\]$_DFFE_PP_/D
     959* |       0 |      34 |       22 |      2 |    19 |    +0.2% |    1.242 |     -261.7 |        0.0 |    997 | riscv.dp.rf.rf\[24\]\[31\]$_DFFE_PP_/D
     960* |       0 |      34 |       22 |      2 |    19 |    +0.2% |    1.242 |     -261.7 |        0.0 |    997 | riscv.dp.rf.rf\[24\]\[31\]$_DFFE_PP_/D
     960* |       0 |      34 |       22 |      2 |    19 |    +0.2% |    1.242 |     -261.7 |        0.0 |    997 | riscv.dp.rf.rf\[24\]\[31\]$_DFFE_PP_/D
     961* |       0 |      34 |       22 |      2 |    19 |    +0.2% |    1.242 |     -261.7 |        0.0 |    997 | riscv.dp.rf.rf\[24\]\[31\]$_DFFE_PP_/D
     962* |       0 |      34 |       22 |      2 |    19 |    +0.2% |    1.242 |     -261.7 |        0.0 |    997 | riscv.dp.rf.rf\[24\]\[31\]$_DFFE_PP_/D
     963* |       0 |      34 |       22 |      2 |    19 |    +0.2% |    1.242 |     -261.7 |        0.0 |    997 | riscv.dp.rf.rf\[24\]\[31\]$_DFFE_PP_/D
     964* |       0 |      34 |       22 |      2 |    19 |    +0.2% |    1.242 |     -261.7 |        0.0 |    997 | riscv.dp.rf.rf\[24\]\[31\]$_DFFE_PP_/D
     965* |       0 |      34 |       22 |      2 |    19 |    +0.2% |    1.242 |     -261.7 |        0.0 |    997 | riscv.dp.rf.rf\[24\]\[31\]$_DFFE_PP_/D
     966* |       0 |      34 |       22 |      2 |    19 |    +0.2% |    1.242 |     -261.7 |        0.0 |    997 | riscv.dp.rf.rf\[24\]\[31\]$_DFFE_PP_/D
     967* |       0 |      34 |       22 |      2 |    19 |    +0.2% |    1.242 |     -261.7 |        0.0 |    997 | riscv.dp.rf.rf\[24\]\[31\]$_DFFE_PP_/D
     968* |       0 |      34 |       22 |      2 |    19 |    +0.2% |    1.242 |     -261.7 |        0.0 |    997 | riscv.dp.rf.rf\[24\]\[31\]$_DFFE_PP_/D
     969* |       0 |      34 |       22 |      2 |    19 |    +0.2% |    1.242 |     -261.7 |        0.0 |    997 | riscv.dp.rf.rf\[24\]\[31\]$_DFFE_PP_/D
     970* |       0 |      34 |       22 |      2 |    19 |    +0.2% |    1.242 |     -261.7 |        0.0 |    997 | riscv.dp.rf.rf\[24\]\[31\]$_DFFE_PP_/D
     970* |       0 |      34 |       22 |      2 |    19 |    +0.2% |    1.242 |     -261.7 |        0.0 |    997 | riscv.dp.rf.rf\[24\]\[31\]$_DFFE_PP_/D
     971* |       0 |      34 |       22 |      2 |    19 |    +0.2% |    1.242 |     -261.7 |        0.0 |    997 | riscv.dp.rf.rf\[24\]\[31\]$_DFFE_PP_/D
     972* |       0 |      34 |       22 |      2 |    19 |    +0.2% |    1.242 |     -261.7 |        0.0 |    997 | riscv.dp.rf.rf\[24\]\[31\]$_DFFE_PP_/D
     973* |       0 |      34 |       22 |      2 |    19 |    +0.2% |    1.242 |     -261.7 |        0.0 |    997 | riscv.dp.rf.rf\[24\]\[31\]$_DFFE_PP_/D
     974* |       0 |      34 |       22 |      2 |    19 |    +0.2% |    1.242 |     -261.7 |        0.0 |    997 | riscv.dp.rf.rf\[24\]\[31\]$_DFFE_PP_/D
     975* |       0 |      34 |       22 |      2 |    19 |    +0.2% |    1.242 |     -261.7 |        0.0 |    997 | riscv.dp.rf.rf\[24\]\[31\]$_DFFE_PP_/D
     976* |       0 |      34 |       22 |      2 |    19 |    +0.2% |    1.242 |     -261.7 |        0.0 |    997 | riscv.dp.rf.rf\[24\]\[31\]$_DFFE_PP_/D
     977* |       0 |      34 |       22 |      2 |    19 |    +0.2% |    1.242 |     -261.7 |        0.0 |    997 | riscv.dp.rf.rf\[24\]\[31\]$_DFFE_PP_/D
     978* |       0 |      34 |       22 |      2 |    19 |    +0.2% |    1.242 |     -261.7 |        0.0 |    997 | riscv.dp.rf.rf\[24\]\[31\]$_DFFE_PP_/D
     979* |       0 |      34 |       22 |      2 |    19 |    +0.2% |    1.242 |     -261.7 |        0.0 |    997 | riscv.dp.rf.rf\[24\]\[31\]$_DFFE_PP_/D
     980* |       0 |      34 |       22 |      2 |    19 |    +0.2% |    1.242 |     -261.7 |        0.0 |    997 | riscv.dp.rf.rf\[24\]\[31\]$_DFFE_PP_/D
     980* |       0 |      34 |       22 |      2 |    19 |    +0.2% |    1.242 |     -261.7 |        0.0 |    997 | riscv.dp.rf.rf\[24\]\[31\]$_DFFE_PP_/D
     981* |       0 |      34 |       22 |      2 |    19 |    +0.2% |    1.242 |     -261.7 |        0.0 |    997 | riscv.dp.rf.rf\[24\]\[31\]$_DFFE_PP_/D
     982* |       0 |      34 |       22 |      2 |    19 |    +0.2% |    1.242 |     -261.7 |        0.0 |    997 | riscv.dp.rf.rf\[24\]\[31\]$_DFFE_PP_/D
     983* |       0 |      34 |       22 |      2 |    19 |    +0.2% |    1.242 |     -261.7 |        0.0 |    997 | riscv.dp.rf.rf\[24\]\[31\]$_DFFE_PP_/D
     984* |       0 |      34 |       22 |      2 |    19 |    +0.2% |    1.242 |     -261.7 |        0.0 |    997 | riscv.dp.rf.rf\[24\]\[31\]$_DFFE_PP_/D
     985* |       0 |      34 |       22 |      2 |    19 |    +0.2% |    1.242 |     -261.7 |        0.0 |    997 | riscv.dp.rf.rf\[24\]\[31\]$_DFFE_PP_/D
     986* |       0 |      34 |       22 |      2 |    19 |    +0.2% |    1.242 |     -261.7 |        0.0 |    997 | riscv.dp.rf.rf\[24\]\[31\]$_DFFE_PP_/D
     987* |       0 |      34 |       22 |      2 |    19 |    +0.2% |    1.242 |     -261.7 |        0.0 |    997 | riscv.dp.rf.rf\[24\]\[31\]$_DFFE_PP_/D
     988* |       0 |      34 |       22 |      2 |    19 |    +0.2% |    1.242 |     -261.7 |        0.0 |    997 | riscv.dp.rf.rf\[24\]\[31\]$_DFFE_PP_/D
     989* |       0 |      34 |       22 |      2 |    19 |    +0.2% |    1.242 |     -261.7 |        0.0 |    997 | riscv.dp.rf.rf\[24\]\[31\]$_DFFE_PP_/D
     990* |       0 |      34 |       22 |      2 |    19 |    +0.2% |    1.242 |     -261.7 |        0.0 |    997 | riscv.dp.rf.rf\[24\]\[31\]$_DFFE_PP_/D
     990* |       0 |      34 |       22 |      2 |    19 |    +0.2% |    1.242 |     -261.7 |        0.0 |    997 | riscv.dp.rf.rf\[24\]\[31\]$_DFFE_PP_/D
     991* |       0 |      34 |       22 |      2 |    19 |    +0.2% |    1.242 |     -261.7 |        0.0 |    997 | riscv.dp.rf.rf\[24\]\[31\]$_DFFE_PP_/D
     992* |       0 |      34 |       22 |      2 |    19 |    +0.2% |    1.242 |     -261.7 |        0.0 |    997 | riscv.dp.rf.rf\[24\]\[31\]$_DFFE_PP_/D
     993* |       0 |      34 |       22 |      2 |    19 |    +0.2% |    1.242 |     -261.7 |        0.0 |    997 | riscv.dp.rf.rf\[24\]\[31\]$_DFFE_PP_/D
     994* |       0 |      34 |       22 |      2 |    19 |    +0.2% |    1.242 |     -261.7 |        0.0 |    997 | riscv.dp.rf.rf\[24\]\[31\]$_DFFE_PP_/D
     995* |       0 |      34 |       22 |      2 |    19 |    +0.2% |    1.242 |     -261.7 |        0.0 |    997 | riscv.dp.rf.rf\[24\]\[31\]$_DFFE_PP_/D
     996* |       0 |      34 |       22 |      2 |    19 |    +0.2% |    1.242 |     -261.7 |        0.0 |    997 | riscv.dp.rf.rf\[24\]\[31\]$_DFFE_PP_/D
     997* |       0 |      34 |       22 |      2 |    19 |    +0.2% |    1.242 |     -261.7 |        0.0 |    997 | riscv.dp.rf.rf\[24\]\[31\]$_DFFE_PP_/D
     998* |       0 |      34 |       22 |      2 |    19 |    +0.2% |    1.242 |     -261.7 |        0.0 |    997 | riscv.dp.rf.rf\[24\]\[31\]$_DFFE_PP_/D
     999* |       0 |      34 |       22 |      2 |    19 |    +0.2% |    1.242 |     -261.7 |        0.0 |    997 | riscv.dp.rf.rf\[24\]\[31\]$_DFFE_PP_/D
    1000* |       0 |      34 |       22 |      2 |    19 |    +0.2% |    1.242 |     -261.7 |        0.0 |    997 | riscv.dp.rf.rf\[24\]\[31\]$_DFFE_PP_/D
    1000* |       0 |      34 |       22 |      2 |    19 |    +0.2% |    1.242 |     -261.7 |        0.0 |    997 | riscv.dp.rf.rf\[24\]\[31\]$_DFFE_PP_/D
    1001* |       0 |      34 |       22 |      2 |    19 |    +0.2% |    1.242 |     -261.7 |        0.0 |    997 | riscv.dp.rf.rf\[24\]\[31\]$_DFFE_PP_/D
    1002* |       0 |      34 |       22 |      2 |    19 |    +0.2% |    1.242 |     -261.7 |        0.0 |    997 | riscv.dp.rf.rf\[24\]\[31\]$_DFFE_PP_/D
    1003* |       0 |      34 |       22 |      2 |    19 |    +0.2% |    1.242 |     -261.7 |        0.0 |    997 | riscv.dp.rf.rf\[24\]\[31\]$_DFFE_PP_/D
    1004* |       0 |      34 |       22 |      2 |    19 |    +0.2% |    1.242 |     -261.7 |        0.0 |    997 | riscv.dp.rf.rf\[24\]\[31\]$_DFFE_PP_/D
    1005* |       0 |      34 |       22 |      2 |    19 |    +0.2% |    1.242 |     -261.7 |        0.0 |    997 | riscv.dp.rf.rf\[24\]\[31\]$_DFFE_PP_/D
    1006* |       0 |      34 |       22 |      2 |    19 |    +0.2% |    1.242 |     -261.7 |        0.0 |    997 | riscv.dp.rf.rf\[24\]\[31\]$_DFFE_PP_/D
    1007* |       0 |      34 |       22 |      2 |    19 |    +0.2% |    1.242 |     -261.7 |        0.0 |    997 | riscv.dp.rf.rf\[24\]\[31\]$_DFFE_PP_/D
    1008* |       0 |      34 |       22 |      2 |    19 |    +0.2% |    1.242 |     -261.7 |        0.0 |    997 | riscv.dp.rf.rf\[24\]\[31\]$_DFFE_PP_/D
    1009* |       0 |      34 |       22 |      2 |    19 |    +0.2% |    1.242 |     -261.7 |        0.0 |    997 | riscv.dp.rf.rf\[24\]\[31\]$_DFFE_PP_/D
    1010* |       0 |      34 |       22 |      2 |    19 |    +0.2% |    1.242 |     -261.7 |        0.0 |    997 | riscv.dp.rf.rf\[24\]\[31\]$_DFFE_PP_/D
    1010* |       0 |      34 |       22 |      2 |    19 |    +0.2% |    1.242 |     -261.7 |        0.0 |    997 | riscv.dp.rf.rf\[24\]\[31\]$_DFFE_PP_/D
    1011* |       0 |      34 |       22 |      2 |    19 |    +0.2% |    1.242 |     -261.7 |        0.0 |    997 | riscv.dp.rf.rf\[24\]\[31\]$_DFFE_PP_/D
    1012* |       0 |      34 |       22 |      2 |    19 |    +0.2% |    1.242 |     -261.7 |        0.0 |    997 | riscv.dp.rf.rf\[24\]\[31\]$_DFFE_PP_/D
    1013* |       0 |      34 |       22 |      2 |    19 |    +0.2% |    1.242 |     -261.7 |        0.0 |    997 | riscv.dp.rf.rf\[24\]\[31\]$_DFFE_PP_/D
    1014* |       0 |      34 |       22 |      2 |    19 |    +0.2% |    1.242 |     -261.7 |        0.0 |    997 | riscv.dp.rf.rf\[24\]\[31\]$_DFFE_PP_/D
    1015* |       0 |      34 |       22 |      2 |    19 |    +0.2% |    1.242 |     -261.7 |        0.0 |    997 | riscv.dp.rf.rf\[24\]\[31\]$_DFFE_PP_/D
    1016* |       0 |      34 |       22 |      2 |    19 |    +0.2% |    1.242 |     -261.7 |        0.0 |    997 | riscv.dp.rf.rf\[24\]\[31\]$_DFFE_PP_/D
    1017* |       0 |      34 |       22 |      2 |    19 |    +0.2% |    1.242 |     -261.7 |        0.0 |    997 | riscv.dp.rf.rf\[24\]\[31\]$_DFFE_PP_/D
    1018* |       0 |      34 |       22 |      2 |    19 |    +0.2% |    1.242 |     -261.7 |        0.0 |    997 | riscv.dp.rf.rf\[24\]\[31\]$_DFFE_PP_/D
    1019* |       0 |      34 |       22 |      2 |    19 |    +0.2% |    1.242 |     -261.7 |        0.0 |    997 | riscv.dp.rf.rf\[24\]\[31\]$_DFFE_PP_/D
    1020* |       0 |      34 |       22 |      2 |    19 |    +0.2% |    1.242 |     -261.7 |        0.0 |    997 | riscv.dp.rf.rf\[24\]\[31\]$_DFFE_PP_/D
    1020* |       0 |      34 |       22 |      2 |    19 |    +0.2% |    1.242 |     -261.7 |        0.0 |    997 | riscv.dp.rf.rf\[24\]\[31\]$_DFFE_PP_/D
    1021* |       0 |      34 |       22 |      2 |    19 |    +0.2% |    1.242 |     -261.7 |        0.0 |    997 | riscv.dp.rf.rf\[24\]\[31\]$_DFFE_PP_/D
    1022* |       0 |      34 |       22 |      2 |    19 |    +0.2% |    1.242 |     -261.7 |        0.0 |    997 | riscv.dp.rf.rf\[24\]\[31\]$_DFFE_PP_/D
    1023* |       0 |      34 |       22 |      2 |    19 |    +0.2% |    1.242 |     -261.7 |        0.0 |    997 | riscv.dp.rf.rf\[24\]\[31\]$_DFFE_PP_/D
    1024* |       0 |      34 |       22 |      2 |    19 |    +0.2% |    1.242 |     -261.7 |        0.0 |    997 | riscv.dp.rf.rf\[24\]\[31\]$_DFFE_PP_/D
    1025* |       0 |      34 |       22 |      2 |    19 |    +0.2% |    1.242 |     -261.7 |        0.0 |    997 | riscv.dp.rf.rf\[24\]\[31\]$_DFFE_PP_/D
    1026* |       0 |      34 |       22 |      2 |    19 |    +0.2% |    1.242 |     -261.7 |        0.0 |    997 | riscv.dp.rf.rf\[24\]\[31\]$_DFFE_PP_/D
    1027* |       0 |      34 |       22 |      2 |    19 |    +0.2% |    1.242 |     -261.7 |        0.0 |    997 | riscv.dp.rf.rf\[24\]\[31\]$_DFFE_PP_/D
    1028* |       0 |      34 |       22 |      2 |    19 |    +0.2% |    1.242 |     -261.7 |        0.0 |    997 | riscv.dp.rf.rf\[24\]\[31\]$_DFFE_PP_/D
    1029* |       0 |      34 |       22 |      2 |    19 |    +0.2% |    1.242 |     -261.7 |        0.0 |    997 | riscv.dp.rf.rf\[24\]\[31\]$_DFFE_PP_/D
    1030* |       0 |      34 |       22 |      2 |    19 |    +0.2% |    1.242 |     -261.7 |        0.0 |    997 | riscv.dp.rf.rf\[24\]\[31\]$_DFFE_PP_/D
    1030* |       0 |      34 |       22 |      2 |    19 |    +0.2% |    1.242 |     -261.7 |        0.0 |    997 | riscv.dp.rf.rf\[24\]\[31\]$_DFFE_PP_/D
    1031* |       0 |      34 |       22 |      2 |    19 |    +0.2% |    1.242 |     -261.7 |        0.0 |    997 | riscv.dp.rf.rf\[24\]\[31\]$_DFFE_PP_/D
    1032* |       0 |      34 |       22 |      2 |    19 |    +0.2% |    1.242 |     -261.7 |        0.0 |    997 | riscv.dp.rf.rf\[24\]\[31\]$_DFFE_PP_/D
    1033* |       0 |      34 |       22 |      2 |    19 |    +0.2% |    1.242 |     -261.7 |        0.0 |    997 | riscv.dp.rf.rf\[24\]\[31\]$_DFFE_PP_/D
    1034* |       0 |      34 |       22 |      2 |    19 |    +0.2% |    1.242 |     -261.7 |        0.0 |    997 | riscv.dp.rf.rf\[24\]\[31\]$_DFFE_PP_/D
    1035* |       0 |      34 |       22 |      2 |    19 |    +0.2% |    1.242 |     -261.7 |        0.0 |    997 | riscv.dp.rf.rf\[24\]\[31\]$_DFFE_PP_/D
    1036* |       0 |      34 |       22 |      2 |    19 |    +0.2% |    1.242 |     -261.7 |        0.0 |    997 | riscv.dp.rf.rf\[24\]\[31\]$_DFFE_PP_/D
    1037* |       0 |      34 |       22 |      2 |    19 |    +0.2% |    1.242 |     -261.7 |        0.0 |    997 | riscv.dp.rf.rf\[24\]\[31\]$_DFFE_PP_/D
    1038* |       0 |      34 |       22 |      2 |    19 |    +0.2% |    1.242 |     -261.7 |        0.0 |    997 | riscv.dp.rf.rf\[24\]\[31\]$_DFFE_PP_/D
    1039* |       0 |      34 |       22 |      2 |    19 |    +0.2% |    1.242 |     -261.7 |        0.0 |    997 | riscv.dp.rf.rf\[24\]\[31\]$_DFFE_PP_/D
    1040* |       0 |      34 |       22 |      2 |    19 |    +0.2% |    1.242 |     -261.7 |        0.0 |    997 | riscv.dp.rf.rf\[24\]\[31\]$_DFFE_PP_/D
    1040* |       0 |      34 |       22 |      2 |    19 |    +0.2% |    1.242 |     -261.7 |        0.0 |    997 | riscv.dp.rf.rf\[24\]\[31\]$_DFFE_PP_/D
    1041* |       0 |      34 |       22 |      2 |    19 |    +0.2% |    1.242 |     -261.7 |        0.0 |    997 | riscv.dp.rf.rf\[24\]\[31\]$_DFFE_PP_/D
    1042* |       0 |      34 |       22 |      2 |    19 |    +0.2% |    1.242 |     -261.7 |        0.0 |    997 | riscv.dp.rf.rf\[24\]\[31\]$_DFFE_PP_/D
    1043* |       0 |      34 |       22 |      2 |    19 |    +0.2% |    1.242 |     -261.7 |        0.0 |    997 | riscv.dp.rf.rf\[24\]\[31\]$_DFFE_PP_/D
    1044* |       0 |      34 |       22 |      2 |    19 |    +0.2% |    1.242 |     -261.7 |        0.0 |    997 | riscv.dp.rf.rf\[24\]\[31\]$_DFFE_PP_/D
    1045* |       0 |      34 |       22 |      2 |    19 |    +0.2% |    1.242 |     -261.7 |        0.0 |    997 | riscv.dp.rf.rf\[24\]\[31\]$_DFFE_PP_/D
    1046* |       0 |      34 |       22 |      2 |    19 |    +0.2% |    1.242 |     -261.7 |        0.0 |    997 | riscv.dp.rf.rf\[24\]\[31\]$_DFFE_PP_/D
    1047* |       0 |      34 |       22 |      2 |    19 |    +0.2% |    1.242 |     -261.7 |        0.0 |    997 | riscv.dp.rf.rf\[24\]\[31\]$_DFFE_PP_/D
    1048* |       0 |      34 |       22 |      2 |    19 |    +0.2% |    1.242 |     -261.7 |        0.0 |    997 | riscv.dp.rf.rf\[24\]\[31\]$_DFFE_PP_/D
    1049* |       0 |      34 |       22 |      2 |    19 |    +0.2% |    1.242 |     -261.7 |        0.0 |    997 | riscv.dp.rf.rf\[24\]\[31\]$_DFFE_PP_/D
    1050* |       0 |      34 |       22 |      2 |    19 |    +0.2% |    1.242 |     -261.7 |        0.0 |    997 | riscv.dp.rf.rf\[24\]\[31\]$_DFFE_PP_/D
    1050* |       0 |      34 |       22 |      2 |    19 |    +0.2% |    1.242 |     -261.7 |        0.0 |    997 | riscv.dp.rf.rf\[24\]\[31\]$_DFFE_PP_/D
    1051* |       0 |      34 |       22 |      2 |    19 |    +0.2% |    1.242 |     -261.7 |        0.0 |    997 | riscv.dp.rf.rf\[24\]\[31\]$_DFFE_PP_/D
    1052* |       0 |      34 |       22 |      2 |    19 |    +0.2% |    1.242 |     -261.7 |        0.0 |    997 | riscv.dp.rf.rf\[24\]\[31\]$_DFFE_PP_/D
    1053* |       0 |      34 |       22 |      2 |    19 |    +0.2% |    1.242 |     -261.7 |        0.0 |    997 | riscv.dp.rf.rf\[24\]\[31\]$_DFFE_PP_/D
    1054* |       0 |      34 |       22 |      2 |    19 |    +0.2% |    1.242 |     -261.7 |        0.0 |    997 | riscv.dp.rf.rf\[24\]\[31\]$_DFFE_PP_/D
    1055* |       0 |      34 |       22 |      2 |    19 |    +0.2% |    1.242 |     -261.7 |        0.0 |    997 | riscv.dp.rf.rf\[24\]\[31\]$_DFFE_PP_/D
    1056* |       0 |      34 |       22 |      2 |    19 |    +0.2% |    1.242 |     -261.7 |        0.0 |    997 | riscv.dp.rf.rf\[24\]\[31\]$_DFFE_PP_/D
    1057* |       0 |      34 |       22 |      2 |    19 |    +0.2% |    1.242 |     -261.7 |        0.0 |    997 | riscv.dp.rf.rf\[24\]\[31\]$_DFFE_PP_/D
    1058* |       0 |      34 |       22 |      2 |    19 |    +0.2% |    1.242 |     -261.7 |        0.0 |    997 | riscv.dp.rf.rf\[24\]\[31\]$_DFFE_PP_/D
    1059* |       0 |      34 |       22 |      2 |    19 |    +0.2% |    1.242 |     -261.7 |        0.0 |    997 | riscv.dp.rf.rf\[24\]\[31\]$_DFFE_PP_/D
    1060* |       0 |      34 |       22 |      2 |    19 |    +0.2% |    1.242 |     -261.7 |        0.0 |    997 | riscv.dp.rf.rf\[24\]\[31\]$_DFFE_PP_/D
    1060* |       0 |      34 |       22 |      2 |    19 |    +0.2% |    1.242 |     -261.7 |        0.0 |    997 | riscv.dp.rf.rf\[24\]\[31\]$_DFFE_PP_/D
    1061* |       0 |      34 |       22 |      2 |    19 |    +0.2% |    1.242 |     -261.7 |        0.0 |    997 | riscv.dp.rf.rf\[24\]\[31\]$_DFFE_PP_/D
    1062* |       0 |      34 |       22 |      2 |    19 |    +0.2% |    1.242 |     -261.7 |        0.0 |    997 | riscv.dp.rf.rf\[24\]\[31\]$_DFFE_PP_/D
    1063* |       0 |      34 |       22 |      2 |    19 |    +0.2% |    1.242 |     -261.7 |        0.0 |    997 | riscv.dp.rf.rf\[24\]\[31\]$_DFFE_PP_/D
    1064* |       0 |      34 |       22 |      2 |    19 |    +0.2% |    1.242 |     -261.7 |        0.0 |    997 | riscv.dp.rf.rf\[24\]\[31\]$_DFFE_PP_/D
    1065* |       0 |      34 |       22 |      2 |    19 |    +0.2% |    1.242 |     -261.7 |        0.0 |    997 | riscv.dp.rf.rf\[24\]\[31\]$_DFFE_PP_/D
    1066* |       0 |      34 |       22 |      2 |    19 |    +0.2% |    1.242 |     -261.7 |        0.0 |    997 | riscv.dp.rf.rf\[24\]\[31\]$_DFFE_PP_/D
    1066* |       0 |      34 |       22 |      2 |    19 |    +0.2% |    1.242 |     -261.7 |        0.0 |    997 | riscv.dp.rf.rf\[24\]\[31\]$_DFFE_PP_/D
    final |       0 |      34 |       22 |      2 |    19 |    +0.2% |    1.242 |     -261.7 |        0.0 |      0 | riscv.dp.rf.rf\[24\]\[31\]$_DFFE_PP_/D
------------------------------------------------------------------------------------------------------------------------------
[INFO RSZ-0040] Inserted 22 buffers.
[INFO RSZ-0051] Resized 34 instances: 34 up, 0 up match, 0 down, 0 VT
[INFO RSZ-0043] Swapped pins on 19 instances.
[INFO RSZ-0049] Cloned 2 instances.
[INFO RSZ-0505] Runtime: 12.54s
[INFO RSZ-0033] No hold violations found.
[INFO RSZ-0506] Runtime: 0.01s
Took 13 seconds: repair_timing -setup_margin 0 -hold_margin 0 -repair_tns 100 -verbose
Repair timing output passed lec test
detailed_placement
[INFO DPL-0006] Core area: 3045.70 um^2
[INFO DPL-0007] Movable instances area: 1282.38 um^2
[INFO DPL-0008] Fixed instances area within core: 766.34 um^2
[INFO DPL-0009] Utilization: 67.3%
[INFO DPL-0005] Diamond search max displacement: +/- 500 sites horizontally, +/- 100 rows vertically.
[INFO DPL-1102] Legalizing using negotiation legalizer.
[INFO DPL-1103] Negotiation base search window: +/-20 sites horizontally, +/-5 rows vertically 
	Automatic search window extension enabled.
	Search window extendable up to the max displacement cap of +/-500 sites, +/-100 rows near walls.
[INFO DPL-1104] NegotiationLegalizer DRC penalty: 5.
[INFO DPL-0392] Negotiation cell height distribution (2 unique row-count(s)):
[INFO DPL-0393]   height 1 row(s): 10299 cells
[INFO DPL-0393]   height 121 row(s): 4 cells
          |      Total |  Illegal |  Illegal
Iteration | Violations |    Cells |    Sites
---------------------------------------------
        0 |         68 |        16 |        52
        1 |          0 |         0 |         0
Negotiation phase 1 converged at iteration 1.
[INFO DPL-0500] Runtime: 0.07s
Placement Analysis
---------------------------------
total displacement         27.2 u
average displacement        0.0 u
max displacement            1.4 u
original HPWL           44547.9 u
legalized HPWL          44568.3 u
delta HPWL                    0 %

estimate_parasitics -placement
Report metrics stage 4, cts final...

==========================================================================
cts final report_design_area
--------------------------------------------------------------------------
Design area 2049 um^2 67% utilization.
write_db /tmp/workspace/scripts-Private_test-fr_cugr_cmp-1-/results/asap7/riscv32i-mock-sram/base/4_1_cts.odb
write_sdc -no_timestamp /tmp/workspace/scripts-Private_test-fr_cugr_cmp-1-/results/asap7/riscv32i-mock-sram/base/4_cts.sdc
Elapsed time: 0:42.26[h:]min:sec. CPU time: user 73.19 sys 16.85 (213%). Peak memory: 328320KB.
Log                       Ext     Elapsed/s Peak Memory/MB sha1sum result [0:20)
4_1_cts                   .odb           42            320 2e72f302ff0b4ecaf493
cp /tmp/workspace/scripts-Private_test-fr_cugr_cmp-1-/results/asap7/riscv32i-mock-sram/base/4_1_cts.odb /tmp/workspace/scripts-Private_test-fr_cugr_cmp-1-/results/asap7/riscv32i-mock-sram/base/4_cts.odb
/OpenROAD-flow-scripts/flow/scripts/flow.sh 5_1_grt global_route
Running global_route.tcl, stage 5_1_grt
source ./platforms/asap7/liberty_suppressions.tcl
read_liberty ./platforms/asap7/lib/NLDM/asap7sc7p5t_AO_RVT_FF_nldm_211120.lib.gz
read_liberty ./platforms/asap7/lib/NLDM/asap7sc7p5t_INVBUF_RVT_FF_nldm_220122.lib.gz
read_liberty ./platforms/asap7/lib/NLDM/asap7sc7p5t_OA_RVT_FF_nldm_211120.lib.gz
read_liberty ./platforms/asap7/lib/NLDM/asap7sc7p5t_SIMPLE_RVT_FF_nldm_211120.lib.gz
read_liberty ./platforms/asap7/lib/NLDM/asap7sc7p5t_SEQ_RVT_FF_nldm_220123.lib
read_liberty /tmp/workspace/scripts-Private_test-fr_cugr_cmp-1-/results/asap7/riscv32i-mock-sram_fakeram7_256x32/base/fakeram7_256x32_typ.lib
read_db -hier /tmp/workspace/scripts-Private_test-fr_cugr_cmp-1-/results/asap7/riscv32i-mock-sram/base/4_cts.odb
[WARNING ORD-0012] Hierarchical flow (-hier) is currently in development and may cause multiple issues. Do not use in production environments.
read_sdc /tmp/workspace/scripts-Private_test-fr_cugr_cmp-1-/results/asap7/riscv32i-mock-sram/base/4_cts.sdc
source ./platforms/asap7/setRC.tcl
pin_access
[INFO DRT-0149] Reading tech and libs.

Units:                1000
Number of layers:     21
Number of macros:     213
Number of vias:       21
Number of viarulegen: 11

[INFO DRT-0150] Reading design.

Design:                   riscv_top
Die area:                 ( 0 0 ) ( 65343 65343 )
Number of track patterns: 32
Number of DEF vias:       0
Number of components:     10303
Number of terminals:      137
Number of snets:          2
Number of nets:           10158

[INFO DRT-0167] List of default vias:
  Layer V2
    default via: VIA23
  Layer V3
    default via: VIA34
  Layer V4
    default via: VIA45
  Layer V5
    default via: VIA56
  Layer V6
    default via: VIA67
  Layer V7
    default via: VIA78
  Layer V8
    default via: VIA89
  Layer V9
    default via: VIA9Pad
[INFO DRT-0162] Library cell analysis.
[INFO DRT-0163] Instance analysis.
[INFO DRT-0164] Number of unique instances = 234.
[INFO DRT-0168] Init region query.
[INFO DRT-0024]   Complete Active.
[INFO DRT-0024]   Complete V0.
[INFO DRT-0024]   Complete M1.
[INFO DRT-0024]   Complete V1.
[INFO DRT-0024]   Complete M2.
[INFO DRT-0024]   Complete V2.
[INFO DRT-0024]   Complete M3.
[INFO DRT-0024]   Complete V3.
[INFO DRT-0024]   Complete M4.
[INFO DRT-0024]   Complete V4.
[INFO DRT-0024]   Complete M5.
[INFO DRT-0024]   Complete V5.
[INFO DRT-0024]   Complete M6.
[INFO DRT-0024]   Complete V6.
[INFO DRT-0024]   Complete M7.
[INFO DRT-0024]   Complete V7.
[INFO DRT-0024]   Complete M8.
[INFO DRT-0024]   Complete V8.
[INFO DRT-0024]   Complete M9.
[INFO DRT-0024]   Complete V9.
[INFO DRT-0024]   Complete Pad.
[INFO DRT-0033] Active shape region query size = 0.
[INFO DRT-0033] V0 shape region query size = 0.
[INFO DRT-0033] M1 shape region query size = 179082.
[INFO DRT-0033] V1 shape region query size = 192428.
[INFO DRT-0033] M2 shape region query size = 6835.
[INFO DRT-0033] V2 shape region query size = 8847.
[INFO DRT-0033] M3 shape region query size = 8851.
[INFO DRT-0033] V3 shape region query size = 5898.
[INFO DRT-0033] M4 shape region query size = 6202.
[INFO DRT-0033] V4 shape region query size = 5898.
[INFO DRT-0033] M5 shape region query size = 3879.
[INFO DRT-0033] V5 shape region query size = 3098.
[INFO DRT-0033] M6 shape region query size = 757.
[INFO DRT-0033] V6 shape region query size = 0.
[INFO DRT-0033] M7 shape region query size = 0.
[INFO DRT-0033] V7 shape region query size = 0.
[INFO DRT-0033] M8 shape region query size = 0.
[INFO DRT-0033] V8 shape region query size = 0.
[INFO DRT-0033] M9 shape region query size = 0.
[INFO DRT-0033] V9 shape region query size = 0.
[INFO DRT-0033] Pad shape region query size = 0.
[INFO DRT-0165] Start pin access.
[INFO DRT-0076]   Complete 1000 pins.
[INFO DRT-0078]   Complete 1678 pins.
[INFO DRT-0079]   Complete 100 unique inst patterns.
[INFO DRT-0079]   Complete 200 unique inst patterns.
[INFO DRT-0081]   Complete 228 unique inst patterns.
[INFO DRT-0084]   Complete 5852 groups.
#scanned instances     = 10303
#unique  instances     = 232
#stdCellGenAp          = 6500
#stdCellValidPlanarAp  = 66
#stdCellValidViaAp     = 5427
#stdCellPinNoAp        = 0
#stdCellPinCnt         = 35821
#instTermValidViaApCnt = 0
#macroGenAp            = 1050
#macroValidPlanarAp    = 1050
#macroValidViaAp       = 0
#macroNoAp             = 0
[INFO DRT-0166] Complete pin access.
[INFO DRT-0267] cpu time = 00:03:24, elapsed time = 00:00:07, memory = 267.66 (MB), peak = 262.16 (MB)
Took 7 seconds: pin_access
global_route -congestion_report_file /tmp/workspace/scripts-Private_test-fr_cugr_cmp-1-/reports/asap7/riscv32i-mock-sram/base/congestion.rpt -congestion_iterations 30 -congestion_report_iter_step 5 -verbose -resistance_aware
[INFO GRT-0020] Min routing layer: M2
[INFO GRT-0021] Max routing layer: M7
[INFO GRT-0022] Global adjustment: 0%
[INFO GRT-0023] Grid origin: (0, 0)
[INFO GRT-0088] Layer M1      Track-Pitch = 0.0360  line-2-Via Pitch: 0.0360
[INFO GRT-0088] Layer M2      Track-Pitch = 0.0390  line-2-Via Pitch: 0.0360
[INFO GRT-0088] Layer M3      Track-Pitch = 0.0360  line-2-Via Pitch: 0.0360
[INFO GRT-0088] Layer M4      Track-Pitch = 0.0480  line-2-Via Pitch: 0.0480
[INFO GRT-0088] Layer M5      Track-Pitch = 0.0480  line-2-Via Pitch: 0.0480
[INFO GRT-0088] Layer M6      Track-Pitch = 0.0640  line-2-Via Pitch: 0.0640
[INFO GRT-0088] Layer M7      Track-Pitch = 0.0640  line-2-Via Pitch: 0.0640
[INFO GRT-0003] Macros: 4
[INFO GRT-0004] Blockages: 3280
[INFO GRT-0019] Found 120 clock nets.
[INFO GRT-0001] Minimum degree: 2
[INFO GRT-0002] Maximum degree: 78

[INFO GRT-0053] Routing resources analysis:
          Routing      Original      Derated      Resource
Layer     Direction    Resources     Resources    Reduction (%)
---------------------------------------------------------------
M1         Vertical            0             0          0.00%
M2         Horizontal     150830        108562          28.02%
M3         Vertical       164340        122021          25.75%
M4         Horizontal     127487         94946          25.52%
M5         Vertical       116952         86240          26.26%
M6         Horizontal      88892         60612          31.81%
M7         Vertical       115373         77744          32.62%
---------------------------------------------------------------

[INFO GRT-0101] Running extra iterations to remove congestion.
[INFO GRT-0102] Start extra iteration 1/30
[INFO GRT-0102] Start extra iteration 2/30
[INFO GRT-0197] Via related to pin nodes: 79361
[INFO GRT-0198] Via related Steiner nodes: 2881
[INFO GRT-0199] Via filling finished.
[INFO GRT-0111] Final number of vias: 107576
[INFO GRT-0112] Final usage 3D: 422228

[INFO GRT-0096] Final congestion report:
Layer         Resource        Demand        Usage (%)    Max H / Max V / Total Congestion
---------------------------------------------------------------------------------------
M1                   0             0            0.00%             0 /  0 /  0
M2              108562         28665           26.40%             0 /  0 /  0
M3              122021         34722           28.46%             0 /  0 /  0
M4               94946          9611           10.12%             0 /  0 /  0
M5               86240         10255           11.89%             0 /  0 /  0
M6               60612          9441           15.58%             0 /  0 /  0
M7               77744          6806            8.75%             0 /  0 /  0
---------------------------------------------------------------------------------------
Total           550125         99500           18.09%             0 /  0 /  0

[INFO GRT-0018] Total wirelength: 75326 um
[INFO GRT-0014] Routed nets: 10117
[INFO GRT-0303] Global routing runtime = 00:00:06
Took 7 seconds: global_route -congestion_report_file /tmp/workspace/scripts-Private_test-fr_cugr_cmp-1-/reports/asap7/riscv32i-mock-sram/base/congestion.rpt -congestion_iterations 30 -congestion_report_iter_step 5 -verbose -resistance_aware
[WARNING STA-0450] virtual clock vclk_clk can not be propagated.
estimate_parasitics -global_routing
Perform buffer insertion and gate resizing...
repair_design -verbose
Iteration |   Area    | Resized | Buffers | Nets repaired | Remaining
---------------------------------------------------------------------
        0 |     +0.0% |       0 |       0 |             0 |     10172
     1000 |     +0.0% |       0 |       0 |             0 |      9172
     2000 |     +0.0% |       0 |       0 |             0 |      8172
[WARNING RSZ-0104] Net _01163_ only has one pin. Check if it is intended to be dangling.
[WARNING RSZ-0104] Net _01139_ only has one pin. Check if it is intended to be dangling.
[WARNING RSZ-0104] Net _01115_ only has one pin. Check if it is intended to be dangling.
[WARNING RSZ-0104] Net _01099_ only has one pin. Check if it is intended to be dangling.
[WARNING RSZ-0104] Net _01071_ only has one pin. Check if it is intended to be dangling.
[WARNING RSZ-0104] Net _01151_ only has one pin. Check if it is intended to be dangling.
[WARNING RSZ-0104] Net _01107_ only has one pin. Check if it is intended to be dangling.
[WARNING RSZ-0104] Net _01095_ only has one pin. Check if it is intended to be dangling.
[WARNING RSZ-0104] Net _01091_ only has one pin. Check if it is intended to be dangling.
[WARNING RSZ-0104] Net _01087_ only has one pin. Check if it is intended to be dangling.
[WARNING RSZ-0104] Net _01083_ only has one pin. Check if it is intended to be dangling.
[WARNING RSZ-0104] Net _01079_ only has one pin. Check if it is intended to be dangling.
[WARNING RSZ-0104] Net _01075_ only has one pin. Check if it is intended to be dangling.
[WARNING RSZ-0104] Net _01067_ only has one pin. Check if it is intended to be dangling.
[WARNING RSZ-0104] Net _01199_ only has one pin. Check if it is intended to be dangling.
[WARNING RSZ-0104] Net _01187_ only has one pin. Check if it is intended to be dangling.
[WARNING RSZ-0104] Net _01183_ only has one pin. Check if it is intended to be dangling.
[WARNING RSZ-0104] Net _01179_ only has one pin. Check if it is intended to be dangling.
[WARNING RSZ-0104] Net _01175_ only has one pin. Check if it is intended to be dangling.
[WARNING RSZ-0104] Net _01167_ only has one pin. Check if it is intended to be dangling.
[WARNING RSZ-0104] Net _01159_ only has one pin. Check if it is intended to be dangling.
[WARNING RSZ-0104] Net _01155_ only has one pin. Check if it is intended to be dangling.
[WARNING RSZ-0104] Net _01147_ only has one pin. Check if it is intended to be dangling.
[WARNING RSZ-0104] Net _01143_ only has one pin. Check if it is intended to be dangling.
[WARNING RSZ-0104] Net _01131_ only has one pin. Check if it is intended to be dangling.
[WARNING RSZ-0104] Net _01127_ only has one pin. Check if it is intended to be dangling.
[WARNING RSZ-0104] Net _01123_ only has one pin. Check if it is intended to be dangling.
[WARNING RSZ-0104] Net _01119_ only has one pin. Check if it is intended to be dangling.
[WARNING RSZ-0104] Net _01111_ only has one pin. Check if it is intended to be dangling.
[WARNING RSZ-0104] Net _01103_ only has one pin. Check if it is intended to be dangling.
     3000 |     +0.0% |       0 |       0 |             0 |      7172
[WARNING RSZ-0104] Net _01171_ only has one pin. Check if it is intended to be dangling.
[WARNING RSZ-0104] Net _01135_ only has one pin. Check if it is intended to be dangling.
[WARNING RSZ-0104] Net _01059_ only has one pin. Check if it is intended to be dangling.
[WARNING RSZ-0104] Net _01057_ only has one pin. Check if it is intended to be dangling.
[WARNING RSZ-0104] Net _01063_ only has one pin. Check if it is intended to be dangling.
[WARNING RSZ-0104] Net _01061_ only has one pin. Check if it is intended to be dangling.
     4000 |     +0.0% |       0 |       0 |             0 |      6172
     5000 |     +0.0% |       0 |       0 |             0 |      5172
     6000 |     +0.0% |       0 |       1 |             1 |      4172
[WARNING RSZ-0104] Net _01195_ only has one pin. Check if it is intended to be dangling.
[WARNING RSZ-0104] Net _01193_ only has one pin. Check if it is intended to be dangling.
[WARNING RSZ-0104] Net _01191_ only has one pin. Check if it is intended to be dangling.
[WARNING RSZ-0104] Net _01189_ only has one pin. Check if it is intended to be dangling.
     7000 |     +0.0% |       0 |       1 |             1 |      3172
     8000 |     +0.0% |       0 |       1 |             1 |      2172
     9000 |     +0.0% |       0 |       1 |             1 |      1172
    10000 |     +0.0% |       0 |       1 |             1 |       172
[WARNING RSZ-0104] Net valid_reg only has one pin. Check if it is intended to be dangling.
    final |     +0.0% |       0 |       1 |             1 |         0
---------------------------------------------------------------------
[INFO RSZ-0036] Found 1 capacitance violations.
[INFO RSZ-0038] Inserted 1 buffers in 1 nets.
[INFO RSZ-0504] Runtime: 1.23s
global_route -start_incremental
detailed_placement
[INFO DPL-0006] Core area: 3045.70 um^2
[INFO DPL-0007] Movable instances area: 1282.70 um^2
[INFO DPL-0008] Fixed instances area within core: 766.34 um^2
[INFO DPL-0009] Utilization: 67.3%
[INFO DPL-0005] Diamond search max displacement: +/- 500 sites horizontally, +/- 100 rows vertically.
[INFO DPL-1102] Legalizing using negotiation legalizer.
[INFO DPL-1103] Negotiation base search window: +/-20 sites horizontally, +/-5 rows vertically 
	Automatic search window extension enabled.
	Search window extendable up to the max displacement cap of +/-500 sites, +/-100 rows near walls.
[INFO DPL-1104] NegotiationLegalizer DRC penalty: 5.
[INFO DPL-0392] Negotiation cell height distribution (2 unique row-count(s)):
[INFO DPL-0393]   height 1 row(s): 10300 cells
[INFO DPL-0393]   height 121 row(s): 4 cells
          |      Total |  Illegal |  Illegal
Iteration | Violations |    Cells |    Sites
---------------------------------------------
        0 |          0 |         0 |         0
Negotiation phase 1 converged at iteration 0.
[INFO DPL-0500] Runtime: 0.05s
Placement Analysis
---------------------------------
total displacement          1.0 u
average displacement        0.0 u
max displacement            0.5 u
original HPWL           44568.3 u
legalized HPWL          44568.5 u
delta HPWL                    0 %

global_route -end_incremental -resistance_aware -congestion_report_file /tmp/workspace/scripts-Private_test-fr_cugr_cmp-1-/reports/asap7/riscv32i-mock-sram/base/congestion_post_repair_design.rpt
Repair setup and hold violations...
estimate_parasitics -global_routing
repair_timing -setup_margin 0 -hold_margin 0 -repair_tns 100 -verbose
[INFO RSZ-0100] Repair move sequence: UnbufferMove SizeUpMove SwapPinsMove BufferMove CloneMove SplitLoadMove 
[INFO RSZ-0094] Found 793 endpoints with setup violations.
[INFO RSZ-0099] Repairing 793 out of 793 (100.00%) violating endpoints...
   Iter   | Removed | Resized | Inserted | Cloned |  Pin  |   Area   |    WNS   |   StTNS    |   EnTNS    |  Viol  |  Worst  
          | Buffers |  Gates  | Buffers  |  Gates | Swaps |          |          |            |            | Endpts | St/EnPt 
------------------------------------------------------------------------------------------------------------------------------
       0* |       0 |       0 |        0 |      0 |     0 |    +0.0% |  -21.459 |     -389.5 |    -6622.6 |    793 | riscv.dp.rf.rf\[31\]\[30\]$_DFFE_PP_/D
      10* |       0 |       2 |        6 |      0 |     3 |    +0.0% |  -12.387 |     -326.5 |    -1277.4 |    793 | riscv.dp.rf.rf\[31\]\[30\]$_DFFE_PP_/D
      20* |       0 |       5 |        9 |      0 |     7 |    +0.1% |   -8.547 |     -305.9 |     -762.8 |    793 | riscv.dp.rf.rf\[31\]\[30\]$_DFFE_PP_/D
      30* |       0 |      12 |       10 |      0 |     9 |    +0.1% |   -7.532 |     -288.7 |     -854.6 |    793 | riscv.dp.rf.rf\[22\]\[2\]$_DFFE_PP_/D
      33* |       0 |      15 |       10 |      0 |     9 |    +0.1% |   -5.990 |     -283.7 |     -208.5 |    793 | riscv.dp.rf.rf\[30\]\[28\]$_DFFE_PP_/D
      37* |       0 |      15 |       11 |      0 |     9 |    +0.1% |   -5.990 |     -283.7 |     -203.2 |    793 | riscv.dp.rf.rf\[30\]\[28\]$_DFFE_PP_/D
      40* |       0 |      16 |       13 |      0 |     9 |    +0.1% |   -5.590 |     -281.2 |     -173.7 |    793 | riscv.dp.rf.rf\[30\]\[28\]$_DFFE_PP_/D
      50* |       0 |      18 |       17 |      0 |    15 |    +0.1% |   -2.917 |     -266.8 |      -36.8 |    793 | riscv.dp.rf.rf\[30\]\[28\]$_DFFE_PP_/D
      53* |       0 |      19 |       19 |      0 |    16 |    +0.1% |   -0.620 |     -262.3 |       -1.1 |    793 | riscv.dp.rf.rf\[18\]\[19\]$_DFFE_PP_/D
      54* |       0 |      19 |       19 |      0 |    16 |    +0.1% |   -0.620 |     -262.3 |       -1.1 |    793 | riscv.dp.rf.rf\[18\]\[19\]$_DFFE_PP_/D
      55* |       0 |      19 |       19 |      0 |    16 |    +0.1% |   -0.620 |     -262.3 |       -1.1 |    793 | riscv.dp.rf.rf\[18\]\[19\]$_DFFE_PP_/D
      56* |       0 |      19 |       19 |      0 |    16 |    +0.1% |   -0.620 |     -262.3 |       -1.1 |    793 | riscv.dp.rf.rf\[18\]\[19\]$_DFFE_PP_/D
      57* |       0 |      19 |       19 |      0 |    16 |    +0.1% |   -0.620 |     -262.3 |       -1.1 |    793 | riscv.dp.rf.rf\[18\]\[19\]$_DFFE_PP_/D
      58* |       0 |      19 |       19 |      0 |    16 |    +0.1% |   -0.620 |     -262.3 |       -1.1 |    793 | riscv.dp.rf.rf\[18\]\[19\]$_DFFE_PP_/D
      59* |       0 |      19 |       19 |      0 |    16 |    +0.1% |   -0.620 |     -262.3 |       -1.1 |    793 | riscv.dp.rf.rf\[18\]\[19\]$_DFFE_PP_/D
      60* |       0 |      19 |       19 |      0 |    16 |    +0.1% |   -0.620 |     -262.3 |       -1.1 |    793 | riscv.dp.rf.rf\[18\]\[19\]$_DFFE_PP_/D
      60* |       0 |      19 |       19 |      0 |    16 |    +0.1% |   -0.620 |     -262.3 |       -1.1 |    793 | riscv.dp.rf.rf\[18\]\[19\]$_DFFE_PP_/D
      61* |       0 |      19 |       19 |      0 |    16 |    +0.1% |   -0.620 |     -262.3 |       -1.1 |    793 | riscv.dp.rf.rf\[18\]\[19\]$_DFFE_PP_/D
      62* |       0 |      19 |       19 |      0 |    16 |    +0.1% |   -0.620 |     -262.3 |       -1.1 |    793 | riscv.dp.rf.rf\[18\]\[19\]$_DFFE_PP_/D
      63* |       0 |      19 |       19 |      0 |    16 |    +0.1% |   -0.620 |     -262.3 |       -1.1 |    793 | riscv.dp.rf.rf\[18\]\[19\]$_DFFE_PP_/D
      64* |       0 |      19 |       19 |      0 |    16 |    +0.1% |   -0.620 |     -262.3 |       -1.1 |    793 | riscv.dp.rf.rf\[18\]\[19\]$_DFFE_PP_/D
      65* |       0 |      19 |       19 |      0 |    16 |    +0.1% |   -0.620 |     -262.3 |       -1.1 |    793 | riscv.dp.rf.rf\[18\]\[19\]$_DFFE_PP_/D
      66* |       0 |      19 |       19 |      0 |    16 |    +0.1% |   -0.620 |     -262.3 |       -1.1 |    793 | riscv.dp.rf.rf\[18\]\[19\]$_DFFE_PP_/D
      67* |       0 |      19 |       19 |      0 |    16 |    +0.1% |   -0.620 |     -262.3 |       -1.1 |    793 | riscv.dp.rf.rf\[18\]\[19\]$_DFFE_PP_/D
      68* |       0 |      19 |       19 |      0 |    16 |    +0.1% |   -0.620 |     -262.3 |       -1.1 |    793 | riscv.dp.rf.rf\[18\]\[19\]$_DFFE_PP_/D
      69* |       0 |      19 |       19 |      0 |    16 |    +0.1% |   -0.620 |     -262.3 |       -1.1 |    793 | riscv.dp.rf.rf\[18\]\[19\]$_DFFE_PP_/D
      70* |       0 |      19 |       19 |      0 |    16 |    +0.1% |   -0.620 |     -262.3 |       -1.1 |    793 | riscv.dp.rf.rf\[18\]\[19\]$_DFFE_PP_/D
      70* |       0 |      19 |       19 |      0 |    16 |    +0.1% |   -0.620 |     -262.3 |       -1.1 |    793 | riscv.dp.rf.rf\[18\]\[19\]$_DFFE_PP_/D
      71* |       0 |      19 |       19 |      0 |    16 |    +0.1% |   -0.620 |     -262.3 |       -1.1 |    793 | riscv.dp.rf.rf\[18\]\[19\]$_DFFE_PP_/D
      72* |       0 |      19 |       19 |      0 |    16 |    +0.1% |   -0.620 |     -262.3 |       -1.1 |    793 | riscv.dp.rf.rf\[18\]\[19\]$_DFFE_PP_/D
      73* |       0 |      19 |       19 |      0 |    16 |    +0.1% |   -0.620 |     -262.3 |       -1.1 |    793 | riscv.dp.rf.rf\[18\]\[19\]$_DFFE_PP_/D
      74* |       0 |      19 |       19 |      0 |    16 |    +0.1% |   -0.620 |     -262.3 |       -1.1 |    793 | riscv.dp.rf.rf\[18\]\[19\]$_DFFE_PP_/D
      75* |       0 |      19 |       19 |      0 |    16 |    +0.1% |   -0.620 |     -262.3 |       -1.1 |    793 | riscv.dp.rf.rf\[18\]\[19\]$_DFFE_PP_/D
      76* |       0 |      19 |       19 |      0 |    16 |    +0.1% |   -0.620 |     -262.3 |       -1.1 |    793 | riscv.dp.rf.rf\[18\]\[19\]$_DFFE_PP_/D
      77* |       0 |      19 |       19 |      0 |    16 |    +0.1% |   -0.620 |     -262.3 |       -1.1 |    793 | riscv.dp.rf.rf\[18\]\[19\]$_DFFE_PP_/D
      78* |       0 |      19 |       19 |      0 |    16 |    +0.1% |   -0.620 |     -262.3 |       -1.1 |    793 | riscv.dp.rf.rf\[18\]\[19\]$_DFFE_PP_/D
      79* |       0 |      19 |       19 |      0 |    16 |    +0.1% |   -0.620 |     -262.3 |       -1.1 |    793 | riscv.dp.rf.rf\[18\]\[19\]$_DFFE_PP_/D
      80* |       0 |      19 |       19 |      0 |    16 |    +0.1% |   -0.620 |     -262.3 |       -1.1 |    793 | riscv.dp.rf.rf\[18\]\[19\]$_DFFE_PP_/D
      80* |       0 |      19 |       19 |      0 |    16 |    +0.1% |   -0.620 |     -262.3 |       -1.1 |    793 | riscv.dp.rf.rf\[18\]\[19\]$_DFFE_PP_/D
      81* |       0 |      19 |       19 |      0 |    16 |    +0.1% |   -0.620 |     -262.3 |       -1.1 |    793 | riscv.dp.rf.rf\[18\]\[19\]$_DFFE_PP_/D
      82* |       0 |      19 |       19 |      0 |    16 |    +0.1% |   -0.620 |     -262.3 |       -1.1 |    793 | riscv.dp.rf.rf\[18\]\[19\]$_DFFE_PP_/D
      83* |       0 |      19 |       19 |      0 |    16 |    +0.1% |   -0.620 |     -262.3 |       -1.1 |    793 | riscv.dp.rf.rf\[18\]\[19\]$_DFFE_PP_/D
      84* |       0 |      19 |       19 |      0 |    16 |    +0.1% |   -0.620 |     -262.3 |       -1.1 |    793 | riscv.dp.rf.rf\[18\]\[19\]$_DFFE_PP_/D
      85* |       0 |      19 |       19 |      0 |    16 |    +0.1% |   -0.620 |     -262.3 |       -1.1 |    793 | riscv.dp.rf.rf\[18\]\[19\]$_DFFE_PP_/D
      86* |       0 |      19 |       19 |      0 |    16 |    +0.1% |   -0.620 |     -262.3 |       -1.1 |    793 | riscv.dp.rf.rf\[18\]\[19\]$_DFFE_PP_/D
      87* |       0 |      19 |       19 |      0 |    16 |    +0.1% |   -0.620 |     -262.3 |       -1.1 |    793 | riscv.dp.rf.rf\[18\]\[19\]$_DFFE_PP_/D
      88* |       0 |      19 |       19 |      0 |    16 |    +0.1% |   -0.620 |     -262.3 |       -1.1 |    793 | riscv.dp.rf.rf\[18\]\[19\]$_DFFE_PP_/D
      89* |       0 |      19 |       19 |      0 |    16 |    +0.1% |   -0.620 |     -262.3 |       -1.1 |    793 | riscv.dp.rf.rf\[18\]\[19\]$_DFFE_PP_/D
      90* |       0 |      19 |       19 |      0 |    16 |    +0.1% |   -0.620 |     -262.3 |       -1.1 |    793 | riscv.dp.rf.rf\[18\]\[19\]$_DFFE_PP_/D
      90* |       0 |      19 |       19 |      0 |    16 |    +0.1% |   -0.620 |     -262.3 |       -1.1 |    793 | riscv.dp.rf.rf\[18\]\[19\]$_DFFE_PP_/D
      91* |       0 |      19 |       19 |      0 |    16 |    +0.1% |   -0.620 |     -262.3 |       -1.1 |    793 | riscv.dp.rf.rf\[18\]\[19\]$_DFFE_PP_/D
      92* |       0 |      19 |       19 |      0 |    16 |    +0.1% |   -0.620 |     -262.3 |       -1.1 |    793 | riscv.dp.rf.rf\[18\]\[19\]$_DFFE_PP_/D
      93* |       0 |      19 |       19 |      0 |    16 |    +0.1% |   -0.620 |     -262.3 |       -1.1 |    793 | riscv.dp.rf.rf\[18\]\[19\]$_DFFE_PP_/D
      94* |       0 |      19 |       19 |      0 |    16 |    +0.1% |   -0.620 |     -262.3 |       -1.1 |    793 | riscv.dp.rf.rf\[18\]\[19\]$_DFFE_PP_/D
      95* |       0 |      19 |       19 |      0 |    16 |    +0.1% |   -0.620 |     -262.3 |       -1.1 |    793 | riscv.dp.rf.rf\[18\]\[19\]$_DFFE_PP_/D
      96* |       0 |      19 |       19 |      0 |    16 |    +0.1% |   -0.620 |     -262.3 |       -1.1 |    793 | riscv.dp.rf.rf\[18\]\[19\]$_DFFE_PP_/D
      97* |       0 |      19 |       19 |      0 |    16 |    +0.1% |   -0.620 |     -262.3 |       -1.1 |    793 | riscv.dp.rf.rf\[18\]\[19\]$_DFFE_PP_/D
      98* |       0 |      19 |       19 |      0 |    16 |    +0.1% |   -0.620 |     -262.3 |       -1.1 |    793 | riscv.dp.rf.rf\[18\]\[19\]$_DFFE_PP_/D
      99* |       0 |      19 |       19 |      0 |    16 |    +0.1% |   -0.620 |     -262.3 |       -1.1 |    793 | riscv.dp.rf.rf\[18\]\[19\]$_DFFE_PP_/D
     100* |       0 |      19 |       19 |      0 |    16 |    +0.1% |   -0.620 |     -262.3 |       -1.1 |    793 | riscv.dp.rf.rf\[18\]\[19\]$_DFFE_PP_/D
     100* |       0 |      19 |       19 |      0 |    16 |    +0.1% |   -0.620 |     -262.3 |       -1.1 |    793 | riscv.dp.rf.rf\[18\]\[19\]$_DFFE_PP_/D
     101* |       0 |      19 |       19 |      0 |    16 |    +0.1% |   -0.620 |     -262.3 |       -1.1 |    793 | riscv.dp.rf.rf\[18\]\[19\]$_DFFE_PP_/D
     102* |       0 |      19 |       19 |      0 |    16 |    +0.1% |   -0.620 |     -262.3 |       -1.1 |    793 | riscv.dp.rf.rf\[18\]\[19\]$_DFFE_PP_/D
     103* |       0 |      19 |       19 |      0 |    16 |    +0.1% |   -0.620 |     -262.3 |       -1.1 |    793 | riscv.dp.rf.rf\[18\]\[19\]$_DFFE_PP_/D
     104* |       0 |      19 |       19 |      0 |    16 |    +0.1% |   -0.620 |     -262.3 |       -1.1 |    793 | riscv.dp.rf.rf\[18\]\[19\]$_DFFE_PP_/D
     105* |       0 |      19 |       19 |      0 |    16 |    +0.1% |   -0.620 |     -262.3 |       -1.1 |    793 | riscv.dp.rf.rf\[18\]\[19\]$_DFFE_PP_/D
     106* |       0 |      19 |       19 |      0 |    16 |    +0.1% |   -0.620 |     -262.3 |       -1.1 |    793 | riscv.dp.rf.rf\[18\]\[19\]$_DFFE_PP_/D
     107* |       0 |      19 |       19 |      0 |    16 |    +0.1% |   -0.620 |     -262.3 |       -1.1 |    793 | riscv.dp.rf.rf\[18\]\[19\]$_DFFE_PP_/D
     108* |       0 |      19 |       19 |      0 |    16 |    +0.1% |   -0.620 |     -262.3 |       -1.1 |    793 | riscv.dp.rf.rf\[18\]\[19\]$_DFFE_PP_/D
     109* |       0 |      19 |       19 |      0 |    16 |    +0.1% |   -0.620 |     -262.3 |       -1.1 |    793 | riscv.dp.rf.rf\[18\]\[19\]$_DFFE_PP_/D
     110* |       0 |      19 |       19 |      0 |    16 |    +0.1% |   -0.620 |     -262.3 |       -1.1 |    793 | riscv.dp.rf.rf\[18\]\[19\]$_DFFE_PP_/D
     110* |       0 |      19 |       19 |      0 |    16 |    +0.1% |   -0.620 |     -262.3 |       -1.1 |    793 | riscv.dp.rf.rf\[18\]\[19\]$_DFFE_PP_/D
     111* |       0 |      19 |       19 |      0 |    16 |    +0.1% |   -0.620 |     -262.3 |       -1.1 |    793 | riscv.dp.rf.rf\[18\]\[19\]$_DFFE_PP_/D
     112* |       0 |      19 |       19 |      0 |    16 |    +0.1% |   -0.620 |     -262.3 |       -1.1 |    793 | riscv.dp.rf.rf\[18\]\[19\]$_DFFE_PP_/D
     113* |       0 |      19 |       19 |      0 |    16 |    +0.1% |   -0.620 |     -262.3 |       -1.1 |    793 | riscv.dp.rf.rf\[18\]\[19\]$_DFFE_PP_/D
     115* |       0 |      20 |       19 |      0 |    16 |    +0.1% |    0.269 |     -261.7 |        0.0 |    793 | riscv.dp.rf.rf\[30\]\[28\]$_DFFE_PP_/D
     116* |       0 |      20 |       19 |      0 |    16 |    +0.1% |    0.269 |     -261.7 |        0.0 |    793 | riscv.dp.rf.rf\[30\]\[28\]$_DFFE_PP_/D
     117* |       0 |      20 |       19 |      0 |    16 |    +0.1% |    0.269 |     -261.7 |        0.0 |    793 | riscv.dp.rf.rf\[30\]\[28\]$_DFFE_PP_/D
     118* |       0 |      20 |       19 |      0 |    16 |    +0.1% |    0.269 |     -261.7 |        0.0 |    793 | riscv.dp.rf.rf\[30\]\[28\]$_DFFE_PP_/D
     119* |       0 |      20 |       19 |      0 |    16 |    +0.1% |    0.269 |     -261.7 |        0.0 |    793 | riscv.dp.rf.rf\[30\]\[28\]$_DFFE_PP_/D
     120* |       0 |      20 |       19 |      0 |    16 |    +0.1% |    0.269 |     -261.7 |        0.0 |    793 | riscv.dp.rf.rf\[30\]\[28\]$_DFFE_PP_/D
     120* |       0 |      20 |       19 |      0 |    16 |    +0.1% |    0.269 |     -261.7 |        0.0 |    793 | riscv.dp.rf.rf\[30\]\[28\]$_DFFE_PP_/D
     121* |       0 |      20 |       19 |      0 |    16 |    +0.1% |    0.269 |     -261.7 |        0.0 |    793 | riscv.dp.rf.rf\[30\]\[28\]$_DFFE_PP_/D
     122* |       0 |      20 |       19 |      0 |    16 |    +0.1% |    0.269 |     -261.7 |        0.0 |    793 | riscv.dp.rf.rf\[30\]\[28\]$_DFFE_PP_/D
     123* |       0 |      20 |       19 |      0 |    16 |    +0.1% |    0.269 |     -261.7 |        0.0 |    793 | riscv.dp.rf.rf\[30\]\[28\]$_DFFE_PP_/D
     124* |       0 |      20 |       19 |      0 |    16 |    +0.1% |    0.269 |     -261.7 |        0.0 |    793 | riscv.dp.rf.rf\[30\]\[28\]$_DFFE_PP_/D
     125* |       0 |      20 |       19 |      0 |    16 |    +0.1% |    0.269 |     -261.7 |        0.0 |    793 | riscv.dp.rf.rf\[30\]\[28\]$_DFFE_PP_/D
     126* |       0 |      20 |       19 |      0 |    16 |    +0.1% |    0.269 |     -261.7 |        0.0 |    793 | riscv.dp.rf.rf\[30\]\[28\]$_DFFE_PP_/D
     127* |       0 |      20 |       19 |      0 |    16 |    +0.1% |    0.269 |     -261.7 |        0.0 |    793 | riscv.dp.rf.rf\[30\]\[28\]$_DFFE_PP_/D
     128* |       0 |      20 |       19 |      0 |    16 |    +0.1% |    0.269 |     -261.7 |        0.0 |    793 | riscv.dp.rf.rf\[30\]\[28\]$_DFFE_PP_/D
     129* |       0 |      20 |       19 |      0 |    16 |    +0.1% |    0.269 |     -261.7 |        0.0 |    793 | riscv.dp.rf.rf\[30\]\[28\]$_DFFE_PP_/D
     130* |       0 |      20 |       19 |      0 |    16 |    +0.1% |    0.269 |     -261.7 |        0.0 |    793 | riscv.dp.rf.rf\[30\]\[28\]$_DFFE_PP_/D
     130* |       0 |      20 |       19 |      0 |    16 |    +0.1% |    0.269 |     -261.7 |        0.0 |    793 | riscv.dp.rf.rf\[30\]\[28\]$_DFFE_PP_/D
     131* |       0 |      20 |       19 |      0 |    16 |    +0.1% |    0.269 |     -261.7 |        0.0 |    793 | riscv.dp.rf.rf\[30\]\[28\]$_DFFE_PP_/D
     132* |       0 |      20 |       19 |      0 |    16 |    +0.1% |    0.269 |     -261.7 |        0.0 |    793 | riscv.dp.rf.rf\[30\]\[28\]$_DFFE_PP_/D
     133* |       0 |      20 |       19 |      0 |    16 |    +0.1% |    0.269 |     -261.7 |        0.0 |    793 | riscv.dp.rf.rf\[30\]\[28\]$_DFFE_PP_/D
     134* |       0 |      20 |       19 |      0 |    16 |    +0.1% |    0.269 |     -261.7 |        0.0 |    793 | riscv.dp.rf.rf\[30\]\[28\]$_DFFE_PP_/D
     135* |       0 |      20 |       19 |      0 |    16 |    +0.1% |    0.269 |     -261.7 |        0.0 |    793 | riscv.dp.rf.rf\[30\]\[28\]$_DFFE_PP_/D
     136* |       0 |      20 |       19 |      0 |    16 |    +0.1% |    0.269 |     -261.7 |        0.0 |    793 | riscv.dp.rf.rf\[30\]\[28\]$_DFFE_PP_/D
     137* |       0 |      20 |       19 |      0 |    16 |    +0.1% |    0.269 |     -261.7 |        0.0 |    793 | riscv.dp.rf.rf\[30\]\[28\]$_DFFE_PP_/D
     138* |       0 |      20 |       19 |      0 |    16 |    +0.1% |    0.269 |     -261.7 |        0.0 |    793 | riscv.dp.rf.rf\[30\]\[28\]$_DFFE_PP_/D
     139* |       0 |      20 |       19 |      0 |    16 |    +0.1% |    0.269 |     -261.7 |        0.0 |    793 | riscv.dp.rf.rf\[30\]\[28\]$_DFFE_PP_/D
     140* |       0 |      20 |       19 |      0 |    16 |    +0.1% |    0.269 |     -261.7 |        0.0 |    793 | riscv.dp.rf.rf\[30\]\[28\]$_DFFE_PP_/D
     140* |       0 |      20 |       19 |      0 |    16 |    +0.1% |    0.269 |     -261.7 |        0.0 |    793 | riscv.dp.rf.rf\[30\]\[28\]$_DFFE_PP_/D
     141* |       0 |      20 |       19 |      0 |    16 |    +0.1% |    0.269 |     -261.7 |        0.0 |    793 | riscv.dp.rf.rf\[30\]\[28\]$_DFFE_PP_/D
     142* |       0 |      20 |       19 |      0 |    16 |    +0.1% |    0.269 |     -261.7 |        0.0 |    793 | riscv.dp.rf.rf\[30\]\[28\]$_DFFE_PP_/D
     143* |       0 |      20 |       19 |      0 |    16 |    +0.1% |    0.269 |     -261.7 |        0.0 |    793 | riscv.dp.rf.rf\[30\]\[28\]$_DFFE_PP_/D
     144* |       0 |      20 |       19 |      0 |    16 |    +0.1% |    0.269 |     -261.7 |        0.0 |    793 | riscv.dp.rf.rf\[30\]\[28\]$_DFFE_PP_/D
     145* |       0 |      20 |       19 |      0 |    16 |    +0.1% |    0.269 |     -261.7 |        0.0 |    793 | riscv.dp.rf.rf\[30\]\[28\]$_DFFE_PP_/D
     146* |       0 |      20 |       19 |      0 |    16 |    +0.1% |    0.269 |     -261.7 |        0.0 |    793 | riscv.dp.rf.rf\[30\]\[28\]$_DFFE_PP_/D
     147* |       0 |      20 |       19 |      0 |    16 |    +0.1% |    0.269 |     -261.7 |        0.0 |    793 | riscv.dp.rf.rf\[30\]\[28\]$_DFFE_PP_/D
     148* |       0 |      20 |       19 |      0 |    16 |    +0.1% |    0.269 |     -261.7 |        0.0 |    793 | riscv.dp.rf.rf\[30\]\[28\]$_DFFE_PP_/D
     149* |       0 |      20 |       19 |      0 |    16 |    +0.1% |    0.269 |     -261.7 |        0.0 |    793 | riscv.dp.rf.rf\[30\]\[28\]$_DFFE_PP_/D
     150* |       0 |      20 |       19 |      0 |    16 |    +0.1% |    0.269 |     -261.7 |        0.0 |    793 | riscv.dp.rf.rf\[30\]\[28\]$_DFFE_PP_/D
     150* |       0 |      20 |       19 |      0 |    16 |    +0.1% |    0.269 |     -261.7 |        0.0 |    793 | riscv.dp.rf.rf\[30\]\[28\]$_DFFE_PP_/D
     151* |       0 |      20 |       19 |      0 |    16 |    +0.1% |    0.269 |     -261.7 |        0.0 |    793 | riscv.dp.rf.rf\[30\]\[28\]$_DFFE_PP_/D
     152* |       0 |      20 |       19 |      0 |    16 |    +0.1% |    0.269 |     -261.7 |        0.0 |    793 | riscv.dp.rf.rf\[30\]\[28\]$_DFFE_PP_/D
     153* |       0 |      20 |       19 |      0 |    16 |    +0.1% |    0.269 |     -261.7 |        0.0 |    793 | riscv.dp.rf.rf\[30\]\[28\]$_DFFE_PP_/D
     154* |       0 |      20 |       19 |      0 |    16 |    +0.1% |    0.269 |     -261.7 |        0.0 |    793 | riscv.dp.rf.rf\[30\]\[28\]$_DFFE_PP_/D
     155* |       0 |      20 |       19 |      0 |    16 |    +0.1% |    0.269 |     -261.7 |        0.0 |    793 | riscv.dp.rf.rf\[30\]\[28\]$_DFFE_PP_/D
     156* |       0 |      20 |       19 |      0 |    16 |    +0.1% |    0.269 |     -261.7 |        0.0 |    793 | riscv.dp.rf.rf\[30\]\[28\]$_DFFE_PP_/D
     157* |       0 |      20 |       19 |      0 |    16 |    +0.1% |    0.269 |     -261.7 |        0.0 |    793 | riscv.dp.rf.rf\[30\]\[28\]$_DFFE_PP_/D
     158* |       0 |      20 |       19 |      0 |    16 |    +0.1% |    0.269 |     -261.7 |        0.0 |    793 | riscv.dp.rf.rf\[30\]\[28\]$_DFFE_PP_/D
     159* |       0 |      20 |       19 |      0 |    16 |    +0.1% |    0.269 |     -261.7 |        0.0 |    793 | riscv.dp.rf.rf\[30\]\[28\]$_DFFE_PP_/D
     160* |       0 |      20 |       19 |      0 |    16 |    +0.1% |    0.269 |     -261.7 |        0.0 |    793 | riscv.dp.rf.rf\[30\]\[28\]$_DFFE_PP_/D
     160* |       0 |      20 |       19 |      0 |    16 |    +0.1% |    0.269 |     -261.7 |        0.0 |    793 | riscv.dp.rf.rf\[30\]\[28\]$_DFFE_PP_/D
     161* |       0 |      20 |       19 |      0 |    16 |    +0.1% |    0.269 |     -261.7 |        0.0 |    793 | riscv.dp.rf.rf\[30\]\[28\]$_DFFE_PP_/D
     162* |       0 |      20 |       19 |      0 |    16 |    +0.1% |    0.269 |     -261.7 |        0.0 |    793 | riscv.dp.rf.rf\[30\]\[28\]$_DFFE_PP_/D
     163* |       0 |      20 |       19 |      0 |    16 |    +0.1% |    0.269 |     -261.7 |        0.0 |    793 | riscv.dp.rf.rf\[30\]\[28\]$_DFFE_PP_/D
     164* |       0 |      20 |       19 |      0 |    16 |    +0.1% |    0.269 |     -261.7 |        0.0 |    793 | riscv.dp.rf.rf\[30\]\[28\]$_DFFE_PP_/D
     165* |       0 |      20 |       19 |      0 |    16 |    +0.1% |    0.269 |     -261.7 |        0.0 |    793 | riscv.dp.rf.rf\[30\]\[28\]$_DFFE_PP_/D
     166* |       0 |      20 |       19 |      0 |    16 |    +0.1% |    0.269 |     -261.7 |        0.0 |    793 | riscv.dp.rf.rf\[30\]\[28\]$_DFFE_PP_/D
     167* |       0 |      20 |       19 |      0 |    16 |    +0.1% |    0.269 |     -261.7 |        0.0 |    793 | riscv.dp.rf.rf\[30\]\[28\]$_DFFE_PP_/D
     168* |       0 |      20 |       19 |      0 |    16 |    +0.1% |    0.269 |     -261.7 |        0.0 |    793 | riscv.dp.rf.rf\[30\]\[28\]$_DFFE_PP_/D
     169* |       0 |      20 |       19 |      0 |    16 |    +0.1% |    0.269 |     -261.7 |        0.0 |    793 | riscv.dp.rf.rf\[30\]\[28\]$_DFFE_PP_/D
     170* |       0 |      20 |       19 |      0 |    16 |    +0.1% |    0.269 |     -261.7 |        0.0 |    793 | riscv.dp.rf.rf\[30\]\[28\]$_DFFE_PP_/D
     170* |       0 |      20 |       19 |      0 |    16 |    +0.1% |    0.269 |     -261.7 |        0.0 |    793 | riscv.dp.rf.rf\[30\]\[28\]$_DFFE_PP_/D
     171* |       0 |      20 |       19 |      0 |    16 |    +0.1% |    0.269 |     -261.7 |        0.0 |    793 | riscv.dp.rf.rf\[30\]\[28\]$_DFFE_PP_/D
     172* |       0 |      20 |       19 |      0 |    16 |    +0.1% |    0.269 |     -261.7 |        0.0 |    793 | riscv.dp.rf.rf\[30\]\[28\]$_DFFE_PP_/D
     173* |       0 |      20 |       19 |      0 |    16 |    +0.1% |    0.269 |     -261.7 |        0.0 |    793 | riscv.dp.rf.rf\[30\]\[28\]$_DFFE_PP_/D
     174* |       0 |      20 |       19 |      0 |    16 |    +0.1% |    0.269 |     -261.7 |        0.0 |    793 | riscv.dp.rf.rf\[30\]\[28\]$_DFFE_PP_/D
     175* |       0 |      20 |       19 |      0 |    16 |    +0.1% |    0.269 |     -261.7 |        0.0 |    793 | riscv.dp.rf.rf\[30\]\[28\]$_DFFE_PP_/D
     176* |       0 |      20 |       19 |      0 |    16 |    +0.1% |    0.269 |     -261.7 |        0.0 |    793 | riscv.dp.rf.rf\[30\]\[28\]$_DFFE_PP_/D
     177* |       0 |      20 |       19 |      0 |    16 |    +0.1% |    0.269 |     -261.7 |        0.0 |    793 | riscv.dp.rf.rf\[30\]\[28\]$_DFFE_PP_/D
     178* |       0 |      20 |       19 |      0 |    16 |    +0.1% |    0.269 |     -261.7 |        0.0 |    793 | riscv.dp.rf.rf\[30\]\[28\]$_DFFE_PP_/D
     179* |       0 |      20 |       19 |      0 |    16 |    +0.1% |    0.269 |     -261.7 |        0.0 |    793 | riscv.dp.rf.rf\[30\]\[28\]$_DFFE_PP_/D
     180* |       0 |      20 |       19 |      0 |    16 |    +0.1% |    0.269 |     -261.7 |        0.0 |    793 | riscv.dp.rf.rf\[30\]\[28\]$_DFFE_PP_/D
     180* |       0 |      20 |       19 |      0 |    16 |    +0.1% |    0.269 |     -261.7 |        0.0 |    793 | riscv.dp.rf.rf\[30\]\[28\]$_DFFE_PP_/D
     181* |       0 |      20 |       19 |      0 |    16 |    +0.1% |    0.269 |     -261.7 |        0.0 |    793 | riscv.dp.rf.rf\[30\]\[28\]$_DFFE_PP_/D
     182* |       0 |      20 |       19 |      0 |    16 |    +0.1% |    0.269 |     -261.7 |        0.0 |    793 | riscv.dp.rf.rf\[30\]\[28\]$_DFFE_PP_/D
     183* |       0 |      20 |       19 |      0 |    16 |    +0.1% |    0.269 |     -261.7 |        0.0 |    793 | riscv.dp.rf.rf\[30\]\[28\]$_DFFE_PP_/D
     184* |       0 |      20 |       19 |      0 |    16 |    +0.1% |    0.269 |     -261.7 |        0.0 |    793 | riscv.dp.rf.rf\[30\]\[28\]$_DFFE_PP_/D
     185* |       0 |      20 |       19 |      0 |    16 |    +0.1% |    0.269 |     -261.7 |        0.0 |    793 | riscv.dp.rf.rf\[30\]\[28\]$_DFFE_PP_/D
     186* |       0 |      20 |       19 |      0 |    16 |    +0.1% |    0.269 |     -261.7 |        0.0 |    793 | riscv.dp.rf.rf\[30\]\[28\]$_DFFE_PP_/D
     187* |       0 |      20 |       19 |      0 |    16 |    +0.1% |    0.269 |     -261.7 |        0.0 |    793 | riscv.dp.rf.rf\[30\]\[28\]$_DFFE_PP_/D
     188* |       0 |      20 |       19 |      0 |    16 |    +0.1% |    0.269 |     -261.7 |        0.0 |    793 | riscv.dp.rf.rf\[30\]\[28\]$_DFFE_PP_/D
     189* |       0 |      20 |       19 |      0 |    16 |    +0.1% |    0.269 |     -261.7 |        0.0 |    793 | riscv.dp.rf.rf\[30\]\[28\]$_DFFE_PP_/D
     190* |       0 |      20 |       19 |      0 |    16 |    +0.1% |    0.269 |     -261.7 |        0.0 |    793 | riscv.dp.rf.rf\[30\]\[28\]$_DFFE_PP_/D
     190* |       0 |      20 |       19 |      0 |    16 |    +0.1% |    0.269 |     -261.7 |        0.0 |    793 | riscv.dp.rf.rf\[30\]\[28\]$_DFFE_PP_/D
     191* |       0 |      20 |       19 |      0 |    16 |    +0.1% |    0.269 |     -261.7 |        0.0 |    793 | riscv.dp.rf.rf\[30\]\[28\]$_DFFE_PP_/D
     192* |       0 |      20 |       19 |      0 |    16 |    +0.1% |    0.269 |     -261.7 |        0.0 |    793 | riscv.dp.rf.rf\[30\]\[28\]$_DFFE_PP_/D
     193* |       0 |      20 |       19 |      0 |    16 |    +0.1% |    0.269 |     -261.7 |        0.0 |    793 | riscv.dp.rf.rf\[30\]\[28\]$_DFFE_PP_/D
     194* |       0 |      20 |       19 |      0 |    16 |    +0.1% |    0.269 |     -261.7 |        0.0 |    793 | riscv.dp.rf.rf\[30\]\[28\]$_DFFE_PP_/D
     195* |       0 |      20 |       19 |      0 |    16 |    +0.1% |    0.269 |     -261.7 |        0.0 |    793 | riscv.dp.rf.rf\[30\]\[28\]$_DFFE_PP_/D
     196* |       0 |      20 |       19 |      0 |    16 |    +0.1% |    0.269 |     -261.7 |        0.0 |    793 | riscv.dp.rf.rf\[30\]\[28\]$_DFFE_PP_/D
     197* |       0 |      20 |       19 |      0 |    16 |    +0.1% |    0.269 |     -261.7 |        0.0 |    793 | riscv.dp.rf.rf\[30\]\[28\]$_DFFE_PP_/D
     198* |       0 |      20 |       19 |      0 |    16 |    +0.1% |    0.269 |     -261.7 |        0.0 |    793 | riscv.dp.rf.rf\[30\]\[28\]$_DFFE_PP_/D
     199* |       0 |      20 |       19 |      0 |    16 |    +0.1% |    0.269 |     -261.7 |        0.0 |    793 | riscv.dp.rf.rf\[30\]\[28\]$_DFFE_PP_/D
     200* |       0 |      20 |       19 |      0 |    16 |    +0.1% |    0.269 |     -261.7 |        0.0 |    793 | riscv.dp.rf.rf\[30\]\[28\]$_DFFE_PP_/D
     200* |       0 |      20 |       19 |      0 |    16 |    +0.1% |    0.269 |     -261.7 |        0.0 |    793 | riscv.dp.rf.rf\[30\]\[28\]$_DFFE_PP_/D
     201* |       0 |      20 |       19 |      0 |    16 |    +0.1% |    0.269 |     -261.7 |        0.0 |    793 | riscv.dp.rf.rf\[30\]\[28\]$_DFFE_PP_/D
     202* |       0 |      20 |       19 |      0 |    16 |    +0.1% |    0.269 |     -261.7 |        0.0 |    793 | riscv.dp.rf.rf\[30\]\[28\]$_DFFE_PP_/D
     203* |       0 |      20 |       19 |      0 |    16 |    +0.1% |    0.269 |     -261.7 |        0.0 |    793 | riscv.dp.rf.rf\[30\]\[28\]$_DFFE_PP_/D
     204* |       0 |      20 |       19 |      0 |    16 |    +0.1% |    0.269 |     -261.7 |        0.0 |    793 | riscv.dp.rf.rf\[30\]\[28\]$_DFFE_PP_/D
     205* |       0 |      20 |       19 |      0 |    16 |    +0.1% |    0.269 |     -261.7 |        0.0 |    793 | riscv.dp.rf.rf\[30\]\[28\]$_DFFE_PP_/D
     206* |       0 |      20 |       19 |      0 |    16 |    +0.1% |    0.269 |     -261.7 |        0.0 |    793 | riscv.dp.rf.rf\[30\]\[28\]$_DFFE_PP_/D
     207* |       0 |      20 |       19 |      0 |    16 |    +0.1% |    0.269 |     -261.7 |        0.0 |    793 | riscv.dp.rf.rf\[30\]\[28\]$_DFFE_PP_/D
     208* |       0 |      20 |       19 |      0 |    16 |    +0.1% |    0.269 |     -261.7 |        0.0 |    793 | riscv.dp.rf.rf\[30\]\[28\]$_DFFE_PP_/D
     209* |       0 |      20 |       19 |      0 |    16 |    +0.1% |    0.269 |     -261.7 |        0.0 |    793 | riscv.dp.rf.rf\[30\]\[28\]$_DFFE_PP_/D
     210* |       0 |      20 |       19 |      0 |    16 |    +0.1% |    0.269 |     -261.7 |        0.0 |    793 | riscv.dp.rf.rf\[30\]\[28\]$_DFFE_PP_/D
     210* |       0 |      20 |       19 |      0 |    16 |    +0.1% |    0.269 |     -261.7 |        0.0 |    793 | riscv.dp.rf.rf\[30\]\[28\]$_DFFE_PP_/D
     211* |       0 |      20 |       19 |      0 |    16 |    +0.1% |    0.269 |     -261.7 |        0.0 |    793 | riscv.dp.rf.rf\[30\]\[28\]$_DFFE_PP_/D
     212* |       0 |      20 |       19 |      0 |    16 |    +0.1% |    0.269 |     -261.7 |        0.0 |    793 | riscv.dp.rf.rf\[30\]\[28\]$_DFFE_PP_/D
     213* |       0 |      20 |       19 |      0 |    16 |    +0.1% |    0.269 |     -261.7 |        0.0 |    793 | riscv.dp.rf.rf\[30\]\[28\]$_DFFE_PP_/D
     214* |       0 |      20 |       19 |      0 |    16 |    +0.1% |    0.269 |     -261.7 |        0.0 |    793 | riscv.dp.rf.rf\[30\]\[28\]$_DFFE_PP_/D
     215* |       0 |      20 |       19 |      0 |    16 |    +0.1% |    0.269 |     -261.7 |        0.0 |    793 | riscv.dp.rf.rf\[30\]\[28\]$_DFFE_PP_/D
     216* |       0 |      20 |       19 |      0 |    16 |    +0.1% |    0.269 |     -261.7 |        0.0 |    793 | riscv.dp.rf.rf\[30\]\[28\]$_DFFE_PP_/D
     217* |       0 |      20 |       19 |      0 |    16 |    +0.1% |    0.269 |     -261.7 |        0.0 |    793 | riscv.dp.rf.rf\[30\]\[28\]$_DFFE_PP_/D
     218* |       0 |      20 |       19 |      0 |    16 |    +0.1% |    0.269 |     -261.7 |        0.0 |    793 | riscv.dp.rf.rf\[30\]\[28\]$_DFFE_PP_/D
     219* |       0 |      20 |       19 |      0 |    16 |    +0.1% |    0.269 |     -261.7 |        0.0 |    793 | riscv.dp.rf.rf\[30\]\[28\]$_DFFE_PP_/D
     220* |       0 |      20 |       19 |      0 |    16 |    +0.1% |    0.269 |     -261.7 |        0.0 |    793 | riscv.dp.rf.rf\[30\]\[28\]$_DFFE_PP_/D
     220* |       0 |      20 |       19 |      0 |    16 |    +0.1% |    0.269 |     -261.7 |        0.0 |    793 | riscv.dp.rf.rf\[30\]\[28\]$_DFFE_PP_/D
     221* |       0 |      20 |       19 |      0 |    16 |    +0.1% |    0.269 |     -261.7 |        0.0 |    793 | riscv.dp.rf.rf\[30\]\[28\]$_DFFE_PP_/D
     222* |       0 |      20 |       19 |      0 |    16 |    +0.1% |    0.269 |     -261.7 |        0.0 |    793 | riscv.dp.rf.rf\[30\]\[28\]$_DFFE_PP_/D
     223* |       0 |      20 |       19 |      0 |    16 |    +0.1% |    0.269 |     -261.7 |        0.0 |    793 | riscv.dp.rf.rf\[30\]\[28\]$_DFFE_PP_/D
     224* |       0 |      20 |       19 |      0 |    16 |    +0.1% |    0.269 |     -261.7 |        0.0 |    793 | riscv.dp.rf.rf\[30\]\[28\]$_DFFE_PP_/D
     225* |       0 |      20 |       19 |      0 |    16 |    +0.1% |    0.269 |     -261.7 |        0.0 |    793 | riscv.dp.rf.rf\[30\]\[28\]$_DFFE_PP_/D
     226* |       0 |      20 |       19 |      0 |    16 |    +0.1% |    0.269 |     -261.7 |        0.0 |    793 | riscv.dp.rf.rf\[30\]\[28\]$_DFFE_PP_/D
     227* |       0 |      20 |       19 |      0 |    16 |    +0.1% |    0.269 |     -261.7 |        0.0 |    793 | riscv.dp.rf.rf\[30\]\[28\]$_DFFE_PP_/D
     228* |       0 |      20 |       19 |      0 |    16 |    +0.1% |    0.269 |     -261.7 |        0.0 |    793 | riscv.dp.rf.rf\[30\]\[28\]$_DFFE_PP_/D
     229* |       0 |      20 |       19 |      0 |    16 |    +0.1% |    0.269 |     -261.7 |        0.0 |    793 | riscv.dp.rf.rf\[30\]\[28\]$_DFFE_PP_/D
     230* |       0 |      20 |       19 |      0 |    16 |    +0.1% |    0.269 |     -261.7 |        0.0 |    793 | riscv.dp.rf.rf\[30\]\[28\]$_DFFE_PP_/D
     230* |       0 |      20 |       19 |      0 |    16 |    +0.1% |    0.269 |     -261.7 |        0.0 |    793 | riscv.dp.rf.rf\[30\]\[28\]$_DFFE_PP_/D
     231* |       0 |      20 |       19 |      0 |    16 |    +0.1% |    0.269 |     -261.7 |        0.0 |    793 | riscv.dp.rf.rf\[30\]\[28\]$_DFFE_PP_/D
     232* |       0 |      20 |       19 |      0 |    16 |    +0.1% |    0.269 |     -261.7 |        0.0 |    793 | riscv.dp.rf.rf\[30\]\[28\]$_DFFE_PP_/D
     233* |       0 |      20 |       19 |      0 |    16 |    +0.1% |    0.269 |     -261.7 |        0.0 |    793 | riscv.dp.rf.rf\[30\]\[28\]$_DFFE_PP_/D
     234* |       0 |      20 |       19 |      0 |    16 |    +0.1% |    0.269 |     -261.7 |        0.0 |    793 | riscv.dp.rf.rf\[30\]\[28\]$_DFFE_PP_/D
     235* |       0 |      20 |       19 |      0 |    16 |    +0.1% |    0.269 |     -261.7 |        0.0 |    793 | riscv.dp.rf.rf\[30\]\[28\]$_DFFE_PP_/D
     236* |       0 |      20 |       19 |      0 |    16 |    +0.1% |    0.269 |     -261.7 |        0.0 |    793 | riscv.dp.rf.rf\[30\]\[28\]$_DFFE_PP_/D
     237* |       0 |      20 |       19 |      0 |    16 |    +0.1% |    0.269 |     -261.7 |        0.0 |    793 | riscv.dp.rf.rf\[30\]\[28\]$_DFFE_PP_/D
     238* |       0 |      20 |       19 |      0 |    16 |    +0.1% |    0.269 |     -261.7 |        0.0 |    793 | riscv.dp.rf.rf\[30\]\[28\]$_DFFE_PP_/D
     239* |       0 |      20 |       19 |      0 |    16 |    +0.1% |    0.269 |     -261.7 |        0.0 |    793 | riscv.dp.rf.rf\[30\]\[28\]$_DFFE_PP_/D
     240* |       0 |      20 |       19 |      0 |    16 |    +0.1% |    0.269 |     -261.7 |        0.0 |    793 | riscv.dp.rf.rf\[30\]\[28\]$_DFFE_PP_/D
     240* |       0 |      20 |       19 |      0 |    16 |    +0.1% |    0.269 |     -261.7 |        0.0 |    793 | riscv.dp.rf.rf\[30\]\[28\]$_DFFE_PP_/D
     241* |       0 |      20 |       19 |      0 |    16 |    +0.1% |    0.269 |     -261.7 |        0.0 |    793 | riscv.dp.rf.rf\[30\]\[28\]$_DFFE_PP_/D
     242* |       0 |      20 |       19 |      0 |    16 |    +0.1% |    0.269 |     -261.7 |        0.0 |    793 | riscv.dp.rf.rf\[30\]\[28\]$_DFFE_PP_/D
     243* |       0 |      20 |       19 |      0 |    16 |    +0.1% |    0.269 |     -261.7 |        0.0 |    793 | riscv.dp.rf.rf\[30\]\[28\]$_DFFE_PP_/D
     244* |       0 |      20 |       19 |      0 |    16 |    +0.1% |    0.269 |     -261.7 |        0.0 |    793 | riscv.dp.rf.rf\[30\]\[28\]$_DFFE_PP_/D
     245* |       0 |      20 |       19 |      0 |    16 |    +0.1% |    0.269 |     -261.7 |        0.0 |    793 | riscv.dp.rf.rf\[30\]\[28\]$_DFFE_PP_/D
     246* |       0 |      20 |       19 |      0 |    16 |    +0.1% |    0.269 |     -261.7 |        0.0 |    793 | riscv.dp.rf.rf\[30\]\[28\]$_DFFE_PP_/D
     247* |       0 |      20 |       19 |      0 |    16 |    +0.1% |    0.269 |     -261.7 |        0.0 |    793 | riscv.dp.rf.rf\[30\]\[28\]$_DFFE_PP_/D
     248* |       0 |      20 |       19 |      0 |    16 |    +0.1% |    0.269 |     -261.7 |        0.0 |    793 | riscv.dp.rf.rf\[30\]\[28\]$_DFFE_PP_/D
     249* |       0 |      20 |       19 |      0 |    16 |    +0.1% |    0.269 |     -261.7 |        0.0 |    793 | riscv.dp.rf.rf\[30\]\[28\]$_DFFE_PP_/D
     250* |       0 |      20 |       19 |      0 |    16 |    +0.1% |    0.269 |     -261.7 |        0.0 |    793 | riscv.dp.rf.rf\[30\]\[28\]$_DFFE_PP_/D
     250* |       0 |      20 |       19 |      0 |    16 |    +0.1% |    0.269 |     -261.7 |        0.0 |    793 | riscv.dp.rf.rf\[30\]\[28\]$_DFFE_PP_/D
     251* |       0 |      20 |       19 |      0 |    16 |    +0.1% |    0.269 |     -261.7 |        0.0 |    793 | riscv.dp.rf.rf\[30\]\[28\]$_DFFE_PP_/D
     252* |       0 |      20 |       19 |      0 |    16 |    +0.1% |    0.269 |     -261.7 |        0.0 |    793 | riscv.dp.rf.rf\[30\]\[28\]$_DFFE_PP_/D
     253* |       0 |      20 |       19 |      0 |    16 |    +0.1% |    0.269 |     -261.7 |        0.0 |    793 | riscv.dp.rf.rf\[30\]\[28\]$_DFFE_PP_/D
     254* |       0 |      20 |       19 |      0 |    16 |    +0.1% |    0.269 |     -261.7 |        0.0 |    793 | riscv.dp.rf.rf\[30\]\[28\]$_DFFE_PP_/D
     255* |       0 |      20 |       19 |      0 |    16 |    +0.1% |    0.269 |     -261.7 |        0.0 |    793 | riscv.dp.rf.rf\[30\]\[28\]$_DFFE_PP_/D
     256* |       0 |      20 |       19 |      0 |    16 |    +0.1% |    0.269 |     -261.7 |        0.0 |    793 | riscv.dp.rf.rf\[30\]\[28\]$_DFFE_PP_/D
     257* |       0 |      20 |       19 |      0 |    16 |    +0.1% |    0.269 |     -261.7 |        0.0 |    793 | riscv.dp.rf.rf\[30\]\[28\]$_DFFE_PP_/D
     258* |       0 |      20 |       19 |      0 |    16 |    +0.1% |    0.269 |     -261.7 |        0.0 |    793 | riscv.dp.rf.rf\[30\]\[28\]$_DFFE_PP_/D
     259* |       0 |      20 |       19 |      0 |    16 |    +0.1% |    0.269 |     -261.7 |        0.0 |    793 | riscv.dp.rf.rf\[30\]\[28\]$_DFFE_PP_/D
     260* |       0 |      20 |       19 |      0 |    16 |    +0.1% |    0.269 |     -261.7 |        0.0 |    793 | riscv.dp.rf.rf\[30\]\[28\]$_DFFE_PP_/D
     260* |       0 |      20 |       19 |      0 |    16 |    +0.1% |    0.269 |     -261.7 |        0.0 |    793 | riscv.dp.rf.rf\[30\]\[28\]$_DFFE_PP_/D
     261* |       0 |      20 |       19 |      0 |    16 |    +0.1% |    0.269 |     -261.7 |        0.0 |    793 | riscv.dp.rf.rf\[30\]\[28\]$_DFFE_PP_/D
     262* |       0 |      20 |       19 |      0 |    16 |    +0.1% |    0.269 |     -261.7 |        0.0 |    793 | riscv.dp.rf.rf\[30\]\[28\]$_DFFE_PP_/D
     263* |       0 |      20 |       19 |      0 |    16 |    +0.1% |    0.269 |     -261.7 |        0.0 |    793 | riscv.dp.rf.rf\[30\]\[28\]$_DFFE_PP_/D
     264* |       0 |      20 |       19 |      0 |    16 |    +0.1% |    0.269 |     -261.7 |        0.0 |    793 | riscv.dp.rf.rf\[30\]\[28\]$_DFFE_PP_/D
     265* |       0 |      20 |       19 |      0 |    16 |    +0.1% |    0.269 |     -261.7 |        0.0 |    793 | riscv.dp.rf.rf\[30\]\[28\]$_DFFE_PP_/D
     266* |       0 |      20 |       19 |      0 |    16 |    +0.1% |    0.269 |     -261.7 |        0.0 |    793 | riscv.dp.rf.rf\[30\]\[28\]$_DFFE_PP_/D
     267* |       0 |      20 |       19 |      0 |    16 |    +0.1% |    0.269 |     -261.7 |        0.0 |    793 | riscv.dp.rf.rf\[30\]\[28\]$_DFFE_PP_/D
     268* |       0 |      20 |       19 |      0 |    16 |    +0.1% |    0.269 |     -261.7 |        0.0 |    793 | riscv.dp.rf.rf\[30\]\[28\]$_DFFE_PP_/D
     269* |       0 |      20 |       19 |      0 |    16 |    +0.1% |    0.269 |     -261.7 |        0.0 |    793 | riscv.dp.rf.rf\[30\]\[28\]$_DFFE_PP_/D
     270* |       0 |      20 |       19 |      0 |    16 |    +0.1% |    0.269 |     -261.7 |        0.0 |    793 | riscv.dp.rf.rf\[30\]\[28\]$_DFFE_PP_/D
     270* |       0 |      20 |       19 |      0 |    16 |    +0.1% |    0.269 |     -261.7 |        0.0 |    793 | riscv.dp.rf.rf\[30\]\[28\]$_DFFE_PP_/D
     271* |       0 |      20 |       19 |      0 |    16 |    +0.1% |    0.269 |     -261.7 |        0.0 |    793 | riscv.dp.rf.rf\[30\]\[28\]$_DFFE_PP_/D
     272* |       0 |      20 |       19 |      0 |    16 |    +0.1% |    0.269 |     -261.7 |        0.0 |    793 | riscv.dp.rf.rf\[30\]\[28\]$_DFFE_PP_/D
     273* |       0 |      20 |       19 |      0 |    16 |    +0.1% |    0.269 |     -261.7 |        0.0 |    793 | riscv.dp.rf.rf\[30\]\[28\]$_DFFE_PP_/D
     274* |       0 |      20 |       19 |      0 |    16 |    +0.1% |    0.269 |     -261.7 |        0.0 |    793 | riscv.dp.rf.rf\[30\]\[28\]$_DFFE_PP_/D
     275* |       0 |      20 |       19 |      0 |    16 |    +0.1% |    0.269 |     -261.7 |        0.0 |    793 | riscv.dp.rf.rf\[30\]\[28\]$_DFFE_PP_/D
     276* |       0 |      20 |       19 |      0 |    16 |    +0.1% |    0.269 |     -261.7 |        0.0 |    793 | riscv.dp.rf.rf\[30\]\[28\]$_DFFE_PP_/D
     277* |       0 |      20 |       19 |      0 |    16 |    +0.1% |    0.269 |     -261.7 |        0.0 |    793 | riscv.dp.rf.rf\[30\]\[28\]$_DFFE_PP_/D
     278* |       0 |      20 |       19 |      0 |    16 |    +0.1% |    0.269 |     -261.7 |        0.0 |    793 | riscv.dp.rf.rf\[30\]\[28\]$_DFFE_PP_/D
     279* |       0 |      20 |       19 |      0 |    16 |    +0.1% |    0.269 |     -261.7 |        0.0 |    793 | riscv.dp.rf.rf\[30\]\[28\]$_DFFE_PP_/D
     280* |       0 |      20 |       19 |      0 |    16 |    +0.1% |    0.269 |     -261.7 |        0.0 |    793 | riscv.dp.rf.rf\[30\]\[28\]$_DFFE_PP_/D
     280* |       0 |      20 |       19 |      0 |    16 |    +0.1% |    0.269 |     -261.7 |        0.0 |    793 | riscv.dp.rf.rf\[30\]\[28\]$_DFFE_PP_/D
     281* |       0 |      20 |       19 |      0 |    16 |    +0.1% |    0.269 |     -261.7 |        0.0 |    793 | riscv.dp.rf.rf\[30\]\[28\]$_DFFE_PP_/D
     282* |       0 |      20 |       19 |      0 |    16 |    +0.1% |    0.269 |     -261.7 |        0.0 |    793 | riscv.dp.rf.rf\[30\]\[28\]$_DFFE_PP_/D
     283* |       0 |      20 |       19 |      0 |    16 |    +0.1% |    0.269 |     -261.7 |        0.0 |    793 | riscv.dp.rf.rf\[30\]\[28\]$_DFFE_PP_/D
     284* |       0 |      20 |       19 |      0 |    16 |    +0.1% |    0.269 |     -261.7 |        0.0 |    793 | riscv.dp.rf.rf\[30\]\[28\]$_DFFE_PP_/D
     285* |       0 |      20 |       19 |      0 |    16 |    +0.1% |    0.269 |     -261.7 |        0.0 |    793 | riscv.dp.rf.rf\[30\]\[28\]$_DFFE_PP_/D
     286* |       0 |      20 |       19 |      0 |    16 |    +0.1% |    0.269 |     -261.7 |        0.0 |    793 | riscv.dp.rf.rf\[30\]\[28\]$_DFFE_PP_/D
     287* |       0 |      20 |       19 |      0 |    16 |    +0.1% |    0.269 |     -261.7 |        0.0 |    793 | riscv.dp.rf.rf\[30\]\[28\]$_DFFE_PP_/D
     288* |       0 |      20 |       19 |      0 |    16 |    +0.1% |    0.269 |     -261.7 |        0.0 |    793 | riscv.dp.rf.rf\[30\]\[28\]$_DFFE_PP_/D
     289* |       0 |      20 |       19 |      0 |    16 |    +0.1% |    0.269 |     -261.7 |        0.0 |    793 | riscv.dp.rf.rf\[30\]\[28\]$_DFFE_PP_/D
     290* |       0 |      20 |       19 |      0 |    16 |    +0.1% |    0.269 |     -261.7 |        0.0 |    793 | riscv.dp.rf.rf\[30\]\[28\]$_DFFE_PP_/D
     290* |       0 |      20 |       19 |      0 |    16 |    +0.1% |    0.269 |     -261.7 |        0.0 |    793 | riscv.dp.rf.rf\[30\]\[28\]$_DFFE_PP_/D
     291* |       0 |      20 |       19 |      0 |    16 |    +0.1% |    0.269 |     -261.7 |        0.0 |    793 | riscv.dp.rf.rf\[30\]\[28\]$_DFFE_PP_/D
     292* |       0 |      20 |       19 |      0 |    16 |    +0.1% |    0.269 |     -261.7 |        0.0 |    793 | riscv.dp.rf.rf\[30\]\[28\]$_DFFE_PP_/D
     293* |       0 |      20 |       19 |      0 |    16 |    +0.1% |    0.269 |     -261.7 |        0.0 |    793 | riscv.dp.rf.rf\[30\]\[28\]$_DFFE_PP_/D
     294* |       0 |      20 |       19 |      0 |    16 |    +0.1% |    0.269 |     -261.7 |        0.0 |    793 | riscv.dp.rf.rf\[30\]\[28\]$_DFFE_PP_/D
     295* |       0 |      20 |       19 |      0 |    16 |    +0.1% |    0.269 |     -261.7 |        0.0 |    793 | riscv.dp.rf.rf\[30\]\[28\]$_DFFE_PP_/D
     296* |       0 |      20 |       19 |      0 |    16 |    +0.1% |    0.269 |     -261.7 |        0.0 |    793 | riscv.dp.rf.rf\[30\]\[28\]$_DFFE_PP_/D
     297* |       0 |      20 |       19 |      0 |    16 |    +0.1% |    0.269 |     -261.7 |        0.0 |    793 | riscv.dp.rf.rf\[30\]\[28\]$_DFFE_PP_/D
     298* |       0 |      20 |       19 |      0 |    16 |    +0.1% |    0.269 |     -261.7 |        0.0 |    793 | riscv.dp.rf.rf\[30\]\[28\]$_DFFE_PP_/D
     299* |       0 |      20 |       19 |      0 |    16 |    +0.1% |    0.269 |     -261.7 |        0.0 |    793 | riscv.dp.rf.rf\[30\]\[28\]$_DFFE_PP_/D
     300* |       0 |      20 |       19 |      0 |    16 |    +0.1% |    0.269 |     -261.7 |        0.0 |    793 | riscv.dp.rf.rf\[30\]\[28\]$_DFFE_PP_/D
     300* |       0 |      20 |       19 |      0 |    16 |    +0.1% |    0.269 |     -261.7 |        0.0 |    793 | riscv.dp.rf.rf\[30\]\[28\]$_DFFE_PP_/D
     301* |       0 |      20 |       19 |      0 |    16 |    +0.1% |    0.269 |     -261.7 |        0.0 |    793 | riscv.dp.rf.rf\[30\]\[28\]$_DFFE_PP_/D
     302* |       0 |      20 |       19 |      0 |    16 |    +0.1% |    0.269 |     -261.7 |        0.0 |    793 | riscv.dp.rf.rf\[30\]\[28\]$_DFFE_PP_/D
     303* |       0 |      20 |       19 |      0 |    16 |    +0.1% |    0.269 |     -261.7 |        0.0 |    793 | riscv.dp.rf.rf\[30\]\[28\]$_DFFE_PP_/D
     304* |       0 |      20 |       19 |      0 |    16 |    +0.1% |    0.269 |     -261.7 |        0.0 |    793 | riscv.dp.rf.rf\[30\]\[28\]$_DFFE_PP_/D
     305* |       0 |      20 |       19 |      0 |    16 |    +0.1% |    0.269 |     -261.7 |        0.0 |    793 | riscv.dp.rf.rf\[30\]\[28\]$_DFFE_PP_/D
     306* |       0 |      20 |       19 |      0 |    16 |    +0.1% |    0.269 |     -261.7 |        0.0 |    793 | riscv.dp.rf.rf\[30\]\[28\]$_DFFE_PP_/D
     307* |       0 |      20 |       19 |      0 |    16 |    +0.1% |    0.269 |     -261.7 |        0.0 |    793 | riscv.dp.rf.rf\[30\]\[28\]$_DFFE_PP_/D
     308* |       0 |      20 |       19 |      0 |    16 |    +0.1% |    0.269 |     -261.7 |        0.0 |    793 | riscv.dp.rf.rf\[30\]\[28\]$_DFFE_PP_/D
     309* |       0 |      20 |       19 |      0 |    16 |    +0.1% |    0.269 |     -261.7 |        0.0 |    793 | riscv.dp.rf.rf\[30\]\[28\]$_DFFE_PP_/D
     310* |       0 |      20 |       19 |      0 |    16 |    +0.1% |    0.269 |     -261.7 |        0.0 |    793 | riscv.dp.rf.rf\[30\]\[28\]$_DFFE_PP_/D
     310* |       0 |      20 |       19 |      0 |    16 |    +0.1% |    0.269 |     -261.7 |        0.0 |    793 | riscv.dp.rf.rf\[30\]\[28\]$_DFFE_PP_/D
     311* |       0 |      20 |       19 |      0 |    16 |    +0.1% |    0.269 |     -261.7 |        0.0 |    793 | riscv.dp.rf.rf\[30\]\[28\]$_DFFE_PP_/D
     312* |       0 |      20 |       19 |      0 |    16 |    +0.1% |    0.269 |     -261.7 |        0.0 |    793 | riscv.dp.rf.rf\[30\]\[28\]$_DFFE_PP_/D
     313* |       0 |      20 |       19 |      0 |    16 |    +0.1% |    0.269 |     -261.7 |        0.0 |    793 | riscv.dp.rf.rf\[30\]\[28\]$_DFFE_PP_/D
     314* |       0 |      20 |       19 |      0 |    16 |    +0.1% |    0.269 |     -261.7 |        0.0 |    793 | riscv.dp.rf.rf\[30\]\[28\]$_DFFE_PP_/D
     315* |       0 |      20 |       19 |      0 |    16 |    +0.1% |    0.269 |     -261.7 |        0.0 |    793 | riscv.dp.rf.rf\[30\]\[28\]$_DFFE_PP_/D
     316* |       0 |      20 |       19 |      0 |    16 |    +0.1% |    0.269 |     -261.7 |        0.0 |    793 | riscv.dp.rf.rf\[30\]\[28\]$_DFFE_PP_/D
     317* |       0 |      20 |       19 |      0 |    16 |    +0.1% |    0.269 |     -261.7 |        0.0 |    793 | riscv.dp.rf.rf\[30\]\[28\]$_DFFE_PP_/D
     318* |       0 |      20 |       19 |      0 |    16 |    +0.1% |    0.269 |     -261.7 |        0.0 |    793 | riscv.dp.rf.rf\[30\]\[28\]$_DFFE_PP_/D
     319* |       0 |      20 |       19 |      0 |    16 |    +0.1% |    0.269 |     -261.7 |        0.0 |    793 | riscv.dp.rf.rf\[30\]\[28\]$_DFFE_PP_/D
     320* |       0 |      20 |       19 |      0 |    16 |    +0.1% |    0.269 |     -261.7 |        0.0 |    793 | riscv.dp.rf.rf\[30\]\[28\]$_DFFE_PP_/D
     320* |       0 |      20 |       19 |      0 |    16 |    +0.1% |    0.269 |     -261.7 |        0.0 |    793 | riscv.dp.rf.rf\[30\]\[28\]$_DFFE_PP_/D
     321* |       0 |      20 |       19 |      0 |    16 |    +0.1% |    0.269 |     -261.7 |        0.0 |    793 | riscv.dp.rf.rf\[30\]\[28\]$_DFFE_PP_/D
     322* |       0 |      20 |       19 |      0 |    16 |    +0.1% |    0.269 |     -261.7 |        0.0 |    793 | riscv.dp.rf.rf\[30\]\[28\]$_DFFE_PP_/D
     323* |       0 |      20 |       19 |      0 |    16 |    +0.1% |    0.269 |     -261.7 |        0.0 |    793 | riscv.dp.rf.rf\[30\]\[28\]$_DFFE_PP_/D
     324* |       0 |      20 |       19 |      0 |    16 |    +0.1% |    0.269 |     -261.7 |        0.0 |    793 | riscv.dp.rf.rf\[30\]\[28\]$_DFFE_PP_/D
     325* |       0 |      20 |       19 |      0 |    16 |    +0.1% |    0.269 |     -261.7 |        0.0 |    793 | riscv.dp.rf.rf\[30\]\[28\]$_DFFE_PP_/D
     326* |       0 |      20 |       19 |      0 |    16 |    +0.1% |    0.269 |     -261.7 |        0.0 |    793 | riscv.dp.rf.rf\[30\]\[28\]$_DFFE_PP_/D
     327* |       0 |      20 |       19 |      0 |    16 |    +0.1% |    0.269 |     -261.7 |        0.0 |    793 | riscv.dp.rf.rf\[30\]\[28\]$_DFFE_PP_/D
     328* |       0 |      20 |       19 |      0 |    16 |    +0.1% |    0.269 |     -261.7 |        0.0 |    793 | riscv.dp.rf.rf\[30\]\[28\]$_DFFE_PP_/D
     329* |       0 |      20 |       19 |      0 |    16 |    +0.1% |    0.269 |     -261.7 |        0.0 |    793 | riscv.dp.rf.rf\[30\]\[28\]$_DFFE_PP_/D
     330* |       0 |      20 |       19 |      0 |    16 |    +0.1% |    0.269 |     -261.7 |        0.0 |    793 | riscv.dp.rf.rf\[30\]\[28\]$_DFFE_PP_/D
     330* |       0 |      20 |       19 |      0 |    16 |    +0.1% |    0.269 |     -261.7 |        0.0 |    793 | riscv.dp.rf.rf\[30\]\[28\]$_DFFE_PP_/D
     331* |       0 |      20 |       19 |      0 |    16 |    +0.1% |    0.269 |     -261.7 |        0.0 |    793 | riscv.dp.rf.rf\[30\]\[28\]$_DFFE_PP_/D
     332* |       0 |      20 |       19 |      0 |    16 |    +0.1% |    0.269 |     -261.7 |        0.0 |    793 | riscv.dp.rf.rf\[30\]\[28\]$_DFFE_PP_/D
     333* |       0 |      20 |       19 |      0 |    16 |    +0.1% |    0.269 |     -261.7 |        0.0 |    793 | riscv.dp.rf.rf\[30\]\[28\]$_DFFE_PP_/D
     334* |       0 |      20 |       19 |      0 |    16 |    +0.1% |    0.269 |     -261.7 |        0.0 |    793 | riscv.dp.rf.rf\[30\]\[28\]$_DFFE_PP_/D
     335* |       0 |      20 |       19 |      0 |    16 |    +0.1% |    0.269 |     -261.7 |        0.0 |    793 | riscv.dp.rf.rf\[30\]\[28\]$_DFFE_PP_/D
     336* |       0 |      20 |       19 |      0 |    16 |    +0.1% |    0.269 |     -261.7 |        0.0 |    793 | riscv.dp.rf.rf\[30\]\[28\]$_DFFE_PP_/D
     337* |       0 |      20 |       19 |      0 |    16 |    +0.1% |    0.269 |     -261.7 |        0.0 |    793 | riscv.dp.rf.rf\[30\]\[28\]$_DFFE_PP_/D
     338* |       0 |      20 |       19 |      0 |    16 |    +0.1% |    0.269 |     -261.7 |        0.0 |    793 | riscv.dp.rf.rf\[30\]\[28\]$_DFFE_PP_/D
     339* |       0 |      20 |       19 |      0 |    16 |    +0.1% |    0.269 |     -261.7 |        0.0 |    793 | riscv.dp.rf.rf\[30\]\[28\]$_DFFE_PP_/D
     340* |       0 |      20 |       19 |      0 |    16 |    +0.1% |    0.269 |     -261.7 |        0.0 |    793 | riscv.dp.rf.rf\[30\]\[28\]$_DFFE_PP_/D
     340* |       0 |      20 |       19 |      0 |    16 |    +0.1% |    0.269 |     -261.7 |        0.0 |    793 | riscv.dp.rf.rf\[30\]\[28\]$_DFFE_PP_/D
     341* |       0 |      20 |       19 |      0 |    16 |    +0.1% |    0.269 |     -261.7 |        0.0 |    793 | riscv.dp.rf.rf\[30\]\[28\]$_DFFE_PP_/D
     342* |       0 |      20 |       19 |      0 |    16 |    +0.1% |    0.269 |     -261.7 |        0.0 |    793 | riscv.dp.rf.rf\[30\]\[28\]$_DFFE_PP_/D
     343* |       0 |      20 |       19 |      0 |    16 |    +0.1% |    0.269 |     -261.7 |        0.0 |    793 | riscv.dp.rf.rf\[30\]\[28\]$_DFFE_PP_/D
     344* |       0 |      20 |       19 |      0 |    16 |    +0.1% |    0.269 |     -261.7 |        0.0 |    793 | riscv.dp.rf.rf\[30\]\[28\]$_DFFE_PP_/D
     345* |       0 |      20 |       19 |      0 |    16 |    +0.1% |    0.269 |     -261.7 |        0.0 |    793 | riscv.dp.rf.rf\[30\]\[28\]$_DFFE_PP_/D
     346* |       0 |      20 |       19 |      0 |    16 |    +0.1% |    0.269 |     -261.7 |        0.0 |    793 | riscv.dp.rf.rf\[30\]\[28\]$_DFFE_PP_/D
     347* |       0 |      20 |       19 |      0 |    16 |    +0.1% |    0.269 |     -261.7 |        0.0 |    793 | riscv.dp.rf.rf\[30\]\[28\]$_DFFE_PP_/D
     348* |       0 |      20 |       19 |      0 |    16 |    +0.1% |    0.269 |     -261.7 |        0.0 |    793 | riscv.dp.rf.rf\[30\]\[28\]$_DFFE_PP_/D
     349* |       0 |      20 |       19 |      0 |    16 |    +0.1% |    0.269 |     -261.7 |        0.0 |    793 | riscv.dp.rf.rf\[30\]\[28\]$_DFFE_PP_/D
     350* |       0 |      20 |       19 |      0 |    16 |    +0.1% |    0.269 |     -261.7 |        0.0 |    793 | riscv.dp.rf.rf\[30\]\[28\]$_DFFE_PP_/D
     350* |       0 |      20 |       19 |      0 |    16 |    +0.1% |    0.269 |     -261.7 |        0.0 |    793 | riscv.dp.rf.rf\[30\]\[28\]$_DFFE_PP_/D
     351* |       0 |      20 |       19 |      0 |    16 |    +0.1% |    0.269 |     -261.7 |        0.0 |    793 | riscv.dp.rf.rf\[30\]\[28\]$_DFFE_PP_/D
     352* |       0 |      20 |       19 |      0 |    16 |    +0.1% |    0.269 |     -261.7 |        0.0 |    793 | riscv.dp.rf.rf\[30\]\[28\]$_DFFE_PP_/D
     353* |       0 |      20 |       19 |      0 |    16 |    +0.1% |    0.269 |     -261.7 |        0.0 |    793 | riscv.dp.rf.rf\[30\]\[28\]$_DFFE_PP_/D
     354* |       0 |      20 |       19 |      0 |    16 |    +0.1% |    0.269 |     -261.7 |        0.0 |    793 | riscv.dp.rf.rf\[30\]\[28\]$_DFFE_PP_/D
     355* |       0 |      20 |       19 |      0 |    16 |    +0.1% |    0.269 |     -261.7 |        0.0 |    793 | riscv.dp.rf.rf\[30\]\[28\]$_DFFE_PP_/D
     356* |       0 |      20 |       19 |      0 |    16 |    +0.1% |    0.269 |     -261.7 |        0.0 |    793 | riscv.dp.rf.rf\[30\]\[28\]$_DFFE_PP_/D
     357* |       0 |      20 |       19 |      0 |    16 |    +0.1% |    0.269 |     -261.7 |        0.0 |    793 | riscv.dp.rf.rf\[30\]\[28\]$_DFFE_PP_/D
     358* |       0 |      20 |       19 |      0 |    16 |    +0.1% |    0.269 |     -261.7 |        0.0 |    793 | riscv.dp.rf.rf\[30\]\[28\]$_DFFE_PP_/D
     359* |       0 |      20 |       19 |      0 |    16 |    +0.1% |    0.269 |     -261.7 |        0.0 |    793 | riscv.dp.rf.rf\[30\]\[28\]$_DFFE_PP_/D
     360* |       0 |      20 |       19 |      0 |    16 |    +0.1% |    0.269 |     -261.7 |        0.0 |    793 | riscv.dp.rf.rf\[30\]\[28\]$_DFFE_PP_/D
     360* |       0 |      20 |       19 |      0 |    16 |    +0.1% |    0.269 |     -261.7 |        0.0 |    793 | riscv.dp.rf.rf\[30\]\[28\]$_DFFE_PP_/D
     361* |       0 |      20 |       19 |      0 |    16 |    +0.1% |    0.269 |     -261.7 |        0.0 |    793 | riscv.dp.rf.rf\[30\]\[28\]$_DFFE_PP_/D
     362* |       0 |      20 |       19 |      0 |    16 |    +0.1% |    0.269 |     -261.7 |        0.0 |    793 | riscv.dp.rf.rf\[30\]\[28\]$_DFFE_PP_/D
     363* |       0 |      20 |       19 |      0 |    16 |    +0.1% |    0.269 |     -261.7 |        0.0 |    793 | riscv.dp.rf.rf\[30\]\[28\]$_DFFE_PP_/D
     364* |       0 |      20 |       19 |      0 |    16 |    +0.1% |    0.269 |     -261.7 |        0.0 |    793 | riscv.dp.rf.rf\[30\]\[28\]$_DFFE_PP_/D
     365* |       0 |      20 |       19 |      0 |    16 |    +0.1% |    0.269 |     -261.7 |        0.0 |    793 | riscv.dp.rf.rf\[30\]\[28\]$_DFFE_PP_/D
     366* |       0 |      20 |       19 |      0 |    16 |    +0.1% |    0.269 |     -261.7 |        0.0 |    793 | riscv.dp.rf.rf\[30\]\[28\]$_DFFE_PP_/D
     367* |       0 |      20 |       19 |      0 |    16 |    +0.1% |    0.269 |     -261.7 |        0.0 |    793 | riscv.dp.rf.rf\[30\]\[28\]$_DFFE_PP_/D
     368* |       0 |      20 |       19 |      0 |    16 |    +0.1% |    0.269 |     -261.7 |        0.0 |    793 | riscv.dp.rf.rf\[30\]\[28\]$_DFFE_PP_/D
     369* |       0 |      20 |       19 |      0 |    16 |    +0.1% |    0.269 |     -261.7 |        0.0 |    793 | riscv.dp.rf.rf\[30\]\[28\]$_DFFE_PP_/D
     370* |       0 |      20 |       19 |      0 |    16 |    +0.1% |    0.269 |     -261.7 |        0.0 |    793 | riscv.dp.rf.rf\[30\]\[28\]$_DFFE_PP_/D
     370* |       0 |      20 |       19 |      0 |    16 |    +0.1% |    0.269 |     -261.7 |        0.0 |    793 | riscv.dp.rf.rf\[30\]\[28\]$_DFFE_PP_/D
     371* |       0 |      20 |       19 |      0 |    16 |    +0.1% |    0.269 |     -261.7 |        0.0 |    793 | riscv.dp.rf.rf\[30\]\[28\]$_DFFE_PP_/D
     372* |       0 |      20 |       19 |      0 |    16 |    +0.1% |    0.269 |     -261.7 |        0.0 |    793 | riscv.dp.rf.rf\[30\]\[28\]$_DFFE_PP_/D
     373* |       0 |      20 |       19 |      0 |    16 |    +0.1% |    0.269 |     -261.7 |        0.0 |    793 | riscv.dp.rf.rf\[30\]\[28\]$_DFFE_PP_/D
     374* |       0 |      20 |       19 |      0 |    16 |    +0.1% |    0.269 |     -261.7 |        0.0 |    793 | riscv.dp.rf.rf\[30\]\[28\]$_DFFE_PP_/D
     375* |       0 |      20 |       19 |      0 |    16 |    +0.1% |    0.269 |     -261.7 |        0.0 |    793 | riscv.dp.rf.rf\[30\]\[28\]$_DFFE_PP_/D
     376* |       0 |      20 |       19 |      0 |    16 |    +0.1% |    0.269 |     -261.7 |        0.0 |    793 | riscv.dp.rf.rf\[30\]\[28\]$_DFFE_PP_/D
     377* |       0 |      20 |       19 |      0 |    16 |    +0.1% |    0.269 |     -261.7 |        0.0 |    793 | riscv.dp.rf.rf\[30\]\[28\]$_DFFE_PP_/D
     378* |       0 |      20 |       19 |      0 |    16 |    +0.1% |    0.269 |     -261.7 |        0.0 |    793 | riscv.dp.rf.rf\[30\]\[28\]$_DFFE_PP_/D
     379* |       0 |      20 |       19 |      0 |    16 |    +0.1% |    0.269 |     -261.7 |        0.0 |    793 | riscv.dp.rf.rf\[30\]\[28\]$_DFFE_PP_/D
     380* |       0 |      20 |       19 |      0 |    16 |    +0.1% |    0.269 |     -261.7 |        0.0 |    793 | riscv.dp.rf.rf\[30\]\[28\]$_DFFE_PP_/D
     380* |       0 |      20 |       19 |      0 |    16 |    +0.1% |    0.269 |     -261.7 |        0.0 |    793 | riscv.dp.rf.rf\[30\]\[28\]$_DFFE_PP_/D
     381* |       0 |      20 |       19 |      0 |    16 |    +0.1% |    0.269 |     -261.7 |        0.0 |    793 | riscv.dp.rf.rf\[30\]\[28\]$_DFFE_PP_/D
     382* |       0 |      20 |       19 |      0 |    16 |    +0.1% |    0.269 |     -261.7 |        0.0 |    793 | riscv.dp.rf.rf\[30\]\[28\]$_DFFE_PP_/D
     383* |       0 |      20 |       19 |      0 |    16 |    +0.1% |    0.269 |     -261.7 |        0.0 |    793 | riscv.dp.rf.rf\[30\]\[28\]$_DFFE_PP_/D
     384* |       0 |      20 |       19 |      0 |    16 |    +0.1% |    0.269 |     -261.7 |        0.0 |    793 | riscv.dp.rf.rf\[30\]\[28\]$_DFFE_PP_/D
     385* |       0 |      20 |       19 |      0 |    16 |    +0.1% |    0.269 |     -261.7 |        0.0 |    793 | riscv.dp.rf.rf\[30\]\[28\]$_DFFE_PP_/D
     386* |       0 |      20 |       19 |      0 |    16 |    +0.1% |    0.269 |     -261.7 |        0.0 |    793 | riscv.dp.rf.rf\[30\]\[28\]$_DFFE_PP_/D
     387* |       0 |      20 |       19 |      0 |    16 |    +0.1% |    0.269 |     -261.7 |        0.0 |    793 | riscv.dp.rf.rf\[30\]\[28\]$_DFFE_PP_/D
     388* |       0 |      20 |       19 |      0 |    16 |    +0.1% |    0.269 |     -261.7 |        0.0 |    793 | riscv.dp.rf.rf\[30\]\[28\]$_DFFE_PP_/D
     389* |       0 |      20 |       19 |      0 |    16 |    +0.1% |    0.269 |     -261.7 |        0.0 |    793 | riscv.dp.rf.rf\[30\]\[28\]$_DFFE_PP_/D
     390* |       0 |      20 |       19 |      0 |    16 |    +0.1% |    0.269 |     -261.7 |        0.0 |    793 | riscv.dp.rf.rf\[30\]\[28\]$_DFFE_PP_/D
     390* |       0 |      20 |       19 |      0 |    16 |    +0.1% |    0.269 |     -261.7 |        0.0 |    793 | riscv.dp.rf.rf\[30\]\[28\]$_DFFE_PP_/D
     391* |       0 |      20 |       19 |      0 |    16 |    +0.1% |    0.269 |     -261.7 |        0.0 |    793 | riscv.dp.rf.rf\[30\]\[28\]$_DFFE_PP_/D
     392* |       0 |      20 |       19 |      0 |    16 |    +0.1% |    0.269 |     -261.7 |        0.0 |    793 | riscv.dp.rf.rf\[30\]\[28\]$_DFFE_PP_/D
     393* |       0 |      20 |       19 |      0 |    16 |    +0.1% |    0.269 |     -261.7 |        0.0 |    793 | riscv.dp.rf.rf\[30\]\[28\]$_DFFE_PP_/D
     394* |       0 |      20 |       19 |      0 |    16 |    +0.1% |    0.269 |     -261.7 |        0.0 |    793 | riscv.dp.rf.rf\[30\]\[28\]$_DFFE_PP_/D
     395* |       0 |      20 |       19 |      0 |    16 |    +0.1% |    0.269 |     -261.7 |        0.0 |    793 | riscv.dp.rf.rf\[30\]\[28\]$_DFFE_PP_/D
     396* |       0 |      20 |       19 |      0 |    16 |    +0.1% |    0.269 |     -261.7 |        0.0 |    793 | riscv.dp.rf.rf\[30\]\[28\]$_DFFE_PP_/D
     397* |       0 |      20 |       19 |      0 |    16 |    +0.1% |    0.269 |     -261.7 |        0.0 |    793 | riscv.dp.rf.rf\[30\]\[28\]$_DFFE_PP_/D
     398* |       0 |      20 |       19 |      0 |    16 |    +0.1% |    0.269 |     -261.7 |        0.0 |    793 | riscv.dp.rf.rf\[30\]\[28\]$_DFFE_PP_/D
     399* |       0 |      20 |       19 |      0 |    16 |    +0.1% |    0.269 |     -261.7 |        0.0 |    793 | riscv.dp.rf.rf\[30\]\[28\]$_DFFE_PP_/D
     400* |       0 |      20 |       19 |      0 |    16 |    +0.1% |    0.269 |     -261.7 |        0.0 |    793 | riscv.dp.rf.rf\[30\]\[28\]$_DFFE_PP_/D
     400* |       0 |      20 |       19 |      0 |    16 |    +0.1% |    0.269 |     -261.7 |        0.0 |    793 | riscv.dp.rf.rf\[30\]\[28\]$_DFFE_PP_/D
     401* |       0 |      20 |       19 |      0 |    16 |    +0.1% |    0.269 |     -261.7 |        0.0 |    793 | riscv.dp.rf.rf\[30\]\[28\]$_DFFE_PP_/D
     402* |       0 |      20 |       19 |      0 |    16 |    +0.1% |    0.269 |     -261.7 |        0.0 |    793 | riscv.dp.rf.rf\[30\]\[28\]$_DFFE_PP_/D
     403* |       0 |      20 |       19 |      0 |    16 |    +0.1% |    0.269 |     -261.7 |        0.0 |    793 | riscv.dp.rf.rf\[30\]\[28\]$_DFFE_PP_/D
     404* |       0 |      20 |       19 |      0 |    16 |    +0.1% |    0.269 |     -261.7 |        0.0 |    793 | riscv.dp.rf.rf\[30\]\[28\]$_DFFE_PP_/D
     405* |       0 |      20 |       19 |      0 |    16 |    +0.1% |    0.269 |     -261.7 |        0.0 |    793 | riscv.dp.rf.rf\[30\]\[28\]$_DFFE_PP_/D
     406* |       0 |      20 |       19 |      0 |    16 |    +0.1% |    0.269 |     -261.7 |        0.0 |    793 | riscv.dp.rf.rf\[30\]\[28\]$_DFFE_PP_/D
     407* |       0 |      20 |       19 |      0 |    16 |    +0.1% |    0.269 |     -261.7 |        0.0 |    793 | riscv.dp.rf.rf\[30\]\[28\]$_DFFE_PP_/D
     408* |       0 |      20 |       19 |      0 |    16 |    +0.1% |    0.269 |     -261.7 |        0.0 |    793 | riscv.dp.rf.rf\[30\]\[28\]$_DFFE_PP_/D
     409* |       0 |      20 |       19 |      0 |    16 |    +0.1% |    0.269 |     -261.7 |        0.0 |    793 | riscv.dp.rf.rf\[30\]\[28\]$_DFFE_PP_/D
     410* |       0 |      20 |       19 |      0 |    16 |    +0.1% |    0.269 |     -261.7 |        0.0 |    793 | riscv.dp.rf.rf\[30\]\[28\]$_DFFE_PP_/D
     410* |       0 |      20 |       19 |      0 |    16 |    +0.1% |    0.269 |     -261.7 |        0.0 |    793 | riscv.dp.rf.rf\[30\]\[28\]$_DFFE_PP_/D
     411* |       0 |      20 |       19 |      0 |    16 |    +0.1% |    0.269 |     -261.7 |        0.0 |    793 | riscv.dp.rf.rf\[30\]\[28\]$_DFFE_PP_/D
     412* |       0 |      20 |       19 |      0 |    16 |    +0.1% |    0.269 |     -261.7 |        0.0 |    793 | riscv.dp.rf.rf\[30\]\[28\]$_DFFE_PP_/D
     413* |       0 |      20 |       19 |      0 |    16 |    +0.1% |    0.269 |     -261.7 |        0.0 |    793 | riscv.dp.rf.rf\[30\]\[28\]$_DFFE_PP_/D
     414* |       0 |      20 |       19 |      0 |    16 |    +0.1% |    0.269 |     -261.7 |        0.0 |    793 | riscv.dp.rf.rf\[30\]\[28\]$_DFFE_PP_/D
     415* |       0 |      20 |       19 |      0 |    16 |    +0.1% |    0.269 |     -261.7 |        0.0 |    793 | riscv.dp.rf.rf\[30\]\[28\]$_DFFE_PP_/D
     416* |       0 |      20 |       19 |      0 |    16 |    +0.1% |    0.269 |     -261.7 |        0.0 |    793 | riscv.dp.rf.rf\[30\]\[28\]$_DFFE_PP_/D
     417* |       0 |      20 |       19 |      0 |    16 |    +0.1% |    0.269 |     -261.7 |        0.0 |    793 | riscv.dp.rf.rf\[30\]\[28\]$_DFFE_PP_/D
     418* |       0 |      20 |       19 |      0 |    16 |    +0.1% |    0.269 |     -261.7 |        0.0 |    793 | riscv.dp.rf.rf\[30\]\[28\]$_DFFE_PP_/D
     419* |       0 |      20 |       19 |      0 |    16 |    +0.1% |    0.269 |     -261.7 |        0.0 |    793 | riscv.dp.rf.rf\[30\]\[28\]$_DFFE_PP_/D
     420* |       0 |      20 |       19 |      0 |    16 |    +0.1% |    0.269 |     -261.7 |        0.0 |    793 | riscv.dp.rf.rf\[30\]\[28\]$_DFFE_PP_/D
     420* |       0 |      20 |       19 |      0 |    16 |    +0.1% |    0.269 |     -261.7 |        0.0 |    793 | riscv.dp.rf.rf\[30\]\[28\]$_DFFE_PP_/D
     421* |       0 |      20 |       19 |      0 |    16 |    +0.1% |    0.269 |     -261.7 |        0.0 |    793 | riscv.dp.rf.rf\[30\]\[28\]$_DFFE_PP_/D
     422* |       0 |      20 |       19 |      0 |    16 |    +0.1% |    0.269 |     -261.7 |        0.0 |    793 | riscv.dp.rf.rf\[30\]\[28\]$_DFFE_PP_/D
     423* |       0 |      20 |       19 |      0 |    16 |    +0.1% |    0.269 |     -261.7 |        0.0 |    793 | riscv.dp.rf.rf\[30\]\[28\]$_DFFE_PP_/D
     424* |       0 |      20 |       19 |      0 |    16 |    +0.1% |    0.269 |     -261.7 |        0.0 |    793 | riscv.dp.rf.rf\[30\]\[28\]$_DFFE_PP_/D
     425* |       0 |      20 |       19 |      0 |    16 |    +0.1% |    0.269 |     -261.7 |        0.0 |    793 | riscv.dp.rf.rf\[30\]\[28\]$_DFFE_PP_/D
     426* |       0 |      20 |       19 |      0 |    16 |    +0.1% |    0.269 |     -261.7 |        0.0 |    793 | riscv.dp.rf.rf\[30\]\[28\]$_DFFE_PP_/D
     427* |       0 |      20 |       19 |      0 |    16 |    +0.1% |    0.269 |     -261.7 |        0.0 |    793 | riscv.dp.rf.rf\[30\]\[28\]$_DFFE_PP_/D
     428* |       0 |      20 |       19 |      0 |    16 |    +0.1% |    0.269 |     -261.7 |        0.0 |    793 | riscv.dp.rf.rf\[30\]\[28\]$_DFFE_PP_/D
     429* |       0 |      20 |       19 |      0 |    16 |    +0.1% |    0.269 |     -261.7 |        0.0 |    793 | riscv.dp.rf.rf\[30\]\[28\]$_DFFE_PP_/D
     430* |       0 |      20 |       19 |      0 |    16 |    +0.1% |    0.269 |     -261.7 |        0.0 |    793 | riscv.dp.rf.rf\[30\]\[28\]$_DFFE_PP_/D
     430* |       0 |      20 |       19 |      0 |    16 |    +0.1% |    0.269 |     -261.7 |        0.0 |    793 | riscv.dp.rf.rf\[30\]\[28\]$_DFFE_PP_/D
     431* |       0 |      20 |       19 |      0 |    16 |    +0.1% |    0.269 |     -261.7 |        0.0 |    793 | riscv.dp.rf.rf\[30\]\[28\]$_DFFE_PP_/D
     432* |       0 |      20 |       19 |      0 |    16 |    +0.1% |    0.269 |     -261.7 |        0.0 |    793 | riscv.dp.rf.rf\[30\]\[28\]$_DFFE_PP_/D
     433* |       0 |      20 |       19 |      0 |    16 |    +0.1% |    0.269 |     -261.7 |        0.0 |    793 | riscv.dp.rf.rf\[30\]\[28\]$_DFFE_PP_/D
     434* |       0 |      20 |       19 |      0 |    16 |    +0.1% |    0.269 |     -261.7 |        0.0 |    793 | riscv.dp.rf.rf\[30\]\[28\]$_DFFE_PP_/D
     435* |       0 |      20 |       19 |      0 |    16 |    +0.1% |    0.269 |     -261.7 |        0.0 |    793 | riscv.dp.rf.rf\[30\]\[28\]$_DFFE_PP_/D
     436* |       0 |      20 |       19 |      0 |    16 |    +0.1% |    0.269 |     -261.7 |        0.0 |    793 | riscv.dp.rf.rf\[30\]\[28\]$_DFFE_PP_/D
     437* |       0 |      20 |       19 |      0 |    16 |    +0.1% |    0.269 |     -261.7 |        0.0 |    793 | riscv.dp.rf.rf\[30\]\[28\]$_DFFE_PP_/D
     438* |       0 |      20 |       19 |      0 |    16 |    +0.1% |    0.269 |     -261.7 |        0.0 |    793 | riscv.dp.rf.rf\[30\]\[28\]$_DFFE_PP_/D
     439* |       0 |      20 |       19 |      0 |    16 |    +0.1% |    0.269 |     -261.7 |        0.0 |    793 | riscv.dp.rf.rf\[30\]\[28\]$_DFFE_PP_/D
     440* |       0 |      20 |       19 |      0 |    16 |    +0.1% |    0.269 |     -261.7 |        0.0 |    793 | riscv.dp.rf.rf\[30\]\[28\]$_DFFE_PP_/D
     440* |       0 |      20 |       19 |      0 |    16 |    +0.1% |    0.269 |     -261.7 |        0.0 |    793 | riscv.dp.rf.rf\[30\]\[28\]$_DFFE_PP_/D
     441* |       0 |      20 |       19 |      0 |    16 |    +0.1% |    0.269 |     -261.7 |        0.0 |    793 | riscv.dp.rf.rf\[30\]\[28\]$_DFFE_PP_/D
     442* |       0 |      20 |       19 |      0 |    16 |    +0.1% |    0.269 |     -261.7 |        0.0 |    793 | riscv.dp.rf.rf\[30\]\[28\]$_DFFE_PP_/D
     443* |       0 |      20 |       19 |      0 |    16 |    +0.1% |    0.269 |     -261.7 |        0.0 |    793 | riscv.dp.rf.rf\[30\]\[28\]$_DFFE_PP_/D
     444* |       0 |      20 |       19 |      0 |    16 |    +0.1% |    0.269 |     -261.7 |        0.0 |    793 | riscv.dp.rf.rf\[30\]\[28\]$_DFFE_PP_/D
     445* |       0 |      20 |       19 |      0 |    16 |    +0.1% |    0.269 |     -261.7 |        0.0 |    793 | riscv.dp.rf.rf\[30\]\[28\]$_DFFE_PP_/D
     446* |       0 |      20 |       19 |      0 |    16 |    +0.1% |    0.269 |     -261.7 |        0.0 |    793 | riscv.dp.rf.rf\[30\]\[28\]$_DFFE_PP_/D
     447* |       0 |      20 |       19 |      0 |    16 |    +0.1% |    0.269 |     -261.7 |        0.0 |    793 | riscv.dp.rf.rf\[30\]\[28\]$_DFFE_PP_/D
     448* |       0 |      20 |       19 |      0 |    16 |    +0.1% |    0.269 |     -261.7 |        0.0 |    793 | riscv.dp.rf.rf\[30\]\[28\]$_DFFE_PP_/D
     449* |       0 |      20 |       19 |      0 |    16 |    +0.1% |    0.269 |     -261.7 |        0.0 |    793 | riscv.dp.rf.rf\[30\]\[28\]$_DFFE_PP_/D
     450* |       0 |      20 |       19 |      0 |    16 |    +0.1% |    0.269 |     -261.7 |        0.0 |    793 | riscv.dp.rf.rf\[30\]\[28\]$_DFFE_PP_/D
     450* |       0 |      20 |       19 |      0 |    16 |    +0.1% |    0.269 |     -261.7 |        0.0 |    793 | riscv.dp.rf.rf\[30\]\[28\]$_DFFE_PP_/D
     451* |       0 |      20 |       19 |      0 |    16 |    +0.1% |    0.269 |     -261.7 |        0.0 |    793 | riscv.dp.rf.rf\[30\]\[28\]$_DFFE_PP_/D
     452* |       0 |      20 |       19 |      0 |    16 |    +0.1% |    0.269 |     -261.7 |        0.0 |    793 | riscv.dp.rf.rf\[30\]\[28\]$_DFFE_PP_/D
     453* |       0 |      20 |       19 |      0 |    16 |    +0.1% |    0.269 |     -261.7 |        0.0 |    793 | riscv.dp.rf.rf\[30\]\[28\]$_DFFE_PP_/D
     454* |       0 |      20 |       19 |      0 |    16 |    +0.1% |    0.269 |     -261.7 |        0.0 |    793 | riscv.dp.rf.rf\[30\]\[28\]$_DFFE_PP_/D
     455* |       0 |      20 |       19 |      0 |    16 |    +0.1% |    0.269 |     -261.7 |        0.0 |    793 | riscv.dp.rf.rf\[30\]\[28\]$_DFFE_PP_/D
     456* |       0 |      20 |       19 |      0 |    16 |    +0.1% |    0.269 |     -261.7 |        0.0 |    793 | riscv.dp.rf.rf\[30\]\[28\]$_DFFE_PP_/D
     457* |       0 |      20 |       19 |      0 |    16 |    +0.1% |    0.269 |     -261.7 |        0.0 |    793 | riscv.dp.rf.rf\[30\]\[28\]$_DFFE_PP_/D
     458* |       0 |      20 |       19 |      0 |    16 |    +0.1% |    0.269 |     -261.7 |        0.0 |    793 | riscv.dp.rf.rf\[30\]\[28\]$_DFFE_PP_/D
     459* |       0 |      20 |       19 |      0 |    16 |    +0.1% |    0.269 |     -261.7 |        0.0 |    793 | riscv.dp.rf.rf\[30\]\[28\]$_DFFE_PP_/D
     460* |       0 |      20 |       19 |      0 |    16 |    +0.1% |    0.269 |     -261.7 |        0.0 |    793 | riscv.dp.rf.rf\[30\]\[28\]$_DFFE_PP_/D
     460* |       0 |      20 |       19 |      0 |    16 |    +0.1% |    0.269 |     -261.7 |        0.0 |    793 | riscv.dp.rf.rf\[30\]\[28\]$_DFFE_PP_/D
     461* |       0 |      20 |       19 |      0 |    16 |    +0.1% |    0.269 |     -261.7 |        0.0 |    793 | riscv.dp.rf.rf\[30\]\[28\]$_DFFE_PP_/D
     462* |       0 |      20 |       19 |      0 |    16 |    +0.1% |    0.269 |     -261.7 |        0.0 |    793 | riscv.dp.rf.rf\[30\]\[28\]$_DFFE_PP_/D
     463* |       0 |      20 |       19 |      0 |    16 |    +0.1% |    0.269 |     -261.7 |        0.0 |    793 | riscv.dp.rf.rf\[30\]\[28\]$_DFFE_PP_/D
     464* |       0 |      20 |       19 |      0 |    16 |    +0.1% |    0.269 |     -261.7 |        0.0 |    793 | riscv.dp.rf.rf\[30\]\[28\]$_DFFE_PP_/D
     465* |       0 |      20 |       19 |      0 |    16 |    +0.1% |    0.269 |     -261.7 |        0.0 |    793 | riscv.dp.rf.rf\[30\]\[28\]$_DFFE_PP_/D
     466* |       0 |      20 |       19 |      0 |    16 |    +0.1% |    0.269 |     -261.7 |        0.0 |    793 | riscv.dp.rf.rf\[30\]\[28\]$_DFFE_PP_/D
     467* |       0 |      20 |       19 |      0 |    16 |    +0.1% |    0.269 |     -261.7 |        0.0 |    793 | riscv.dp.rf.rf\[30\]\[28\]$_DFFE_PP_/D
     468* |       0 |      20 |       19 |      0 |    16 |    +0.1% |    0.269 |     -261.7 |        0.0 |    793 | riscv.dp.rf.rf\[30\]\[28\]$_DFFE_PP_/D
     469* |       0 |      20 |       19 |      0 |    16 |    +0.1% |    0.269 |     -261.7 |        0.0 |    793 | riscv.dp.rf.rf\[30\]\[28\]$_DFFE_PP_/D
     470* |       0 |      20 |       19 |      0 |    16 |    +0.1% |    0.269 |     -261.7 |        0.0 |    793 | riscv.dp.rf.rf\[30\]\[28\]$_DFFE_PP_/D
     470* |       0 |      20 |       19 |      0 |    16 |    +0.1% |    0.269 |     -261.7 |        0.0 |    793 | riscv.dp.rf.rf\[30\]\[28\]$_DFFE_PP_/D
     471* |       0 |      20 |       19 |      0 |    16 |    +0.1% |    0.269 |     -261.7 |        0.0 |    793 | riscv.dp.rf.rf\[30\]\[28\]$_DFFE_PP_/D
     472* |       0 |      20 |       19 |      0 |    16 |    +0.1% |    0.269 |     -261.7 |        0.0 |    793 | riscv.dp.rf.rf\[30\]\[28\]$_DFFE_PP_/D
     473* |       0 |      20 |       19 |      0 |    16 |    +0.1% |    0.269 |     -261.7 |        0.0 |    793 | riscv.dp.rf.rf\[30\]\[28\]$_DFFE_PP_/D
     474* |       0 |      20 |       19 |      0 |    16 |    +0.1% |    0.269 |     -261.7 |        0.0 |    793 | riscv.dp.rf.rf\[30\]\[28\]$_DFFE_PP_/D
     475* |       0 |      20 |       19 |      0 |    16 |    +0.1% |    0.269 |     -261.7 |        0.0 |    793 | riscv.dp.rf.rf\[30\]\[28\]$_DFFE_PP_/D
     476* |       0 |      20 |       19 |      0 |    16 |    +0.1% |    0.269 |     -261.7 |        0.0 |    793 | riscv.dp.rf.rf\[30\]\[28\]$_DFFE_PP_/D
     477* |       0 |      20 |       19 |      0 |    16 |    +0.1% |    0.269 |     -261.7 |        0.0 |    793 | riscv.dp.rf.rf\[30\]\[28\]$_DFFE_PP_/D
     478* |       0 |      20 |       19 |      0 |    16 |    +0.1% |    0.269 |     -261.7 |        0.0 |    793 | riscv.dp.rf.rf\[30\]\[28\]$_DFFE_PP_/D
     479* |       0 |      20 |       19 |      0 |    16 |    +0.1% |    0.269 |     -261.7 |        0.0 |    793 | riscv.dp.rf.rf\[30\]\[28\]$_DFFE_PP_/D
     480* |       0 |      20 |       19 |      0 |    16 |    +0.1% |    0.269 |     -261.7 |        0.0 |    793 | riscv.dp.rf.rf\[30\]\[28\]$_DFFE_PP_/D
     480* |       0 |      20 |       19 |      0 |    16 |    +0.1% |    0.269 |     -261.7 |        0.0 |    793 | riscv.dp.rf.rf\[30\]\[28\]$_DFFE_PP_/D
     481* |       0 |      20 |       19 |      0 |    16 |    +0.1% |    0.269 |     -261.7 |        0.0 |    793 | riscv.dp.rf.rf\[30\]\[28\]$_DFFE_PP_/D
     482* |       0 |      20 |       19 |      0 |    16 |    +0.1% |    0.269 |     -261.7 |        0.0 |    793 | riscv.dp.rf.rf\[30\]\[28\]$_DFFE_PP_/D
     483* |       0 |      20 |       19 |      0 |    16 |    +0.1% |    0.269 |     -261.7 |        0.0 |    793 | riscv.dp.rf.rf\[30\]\[28\]$_DFFE_PP_/D
     484* |       0 |      20 |       19 |      0 |    16 |    +0.1% |    0.269 |     -261.7 |        0.0 |    793 | riscv.dp.rf.rf\[30\]\[28\]$_DFFE_PP_/D
     485* |       0 |      20 |       19 |      0 |    16 |    +0.1% |    0.269 |     -261.7 |        0.0 |    793 | riscv.dp.rf.rf\[30\]\[28\]$_DFFE_PP_/D
     486* |       0 |      20 |       19 |      0 |    16 |    +0.1% |    0.269 |     -261.7 |        0.0 |    793 | riscv.dp.rf.rf\[30\]\[28\]$_DFFE_PP_/D
     487* |       0 |      20 |       19 |      0 |    16 |    +0.1% |    0.269 |     -261.7 |        0.0 |    793 | riscv.dp.rf.rf\[30\]\[28\]$_DFFE_PP_/D
     488* |       0 |      20 |       19 |      0 |    16 |    +0.1% |    0.269 |     -261.7 |        0.0 |    793 | riscv.dp.rf.rf\[30\]\[28\]$_DFFE_PP_/D
     489* |       0 |      20 |       19 |      0 |    16 |    +0.1% |    0.269 |     -261.7 |        0.0 |    793 | riscv.dp.rf.rf\[30\]\[28\]$_DFFE_PP_/D
     490* |       0 |      20 |       19 |      0 |    16 |    +0.1% |    0.269 |     -261.7 |        0.0 |    793 | riscv.dp.rf.rf\[30\]\[28\]$_DFFE_PP_/D
     490* |       0 |      20 |       19 |      0 |    16 |    +0.1% |    0.269 |     -261.7 |        0.0 |    793 | riscv.dp.rf.rf\[30\]\[28\]$_DFFE_PP_/D
     491* |       0 |      20 |       19 |      0 |    16 |    +0.1% |    0.269 |     -261.7 |        0.0 |    793 | riscv.dp.rf.rf\[30\]\[28\]$_DFFE_PP_/D
     492* |       0 |      20 |       19 |      0 |    16 |    +0.1% |    0.269 |     -261.7 |        0.0 |    793 | riscv.dp.rf.rf\[30\]\[28\]$_DFFE_PP_/D
     493* |       0 |      20 |       19 |      0 |    16 |    +0.1% |    0.269 |     -261.7 |        0.0 |    793 | riscv.dp.rf.rf\[30\]\[28\]$_DFFE_PP_/D
     494* |       0 |      20 |       19 |      0 |    16 |    +0.1% |    0.269 |     -261.7 |        0.0 |    793 | riscv.dp.rf.rf\[30\]\[28\]$_DFFE_PP_/D
     495* |       0 |      20 |       19 |      0 |    16 |    +0.1% |    0.269 |     -261.7 |        0.0 |    793 | riscv.dp.rf.rf\[30\]\[28\]$_DFFE_PP_/D
     496* |       0 |      20 |       19 |      0 |    16 |    +0.1% |    0.269 |     -261.7 |        0.0 |    793 | riscv.dp.rf.rf\[30\]\[28\]$_DFFE_PP_/D
     497* |       0 |      20 |       19 |      0 |    16 |    +0.1% |    0.269 |     -261.7 |        0.0 |    793 | riscv.dp.rf.rf\[30\]\[28\]$_DFFE_PP_/D
     498* |       0 |      20 |       19 |      0 |    16 |    +0.1% |    0.269 |     -261.7 |        0.0 |    793 | riscv.dp.rf.rf\[30\]\[28\]$_DFFE_PP_/D
     499* |       0 |      20 |       19 |      0 |    16 |    +0.1% |    0.269 |     -261.7 |        0.0 |    793 | riscv.dp.rf.rf\[30\]\[28\]$_DFFE_PP_/D
     500* |       0 |      20 |       19 |      0 |    16 |    +0.1% |    0.269 |     -261.7 |        0.0 |    793 | riscv.dp.rf.rf\[30\]\[28\]$_DFFE_PP_/D
     500* |       0 |      20 |       19 |      0 |    16 |    +0.1% |    0.269 |     -261.7 |        0.0 |    793 | riscv.dp.rf.rf\[30\]\[28\]$_DFFE_PP_/D
     501* |       0 |      20 |       19 |      0 |    16 |    +0.1% |    0.269 |     -261.7 |        0.0 |    793 | riscv.dp.rf.rf\[30\]\[28\]$_DFFE_PP_/D
     502* |       0 |      20 |       19 |      0 |    16 |    +0.1% |    0.269 |     -261.7 |        0.0 |    793 | riscv.dp.rf.rf\[30\]\[28\]$_DFFE_PP_/D
     503* |       0 |      20 |       19 |      0 |    16 |    +0.1% |    0.269 |     -261.7 |        0.0 |    793 | riscv.dp.rf.rf\[30\]\[28\]$_DFFE_PP_/D
     504* |       0 |      20 |       19 |      0 |    16 |    +0.1% |    0.269 |     -261.7 |        0.0 |    793 | riscv.dp.rf.rf\[30\]\[28\]$_DFFE_PP_/D
     505* |       0 |      20 |       19 |      0 |    16 |    +0.1% |    0.269 |     -261.7 |        0.0 |    793 | riscv.dp.rf.rf\[30\]\[28\]$_DFFE_PP_/D
     506* |       0 |      20 |       19 |      0 |    16 |    +0.1% |    0.269 |     -261.7 |        0.0 |    793 | riscv.dp.rf.rf\[30\]\[28\]$_DFFE_PP_/D
     507* |       0 |      20 |       19 |      0 |    16 |    +0.1% |    0.269 |     -261.7 |        0.0 |    793 | riscv.dp.rf.rf\[30\]\[28\]$_DFFE_PP_/D
     508* |       0 |      20 |       19 |      0 |    16 |    +0.1% |    0.269 |     -261.7 |        0.0 |    793 | riscv.dp.rf.rf\[30\]\[28\]$_DFFE_PP_/D
     509* |       0 |      20 |       19 |      0 |    16 |    +0.1% |    0.269 |     -261.7 |        0.0 |    793 | riscv.dp.rf.rf\[30\]\[28\]$_DFFE_PP_/D
     510* |       0 |      20 |       19 |      0 |    16 |    +0.1% |    0.269 |     -261.7 |        0.0 |    793 | riscv.dp.rf.rf\[30\]\[28\]$_DFFE_PP_/D
     510* |       0 |      20 |       19 |      0 |    16 |    +0.1% |    0.269 |     -261.7 |        0.0 |    793 | riscv.dp.rf.rf\[30\]\[28\]$_DFFE_PP_/D
     511* |       0 |      20 |       19 |      0 |    16 |    +0.1% |    0.269 |     -261.7 |        0.0 |    793 | riscv.dp.rf.rf\[30\]\[28\]$_DFFE_PP_/D
     512* |       0 |      20 |       19 |      0 |    16 |    +0.1% |    0.269 |     -261.7 |        0.0 |    793 | riscv.dp.rf.rf\[30\]\[28\]$_DFFE_PP_/D
     513* |       0 |      20 |       19 |      0 |    16 |    +0.1% |    0.269 |     -261.7 |        0.0 |    793 | riscv.dp.rf.rf\[30\]\[28\]$_DFFE_PP_/D
     514* |       0 |      20 |       19 |      0 |    16 |    +0.1% |    0.269 |     -261.7 |        0.0 |    793 | riscv.dp.rf.rf\[30\]\[28\]$_DFFE_PP_/D
     515* |       0 |      20 |       19 |      0 |    16 |    +0.1% |    0.269 |     -261.7 |        0.0 |    793 | riscv.dp.rf.rf\[30\]\[28\]$_DFFE_PP_/D
     516* |       0 |      20 |       19 |      0 |    16 |    +0.1% |    0.269 |     -261.7 |        0.0 |    793 | riscv.dp.rf.rf\[30\]\[28\]$_DFFE_PP_/D
     517* |       0 |      20 |       19 |      0 |    16 |    +0.1% |    0.269 |     -261.7 |        0.0 |    793 | riscv.dp.rf.rf\[30\]\[28\]$_DFFE_PP_/D
     518* |       0 |      20 |       19 |      0 |    16 |    +0.1% |    0.269 |     -261.7 |        0.0 |    793 | riscv.dp.rf.rf\[30\]\[28\]$_DFFE_PP_/D
     519* |       0 |      20 |       19 |      0 |    16 |    +0.1% |    0.269 |     -261.7 |        0.0 |    793 | riscv.dp.rf.rf\[30\]\[28\]$_DFFE_PP_/D
     520* |       0 |      20 |       19 |      0 |    16 |    +0.1% |    0.269 |     -261.7 |        0.0 |    793 | riscv.dp.rf.rf\[30\]\[28\]$_DFFE_PP_/D
     520* |       0 |      20 |       19 |      0 |    16 |    +0.1% |    0.269 |     -261.7 |        0.0 |    793 | riscv.dp.rf.rf\[30\]\[28\]$_DFFE_PP_/D
     521* |       0 |      20 |       19 |      0 |    16 |    +0.1% |    0.269 |     -261.7 |        0.0 |    793 | riscv.dp.rf.rf\[30\]\[28\]$_DFFE_PP_/D
     522* |       0 |      20 |       19 |      0 |    16 |    +0.1% |    0.269 |     -261.7 |        0.0 |    793 | riscv.dp.rf.rf\[30\]\[28\]$_DFFE_PP_/D
     523* |       0 |      20 |       19 |      0 |    16 |    +0.1% |    0.269 |     -261.7 |        0.0 |    793 | riscv.dp.rf.rf\[30\]\[28\]$_DFFE_PP_/D
     524* |       0 |      20 |       19 |      0 |    16 |    +0.1% |    0.269 |     -261.7 |        0.0 |    793 | riscv.dp.rf.rf\[30\]\[28\]$_DFFE_PP_/D
     525* |       0 |      20 |       19 |      0 |    16 |    +0.1% |    0.269 |     -261.7 |        0.0 |    793 | riscv.dp.rf.rf\[30\]\[28\]$_DFFE_PP_/D
     526* |       0 |      20 |       19 |      0 |    16 |    +0.1% |    0.269 |     -261.7 |        0.0 |    793 | riscv.dp.rf.rf\[30\]\[28\]$_DFFE_PP_/D
     527* |       0 |      20 |       19 |      0 |    16 |    +0.1% |    0.269 |     -261.7 |        0.0 |    793 | riscv.dp.rf.rf\[30\]\[28\]$_DFFE_PP_/D
     528* |       0 |      20 |       19 |      0 |    16 |    +0.1% |    0.269 |     -261.7 |        0.0 |    793 | riscv.dp.rf.rf\[30\]\[28\]$_DFFE_PP_/D
     529* |       0 |      20 |       19 |      0 |    16 |    +0.1% |    0.269 |     -261.7 |        0.0 |    793 | riscv.dp.rf.rf\[30\]\[28\]$_DFFE_PP_/D
     530* |       0 |      20 |       19 |      0 |    16 |    +0.1% |    0.269 |     -261.7 |        0.0 |    793 | riscv.dp.rf.rf\[30\]\[28\]$_DFFE_PP_/D
     530* |       0 |      20 |       19 |      0 |    16 |    +0.1% |    0.269 |     -261.7 |        0.0 |    793 | riscv.dp.rf.rf\[30\]\[28\]$_DFFE_PP_/D
     531* |       0 |      20 |       19 |      0 |    16 |    +0.1% |    0.269 |     -261.7 |        0.0 |    793 | riscv.dp.rf.rf\[30\]\[28\]$_DFFE_PP_/D
     532* |       0 |      20 |       19 |      0 |    16 |    +0.1% |    0.269 |     -261.7 |        0.0 |    793 | riscv.dp.rf.rf\[30\]\[28\]$_DFFE_PP_/D
     533* |       0 |      20 |       19 |      0 |    16 |    +0.1% |    0.269 |     -261.7 |        0.0 |    793 | riscv.dp.rf.rf\[30\]\[28\]$_DFFE_PP_/D
     534* |       0 |      20 |       19 |      0 |    16 |    +0.1% |    0.269 |     -261.7 |        0.0 |    793 | riscv.dp.rf.rf\[30\]\[28\]$_DFFE_PP_/D
     535* |       0 |      20 |       19 |      0 |    16 |    +0.1% |    0.269 |     -261.7 |        0.0 |    793 | riscv.dp.rf.rf\[30\]\[28\]$_DFFE_PP_/D
     536* |       0 |      20 |       19 |      0 |    16 |    +0.1% |    0.269 |     -261.7 |        0.0 |    793 | riscv.dp.rf.rf\[30\]\[28\]$_DFFE_PP_/D
     537* |       0 |      20 |       19 |      0 |    16 |    +0.1% |    0.269 |     -261.7 |        0.0 |    793 | riscv.dp.rf.rf\[30\]\[28\]$_DFFE_PP_/D
     538* |       0 |      20 |       19 |      0 |    16 |    +0.1% |    0.269 |     -261.7 |        0.0 |    793 | riscv.dp.rf.rf\[30\]\[28\]$_DFFE_PP_/D
     539* |       0 |      20 |       19 |      0 |    16 |    +0.1% |    0.269 |     -261.7 |        0.0 |    793 | riscv.dp.rf.rf\[30\]\[28\]$_DFFE_PP_/D
     540* |       0 |      20 |       19 |      0 |    16 |    +0.1% |    0.269 |     -261.7 |        0.0 |    793 | riscv.dp.rf.rf\[30\]\[28\]$_DFFE_PP_/D
     540* |       0 |      20 |       19 |      0 |    16 |    +0.1% |    0.269 |     -261.7 |        0.0 |    793 | riscv.dp.rf.rf\[30\]\[28\]$_DFFE_PP_/D
     541* |       0 |      20 |       19 |      0 |    16 |    +0.1% |    0.269 |     -261.7 |        0.0 |    793 | riscv.dp.rf.rf\[30\]\[28\]$_DFFE_PP_/D
     542* |       0 |      20 |       19 |      0 |    16 |    +0.1% |    0.269 |     -261.7 |        0.0 |    793 | riscv.dp.rf.rf\[30\]\[28\]$_DFFE_PP_/D
     543* |       0 |      20 |       19 |      0 |    16 |    +0.1% |    0.269 |     -261.7 |        0.0 |    793 | riscv.dp.rf.rf\[30\]\[28\]$_DFFE_PP_/D
     544* |       0 |      20 |       19 |      0 |    16 |    +0.1% |    0.269 |     -261.7 |        0.0 |    793 | riscv.dp.rf.rf\[30\]\[28\]$_DFFE_PP_/D
     545* |       0 |      20 |       19 |      0 |    16 |    +0.1% |    0.269 |     -261.7 |        0.0 |    793 | riscv.dp.rf.rf\[30\]\[28\]$_DFFE_PP_/D
     546* |       0 |      20 |       19 |      0 |    16 |    +0.1% |    0.269 |     -261.7 |        0.0 |    793 | riscv.dp.rf.rf\[30\]\[28\]$_DFFE_PP_/D
     547* |       0 |      20 |       19 |      0 |    16 |    +0.1% |    0.269 |     -261.7 |        0.0 |    793 | riscv.dp.rf.rf\[30\]\[28\]$_DFFE_PP_/D
     548* |       0 |      20 |       19 |      0 |    16 |    +0.1% |    0.269 |     -261.7 |        0.0 |    793 | riscv.dp.rf.rf\[30\]\[28\]$_DFFE_PP_/D
     549* |       0 |      20 |       19 |      0 |    16 |    +0.1% |    0.269 |     -261.7 |        0.0 |    793 | riscv.dp.rf.rf\[30\]\[28\]$_DFFE_PP_/D
     550* |       0 |      20 |       19 |      0 |    16 |    +0.1% |    0.269 |     -261.7 |        0.0 |    793 | riscv.dp.rf.rf\[30\]\[28\]$_DFFE_PP_/D
     550* |       0 |      20 |       19 |      0 |    16 |    +0.1% |    0.269 |     -261.7 |        0.0 |    793 | riscv.dp.rf.rf\[30\]\[28\]$_DFFE_PP_/D
     551* |       0 |      20 |       19 |      0 |    16 |    +0.1% |    0.269 |     -261.7 |        0.0 |    793 | riscv.dp.rf.rf\[30\]\[28\]$_DFFE_PP_/D
     552* |       0 |      20 |       19 |      0 |    16 |    +0.1% |    0.269 |     -261.7 |        0.0 |    793 | riscv.dp.rf.rf\[30\]\[28\]$_DFFE_PP_/D
     553* |       0 |      20 |       19 |      0 |    16 |    +0.1% |    0.269 |     -261.7 |        0.0 |    793 | riscv.dp.rf.rf\[30\]\[28\]$_DFFE_PP_/D
     554* |       0 |      20 |       19 |      0 |    16 |    +0.1% |    0.269 |     -261.7 |        0.0 |    793 | riscv.dp.rf.rf\[30\]\[28\]$_DFFE_PP_/D
     555* |       0 |      20 |       19 |      0 |    16 |    +0.1% |    0.269 |     -261.7 |        0.0 |    793 | riscv.dp.rf.rf\[30\]\[28\]$_DFFE_PP_/D
     556* |       0 |      20 |       19 |      0 |    16 |    +0.1% |    0.269 |     -261.7 |        0.0 |    793 | riscv.dp.rf.rf\[30\]\[28\]$_DFFE_PP_/D
     557* |       0 |      20 |       19 |      0 |    16 |    +0.1% |    0.269 |     -261.7 |        0.0 |    793 | riscv.dp.rf.rf\[30\]\[28\]$_DFFE_PP_/D
     558* |       0 |      20 |       19 |      0 |    16 |    +0.1% |    0.269 |     -261.7 |        0.0 |    793 | riscv.dp.rf.rf\[30\]\[28\]$_DFFE_PP_/D
     559* |       0 |      20 |       19 |      0 |    16 |    +0.1% |    0.269 |     -261.7 |        0.0 |    793 | riscv.dp.rf.rf\[30\]\[28\]$_DFFE_PP_/D
     560* |       0 |      20 |       19 |      0 |    16 |    +0.1% |    0.269 |     -261.7 |        0.0 |    793 | riscv.dp.rf.rf\[30\]\[28\]$_DFFE_PP_/D
     560* |       0 |      20 |       19 |      0 |    16 |    +0.1% |    0.269 |     -261.7 |        0.0 |    793 | riscv.dp.rf.rf\[30\]\[28\]$_DFFE_PP_/D
     561* |       0 |      20 |       19 |      0 |    16 |    +0.1% |    0.269 |     -261.7 |        0.0 |    793 | riscv.dp.rf.rf\[30\]\[28\]$_DFFE_PP_/D
     562* |       0 |      20 |       19 |      0 |    16 |    +0.1% |    0.269 |     -261.7 |        0.0 |    793 | riscv.dp.rf.rf\[30\]\[28\]$_DFFE_PP_/D
     563* |       0 |      20 |       19 |      0 |    16 |    +0.1% |    0.269 |     -261.7 |        0.0 |    793 | riscv.dp.rf.rf\[30\]\[28\]$_DFFE_PP_/D
     564* |       0 |      20 |       19 |      0 |    16 |    +0.1% |    0.269 |     -261.7 |        0.0 |    793 | riscv.dp.rf.rf\[30\]\[28\]$_DFFE_PP_/D
     565* |       0 |      20 |       19 |      0 |    16 |    +0.1% |    0.269 |     -261.7 |        0.0 |    793 | riscv.dp.rf.rf\[30\]\[28\]$_DFFE_PP_/D
     566* |       0 |      20 |       19 |      0 |    16 |    +0.1% |    0.269 |     -261.7 |        0.0 |    793 | riscv.dp.rf.rf\[30\]\[28\]$_DFFE_PP_/D
     567* |       0 |      20 |       19 |      0 |    16 |    +0.1% |    0.269 |     -261.7 |        0.0 |    793 | riscv.dp.rf.rf\[30\]\[28\]$_DFFE_PP_/D
     568* |       0 |      20 |       19 |      0 |    16 |    +0.1% |    0.269 |     -261.7 |        0.0 |    793 | riscv.dp.rf.rf\[30\]\[28\]$_DFFE_PP_/D
     569* |       0 |      20 |       19 |      0 |    16 |    +0.1% |    0.269 |     -261.7 |        0.0 |    793 | riscv.dp.rf.rf\[30\]\[28\]$_DFFE_PP_/D
     570* |       0 |      20 |       19 |      0 |    16 |    +0.1% |    0.269 |     -261.7 |        0.0 |    793 | riscv.dp.rf.rf\[30\]\[28\]$_DFFE_PP_/D
     570* |       0 |      20 |       19 |      0 |    16 |    +0.1% |    0.269 |     -261.7 |        0.0 |    793 | riscv.dp.rf.rf\[30\]\[28\]$_DFFE_PP_/D
     571* |       0 |      20 |       19 |      0 |    16 |    +0.1% |    0.269 |     -261.7 |        0.0 |    793 | riscv.dp.rf.rf\[30\]\[28\]$_DFFE_PP_/D
     572* |       0 |      20 |       19 |      0 |    16 |    +0.1% |    0.269 |     -261.7 |        0.0 |    793 | riscv.dp.rf.rf\[30\]\[28\]$_DFFE_PP_/D
     573* |       0 |      20 |       19 |      0 |    16 |    +0.1% |    0.269 |     -261.7 |        0.0 |    793 | riscv.dp.rf.rf\[30\]\[28\]$_DFFE_PP_/D
     574* |       0 |      20 |       19 |      0 |    16 |    +0.1% |    0.269 |     -261.7 |        0.0 |    793 | riscv.dp.rf.rf\[30\]\[28\]$_DFFE_PP_/D
     575* |       0 |      20 |       19 |      0 |    16 |    +0.1% |    0.269 |     -261.7 |        0.0 |    793 | riscv.dp.rf.rf\[30\]\[28\]$_DFFE_PP_/D
     576* |       0 |      20 |       19 |      0 |    16 |    +0.1% |    0.269 |     -261.7 |        0.0 |    793 | riscv.dp.rf.rf\[30\]\[28\]$_DFFE_PP_/D
     577* |       0 |      20 |       19 |      0 |    16 |    +0.1% |    0.269 |     -261.7 |        0.0 |    793 | riscv.dp.rf.rf\[30\]\[28\]$_DFFE_PP_/D
     578* |       0 |      20 |       19 |      0 |    16 |    +0.1% |    0.269 |     -261.7 |        0.0 |    793 | riscv.dp.rf.rf\[30\]\[28\]$_DFFE_PP_/D
     579* |       0 |      20 |       19 |      0 |    16 |    +0.1% |    0.269 |     -261.7 |        0.0 |    793 | riscv.dp.rf.rf\[30\]\[28\]$_DFFE_PP_/D
     580* |       0 |      20 |       19 |      0 |    16 |    +0.1% |    0.269 |     -261.7 |        0.0 |    793 | riscv.dp.rf.rf\[30\]\[28\]$_DFFE_PP_/D
     580* |       0 |      20 |       19 |      0 |    16 |    +0.1% |    0.269 |     -261.7 |        0.0 |    793 | riscv.dp.rf.rf\[30\]\[28\]$_DFFE_PP_/D
     581* |       0 |      20 |       19 |      0 |    16 |    +0.1% |    0.269 |     -261.7 |        0.0 |    793 | riscv.dp.rf.rf\[30\]\[28\]$_DFFE_PP_/D
     582* |       0 |      20 |       19 |      0 |    16 |    +0.1% |    0.269 |     -261.7 |        0.0 |    793 | riscv.dp.rf.rf\[30\]\[28\]$_DFFE_PP_/D
     583* |       0 |      20 |       19 |      0 |    16 |    +0.1% |    0.269 |     -261.7 |        0.0 |    793 | riscv.dp.rf.rf\[30\]\[28\]$_DFFE_PP_/D
     584* |       0 |      20 |       19 |      0 |    16 |    +0.1% |    0.269 |     -261.7 |        0.0 |    793 | riscv.dp.rf.rf\[30\]\[28\]$_DFFE_PP_/D
     585* |       0 |      20 |       19 |      0 |    16 |    +0.1% |    0.269 |     -261.7 |        0.0 |    793 | riscv.dp.rf.rf\[30\]\[28\]$_DFFE_PP_/D
     586* |       0 |      20 |       19 |      0 |    16 |    +0.1% |    0.269 |     -261.7 |        0.0 |    793 | riscv.dp.rf.rf\[30\]\[28\]$_DFFE_PP_/D
     587* |       0 |      20 |       19 |      0 |    16 |    +0.1% |    0.269 |     -261.7 |        0.0 |    793 | riscv.dp.rf.rf\[30\]\[28\]$_DFFE_PP_/D
     588* |       0 |      20 |       19 |      0 |    16 |    +0.1% |    0.269 |     -261.7 |        0.0 |    793 | riscv.dp.rf.rf\[30\]\[28\]$_DFFE_PP_/D
     589* |       0 |      20 |       19 |      0 |    16 |    +0.1% |    0.269 |     -261.7 |        0.0 |    793 | riscv.dp.rf.rf\[30\]\[28\]$_DFFE_PP_/D
     590* |       0 |      20 |       19 |      0 |    16 |    +0.1% |    0.269 |     -261.7 |        0.0 |    793 | riscv.dp.rf.rf\[30\]\[28\]$_DFFE_PP_/D
     590* |       0 |      20 |       19 |      0 |    16 |    +0.1% |    0.269 |     -261.7 |        0.0 |    793 | riscv.dp.rf.rf\[30\]\[28\]$_DFFE_PP_/D
     591* |       0 |      20 |       19 |      0 |    16 |    +0.1% |    0.269 |     -261.7 |        0.0 |    793 | riscv.dp.rf.rf\[30\]\[28\]$_DFFE_PP_/D
     592* |       0 |      20 |       19 |      0 |    16 |    +0.1% |    0.269 |     -261.7 |        0.0 |    793 | riscv.dp.rf.rf\[30\]\[28\]$_DFFE_PP_/D
     593* |       0 |      20 |       19 |      0 |    16 |    +0.1% |    0.269 |     -261.7 |        0.0 |    793 | riscv.dp.rf.rf\[30\]\[28\]$_DFFE_PP_/D
     594* |       0 |      20 |       19 |      0 |    16 |    +0.1% |    0.269 |     -261.7 |        0.0 |    793 | riscv.dp.rf.rf\[30\]\[28\]$_DFFE_PP_/D
     595* |       0 |      20 |       19 |      0 |    16 |    +0.1% |    0.269 |     -261.7 |        0.0 |    793 | riscv.dp.rf.rf\[30\]\[28\]$_DFFE_PP_/D
     596* |       0 |      20 |       19 |      0 |    16 |    +0.1% |    0.269 |     -261.7 |        0.0 |    793 | riscv.dp.rf.rf\[30\]\[28\]$_DFFE_PP_/D
     597* |       0 |      20 |       19 |      0 |    16 |    +0.1% |    0.269 |     -261.7 |        0.0 |    793 | riscv.dp.rf.rf\[30\]\[28\]$_DFFE_PP_/D
     598* |       0 |      20 |       19 |      0 |    16 |    +0.1% |    0.269 |     -261.7 |        0.0 |    793 | riscv.dp.rf.rf\[30\]\[28\]$_DFFE_PP_/D
     599* |       0 |      20 |       19 |      0 |    16 |    +0.1% |    0.269 |     -261.7 |        0.0 |    793 | riscv.dp.rf.rf\[30\]\[28\]$_DFFE_PP_/D
     600* |       0 |      20 |       19 |      0 |    16 |    +0.1% |    0.269 |     -261.7 |        0.0 |    793 | riscv.dp.rf.rf\[30\]\[28\]$_DFFE_PP_/D
     600* |       0 |      20 |       19 |      0 |    16 |    +0.1% |    0.269 |     -261.7 |        0.0 |    793 | riscv.dp.rf.rf\[30\]\[28\]$_DFFE_PP_/D
     601* |       0 |      20 |       19 |      0 |    16 |    +0.1% |    0.269 |     -261.7 |        0.0 |    793 | riscv.dp.rf.rf\[30\]\[28\]$_DFFE_PP_/D
     602* |       0 |      20 |       19 |      0 |    16 |    +0.1% |    0.269 |     -261.7 |        0.0 |    793 | riscv.dp.rf.rf\[30\]\[28\]$_DFFE_PP_/D
     603* |       0 |      20 |       19 |      0 |    16 |    +0.1% |    0.269 |     -261.7 |        0.0 |    793 | riscv.dp.rf.rf\[30\]\[28\]$_DFFE_PP_/D
     604* |       0 |      20 |       19 |      0 |    16 |    +0.1% |    0.269 |     -261.7 |        0.0 |    793 | riscv.dp.rf.rf\[30\]\[28\]$_DFFE_PP_/D
     605* |       0 |      20 |       19 |      0 |    16 |    +0.1% |    0.269 |     -261.7 |        0.0 |    793 | riscv.dp.rf.rf\[30\]\[28\]$_DFFE_PP_/D
     606* |       0 |      20 |       19 |      0 |    16 |    +0.1% |    0.269 |     -261.7 |        0.0 |    793 | riscv.dp.rf.rf\[30\]\[28\]$_DFFE_PP_/D
     607* |       0 |      20 |       19 |      0 |    16 |    +0.1% |    0.269 |     -261.7 |        0.0 |    793 | riscv.dp.rf.rf\[30\]\[28\]$_DFFE_PP_/D
     608* |       0 |      20 |       19 |      0 |    16 |    +0.1% |    0.269 |     -261.7 |        0.0 |    793 | riscv.dp.rf.rf\[30\]\[28\]$_DFFE_PP_/D
     609* |       0 |      20 |       19 |      0 |    16 |    +0.1% |    0.269 |     -261.7 |        0.0 |    793 | riscv.dp.rf.rf\[30\]\[28\]$_DFFE_PP_/D
     610* |       0 |      20 |       19 |      0 |    16 |    +0.1% |    0.269 |     -261.7 |        0.0 |    793 | riscv.dp.rf.rf\[30\]\[28\]$_DFFE_PP_/D
     610* |       0 |      20 |       19 |      0 |    16 |    +0.1% |    0.269 |     -261.7 |        0.0 |    793 | riscv.dp.rf.rf\[30\]\[28\]$_DFFE_PP_/D
     611* |       0 |      20 |       19 |      0 |    16 |    +0.1% |    0.269 |     -261.7 |        0.0 |    793 | riscv.dp.rf.rf\[30\]\[28\]$_DFFE_PP_/D
     612* |       0 |      20 |       19 |      0 |    16 |    +0.1% |    0.269 |     -261.7 |        0.0 |    793 | riscv.dp.rf.rf\[30\]\[28\]$_DFFE_PP_/D
     613* |       0 |      20 |       19 |      0 |    16 |    +0.1% |    0.269 |     -261.7 |        0.0 |    793 | riscv.dp.rf.rf\[30\]\[28\]$_DFFE_PP_/D
     614* |       0 |      20 |       19 |      0 |    16 |    +0.1% |    0.269 |     -261.7 |        0.0 |    793 | riscv.dp.rf.rf\[30\]\[28\]$_DFFE_PP_/D
     615* |       0 |      20 |       19 |      0 |    16 |    +0.1% |    0.269 |     -261.7 |        0.0 |    793 | riscv.dp.rf.rf\[30\]\[28\]$_DFFE_PP_/D
     616* |       0 |      20 |       19 |      0 |    16 |    +0.1% |    0.269 |     -261.7 |        0.0 |    793 | riscv.dp.rf.rf\[30\]\[28\]$_DFFE_PP_/D
     617* |       0 |      20 |       19 |      0 |    16 |    +0.1% |    0.269 |     -261.7 |        0.0 |    793 | riscv.dp.rf.rf\[30\]\[28\]$_DFFE_PP_/D
     618* |       0 |      20 |       19 |      0 |    16 |    +0.1% |    0.269 |     -261.7 |        0.0 |    793 | riscv.dp.rf.rf\[30\]\[28\]$_DFFE_PP_/D
     619* |       0 |      20 |       19 |      0 |    16 |    +0.1% |    0.269 |     -261.7 |        0.0 |    793 | riscv.dp.rf.rf\[30\]\[28\]$_DFFE_PP_/D
     620* |       0 |      20 |       19 |      0 |    16 |    +0.1% |    0.269 |     -261.7 |        0.0 |    793 | riscv.dp.rf.rf\[30\]\[28\]$_DFFE_PP_/D
     620* |       0 |      20 |       19 |      0 |    16 |    +0.1% |    0.269 |     -261.7 |        0.0 |    793 | riscv.dp.rf.rf\[30\]\[28\]$_DFFE_PP_/D
     621* |       0 |      20 |       19 |      0 |    16 |    +0.1% |    0.269 |     -261.7 |        0.0 |    793 | riscv.dp.rf.rf\[30\]\[28\]$_DFFE_PP_/D
     622* |       0 |      20 |       19 |      0 |    16 |    +0.1% |    0.269 |     -261.7 |        0.0 |    793 | riscv.dp.rf.rf\[30\]\[28\]$_DFFE_PP_/D
     623* |       0 |      20 |       19 |      0 |    16 |    +0.1% |    0.269 |     -261.7 |        0.0 |    793 | riscv.dp.rf.rf\[30\]\[28\]$_DFFE_PP_/D
     624* |       0 |      20 |       19 |      0 |    16 |    +0.1% |    0.269 |     -261.7 |        0.0 |    793 | riscv.dp.rf.rf\[30\]\[28\]$_DFFE_PP_/D
     625* |       0 |      20 |       19 |      0 |    16 |    +0.1% |    0.269 |     -261.7 |        0.0 |    793 | riscv.dp.rf.rf\[30\]\[28\]$_DFFE_PP_/D
     626* |       0 |      20 |       19 |      0 |    16 |    +0.1% |    0.269 |     -261.7 |        0.0 |    793 | riscv.dp.rf.rf\[30\]\[28\]$_DFFE_PP_/D
     627* |       0 |      20 |       19 |      0 |    16 |    +0.1% |    0.269 |     -261.7 |        0.0 |    793 | riscv.dp.rf.rf\[30\]\[28\]$_DFFE_PP_/D
     628* |       0 |      20 |       19 |      0 |    16 |    +0.1% |    0.269 |     -261.7 |        0.0 |    793 | riscv.dp.rf.rf\[30\]\[28\]$_DFFE_PP_/D
     629* |       0 |      20 |       19 |      0 |    16 |    +0.1% |    0.269 |     -261.7 |        0.0 |    793 | riscv.dp.rf.rf\[30\]\[28\]$_DFFE_PP_/D
     630* |       0 |      20 |       19 |      0 |    16 |    +0.1% |    0.269 |     -261.7 |        0.0 |    793 | riscv.dp.rf.rf\[30\]\[28\]$_DFFE_PP_/D
     630* |       0 |      20 |       19 |      0 |    16 |    +0.1% |    0.269 |     -261.7 |        0.0 |    793 | riscv.dp.rf.rf\[30\]\[28\]$_DFFE_PP_/D
     631* |       0 |      20 |       19 |      0 |    16 |    +0.1% |    0.269 |     -261.7 |        0.0 |    793 | riscv.dp.rf.rf\[30\]\[28\]$_DFFE_PP_/D
     632* |       0 |      20 |       19 |      0 |    16 |    +0.1% |    0.269 |     -261.7 |        0.0 |    793 | riscv.dp.rf.rf\[30\]\[28\]$_DFFE_PP_/D
     633* |       0 |      20 |       19 |      0 |    16 |    +0.1% |    0.269 |     -261.7 |        0.0 |    793 | riscv.dp.rf.rf\[30\]\[28\]$_DFFE_PP_/D
     634* |       0 |      20 |       19 |      0 |    16 |    +0.1% |    0.269 |     -261.7 |        0.0 |    793 | riscv.dp.rf.rf\[30\]\[28\]$_DFFE_PP_/D
     635* |       0 |      20 |       19 |      0 |    16 |    +0.1% |    0.269 |     -261.7 |        0.0 |    793 | riscv.dp.rf.rf\[30\]\[28\]$_DFFE_PP_/D
     636* |       0 |      20 |       19 |      0 |    16 |    +0.1% |    0.269 |     -261.7 |        0.0 |    793 | riscv.dp.rf.rf\[30\]\[28\]$_DFFE_PP_/D
     637* |       0 |      20 |       19 |      0 |    16 |    +0.1% |    0.269 |     -261.7 |        0.0 |    793 | riscv.dp.rf.rf\[30\]\[28\]$_DFFE_PP_/D
     638* |       0 |      20 |       19 |      0 |    16 |    +0.1% |    0.269 |     -261.7 |        0.0 |    793 | riscv.dp.rf.rf\[30\]\[28\]$_DFFE_PP_/D
     639* |       0 |      20 |       19 |      0 |    16 |    +0.1% |    0.269 |     -261.7 |        0.0 |    793 | riscv.dp.rf.rf\[30\]\[28\]$_DFFE_PP_/D
     640* |       0 |      20 |       19 |      0 |    16 |    +0.1% |    0.269 |     -261.7 |        0.0 |    793 | riscv.dp.rf.rf\[30\]\[28\]$_DFFE_PP_/D
     640* |       0 |      20 |       19 |      0 |    16 |    +0.1% |    0.269 |     -261.7 |        0.0 |    793 | riscv.dp.rf.rf\[30\]\[28\]$_DFFE_PP_/D
     641* |       0 |      20 |       19 |      0 |    16 |    +0.1% |    0.269 |     -261.7 |        0.0 |    793 | riscv.dp.rf.rf\[30\]\[28\]$_DFFE_PP_/D
     642* |       0 |      20 |       19 |      0 |    16 |    +0.1% |    0.269 |     -261.7 |        0.0 |    793 | riscv.dp.rf.rf\[30\]\[28\]$_DFFE_PP_/D
     643* |       0 |      20 |       19 |      0 |    16 |    +0.1% |    0.269 |     -261.7 |        0.0 |    793 | riscv.dp.rf.rf\[30\]\[28\]$_DFFE_PP_/D
     644* |       0 |      20 |       19 |      0 |    16 |    +0.1% |    0.269 |     -261.7 |        0.0 |    793 | riscv.dp.rf.rf\[30\]\[28\]$_DFFE_PP_/D
     645* |       0 |      20 |       19 |      0 |    16 |    +0.1% |    0.269 |     -261.7 |        0.0 |    793 | riscv.dp.rf.rf\[30\]\[28\]$_DFFE_PP_/D
     646* |       0 |      20 |       19 |      0 |    16 |    +0.1% |    0.269 |     -261.7 |        0.0 |    793 | riscv.dp.rf.rf\[30\]\[28\]$_DFFE_PP_/D
     647* |       0 |      20 |       19 |      0 |    16 |    +0.1% |    0.269 |     -261.7 |        0.0 |    793 | riscv.dp.rf.rf\[30\]\[28\]$_DFFE_PP_/D
     648* |       0 |      20 |       19 |      0 |    16 |    +0.1% |    0.269 |     -261.7 |        0.0 |    793 | riscv.dp.rf.rf\[30\]\[28\]$_DFFE_PP_/D
     649* |       0 |      20 |       19 |      0 |    16 |    +0.1% |    0.269 |     -261.7 |        0.0 |    793 | riscv.dp.rf.rf\[30\]\[28\]$_DFFE_PP_/D
     650* |       0 |      20 |       19 |      0 |    16 |    +0.1% |    0.269 |     -261.7 |        0.0 |    793 | riscv.dp.rf.rf\[30\]\[28\]$_DFFE_PP_/D
     650* |       0 |      20 |       19 |      0 |    16 |    +0.1% |    0.269 |     -261.7 |        0.0 |    793 | riscv.dp.rf.rf\[30\]\[28\]$_DFFE_PP_/D
     651* |       0 |      20 |       19 |      0 |    16 |    +0.1% |    0.269 |     -261.7 |        0.0 |    793 | riscv.dp.rf.rf\[30\]\[28\]$_DFFE_PP_/D
     652* |       0 |      20 |       19 |      0 |    16 |    +0.1% |    0.269 |     -261.7 |        0.0 |    793 | riscv.dp.rf.rf\[30\]\[28\]$_DFFE_PP_/D
     653* |       0 |      20 |       19 |      0 |    16 |    +0.1% |    0.269 |     -261.7 |        0.0 |    793 | riscv.dp.rf.rf\[30\]\[28\]$_DFFE_PP_/D
     654* |       0 |      20 |       19 |      0 |    16 |    +0.1% |    0.269 |     -261.7 |        0.0 |    793 | riscv.dp.rf.rf\[30\]\[28\]$_DFFE_PP_/D
     655* |       0 |      20 |       19 |      0 |    16 |    +0.1% |    0.269 |     -261.7 |        0.0 |    793 | riscv.dp.rf.rf\[30\]\[28\]$_DFFE_PP_/D
     656* |       0 |      20 |       19 |      0 |    16 |    +0.1% |    0.269 |     -261.7 |        0.0 |    793 | riscv.dp.rf.rf\[30\]\[28\]$_DFFE_PP_/D
     657* |       0 |      20 |       19 |      0 |    16 |    +0.1% |    0.269 |     -261.7 |        0.0 |    793 | riscv.dp.rf.rf\[30\]\[28\]$_DFFE_PP_/D
     658* |       0 |      20 |       19 |      0 |    16 |    +0.1% |    0.269 |     -261.7 |        0.0 |    793 | riscv.dp.rf.rf\[30\]\[28\]$_DFFE_PP_/D
     659* |       0 |      20 |       19 |      0 |    16 |    +0.1% |    0.269 |     -261.7 |        0.0 |    793 | riscv.dp.rf.rf\[30\]\[28\]$_DFFE_PP_/D
     660* |       0 |      20 |       19 |      0 |    16 |    +0.1% |    0.269 |     -261.7 |        0.0 |    793 | riscv.dp.rf.rf\[30\]\[28\]$_DFFE_PP_/D
     660* |       0 |      20 |       19 |      0 |    16 |    +0.1% |    0.269 |     -261.7 |        0.0 |    793 | riscv.dp.rf.rf\[30\]\[28\]$_DFFE_PP_/D
     661* |       0 |      20 |       19 |      0 |    16 |    +0.1% |    0.269 |     -261.7 |        0.0 |    793 | riscv.dp.rf.rf\[30\]\[28\]$_DFFE_PP_/D
     662* |       0 |      20 |       19 |      0 |    16 |    +0.1% |    0.269 |     -261.7 |        0.0 |    793 | riscv.dp.rf.rf\[30\]\[28\]$_DFFE_PP_/D
     663* |       0 |      20 |       19 |      0 |    16 |    +0.1% |    0.269 |     -261.7 |        0.0 |    793 | riscv.dp.rf.rf\[30\]\[28\]$_DFFE_PP_/D
     664* |       0 |      20 |       19 |      0 |    16 |    +0.1% |    0.269 |     -261.7 |        0.0 |    793 | riscv.dp.rf.rf\[30\]\[28\]$_DFFE_PP_/D
     665* |       0 |      20 |       19 |      0 |    16 |    +0.1% |    0.269 |     -261.7 |        0.0 |    793 | riscv.dp.rf.rf\[30\]\[28\]$_DFFE_PP_/D
     666* |       0 |      20 |       19 |      0 |    16 |    +0.1% |    0.269 |     -261.7 |        0.0 |    793 | riscv.dp.rf.rf\[30\]\[28\]$_DFFE_PP_/D
     667* |       0 |      20 |       19 |      0 |    16 |    +0.1% |    0.269 |     -261.7 |        0.0 |    793 | riscv.dp.rf.rf\[30\]\[28\]$_DFFE_PP_/D
     668* |       0 |      20 |       19 |      0 |    16 |    +0.1% |    0.269 |     -261.7 |        0.0 |    793 | riscv.dp.rf.rf\[30\]\[28\]$_DFFE_PP_/D
     669* |       0 |      20 |       19 |      0 |    16 |    +0.1% |    0.269 |     -261.7 |        0.0 |    793 | riscv.dp.rf.rf\[30\]\[28\]$_DFFE_PP_/D
     670* |       0 |      20 |       19 |      0 |    16 |    +0.1% |    0.269 |     -261.7 |        0.0 |    793 | riscv.dp.rf.rf\[30\]\[28\]$_DFFE_PP_/D
     670* |       0 |      20 |       19 |      0 |    16 |    +0.1% |    0.269 |     -261.7 |        0.0 |    793 | riscv.dp.rf.rf\[30\]\[28\]$_DFFE_PP_/D
     671* |       0 |      20 |       19 |      0 |    16 |    +0.1% |    0.269 |     -261.7 |        0.0 |    793 | riscv.dp.rf.rf\[30\]\[28\]$_DFFE_PP_/D
     672* |       0 |      20 |       19 |      0 |    16 |    +0.1% |    0.269 |     -261.7 |        0.0 |    793 | riscv.dp.rf.rf\[30\]\[28\]$_DFFE_PP_/D
     673* |       0 |      20 |       19 |      0 |    16 |    +0.1% |    0.269 |     -261.7 |        0.0 |    793 | riscv.dp.rf.rf\[30\]\[28\]$_DFFE_PP_/D
     674* |       0 |      20 |       19 |      0 |    16 |    +0.1% |    0.269 |     -261.7 |        0.0 |    793 | riscv.dp.rf.rf\[30\]\[28\]$_DFFE_PP_/D
     675* |       0 |      20 |       19 |      0 |    16 |    +0.1% |    0.269 |     -261.7 |        0.0 |    793 | riscv.dp.rf.rf\[30\]\[28\]$_DFFE_PP_/D
     676* |       0 |      20 |       19 |      0 |    16 |    +0.1% |    0.269 |     -261.7 |        0.0 |    793 | riscv.dp.rf.rf\[30\]\[28\]$_DFFE_PP_/D
     677* |       0 |      20 |       19 |      0 |    16 |    +0.1% |    0.269 |     -261.7 |        0.0 |    793 | riscv.dp.rf.rf\[30\]\[28\]$_DFFE_PP_/D
     678* |       0 |      20 |       19 |      0 |    16 |    +0.1% |    0.269 |     -261.7 |        0.0 |    793 | riscv.dp.rf.rf\[30\]\[28\]$_DFFE_PP_/D
     679* |       0 |      20 |       19 |      0 |    16 |    +0.1% |    0.269 |     -261.7 |        0.0 |    793 | riscv.dp.rf.rf\[30\]\[28\]$_DFFE_PP_/D
     680* |       0 |      20 |       19 |      0 |    16 |    +0.1% |    0.269 |     -261.7 |        0.0 |    793 | riscv.dp.rf.rf\[30\]\[28\]$_DFFE_PP_/D
     680* |       0 |      20 |       19 |      0 |    16 |    +0.1% |    0.269 |     -261.7 |        0.0 |    793 | riscv.dp.rf.rf\[30\]\[28\]$_DFFE_PP_/D
     681* |       0 |      20 |       19 |      0 |    16 |    +0.1% |    0.269 |     -261.7 |        0.0 |    793 | riscv.dp.rf.rf\[30\]\[28\]$_DFFE_PP_/D
     682* |       0 |      20 |       19 |      0 |    16 |    +0.1% |    0.269 |     -261.7 |        0.0 |    793 | riscv.dp.rf.rf\[30\]\[28\]$_DFFE_PP_/D
     683* |       0 |      20 |       19 |      0 |    16 |    +0.1% |    0.269 |     -261.7 |        0.0 |    793 | riscv.dp.rf.rf\[30\]\[28\]$_DFFE_PP_/D
     684* |       0 |      20 |       19 |      0 |    16 |    +0.1% |    0.269 |     -261.7 |        0.0 |    793 | riscv.dp.rf.rf\[30\]\[28\]$_DFFE_PP_/D
     685* |       0 |      20 |       19 |      0 |    16 |    +0.1% |    0.269 |     -261.7 |        0.0 |    793 | riscv.dp.rf.rf\[30\]\[28\]$_DFFE_PP_/D
     686* |       0 |      20 |       19 |      0 |    16 |    +0.1% |    0.269 |     -261.7 |        0.0 |    793 | riscv.dp.rf.rf\[30\]\[28\]$_DFFE_PP_/D
     687* |       0 |      20 |       19 |      0 |    16 |    +0.1% |    0.269 |     -261.7 |        0.0 |    793 | riscv.dp.rf.rf\[30\]\[28\]$_DFFE_PP_/D
     688* |       0 |      20 |       19 |      0 |    16 |    +0.1% |    0.269 |     -261.7 |        0.0 |    793 | riscv.dp.rf.rf\[30\]\[28\]$_DFFE_PP_/D
     689* |       0 |      20 |       19 |      0 |    16 |    +0.1% |    0.269 |     -261.7 |        0.0 |    793 | riscv.dp.rf.rf\[30\]\[28\]$_DFFE_PP_/D
     690* |       0 |      20 |       19 |      0 |    16 |    +0.1% |    0.269 |     -261.7 |        0.0 |    793 | riscv.dp.rf.rf\[30\]\[28\]$_DFFE_PP_/D
     690* |       0 |      20 |       19 |      0 |    16 |    +0.1% |    0.269 |     -261.7 |        0.0 |    793 | riscv.dp.rf.rf\[30\]\[28\]$_DFFE_PP_/D
     691* |       0 |      20 |       19 |      0 |    16 |    +0.1% |    0.269 |     -261.7 |        0.0 |    793 | riscv.dp.rf.rf\[30\]\[28\]$_DFFE_PP_/D
     692* |       0 |      20 |       19 |      0 |    16 |    +0.1% |    0.269 |     -261.7 |        0.0 |    793 | riscv.dp.rf.rf\[30\]\[28\]$_DFFE_PP_/D
     693* |       0 |      20 |       19 |      0 |    16 |    +0.1% |    0.269 |     -261.7 |        0.0 |    793 | riscv.dp.rf.rf\[30\]\[28\]$_DFFE_PP_/D
     694* |       0 |      20 |       19 |      0 |    16 |    +0.1% |    0.269 |     -261.7 |        0.0 |    793 | riscv.dp.rf.rf\[30\]\[28\]$_DFFE_PP_/D
     695* |       0 |      20 |       19 |      0 |    16 |    +0.1% |    0.269 |     -261.7 |        0.0 |    793 | riscv.dp.rf.rf\[30\]\[28\]$_DFFE_PP_/D
     696* |       0 |      20 |       19 |      0 |    16 |    +0.1% |    0.269 |     -261.7 |        0.0 |    793 | riscv.dp.rf.rf\[30\]\[28\]$_DFFE_PP_/D
     697* |       0 |      20 |       19 |      0 |    16 |    +0.1% |    0.269 |     -261.7 |        0.0 |    793 | riscv.dp.rf.rf\[30\]\[28\]$_DFFE_PP_/D
     698* |       0 |      20 |       19 |      0 |    16 |    +0.1% |    0.269 |     -261.7 |        0.0 |    793 | riscv.dp.rf.rf\[30\]\[28\]$_DFFE_PP_/D
     699* |       0 |      20 |       19 |      0 |    16 |    +0.1% |    0.269 |     -261.7 |        0.0 |    793 | riscv.dp.rf.rf\[30\]\[28\]$_DFFE_PP_/D
     700* |       0 |      20 |       19 |      0 |    16 |    +0.1% |    0.269 |     -261.7 |        0.0 |    793 | riscv.dp.rf.rf\[30\]\[28\]$_DFFE_PP_/D
     700* |       0 |      20 |       19 |      0 |    16 |    +0.1% |    0.269 |     -261.7 |        0.0 |    793 | riscv.dp.rf.rf\[30\]\[28\]$_DFFE_PP_/D
     701* |       0 |      20 |       19 |      0 |    16 |    +0.1% |    0.269 |     -261.7 |        0.0 |    793 | riscv.dp.rf.rf\[30\]\[28\]$_DFFE_PP_/D
     702* |       0 |      20 |       19 |      0 |    16 |    +0.1% |    0.269 |     -261.7 |        0.0 |    793 | riscv.dp.rf.rf\[30\]\[28\]$_DFFE_PP_/D
     703* |       0 |      20 |       19 |      0 |    16 |    +0.1% |    0.269 |     -261.7 |        0.0 |    793 | riscv.dp.rf.rf\[30\]\[28\]$_DFFE_PP_/D
     704* |       0 |      20 |       19 |      0 |    16 |    +0.1% |    0.269 |     -261.7 |        0.0 |    793 | riscv.dp.rf.rf\[30\]\[28\]$_DFFE_PP_/D
     705* |       0 |      20 |       19 |      0 |    16 |    +0.1% |    0.269 |     -261.7 |        0.0 |    793 | riscv.dp.rf.rf\[30\]\[28\]$_DFFE_PP_/D
     706* |       0 |      20 |       19 |      0 |    16 |    +0.1% |    0.269 |     -261.7 |        0.0 |    793 | riscv.dp.rf.rf\[30\]\[28\]$_DFFE_PP_/D
     707* |       0 |      20 |       19 |      0 |    16 |    +0.1% |    0.269 |     -261.7 |        0.0 |    793 | riscv.dp.rf.rf\[30\]\[28\]$_DFFE_PP_/D
     708* |       0 |      20 |       19 |      0 |    16 |    +0.1% |    0.269 |     -261.7 |        0.0 |    793 | riscv.dp.rf.rf\[30\]\[28\]$_DFFE_PP_/D
     709* |       0 |      20 |       19 |      0 |    16 |    +0.1% |    0.269 |     -261.7 |        0.0 |    793 | riscv.dp.rf.rf\[30\]\[28\]$_DFFE_PP_/D
     710* |       0 |      20 |       19 |      0 |    16 |    +0.1% |    0.269 |     -261.7 |        0.0 |    793 | riscv.dp.rf.rf\[30\]\[28\]$_DFFE_PP_/D
     710* |       0 |      20 |       19 |      0 |    16 |    +0.1% |    0.269 |     -261.7 |        0.0 |    793 | riscv.dp.rf.rf\[30\]\[28\]$_DFFE_PP_/D
     711* |       0 |      20 |       19 |      0 |    16 |    +0.1% |    0.269 |     -261.7 |        0.0 |    793 | riscv.dp.rf.rf\[30\]\[28\]$_DFFE_PP_/D
     712* |       0 |      20 |       19 |      0 |    16 |    +0.1% |    0.269 |     -261.7 |        0.0 |    793 | riscv.dp.rf.rf\[30\]\[28\]$_DFFE_PP_/D
     713* |       0 |      20 |       19 |      0 |    16 |    +0.1% |    0.269 |     -261.7 |        0.0 |    793 | riscv.dp.rf.rf\[30\]\[28\]$_DFFE_PP_/D
     714* |       0 |      20 |       19 |      0 |    16 |    +0.1% |    0.269 |     -261.7 |        0.0 |    793 | riscv.dp.rf.rf\[30\]\[28\]$_DFFE_PP_/D
     715* |       0 |      20 |       19 |      0 |    16 |    +0.1% |    0.269 |     -261.7 |        0.0 |    793 | riscv.dp.rf.rf\[30\]\[28\]$_DFFE_PP_/D
     716* |       0 |      20 |       19 |      0 |    16 |    +0.1% |    0.269 |     -261.7 |        0.0 |    793 | riscv.dp.rf.rf\[30\]\[28\]$_DFFE_PP_/D
     717* |       0 |      20 |       19 |      0 |    16 |    +0.1% |    0.269 |     -261.7 |        0.0 |    793 | riscv.dp.rf.rf\[30\]\[28\]$_DFFE_PP_/D
     718* |       0 |      20 |       19 |      0 |    16 |    +0.1% |    0.269 |     -261.7 |        0.0 |    793 | riscv.dp.rf.rf\[30\]\[28\]$_DFFE_PP_/D
     719* |       0 |      20 |       19 |      0 |    16 |    +0.1% |    0.269 |     -261.7 |        0.0 |    793 | riscv.dp.rf.rf\[30\]\[28\]$_DFFE_PP_/D
     720* |       0 |      20 |       19 |      0 |    16 |    +0.1% |    0.269 |     -261.7 |        0.0 |    793 | riscv.dp.rf.rf\[30\]\[28\]$_DFFE_PP_/D
     720* |       0 |      20 |       19 |      0 |    16 |    +0.1% |    0.269 |     -261.7 |        0.0 |    793 | riscv.dp.rf.rf\[30\]\[28\]$_DFFE_PP_/D
     721* |       0 |      20 |       19 |      0 |    16 |    +0.1% |    0.269 |     -261.7 |        0.0 |    793 | riscv.dp.rf.rf\[30\]\[28\]$_DFFE_PP_/D
     722* |       0 |      20 |       19 |      0 |    16 |    +0.1% |    0.269 |     -261.7 |        0.0 |    793 | riscv.dp.rf.rf\[30\]\[28\]$_DFFE_PP_/D
     723* |       0 |      20 |       19 |      0 |    16 |    +0.1% |    0.269 |     -261.7 |        0.0 |    793 | riscv.dp.rf.rf\[30\]\[28\]$_DFFE_PP_/D
     724* |       0 |      20 |       19 |      0 |    16 |    +0.1% |    0.269 |     -261.7 |        0.0 |    793 | riscv.dp.rf.rf\[30\]\[28\]$_DFFE_PP_/D
     725* |       0 |      20 |       19 |      0 |    16 |    +0.1% |    0.269 |     -261.7 |        0.0 |    793 | riscv.dp.rf.rf\[30\]\[28\]$_DFFE_PP_/D
     726* |       0 |      20 |       19 |      0 |    16 |    +0.1% |    0.269 |     -261.7 |        0.0 |    793 | riscv.dp.rf.rf\[30\]\[28\]$_DFFE_PP_/D
     727* |       0 |      20 |       19 |      0 |    16 |    +0.1% |    0.269 |     -261.7 |        0.0 |    793 | riscv.dp.rf.rf\[30\]\[28\]$_DFFE_PP_/D
     728* |       0 |      20 |       19 |      0 |    16 |    +0.1% |    0.269 |     -261.7 |        0.0 |    793 | riscv.dp.rf.rf\[30\]\[28\]$_DFFE_PP_/D
     729* |       0 |      20 |       19 |      0 |    16 |    +0.1% |    0.269 |     -261.7 |        0.0 |    793 | riscv.dp.rf.rf\[30\]\[28\]$_DFFE_PP_/D
     730* |       0 |      20 |       19 |      0 |    16 |    +0.1% |    0.269 |     -261.7 |        0.0 |    793 | riscv.dp.rf.rf\[30\]\[28\]$_DFFE_PP_/D
     730* |       0 |      20 |       19 |      0 |    16 |    +0.1% |    0.269 |     -261.7 |        0.0 |    793 | riscv.dp.rf.rf\[30\]\[28\]$_DFFE_PP_/D
     731* |       0 |      20 |       19 |      0 |    16 |    +0.1% |    0.269 |     -261.7 |        0.0 |    793 | riscv.dp.rf.rf\[30\]\[28\]$_DFFE_PP_/D
     732* |       0 |      20 |       19 |      0 |    16 |    +0.1% |    0.269 |     -261.7 |        0.0 |    793 | riscv.dp.rf.rf\[30\]\[28\]$_DFFE_PP_/D
     733* |       0 |      20 |       19 |      0 |    16 |    +0.1% |    0.269 |     -261.7 |        0.0 |    793 | riscv.dp.rf.rf\[30\]\[28\]$_DFFE_PP_/D
     734* |       0 |      20 |       19 |      0 |    16 |    +0.1% |    0.269 |     -261.7 |        0.0 |    793 | riscv.dp.rf.rf\[30\]\[28\]$_DFFE_PP_/D
     735* |       0 |      20 |       19 |      0 |    16 |    +0.1% |    0.269 |     -261.7 |        0.0 |    793 | riscv.dp.rf.rf\[30\]\[28\]$_DFFE_PP_/D
     736* |       0 |      20 |       19 |      0 |    16 |    +0.1% |    0.269 |     -261.7 |        0.0 |    793 | riscv.dp.rf.rf\[30\]\[28\]$_DFFE_PP_/D
     737* |       0 |      20 |       19 |      0 |    16 |    +0.1% |    0.269 |     -261.7 |        0.0 |    793 | riscv.dp.rf.rf\[30\]\[28\]$_DFFE_PP_/D
     738* |       0 |      20 |       19 |      0 |    16 |    +0.1% |    0.269 |     -261.7 |        0.0 |    793 | riscv.dp.rf.rf\[30\]\[28\]$_DFFE_PP_/D
     739* |       0 |      20 |       19 |      0 |    16 |    +0.1% |    0.269 |     -261.7 |        0.0 |    793 | riscv.dp.rf.rf\[30\]\[28\]$_DFFE_PP_/D
     740* |       0 |      20 |       19 |      0 |    16 |    +0.1% |    0.269 |     -261.7 |        0.0 |    793 | riscv.dp.rf.rf\[30\]\[28\]$_DFFE_PP_/D
     740* |       0 |      20 |       19 |      0 |    16 |    +0.1% |    0.269 |     -261.7 |        0.0 |    793 | riscv.dp.rf.rf\[30\]\[28\]$_DFFE_PP_/D
     741* |       0 |      20 |       19 |      0 |    16 |    +0.1% |    0.269 |     -261.7 |        0.0 |    793 | riscv.dp.rf.rf\[30\]\[28\]$_DFFE_PP_/D
     742* |       0 |      20 |       19 |      0 |    16 |    +0.1% |    0.269 |     -261.7 |        0.0 |    793 | riscv.dp.rf.rf\[30\]\[28\]$_DFFE_PP_/D
     743* |       0 |      20 |       19 |      0 |    16 |    +0.1% |    0.269 |     -261.7 |        0.0 |    793 | riscv.dp.rf.rf\[30\]\[28\]$_DFFE_PP_/D
     744* |       0 |      20 |       19 |      0 |    16 |    +0.1% |    0.269 |     -261.7 |        0.0 |    793 | riscv.dp.rf.rf\[30\]\[28\]$_DFFE_PP_/D
     745* |       0 |      20 |       19 |      0 |    16 |    +0.1% |    0.269 |     -261.7 |        0.0 |    793 | riscv.dp.rf.rf\[30\]\[28\]$_DFFE_PP_/D
     746* |       0 |      20 |       19 |      0 |    16 |    +0.1% |    0.269 |     -261.7 |        0.0 |    793 | riscv.dp.rf.rf\[30\]\[28\]$_DFFE_PP_/D
     747* |       0 |      20 |       19 |      0 |    16 |    +0.1% |    0.269 |     -261.7 |        0.0 |    793 | riscv.dp.rf.rf\[30\]\[28\]$_DFFE_PP_/D
     748* |       0 |      20 |       19 |      0 |    16 |    +0.1% |    0.269 |     -261.7 |        0.0 |    793 | riscv.dp.rf.rf\[30\]\[28\]$_DFFE_PP_/D
     749* |       0 |      20 |       19 |      0 |    16 |    +0.1% |    0.269 |     -261.7 |        0.0 |    793 | riscv.dp.rf.rf\[30\]\[28\]$_DFFE_PP_/D
     750* |       0 |      20 |       19 |      0 |    16 |    +0.1% |    0.269 |     -261.7 |        0.0 |    793 | riscv.dp.rf.rf\[30\]\[28\]$_DFFE_PP_/D
     750* |       0 |      20 |       19 |      0 |    16 |    +0.1% |    0.269 |     -261.7 |        0.0 |    793 | riscv.dp.rf.rf\[30\]\[28\]$_DFFE_PP_/D
     751* |       0 |      20 |       19 |      0 |    16 |    +0.1% |    0.269 |     -261.7 |        0.0 |    793 | riscv.dp.rf.rf\[30\]\[28\]$_DFFE_PP_/D
     752* |       0 |      20 |       19 |      0 |    16 |    +0.1% |    0.269 |     -261.7 |        0.0 |    793 | riscv.dp.rf.rf\[30\]\[28\]$_DFFE_PP_/D
     753* |       0 |      20 |       19 |      0 |    16 |    +0.1% |    0.269 |     -261.7 |        0.0 |    793 | riscv.dp.rf.rf\[30\]\[28\]$_DFFE_PP_/D
     754* |       0 |      20 |       19 |      0 |    16 |    +0.1% |    0.269 |     -261.7 |        0.0 |    793 | riscv.dp.rf.rf\[30\]\[28\]$_DFFE_PP_/D
     755* |       0 |      20 |       19 |      0 |    16 |    +0.1% |    0.269 |     -261.7 |        0.0 |    793 | riscv.dp.rf.rf\[30\]\[28\]$_DFFE_PP_/D
     756* |       0 |      20 |       19 |      0 |    16 |    +0.1% |    0.269 |     -261.7 |        0.0 |    793 | riscv.dp.rf.rf\[30\]\[28\]$_DFFE_PP_/D
     757* |       0 |      20 |       19 |      0 |    16 |    +0.1% |    0.269 |     -261.7 |        0.0 |    793 | riscv.dp.rf.rf\[30\]\[28\]$_DFFE_PP_/D
     758* |       0 |      20 |       19 |      0 |    16 |    +0.1% |    0.269 |     -261.7 |        0.0 |    793 | riscv.dp.rf.rf\[30\]\[28\]$_DFFE_PP_/D
     759* |       0 |      20 |       19 |      0 |    16 |    +0.1% |    0.269 |     -261.7 |        0.0 |    793 | riscv.dp.rf.rf\[30\]\[28\]$_DFFE_PP_/D
     760* |       0 |      20 |       19 |      0 |    16 |    +0.1% |    0.269 |     -261.7 |        0.0 |    793 | riscv.dp.rf.rf\[30\]\[28\]$_DFFE_PP_/D
     760* |       0 |      20 |       19 |      0 |    16 |    +0.1% |    0.269 |     -261.7 |        0.0 |    793 | riscv.dp.rf.rf\[30\]\[28\]$_DFFE_PP_/D
     761* |       0 |      20 |       19 |      0 |    16 |    +0.1% |    0.269 |     -261.7 |        0.0 |    793 | riscv.dp.rf.rf\[30\]\[28\]$_DFFE_PP_/D
     762* |       0 |      20 |       19 |      0 |    16 |    +0.1% |    0.269 |     -261.7 |        0.0 |    793 | riscv.dp.rf.rf\[30\]\[28\]$_DFFE_PP_/D
     763* |       0 |      20 |       19 |      0 |    16 |    +0.1% |    0.269 |     -261.7 |        0.0 |    793 | riscv.dp.rf.rf\[30\]\[28\]$_DFFE_PP_/D
     764* |       0 |      20 |       19 |      0 |    16 |    +0.1% |    0.269 |     -261.7 |        0.0 |    793 | riscv.dp.rf.rf\[30\]\[28\]$_DFFE_PP_/D
     765* |       0 |      20 |       19 |      0 |    16 |    +0.1% |    0.269 |     -261.7 |        0.0 |    793 | riscv.dp.rf.rf\[30\]\[28\]$_DFFE_PP_/D
     766* |       0 |      20 |       19 |      0 |    16 |    +0.1% |    0.269 |     -261.7 |        0.0 |    793 | riscv.dp.rf.rf\[30\]\[28\]$_DFFE_PP_/D
     767* |       0 |      20 |       19 |      0 |    16 |    +0.1% |    0.269 |     -261.7 |        0.0 |    793 | riscv.dp.rf.rf\[30\]\[28\]$_DFFE_PP_/D
     768* |       0 |      20 |       19 |      0 |    16 |    +0.1% |    0.269 |     -261.7 |        0.0 |    793 | riscv.dp.rf.rf\[30\]\[28\]$_DFFE_PP_/D
     769* |       0 |      20 |       19 |      0 |    16 |    +0.1% |    0.269 |     -261.7 |        0.0 |    793 | riscv.dp.rf.rf\[30\]\[28\]$_DFFE_PP_/D
     770* |       0 |      20 |       19 |      0 |    16 |    +0.1% |    0.269 |     -261.7 |        0.0 |    793 | riscv.dp.rf.rf\[30\]\[28\]$_DFFE_PP_/D
     770* |       0 |      20 |       19 |      0 |    16 |    +0.1% |    0.269 |     -261.7 |        0.0 |    793 | riscv.dp.rf.rf\[30\]\[28\]$_DFFE_PP_/D
     771* |       0 |      20 |       19 |      0 |    16 |    +0.1% |    0.269 |     -261.7 |        0.0 |    793 | riscv.dp.rf.rf\[30\]\[28\]$_DFFE_PP_/D
     772* |       0 |      20 |       19 |      0 |    16 |    +0.1% |    0.269 |     -261.7 |        0.0 |    793 | riscv.dp.rf.rf\[30\]\[28\]$_DFFE_PP_/D
     773* |       0 |      20 |       19 |      0 |    16 |    +0.1% |    0.269 |     -261.7 |        0.0 |    793 | riscv.dp.rf.rf\[30\]\[28\]$_DFFE_PP_/D
     774* |       0 |      20 |       19 |      0 |    16 |    +0.1% |    0.269 |     -261.7 |        0.0 |    793 | riscv.dp.rf.rf\[30\]\[28\]$_DFFE_PP_/D
     775* |       0 |      20 |       19 |      0 |    16 |    +0.1% |    0.269 |     -261.7 |        0.0 |    793 | riscv.dp.rf.rf\[30\]\[28\]$_DFFE_PP_/D
     776* |       0 |      20 |       19 |      0 |    16 |    +0.1% |    0.269 |     -261.7 |        0.0 |    793 | riscv.dp.rf.rf\[30\]\[28\]$_DFFE_PP_/D
     777* |       0 |      20 |       19 |      0 |    16 |    +0.1% |    0.269 |     -261.7 |        0.0 |    793 | riscv.dp.rf.rf\[30\]\[28\]$_DFFE_PP_/D
     778* |       0 |      20 |       19 |      0 |    16 |    +0.1% |    0.269 |     -261.7 |        0.0 |    793 | riscv.dp.rf.rf\[30\]\[28\]$_DFFE_PP_/D
     779* |       0 |      20 |       19 |      0 |    16 |    +0.1% |    0.269 |     -261.7 |        0.0 |    793 | riscv.dp.rf.rf\[30\]\[28\]$_DFFE_PP_/D
     780* |       0 |      20 |       19 |      0 |    16 |    +0.1% |    0.269 |     -261.7 |        0.0 |    793 | riscv.dp.rf.rf\[30\]\[28\]$_DFFE_PP_/D
     780* |       0 |      20 |       19 |      0 |    16 |    +0.1% |    0.269 |     -261.7 |        0.0 |    793 | riscv.dp.rf.rf\[30\]\[28\]$_DFFE_PP_/D
     781* |       0 |      20 |       19 |      0 |    16 |    +0.1% |    0.269 |     -261.7 |        0.0 |    793 | riscv.dp.rf.rf\[30\]\[28\]$_DFFE_PP_/D
     782* |       0 |      20 |       19 |      0 |    16 |    +0.1% |    0.269 |     -261.7 |        0.0 |    793 | riscv.dp.rf.rf\[30\]\[28\]$_DFFE_PP_/D
     783* |       0 |      20 |       19 |      0 |    16 |    +0.1% |    0.269 |     -261.7 |        0.0 |    793 | riscv.dp.rf.rf\[30\]\[28\]$_DFFE_PP_/D
     784* |       0 |      20 |       19 |      0 |    16 |    +0.1% |    0.269 |     -261.7 |        0.0 |    793 | riscv.dp.rf.rf\[30\]\[28\]$_DFFE_PP_/D
     785* |       0 |      20 |       19 |      0 |    16 |    +0.1% |    0.269 |     -261.7 |        0.0 |    793 | riscv.dp.rf.rf\[30\]\[28\]$_DFFE_PP_/D
     786* |       0 |      20 |       19 |      0 |    16 |    +0.1% |    0.269 |     -261.7 |        0.0 |    793 | riscv.dp.rf.rf\[30\]\[28\]$_DFFE_PP_/D
     787* |       0 |      20 |       19 |      0 |    16 |    +0.1% |    0.269 |     -261.7 |        0.0 |    793 | riscv.dp.rf.rf\[30\]\[28\]$_DFFE_PP_/D
     788* |       0 |      20 |       19 |      0 |    16 |    +0.1% |    0.269 |     -261.7 |        0.0 |    793 | riscv.dp.rf.rf\[30\]\[28\]$_DFFE_PP_/D
     789* |       0 |      20 |       19 |      0 |    16 |    +0.1% |    0.269 |     -261.7 |        0.0 |    793 | riscv.dp.rf.rf\[30\]\[28\]$_DFFE_PP_/D
     790* |       0 |      20 |       19 |      0 |    16 |    +0.1% |    0.269 |     -261.7 |        0.0 |    793 | riscv.dp.rf.rf\[30\]\[28\]$_DFFE_PP_/D
     790* |       0 |      20 |       19 |      0 |    16 |    +0.1% |    0.269 |     -261.7 |        0.0 |    793 | riscv.dp.rf.rf\[30\]\[28\]$_DFFE_PP_/D
     791* |       0 |      20 |       19 |      0 |    16 |    +0.1% |    0.269 |     -261.7 |        0.0 |    793 | riscv.dp.rf.rf\[30\]\[28\]$_DFFE_PP_/D
     792* |       0 |      20 |       19 |      0 |    16 |    +0.1% |    0.269 |     -261.7 |        0.0 |    793 | riscv.dp.rf.rf\[30\]\[28\]$_DFFE_PP_/D
     793* |       0 |      20 |       19 |      0 |    16 |    +0.1% |    0.269 |     -261.7 |        0.0 |    793 | riscv.dp.rf.rf\[30\]\[28\]$_DFFE_PP_/D
     794* |       0 |      20 |       19 |      0 |    16 |    +0.1% |    0.269 |     -261.7 |        0.0 |    793 | riscv.dp.rf.rf\[30\]\[28\]$_DFFE_PP_/D
     795* |       0 |      20 |       19 |      0 |    16 |    +0.1% |    0.269 |     -261.7 |        0.0 |    793 | riscv.dp.rf.rf\[30\]\[28\]$_DFFE_PP_/D
     796* |       0 |      20 |       19 |      0 |    16 |    +0.1% |    0.269 |     -261.7 |        0.0 |    793 | riscv.dp.rf.rf\[30\]\[28\]$_DFFE_PP_/D
     797* |       0 |      20 |       19 |      0 |    16 |    +0.1% |    0.269 |     -261.7 |        0.0 |    793 | riscv.dp.rf.rf\[30\]\[28\]$_DFFE_PP_/D
     798* |       0 |      20 |       19 |      0 |    16 |    +0.1% |    0.269 |     -261.7 |        0.0 |    793 | riscv.dp.rf.rf\[30\]\[28\]$_DFFE_PP_/D
     799* |       0 |      20 |       19 |      0 |    16 |    +0.1% |    0.269 |     -261.7 |        0.0 |    793 | riscv.dp.rf.rf\[30\]\[28\]$_DFFE_PP_/D
     800* |       0 |      20 |       19 |      0 |    16 |    +0.1% |    0.269 |     -261.7 |        0.0 |    793 | riscv.dp.rf.rf\[30\]\[28\]$_DFFE_PP_/D
     800* |       0 |      20 |       19 |      0 |    16 |    +0.1% |    0.269 |     -261.7 |        0.0 |    793 | riscv.dp.rf.rf\[30\]\[28\]$_DFFE_PP_/D
     801* |       0 |      20 |       19 |      0 |    16 |    +0.1% |    0.269 |     -261.7 |        0.0 |    793 | riscv.dp.rf.rf\[30\]\[28\]$_DFFE_PP_/D
     802* |       0 |      20 |       19 |      0 |    16 |    +0.1% |    0.269 |     -261.7 |        0.0 |    793 | riscv.dp.rf.rf\[30\]\[28\]$_DFFE_PP_/D
     803* |       0 |      20 |       19 |      0 |    16 |    +0.1% |    0.269 |     -261.7 |        0.0 |    793 | riscv.dp.rf.rf\[30\]\[28\]$_DFFE_PP_/D
     804* |       0 |      20 |       19 |      0 |    16 |    +0.1% |    0.269 |     -261.7 |        0.0 |    793 | riscv.dp.rf.rf\[30\]\[28\]$_DFFE_PP_/D
     805* |       0 |      20 |       19 |      0 |    16 |    +0.1% |    0.269 |     -261.7 |        0.0 |    793 | riscv.dp.rf.rf\[30\]\[28\]$_DFFE_PP_/D
     806* |       0 |      20 |       19 |      0 |    16 |    +0.1% |    0.269 |     -261.7 |        0.0 |    793 | riscv.dp.rf.rf\[30\]\[28\]$_DFFE_PP_/D
     807* |       0 |      20 |       19 |      0 |    16 |    +0.1% |    0.269 |     -261.7 |        0.0 |    793 | riscv.dp.rf.rf\[30\]\[28\]$_DFFE_PP_/D
     808* |       0 |      20 |       19 |      0 |    16 |    +0.1% |    0.269 |     -261.7 |        0.0 |    793 | riscv.dp.rf.rf\[30\]\[28\]$_DFFE_PP_/D
     809* |       0 |      20 |       19 |      0 |    16 |    +0.1% |    0.269 |     -261.7 |        0.0 |    793 | riscv.dp.rf.rf\[30\]\[28\]$_DFFE_PP_/D
     810* |       0 |      20 |       19 |      0 |    16 |    +0.1% |    0.269 |     -261.7 |        0.0 |    793 | riscv.dp.rf.rf\[30\]\[28\]$_DFFE_PP_/D
     810* |       0 |      20 |       19 |      0 |    16 |    +0.1% |    0.269 |     -261.7 |        0.0 |    793 | riscv.dp.rf.rf\[30\]\[28\]$_DFFE_PP_/D
     811* |       0 |      20 |       19 |      0 |    16 |    +0.1% |    0.269 |     -261.7 |        0.0 |    793 | riscv.dp.rf.rf\[30\]\[28\]$_DFFE_PP_/D
     812* |       0 |      20 |       19 |      0 |    16 |    +0.1% |    0.269 |     -261.7 |        0.0 |    793 | riscv.dp.rf.rf\[30\]\[28\]$_DFFE_PP_/D
     813* |       0 |      20 |       19 |      0 |    16 |    +0.1% |    0.269 |     -261.7 |        0.0 |    793 | riscv.dp.rf.rf\[30\]\[28\]$_DFFE_PP_/D
     814* |       0 |      20 |       19 |      0 |    16 |    +0.1% |    0.269 |     -261.7 |        0.0 |    793 | riscv.dp.rf.rf\[30\]\[28\]$_DFFE_PP_/D
     815* |       0 |      20 |       19 |      0 |    16 |    +0.1% |    0.269 |     -261.7 |        0.0 |    793 | riscv.dp.rf.rf\[30\]\[28\]$_DFFE_PP_/D
     816* |       0 |      20 |       19 |      0 |    16 |    +0.1% |    0.269 |     -261.7 |        0.0 |    793 | riscv.dp.rf.rf\[30\]\[28\]$_DFFE_PP_/D
     817* |       0 |      20 |       19 |      0 |    16 |    +0.1% |    0.269 |     -261.7 |        0.0 |    793 | riscv.dp.rf.rf\[30\]\[28\]$_DFFE_PP_/D
     818* |       0 |      20 |       19 |      0 |    16 |    +0.1% |    0.269 |     -261.7 |        0.0 |    793 | riscv.dp.rf.rf\[30\]\[28\]$_DFFE_PP_/D
     819* |       0 |      20 |       19 |      0 |    16 |    +0.1% |    0.269 |     -261.7 |        0.0 |    793 | riscv.dp.rf.rf\[30\]\[28\]$_DFFE_PP_/D
     820* |       0 |      20 |       19 |      0 |    16 |    +0.1% |    0.269 |     -261.7 |        0.0 |    793 | riscv.dp.rf.rf\[30\]\[28\]$_DFFE_PP_/D
     820* |       0 |      20 |       19 |      0 |    16 |    +0.1% |    0.269 |     -261.7 |        0.0 |    793 | riscv.dp.rf.rf\[30\]\[28\]$_DFFE_PP_/D
     821* |       0 |      20 |       19 |      0 |    16 |    +0.1% |    0.269 |     -261.7 |        0.0 |    793 | riscv.dp.rf.rf\[30\]\[28\]$_DFFE_PP_/D
     822* |       0 |      20 |       19 |      0 |    16 |    +0.1% |    0.269 |     -261.7 |        0.0 |    793 | riscv.dp.rf.rf\[30\]\[28\]$_DFFE_PP_/D
     823* |       0 |      20 |       19 |      0 |    16 |    +0.1% |    0.269 |     -261.7 |        0.0 |    793 | riscv.dp.rf.rf\[30\]\[28\]$_DFFE_PP_/D
     824* |       0 |      20 |       19 |      0 |    16 |    +0.1% |    0.269 |     -261.7 |        0.0 |    793 | riscv.dp.rf.rf\[30\]\[28\]$_DFFE_PP_/D
     825* |       0 |      20 |       19 |      0 |    16 |    +0.1% |    0.269 |     -261.7 |        0.0 |    793 | riscv.dp.rf.rf\[30\]\[28\]$_DFFE_PP_/D
     826* |       0 |      20 |       19 |      0 |    16 |    +0.1% |    0.269 |     -261.7 |        0.0 |    793 | riscv.dp.rf.rf\[30\]\[28\]$_DFFE_PP_/D
     827* |       0 |      20 |       19 |      0 |    16 |    +0.1% |    0.269 |     -261.7 |        0.0 |    793 | riscv.dp.rf.rf\[30\]\[28\]$_DFFE_PP_/D
     828* |       0 |      20 |       19 |      0 |    16 |    +0.1% |    0.269 |     -261.7 |        0.0 |    793 | riscv.dp.rf.rf\[30\]\[28\]$_DFFE_PP_/D
     829* |       0 |      20 |       19 |      0 |    16 |    +0.1% |    0.269 |     -261.7 |        0.0 |    793 | riscv.dp.rf.rf\[30\]\[28\]$_DFFE_PP_/D
     830* |       0 |      20 |       19 |      0 |    16 |    +0.1% |    0.269 |     -261.7 |        0.0 |    793 | riscv.dp.rf.rf\[30\]\[28\]$_DFFE_PP_/D
     830* |       0 |      20 |       19 |      0 |    16 |    +0.1% |    0.269 |     -261.7 |        0.0 |    793 | riscv.dp.rf.rf\[30\]\[28\]$_DFFE_PP_/D
     831* |       0 |      20 |       19 |      0 |    16 |    +0.1% |    0.269 |     -261.7 |        0.0 |    793 | riscv.dp.rf.rf\[30\]\[28\]$_DFFE_PP_/D
     832* |       0 |      20 |       19 |      0 |    16 |    +0.1% |    0.269 |     -261.7 |        0.0 |    793 | riscv.dp.rf.rf\[30\]\[28\]$_DFFE_PP_/D
     833* |       0 |      20 |       19 |      0 |    16 |    +0.1% |    0.269 |     -261.7 |        0.0 |    793 | riscv.dp.rf.rf\[30\]\[28\]$_DFFE_PP_/D
     834* |       0 |      20 |       19 |      0 |    16 |    +0.1% |    0.269 |     -261.7 |        0.0 |    793 | riscv.dp.rf.rf\[30\]\[28\]$_DFFE_PP_/D
     835* |       0 |      20 |       19 |      0 |    16 |    +0.1% |    0.269 |     -261.7 |        0.0 |    793 | riscv.dp.rf.rf\[30\]\[28\]$_DFFE_PP_/D
     836* |       0 |      20 |       19 |      0 |    16 |    +0.1% |    0.269 |     -261.7 |        0.0 |    793 | riscv.dp.rf.rf\[30\]\[28\]$_DFFE_PP_/D
     837* |       0 |      20 |       19 |      0 |    16 |    +0.1% |    0.269 |     -261.7 |        0.0 |    793 | riscv.dp.rf.rf\[30\]\[28\]$_DFFE_PP_/D
     838* |       0 |      20 |       19 |      0 |    16 |    +0.1% |    0.269 |     -261.7 |        0.0 |    793 | riscv.dp.rf.rf\[30\]\[28\]$_DFFE_PP_/D
     839* |       0 |      20 |       19 |      0 |    16 |    +0.1% |    0.269 |     -261.7 |        0.0 |    793 | riscv.dp.rf.rf\[30\]\[28\]$_DFFE_PP_/D
     840* |       0 |      20 |       19 |      0 |    16 |    +0.1% |    0.269 |     -261.7 |        0.0 |    793 | riscv.dp.rf.rf\[30\]\[28\]$_DFFE_PP_/D
     840* |       0 |      20 |       19 |      0 |    16 |    +0.1% |    0.269 |     -261.7 |        0.0 |    793 | riscv.dp.rf.rf\[30\]\[28\]$_DFFE_PP_/D
     841* |       0 |      20 |       19 |      0 |    16 |    +0.1% |    0.269 |     -261.7 |        0.0 |    793 | riscv.dp.rf.rf\[30\]\[28\]$_DFFE_PP_/D
     842* |       0 |      20 |       19 |      0 |    16 |    +0.1% |    0.269 |     -261.7 |        0.0 |    793 | riscv.dp.rf.rf\[30\]\[28\]$_DFFE_PP_/D
     843* |       0 |      20 |       19 |      0 |    16 |    +0.1% |    0.269 |     -261.7 |        0.0 |    793 | riscv.dp.rf.rf\[30\]\[28\]$_DFFE_PP_/D
     844* |       0 |      20 |       19 |      0 |    16 |    +0.1% |    0.269 |     -261.7 |        0.0 |    793 | riscv.dp.rf.rf\[30\]\[28\]$_DFFE_PP_/D
     844* |       0 |      20 |       19 |      0 |    16 |    +0.1% |    0.269 |     -261.7 |        0.0 |    793 | riscv.dp.rf.rf\[30\]\[28\]$_DFFE_PP_/D
    final |       0 |      20 |       19 |      0 |    16 |    +0.1% |    0.269 |     -261.7 |        0.0 |      0 | riscv.dp.rf.rf\[30\]\[28\]$_DFFE_PP_/D
------------------------------------------------------------------------------------------------------------------------------
[INFO RSZ-0040] Inserted 19 buffers.
[INFO RSZ-0051] Resized 20 instances: 20 up, 0 up match, 0 down, 0 VT
[INFO RSZ-0043] Swapped pins on 16 instances.
[INFO RSZ-0505] Runtime: 12.33s
[INFO RSZ-0033] No hold violations found.
[INFO RSZ-0506] Runtime: 0.05s
Took 12 seconds: repair_timing -setup_margin 0 -hold_margin 0 -repair_tns 100 -verbose
global_route -start_incremental
detailed_placement
[INFO DPL-0006] Core area: 3045.70 um^2
[INFO DPL-0007] Movable instances area: 1285.24 um^2
[INFO DPL-0008] Fixed instances area within core: 766.34 um^2
[INFO DPL-0009] Utilization: 67.4%
[INFO DPL-0005] Diamond search max displacement: +/- 500 sites horizontally, +/- 100 rows vertically.
[INFO DPL-1102] Legalizing using negotiation legalizer.
[INFO DPL-1103] Negotiation base search window: +/-20 sites horizontally, +/-5 rows vertically 
	Automatic search window extension enabled.
	Search window extendable up to the max displacement cap of +/-500 sites, +/-100 rows near walls.
[INFO DPL-1104] NegotiationLegalizer DRC penalty: 5.
[INFO DPL-0392] Negotiation cell height distribution (2 unique row-count(s)):
[INFO DPL-0393]   height 1 row(s): 10319 cells
[INFO DPL-0393]   height 121 row(s): 4 cells
          |      Total |  Illegal |  Illegal
Iteration | Violations |    Cells |    Sites
---------------------------------------------
        0 |         90 |        20 |        70
        1 |          8 |         2 |         6
        2 |         31 |         3 |        28
        3 |         15 |         3 |        12
        4 |         32 |         2 |        30
        5 |         32 |         2 |        30
        6 |         24 |         2 |        22
        7 |         32 |         2 |        30
        8 |         15 |         3 |        12
        9 |          0 |         0 |         0
Negotiation phase 1 converged at iteration 9.
[INFO DPL-0500] Runtime: 0.11s
Placement Analysis
---------------------------------
total displacement         28.2 u
average displacement        0.0 u
max displacement            2.0 u
original HPWL           44589.1 u
legalized HPWL          44620.0 u
delta HPWL                    0 %

check_placement -verbose
global_route -end_incremental -resistance_aware -congestion_report_file /tmp/workspace/scripts-Private_test-fr_cugr_cmp-1-/reports/asap7/riscv32i-mock-sram/base/congestion_post_repair_timing.rpt
estimate_parasitics -global_routing
repair_timing -setup -sequence "vt_swap reroute" -skip_last_gasp -repair_tns 0 -verbose
[INFO RSZ-0100] Repair move sequence: RerouteMove 
[INFO RSZ-0094] Found 2 endpoints with setup violations.
[INFO RSZ-0099] Repairing 1 out of 2 (0.00%) violating endpoints...
   Iter   | Removed | Resized | Inserted | Cloned |  Pin  |   Area   |    WNS   |   StTNS    |   EnTNS    |  Viol  |  Worst  
          | Buffers |  Gates  | Buffers  |  Gates | Swaps |          |          |            |            | Endpts | St/EnPt 
------------------------------------------------------------------------------------------------------------------------------
       0* |       0 |       0 |        0 |      0 |     0 |    +0.0% |   -0.456 |     -262.2 |       -0.9 |      2 | riscv.dp.rf.rf\[31\]\[30\]$_DFFE_PP_/D
       1* |       0 |       0 |        0 |      0 |     0 |    +0.0% |   -0.456 |     -262.2 |       -0.9 |      2 | riscv.dp.rf.rf\[31\]\[30\]$_DFFE_PP_/D
       1* |       0 |       0 |        0 |      0 |     0 |    +0.0% |   -0.456 |     -262.2 |       -0.9 |      2 | riscv.dp.rf.rf\[31\]\[30\]$_DFFE_PP_/D
    final |       0 |       0 |        0 |      0 |     0 |    +0.0% |   -0.456 |     -262.2 |       -0.9 |      2 | riscv.dp.rf.rf\[31\]\[30\]$_DFFE_PP_/D
------------------------------------------------------------------------------------------------------------------------------
[WARNING RSZ-0062] Unable to repair all setup violations.
[INFO RSZ-0505] Runtime: 0.50s
Repair antennas...
[WARNING GRT-0246] No diode with LEF class CORE ANTENNACELL found.
[INFO ANT-0002] Found 0 net violations.
[INFO ANT-0001] Found 0 pin violations.
Estimate parasitics...
estimate_parasitics -global_routing
Report metrics stage 5, global route...

==========================================================================
global route report_design_area
--------------------------------------------------------------------------
Design area 2052 um^2 67% utilization.
[INFO FLW-0007] clock clk period 950.000000
[WARNING FLW-0010] more than one clock found. Skipping sdc update.
[INFO FLW-0011] Path endpoint path count 1452
write_db /tmp/workspace/scripts-Private_test-fr_cugr_cmp-1-/results/asap7/riscv32i-mock-sram/base/5_1_grt.odb
write_sdc -no_timestamp /tmp/workspace/scripts-Private_test-fr_cugr_cmp-1-/results/asap7/riscv32i-mock-sram/base/5_1_grt.sdc
Elapsed time: 0:37.98[h:]min:sec. CPU time: user 307.42 sys 20.04 (862%). Peak memory: 563272KB.
Log                       Ext     Elapsed/s Peak Memory/MB sha1sum result [0:20)
5_1_grt                   .odb           37            550 438b406db7d08ff49eb8
5_1_grt                   .sdc                             fb0d48b252bcbfa8474b
/OpenROAD-flow-scripts/flow/scripts/flow.sh 5_2_route detail_route
Running detail_route.tcl, stage 5_2_route
source ./platforms/asap7/liberty_suppressions.tcl
read_liberty ./platforms/asap7/lib/NLDM/asap7sc7p5t_AO_RVT_FF_nldm_211120.lib.gz
read_liberty ./platforms/asap7/lib/NLDM/asap7sc7p5t_INVBUF_RVT_FF_nldm_220122.lib.gz
read_liberty ./platforms/asap7/lib/NLDM/asap7sc7p5t_OA_RVT_FF_nldm_211120.lib.gz
read_liberty ./platforms/asap7/lib/NLDM/asap7sc7p5t_SIMPLE_RVT_FF_nldm_211120.lib.gz
read_liberty ./platforms/asap7/lib/NLDM/asap7sc7p5t_SEQ_RVT_FF_nldm_220123.lib
read_liberty /tmp/workspace/scripts-Private_test-fr_cugr_cmp-1-/results/asap7/riscv32i-mock-sram_fakeram7_256x32/base/fakeram7_256x32_typ.lib
read_db -hier /tmp/workspace/scripts-Private_test-fr_cugr_cmp-1-/results/asap7/riscv32i-mock-sram/base/5_1_grt.odb
[WARNING ORD-0012] Hierarchical flow (-hier) is currently in development and may cause multiple issues. Do not use in production environments.
read_sdc /tmp/workspace/scripts-Private_test-fr_cugr_cmp-1-/results/asap7/riscv32i-mock-sram/base/5_1_grt.sdc
source ./platforms/asap7/setRC.tcl
[WARNING STA-0450] virtual clock vclk_clk can not be propagated.
detailed_route -output_drc /tmp/workspace/scripts-Private_test-fr_cugr_cmp-1-/reports/asap7/riscv32i-mock-sram/base/5_route_drc.rpt -output_maze /tmp/workspace/scripts-Private_test-fr_cugr_cmp-1-/results/asap7/riscv32i-mock-sram/base/maze.log -droute_end_iter 64 -verbose 1 -drc_report_iter_step 5
[INFO DRT-0149] Reading tech and libs.

Units:                1000
Number of layers:     21
Number of macros:     213
Number of vias:       21
Number of viarulegen: 11

[INFO DRT-0150] Reading design.

Design:                   riscv_top
Die area:                 ( 0 0 ) ( 65343 65343 )
Number of track patterns: 32
Number of DEF vias:       0
Number of components:     10323
Number of terminals:      137
Number of snets:          2
Number of nets:           10178

[INFO DRT-0167] List of default vias:
  Layer V2
    default via: VIA23
  Layer V3
    default via: VIA34
  Layer V4
    default via: VIA45
  Layer V5
    default via: VIA56
  Layer V6
    default via: VIA67
  Layer V7
    default via: VIA78
  Layer V8
    default via: VIA89
  Layer V9
    default via: VIA9Pad
[INFO DRT-0162] Library cell analysis.
[INFO DRT-0163] Instance analysis.
[INFO DRT-0164] Number of unique instances = 241.
[INFO DRT-0168] Init region query.
[INFO DRT-0024]   Complete Active.
[INFO DRT-0024]   Complete V0.
[INFO DRT-0024]   Complete M1.
[INFO DRT-0024]   Complete V1.
[INFO DRT-0024]   Complete M2.
[INFO DRT-0024]   Complete V2.
[INFO DRT-0024]   Complete M3.
[INFO DRT-0024]   Complete V3.
[INFO DRT-0024]   Complete M4.
[INFO DRT-0024]   Complete V4.
[INFO DRT-0024]   Complete M5.
[INFO DRT-0024]   Complete V5.
[INFO DRT-0024]   Complete M6.
[INFO DRT-0024]   Complete V6.
[INFO DRT-0024]   Complete M7.
[INFO DRT-0024]   Complete V7.
[INFO DRT-0024]   Complete M8.
[INFO DRT-0024]   Complete V8.
[INFO DRT-0024]   Complete M9.
[INFO DRT-0024]   Complete V9.
[INFO DRT-0024]   Complete Pad.
[INFO DRT-0033] Active shape region query size = 0.
[INFO DRT-0033] V0 shape region query size = 0.
[INFO DRT-0033] M1 shape region query size = 179354.
[INFO DRT-0033] V1 shape region query size = 192428.
[INFO DRT-0033] M2 shape region query size = 6835.
[INFO DRT-0033] V2 shape region query size = 8847.
[INFO DRT-0033] M3 shape region query size = 8851.
[INFO DRT-0033] V3 shape region query size = 5898.
[INFO DRT-0033] M4 shape region query size = 6202.
[INFO DRT-0033] V4 shape region query size = 5898.
[INFO DRT-0033] M5 shape region query size = 3879.
[INFO DRT-0033] V5 shape region query size = 3098.
[INFO DRT-0033] M6 shape region query size = 757.
[INFO DRT-0033] V6 shape region query size = 0.
[INFO DRT-0033] M7 shape region query size = 0.
[INFO DRT-0033] V7 shape region query size = 0.
[INFO DRT-0033] M8 shape region query size = 0.
[INFO DRT-0033] V8 shape region query size = 0.
[INFO DRT-0033] M9 shape region query size = 0.
[INFO DRT-0033] V9 shape region query size = 0.
[INFO DRT-0033] Pad shape region query size = 0.
[INFO DRT-0165] Start pin access.
[INFO DRT-0076]   Complete 1000 pins.
[INFO DRT-0078]   Complete 1708 pins.
[INFO DRT-0079]   Complete 100 unique inst patterns.
[INFO DRT-0079]   Complete 200 unique inst patterns.
[INFO DRT-0081]   Complete 235 unique inst patterns.
[INFO DRT-0084]   Complete 5845 groups.
#scanned instances     = 10323
#unique  instances     = 239
#stdCellGenAp          = 6755
#stdCellValidPlanarAp  = 66
#stdCellValidViaAp     = 5665
#stdCellPinNoAp        = 0
#stdCellPinCnt         = 35861
#instTermValidViaApCnt = 0
#macroGenAp            = 1050
#macroValidPlanarAp    = 1050
#macroValidViaAp       = 0
#macroNoAp             = 0
[INFO DRT-0166] Complete pin access.
[INFO DRT-0267] cpu time = 00:03:26, elapsed time = 00:00:07, memory = 418.68 (MB), peak = 413.78 (MB)
[INFO DRT-0156] guideIn read 100000 guides.

[INFO DRT-0157] Number of guides:     110375

[INFO DRT-0169] Post process guides.
[INFO DRT-0176] GCELLGRID X 0 DO 114 STEP 570 ;
[INFO DRT-0177] GCELLGRID Y 0 DO 114 STEP 570 ;
[INFO DRT-0026]   Complete 100000 origin guides.
[INFO DRT-0028]   Complete Active.
[INFO DRT-0028]   Complete V0.
[INFO DRT-0028]   Complete M1.
[INFO DRT-0028]   Complete V1.
[INFO DRT-0028]   Complete M2.
[INFO DRT-0028]   Complete V2.
[INFO DRT-0028]   Complete M3.
[INFO DRT-0028]   Complete V3.
[INFO DRT-0028]   Complete M4.
[INFO DRT-0028]   Complete V4.
[INFO DRT-0028]   Complete M5.
[INFO DRT-0028]   Complete V5.
[INFO DRT-0028]   Complete M6.
[INFO DRT-0028]   Complete V6.
[INFO DRT-0028]   Complete M7.
[INFO DRT-0028]   Complete V7.
[INFO DRT-0028]   Complete M8.
[INFO DRT-0028]   Complete V8.
[INFO DRT-0028]   Complete M9.
[INFO DRT-0028]   Complete V9.
[INFO DRT-0028]   Complete Pad.
[INFO DRT-0178] Init guide query.
[INFO DRT-0035]   Complete Active (guide).
[INFO DRT-0035]   Complete V0 (guide).
[INFO DRT-0035]   Complete M1 (guide).
[INFO DRT-0035]   Complete V1 (guide).
[INFO DRT-0035]   Complete M2 (guide).
[INFO DRT-0035]   Complete V2 (guide).
[INFO DRT-0035]   Complete M3 (guide).
[INFO DRT-0035]   Complete V3 (guide).
[INFO DRT-0035]   Complete M4 (guide).
[INFO DRT-0035]   Complete V4 (guide).
[INFO DRT-0035]   Complete M5 (guide).
[INFO DRT-0035]   Complete V5 (guide).
[INFO DRT-0035]   Complete M6 (guide).
[INFO DRT-0035]   Complete V6 (guide).
[INFO DRT-0035]   Complete M7 (guide).
[INFO DRT-0035]   Complete V7 (guide).
[INFO DRT-0035]   Complete M8 (guide).
[INFO DRT-0035]   Complete V8 (guide).
[INFO DRT-0035]   Complete M9 (guide).
[INFO DRT-0035]   Complete V9 (guide).
[INFO DRT-0035]   Complete Pad (guide).
[INFO DRT-0036] Active guide region query size = 0.
[INFO DRT-0036] V0 guide region query size = 0.
[INFO DRT-0036] M1 guide region query size = 31358.
[INFO DRT-0036] V1 guide region query size = 0.
[INFO DRT-0036] M2 guide region query size = 28898.
[INFO DRT-0036] V2 guide region query size = 0.
[INFO DRT-0036] M3 guide region query size = 17150.
[INFO DRT-0036] V3 guide region query size = 0.
[INFO DRT-0036] M4 guide region query size = 4891.
[INFO DRT-0036] V4 guide region query size = 0.
[INFO DRT-0036] M5 guide region query size = 3698.
[INFO DRT-0036] V5 guide region query size = 0.
[INFO DRT-0036] M6 guide region query size = 2779.
[INFO DRT-0036] V6 guide region query size = 0.
[INFO DRT-0036] M7 guide region query size = 1278.
[INFO DRT-0036] V7 guide region query size = 0.
[INFO DRT-0036] M8 guide region query size = 0.
[INFO DRT-0036] V8 guide region query size = 0.
[INFO DRT-0036] M9 guide region query size = 0.
[INFO DRT-0036] V9 guide region query size = 0.
[INFO DRT-0036] Pad guide region query size = 0.
[INFO DRT-0179] Init gr pin query.
[INFO DRT-0267] cpu time = 00:00:00, elapsed time = 00:00:00, memory = 450.45 (MB), peak = 445.65 (MB)
[INFO DRT-0245] skipped writing guide updates to database.
[INFO DRT-0181] Start track assignment.
[INFO DRT-0184] Done with 53484 vertical wires in 3 frboxes and 36568 horizontal wires in 3 frboxes.
[INFO DRT-0186] Done with 7878 vertical wires in 3 frboxes and 10093 horizontal wires in 3 frboxes.
[INFO DRT-0182] Complete track assignment.
[INFO DRT-0267] cpu time = 00:00:05, elapsed time = 00:00:03, memory = 680.18 (MB), peak = 704.47 (MB)
[INFO DRT-0187] Start routing data preparation.
[INFO DRT-0267] cpu time = 00:00:00, elapsed time = 00:00:00, memory = 680.25 (MB), peak = 704.47 (MB)
[INFO DRT-0194] Start detail routing.
[INFO DRT-0195] Start 0th optimization iteration.
    Completing 10% with 0 violations.
    elapsed time = 00:00:00, memory = 1941.00 (MB).
    Completing 20% with 0 violations.
    elapsed time = 00:00:01, memory = 2199.95 (MB).
    Completing 30% with 836 violations.
    elapsed time = 00:00:05, memory = 1410.34 (MB).
    Completing 40% with 836 violations.
    elapsed time = 00:00:06, memory = 2719.22 (MB).
    Completing 50% with 836 violations.
    elapsed time = 00:00:09, memory = 1919.54 (MB).
    Completing 60% with 1765 violations.
    elapsed time = 00:00:12, memory = 2937.34 (MB).
    Completing 70% with 1765 violations.
    elapsed time = 00:00:13, memory = 2901.60 (MB).
    Completing 80% with 2534 violations.
    elapsed time = 00:00:18, memory = 3124.25 (MB).
    Completing 90% with 2534 violations.
    elapsed time = 00:00:20, memory = 3363.26 (MB).
    Completing 100% with 3371 violations.
    elapsed time = 00:00:27, memory = 1837.89 (MB).
[INFO DRT-0199]   Number of violations = 4264.
Viol/Layer          M1     M2     V2     M3     V3     M4     V4     M5     V5     M6     V6     M7
CutSpcTbl            0      0      0      0     28      0     16      0     20      0     14      0
EOL                  0    241      0     44      0     28      0      4      0      0      0      0
Metal Spacing      182    101      0    436      0     19      0     12      0      8      0      1
Recheck              0    326      0    254      0    151      0     95      0     57      0     10
Short                7    255      4     36      2     20      3     18      6     51      1      2
eolKeepOut           0   1542      0    136      0    107      0     24      0      3      0      0
[INFO DRT-0267] cpu time = 00:07:26, elapsed time = 00:00:28, memory = 2329.26 (MB), peak = 3443.44 (MB)
Total wire length = 59278 um.
Total wire length on LAYER M1 = 0 um.
Total wire length on LAYER M2 = 12275 um.
Total wire length on LAYER M3 = 21433 um.
Total wire length on LAYER M4 = 10939 um.
Total wire length on LAYER M5 = 5864 um.
Total wire length on LAYER M6 = 5058 um.
Total wire length on LAYER M7 = 3707 um.
Total wire length on LAYER M8 = 0 um.
Total wire length on LAYER M9 = 0 um.
Total wire length on LAYER Pad = 0 um.
Total number of vias = 125725.
Up-via summary (total 125725):

-----------------
 Active         0
     M1     35695
     M2     61086
     M3     18482
     M4      5479
     M5      2915
     M6      2068
     M7         0
     M8         0
     M9         0
-----------------
       125725


[INFO DRT-0195] Start 1st optimization iteration.
    Completing 10% with 4264 violations.
    elapsed time = 00:00:00, memory = 3727.10 (MB).
    Completing 20% with 4264 violations.
    elapsed time = 00:00:02, memory = 3784.32 (MB).
    Completing 30% with 3184 violations.
    elapsed time = 00:00:07, memory = 2438.89 (MB).
    Completing 40% with 3184 violations.
    elapsed time = 00:00:08, memory = 4067.95 (MB).
    Completing 50% with 3184 violations.
    elapsed time = 00:00:11, memory = 3023.62 (MB).
    Completing 60% with 2379 violations.
    elapsed time = 00:00:14, memory = 3825.23 (MB).
    Completing 70% with 2379 violations.
    elapsed time = 00:00:16, memory = 3810.66 (MB).
    Completing 80% with 1448 violations.
    elapsed time = 00:00:20, memory = 3872.27 (MB).
    Completing 90% with 1448 violations.
    elapsed time = 00:00:21, memory = 4100.39 (MB).
    Completing 100% with 783 violations.
    elapsed time = 00:00:26, memory = 2537.27 (MB).
[INFO DRT-0199]   Number of violations = 783.
Viol/Layer          M1     M2     V2     M3     V3     M4     V4     V5     M6     V6     M7
CutSpcTbl            0      0      0      0     10      0      5      3      0      6      0
EOL                  0     54      0      7      0      9      0      0      0      0      0
Metal Spacing       78     12      0    212      0      6      0      0      1      0      1
Short                1     41      1      3      0     10      0      0      0      0      0
eolKeepOut           0    255      0     30      0     38      0      0      0      0      0
[INFO DRT-0267] cpu time = 00:07:11, elapsed time = 00:00:26, memory = 2540.27 (MB), peak = 4224.45 (MB)
Total wire length = 58764 um.
Total wire length on LAYER M1 = 0 um.
Total wire length on LAYER M2 = 11871 um.
Total wire length on LAYER M3 = 21348 um.
Total wire length on LAYER M4 = 11081 um.
Total wire length on LAYER M5 = 5878 um.
Total wire length on LAYER M6 = 5050 um.
Total wire length on LAYER M7 = 3534 um.
Total wire length on LAYER M8 = 0 um.
Total wire length on LAYER M9 = 0 um.
Total wire length on LAYER Pad = 0 um.
Total number of vias = 119440.
Up-via summary (total 119440):

-----------------
 Active         0
     M1     35682
     M2     57442
     M3     16722
     M4      5223
     M5      2669
     M6      1702
     M7         0
     M8         0
     M9         0
-----------------
       119440


[INFO DRT-0195] Start 2nd optimization iteration.
    Completing 10% with 783 violations.
    elapsed time = 00:00:00, memory = 2540.27 (MB).
    Completing 20% with 783 violations.
    elapsed time = 00:00:02, memory = 3896.22 (MB).
    Completing 30% with 759 violations.
    elapsed time = 00:00:05, memory = 2545.90 (MB).
    Completing 40% with 759 violations.
    elapsed time = 00:00:06, memory = 4181.21 (MB).
    Completing 50% with 759 violations.
    elapsed time = 00:00:09, memory = 2994.72 (MB).
    Completing 60% with 767 violations.
    elapsed time = 00:00:12, memory = 2545.92 (MB).
    Completing 70% with 767 violations.
    elapsed time = 00:00:14, memory = 3824.69 (MB).
    Completing 80% with 756 violations.
    elapsed time = 00:00:17, memory = 2550.78 (MB).
    Completing 90% with 756 violations.
    elapsed time = 00:00:17, memory = 2631.61 (MB).
    Completing 100% with 754 violations.
    elapsed time = 00:00:23, memory = 2554.58 (MB).
[INFO DRT-0199]   Number of violations = 754.
Viol/Layer          M1     M2     V2     M3     V3     M4     V4     V6
CutSpcTbl            0      0      0      0      6      0      4      2
EOL                  0     62      0     10      0      5      0      0
Metal Spacing       73     18      0    193      0      1      0      0
Short                0     38      1      2      0      6      0      0
eolKeepOut           0    288      0     30      0     15      0      0
[INFO DRT-0267] cpu time = 00:05:54, elapsed time = 00:00:23, memory = 2560.58 (MB), peak = 4242.80 (MB)
Total wire length = 58627 um.
Total wire length on LAYER M1 = 0 um.
Total wire length on LAYER M2 = 11833 um.
Total wire length on LAYER M3 = 21376 um.
Total wire length on LAYER M4 = 11029 um.
Total wire length on LAYER M5 = 5856 um.
Total wire length on LAYER M6 = 5049 um.
Total wire length on LAYER M7 = 3482 um.
Total wire length on LAYER M8 = 0 um.
Total wire length on LAYER M9 = 0 um.
Total wire length on LAYER Pad = 0 um.
Total number of vias = 117938.
Up-via summary (total 117938):

-----------------
 Active         0
     M1     35682
     M2     56416
     M3     16380
     M4      5197
     M5      2608
     M6      1655
     M7         0
     M8         0
     M9         0
-----------------
       117938


[INFO DRT-0195] Start 3rd optimization iteration.
    Completing 10% with 754 violations.
    elapsed time = 00:00:00, memory = 2560.58 (MB).
    Completing 20% with 754 violations.
    elapsed time = 00:00:01, memory = 3914.48 (MB).
    Completing 30% with 542 violations.
    elapsed time = 00:00:04, memory = 2562.71 (MB).
    Completing 40% with 542 violations.
    elapsed time = 00:00:04, memory = 2575.66 (MB).
    Completing 50% with 542 violations.
    elapsed time = 00:00:05, memory = 3099.76 (MB).
    Completing 60% with 378 violations.
    elapsed time = 00:00:06, memory = 2562.71 (MB).
    Completing 70% with 378 violations.
    elapsed time = 00:00:07, memory = 3861.88 (MB).
    Completing 80% with 186 violations.
    elapsed time = 00:00:11, memory = 2562.71 (MB).
    Completing 90% with 186 violations.
    elapsed time = 00:00:11, memory = 2562.71 (MB).
    Completing 100% with 19 violations.
    elapsed time = 00:00:15, memory = 2562.71 (MB).
[INFO DRT-0199]   Number of violations = 19.
Viol/Layer          M2     M3     M4
EOL                  1      0      0
Metal Spacing        0      9      0
Short                4      1      1
eolKeepOut           3      0      0
[INFO DRT-0267] cpu time = 00:02:52, elapsed time = 00:00:15, memory = 2562.71 (MB), peak = 4242.80 (MB)
Total wire length = 58662 um.
Total wire length on LAYER M1 = 0 um.
Total wire length on LAYER M2 = 11494 um.
Total wire length on LAYER M3 = 21236 um.
Total wire length on LAYER M4 = 11381 um.
Total wire length on LAYER M5 = 6043 um.
Total wire length on LAYER M6 = 5055 um.
Total wire length on LAYER M7 = 3451 um.
Total wire length on LAYER M8 = 0 um.
Total wire length on LAYER M9 = 0 um.
Total wire length on LAYER Pad = 0 um.
Total number of vias = 117891.
Up-via summary (total 117891):

-----------------
 Active         0
     M1     35682
     M2     55582
     M3     16934
     M4      5438
     M5      2627
     M6      1628
     M7         0
     M8         0
     M9         0
-----------------
       117891


[INFO DRT-0195] Start 4th guides tiles iteration.
    Completing 10% with 19 violations.
    elapsed time = 00:00:00, memory = 2807.76 (MB).
    Completing 20% with 19 violations.
    elapsed time = 00:00:00, memory = 2728.82 (MB).
    Completing 30% with 19 violations.
    elapsed time = 00:00:00, memory = 2615.67 (MB).
    Completing 40% with 5 violations.
    elapsed time = 00:00:01, memory = 2562.71 (MB).
    Completing 50% with 5 violations.
    elapsed time = 00:00:01, memory = 2562.71 (MB).
    Completing 60% with 5 violations.
    elapsed time = 00:00:01, memory = 2562.71 (MB).
    Completing 70% with 3 violations.
    elapsed time = 00:00:01, memory = 2562.71 (MB).
    Completing 80% with 1 violations.
    elapsed time = 00:00:02, memory = 2562.71 (MB).
    Completing 90% with 0 violations.
    elapsed time = 00:00:02, memory = 2562.71 (MB).
    Completing 100% with 0 violations.
    elapsed time = 00:00:02, memory = 2562.71 (MB).
[INFO DRT-0199]   Number of violations = 0.
[INFO DRT-0267] cpu time = 00:00:09, elapsed time = 00:00:02, memory = 2562.71 (MB), peak = 4242.80 (MB)
Total wire length = 58662 um.
Total wire length on LAYER M1 = 0 um.
Total wire length on LAYER M2 = 11490 um.
Total wire length on LAYER M3 = 21231 um.
Total wire length on LAYER M4 = 11374 um.
Total wire length on LAYER M5 = 6048 um.
Total wire length on LAYER M6 = 5066 um.
Total wire length on LAYER M7 = 3451 um.
Total wire length on LAYER M8 = 0 um.
Total wire length on LAYER M9 = 0 um.
Total wire length on LAYER Pad = 0 um.
Total number of vias = 117876.
Up-via summary (total 117876):

-----------------
 Active         0
     M1     35682
     M2     55554
     M3     16930
     M4      5451
     M5      2631
     M6      1628
     M7         0
     M8         0
     M9         0
-----------------
       117876


[INFO DRT-0198] Complete detail routing.
Total wire length = 58662 um.
Total wire length on LAYER M1 = 0 um.
Total wire length on LAYER M2 = 11490 um.
Total wire length on LAYER M3 = 21231 um.
Total wire length on LAYER M4 = 11374 um.
Total wire length on LAYER M5 = 6048 um.
Total wire length on LAYER M6 = 5066 um.
Total wire length on LAYER M7 = 3451 um.
Total wire length on LAYER M8 = 0 um.
Total wire length on LAYER M9 = 0 um.
Total wire length on LAYER Pad = 0 um.
Total number of vias = 117876.
Up-via summary (total 117876):

-----------------
 Active         0
     M1     35682
     M2     55554
     M3     16930
     M4      5451
     M5      2631
     M6      1628
     M7         0
     M8         0
     M9         0
-----------------
       117876


[INFO DRT-0267] cpu time = 00:23:33, elapsed time = 00:01:37, memory = 2562.84 (MB), peak = 4242.80 (MB)

[INFO DRT-0180] Post processing.
[INFO DRT-0501] Runtime: 109.06s
Took 109 seconds: detailed_route -output_drc /tmp/workspace/scripts-Private_test-fr_cugr_cmp-1-/reports/asap7/riscv32i-mock-sram/base/5_route_drc.rpt -output_maze /tmp/workspace/scripts-Private_test-fr_cugr_cmp-1-/results/asap7/riscv32i-mock-sram/base/maze.log -droute_end_iter 64 -verbose 1 -drc_report_iter_step 5
[WARNING GRT-0246] No diode with LEF class CORE ANTENNACELL found.
[INFO ANT-0002] Found 0 net violations.
[INFO ANT-0001] Found 0 pin violations.
[INFO ANT-0002] Found 0 net violations.
[INFO ANT-0001] Found 0 pin violations.
Design area 2052 um^2 67% utilization.
write_db /tmp/workspace/scripts-Private_test-fr_cugr_cmp-1-/results/asap7/riscv32i-mock-sram/base/5_2_route.odb
Elapsed time: 1:52.53[h:]min:sec. CPU time: user 1639.29 sys 19.09 (1473%). Peak memory: 4344628KB.
Log                       Ext     Elapsed/s Peak Memory/MB sha1sum result [0:20)
5_2_route                 .odb          112           4242 31cac35785389b7edf85
/OpenROAD-flow-scripts/flow/scripts/flow.sh 5_3_fillcell fillcell
Running fillcell.tcl, stage 5_3_fillcell
source ./platforms/asap7/liberty_suppressions.tcl
read_liberty ./platforms/asap7/lib/NLDM/asap7sc7p5t_AO_RVT_FF_nldm_211120.lib.gz
read_liberty ./platforms/asap7/lib/NLDM/asap7sc7p5t_INVBUF_RVT_FF_nldm_220122.lib.gz
read_liberty ./platforms/asap7/lib/NLDM/asap7sc7p5t_OA_RVT_FF_nldm_211120.lib.gz
read_liberty ./platforms/asap7/lib/NLDM/asap7sc7p5t_SIMPLE_RVT_FF_nldm_211120.lib.gz
read_liberty ./platforms/asap7/lib/NLDM/asap7sc7p5t_SEQ_RVT_FF_nldm_220123.lib
read_liberty /tmp/workspace/scripts-Private_test-fr_cugr_cmp-1-/results/asap7/riscv32i-mock-sram_fakeram7_256x32/base/fakeram7_256x32_typ.lib
read_db -hier /tmp/workspace/scripts-Private_test-fr_cugr_cmp-1-/results/asap7/riscv32i-mock-sram/base/5_2_route.odb
[WARNING ORD-0012] Hierarchical flow (-hier) is currently in development and may cause multiple issues. Do not use in production environments.
read_sdc /tmp/workspace/scripts-Private_test-fr_cugr_cmp-1-/results/asap7/riscv32i-mock-sram/base/5_1_grt.sdc
source ./platforms/asap7/setRC.tcl
[WARNING STA-0450] virtual clock vclk_clk can not be propagated.
filler_placement "FILLERxp5_ASAP7_75t_R FILLER_ASAP7_75t_R DECAPx1_ASAP7_75t_R DECAPx2_ASAP7_75t_R DECAPx4_ASAP7_75t_R DECAPx6_ASAP7_75t_R DECAPx10_ASAP7_75t_R"
[INFO DPL-0001] Placed 8747 filler instances.
Design area 2052 um^2 67% utilization.
write_db /tmp/workspace/scripts-Private_test-fr_cugr_cmp-1-/results/asap7/riscv32i-mock-sram/base/5_3_fillcell.odb
Elapsed time: 0:01.69[h:]min:sec. CPU time: user 1.56 sys 0.13 (100%). Peak memory: 257100KB.
Log                       Ext     Elapsed/s Peak Memory/MB sha1sum result [0:20)
5_3_fillcell              .odb            1            251 62ca95b5c7deda5d37c4
cp /tmp/workspace/scripts-Private_test-fr_cugr_cmp-1-/results/asap7/riscv32i-mock-sram/base/5_3_fillcell.odb /tmp/workspace/scripts-Private_test-fr_cugr_cmp-1-/results/asap7/riscv32i-mock-sram/base/5_route.odb
cp /tmp/workspace/scripts-Private_test-fr_cugr_cmp-1-/results/asap7/riscv32i-mock-sram/base/5_1_grt.sdc /tmp/workspace/scripts-Private_test-fr_cugr_cmp-1-/results/asap7/riscv32i-mock-sram/base/5_route.sdc
/OpenROAD-flow-scripts/flow/scripts/flow.sh 6_1_fill density_fill
Running density_fill.tcl, stage 6_1_fill
source ./platforms/asap7/liberty_suppressions.tcl
read_liberty ./platforms/asap7/lib/NLDM/asap7sc7p5t_AO_RVT_FF_nldm_211120.lib.gz
read_liberty ./platforms/asap7/lib/NLDM/asap7sc7p5t_INVBUF_RVT_FF_nldm_220122.lib.gz
read_liberty ./platforms/asap7/lib/NLDM/asap7sc7p5t_OA_RVT_FF_nldm_211120.lib.gz
read_liberty ./platforms/asap7/lib/NLDM/asap7sc7p5t_SIMPLE_RVT_FF_nldm_211120.lib.gz
read_liberty ./platforms/asap7/lib/NLDM/asap7sc7p5t_SEQ_RVT_FF_nldm_220123.lib
read_liberty /tmp/workspace/scripts-Private_test-fr_cugr_cmp-1-/results/asap7/riscv32i-mock-sram_fakeram7_256x32/base/fakeram7_256x32_typ.lib
read_db -hier /tmp/workspace/scripts-Private_test-fr_cugr_cmp-1-/results/asap7/riscv32i-mock-sram/base/5_route.odb
[WARNING ORD-0012] Hierarchical flow (-hier) is currently in development and may cause multiple issues. Do not use in production environments.
read_sdc /tmp/workspace/scripts-Private_test-fr_cugr_cmp-1-/results/asap7/riscv32i-mock-sram/base/5_route.sdc
source ./platforms/asap7/setRC.tcl
exec cp /tmp/workspace/scripts-Private_test-fr_cugr_cmp-1-/results/asap7/riscv32i-mock-sram/base/5_route.odb /tmp/workspace/scripts-Private_test-fr_cugr_cmp-1-/results/asap7/riscv32i-mock-sram/base/6_1_fill.odb
Elapsed time: 0:01.52[h:]min:sec. CPU time: user 1.39 sys 0.14 (100%). Peak memory: 236036KB.
Log                       Ext     Elapsed/s Peak Memory/MB sha1sum result [0:20)
6_1_fill                  .odb            1            230 62ca95b5c7deda5d37c4
cp /tmp/workspace/scripts-Private_test-fr_cugr_cmp-1-/results/asap7/riscv32i-mock-sram/base/5_route.sdc /tmp/workspace/scripts-Private_test-fr_cugr_cmp-1-/results/asap7/riscv32i-mock-sram/base/6_1_fill.sdc
/OpenROAD-flow-scripts/flow/scripts/flow.sh 6_report final_report
Running final_report.tcl, stage 6_report
source ./platforms/asap7/liberty_suppressions.tcl
read_liberty ./platforms/asap7/lib/NLDM/asap7sc7p5t_AO_RVT_FF_nldm_211120.lib.gz
read_liberty ./platforms/asap7/lib/NLDM/asap7sc7p5t_INVBUF_RVT_FF_nldm_220122.lib.gz
read_liberty ./platforms/asap7/lib/NLDM/asap7sc7p5t_OA_RVT_FF_nldm_211120.lib.gz
read_liberty ./platforms/asap7/lib/NLDM/asap7sc7p5t_SIMPLE_RVT_FF_nldm_211120.lib.gz
read_liberty ./platforms/asap7/lib/NLDM/asap7sc7p5t_SEQ_RVT_FF_nldm_220123.lib
read_liberty /tmp/workspace/scripts-Private_test-fr_cugr_cmp-1-/results/asap7/riscv32i-mock-sram_fakeram7_256x32/base/fakeram7_256x32_typ.lib
read_db -hier /tmp/workspace/scripts-Private_test-fr_cugr_cmp-1-/results/asap7/riscv32i-mock-sram/base/6_1_fill.odb
[WARNING ORD-0012] Hierarchical flow (-hier) is currently in development and may cause multiple issues. Do not use in production environments.
read_sdc /tmp/workspace/scripts-Private_test-fr_cugr_cmp-1-/results/asap7/riscv32i-mock-sram/base/6_1_fill.sdc
source ./platforms/asap7/setRC.tcl
[WARNING STA-0450] virtual clock vclk_clk can not be propagated.
write_db /tmp/workspace/scripts-Private_test-fr_cugr_cmp-1-/results/asap7/riscv32i-mock-sram/base/6_final.odb
write_sdc -no_timestamp /tmp/workspace/scripts-Private_test-fr_cugr_cmp-1-/results/asap7/riscv32i-mock-sram/base/6_final.sdc
Deleted 0 routing obstructions
[INFO RCX-0431] Defined process_corner X with ext_model_index 0
[INFO RCX-0029] Defined extraction corner X
[WARNING RCX-0514] The ext_model_file option is deprecated. Use set_extraction_rules_file command instead.
[INFO RCX-0435] Reading extraction model file ./platforms/asap7/rcx_patterns.rules ...
[INFO RCX-0436] RC segment generation riscv_top (max_merge_res 50.0) ...
[INFO RCX-0040] Final 89456 rc segments
[INFO RCX-0439] Coupling Cap extraction riscv_top ...
[INFO RCX-0440] Coupling threshhold is 0.1000 fF, coupling capacitance less than 0.1000 fF will be grounded.
[INFO RCX-0442] 55% of 101538 wires extracted
[INFO RCX-0442] 100% of 101538 wires extracted
[INFO RCX-0045] Extract 10178 nets, 99593 rsegs, 99593 caps, 155205 ccs
[INFO RCX-0443] 10178 nets finished
[INFO PSM-0040] All shapes on net VDD are connected.
########## IR report #################
Net              : VDD
Corner           : default
Total power      : 1.90e-02 W
Supply voltage   : 7.70e-01 V
Worstcase voltage: 7.67e-01 V
Average voltage  : 7.69e-01 V
Average IR drop  : 6.07e-04 V
Worstcase IR drop: 3.25e-03 V
Percentage drop  : 0.42 %
######################################
[INFO PSM-0040] All shapes on net VSS are connected.
########## IR report #################
Net              : VSS
Corner           : default
Total power      : 1.90e-02 W
Supply voltage   : 0.00e+00 V
Worstcase voltage: 3.04e-03 V
Average voltage  : 6.00e-04 V
Average IR drop  : 6.00e-04 V
Worstcase IR drop: 3.04e-03 V
Percentage drop  : 0.39 %
######################################
Cell type report:                       Count       Area
  Macro                                     4     752.31
  Fill cell                              8747     456.72
  Tap cell                                486      14.17
  Tie cell                                 69       3.02
  Clock buffer                            128      52.94
  Timing Repair Buffer                    714      69.68
  Inverter                                479      21.14
  Clock inverter                            5       2.01
  Sequential cell                        1056     310.73
  Multi-Input combinational cell         7382     825.72
  Total                                 19070    2508.44
Report metrics stage 6, finish...

==========================================================================
finish report_design_area
--------------------------------------------------------------------------
Design area 2052 um^2 67% utilization.
[WARNING GUI-0076] QStandardPaths: XDG_RUNTIME_DIR not set, defaulting to '/tmp/runtime-root'
Elapsed time: 0:14.03[h:]min:sec. CPU time: user 24.71 sys 5.12 (212%). Peak memory: 560704KB.
Log                       Ext     Elapsed/s Peak Memory/MB sha1sum result [0:20)
6_report                                 14            547                  N/A
cp ./platforms/asap7/lef/asap7_tech_1x_201209.lef /tmp/workspace/scripts-Private_test-fr_cugr_cmp-1-/objects/asap7/riscv32i-mock-sram/base/klayout_tech.lef
/usr/bin/python3 /OpenROAD-flow-scripts/flow/util/generate_klayout_tech.py \
	--template ./platforms/asap7/KLayout/asap7.lyt \
	--output /tmp/workspace/scripts-Private_test-fr_cugr_cmp-1-/objects/asap7/riscv32i-mock-sram/base/klayout.lyt \
	--lef-files /tmp/workspace/scripts-Private_test-fr_cugr_cmp-1-/objects/asap7/riscv32i-mock-sram/base/klayout_tech.lef ./platforms/asap7/lef/asap7sc7p5t_28_R_1x_220121a.lef /tmp/workspace/scripts-Private_test-fr_cugr_cmp-1-/results/asap7/riscv32i-mock-sram_fakeram7_256x32/base/fakeram7_256x32.lef   \
	--map-files 
/usr/bin/python3 /OpenROAD-flow-scripts/flow/scripts/run_command.py --log /tmp/workspace/scripts-Private_test-fr_cugr_cmp-1-/logs/asap7/riscv32i-mock-sram/base/6_1_merge.log --tee -- \
        /OpenROAD-flow-scripts/flow/scripts/klayout.sh -zz -rd design_name=riscv_top \
        -rd in_def=/tmp/workspace/scripts-Private_test-fr_cugr_cmp-1-/results/asap7/riscv32i-mock-sram/base/6_final.def \
        -rd in_files="./platforms/asap7/gds/asap7sc7p5t_28_R_220121a.gds /tmp/workspace/scripts-Private_test-fr_cugr_cmp-1-/results/asap7/riscv32i-mock-sram_fakeram7_256x32/base/6_final.gds " \
        -rd seal_file="" \
        -rd out_file=/tmp/workspace/scripts-Private_test-fr_cugr_cmp-1-/results/asap7/riscv32i-mock-sram/base/6_1_merged.gds \
        -rd tech_file=/tmp/workspace/scripts-Private_test-fr_cugr_cmp-1-/objects/asap7/riscv32i-mock-sram/base/klayout.lyt \
        -rd layer_map= \
        -r /OpenROAD-flow-scripts/flow/util/def2stream.py
KLayout 0.30.7
Warning: DEF UNITS does not match reader DBU (DEF UNITS is 1000 and corresponds to a DBU of 0.001, but reader DBU is set to 0.00025) (line=5, cell=, file=6_final.def)
[INFO] Reporting cells prior to loading DEF ...
	./platforms/asap7/gds/asap7sc7p5t_28_R_220121a.gds
	/tmp/workspace/scripts-Private_test-fr_cugr_cmp-1-/results/asap7/riscv32i-mock-sram_fakeram7_256x32/base/6_final.gds
[INFO] GDS_ALLOW_EMPTY=fakeram.*
[INFO] All LEF cells have matching GDS/OAS cells
[INFO] No orphan cells in the final layout
Elapsed time: 0:02.22[h:]min:sec. CPU time: user 1.94 sys 0.28 (99%). Peak memory: 491772KB.
cp /tmp/workspace/scripts-Private_test-fr_cugr_cmp-1-/results/asap7/riscv32i-mock-sram/base/6_1_merged.gds /tmp/workspace/scripts-Private_test-fr_cugr_cmp-1-/results/asap7/riscv32i-mock-sram/base/6_final.gds
/tmp/workspace/scripts-Private_test-fr_cugr_cmp-1-/logs/asap7/riscv32i-mock-sram_fakeram7_256x32/base/
Log                       Ext     Elapsed/s Peak Memory/MB sha1sum result [0:20)
1_1_yosys_canonicalize    .rtlil          0             84 d7bfc77808d129dcb65f
1_2_yosys                 .v              1            148 3ac041c079e5bb89606a
1_2_yosys                 .sdc                             009eb7e8263b24f0e7bc
1_synth                   .odb            1            198 8e06466e70c0308683e0
1_synth                   .sdc                             9459d712428ec60022c3
2_1_floorplan             .odb            1            216 8710e86e8408880e710a
2_1_floorplan             .sdc                             9459d712428ec60022c3
2_2_floorplan_macro       .odb            1            196 8710e86e8408880e710a
2_3_floorplan_tapcell     .odb            1            196 53937b4603ef5d930dbe
2_4_floorplan_pdn         .odb            1            198 ffc87871c4581aebaa9d
3_1_place_gp_skip_io      .odb            1            198 25a5154338ebf078044a
3_2_place_iop             .odb            1            196 e533c488f60e1333df36
3_3_place_gp              .odb            1            290 c4864144bf70b4edbf1c
3_4_place_resized         .odb            1            214 c4864144bf70b4edbf1c
3_5_place_dp              .odb            1            201 c4be2013e0bd48a8fd9f
4_1_cts                   .odb            8            241 cd5e8cec8a7e2bb07dcf
5_1_grt                   .odb           12            317 b6e9a235b49ed8253d6a
5_1_grt                   .sdc                             a1ae45ceacb539240c57
5_2_route                 .odb            8           1211 d40b0ca60f2d8caaeeb1
5_3_fillcell              .odb            1            199 099cf655162faea1bd22
6_1_fill                  .odb            1            196 099cf655162faea1bd22
6_1_fill                  .sdc                             a1ae45ceacb539240c57
6_1_merge                                 1            428                  N/A
6_report                                  2            262                  N/A
generate_abstract                         1            200                  N/A
Total                                    45           1211                     
/tmp/workspace/scripts-Private_test-fr_cugr_cmp-1-/logs/asap7/riscv32i-mock-sram/base
Log                       Ext     Elapsed/s Peak Memory/MB sha1sum result [0:20)
1_1_yosys_canonicalize    .rtlil          0             84 46e2d12df9821d8cc16f
1_2_yosys                 .v             22            163 54302337d79f88e98c07
1_2_yosys                 .sdc                             61b9d4a302cd59481b98
1_synth                   .odb            1            220 cd3af7893a8b542f65ef
1_synth                   .sdc                             c50c8f9f7f2b3e9ca0a7
2_1_floorplan             .odb           31            259 a26fdfc2ba28f67ca630
2_1_floorplan             .sdc                             c50c8f9f7f2b3e9ca0a7
2_2_floorplan_macro       .odb           16            265 4d726a5c2cc933829eb0
2_3_floorplan_tapcell     .odb            1            209 e3e181755294e93792fe
2_4_floorplan_pdn         .odb            1            222 dbff02b892405a00724a
3_1_place_gp_skip_io      .odb            3            232 a53bd8c25db86b98bcbf
3_2_place_iop             .odb            1            216 67f59f7ddc717e044dc7
3_3_place_gp              .odb           20            445 0b26cf0fc4e4fd8c7b55
3_4_place_resized         .odb            6            269 823e24e07308058f2497
3_5_place_dp              .odb            7            278 6c3af986f603c4a00281
4_1_cts                   .odb           42            320 2e72f302ff0b4ecaf493
5_1_grt                   .odb           37            550 438b406db7d08ff49eb8
5_1_grt                   .sdc                             fb0d48b252bcbfa8474b
5_2_route                 .odb          112           4242 31cac35785389b7edf85
5_3_fillcell              .odb            1            251 62ca95b5c7deda5d37c4
6_1_fill                  .odb            1            230 62ca95b5c7deda5d37c4
6_1_fill                  .sdc                             fb0d48b252bcbfa8474b
6_1_merge                                 2            480                  N/A
6_report                                 14            547                  N/A
Total                                   318           4242                     
mkdir -p /tmp/workspace/scripts-Private_test-fr_cugr_cmp-1-/reports/asap7/riscv32i-mock-sram/base
echo ./designs/asap7/riscv32i-mock-sram > /tmp/workspace/scripts-Private_test-fr_cugr_cmp-1-/reports/asap7/riscv32i-mock-sram/base/design-dir.txt
/usr/bin/python3 /OpenROAD-flow-scripts/flow/util/genMetrics.py -d riscv32i-mock-sram \
    -p asap7 \
    -v base \
    --logs /tmp/workspace/scripts-Private_test-fr_cugr_cmp-1-/logs/asap7/riscv32i-mock-sram/base \
    --reports /tmp/workspace/scripts-Private_test-fr_cugr_cmp-1-/reports/asap7/riscv32i-mock-sram/base \
    --results /tmp/workspace/scripts-Private_test-fr_cugr_cmp-1-/results/asap7/riscv32i-mock-sram/base \
    -o /tmp/workspace/scripts-Private_test-fr_cugr_cmp-1-/reports/asap7/riscv32i-mock-sram/base/metadata.json 2>&1 \
    | tee /tmp/workspace/scripts-Private_test-fr_cugr_cmp-1-/reports/asap7/riscv32i-mock-sram/base/metadata-generate.log
[WARN] not a git repo: /OpenROAD-flow-scripts/flow/util/../
[WARN] not a git repo: ./platforms/asap7
[WARN] Tag globalroute__timing__clock__slack not found in /tmp/workspace/scripts-Private_test-fr_cugr_cmp-1-/logs/asap7/riscv32i-mock-sram/base/5_1_grt.log. Will use N/A.
[WARN] Overwriting Tag synth__runtime__total
[WARN] Overwriting Tag synth__cpu__total
[WARN] Overwriting Tag synth__mem__peak
[WARN] Overwriting Tag finish__runtime__total
[WARN] Overwriting Tag finish__cpu__total
[WARN] Overwriting Tag finish__mem__peak
/usr/bin/python3 /OpenROAD-flow-scripts/flow/util/checkMetadata.py \
    -m /tmp/workspace/scripts-Private_test-fr_cugr_cmp-1-/reports/asap7/riscv32i-mock-sram/base/metadata.json \
    -r ./designs/asap7/riscv32i-mock-sram/rules-base.json 2>&1 \
    | tee /tmp/workspace/scripts-Private_test-fr_cugr_cmp-1-/reports/asap7/riscv32i-mock-sram/base/metadata-check.log
[WARN] synth__canonical_netlist__hash differs test: 46e2d12df9821d8cc16f97977be2460c7b29dc35 == 6dcb657c1a1a6cbc2c4407abb9b4437f9558d4e2
[INFO] synth__netlist__hash pass test: 54302337d79f88e98c07147abd1986c0187b7d91 == 54302337d79f88e98c07147abd1986c0187b7d91
[INFO] synth__design__instance__area__stdcell pass test: 1146.67 <= 1320
[INFO] constraints__clocks__count pass test: 2 == 2
[INFO] placeopt__design__instance__area pass test: 1990.72 <= 2284
[INFO] placeopt__design__instance__count__stdcell pass test: 10142 <= 11589
[INFO] detailedplace__design__violations pass test: 0 == 0
[INFO] cts__design__instance__count__setup_buffer pass test: 22 <= 1008
[INFO] cts__design__instance__count__hold_buffer pass test: 0 <= 1008
[INFO] cts__timing__setup__ws pass test: 1.34415 >= -47.5
[INFO] cts__timing__setup__tns pass test: 0 >= -190
[INFO] cts__timing__hold__ws pass test: 33.6572 >= -47.5
[INFO] cts__timing__hold__tns pass test: 0 >= -190
[INFO] globalroute__antenna_diodes_count pass test: 0 <= 100
[INFO] globalroute__timing__setup__ws pass test: -0.455747 >= -51.4
[INFO] globalroute__timing__setup__tns pass test: -0.852318 >= -214
[INFO] globalroute__timing__hold__ws pass test: 34.38 >= -47.5
[INFO] globalroute__timing__hold__tns pass test: 0 >= -190
[INFO] detailedroute__route__wirelength pass test: 58662 <= 61587
[INFO] detailedroute__route__drc_errors pass test: 0 <= 0
[INFO] detailedroute__antenna__violating__nets pass test: 0 <= 0
[INFO] detailedroute__antenna_diodes_count pass test: 0 <= 100
[INFO] finish__timing__setup__ws pass test: -17.7693 >= -81.3
[INFO] finish__timing__setup__tns pass test: -3522.14 >= -13300
[INFO] finish__timing__hold__ws pass test: 33.6427 >= -47.5
[INFO] finish__timing__hold__tns pass test: 0 >= -190
[INFO] finish__design__instance__area pass test: 2051.72 <= 2358
Metadata check warnings: 1
All metadata rules passed (27 rules)
/OpenROAD-flow-scripts/flow/util/makeIssue.sh /tmp/workspace/scripts-Private_test-fr_cugr_cmp-1-/final_report
Creating issue for target final_report in /tmp/workspace/scripts-Private_test-fr_cugr_cmp-1-
Archiving issue to /tmp/workspace/scripts-Private_test-fr_cugr_cmp-1-/final_report_riscv32i-mock-sram_asap7_base_2026-08-20_04-20.tar.gz
Using gzip to compress tar file
tar: Removing leading `/' from member names
tar: Removing leading `/' from hard link targets
