OpenROAD 26Q3-1464-gb22abfea20 
Features included (+) or not (-): +GPU +GUI +Python
This program is licensed under the BSD-3 license. See the LICENSE file for details.
Components of this program may be licensed under more restrictive licenses which must be honored.
[INFO ORD-0030] Using 30 thread(s).
read_liberty ./platforms/nangate45/lib/NangateOpenCellLibrary_typical.lib
read_liberty ./platforms/nangate45/lib/fakeram45_512x64.lib
read_liberty ./platforms/nangate45/lib/fakeram45_64x15.lib
read_liberty ./platforms/nangate45/lib/fakeram45_64x96.lib
read_db /tmp/workspace/scripts-Private_test-fr_cugr_cmp-2-/results/nangate45/bp_be/base/4_cts.odb
read_sdc /tmp/workspace/scripts-Private_test-fr_cugr_cmp-2-/results/nangate45/bp_be/base/4_cts.sdc
source ./platforms/nangate45/setRC.tcl
pin_access
[INFO DRT-0149] Reading tech and libs.

Units:                2000
Number of layers:     21
Number of macros:     138
Number of vias:       43
Number of viarulegen: 19

[INFO DRT-0150] Reading design.
[WARNING DRT-0120] Large net be_mmu.dcache/net8685 has 105 pins which may impact routing performance. Consider optimization.
[WARNING DRT-0120] Large net be_mmu.dcache/net9833 has 118 pins which may impact routing performance. Consider optimization.
[WARNING DRT-0120] Large net be_mmu.dcache/lce/lce_cmd_inst/net9413 has 161 pins which may impact routing performance. Consider optimization.
[WARNING DRT-0120] Large net net9291 has 225 pins which may impact routing performance. Consider optimization.
[WARNING DRT-0120] Large net be_mmu.dcache/net8811 has 112 pins which may impact routing performance. Consider optimization.
[WARNING DRT-0120] Large net be_mmu.dcache/net8827 has 128 pins which may impact routing performance. Consider optimization.
[WARNING DRT-0120] Large net be_mmu.dcache/net8802 has 141 pins which may impact routing performance. Consider optimization.
[WARNING DRT-0120] Large net be_mmu.dcache/net8684 has 108 pins which may impact routing performance. Consider optimization.
[WARNING DRT-0120] Large net be_mmu.dcache/lce/lce_cmd_inst/net10052 has 119 pins which may impact routing performance. Consider optimization.
[WARNING DRT-0120] Large net be_mmu.dcache/lce/net10000 has 109 pins which may impact routing performance. Consider optimization.
[WARNING DRT-0120] Large net be_mmu.dcache/net9832 has 101 pins which may impact routing performance. Consider optimization.
[WARNING DRT-0120] Large net be_mmu.dcache/net9829 has 123 pins which may impact routing performance. Consider optimization.
[WARNING DRT-0120] Large net be_mmu.dcache/net9830 has 121 pins which may impact routing performance. Consider optimization.
[WARNING DRT-0120] Large net be_mmu.dcache/net9807 has 101 pins which may impact routing performance. Consider optimization.
[WARNING DRT-0120] Large net be_mmu.dcache/net9799 has 107 pins which may impact routing performance. Consider optimization.
[WARNING DRT-0120] Large net be_mmu.dcache/net9798 has 124 pins which may impact routing performance. Consider optimization.
[WARNING DRT-0120] Large net be_mmu.dcache/net9795 has 107 pins which may impact routing performance. Consider optimization.
[WARNING DRT-0120] Large net be_mmu.dcache/net9777 has 126 pins which may impact routing performance. Consider optimization.
[WARNING DRT-0120] Large net be_mmu.dcache/net9780 has 149 pins which may impact routing performance. Consider optimization.
[WARNING DRT-0120] Large net be_mmu.dcache/net9789 has 103 pins which may impact routing performance. Consider optimization.
[WARNING DRT-0120] Large net be_mmu.dcache/lce/net9715 has 105 pins which may impact routing performance. Consider optimization.
[WARNING DRT-0120] Large net be_mmu.dcache/lce/net9707 has 101 pins which may impact routing performance. Consider optimization.
[WARNING DRT-0120] Large net be_mmu.dcache/lce/net9713 has 110 pins which may impact routing performance. Consider optimization.
[WARNING DRT-0120] Large net be_mmu.dcache/lce/net9709 has 106 pins which may impact routing performance. Consider optimization.
[WARNING DRT-0120] Large net be_mmu.dcache/lce/lce_cmd_inst/net9695 has 103 pins which may impact routing performance. Consider optimization.
[WARNING DRT-0120] Large net be_mmu.dcache/net9835 has 114 pins which may impact routing performance. Consider optimization.
[WARNING DRT-0120] Large net be_mmu.dcache/lce/net10001 has 110 pins which may impact routing performance. Consider optimization.
[WARNING DRT-0120] Large net be_mmu.dcache/net9808 has 106 pins which may impact routing performance. Consider optimization.
[WARNING DRT-0120] Large net be_mmu.dcache/net9767 has 101 pins which may impact routing performance. Consider optimization.
[WARNING DRT-0120] Large net be_mmu.dcache/net9760 has 149 pins which may impact routing performance. Consider optimization.
[WARNING DRT-0120] Large net be_mmu.dcache/net9792 has 107 pins which may impact routing performance. Consider optimization.
[WARNING DRT-0120] Large net be_mmu.dcache/lce/net9440 has 128 pins which may impact routing performance. Consider optimization.
[WARNING DRT-0120] Large net be_mmu.dcache/lce/net9436 has 120 pins which may impact routing performance. Consider optimization.
[WARNING DRT-0120] Large net be_mmu.dcache/lce/lce_cmd_inst/net9410 has 114 pins which may impact routing performance. Consider optimization.
[WARNING DRT-0120] Large net be_mmu.dcache/lce/lce_cmd_inst/net9287 has 134 pins which may impact routing performance. Consider optimization.
[WARNING DRT-0120] Large net be_mmu.dcache/net8810 has 140 pins which may impact routing performance. Consider optimization.
[WARNING DRT-0120] Large net be_mmu.dcache/net8812 has 138 pins which may impact routing performance. Consider optimization.
[WARNING DRT-0120] Large net be_mmu.dcache/net8777 has 119 pins which may impact routing performance. Consider optimization.
[WARNING DRT-0120] Large net be_mmu.dcache/net8694 has 116 pins which may impact routing performance. Consider optimization.
[WARNING DRT-0120] Large net be_mmu.dcache/net8687 has 134 pins which may impact routing performance. Consider optimization.
[WARNING DRT-0120] Large net be_mmu.dcache/net8698 has 137 pins which may impact routing performance. Consider optimization.
[WARNING DRT-0120] Large net be_mmu.dcache/lce/lce_cmd_inst/net8938 has 112 pins which may impact routing performance. Consider optimization.

Design:                   bp_be_top
Die area:                 ( 0 0 ) ( 1600000 1400000 )
Number of track patterns: 20
Number of DEF vias:       0
Number of components:     55860
Number of terminals:      3031
Number of snets:          2
Number of nets:           63251

[INFO DRT-0167] List of default vias:
  Layer via2
    default via: via2_5
  Layer via3
    default via: via3_2
  Layer via4
    default via: via4_0
  Layer via5
    default via: via5_0
  Layer via6
    default via: via6_0
  Layer via7
    default via: via7_0
  Layer via8
    default via: via8_0
  Layer via9
    default via: via9_0
[INFO DRT-0162] Library cell analysis.
[INFO DRT-0163] Instance analysis.
[INFO DRT-0164] Number of unique instances = 170.
[INFO DRT-0168] Init region query.
[INFO DRT-0024]   Complete active.
[INFO DRT-0024]   Complete Fr_VIA.
[INFO DRT-0024]   Complete metal1.
[INFO DRT-0024]   Complete via1.
[INFO DRT-0024]   Complete metal2.
[INFO DRT-0024]   Complete via2.
[INFO DRT-0024]   Complete metal3.
[INFO DRT-0024]   Complete via3.
[INFO DRT-0024]   Complete metal4.
[INFO DRT-0024]   Complete via4.
[INFO DRT-0024]   Complete metal5.
[INFO DRT-0024]   Complete via5.
[INFO DRT-0024]   Complete metal6.
[INFO DRT-0024]   Complete via6.
[INFO DRT-0024]   Complete metal7.
[INFO DRT-0024]   Complete via7.
[INFO DRT-0024]   Complete metal8.
[INFO DRT-0024]   Complete via8.
[INFO DRT-0024]   Complete metal9.
[INFO DRT-0024]   Complete via9.
[INFO DRT-0024]   Complete metal10.
[INFO DRT-0033] active shape region query size = 0.
[INFO DRT-0033] FR_VIA shape region query size = 0.
[INFO DRT-0033] metal1 shape region query size = 1087329.
[INFO DRT-0033] via1 shape region query size = 15660.
[INFO DRT-0033] metal2 shape region query size = 10450.
[INFO DRT-0033] via2 shape region query size = 15660.
[INFO DRT-0033] metal3 shape region query size = 14426.
[INFO DRT-0033] via3 shape region query size = 15660.
[INFO DRT-0033] metal4 shape region query size = 12635.
[INFO DRT-0033] via4 shape region query size = 22163.
[INFO DRT-0033] metal5 shape region query size = 11464.
[INFO DRT-0033] via5 shape region query size = 31067.
[INFO DRT-0033] metal6 shape region query size = 6554.
[INFO DRT-0033] via6 shape region query size = 9975.
[INFO DRT-0033] metal7 shape region query size = 1587.
[INFO DRT-0033] via7 shape region query size = 0.
[INFO DRT-0033] metal8 shape region query size = 0.
[INFO DRT-0033] via8 shape region query size = 0.
[INFO DRT-0033] metal9 shape region query size = 0.
[INFO DRT-0033] via9 shape region query size = 0.
[INFO DRT-0033] metal10 shape region query size = 0.
[INFO DRT-0165] Start pin access.
[INFO DRT-0076]   Complete 1000 pins.
[INFO DRT-0076]   Complete 2000 pins.
[INFO DRT-0078]   Complete 2536 pins.
[INFO DRT-0079]   Complete 100 unique inst patterns.
[INFO DRT-0081]   Complete 162 unique inst patterns.
[INFO DRT-0082]   Complete 10000 groups.
[INFO DRT-0082]   Complete 20000 groups.
[INFO DRT-0082]   Complete 30000 groups.
[INFO DRT-0084]   Complete 36808 groups.
#scanned instances     = 55860
#unique  instances     = 170
#stdCellGenAp          = 5778
#stdCellValidPlanarAp  = 0
#stdCellValidViaAp     = 3941
#stdCellPinNoAp        = 0
#stdCellPinCnt         = 192475
#instTermValidViaApCnt = 0
#macroGenAp            = 2241
#macroValidPlanarAp    = 2241
#macroValidViaAp       = 0
#macroNoAp             = 0
[INFO DRT-0166] Complete pin access.
[INFO DRT-0267] cpu time = 00:06:42, elapsed time = 00:00:14, memory = 360.15 (MB), peak = 375.21 (MB)
Took 15 seconds: pin_access
global_route -congestion_report_file /tmp/workspace/scripts-Private_test-fr_cugr_cmp-2-/reports/nangate45/bp_be/base/congestion.rpt -congestion_iterations 10 -congestion_report_iter_step 5 -verbose -use_cugr
[INFO GRT-0020] Min routing layer: metal2
[INFO GRT-0021] Max routing layer: metal10
[INFO GRT-0022] Global adjustment: 0%
[INFO GRT-0023] Grid origin: (0, 0)
[INFO GRT-0088] Layer metal1  Track-Pitch = 0.1400  line-2-Via Pitch: 0.1350
[INFO GRT-0088] Layer metal2  Track-Pitch = 0.1900  line-2-Via Pitch: 0.1400
[INFO GRT-0088] Layer metal3  Track-Pitch = 0.1400  line-2-Via Pitch: 0.1400
[INFO GRT-0088] Layer metal4  Track-Pitch = 0.2800  line-2-Via Pitch: 0.2800
[INFO GRT-0088] Layer metal5  Track-Pitch = 0.2800  line-2-Via Pitch: 0.2800
[INFO GRT-0088] Layer metal6  Track-Pitch = 0.2800  line-2-Via Pitch: 0.2800
[INFO GRT-0088] Layer metal7  Track-Pitch = 0.8000  line-2-Via Pitch: 0.8000
[INFO GRT-0088] Layer metal8  Track-Pitch = 0.8000  line-2-Via Pitch: 0.8000
[INFO GRT-0088] Layer metal9  Track-Pitch = 1.6000  line-2-Via Pitch: 1.6000
[INFO GRT-0088] Layer metal10 Track-Pitch = 1.6000  line-2-Via Pitch: 1.6000
[INFO GRT-0003] Macros: 10
[INFO GRT-0004] Blockages: 2596
[INFO GRT-0019] Found 386 clock nets.
[INFO GRT-0001] Minimum degree: 2
[INFO GRT-0002] Maximum degree: 225
Design statistics
Nets:                54607
Special nets:        2
Routing layers:      10

[INFO GRT-0053] Routing resources analysis:
          Routing      Original      Derated      Resource
Layer     Direction    Resources     Resources    Reduction (%)
---------------------------------------------------------------
metal1     Horizontal          0             0          0.00%
metal2     Vertical       750914        450587          39.99%
metal3     Horizontal    1023062        613837          40.00%
metal4     Vertical       492466        418616          15.00%
metal5     Horizontal     597672        508392          14.94%
metal6     Vertical       597699        508292          14.96%
metal7     Horizontal     187128        160127          14.43%
metal8     Vertical       243756        207193          15.00%
metal9     Horizontal     121923        105894          13.15%
metal10    Vertical       121756        105762          13.14%
---------------------------------------------------------------

Stage 1: Pattern routing.
Stage 3: Pattern routing with detours.
Stage 4: Maze routing on sparsified graph.
Stage 5: Iterative rip-up and re-route.
[INFO GRT-0117] Start extra iteration 1/10
[WARNING GRT-0305] Demoted 2 NDR net(s) to default rule to reduce congestion (use debug 'softNDR' for net list).
[INFO GRT-0117] Start extra iteration 2/10
[WARNING GRT-0305] Demoted 1 NDR net(s) to default rule to reduce congestion (use debug 'softNDR' for net list).
[INFO GRT-0117] Start extra iteration 3/10
[WARNING GRT-0305] Demoted 2 NDR net(s) to default rule to reduce congestion (use debug 'softNDR' for net list).
[INFO GRT-0117] Start extra iteration 4/10
[WARNING GRT-0305] Demoted 1 NDR net(s) to default rule to reduce congestion (use debug 'softNDR' for net list).
[INFO GRT-0117] Start extra iteration 5/10
[WARNING GRT-0305] Demoted 1 NDR net(s) to default rule to reduce congestion (use debug 'softNDR' for net list).
[INFO GRT-0117] Start extra iteration 6/10
[INFO GRT-0117] Start extra iteration 7/10
[INFO GRT-0117] Start extra iteration 8/10
[INFO GRT-0117] Start extra iteration 9/10
[INFO GRT-0117] Start extra iteration 10/10
[INFO GRT-0306] Iterative RRR soft-demoted 7 NDR net(s) total.
[WARNING GRT-0118] Iterative RRR finished with congestion remaining (548).
Routing statistics
Wire length:           11673981
Total via count:       354804
Total congestion:      547.02
Min resource:          -2.60
Bottleneck:            (4, 131, 83)
[INFO GRT-0130] CUGR congestion report:
Layer   Dir     Resource     Wire Dmd      Via Dmd    Total Dmd  Usage (%)   Wire Ovf    Via Ovf  Max Edge Ovf
--------------------------------------------------------------------------------------------------------------
metal1    H         0.00         0.00         0.00         0.00       0.00       0.00       0.00          0.00
metal2    V    450586.66    148161.37     21408.56    169569.93      37.63     157.28      21.55          1.42
metal3    H    613837.23    233218.00     16617.05    249835.05      40.70      83.01      56.98          1.18
metal4    V    418615.61     92896.00      5627.57     98523.57      23.54      26.36      37.77          1.67
metal5    H    508392.46    125152.00      3085.88    128237.88      25.22      46.70       2.16          2.60
metal6    V    508292.14    132150.00      1180.21    133330.21      26.23      70.76       4.09          0.95
metal7    H    160127.40     17277.00       627.50     17904.50      11.18      14.73      18.68          0.84
metal8    V    207192.60     23311.00       277.61     23588.61      11.38       1.39       0.34          0.30
metal9    H    105894.45      3012.00       153.39      3165.39       2.99       1.98       1.54          0.98
metal10   V    105761.80      2919.00        43.79      2962.79       2.80       1.32       0.37          0.28
--------------------------------------------------------------------------------------------------------------
Total         3078700.35    778096.37     49021.56    827117.93      26.87     403.53     143.48          2.60
[INFO GRT-0018] Total wirelength: 2644700 um
[INFO GRT-0014] Routed nets: 54607
[WARNING GRT-0115] Global routing finished with congestion. Check the congestion regions in the DRC Viewer.
[INFO GRT-0303] Global routing runtime = 00:01:38
Took 98 seconds: global_route -congestion_report_file /tmp/workspace/scripts-Private_test-fr_cugr_cmp-2-/reports/nangate45/bp_be/base/congestion.rpt -congestion_iterations 10 -congestion_report_iter_step 5 -verbose -use_cugr
[WARNING STA-0450] virtual clock vclk can not be propagated.
estimate_parasitics -global_routing
Perform buffer insertion and gate resizing...
repair_design -verbose
Iteration |   Area    | Resized | Buffers | Nets repaired | Remaining
---------------------------------------------------------------------
        0 |     +0.0% |       0 |       0 |             0 |     63412
     1000 |     +0.0% |       0 |       0 |             0 |     62412
     2000 |     +0.0% |       0 |       0 |             0 |     61412
     3000 |     +0.0% |       1 |      30 |            34 |     60412
     4000 |     +0.0% |       3 |      46 |            51 |     59412
     5000 |     +0.0% |       3 |      50 |            55 |     58412
     6000 |     +0.0% |       3 |      51 |            56 |     57412
     7000 |     +0.0% |       3 |      52 |            58 |     56412
     8000 |     +0.0% |       4 |      55 |            61 |     55412
     9000 |     +0.0% |       4 |      59 |            66 |     54412
    10000 |     +0.0% |       4 |      59 |            66 |     53412
    11000 |     +0.1% |       5 |      68 |            77 |     52412
    12000 |     +0.1% |       5 |      69 |            78 |     51412
    13000 |     +0.1% |       8 |      76 |            84 |     50412
    14000 |     +0.1% |       8 |      77 |            85 |     49412
    15000 |     +0.1% |       9 |      77 |            86 |     48412
    16000 |     +0.1% |       9 |      83 |            93 |     47412
    17000 |     +0.1% |       9 |      86 |            98 |     46412
    18000 |     +0.1% |      14 |      94 |           108 |     45412
    19000 |     +0.1% |      14 |      94 |           108 |     44412
    20000 |     +0.1% |      14 |      94 |           109 |     43412
[WARNING RSZ-0104] Net be_mmu.dcache/_14469_ only has one pin. Check if it is intended to be dangling.
    21000 |     +0.1% |      15 |     104 |           121 |     42412
    22000 |     +0.1% |      15 |     106 |           123 |     41412
    23000 |     +0.1% |      15 |     111 |           128 |     40412
    24000 |     +0.1% |      15 |     114 |           133 |     39412
[WARNING RSZ-0104] Net be_mmu.dcache/_14471_ only has one pin. Check if it is intended to be dangling.
[WARNING RSZ-0104] Net be_mmu.dcache/_14470_ only has one pin. Check if it is intended to be dangling.
[WARNING RSZ-0104] Net be_calculator/pipe_int.alu/_3926_ only has one pin. Check if it is intended to be dangling.
[WARNING RSZ-0104] Net be_calculator/pipe_int.alu/_3918_ only has one pin. Check if it is intended to be dangling.
[WARNING RSZ-0104] Net be_calculator/pipe_int.alu/_3917_ only has one pin. Check if it is intended to be dangling.
[WARNING RSZ-0104] Net be_calculator/pipe_int.alu/_3885_ only has one pin. Check if it is intended to be dangling.
[WARNING RSZ-0104] Net be_calculator/pipe_int.alu/_3873_ only has one pin. Check if it is intended to be dangling.
[WARNING RSZ-0104] Net be_calculator/pipe_int.alu/_3872_ only has one pin. Check if it is intended to be dangling.
[WARNING RSZ-0104] Net be_calculator/pipe_int.alu/_3847_ only has one pin. Check if it is intended to be dangling.
[WARNING RSZ-0104] Net be_calculator/pipe_int.alu/_3824_ only has one pin. Check if it is intended to be dangling.
    25000 |     +0.1% |      15 |     114 |           133 |     38412
    26000 |     +0.1% |      15 |     114 |           133 |     37412
    27000 |     +0.1% |      15 |     116 |           135 |     36412
    28000 |     +0.1% |      15 |     116 |           136 |     35412
    29000 |     +0.1% |      15 |     116 |           136 |     34412
[WARNING RSZ-0104] Net be_calculator/pipe_int.alu/_3922_ only has one pin. Check if it is intended to be dangling.
[WARNING RSZ-0104] Net be_calculator/pipe_int.alu/_3921_ only has one pin. Check if it is intended to be dangling.
[WARNING RSZ-0104] Net be_calculator/pipe_int.alu/_3920_ only has one pin. Check if it is intended to be dangling.
[WARNING RSZ-0104] Net be_calculator/pipe_int.alu/_3919_ only has one pin. Check if it is intended to be dangling.
[WARNING RSZ-0104] Net be_calculator/pipe_int.alu/_3916_ only has one pin. Check if it is intended to be dangling.
[WARNING RSZ-0104] Net be_calculator/pipe_int.alu/_3915_ only has one pin. Check if it is intended to be dangling.
[WARNING RSZ-0104] Net be_calculator/pipe_int.alu/_3914_ only has one pin. Check if it is intended to be dangling.
[WARNING RSZ-0104] Net be_calculator/pipe_int.alu/_3908_ only has one pin. Check if it is intended to be dangling.
[WARNING RSZ-0104] Net be_calculator/pipe_int.alu/_3902_ only has one pin. Check if it is intended to be dangling.
[WARNING RSZ-0104] Net be_calculator/pipe_int.alu/_3892_ only has one pin. Check if it is intended to be dangling.
[WARNING RSZ-0104] Net be_calculator/pipe_int.alu/_3890_ only has one pin. Check if it is intended to be dangling.
[WARNING RSZ-0104] Net be_calculator/pipe_int.alu/_3888_ only has one pin. Check if it is intended to be dangling.
[WARNING RSZ-0104] Net be_calculator/pipe_int.alu/_3887_ only has one pin. Check if it is intended to be dangling.
[WARNING RSZ-0104] Net be_calculator/pipe_int.alu/_3886_ only has one pin. Check if it is intended to be dangling.
[WARNING RSZ-0104] Net be_calculator/pipe_int.alu/_3884_ only has one pin. Check if it is intended to be dangling.
[WARNING RSZ-0104] Net be_calculator/pipe_int.alu/_3882_ only has one pin. Check if it is intended to be dangling.
[WARNING RSZ-0104] Net be_calculator/pipe_int.alu/_3881_ only has one pin. Check if it is intended to be dangling.
[WARNING RSZ-0104] Net be_calculator/pipe_int.alu/_3880_ only has one pin. Check if it is intended to be dangling.
[WARNING RSZ-0104] Net be_calculator/pipe_int.alu/_3878_ only has one pin. Check if it is intended to be dangling.
[WARNING RSZ-0104] Net be_calculator/pipe_int.alu/_3876_ only has one pin. Check if it is intended to be dangling.
[WARNING RSZ-0104] Net be_calculator/pipe_int.alu/_3875_ only has one pin. Check if it is intended to be dangling.
[WARNING RSZ-0104] Net be_calculator/pipe_int.alu/_3874_ only has one pin. Check if it is intended to be dangling.
[WARNING RSZ-0104] Net be_calculator/pipe_int.alu/_3871_ only has one pin. Check if it is intended to be dangling.
[WARNING RSZ-0104] Net be_calculator/pipe_int.alu/_3870_ only has one pin. Check if it is intended to be dangling.
[WARNING RSZ-0104] Net be_calculator/pipe_int.alu/_3869_ only has one pin. Check if it is intended to be dangling.
[WARNING RSZ-0104] Net be_calculator/pipe_int.alu/_3868_ only has one pin. Check if it is intended to be dangling.
[WARNING RSZ-0104] Net be_calculator/pipe_int.alu/_3867_ only has one pin. Check if it is intended to be dangling.
[WARNING RSZ-0104] Net be_calculator/pipe_int.alu/_3866_ only has one pin. Check if it is intended to be dangling.
[WARNING RSZ-0104] Net be_calculator/pipe_int.alu/_3865_ only has one pin. Check if it is intended to be dangling.
[WARNING RSZ-0104] Net be_calculator/pipe_int.alu/_3864_ only has one pin. Check if it is intended to be dangling.
[WARNING RSZ-0104] Net be_calculator/pipe_int.alu/_3863_ only has one pin. Check if it is intended to be dangling.
[WARNING RSZ-0104] Net be_calculator/pipe_int.alu/_3862_ only has one pin. Check if it is intended to be dangling.
[WARNING RSZ-0104] Net be_calculator/pipe_int.alu/_3860_ only has one pin. Check if it is intended to be dangling.
[WARNING RSZ-0104] Net be_calculator/pipe_int.alu/_3859_ only has one pin. Check if it is intended to be dangling.
[WARNING RSZ-0104] Net be_calculator/pipe_int.alu/_3858_ only has one pin. Check if it is intended to be dangling.
[WARNING RSZ-0104] Net be_calculator/pipe_int.alu/_3855_ only has one pin. Check if it is intended to be dangling.
[WARNING RSZ-0104] Net be_calculator/pipe_int.alu/_3854_ only has one pin. Check if it is intended to be dangling.
[WARNING RSZ-0104] Net be_calculator/pipe_int.alu/_3846_ only has one pin. Check if it is intended to be dangling.
[WARNING RSZ-0104] Net be_calculator/pipe_int.alu/_3844_ only has one pin. Check if it is intended to be dangling.
[WARNING RSZ-0104] Net be_calculator/pipe_int.alu/_3843_ only has one pin. Check if it is intended to be dangling.
[WARNING RSZ-0104] Net be_calculator/pipe_int.alu/_3842_ only has one pin. Check if it is intended to be dangling.
[WARNING RSZ-0104] Net be_calculator/pipe_int.alu/_3841_ only has one pin. Check if it is intended to be dangling.
[WARNING RSZ-0104] Net be_calculator/pipe_int.alu/_3840_ only has one pin. Check if it is intended to be dangling.
[WARNING RSZ-0104] Net be_calculator/pipe_int.alu/_3829_ only has one pin. Check if it is intended to be dangling.
[WARNING RSZ-0104] Net be_calculator/pipe_int.alu/_3828_ only has one pin. Check if it is intended to be dangling.
[WARNING RSZ-0104] Net be_calculator/pipe_int.alu/_3827_ only has one pin. Check if it is intended to be dangling.
[WARNING RSZ-0104] Net be_calculator/pipe_int.alu/_3826_ only has one pin. Check if it is intended to be dangling.
[WARNING RSZ-0104] Net be_calculator/pipe_int.alu/_3825_ only has one pin. Check if it is intended to be dangling.
    30000 |     +0.1% |      15 |     116 |           136 |     33412
    31000 |     +0.1% |      15 |     117 |           137 |     32412
    32000 |     +0.1% |      16 |     119 |           138 |     31412
    33000 |     +0.1% |      16 |     119 |           138 |     30412
[WARNING RSZ-0104] Net be_calculator/pipe_int.alu/_3925_ only has one pin. Check if it is intended to be dangling.
[WARNING RSZ-0104] Net be_calculator/pipe_int.alu/_3924_ only has one pin. Check if it is intended to be dangling.
[WARNING RSZ-0104] Net be_calculator/pipe_int.alu/_3923_ only has one pin. Check if it is intended to be dangling.
[WARNING RSZ-0104] Net be_calculator/pipe_int.alu/_3912_ only has one pin. Check if it is intended to be dangling.
[WARNING RSZ-0104] Net be_calculator/pipe_int.alu/_3909_ only has one pin. Check if it is intended to be dangling.
[WARNING RSZ-0104] Net be_calculator/pipe_int.alu/_3907_ only has one pin. Check if it is intended to be dangling.
[WARNING RSZ-0104] Net be_calculator/pipe_int.alu/_3906_ only has one pin. Check if it is intended to be dangling.
[WARNING RSZ-0104] Net be_calculator/pipe_int.alu/_3904_ only has one pin. Check if it is intended to be dangling.
[WARNING RSZ-0104] Net be_calculator/pipe_int.alu/_3903_ only has one pin. Check if it is intended to be dangling.
[WARNING RSZ-0104] Net be_calculator/pipe_int.alu/_3900_ only has one pin. Check if it is intended to be dangling.
[WARNING RSZ-0104] Net be_calculator/pipe_int.alu/_3898_ only has one pin. Check if it is intended to be dangling.
[WARNING RSZ-0104] Net be_calculator/pipe_int.alu/_3897_ only has one pin. Check if it is intended to be dangling.
[WARNING RSZ-0104] Net be_calculator/pipe_int.alu/_3896_ only has one pin. Check if it is intended to be dangling.
[WARNING RSZ-0104] Net be_calculator/pipe_int.alu/_3894_ only has one pin. Check if it is intended to be dangling.
[WARNING RSZ-0104] Net be_calculator/pipe_int.alu/_3893_ only has one pin. Check if it is intended to be dangling.
[WARNING RSZ-0104] Net be_calculator/pipe_int.alu/_3891_ only has one pin. Check if it is intended to be dangling.
[WARNING RSZ-0104] Net be_calculator/pipe_int.alu/_3889_ only has one pin. Check if it is intended to be dangling.
[WARNING RSZ-0104] Net be_calculator/pipe_int.alu/_3883_ only has one pin. Check if it is intended to be dangling.
[WARNING RSZ-0104] Net be_calculator/pipe_int.alu/_3879_ only has one pin. Check if it is intended to be dangling.
[WARNING RSZ-0104] Net be_calculator/pipe_int.alu/_3877_ only has one pin. Check if it is intended to be dangling.
[WARNING RSZ-0104] Net be_calculator/pipe_int.alu/_3861_ only has one pin. Check if it is intended to be dangling.
[WARNING RSZ-0104] Net be_calculator/pipe_int.alu/_3856_ only has one pin. Check if it is intended to be dangling.
[WARNING RSZ-0104] Net be_calculator/pipe_int.alu/_3852_ only has one pin. Check if it is intended to be dangling.
[WARNING RSZ-0104] Net be_calculator/pipe_int.alu/_3850_ only has one pin. Check if it is intended to be dangling.
[WARNING RSZ-0104] Net be_calculator/pipe_int.alu/_3849_ only has one pin. Check if it is intended to be dangling.
[WARNING RSZ-0104] Net be_calculator/pipe_int.alu/_3848_ only has one pin. Check if it is intended to be dangling.
[WARNING RSZ-0104] Net be_calculator/pipe_int.alu/_3845_ only has one pin. Check if it is intended to be dangling.
[WARNING RSZ-0104] Net be_calculator/pipe_int.alu/_3836_ only has one pin. Check if it is intended to be dangling.
[WARNING RSZ-0104] Net be_calculator/pipe_int.alu/_3834_ only has one pin. Check if it is intended to be dangling.
[WARNING RSZ-0104] Net be_calculator/pipe_int.alu/_3831_ only has one pin. Check if it is intended to be dangling.
[WARNING RSZ-0104] Net be_calculator/pipe_int.alu/_3830_ only has one pin. Check if it is intended to be dangling.
[WARNING RSZ-0104] Net be_calculator/pipe_int.alu/_3823_ only has one pin. Check if it is intended to be dangling.
[WARNING RSZ-0104] Net be_calculator/pipe_int.alu/_3822_ only has one pin. Check if it is intended to be dangling.
    34000 |     +0.1% |      16 |     119 |           138 |     29412
    35000 |     +0.1% |      16 |     119 |           138 |     28412
    36000 |     +0.1% |      16 |     120 |           139 |     27412
[WARNING RSZ-0104] Net be_calculator/pipe_int.alu/_3913_ only has one pin. Check if it is intended to be dangling.
[WARNING RSZ-0104] Net be_calculator/pipe_int.alu/_3911_ only has one pin. Check if it is intended to be dangling.
[WARNING RSZ-0104] Net be_calculator/pipe_int.alu/_3910_ only has one pin. Check if it is intended to be dangling.
[WARNING RSZ-0104] Net be_calculator/pipe_int.alu/_3905_ only has one pin. Check if it is intended to be dangling.
[WARNING RSZ-0104] Net be_calculator/pipe_int.alu/_3901_ only has one pin. Check if it is intended to be dangling.
[WARNING RSZ-0104] Net be_calculator/pipe_int.alu/_3899_ only has one pin. Check if it is intended to be dangling.
[WARNING RSZ-0104] Net be_calculator/pipe_int.alu/_3895_ only has one pin. Check if it is intended to be dangling.
[WARNING RSZ-0104] Net be_calculator/pipe_int.alu/_3857_ only has one pin. Check if it is intended to be dangling.
[WARNING RSZ-0104] Net be_calculator/pipe_int.alu/_3853_ only has one pin. Check if it is intended to be dangling.
[WARNING RSZ-0104] Net be_calculator/pipe_int.alu/_3851_ only has one pin. Check if it is intended to be dangling.
[WARNING RSZ-0104] Net be_calculator/pipe_int.alu/_3839_ only has one pin. Check if it is intended to be dangling.
[WARNING RSZ-0104] Net be_calculator/pipe_int.alu/_3838_ only has one pin. Check if it is intended to be dangling.
[WARNING RSZ-0104] Net be_calculator/pipe_int.alu/_3837_ only has one pin. Check if it is intended to be dangling.
[WARNING RSZ-0104] Net be_calculator/pipe_int.alu/_3835_ only has one pin. Check if it is intended to be dangling.
[WARNING RSZ-0104] Net be_calculator/pipe_int.alu/_3833_ only has one pin. Check if it is intended to be dangling.
[WARNING RSZ-0104] Net be_calculator/pipe_int.alu/_3832_ only has one pin. Check if it is intended to be dangling.
    37000 |     +0.1% |      16 |     120 |           140 |     26412
    38000 |     +0.1% |      16 |     122 |           142 |     25412
    39000 |     +0.1% |      16 |     124 |           147 |     24412
[WARNING RSZ-0104] Net be_mmu.dcache/_14474_ only has one pin. Check if it is intended to be dangling.
[WARNING RSZ-0104] Net be_mmu.dcache/_14473_ only has one pin. Check if it is intended to be dangling.
[WARNING RSZ-0104] Net be_mmu.dcache/_14472_ only has one pin. Check if it is intended to be dangling.
    40000 |     +0.1% |      21 |     131 |           154 |     23412
    41000 |     +0.1% |      21 |     132 |           155 |     22412
[WARNING RSZ-0104] Net be_calculator/_00207_ only has one pin. Check if it is intended to be dangling.
[WARNING RSZ-0104] Net _1618_ only has one pin. Check if it is intended to be dangling.
[WARNING RSZ-0104] Net _1734_ only has one pin. Check if it is intended to be dangling.
[WARNING RSZ-0104] Net _1735_ only has one pin. Check if it is intended to be dangling.
[WARNING RSZ-0104] Net _1622_ only has one pin. Check if it is intended to be dangling.
[WARNING RSZ-0104] Net _1737_ only has one pin. Check if it is intended to be dangling.
[WARNING RSZ-0104] Net _1726_ only has one pin. Check if it is intended to be dangling.
[WARNING RSZ-0104] Net _1727_ only has one pin. Check if it is intended to be dangling.
[WARNING RSZ-0104] Net _1728_ only has one pin. Check if it is intended to be dangling.
[WARNING RSZ-0104] Net _1729_ only has one pin. Check if it is intended to be dangling.
[WARNING RSZ-0104] Net _1730_ only has one pin. Check if it is intended to be dangling.
[WARNING RSZ-0104] Net _1731_ only has one pin. Check if it is intended to be dangling.
[WARNING RSZ-0104] Net _1732_ only has one pin. Check if it is intended to be dangling.
[WARNING RSZ-0104] Net _1733_ only has one pin. Check if it is intended to be dangling.
[WARNING RSZ-0104] Net _1725_ only has one pin. Check if it is intended to be dangling.
[WARNING RSZ-0104] Net be_mmu.dcache/_13498_ only has one pin. Check if it is intended to be dangling.
    42000 |     +0.1% |      21 |     132 |           155 |     21412
[WARNING RSZ-0104] Net be_mmu.dcache/_13449_ only has one pin. Check if it is intended to be dangling.
[WARNING RSZ-0104] Net be_mmu.dcache/_13487_ only has one pin. Check if it is intended to be dangling.
[WARNING RSZ-0104] Net be_mmu.dcache/_14291_ only has one pin. Check if it is intended to be dangling.
[WARNING RSZ-0104] Net be_mmu.dcache/_14290_ only has one pin. Check if it is intended to be dangling.
[WARNING RSZ-0104] Net be_mmu.dcache/_14289_ only has one pin. Check if it is intended to be dangling.
[WARNING RSZ-0104] Net be_mmu.dcache/_14288_ only has one pin. Check if it is intended to be dangling.
[WARNING RSZ-0104] Net be_mmu.dcache/_14287_ only has one pin. Check if it is intended to be dangling.
[WARNING RSZ-0104] Net be_mmu.dcache/_14286_ only has one pin. Check if it is intended to be dangling.
[WARNING RSZ-0104] Net be_mmu.dcache/_13447_ only has one pin. Check if it is intended to be dangling.
[WARNING RSZ-0104] Net be_mmu.dcache/_14285_ only has one pin. Check if it is intended to be dangling.
[WARNING RSZ-0104] Net be_mmu.dcache/_14284_ only has one pin. Check if it is intended to be dangling.
[WARNING RSZ-0104] Net be_mmu.dcache/_14283_ only has one pin. Check if it is intended to be dangling.
[WARNING RSZ-0104] Net be_mmu.dcache/_14282_ only has one pin. Check if it is intended to be dangling.
[WARNING RSZ-0104] Net be_mmu.dcache/_14281_ only has one pin. Check if it is intended to be dangling.
[WARNING RSZ-0104] Net be_mmu.dcache/_14280_ only has one pin. Check if it is intended to be dangling.
[WARNING RSZ-0104] Net be_mmu.dcache/_14279_ only has one pin. Check if it is intended to be dangling.
[WARNING RSZ-0104] Net be_mmu.dcache/_14278_ only has one pin. Check if it is intended to be dangling.
[WARNING RSZ-0104] Net be_mmu.dcache/_14277_ only has one pin. Check if it is intended to be dangling.
[WARNING RSZ-0104] Net be_mmu.dcache/_14276_ only has one pin. Check if it is intended to be dangling.
[WARNING RSZ-0104] Net be_mmu.dcache/_13468_ only has one pin. Check if it is intended to be dangling.
[WARNING RSZ-0104] Net be_mmu.dcache/_14275_ only has one pin. Check if it is intended to be dangling.
[WARNING RSZ-0104] Net be_mmu.dcache/_14274_ only has one pin. Check if it is intended to be dangling.
[WARNING RSZ-0104] Net be_mmu.dcache/_14270_ only has one pin. Check if it is intended to be dangling.
[WARNING RSZ-0104] Net be_mmu.dcache/_14269_ only has one pin. Check if it is intended to be dangling.
[WARNING RSZ-0104] Net be_mmu.dcache/_14268_ only has one pin. Check if it is intended to be dangling.
[WARNING RSZ-0104] Net be_mmu.dcache/_14267_ only has one pin. Check if it is intended to be dangling.
[WARNING RSZ-0104] Net be_mmu.dcache/_14266_ only has one pin. Check if it is intended to be dangling.
[WARNING RSZ-0104] Net be_mmu.dcache/_13456_ only has one pin. Check if it is intended to be dangling.
[WARNING RSZ-0104] Net be_mmu.dcache/_14265_ only has one pin. Check if it is intended to be dangling.
[WARNING RSZ-0104] Net be_mmu.dcache/_14264_ only has one pin. Check if it is intended to be dangling.
[WARNING RSZ-0104] Net be_mmu.dcache/_14261_ only has one pin. Check if it is intended to be dangling.
[WARNING RSZ-0104] Net be_mmu.dcache/_13486_ only has one pin. Check if it is intended to be dangling.
[WARNING RSZ-0104] Net be_mmu.dcache/_13485_ only has one pin. Check if it is intended to be dangling.
[WARNING RSZ-0104] Net be_mmu.dcache/_13484_ only has one pin. Check if it is intended to be dangling.
[WARNING RSZ-0104] Net be_mmu.dcache/_13482_ only has one pin. Check if it is intended to be dangling.
[WARNING RSZ-0104] Net be_mmu.dcache/_13481_ only has one pin. Check if it is intended to be dangling.
[WARNING RSZ-0104] Net be_mmu.dcache/_13480_ only has one pin. Check if it is intended to be dangling.
[WARNING RSZ-0104] Net be_mmu.dcache/_13479_ only has one pin. Check if it is intended to be dangling.
[WARNING RSZ-0104] Net be_mmu.dcache/_13455_ only has one pin. Check if it is intended to be dangling.
[WARNING RSZ-0104] Net be_mmu.dcache/_14263_ only has one pin. Check if it is intended to be dangling.
[WARNING RSZ-0104] Net be_mmu.dcache/_13483_ only has one pin. Check if it is intended to be dangling.
[WARNING RSZ-0104] Net be_mmu.dcache/_14262_ only has one pin. Check if it is intended to be dangling.
[WARNING RSZ-0104] Net be_mmu.dcache/_13488_ only has one pin. Check if it is intended to be dangling.
[WARNING RSZ-0104] Net be_mmu.dcache/_14292_ only has one pin. Check if it is intended to be dangling.
[WARNING RSZ-0104] Net be_mmu.dcache/_14294_ only has one pin. Check if it is intended to be dangling.
[WARNING RSZ-0104] Net be_mmu.dcache/_14293_ only has one pin. Check if it is intended to be dangling.
[WARNING RSZ-0104] Net be_mmu.dcache/_13491_ only has one pin. Check if it is intended to be dangling.
[WARNING RSZ-0104] Net be_mmu.dcache/_14273_ only has one pin. Check if it is intended to be dangling.
[WARNING RSZ-0104] Net be_mmu.dcache/_14272_ only has one pin. Check if it is intended to be dangling.
[WARNING RSZ-0104] Net be_mmu.dcache/_13454_ only has one pin. Check if it is intended to be dangling.
[WARNING RSZ-0104] Net be_mmu.dcache/_14271_ only has one pin. Check if it is intended to be dangling.
[WARNING RSZ-0104] Net be_mmu.dcache/_14378_ only has one pin. Check if it is intended to be dangling.
[WARNING RSZ-0104] Net be_mmu.dcache/_14377_ only has one pin. Check if it is intended to be dangling.
[WARNING RSZ-0104] Net be_mmu.dcache/_14376_ only has one pin. Check if it is intended to be dangling.
[WARNING RSZ-0104] Net be_mmu.dcache/_14300_ only has one pin. Check if it is intended to be dangling.
[WARNING RSZ-0104] Net be_mmu.dcache/_14299_ only has one pin. Check if it is intended to be dangling.
[WARNING RSZ-0104] Net be_mmu.dcache/_14298_ only has one pin. Check if it is intended to be dangling.
[WARNING RSZ-0104] Net be_mmu.dcache/_14297_ only has one pin. Check if it is intended to be dangling.
[WARNING RSZ-0104] Net be_mmu.dcache/_14296_ only has one pin. Check if it is intended to be dangling.
[WARNING RSZ-0104] Net be_mmu.dcache/_14295_ only has one pin. Check if it is intended to be dangling.
[WARNING RSZ-0104] Net be_mmu.dcache/_13453_ only has one pin. Check if it is intended to be dangling.
[WARNING RSZ-0104] Net be_mmu.dcache/_13441_ only has one pin. Check if it is intended to be dangling.
[WARNING RSZ-0104] Net be_mmu.dcache/_13478_ only has one pin. Check if it is intended to be dangling.
[WARNING RSZ-0104] Net be_mmu.dcache/_13476_ only has one pin. Check if it is intended to be dangling.
[WARNING RSZ-0104] Net be_mmu.dcache/_13475_ only has one pin. Check if it is intended to be dangling.
[WARNING RSZ-0104] Net be_mmu.dcache/_13474_ only has one pin. Check if it is intended to be dangling.
[WARNING RSZ-0104] Net be_mmu.dcache/_13473_ only has one pin. Check if it is intended to be dangling.
[WARNING RSZ-0104] Net be_mmu.dcache/_13472_ only has one pin. Check if it is intended to be dangling.
[WARNING RSZ-0104] Net be_mmu.dcache/_13471_ only has one pin. Check if it is intended to be dangling.
[WARNING RSZ-0104] Net be_mmu.dcache/_13470_ only has one pin. Check if it is intended to be dangling.
[WARNING RSZ-0104] Net be_mmu.dcache/_13469_ only has one pin. Check if it is intended to be dangling.
[WARNING RSZ-0104] Net be_mmu.dcache/_13452_ only has one pin. Check if it is intended to be dangling.
[WARNING RSZ-0104] Net be_mmu.dcache/_13444_ only has one pin. Check if it is intended to be dangling.
[WARNING RSZ-0104] Net be_mmu.dcache/_13443_ only has one pin. Check if it is intended to be dangling.
[WARNING RSZ-0104] Net be_mmu.dcache/_13440_ only has one pin. Check if it is intended to be dangling.
[WARNING RSZ-0104] Net be_mmu.dcache/_13442_ only has one pin. Check if it is intended to be dangling.
[WARNING RSZ-0104] Net be_mmu.dcache/_13446_ only has one pin. Check if it is intended to be dangling.
[WARNING RSZ-0104] Net be_mmu.dcache/_13445_ only has one pin. Check if it is intended to be dangling.
[WARNING RSZ-0104] Net be_mmu.dcache/_13448_ only has one pin. Check if it is intended to be dangling.
[WARNING RSZ-0104] Net be_mmu.dcache/_13477_ only has one pin. Check if it is intended to be dangling.
[WARNING RSZ-0104] Net be_mmu.dcache/_13465_ only has one pin. Check if it is intended to be dangling.
[WARNING RSZ-0104] Net be_mmu.dcache/_13466_ only has one pin. Check if it is intended to be dangling.
[WARNING RSZ-0104] Net be_mmu.dcache/_13451_ only has one pin. Check if it is intended to be dangling.
[WARNING RSZ-0104] Net be_mmu.dcache/_13467_ only has one pin. Check if it is intended to be dangling.
[WARNING RSZ-0104] Net be_mmu.dcache/_13439_ only has one pin. Check if it is intended to be dangling.
[WARNING RSZ-0104] Net be_mmu.dcache/_13464_ only has one pin. Check if it is intended to be dangling.
[WARNING RSZ-0104] Net be_mmu.dcache/_13463_ only has one pin. Check if it is intended to be dangling.
[WARNING RSZ-0104] Net be_mmu.dcache/_13462_ only has one pin. Check if it is intended to be dangling.
[WARNING RSZ-0104] Net be_mmu.dcache/_13461_ only has one pin. Check if it is intended to be dangling.
[WARNING RSZ-0104] Net be_mmu.dcache/_13460_ only has one pin. Check if it is intended to be dangling.
[WARNING RSZ-0104] Net be_mmu.dcache/_13459_ only has one pin. Check if it is intended to be dangling.
[WARNING RSZ-0104] Net be_mmu.dcache/_13458_ only has one pin. Check if it is intended to be dangling.
[WARNING RSZ-0104] Net be_mmu.dcache/_13457_ only has one pin. Check if it is intended to be dangling.
[WARNING RSZ-0104] Net be_mmu.dcache/_13450_ only has one pin. Check if it is intended to be dangling.
[WARNING RSZ-0104] Net be_mmu.dcache/_14310_ only has one pin. Check if it is intended to be dangling.
[WARNING RSZ-0104] Net be_mmu.dcache/_14467_ only has one pin. Check if it is intended to be dangling.
[WARNING RSZ-0104] Net be_mmu.dcache/_14396_ only has one pin. Check if it is intended to be dangling.
[WARNING RSZ-0104] Net be_mmu.dcache/_14395_ only has one pin. Check if it is intended to be dangling.
[WARNING RSZ-0104] Net be_mmu.dcache/_14394_ only has one pin. Check if it is intended to be dangling.
[WARNING RSZ-0104] Net be_mmu.dcache/_14393_ only has one pin. Check if it is intended to be dangling.
[WARNING RSZ-0104] Net be_mmu.dcache/_14392_ only has one pin. Check if it is intended to be dangling.
[WARNING RSZ-0104] Net be_mmu.dcache/_14391_ only has one pin. Check if it is intended to be dangling.
[WARNING RSZ-0104] Net be_mmu.dcache/_14309_ only has one pin. Check if it is intended to be dangling.
[WARNING RSZ-0104] Net be_mmu.dcache/_14390_ only has one pin. Check if it is intended to be dangling.
[WARNING RSZ-0104] Net be_mmu.dcache/_14389_ only has one pin. Check if it is intended to be dangling.
[WARNING RSZ-0104] Net be_mmu.dcache/_14388_ only has one pin. Check if it is intended to be dangling.
[WARNING RSZ-0104] Net be_mmu.dcache/_14387_ only has one pin. Check if it is intended to be dangling.
[WARNING RSZ-0104] Net be_mmu.dcache/_14386_ only has one pin. Check if it is intended to be dangling.
[WARNING RSZ-0104] Net be_mmu.dcache/_14385_ only has one pin. Check if it is intended to be dangling.
[WARNING RSZ-0104] Net be_mmu.dcache/_14384_ only has one pin. Check if it is intended to be dangling.
[WARNING RSZ-0104] Net be_mmu.dcache/_14383_ only has one pin. Check if it is intended to be dangling.
[WARNING RSZ-0104] Net be_mmu.dcache/_14382_ only has one pin. Check if it is intended to be dangling.
[WARNING RSZ-0104] Net be_mmu.dcache/_14381_ only has one pin. Check if it is intended to be dangling.
[WARNING RSZ-0104] Net be_mmu.dcache/_14308_ only has one pin. Check if it is intended to be dangling.
[WARNING RSZ-0104] Net be_mmu.dcache/_14380_ only has one pin. Check if it is intended to be dangling.
[WARNING RSZ-0104] Net be_mmu.dcache/_14379_ only has one pin. Check if it is intended to be dangling.
[WARNING RSZ-0104] Net be_mmu.dcache/_14375_ only has one pin. Check if it is intended to be dangling.
[WARNING RSZ-0104] Net be_mmu.dcache/_14374_ only has one pin. Check if it is intended to be dangling.
[WARNING RSZ-0104] Net be_mmu.dcache/_14373_ only has one pin. Check if it is intended to be dangling.
[WARNING RSZ-0104] Net be_mmu.dcache/_14372_ only has one pin. Check if it is intended to be dangling.
[WARNING RSZ-0104] Net be_mmu.dcache/_14371_ only has one pin. Check if it is intended to be dangling.
[WARNING RSZ-0104] Net be_mmu.dcache/_14307_ only has one pin. Check if it is intended to be dangling.
[WARNING RSZ-0104] Net be_mmu.dcache/_14370_ only has one pin. Check if it is intended to be dangling.
[WARNING RSZ-0104] Net be_mmu.dcache/_14369_ only has one pin. Check if it is intended to be dangling.
[WARNING RSZ-0104] Net be_mmu.dcache/_14368_ only has one pin. Check if it is intended to be dangling.
[WARNING RSZ-0104] Net be_mmu.dcache/_14367_ only has one pin. Check if it is intended to be dangling.
[WARNING RSZ-0104] Net be_mmu.dcache/_14366_ only has one pin. Check if it is intended to be dangling.
[WARNING RSZ-0104] Net be_mmu.dcache/_14365_ only has one pin. Check if it is intended to be dangling.
[WARNING RSZ-0104] Net be_mmu.dcache/_14364_ only has one pin. Check if it is intended to be dangling.
[WARNING RSZ-0104] Net be_mmu.dcache/_14363_ only has one pin. Check if it is intended to be dangling.
[WARNING RSZ-0104] Net be_mmu.dcache/_14362_ only has one pin. Check if it is intended to be dangling.
[WARNING RSZ-0104] Net be_mmu.dcache/_14361_ only has one pin. Check if it is intended to be dangling.
[WARNING RSZ-0104] Net be_mmu.dcache/_14306_ only has one pin. Check if it is intended to be dangling.
[WARNING RSZ-0104] Net be_mmu.dcache/_14360_ only has one pin. Check if it is intended to be dangling.
[WARNING RSZ-0104] Net be_mmu.dcache/_14359_ only has one pin. Check if it is intended to be dangling.
[WARNING RSZ-0104] Net be_mmu.dcache/_14358_ only has one pin. Check if it is intended to be dangling.
[WARNING RSZ-0104] Net be_mmu.dcache/_14357_ only has one pin. Check if it is intended to be dangling.
[WARNING RSZ-0104] Net be_mmu.dcache/_14356_ only has one pin. Check if it is intended to be dangling.
[WARNING RSZ-0104] Net be_mmu.dcache/_14355_ only has one pin. Check if it is intended to be dangling.
[WARNING RSZ-0104] Net be_mmu.dcache/_14354_ only has one pin. Check if it is intended to be dangling.
[WARNING RSZ-0104] Net be_mmu.dcache/_14353_ only has one pin. Check if it is intended to be dangling.
[WARNING RSZ-0104] Net be_mmu.dcache/_14352_ only has one pin. Check if it is intended to be dangling.
[WARNING RSZ-0104] Net be_mmu.dcache/_14351_ only has one pin. Check if it is intended to be dangling.
[WARNING RSZ-0104] Net be_mmu.dcache/_14305_ only has one pin. Check if it is intended to be dangling.
[WARNING RSZ-0104] Net be_mmu.dcache/_14350_ only has one pin. Check if it is intended to be dangling.
[WARNING RSZ-0104] Net be_mmu.dcache/_14349_ only has one pin. Check if it is intended to be dangling.
[WARNING RSZ-0104] Net be_mmu.dcache/_14348_ only has one pin. Check if it is intended to be dangling.
[WARNING RSZ-0104] Net be_mmu.dcache/_14347_ only has one pin. Check if it is intended to be dangling.
[WARNING RSZ-0104] Net be_mmu.dcache/_14346_ only has one pin. Check if it is intended to be dangling.
[WARNING RSZ-0104] Net be_mmu.dcache/_14345_ only has one pin. Check if it is intended to be dangling.
[WARNING RSZ-0104] Net be_mmu.dcache/_14344_ only has one pin. Check if it is intended to be dangling.
[WARNING RSZ-0104] Net be_mmu.dcache/_14343_ only has one pin. Check if it is intended to be dangling.
[WARNING RSZ-0104] Net be_mmu.dcache/_14342_ only has one pin. Check if it is intended to be dangling.
[WARNING RSZ-0104] Net be_mmu.dcache/_14341_ only has one pin. Check if it is intended to be dangling.
[WARNING RSZ-0104] Net be_mmu.dcache/_14304_ only has one pin. Check if it is intended to be dangling.
[WARNING RSZ-0104] Net be_mmu.dcache/_14340_ only has one pin. Check if it is intended to be dangling.
[WARNING RSZ-0104] Net be_mmu.dcache/_14339_ only has one pin. Check if it is intended to be dangling.
[WARNING RSZ-0104] Net be_mmu.dcache/_14338_ only has one pin. Check if it is intended to be dangling.
[WARNING RSZ-0104] Net be_mmu.dcache/_14337_ only has one pin. Check if it is intended to be dangling.
[WARNING RSZ-0104] Net be_mmu.dcache/_14336_ only has one pin. Check if it is intended to be dangling.
[WARNING RSZ-0104] Net be_mmu.dcache/_14335_ only has one pin. Check if it is intended to be dangling.
[WARNING RSZ-0104] Net be_mmu.dcache/_14334_ only has one pin. Check if it is intended to be dangling.
[WARNING RSZ-0104] Net be_mmu.dcache/_14333_ only has one pin. Check if it is intended to be dangling.
[WARNING RSZ-0104] Net be_mmu.dcache/_14332_ only has one pin. Check if it is intended to be dangling.
[WARNING RSZ-0104] Net be_mmu.dcache/_14331_ only has one pin. Check if it is intended to be dangling.
[WARNING RSZ-0104] Net be_mmu.dcache/_14303_ only has one pin. Check if it is intended to be dangling.
[WARNING RSZ-0104] Net be_mmu.dcache/_14330_ only has one pin. Check if it is intended to be dangling.
[WARNING RSZ-0104] Net be_mmu.dcache/_14329_ only has one pin. Check if it is intended to be dangling.
[WARNING RSZ-0104] Net be_mmu.dcache/_14328_ only has one pin. Check if it is intended to be dangling.
[WARNING RSZ-0104] Net be_mmu.dcache/_14327_ only has one pin. Check if it is intended to be dangling.
[WARNING RSZ-0104] Net be_mmu.dcache/_14326_ only has one pin. Check if it is intended to be dangling.
[WARNING RSZ-0104] Net be_mmu.dcache/_14325_ only has one pin. Check if it is intended to be dangling.
[WARNING RSZ-0104] Net be_mmu.dcache/_14324_ only has one pin. Check if it is intended to be dangling.
[WARNING RSZ-0104] Net be_mmu.dcache/_14323_ only has one pin. Check if it is intended to be dangling.
[WARNING RSZ-0104] Net be_mmu.dcache/_14322_ only has one pin. Check if it is intended to be dangling.
[WARNING RSZ-0104] Net be_mmu.dcache/_14321_ only has one pin. Check if it is intended to be dangling.
[WARNING RSZ-0104] Net be_mmu.dcache/_14302_ only has one pin. Check if it is intended to be dangling.
[WARNING RSZ-0104] Net be_mmu.dcache/_14320_ only has one pin. Check if it is intended to be dangling.
[WARNING RSZ-0104] Net be_mmu.dcache/_14319_ only has one pin. Check if it is intended to be dangling.
[WARNING RSZ-0104] Net be_mmu.dcache/_14318_ only has one pin. Check if it is intended to be dangling.
[WARNING RSZ-0104] Net be_mmu.dcache/_14317_ only has one pin. Check if it is intended to be dangling.
[WARNING RSZ-0104] Net be_mmu.dcache/_14316_ only has one pin. Check if it is intended to be dangling.
[WARNING RSZ-0104] Net be_mmu.dcache/_14315_ only has one pin. Check if it is intended to be dangling.
[WARNING RSZ-0104] Net be_mmu.dcache/_14314_ only has one pin. Check if it is intended to be dangling.
[WARNING RSZ-0104] Net be_mmu.dcache/_14313_ only has one pin. Check if it is intended to be dangling.
[WARNING RSZ-0104] Net be_mmu.dcache/_14312_ only has one pin. Check if it is intended to be dangling.
[WARNING RSZ-0104] Net be_mmu.dcache/_14311_ only has one pin. Check if it is intended to be dangling.
[WARNING RSZ-0104] Net be_mmu.dcache/_14301_ only has one pin. Check if it is intended to be dangling.
[WARNING RSZ-0104] Net be_mmu.dcache/_13490_ only has one pin. Check if it is intended to be dangling.
[WARNING RSZ-0104] Net be_mmu.dcache/_14466_ only has one pin. Check if it is intended to be dangling.
[WARNING RSZ-0104] Net be_mmu.dcache/_14465_ only has one pin. Check if it is intended to be dangling.
[WARNING RSZ-0104] Net be_mmu.dcache/_14464_ only has one pin. Check if it is intended to be dangling.
[WARNING RSZ-0104] Net be_mmu.dcache/_14463_ only has one pin. Check if it is intended to be dangling.
[WARNING RSZ-0104] Net be_mmu.dcache/_14462_ only has one pin. Check if it is intended to be dangling.
[WARNING RSZ-0104] Net be_mmu.dcache/_14461_ only has one pin. Check if it is intended to be dangling.
[WARNING RSZ-0104] Net be_mmu.dcache/_14460_ only has one pin. Check if it is intended to be dangling.
[WARNING RSZ-0104] Net be_mmu.dcache/_14406_ only has one pin. Check if it is intended to be dangling.
[WARNING RSZ-0104] Net be_mmu.dcache/_14405_ only has one pin. Check if it is intended to be dangling.
[WARNING RSZ-0104] Net be_mmu.dcache/_14404_ only has one pin. Check if it is intended to be dangling.
[WARNING RSZ-0104] Net be_mmu.dcache/_14403_ only has one pin. Check if it is intended to be dangling.
[WARNING RSZ-0104] Net be_mmu.dcache/_13489_ only has one pin. Check if it is intended to be dangling.
[WARNING RSZ-0104] Net be_mmu.dcache/_14459_ only has one pin. Check if it is intended to be dangling.
[WARNING RSZ-0104] Net be_mmu.dcache/_14458_ only has one pin. Check if it is intended to be dangling.
[WARNING RSZ-0104] Net be_mmu.dcache/_14457_ only has one pin. Check if it is intended to be dangling.
[WARNING RSZ-0104] Net be_mmu.dcache/_14402_ only has one pin. Check if it is intended to be dangling.
[WARNING RSZ-0104] Net be_mmu.dcache/_14456_ only has one pin. Check if it is intended to be dangling.
[WARNING RSZ-0104] Net be_mmu.dcache/_14455_ only has one pin. Check if it is intended to be dangling.
[WARNING RSZ-0104] Net be_mmu.dcache/_14454_ only has one pin. Check if it is intended to be dangling.
[WARNING RSZ-0104] Net be_mmu.dcache/_14453_ only has one pin. Check if it is intended to be dangling.
[WARNING RSZ-0104] Net be_mmu.dcache/_14452_ only has one pin. Check if it is intended to be dangling.
[WARNING RSZ-0104] Net be_mmu.dcache/_14451_ only has one pin. Check if it is intended to be dangling.
[WARNING RSZ-0104] Net be_mmu.dcache/_14450_ only has one pin. Check if it is intended to be dangling.
[WARNING RSZ-0104] Net be_mmu.dcache/_14449_ only has one pin. Check if it is intended to be dangling.
[WARNING RSZ-0104] Net be_mmu.dcache/_14448_ only has one pin. Check if it is intended to be dangling.
[WARNING RSZ-0104] Net be_mmu.dcache/_14447_ only has one pin. Check if it is intended to be dangling.
[WARNING RSZ-0104] Net be_mmu.dcache/_14401_ only has one pin. Check if it is intended to be dangling.
[WARNING RSZ-0104] Net be_mmu.dcache/_14446_ only has one pin. Check if it is intended to be dangling.
[WARNING RSZ-0104] Net be_mmu.dcache/_14445_ only has one pin. Check if it is intended to be dangling.
[WARNING RSZ-0104] Net be_mmu.dcache/_14444_ only has one pin. Check if it is intended to be dangling.
[WARNING RSZ-0104] Net be_mmu.dcache/_14443_ only has one pin. Check if it is intended to be dangling.
[WARNING RSZ-0104] Net be_mmu.dcache/_14442_ only has one pin. Check if it is intended to be dangling.
[WARNING RSZ-0104] Net be_mmu.dcache/_14441_ only has one pin. Check if it is intended to be dangling.
[WARNING RSZ-0104] Net be_mmu.dcache/_14440_ only has one pin. Check if it is intended to be dangling.
[WARNING RSZ-0104] Net be_mmu.dcache/_14439_ only has one pin. Check if it is intended to be dangling.
[WARNING RSZ-0104] Net be_mmu.dcache/_14438_ only has one pin. Check if it is intended to be dangling.
[WARNING RSZ-0104] Net be_mmu.dcache/_14437_ only has one pin. Check if it is intended to be dangling.
[WARNING RSZ-0104] Net be_mmu.dcache/_14400_ only has one pin. Check if it is intended to be dangling.
[WARNING RSZ-0104] Net be_mmu.dcache/_14436_ only has one pin. Check if it is intended to be dangling.
[WARNING RSZ-0104] Net be_mmu.dcache/_14435_ only has one pin. Check if it is intended to be dangling.
[WARNING RSZ-0104] Net be_mmu.dcache/_14434_ only has one pin. Check if it is intended to be dangling.
[WARNING RSZ-0104] Net be_mmu.dcache/_14433_ only has one pin. Check if it is intended to be dangling.
[WARNING RSZ-0104] Net be_mmu.dcache/_14432_ only has one pin. Check if it is intended to be dangling.
[WARNING RSZ-0104] Net be_mmu.dcache/_14431_ only has one pin. Check if it is intended to be dangling.
[WARNING RSZ-0104] Net be_mmu.dcache/_14430_ only has one pin. Check if it is intended to be dangling.
[WARNING RSZ-0104] Net be_mmu.dcache/_14429_ only has one pin. Check if it is intended to be dangling.
[WARNING RSZ-0104] Net be_mmu.dcache/_14428_ only has one pin. Check if it is intended to be dangling.
[WARNING RSZ-0104] Net be_mmu.dcache/_14427_ only has one pin. Check if it is intended to be dangling.
[WARNING RSZ-0104] Net be_mmu.dcache/_14399_ only has one pin. Check if it is intended to be dangling.
[WARNING RSZ-0104] Net be_mmu.dcache/_14426_ only has one pin. Check if it is intended to be dangling.
[WARNING RSZ-0104] Net be_mmu.dcache/_14425_ only has one pin. Check if it is intended to be dangling.
[WARNING RSZ-0104] Net be_mmu.dcache/_14424_ only has one pin. Check if it is intended to be dangling.
[WARNING RSZ-0104] Net be_mmu.dcache/_14423_ only has one pin. Check if it is intended to be dangling.
[WARNING RSZ-0104] Net be_mmu.dcache/_14422_ only has one pin. Check if it is intended to be dangling.
[WARNING RSZ-0104] Net be_mmu.dcache/_14421_ only has one pin. Check if it is intended to be dangling.
[WARNING RSZ-0104] Net be_mmu.dcache/_14420_ only has one pin. Check if it is intended to be dangling.
[WARNING RSZ-0104] Net be_mmu.dcache/_14419_ only has one pin. Check if it is intended to be dangling.
[WARNING RSZ-0104] Net be_mmu.dcache/_14418_ only has one pin. Check if it is intended to be dangling.
[WARNING RSZ-0104] Net be_mmu.dcache/_14417_ only has one pin. Check if it is intended to be dangling.
[WARNING RSZ-0104] Net be_mmu.dcache/_14398_ only has one pin. Check if it is intended to be dangling.
[WARNING RSZ-0104] Net be_mmu.dcache/_14416_ only has one pin. Check if it is intended to be dangling.
[WARNING RSZ-0104] Net be_mmu.dcache/_14415_ only has one pin. Check if it is intended to be dangling.
[WARNING RSZ-0104] Net be_mmu.dcache/_14414_ only has one pin. Check if it is intended to be dangling.
[WARNING RSZ-0104] Net be_mmu.dcache/_14413_ only has one pin. Check if it is intended to be dangling.
[WARNING RSZ-0104] Net be_mmu.dcache/_14412_ only has one pin. Check if it is intended to be dangling.
[WARNING RSZ-0104] Net be_mmu.dcache/_14411_ only has one pin. Check if it is intended to be dangling.
[WARNING RSZ-0104] Net be_mmu.dcache/_14410_ only has one pin. Check if it is intended to be dangling.
[WARNING RSZ-0104] Net be_mmu.dcache/_14409_ only has one pin. Check if it is intended to be dangling.
[WARNING RSZ-0104] Net be_mmu.dcache/_14408_ only has one pin. Check if it is intended to be dangling.
[WARNING RSZ-0104] Net be_mmu.dcache/_14407_ only has one pin. Check if it is intended to be dangling.
[WARNING RSZ-0104] Net be_mmu.dcache/_14397_ only has one pin. Check if it is intended to be dangling.
[WARNING RSZ-0104] Net be_mmu.dcache/_14468_ only has one pin. Check if it is intended to be dangling.
[WARNING RSZ-0104] Net be_mmu.dcache/_13658_ only has one pin. Check if it is intended to be dangling.
[WARNING RSZ-0104] Net be_mmu.dcache/_13736_ only has one pin. Check if it is intended to be dangling.
[WARNING RSZ-0104] Net be_mmu.dcache/_13735_ only has one pin. Check if it is intended to be dangling.
[WARNING RSZ-0104] Net be_mmu.dcache/_13734_ only has one pin. Check if it is intended to be dangling.
[WARNING RSZ-0104] Net be_mmu.dcache/_13733_ only has one pin. Check if it is intended to be dangling.
[WARNING RSZ-0104] Net be_mmu.dcache/_13732_ only has one pin. Check if it is intended to be dangling.
[WARNING RSZ-0104] Net be_mmu.dcache/_13657_ only has one pin. Check if it is intended to be dangling.
[WARNING RSZ-0104] Net be_mmu.dcache/_13731_ only has one pin. Check if it is intended to be dangling.
[WARNING RSZ-0104] Net be_mmu.dcache/_13730_ only has one pin. Check if it is intended to be dangling.
[WARNING RSZ-0104] Net be_mmu.dcache/_13729_ only has one pin. Check if it is intended to be dangling.
[WARNING RSZ-0104] Net be_mmu.dcache/_13728_ only has one pin. Check if it is intended to be dangling.
[WARNING RSZ-0104] Net be_mmu.dcache/_13727_ only has one pin. Check if it is intended to be dangling.
[WARNING RSZ-0104] Net be_mmu.dcache/_13726_ only has one pin. Check if it is intended to be dangling.
[WARNING RSZ-0104] Net be_mmu.dcache/_13725_ only has one pin. Check if it is intended to be dangling.
[WARNING RSZ-0104] Net be_mmu.dcache/_13724_ only has one pin. Check if it is intended to be dangling.
[WARNING RSZ-0104] Net be_mmu.dcache/_13723_ only has one pin. Check if it is intended to be dangling.
[WARNING RSZ-0104] Net be_mmu.dcache/_13656_ only has one pin. Check if it is intended to be dangling.
[WARNING RSZ-0104] Net be_mmu.dcache/_13722_ only has one pin. Check if it is intended to be dangling.
[WARNING RSZ-0104] Net be_mmu.dcache/_13721_ only has one pin. Check if it is intended to be dangling.
[WARNING RSZ-0104] Net be_mmu.dcache/_13720_ only has one pin. Check if it is intended to be dangling.
[WARNING RSZ-0104] Net be_mmu.dcache/_13719_ only has one pin. Check if it is intended to be dangling.
[WARNING RSZ-0104] Net be_mmu.dcache/_13718_ only has one pin. Check if it is intended to be dangling.
[WARNING RSZ-0104] Net be_mmu.dcache/_13717_ only has one pin. Check if it is intended to be dangling.
[WARNING RSZ-0104] Net be_mmu.dcache/_13716_ only has one pin. Check if it is intended to be dangling.
[WARNING RSZ-0104] Net be_mmu.dcache/_13715_ only has one pin. Check if it is intended to be dangling.
[WARNING RSZ-0104] Net be_mmu.dcache/_13714_ only has one pin. Check if it is intended to be dangling.
[WARNING RSZ-0104] Net be_mmu.dcache/_13655_ only has one pin. Check if it is intended to be dangling.
[WARNING RSZ-0104] Net be_mmu.dcache/_13713_ only has one pin. Check if it is intended to be dangling.
[WARNING RSZ-0104] Net be_mmu.dcache/_13712_ only has one pin. Check if it is intended to be dangling.
[WARNING RSZ-0104] Net be_mmu.dcache/_13711_ only has one pin. Check if it is intended to be dangling.
[WARNING RSZ-0104] Net be_mmu.dcache/_13710_ only has one pin. Check if it is intended to be dangling.
[WARNING RSZ-0104] Net be_mmu.dcache/_13709_ only has one pin. Check if it is intended to be dangling.
[WARNING RSZ-0104] Net be_mmu.dcache/_13708_ only has one pin. Check if it is intended to be dangling.
[WARNING RSZ-0104] Net be_mmu.dcache/_13707_ only has one pin. Check if it is intended to be dangling.
[WARNING RSZ-0104] Net be_mmu.dcache/_13706_ only has one pin. Check if it is intended to be dangling.
[WARNING RSZ-0104] Net be_mmu.dcache/_13705_ only has one pin. Check if it is intended to be dangling.
[WARNING RSZ-0104] Net be_mmu.dcache/_13704_ only has one pin. Check if it is intended to be dangling.
[WARNING RSZ-0104] Net be_mmu.dcache/_13654_ only has one pin. Check if it is intended to be dangling.
[WARNING RSZ-0104] Net be_mmu.dcache/_13703_ only has one pin. Check if it is intended to be dangling.
[WARNING RSZ-0104] Net be_mmu.dcache/_13702_ only has one pin. Check if it is intended to be dangling.
[WARNING RSZ-0104] Net be_mmu.dcache/_13701_ only has one pin. Check if it is intended to be dangling.
[WARNING RSZ-0104] Net be_mmu.dcache/_13700_ only has one pin. Check if it is intended to be dangling.
[WARNING RSZ-0104] Net be_mmu.dcache/_13699_ only has one pin. Check if it is intended to be dangling.
[WARNING RSZ-0104] Net be_mmu.dcache/_13698_ only has one pin. Check if it is intended to be dangling.
[WARNING RSZ-0104] Net be_mmu.dcache/_13697_ only has one pin. Check if it is intended to be dangling.
[WARNING RSZ-0104] Net be_mmu.dcache/_13696_ only has one pin. Check if it is intended to be dangling.
[WARNING RSZ-0104] Net be_mmu.dcache/_13695_ only has one pin. Check if it is intended to be dangling.
[WARNING RSZ-0104] Net be_mmu.dcache/_13653_ only has one pin. Check if it is intended to be dangling.
[WARNING RSZ-0104] Net be_mmu.dcache/_13694_ only has one pin. Check if it is intended to be dangling.
[WARNING RSZ-0104] Net be_mmu.dcache/_13693_ only has one pin. Check if it is intended to be dangling.
[WARNING RSZ-0104] Net be_mmu.dcache/_13692_ only has one pin. Check if it is intended to be dangling.
[WARNING RSZ-0104] Net be_mmu.dcache/_13691_ only has one pin. Check if it is intended to be dangling.
[WARNING RSZ-0104] Net be_mmu.dcache/_13690_ only has one pin. Check if it is intended to be dangling.
[WARNING RSZ-0104] Net be_mmu.dcache/_13689_ only has one pin. Check if it is intended to be dangling.
[WARNING RSZ-0104] Net be_mmu.dcache/_13688_ only has one pin. Check if it is intended to be dangling.
[WARNING RSZ-0104] Net be_mmu.dcache/_13687_ only has one pin. Check if it is intended to be dangling.
[WARNING RSZ-0104] Net be_mmu.dcache/_13686_ only has one pin. Check if it is intended to be dangling.
[WARNING RSZ-0104] Net be_mmu.dcache/_13652_ only has one pin. Check if it is intended to be dangling.
[WARNING RSZ-0104] Net be_mmu.dcache/_13685_ only has one pin. Check if it is intended to be dangling.
[WARNING RSZ-0104] Net be_mmu.dcache/_13684_ only has one pin. Check if it is intended to be dangling.
[WARNING RSZ-0104] Net be_mmu.dcache/_13683_ only has one pin. Check if it is intended to be dangling.
[WARNING RSZ-0104] Net be_mmu.dcache/_13682_ only has one pin. Check if it is intended to be dangling.
[WARNING RSZ-0104] Net be_mmu.dcache/_13681_ only has one pin. Check if it is intended to be dangling.
[WARNING RSZ-0104] Net be_mmu.dcache/_13680_ only has one pin. Check if it is intended to be dangling.
[WARNING RSZ-0104] Net be_mmu.dcache/_13679_ only has one pin. Check if it is intended to be dangling.
[WARNING RSZ-0104] Net be_mmu.dcache/_13678_ only has one pin. Check if it is intended to be dangling.
[WARNING RSZ-0104] Net be_mmu.dcache/_13677_ only has one pin. Check if it is intended to be dangling.
[WARNING RSZ-0104] Net be_mmu.dcache/_13651_ only has one pin. Check if it is intended to be dangling.
[WARNING RSZ-0104] Net be_mmu.dcache/_13676_ only has one pin. Check if it is intended to be dangling.
[WARNING RSZ-0104] Net be_mmu.dcache/_13675_ only has one pin. Check if it is intended to be dangling.
[WARNING RSZ-0104] Net be_mmu.dcache/_13674_ only has one pin. Check if it is intended to be dangling.
[WARNING RSZ-0104] Net be_mmu.dcache/_13673_ only has one pin. Check if it is intended to be dangling.
[WARNING RSZ-0104] Net be_mmu.dcache/_13672_ only has one pin. Check if it is intended to be dangling.
[WARNING RSZ-0104] Net be_mmu.dcache/_13671_ only has one pin. Check if it is intended to be dangling.
[WARNING RSZ-0104] Net be_mmu.dcache/_13670_ only has one pin. Check if it is intended to be dangling.
[WARNING RSZ-0104] Net be_mmu.dcache/_13669_ only has one pin. Check if it is intended to be dangling.
[WARNING RSZ-0104] Net be_mmu.dcache/_13668_ only has one pin. Check if it is intended to be dangling.
[WARNING RSZ-0104] Net be_mmu.dcache/_13650_ only has one pin. Check if it is intended to be dangling.
[WARNING RSZ-0104] Net be_mmu.dcache/_13667_ only has one pin. Check if it is intended to be dangling.
[WARNING RSZ-0104] Net be_mmu.dcache/_13666_ only has one pin. Check if it is intended to be dangling.
[WARNING RSZ-0104] Net be_mmu.dcache/_13665_ only has one pin. Check if it is intended to be dangling.
[WARNING RSZ-0104] Net be_mmu.dcache/_13664_ only has one pin. Check if it is intended to be dangling.
[WARNING RSZ-0104] Net be_mmu.dcache/_13663_ only has one pin. Check if it is intended to be dangling.
[WARNING RSZ-0104] Net be_mmu.dcache/_13662_ only has one pin. Check if it is intended to be dangling.
[WARNING RSZ-0104] Net be_mmu.dcache/_13661_ only has one pin. Check if it is intended to be dangling.
[WARNING RSZ-0104] Net be_mmu.dcache/_13660_ only has one pin. Check if it is intended to be dangling.
[WARNING RSZ-0104] Net be_mmu.dcache/_13659_ only has one pin. Check if it is intended to be dangling.
[WARNING RSZ-0104] Net be_mmu.dcache/_13649_ only has one pin. Check if it is intended to be dangling.
[WARNING RSZ-0104] Net be_mmu.dcache/_13501_ only has one pin. Check if it is intended to be dangling.
[WARNING RSZ-0104] Net be_mmu.dcache/_13495_ only has one pin. Check if it is intended to be dangling.
[WARNING RSZ-0104] Net be_mmu.dcache/_13502_ only has one pin. Check if it is intended to be dangling.
[WARNING RSZ-0104] Net be_mmu.dcache/_13496_ only has one pin. Check if it is intended to be dangling.
[WARNING RSZ-0104] Net be_mmu.dcache/_13647_ only has one pin. Check if it is intended to be dangling.
[WARNING RSZ-0104] Net be_mmu.dcache/_13646_ only has one pin. Check if it is intended to be dangling.
[WARNING RSZ-0104] Net be_mmu.dcache/_13645_ only has one pin. Check if it is intended to be dangling.
[WARNING RSZ-0104] Net be_mmu.dcache/_13644_ only has one pin. Check if it is intended to be dangling.
[WARNING RSZ-0104] Net be_mmu.dcache/_13643_ only has one pin. Check if it is intended to be dangling.
[WARNING RSZ-0104] Net be_mmu.dcache/_13642_ only has one pin. Check if it is intended to be dangling.
[WARNING RSZ-0104] Net be_mmu.dcache/_13641_ only has one pin. Check if it is intended to be dangling.
[WARNING RSZ-0104] Net be_mmu.dcache/_13640_ only has one pin. Check if it is intended to be dangling.
[WARNING RSZ-0104] Net be_mmu.dcache/_13639_ only has one pin. Check if it is intended to be dangling.
[WARNING RSZ-0104] Net be_mmu.dcache/_13504_ only has one pin. Check if it is intended to be dangling.
[WARNING RSZ-0104] Net be_mmu.dcache/_13648_ only has one pin. Check if it is intended to be dangling.
[WARNING RSZ-0104] Net be_mmu.dcache/_13638_ only has one pin. Check if it is intended to be dangling.
[WARNING RSZ-0104] Net be_mmu.dcache/_13743_ only has one pin. Check if it is intended to be dangling.
[WARNING RSZ-0104] Net be_mmu.dcache/_13742_ only has one pin. Check if it is intended to be dangling.
[WARNING RSZ-0104] Net be_mmu.dcache/_13741_ only has one pin. Check if it is intended to be dangling.
[WARNING RSZ-0104] Net be_mmu.dcache/_13740_ only has one pin. Check if it is intended to be dangling.
[WARNING RSZ-0104] Net be_mmu.dcache/_13739_ only has one pin. Check if it is intended to be dangling.
[WARNING RSZ-0104] Net be_mmu.dcache/_13738_ only has one pin. Check if it is intended to be dangling.
[WARNING RSZ-0104] Net be_mmu.dcache/_13737_ only has one pin. Check if it is intended to be dangling.
[WARNING RSZ-0104] Net be_mmu.dcache/_13505_ only has one pin. Check if it is intended to be dangling.
[WARNING RSZ-0104] Net be_mmu.dcache/_13754_ only has one pin. Check if it is intended to be dangling.
[WARNING RSZ-0104] Net be_mmu.dcache/_13753_ only has one pin. Check if it is intended to be dangling.
[WARNING RSZ-0104] Net be_mmu.dcache/_13752_ only has one pin. Check if it is intended to be dangling.
[WARNING RSZ-0104] Net be_mmu.dcache/_13751_ only has one pin. Check if it is intended to be dangling.
[WARNING RSZ-0104] Net be_mmu.dcache/_13750_ only has one pin. Check if it is intended to be dangling.
[WARNING RSZ-0104] Net be_mmu.dcache/_13749_ only has one pin. Check if it is intended to be dangling.
[WARNING RSZ-0104] Net be_mmu.dcache/_13748_ only has one pin. Check if it is intended to be dangling.
[WARNING RSZ-0104] Net be_mmu.dcache/_13747_ only has one pin. Check if it is intended to be dangling.
[WARNING RSZ-0104] Net be_mmu.dcache/_13746_ only has one pin. Check if it is intended to be dangling.
[WARNING RSZ-0104] Net be_mmu.dcache/_13745_ only has one pin. Check if it is intended to be dangling.
[WARNING RSZ-0104] Net be_mmu.dcache/_13744_ only has one pin. Check if it is intended to be dangling.
[WARNING RSZ-0104] Net be_mmu.dcache/_13500_ only has one pin. Check if it is intended to be dangling.
[WARNING RSZ-0104] Net be_mmu.dcache/_13494_ only has one pin. Check if it is intended to be dangling.
[WARNING RSZ-0104] Net be_mmu.dcache/_13759_ only has one pin. Check if it is intended to be dangling.
[WARNING RSZ-0104] Net be_mmu.dcache/_13849_ only has one pin. Check if it is intended to be dangling.
[WARNING RSZ-0104] Net be_mmu.dcache/_13848_ only has one pin. Check if it is intended to be dangling.
[WARNING RSZ-0104] Net be_mmu.dcache/_13847_ only has one pin. Check if it is intended to be dangling.
[WARNING RSZ-0104] Net be_mmu.dcache/_13846_ only has one pin. Check if it is intended to be dangling.
[WARNING RSZ-0104] Net be_mmu.dcache/_13845_ only has one pin. Check if it is intended to be dangling.
[WARNING RSZ-0104] Net be_mmu.dcache/_13844_ only has one pin. Check if it is intended to be dangling.
[WARNING RSZ-0104] Net be_mmu.dcache/_13843_ only has one pin. Check if it is intended to be dangling.
[WARNING RSZ-0104] Net be_mmu.dcache/_13842_ only has one pin. Check if it is intended to be dangling.
[WARNING RSZ-0104] Net be_mmu.dcache/_13841_ only has one pin. Check if it is intended to be dangling.
[WARNING RSZ-0104] Net be_mmu.dcache/_13840_ only has one pin. Check if it is intended to be dangling.
[WARNING RSZ-0104] Net be_mmu.dcache/_13758_ only has one pin. Check if it is intended to be dangling.
[WARNING RSZ-0104] Net be_mmu.dcache/_13839_ only has one pin. Check if it is intended to be dangling.
[WARNING RSZ-0104] Net be_mmu.dcache/_13838_ only has one pin. Check if it is intended to be dangling.
[WARNING RSZ-0104] Net be_mmu.dcache/_13837_ only has one pin. Check if it is intended to be dangling.
[WARNING RSZ-0104] Net be_mmu.dcache/_13836_ only has one pin. Check if it is intended to be dangling.
[WARNING RSZ-0104] Net be_mmu.dcache/_13835_ only has one pin. Check if it is intended to be dangling.
[WARNING RSZ-0104] Net be_mmu.dcache/_13834_ only has one pin. Check if it is intended to be dangling.
[WARNING RSZ-0104] Net be_mmu.dcache/_13833_ only has one pin. Check if it is intended to be dangling.
[WARNING RSZ-0104] Net be_mmu.dcache/_13832_ only has one pin. Check if it is intended to be dangling.
[WARNING RSZ-0104] Net be_mmu.dcache/_13831_ only has one pin. Check if it is intended to be dangling.
[WARNING RSZ-0104] Net be_mmu.dcache/_13830_ only has one pin. Check if it is intended to be dangling.
[WARNING RSZ-0104] Net be_mmu.dcache/_13757_ only has one pin. Check if it is intended to be dangling.
[WARNING RSZ-0104] Net be_mmu.dcache/_13829_ only has one pin. Check if it is intended to be dangling.
[WARNING RSZ-0104] Net be_mmu.dcache/_13828_ only has one pin. Check if it is intended to be dangling.
[WARNING RSZ-0104] Net be_mmu.dcache/_13827_ only has one pin. Check if it is intended to be dangling.
[WARNING RSZ-0104] Net be_mmu.dcache/_13826_ only has one pin. Check if it is intended to be dangling.
[WARNING RSZ-0104] Net be_mmu.dcache/_13825_ only has one pin. Check if it is intended to be dangling.
[WARNING RSZ-0104] Net be_mmu.dcache/_13824_ only has one pin. Check if it is intended to be dangling.
[WARNING RSZ-0104] Net be_mmu.dcache/_13823_ only has one pin. Check if it is intended to be dangling.
[WARNING RSZ-0104] Net be_mmu.dcache/_13822_ only has one pin. Check if it is intended to be dangling.
[WARNING RSZ-0104] Net be_mmu.dcache/_13821_ only has one pin. Check if it is intended to be dangling.
[WARNING RSZ-0104] Net be_mmu.dcache/_13820_ only has one pin. Check if it is intended to be dangling.
[WARNING RSZ-0104] Net be_mmu.dcache/_13756_ only has one pin. Check if it is intended to be dangling.
[WARNING RSZ-0104] Net be_mmu.dcache/_13819_ only has one pin. Check if it is intended to be dangling.
[WARNING RSZ-0104] Net be_mmu.dcache/_13818_ only has one pin. Check if it is intended to be dangling.
[WARNING RSZ-0104] Net be_mmu.dcache/_13817_ only has one pin. Check if it is intended to be dangling.
[WARNING RSZ-0104] Net be_mmu.dcache/_13816_ only has one pin. Check if it is intended to be dangling.
[WARNING RSZ-0104] Net be_mmu.dcache/_13815_ only has one pin. Check if it is intended to be dangling.
[WARNING RSZ-0104] Net be_mmu.dcache/_13814_ only has one pin. Check if it is intended to be dangling.
[WARNING RSZ-0104] Net be_mmu.dcache/_13813_ only has one pin. Check if it is intended to be dangling.
[WARNING RSZ-0104] Net be_mmu.dcache/_13812_ only has one pin. Check if it is intended to be dangling.
[WARNING RSZ-0104] Net be_mmu.dcache/_13811_ only has one pin. Check if it is intended to be dangling.
[WARNING RSZ-0104] Net be_mmu.dcache/_13810_ only has one pin. Check if it is intended to be dangling.
[WARNING RSZ-0104] Net be_mmu.dcache/_13755_ only has one pin. Check if it is intended to be dangling.
    43000 |     +0.1% |      21 |     132 |           155 |     20412
[WARNING RSZ-0104] Net be_mmu.dcache/_13809_ only has one pin. Check if it is intended to be dangling.
[WARNING RSZ-0104] Net be_mmu.dcache/_13808_ only has one pin. Check if it is intended to be dangling.
[WARNING RSZ-0104] Net be_mmu.dcache/_13807_ only has one pin. Check if it is intended to be dangling.
[WARNING RSZ-0104] Net be_mmu.dcache/_13806_ only has one pin. Check if it is intended to be dangling.
[WARNING RSZ-0104] Net be_mmu.dcache/_13805_ only has one pin. Check if it is intended to be dangling.
[WARNING RSZ-0104] Net be_mmu.dcache/_13804_ only has one pin. Check if it is intended to be dangling.
[WARNING RSZ-0104] Net be_mmu.dcache/_13803_ only has one pin. Check if it is intended to be dangling.
[WARNING RSZ-0104] Net be_mmu.dcache/_13802_ only has one pin. Check if it is intended to be dangling.
[WARNING RSZ-0104] Net be_mmu.dcache/_13801_ only has one pin. Check if it is intended to be dangling.
[WARNING RSZ-0104] Net be_mmu.dcache/_13511_ only has one pin. Check if it is intended to be dangling.
[WARNING RSZ-0104] Net be_mmu.dcache/_14260_ only has one pin. Check if it is intended to be dangling.
[WARNING RSZ-0104] Net be_mmu.dcache/_13800_ only has one pin. Check if it is intended to be dangling.
[WARNING RSZ-0104] Net be_mmu.dcache/_14259_ only has one pin. Check if it is intended to be dangling.
[WARNING RSZ-0104] Net be_mmu.dcache/_14258_ only has one pin. Check if it is intended to be dangling.
[WARNING RSZ-0104] Net be_mmu.dcache/_14257_ only has one pin. Check if it is intended to be dangling.
[WARNING RSZ-0104] Net be_mmu.dcache/_14256_ only has one pin. Check if it is intended to be dangling.
[WARNING RSZ-0104] Net be_mmu.dcache/_14255_ only has one pin. Check if it is intended to be dangling.
[WARNING RSZ-0104] Net be_mmu.dcache/_14254_ only has one pin. Check if it is intended to be dangling.
[WARNING RSZ-0104] Net be_mmu.dcache/_14253_ only has one pin. Check if it is intended to be dangling.
[WARNING RSZ-0104] Net be_mmu.dcache/_14252_ only has one pin. Check if it is intended to be dangling.
[WARNING RSZ-0104] Net be_mmu.dcache/_14251_ only has one pin. Check if it is intended to be dangling.
[WARNING RSZ-0104] Net be_mmu.dcache/_14250_ only has one pin. Check if it is intended to be dangling.
[WARNING RSZ-0104] Net be_mmu.dcache/_13766_ only has one pin. Check if it is intended to be dangling.
[WARNING RSZ-0104] Net be_mmu.dcache/_13799_ only has one pin. Check if it is intended to be dangling.
[WARNING RSZ-0104] Net be_mmu.dcache/_14249_ only has one pin. Check if it is intended to be dangling.
[WARNING RSZ-0104] Net be_mmu.dcache/_14248_ only has one pin. Check if it is intended to be dangling.
[WARNING RSZ-0104] Net be_mmu.dcache/_14247_ only has one pin. Check if it is intended to be dangling.
[WARNING RSZ-0104] Net be_mmu.dcache/_14246_ only has one pin. Check if it is intended to be dangling.
[WARNING RSZ-0104] Net be_mmu.dcache/_14245_ only has one pin. Check if it is intended to be dangling.
[WARNING RSZ-0104] Net be_mmu.dcache/_14244_ only has one pin. Check if it is intended to be dangling.
[WARNING RSZ-0104] Net be_mmu.dcache/_14243_ only has one pin. Check if it is intended to be dangling.
[WARNING RSZ-0104] Net be_mmu.dcache/_14242_ only has one pin. Check if it is intended to be dangling.
[WARNING RSZ-0104] Net be_mmu.dcache/_14241_ only has one pin. Check if it is intended to be dangling.
[WARNING RSZ-0104] Net be_mmu.dcache/_14240_ only has one pin. Check if it is intended to be dangling.
[WARNING RSZ-0104] Net be_mmu.dcache/_13798_ only has one pin. Check if it is intended to be dangling.
[WARNING RSZ-0104] Net be_mmu.dcache/_14239_ only has one pin. Check if it is intended to be dangling.
[WARNING RSZ-0104] Net be_mmu.dcache/_14238_ only has one pin. Check if it is intended to be dangling.
[WARNING RSZ-0104] Net be_mmu.dcache/_14237_ only has one pin. Check if it is intended to be dangling.
[WARNING RSZ-0104] Net be_mmu.dcache/_14236_ only has one pin. Check if it is intended to be dangling.
[WARNING RSZ-0104] Net be_mmu.dcache/_14235_ only has one pin. Check if it is intended to be dangling.
[WARNING RSZ-0104] Net be_mmu.dcache/_14234_ only has one pin. Check if it is intended to be dangling.
[WARNING RSZ-0104] Net be_mmu.dcache/_14233_ only has one pin. Check if it is intended to be dangling.
[WARNING RSZ-0104] Net be_mmu.dcache/_14232_ only has one pin. Check if it is intended to be dangling.
[WARNING RSZ-0104] Net be_mmu.dcache/_14231_ only has one pin. Check if it is intended to be dangling.
[WARNING RSZ-0104] Net be_mmu.dcache/_14230_ only has one pin. Check if it is intended to be dangling.
[WARNING RSZ-0104] Net be_mmu.dcache/_13797_ only has one pin. Check if it is intended to be dangling.
[WARNING RSZ-0104] Net be_mmu.dcache/_14229_ only has one pin. Check if it is intended to be dangling.
[WARNING RSZ-0104] Net be_mmu.dcache/_14228_ only has one pin. Check if it is intended to be dangling.
[WARNING RSZ-0104] Net be_mmu.dcache/_14227_ only has one pin. Check if it is intended to be dangling.
[WARNING RSZ-0104] Net be_mmu.dcache/_14226_ only has one pin. Check if it is intended to be dangling.
[WARNING RSZ-0104] Net be_mmu.dcache/_14225_ only has one pin. Check if it is intended to be dangling.
[WARNING RSZ-0104] Net be_mmu.dcache/_14224_ only has one pin. Check if it is intended to be dangling.
[WARNING RSZ-0104] Net be_mmu.dcache/_14223_ only has one pin. Check if it is intended to be dangling.
[WARNING RSZ-0104] Net be_mmu.dcache/_14222_ only has one pin. Check if it is intended to be dangling.
[WARNING RSZ-0104] Net be_mmu.dcache/_14221_ only has one pin. Check if it is intended to be dangling.
[WARNING RSZ-0104] Net be_mmu.dcache/_14220_ only has one pin. Check if it is intended to be dangling.
[WARNING RSZ-0104] Net be_mmu.dcache/_13796_ only has one pin. Check if it is intended to be dangling.
[WARNING RSZ-0104] Net be_mmu.dcache/_14219_ only has one pin. Check if it is intended to be dangling.
[WARNING RSZ-0104] Net be_mmu.dcache/_14218_ only has one pin. Check if it is intended to be dangling.
[WARNING RSZ-0104] Net be_mmu.dcache/_14217_ only has one pin. Check if it is intended to be dangling.
[WARNING RSZ-0104] Net be_mmu.dcache/_14216_ only has one pin. Check if it is intended to be dangling.
[WARNING RSZ-0104] Net be_mmu.dcache/_14215_ only has one pin. Check if it is intended to be dangling.
[WARNING RSZ-0104] Net be_mmu.dcache/_14214_ only has one pin. Check if it is intended to be dangling.
[WARNING RSZ-0104] Net be_mmu.dcache/_14213_ only has one pin. Check if it is intended to be dangling.
[WARNING RSZ-0104] Net be_mmu.dcache/_14212_ only has one pin. Check if it is intended to be dangling.
[WARNING RSZ-0104] Net be_mmu.dcache/_14211_ only has one pin. Check if it is intended to be dangling.
[WARNING RSZ-0104] Net be_mmu.dcache/_14210_ only has one pin. Check if it is intended to be dangling.
[WARNING RSZ-0104] Net be_mmu.dcache/_13795_ only has one pin. Check if it is intended to be dangling.
[WARNING RSZ-0104] Net be_mmu.dcache/_14209_ only has one pin. Check if it is intended to be dangling.
[WARNING RSZ-0104] Net be_mmu.dcache/_14208_ only has one pin. Check if it is intended to be dangling.
[WARNING RSZ-0104] Net be_mmu.dcache/_14207_ only has one pin. Check if it is intended to be dangling.
[WARNING RSZ-0104] Net be_mmu.dcache/_14206_ only has one pin. Check if it is intended to be dangling.
[WARNING RSZ-0104] Net be_mmu.dcache/_14205_ only has one pin. Check if it is intended to be dangling.
[WARNING RSZ-0104] Net be_mmu.dcache/_14204_ only has one pin. Check if it is intended to be dangling.
[WARNING RSZ-0104] Net be_mmu.dcache/_14203_ only has one pin. Check if it is intended to be dangling.
[WARNING RSZ-0104] Net be_mmu.dcache/_14202_ only has one pin. Check if it is intended to be dangling.
[WARNING RSZ-0104] Net be_mmu.dcache/_14201_ only has one pin. Check if it is intended to be dangling.
[WARNING RSZ-0104] Net be_mmu.dcache/_14200_ only has one pin. Check if it is intended to be dangling.
[WARNING RSZ-0104] Net be_mmu.dcache/_13794_ only has one pin. Check if it is intended to be dangling.
[WARNING RSZ-0104] Net be_mmu.dcache/_14199_ only has one pin. Check if it is intended to be dangling.
[WARNING RSZ-0104] Net be_mmu.dcache/_14198_ only has one pin. Check if it is intended to be dangling.
[WARNING RSZ-0104] Net be_mmu.dcache/_14197_ only has one pin. Check if it is intended to be dangling.
[WARNING RSZ-0104] Net be_mmu.dcache/_14196_ only has one pin. Check if it is intended to be dangling.
[WARNING RSZ-0104] Net be_mmu.dcache/_14195_ only has one pin. Check if it is intended to be dangling.
[WARNING RSZ-0104] Net be_mmu.dcache/_14194_ only has one pin. Check if it is intended to be dangling.
[WARNING RSZ-0104] Net be_mmu.dcache/_14193_ only has one pin. Check if it is intended to be dangling.
[WARNING RSZ-0104] Net be_mmu.dcache/_14192_ only has one pin. Check if it is intended to be dangling.
[WARNING RSZ-0104] Net be_mmu.dcache/_14191_ only has one pin. Check if it is intended to be dangling.
[WARNING RSZ-0104] Net be_mmu.dcache/_14190_ only has one pin. Check if it is intended to be dangling.
[WARNING RSZ-0104] Net be_mmu.dcache/_13793_ only has one pin. Check if it is intended to be dangling.
[WARNING RSZ-0104] Net be_mmu.dcache/_14189_ only has one pin. Check if it is intended to be dangling.
[WARNING RSZ-0104] Net be_mmu.dcache/_14188_ only has one pin. Check if it is intended to be dangling.
[WARNING RSZ-0104] Net be_mmu.dcache/_14187_ only has one pin. Check if it is intended to be dangling.
[WARNING RSZ-0104] Net be_mmu.dcache/_14186_ only has one pin. Check if it is intended to be dangling.
[WARNING RSZ-0104] Net be_mmu.dcache/_14185_ only has one pin. Check if it is intended to be dangling.
[WARNING RSZ-0104] Net be_mmu.dcache/_14184_ only has one pin. Check if it is intended to be dangling.
[WARNING RSZ-0104] Net be_mmu.dcache/_14183_ only has one pin. Check if it is intended to be dangling.
[WARNING RSZ-0104] Net be_mmu.dcache/_14182_ only has one pin. Check if it is intended to be dangling.
[WARNING RSZ-0104] Net be_mmu.dcache/_14181_ only has one pin. Check if it is intended to be dangling.
[WARNING RSZ-0104] Net be_mmu.dcache/_14180_ only has one pin. Check if it is intended to be dangling.
[WARNING RSZ-0104] Net be_mmu.dcache/_13792_ only has one pin. Check if it is intended to be dangling.
[WARNING RSZ-0104] Net be_mmu.dcache/_14179_ only has one pin. Check if it is intended to be dangling.
[WARNING RSZ-0104] Net be_mmu.dcache/_14178_ only has one pin. Check if it is intended to be dangling.
[WARNING RSZ-0104] Net be_mmu.dcache/_14177_ only has one pin. Check if it is intended to be dangling.
[WARNING RSZ-0104] Net be_mmu.dcache/_14176_ only has one pin. Check if it is intended to be dangling.
[WARNING RSZ-0104] Net be_mmu.dcache/_14175_ only has one pin. Check if it is intended to be dangling.
[WARNING RSZ-0104] Net be_mmu.dcache/_14174_ only has one pin. Check if it is intended to be dangling.
[WARNING RSZ-0104] Net be_mmu.dcache/_14173_ only has one pin. Check if it is intended to be dangling.
[WARNING RSZ-0104] Net be_mmu.dcache/_14172_ only has one pin. Check if it is intended to be dangling.
[WARNING RSZ-0104] Net be_mmu.dcache/_14171_ only has one pin. Check if it is intended to be dangling.
[WARNING RSZ-0104] Net be_mmu.dcache/_14170_ only has one pin. Check if it is intended to be dangling.
[WARNING RSZ-0104] Net be_mmu.dcache/_13791_ only has one pin. Check if it is intended to be dangling.
[WARNING RSZ-0104] Net be_mmu.dcache/_14169_ only has one pin. Check if it is intended to be dangling.
[WARNING RSZ-0104] Net be_mmu.dcache/_14168_ only has one pin. Check if it is intended to be dangling.
[WARNING RSZ-0104] Net be_mmu.dcache/_14167_ only has one pin. Check if it is intended to be dangling.
[WARNING RSZ-0104] Net be_mmu.dcache/_14166_ only has one pin. Check if it is intended to be dangling.
[WARNING RSZ-0104] Net be_mmu.dcache/_14165_ only has one pin. Check if it is intended to be dangling.
[WARNING RSZ-0104] Net be_mmu.dcache/_14164_ only has one pin. Check if it is intended to be dangling.
[WARNING RSZ-0104] Net be_mmu.dcache/_14163_ only has one pin. Check if it is intended to be dangling.
[WARNING RSZ-0104] Net be_mmu.dcache/_13510_ only has one pin. Check if it is intended to be dangling.
[WARNING RSZ-0104] Net be_mmu.dcache/_14161_ only has one pin. Check if it is intended to be dangling.
[WARNING RSZ-0104] Net be_mmu.dcache/_14160_ only has one pin. Check if it is intended to be dangling.
[WARNING RSZ-0104] Net be_mmu.dcache/_13790_ only has one pin. Check if it is intended to be dangling.
[WARNING RSZ-0104] Net be_mmu.dcache/_14159_ only has one pin. Check if it is intended to be dangling.
[WARNING RSZ-0104] Net be_mmu.dcache/_14158_ only has one pin. Check if it is intended to be dangling.
[WARNING RSZ-0104] Net be_mmu.dcache/_14157_ only has one pin. Check if it is intended to be dangling.
[WARNING RSZ-0104] Net be_mmu.dcache/_14156_ only has one pin. Check if it is intended to be dangling.
[WARNING RSZ-0104] Net be_mmu.dcache/_14155_ only has one pin. Check if it is intended to be dangling.
[WARNING RSZ-0104] Net be_mmu.dcache/_14154_ only has one pin. Check if it is intended to be dangling.
[WARNING RSZ-0104] Net be_mmu.dcache/_14153_ only has one pin. Check if it is intended to be dangling.
[WARNING RSZ-0104] Net be_mmu.dcache/_14152_ only has one pin. Check if it is intended to be dangling.
[WARNING RSZ-0104] Net be_mmu.dcache/_14151_ only has one pin. Check if it is intended to be dangling.
[WARNING RSZ-0104] Net be_mmu.dcache/_14150_ only has one pin. Check if it is intended to be dangling.
[WARNING RSZ-0104] Net be_mmu.dcache/_13865_ only has one pin. Check if it is intended to be dangling.
[WARNING RSZ-0104] Net be_mmu.dcache/_13789_ only has one pin. Check if it is intended to be dangling.
[WARNING RSZ-0104] Net be_mmu.dcache/_14149_ only has one pin. Check if it is intended to be dangling.
[WARNING RSZ-0104] Net be_mmu.dcache/_14148_ only has one pin. Check if it is intended to be dangling.
[WARNING RSZ-0104] Net be_mmu.dcache/_14147_ only has one pin. Check if it is intended to be dangling.
[WARNING RSZ-0104] Net be_mmu.dcache/_14146_ only has one pin. Check if it is intended to be dangling.
[WARNING RSZ-0104] Net be_mmu.dcache/_14145_ only has one pin. Check if it is intended to be dangling.
[WARNING RSZ-0104] Net be_mmu.dcache/_14144_ only has one pin. Check if it is intended to be dangling.
[WARNING RSZ-0104] Net be_mmu.dcache/_14143_ only has one pin. Check if it is intended to be dangling.
[WARNING RSZ-0104] Net be_mmu.dcache/_14142_ only has one pin. Check if it is intended to be dangling.
[WARNING RSZ-0104] Net be_mmu.dcache/_14141_ only has one pin. Check if it is intended to be dangling.
[WARNING RSZ-0104] Net be_mmu.dcache/_14140_ only has one pin. Check if it is intended to be dangling.
[WARNING RSZ-0104] Net be_mmu.dcache/_13788_ only has one pin. Check if it is intended to be dangling.
[WARNING RSZ-0104] Net be_mmu.dcache/_14139_ only has one pin. Check if it is intended to be dangling.
[WARNING RSZ-0104] Net be_mmu.dcache/_14138_ only has one pin. Check if it is intended to be dangling.
[WARNING RSZ-0104] Net be_mmu.dcache/_14137_ only has one pin. Check if it is intended to be dangling.
[WARNING RSZ-0104] Net be_mmu.dcache/_14136_ only has one pin. Check if it is intended to be dangling.
[WARNING RSZ-0104] Net be_mmu.dcache/_14135_ only has one pin. Check if it is intended to be dangling.
[WARNING RSZ-0104] Net be_mmu.dcache/_14134_ only has one pin. Check if it is intended to be dangling.
[WARNING RSZ-0104] Net be_mmu.dcache/_14133_ only has one pin. Check if it is intended to be dangling.
[WARNING RSZ-0104] Net be_mmu.dcache/_14132_ only has one pin. Check if it is intended to be dangling.
[WARNING RSZ-0104] Net be_mmu.dcache/_14131_ only has one pin. Check if it is intended to be dangling.
[WARNING RSZ-0104] Net be_mmu.dcache/_14130_ only has one pin. Check if it is intended to be dangling.
[WARNING RSZ-0104] Net be_mmu.dcache/_13787_ only has one pin. Check if it is intended to be dangling.
[WARNING RSZ-0104] Net be_mmu.dcache/_14129_ only has one pin. Check if it is intended to be dangling.
[WARNING RSZ-0104] Net be_mmu.dcache/_14128_ only has one pin. Check if it is intended to be dangling.
[WARNING RSZ-0104] Net be_mmu.dcache/_14127_ only has one pin. Check if it is intended to be dangling.
[WARNING RSZ-0104] Net be_mmu.dcache/_14126_ only has one pin. Check if it is intended to be dangling.
[WARNING RSZ-0104] Net be_mmu.dcache/_14125_ only has one pin. Check if it is intended to be dangling.
[WARNING RSZ-0104] Net be_mmu.dcache/_14124_ only has one pin. Check if it is intended to be dangling.
[WARNING RSZ-0104] Net be_mmu.dcache/_14123_ only has one pin. Check if it is intended to be dangling.
[WARNING RSZ-0104] Net be_mmu.dcache/_14122_ only has one pin. Check if it is intended to be dangling.
[WARNING RSZ-0104] Net be_mmu.dcache/_14121_ only has one pin. Check if it is intended to be dangling.
[WARNING RSZ-0104] Net be_mmu.dcache/_14120_ only has one pin. Check if it is intended to be dangling.
[WARNING RSZ-0104] Net be_mmu.dcache/_13786_ only has one pin. Check if it is intended to be dangling.
[WARNING RSZ-0104] Net be_mmu.dcache/_14119_ only has one pin. Check if it is intended to be dangling.
[WARNING RSZ-0104] Net be_mmu.dcache/_14118_ only has one pin. Check if it is intended to be dangling.
[WARNING RSZ-0104] Net be_mmu.dcache/_14117_ only has one pin. Check if it is intended to be dangling.
[WARNING RSZ-0104] Net be_mmu.dcache/_14116_ only has one pin. Check if it is intended to be dangling.
[WARNING RSZ-0104] Net be_mmu.dcache/_14115_ only has one pin. Check if it is intended to be dangling.
[WARNING RSZ-0104] Net be_mmu.dcache/_14114_ only has one pin. Check if it is intended to be dangling.
[WARNING RSZ-0104] Net be_mmu.dcache/_14113_ only has one pin. Check if it is intended to be dangling.
[WARNING RSZ-0104] Net be_mmu.dcache/_14112_ only has one pin. Check if it is intended to be dangling.
[WARNING RSZ-0104] Net be_mmu.dcache/_14111_ only has one pin. Check if it is intended to be dangling.
[WARNING RSZ-0104] Net be_mmu.dcache/_14110_ only has one pin. Check if it is intended to be dangling.
[WARNING RSZ-0104] Net be_mmu.dcache/_13785_ only has one pin. Check if it is intended to be dangling.
[WARNING RSZ-0104] Net be_mmu.dcache/_14109_ only has one pin. Check if it is intended to be dangling.
[WARNING RSZ-0104] Net be_mmu.dcache/_14108_ only has one pin. Check if it is intended to be dangling.
[WARNING RSZ-0104] Net be_mmu.dcache/_14107_ only has one pin. Check if it is intended to be dangling.
[WARNING RSZ-0104] Net be_mmu.dcache/_14106_ only has one pin. Check if it is intended to be dangling.
[WARNING RSZ-0104] Net be_mmu.dcache/_14105_ only has one pin. Check if it is intended to be dangling.
[WARNING RSZ-0104] Net be_mmu.dcache/_14104_ only has one pin. Check if it is intended to be dangling.
[WARNING RSZ-0104] Net be_mmu.dcache/_14103_ only has one pin. Check if it is intended to be dangling.
[WARNING RSZ-0104] Net be_mmu.dcache/_14102_ only has one pin. Check if it is intended to be dangling.
[WARNING RSZ-0104] Net be_mmu.dcache/_14101_ only has one pin. Check if it is intended to be dangling.
[WARNING RSZ-0104] Net be_mmu.dcache/_14100_ only has one pin. Check if it is intended to be dangling.
[WARNING RSZ-0104] Net be_mmu.dcache/_13784_ only has one pin. Check if it is intended to be dangling.
[WARNING RSZ-0104] Net be_mmu.dcache/_14099_ only has one pin. Check if it is intended to be dangling.
[WARNING RSZ-0104] Net be_mmu.dcache/_14098_ only has one pin. Check if it is intended to be dangling.
[WARNING RSZ-0104] Net be_mmu.dcache/_14097_ only has one pin. Check if it is intended to be dangling.
[WARNING RSZ-0104] Net be_mmu.dcache/_14096_ only has one pin. Check if it is intended to be dangling.
[WARNING RSZ-0104] Net be_mmu.dcache/_14095_ only has one pin. Check if it is intended to be dangling.
[WARNING RSZ-0104] Net be_mmu.dcache/_14094_ only has one pin. Check if it is intended to be dangling.
[WARNING RSZ-0104] Net be_mmu.dcache/_14093_ only has one pin. Check if it is intended to be dangling.
[WARNING RSZ-0104] Net be_mmu.dcache/_14092_ only has one pin. Check if it is intended to be dangling.
[WARNING RSZ-0104] Net be_mmu.dcache/_14091_ only has one pin. Check if it is intended to be dangling.
[WARNING RSZ-0104] Net be_mmu.dcache/_14090_ only has one pin. Check if it is intended to be dangling.
[WARNING RSZ-0104] Net be_mmu.dcache/_13783_ only has one pin. Check if it is intended to be dangling.
[WARNING RSZ-0104] Net be_mmu.dcache/_14089_ only has one pin. Check if it is intended to be dangling.
[WARNING RSZ-0104] Net be_mmu.dcache/_14088_ only has one pin. Check if it is intended to be dangling.
[WARNING RSZ-0104] Net be_mmu.dcache/_14087_ only has one pin. Check if it is intended to be dangling.
[WARNING RSZ-0104] Net be_mmu.dcache/_14086_ only has one pin. Check if it is intended to be dangling.
[WARNING RSZ-0104] Net be_mmu.dcache/_14085_ only has one pin. Check if it is intended to be dangling.
[WARNING RSZ-0104] Net be_mmu.dcache/_14084_ only has one pin. Check if it is intended to be dangling.
[WARNING RSZ-0104] Net be_mmu.dcache/_14083_ only has one pin. Check if it is intended to be dangling.
[WARNING RSZ-0104] Net be_mmu.dcache/_14082_ only has one pin. Check if it is intended to be dangling.
[WARNING RSZ-0104] Net be_mmu.dcache/_14081_ only has one pin. Check if it is intended to be dangling.
[WARNING RSZ-0104] Net be_mmu.dcache/_14080_ only has one pin. Check if it is intended to be dangling.
[WARNING RSZ-0104] Net be_mmu.dcache/_13782_ only has one pin. Check if it is intended to be dangling.
[WARNING RSZ-0104] Net be_mmu.dcache/_14079_ only has one pin. Check if it is intended to be dangling.
[WARNING RSZ-0104] Net be_mmu.dcache/_14078_ only has one pin. Check if it is intended to be dangling.
[WARNING RSZ-0104] Net be_mmu.dcache/_14077_ only has one pin. Check if it is intended to be dangling.
[WARNING RSZ-0104] Net be_mmu.dcache/_14076_ only has one pin. Check if it is intended to be dangling.
[WARNING RSZ-0104] Net be_mmu.dcache/_14075_ only has one pin. Check if it is intended to be dangling.
[WARNING RSZ-0104] Net be_mmu.dcache/_14074_ only has one pin. Check if it is intended to be dangling.
[WARNING RSZ-0104] Net be_mmu.dcache/_14073_ only has one pin. Check if it is intended to be dangling.
[WARNING RSZ-0104] Net be_mmu.dcache/_14072_ only has one pin. Check if it is intended to be dangling.
[WARNING RSZ-0104] Net be_mmu.dcache/_14071_ only has one pin. Check if it is intended to be dangling.
[WARNING RSZ-0104] Net be_mmu.dcache/_14070_ only has one pin. Check if it is intended to be dangling.
[WARNING RSZ-0104] Net be_mmu.dcache/_13781_ only has one pin. Check if it is intended to be dangling.
[WARNING RSZ-0104] Net be_mmu.dcache/_14069_ only has one pin. Check if it is intended to be dangling.
[WARNING RSZ-0104] Net be_mmu.dcache/_14068_ only has one pin. Check if it is intended to be dangling.
[WARNING RSZ-0104] Net be_mmu.dcache/_14067_ only has one pin. Check if it is intended to be dangling.
[WARNING RSZ-0104] Net be_mmu.dcache/_14066_ only has one pin. Check if it is intended to be dangling.
[WARNING RSZ-0104] Net be_mmu.dcache/_14065_ only has one pin. Check if it is intended to be dangling.
[WARNING RSZ-0104] Net be_mmu.dcache/_14064_ only has one pin. Check if it is intended to be dangling.
[WARNING RSZ-0104] Net be_mmu.dcache/_13509_ only has one pin. Check if it is intended to be dangling.
[WARNING RSZ-0104] Net be_mmu.dcache/_14062_ only has one pin. Check if it is intended to be dangling.
[WARNING RSZ-0104] Net be_mmu.dcache/_14061_ only has one pin. Check if it is intended to be dangling.
[WARNING RSZ-0104] Net be_mmu.dcache/_14060_ only has one pin. Check if it is intended to be dangling.
[WARNING RSZ-0104] Net be_mmu.dcache/_13780_ only has one pin. Check if it is intended to be dangling.
[WARNING RSZ-0104] Net be_mmu.dcache/_14059_ only has one pin. Check if it is intended to be dangling.
[WARNING RSZ-0104] Net be_mmu.dcache/_14058_ only has one pin. Check if it is intended to be dangling.
[WARNING RSZ-0104] Net be_mmu.dcache/_14057_ only has one pin. Check if it is intended to be dangling.
[WARNING RSZ-0104] Net be_mmu.dcache/_14056_ only has one pin. Check if it is intended to be dangling.
[WARNING RSZ-0104] Net be_mmu.dcache/_14055_ only has one pin. Check if it is intended to be dangling.
[WARNING RSZ-0104] Net be_mmu.dcache/_14054_ only has one pin. Check if it is intended to be dangling.
[WARNING RSZ-0104] Net be_mmu.dcache/_14053_ only has one pin. Check if it is intended to be dangling.
[WARNING RSZ-0104] Net be_mmu.dcache/_14052_ only has one pin. Check if it is intended to be dangling.
[WARNING RSZ-0104] Net be_mmu.dcache/_14051_ only has one pin. Check if it is intended to be dangling.
[WARNING RSZ-0104] Net be_mmu.dcache/_14050_ only has one pin. Check if it is intended to be dangling.
[WARNING RSZ-0104] Net be_mmu.dcache/_13964_ only has one pin. Check if it is intended to be dangling.
[WARNING RSZ-0104] Net be_mmu.dcache/_13779_ only has one pin. Check if it is intended to be dangling.
[WARNING RSZ-0104] Net be_mmu.dcache/_14049_ only has one pin. Check if it is intended to be dangling.
[WARNING RSZ-0104] Net be_mmu.dcache/_14048_ only has one pin. Check if it is intended to be dangling.
[WARNING RSZ-0104] Net be_mmu.dcache/_14047_ only has one pin. Check if it is intended to be dangling.
[WARNING RSZ-0104] Net be_mmu.dcache/_14046_ only has one pin. Check if it is intended to be dangling.
[WARNING RSZ-0104] Net be_mmu.dcache/_14045_ only has one pin. Check if it is intended to be dangling.
[WARNING RSZ-0104] Net be_mmu.dcache/_14044_ only has one pin. Check if it is intended to be dangling.
[WARNING RSZ-0104] Net be_mmu.dcache/_14043_ only has one pin. Check if it is intended to be dangling.
[WARNING RSZ-0104] Net be_mmu.dcache/_14042_ only has one pin. Check if it is intended to be dangling.
[WARNING RSZ-0104] Net be_mmu.dcache/_14041_ only has one pin. Check if it is intended to be dangling.
[WARNING RSZ-0104] Net be_mmu.dcache/_14040_ only has one pin. Check if it is intended to be dangling.
[WARNING RSZ-0104] Net be_mmu.dcache/_13778_ only has one pin. Check if it is intended to be dangling.
[WARNING RSZ-0104] Net be_mmu.dcache/_14039_ only has one pin. Check if it is intended to be dangling.
[WARNING RSZ-0104] Net be_mmu.dcache/_14038_ only has one pin. Check if it is intended to be dangling.
[WARNING RSZ-0104] Net be_mmu.dcache/_14037_ only has one pin. Check if it is intended to be dangling.
[WARNING RSZ-0104] Net be_mmu.dcache/_14036_ only has one pin. Check if it is intended to be dangling.
[WARNING RSZ-0104] Net be_mmu.dcache/_14035_ only has one pin. Check if it is intended to be dangling.
[WARNING RSZ-0104] Net be_mmu.dcache/_14034_ only has one pin. Check if it is intended to be dangling.
[WARNING RSZ-0104] Net be_mmu.dcache/_14033_ only has one pin. Check if it is intended to be dangling.
[WARNING RSZ-0104] Net be_mmu.dcache/_14032_ only has one pin. Check if it is intended to be dangling.
[WARNING RSZ-0104] Net be_mmu.dcache/_14031_ only has one pin. Check if it is intended to be dangling.
[WARNING RSZ-0104] Net be_mmu.dcache/_14030_ only has one pin. Check if it is intended to be dangling.
[WARNING RSZ-0104] Net be_mmu.dcache/_13777_ only has one pin. Check if it is intended to be dangling.
[WARNING RSZ-0104] Net be_mmu.dcache/_14029_ only has one pin. Check if it is intended to be dangling.
[WARNING RSZ-0104] Net be_mmu.dcache/_14028_ only has one pin. Check if it is intended to be dangling.
[WARNING RSZ-0104] Net be_mmu.dcache/_14027_ only has one pin. Check if it is intended to be dangling.
[WARNING RSZ-0104] Net be_mmu.dcache/_14026_ only has one pin. Check if it is intended to be dangling.
[WARNING RSZ-0104] Net be_mmu.dcache/_14025_ only has one pin. Check if it is intended to be dangling.
[WARNING RSZ-0104] Net be_mmu.dcache/_14024_ only has one pin. Check if it is intended to be dangling.
[WARNING RSZ-0104] Net be_mmu.dcache/_14023_ only has one pin. Check if it is intended to be dangling.
[WARNING RSZ-0104] Net be_mmu.dcache/_14022_ only has one pin. Check if it is intended to be dangling.
[WARNING RSZ-0104] Net be_mmu.dcache/_14021_ only has one pin. Check if it is intended to be dangling.
[WARNING RSZ-0104] Net be_mmu.dcache/_14020_ only has one pin. Check if it is intended to be dangling.
[WARNING RSZ-0104] Net be_mmu.dcache/_13776_ only has one pin. Check if it is intended to be dangling.
[WARNING RSZ-0104] Net be_mmu.dcache/_14019_ only has one pin. Check if it is intended to be dangling.
[WARNING RSZ-0104] Net be_mmu.dcache/_14018_ only has one pin. Check if it is intended to be dangling.
[WARNING RSZ-0104] Net be_mmu.dcache/_14017_ only has one pin. Check if it is intended to be dangling.
[WARNING RSZ-0104] Net be_mmu.dcache/_14016_ only has one pin. Check if it is intended to be dangling.
[WARNING RSZ-0104] Net be_mmu.dcache/_14015_ only has one pin. Check if it is intended to be dangling.
[WARNING RSZ-0104] Net be_mmu.dcache/_14014_ only has one pin. Check if it is intended to be dangling.
[WARNING RSZ-0104] Net be_mmu.dcache/_14013_ only has one pin. Check if it is intended to be dangling.
[WARNING RSZ-0104] Net be_mmu.dcache/_14012_ only has one pin. Check if it is intended to be dangling.
[WARNING RSZ-0104] Net be_mmu.dcache/_14011_ only has one pin. Check if it is intended to be dangling.
[WARNING RSZ-0104] Net be_mmu.dcache/_14010_ only has one pin. Check if it is intended to be dangling.
[WARNING RSZ-0104] Net be_mmu.dcache/_13775_ only has one pin. Check if it is intended to be dangling.
[WARNING RSZ-0104] Net be_mmu.dcache/_14009_ only has one pin. Check if it is intended to be dangling.
[WARNING RSZ-0104] Net be_mmu.dcache/_14008_ only has one pin. Check if it is intended to be dangling.
[WARNING RSZ-0104] Net be_mmu.dcache/_14007_ only has one pin. Check if it is intended to be dangling.
[WARNING RSZ-0104] Net be_mmu.dcache/_14006_ only has one pin. Check if it is intended to be dangling.
[WARNING RSZ-0104] Net be_mmu.dcache/_14005_ only has one pin. Check if it is intended to be dangling.
[WARNING RSZ-0104] Net be_mmu.dcache/_14004_ only has one pin. Check if it is intended to be dangling.
[WARNING RSZ-0104] Net be_mmu.dcache/_14003_ only has one pin. Check if it is intended to be dangling.
[WARNING RSZ-0104] Net be_mmu.dcache/_14002_ only has one pin. Check if it is intended to be dangling.
[WARNING RSZ-0104] Net be_mmu.dcache/_14001_ only has one pin. Check if it is intended to be dangling.
[WARNING RSZ-0104] Net be_mmu.dcache/_14000_ only has one pin. Check if it is intended to be dangling.
[WARNING RSZ-0104] Net be_mmu.dcache/_13774_ only has one pin. Check if it is intended to be dangling.
[WARNING RSZ-0104] Net be_mmu.dcache/_13999_ only has one pin. Check if it is intended to be dangling.
[WARNING RSZ-0104] Net be_mmu.dcache/_13998_ only has one pin. Check if it is intended to be dangling.
[WARNING RSZ-0104] Net be_mmu.dcache/_13997_ only has one pin. Check if it is intended to be dangling.
[WARNING RSZ-0104] Net be_mmu.dcache/_13996_ only has one pin. Check if it is intended to be dangling.
[WARNING RSZ-0104] Net be_mmu.dcache/_13995_ only has one pin. Check if it is intended to be dangling.
[WARNING RSZ-0104] Net be_mmu.dcache/_13994_ only has one pin. Check if it is intended to be dangling.
[WARNING RSZ-0104] Net be_mmu.dcache/_13993_ only has one pin. Check if it is intended to be dangling.
[WARNING RSZ-0104] Net be_mmu.dcache/_13992_ only has one pin. Check if it is intended to be dangling.
[WARNING RSZ-0104] Net be_mmu.dcache/_13991_ only has one pin. Check if it is intended to be dangling.
[WARNING RSZ-0104] Net be_mmu.dcache/_13990_ only has one pin. Check if it is intended to be dangling.
[WARNING RSZ-0104] Net be_mmu.dcache/_13773_ only has one pin. Check if it is intended to be dangling.
[WARNING RSZ-0104] Net be_mmu.dcache/_13989_ only has one pin. Check if it is intended to be dangling.
[WARNING RSZ-0104] Net be_mmu.dcache/_13988_ only has one pin. Check if it is intended to be dangling.
[WARNING RSZ-0104] Net be_mmu.dcache/_13987_ only has one pin. Check if it is intended to be dangling.
[WARNING RSZ-0104] Net be_mmu.dcache/_13986_ only has one pin. Check if it is intended to be dangling.
[WARNING RSZ-0104] Net be_mmu.dcache/_13985_ only has one pin. Check if it is intended to be dangling.
[WARNING RSZ-0104] Net be_mmu.dcache/_13984_ only has one pin. Check if it is intended to be dangling.
[WARNING RSZ-0104] Net be_mmu.dcache/_13983_ only has one pin. Check if it is intended to be dangling.
[WARNING RSZ-0104] Net be_mmu.dcache/_13982_ only has one pin. Check if it is intended to be dangling.
[WARNING RSZ-0104] Net be_mmu.dcache/_13981_ only has one pin. Check if it is intended to be dangling.
[WARNING RSZ-0104] Net be_mmu.dcache/_13980_ only has one pin. Check if it is intended to be dangling.
[WARNING RSZ-0104] Net be_mmu.dcache/_13772_ only has one pin. Check if it is intended to be dangling.
[WARNING RSZ-0104] Net be_mmu.dcache/_13979_ only has one pin. Check if it is intended to be dangling.
[WARNING RSZ-0104] Net be_mmu.dcache/_13978_ only has one pin. Check if it is intended to be dangling.
[WARNING RSZ-0104] Net be_mmu.dcache/_13977_ only has one pin. Check if it is intended to be dangling.
[WARNING RSZ-0104] Net be_mmu.dcache/_13976_ only has one pin. Check if it is intended to be dangling.
[WARNING RSZ-0104] Net be_mmu.dcache/_13975_ only has one pin. Check if it is intended to be dangling.
[WARNING RSZ-0104] Net be_mmu.dcache/_13974_ only has one pin. Check if it is intended to be dangling.
[WARNING RSZ-0104] Net be_mmu.dcache/_13973_ only has one pin. Check if it is intended to be dangling.
[WARNING RSZ-0104] Net be_mmu.dcache/_13972_ only has one pin. Check if it is intended to be dangling.
[WARNING RSZ-0104] Net be_mmu.dcache/_13971_ only has one pin. Check if it is intended to be dangling.
[WARNING RSZ-0104] Net be_mmu.dcache/_13970_ only has one pin. Check if it is intended to be dangling.
[WARNING RSZ-0104] Net be_mmu.dcache/_13771_ only has one pin. Check if it is intended to be dangling.
[WARNING RSZ-0104] Net be_mmu.dcache/_13969_ only has one pin. Check if it is intended to be dangling.
[WARNING RSZ-0104] Net be_mmu.dcache/_13968_ only has one pin. Check if it is intended to be dangling.
[WARNING RSZ-0104] Net be_mmu.dcache/_13967_ only has one pin. Check if it is intended to be dangling.
[WARNING RSZ-0104] Net be_mmu.dcache/_13966_ only has one pin. Check if it is intended to be dangling.
[WARNING RSZ-0104] Net be_mmu.dcache/_13965_ only has one pin. Check if it is intended to be dangling.
[WARNING RSZ-0104] Net be_mmu.dcache/_13508_ only has one pin. Check if it is intended to be dangling.
[WARNING RSZ-0104] Net be_mmu.dcache/_13963_ only has one pin. Check if it is intended to be dangling.
[WARNING RSZ-0104] Net be_mmu.dcache/_13962_ only has one pin. Check if it is intended to be dangling.
[WARNING RSZ-0104] Net be_mmu.dcache/_13961_ only has one pin. Check if it is intended to be dangling.
[WARNING RSZ-0104] Net be_mmu.dcache/_13960_ only has one pin. Check if it is intended to be dangling.
[WARNING RSZ-0104] Net be_mmu.dcache/_13770_ only has one pin. Check if it is intended to be dangling.
[WARNING RSZ-0104] Net be_mmu.dcache/_13959_ only has one pin. Check if it is intended to be dangling.
[WARNING RSZ-0104] Net be_mmu.dcache/_13958_ only has one pin. Check if it is intended to be dangling.
[WARNING RSZ-0104] Net be_mmu.dcache/_13957_ only has one pin. Check if it is intended to be dangling.
[WARNING RSZ-0104] Net be_mmu.dcache/_13956_ only has one pin. Check if it is intended to be dangling.
[WARNING RSZ-0104] Net be_mmu.dcache/_13955_ only has one pin. Check if it is intended to be dangling.
[WARNING RSZ-0104] Net be_mmu.dcache/_13954_ only has one pin. Check if it is intended to be dangling.
[WARNING RSZ-0104] Net be_mmu.dcache/_13953_ only has one pin. Check if it is intended to be dangling.
[WARNING RSZ-0104] Net be_mmu.dcache/_13952_ only has one pin. Check if it is intended to be dangling.
[WARNING RSZ-0104] Net be_mmu.dcache/_13951_ only has one pin. Check if it is intended to be dangling.
[WARNING RSZ-0104] Net be_mmu.dcache/_13950_ only has one pin. Check if it is intended to be dangling.
[WARNING RSZ-0104] Net be_mmu.dcache/_14063_ only has one pin. Check if it is intended to be dangling.
[WARNING RSZ-0104] Net be_mmu.dcache/_13769_ only has one pin. Check if it is intended to be dangling.
[WARNING RSZ-0104] Net be_mmu.dcache/_13949_ only has one pin. Check if it is intended to be dangling.
[WARNING RSZ-0104] Net be_mmu.dcache/_13948_ only has one pin. Check if it is intended to be dangling.
[WARNING RSZ-0104] Net be_mmu.dcache/_13947_ only has one pin. Check if it is intended to be dangling.
[WARNING RSZ-0104] Net be_mmu.dcache/_13946_ only has one pin. Check if it is intended to be dangling.
[WARNING RSZ-0104] Net be_mmu.dcache/_13945_ only has one pin. Check if it is intended to be dangling.
[WARNING RSZ-0104] Net be_mmu.dcache/_13944_ only has one pin. Check if it is intended to be dangling.
[WARNING RSZ-0104] Net be_mmu.dcache/_13943_ only has one pin. Check if it is intended to be dangling.
[WARNING RSZ-0104] Net be_mmu.dcache/_13942_ only has one pin. Check if it is intended to be dangling.
[WARNING RSZ-0104] Net be_mmu.dcache/_13941_ only has one pin. Check if it is intended to be dangling.
[WARNING RSZ-0104] Net be_mmu.dcache/_13940_ only has one pin. Check if it is intended to be dangling.
[WARNING RSZ-0104] Net be_mmu.dcache/_13768_ only has one pin. Check if it is intended to be dangling.
[WARNING RSZ-0104] Net be_mmu.dcache/_13939_ only has one pin. Check if it is intended to be dangling.
[WARNING RSZ-0104] Net be_mmu.dcache/_13938_ only has one pin. Check if it is intended to be dangling.
[WARNING RSZ-0104] Net be_mmu.dcache/_13937_ only has one pin. Check if it is intended to be dangling.
[WARNING RSZ-0104] Net be_mmu.dcache/_13936_ only has one pin. Check if it is intended to be dangling.
[WARNING RSZ-0104] Net be_mmu.dcache/_13935_ only has one pin. Check if it is intended to be dangling.
[WARNING RSZ-0104] Net be_mmu.dcache/_13934_ only has one pin. Check if it is intended to be dangling.
[WARNING RSZ-0104] Net be_mmu.dcache/_13933_ only has one pin. Check if it is intended to be dangling.
[WARNING RSZ-0104] Net be_mmu.dcache/_13932_ only has one pin. Check if it is intended to be dangling.
[WARNING RSZ-0104] Net be_mmu.dcache/_13931_ only has one pin. Check if it is intended to be dangling.
[WARNING RSZ-0104] Net be_mmu.dcache/_13930_ only has one pin. Check if it is intended to be dangling.
[WARNING RSZ-0104] Net be_mmu.dcache/_13767_ only has one pin. Check if it is intended to be dangling.
[WARNING RSZ-0104] Net be_mmu.dcache/_13929_ only has one pin. Check if it is intended to be dangling.
[WARNING RSZ-0104] Net be_mmu.dcache/_13928_ only has one pin. Check if it is intended to be dangling.
[WARNING RSZ-0104] Net be_mmu.dcache/_13927_ only has one pin. Check if it is intended to be dangling.
[WARNING RSZ-0104] Net be_mmu.dcache/_13926_ only has one pin. Check if it is intended to be dangling.
[WARNING RSZ-0104] Net be_mmu.dcache/_13925_ only has one pin. Check if it is intended to be dangling.
[WARNING RSZ-0104] Net be_mmu.dcache/_13924_ only has one pin. Check if it is intended to be dangling.
[WARNING RSZ-0104] Net be_mmu.dcache/_13923_ only has one pin. Check if it is intended to be dangling.
[WARNING RSZ-0104] Net be_mmu.dcache/_13922_ only has one pin. Check if it is intended to be dangling.
[WARNING RSZ-0104] Net be_mmu.dcache/_13921_ only has one pin. Check if it is intended to be dangling.
[WARNING RSZ-0104] Net be_mmu.dcache/_13920_ only has one pin. Check if it is intended to be dangling.
[WARNING RSZ-0104] Net be_mmu.dcache/_13506_ only has one pin. Check if it is intended to be dangling.
[WARNING RSZ-0104] Net be_mmu.dcache/_13919_ only has one pin. Check if it is intended to be dangling.
[WARNING RSZ-0104] Net be_mmu.dcache/_13918_ only has one pin. Check if it is intended to be dangling.
[WARNING RSZ-0104] Net be_mmu.dcache/_13917_ only has one pin. Check if it is intended to be dangling.
[WARNING RSZ-0104] Net be_mmu.dcache/_13916_ only has one pin. Check if it is intended to be dangling.
[WARNING RSZ-0104] Net be_mmu.dcache/_13915_ only has one pin. Check if it is intended to be dangling.
[WARNING RSZ-0104] Net be_mmu.dcache/_13914_ only has one pin. Check if it is intended to be dangling.
[WARNING RSZ-0104] Net be_mmu.dcache/_13913_ only has one pin. Check if it is intended to be dangling.
[WARNING RSZ-0104] Net be_mmu.dcache/_13912_ only has one pin. Check if it is intended to be dangling.
[WARNING RSZ-0104] Net be_mmu.dcache/_13911_ only has one pin. Check if it is intended to be dangling.
[WARNING RSZ-0104] Net be_mmu.dcache/_13910_ only has one pin. Check if it is intended to be dangling.
[WARNING RSZ-0104] Net be_mmu.dcache/_13765_ only has one pin. Check if it is intended to be dangling.
[WARNING RSZ-0104] Net be_mmu.dcache/_13909_ only has one pin. Check if it is intended to be dangling.
[WARNING RSZ-0104] Net be_mmu.dcache/_13908_ only has one pin. Check if it is intended to be dangling.
[WARNING RSZ-0104] Net be_mmu.dcache/_13907_ only has one pin. Check if it is intended to be dangling.
[WARNING RSZ-0104] Net be_mmu.dcache/_13906_ only has one pin. Check if it is intended to be dangling.
[WARNING RSZ-0104] Net be_mmu.dcache/_13905_ only has one pin. Check if it is intended to be dangling.
[WARNING RSZ-0104] Net be_mmu.dcache/_13904_ only has one pin. Check if it is intended to be dangling.
[WARNING RSZ-0104] Net be_mmu.dcache/_13903_ only has one pin. Check if it is intended to be dangling.
[WARNING RSZ-0104] Net be_mmu.dcache/_13902_ only has one pin. Check if it is intended to be dangling.
[WARNING RSZ-0104] Net be_mmu.dcache/_13901_ only has one pin. Check if it is intended to be dangling.
[WARNING RSZ-0104] Net be_mmu.dcache/_13900_ only has one pin. Check if it is intended to be dangling.
[WARNING RSZ-0104] Net be_mmu.dcache/_13764_ only has one pin. Check if it is intended to be dangling.
[WARNING RSZ-0104] Net be_mmu.dcache/_13899_ only has one pin. Check if it is intended to be dangling.
[WARNING RSZ-0104] Net be_mmu.dcache/_13898_ only has one pin. Check if it is intended to be dangling.
[WARNING RSZ-0104] Net be_mmu.dcache/_13897_ only has one pin. Check if it is intended to be dangling.
[WARNING RSZ-0104] Net be_mmu.dcache/_13896_ only has one pin. Check if it is intended to be dangling.
[WARNING RSZ-0104] Net be_mmu.dcache/_13895_ only has one pin. Check if it is intended to be dangling.
[WARNING RSZ-0104] Net be_mmu.dcache/_13894_ only has one pin. Check if it is intended to be dangling.
[WARNING RSZ-0104] Net be_mmu.dcache/_13893_ only has one pin. Check if it is intended to be dangling.
[WARNING RSZ-0104] Net be_mmu.dcache/_13892_ only has one pin. Check if it is intended to be dangling.
[WARNING RSZ-0104] Net be_mmu.dcache/_13891_ only has one pin. Check if it is intended to be dangling.
[WARNING RSZ-0104] Net be_mmu.dcache/_13890_ only has one pin. Check if it is intended to be dangling.
[WARNING RSZ-0104] Net be_mmu.dcache/_13763_ only has one pin. Check if it is intended to be dangling.
[WARNING RSZ-0104] Net be_mmu.dcache/_13889_ only has one pin. Check if it is intended to be dangling.
[WARNING RSZ-0104] Net be_mmu.dcache/_13888_ only has one pin. Check if it is intended to be dangling.
[WARNING RSZ-0104] Net be_mmu.dcache/_13887_ only has one pin. Check if it is intended to be dangling.
[WARNING RSZ-0104] Net be_mmu.dcache/_13886_ only has one pin. Check if it is intended to be dangling.
[WARNING RSZ-0104] Net be_mmu.dcache/_13885_ only has one pin. Check if it is intended to be dangling.
[WARNING RSZ-0104] Net be_mmu.dcache/_13884_ only has one pin. Check if it is intended to be dangling.
[WARNING RSZ-0104] Net be_mmu.dcache/_13883_ only has one pin. Check if it is intended to be dangling.
[WARNING RSZ-0104] Net be_mmu.dcache/_13882_ only has one pin. Check if it is intended to be dangling.
[WARNING RSZ-0104] Net be_mmu.dcache/_13881_ only has one pin. Check if it is intended to be dangling.
[WARNING RSZ-0104] Net be_mmu.dcache/_13880_ only has one pin. Check if it is intended to be dangling.
[WARNING RSZ-0104] Net be_mmu.dcache/_13762_ only has one pin. Check if it is intended to be dangling.
[WARNING RSZ-0104] Net be_mmu.dcache/_13879_ only has one pin. Check if it is intended to be dangling.
[WARNING RSZ-0104] Net be_mmu.dcache/_13878_ only has one pin. Check if it is intended to be dangling.
[WARNING RSZ-0104] Net be_mmu.dcache/_13877_ only has one pin. Check if it is intended to be dangling.
[WARNING RSZ-0104] Net be_mmu.dcache/_13876_ only has one pin. Check if it is intended to be dangling.
[WARNING RSZ-0104] Net be_mmu.dcache/_13875_ only has one pin. Check if it is intended to be dangling.
[WARNING RSZ-0104] Net be_mmu.dcache/_13874_ only has one pin. Check if it is intended to be dangling.
[WARNING RSZ-0104] Net be_mmu.dcache/_13873_ only has one pin. Check if it is intended to be dangling.
[WARNING RSZ-0104] Net be_mmu.dcache/_13872_ only has one pin. Check if it is intended to be dangling.
[WARNING RSZ-0104] message limit (1000) reached. This message will no longer print.
    44000 |     +0.1% |      21 |     132 |           155 |     19412
    45000 |     +0.1% |      21 |     132 |           155 |     18412
    46000 |     +0.1% |      21 |     132 |           155 |     17412
    47000 |     +0.1% |      21 |     132 |           155 |     16412
    48000 |     +0.1% |      21 |     132 |           155 |     15412
    49000 |     +0.1% |      21 |     132 |           155 |     14412
    50000 |     +0.1% |      21 |     132 |           155 |     13412
    51000 |     +0.1% |      21 |     132 |           155 |     12412
    52000 |     +0.1% |      21 |     132 |           155 |     11412
    53000 |     +0.1% |      21 |     132 |           155 |     10412
    54000 |     +0.1% |      21 |     132 |           155 |      9412
    55000 |     +0.1% |      21 |     132 |           155 |      8412
    56000 |     +0.1% |      21 |     132 |           156 |      7412
    57000 |     +0.1% |      21 |     132 |           156 |      6412
    58000 |     +0.1% |      21 |     132 |           156 |      5412
    59000 |     +0.1% |      21 |     132 |           156 |      4412
    60000 |     +0.1% |      21 |     133 |           157 |      3412
    61000 |     +0.1% |      21 |     133 |           157 |      2412
    62000 |     +0.1% |      21 |     133 |           157 |      1412
    63000 |     +0.1% |      21 |     133 |           157 |       412
[WARNING GRT-0128] Incremental global routing finished with congestion. Check the congestion regions in the DRC Viewer.
    final |     +0.1% |      21 |     133 |           157 |         0
---------------------------------------------------------------------
[INFO RSZ-0034] Found 29 slew violations.
[INFO RSZ-0036] Found 150 capacitance violations.
[INFO RSZ-0039] Resized 21 instances.
[INFO RSZ-0038] Inserted 133 buffers in 157 nets.
[INFO RSZ-0504] Runtime: 14.09s
Took 14 seconds: repair_design -verbose
global_route -start_incremental
detailed_placement
[INFO DPL-0006] Core area: 528365.38 um^2
[INFO DPL-0007] Movable instances area: 96105.27 um^2
[INFO DPL-0008] Fixed instances area within core: 144793.91 um^2
[INFO DPL-0009] Utilization: 45.6%
[INFO DPL-0005] Diamond search max displacement: +/- 500 sites horizontally, +/- 100 rows vertically.
[INFO DPL-1102] Legalizing using negotiation legalizer.
[INFO DPL-1103] Negotiation base search window: +/-20 sites horizontally, +/-5 rows vertically 
	Automatic search window extension enabled.
	Search window extendable up to the max displacement cap of +/-500 sites, +/-100 rows near walls.
[INFO DPL-1104] NegotiationLegalizer DRC penalty: 5.
[INFO DPL-0392] Negotiation cell height distribution (4 unique row-count(s)):
[INFO DPL-0393]   height 1 row(s): 55983 cells
[INFO DPL-0393]   height 42 row(s): 1 cells
[INFO DPL-0393]   height 64 row(s): 1 cells
[INFO DPL-0393]   height 81 row(s): 8 cells
          |      Total |  Illegal |  Illegal
Iteration | Violations |    Cells |    Sites
---------------------------------------------
        0 |          0 |         0 |         0
Negotiation phase 1 converged at iteration 0.
[INFO DPL-0500] Runtime: 0.43s
Placement Analysis
---------------------------------
total displacement        219.8 u
average displacement        0.0 u
max displacement           20.8 u
original HPWL         1987555.8 u
legalized HPWL        1987617.5 u
delta HPWL                    0 %

global_route -end_incremental -congestion_report_file /tmp/workspace/scripts-Private_test-fr_cugr_cmp-2-/reports/nangate45/bp_be/base/congestion_post_repair_design.rpt
[WARNING GRT-0128] Incremental global routing finished with congestion. Check the congestion regions in the DRC Viewer.
[WARNING GRT-0115] Global routing finished with congestion. Check the congestion regions in the DRC Viewer.
Repair setup and hold violations...
estimate_parasitics -global_routing
repair_timing -setup_margin 0 -hold_margin 0 -repair_tns 100 -verbose
[INFO RSZ-0100] Repair move sequence: UnbufferMove SizeUpMove SwapPinsMove BufferMove CloneMove SplitLoadMove 
[INFO RSZ-0094] Found 88 endpoints with setup violations.
[INFO RSZ-0099] Repairing 88 out of 88 (100.00%) violating endpoints...
   Iter   | Removed | Resized | Inserted | Cloned |  Pin  |   Area   |    WNS   |   StTNS    |   EnTNS    |  Viol  |  Worst  
          | Buffers |  Gates  | Buffers  |  Gates | Swaps |          |          |            |            | Endpts | St/EnPt 
------------------------------------------------------------------------------------------------------------------------------
       0* |       0 |       0 |        0 |      0 |     0 |    +0.0% |   -0.055 |      -38.5 |       -1.3 |     88 | fe_queue_ready_o
      10* |       0 |       7 |        2 |      0 |     1 |    +0.0% |   -0.019 |      -38.4 |       -0.0 |     88 | fe_queue_ready_o
      18* |       0 |      11 |       14 |      0 |     1 |    +0.0% |    0.000 |      -38.4 |        0.0 |     88 | fe_queue_ready_o
      19* |       0 |      11 |       14 |      0 |     1 |    +0.0% |    0.000 |      -38.4 |        0.0 |     88 | fe_queue_ready_o
      20* |       0 |      11 |       14 |      0 |     1 |    +0.0% |    0.000 |      -38.4 |        0.0 |     88 | fe_queue_ready_o
      20* |       0 |      11 |       14 |      0 |     1 |    +0.0% |    0.000 |      -38.4 |        0.0 |     88 | fe_queue_ready_o
      21* |       0 |      11 |       14 |      0 |     1 |    +0.0% |    0.000 |      -38.4 |        0.0 |     88 | fe_queue_ready_o
      22* |       0 |      11 |       14 |      0 |     1 |    +0.0% |    0.000 |      -38.4 |        0.0 |     88 | fe_queue_ready_o
      23* |       0 |      11 |       14 |      0 |     1 |    +0.0% |    0.000 |      -38.4 |        0.0 |     88 | fe_queue_ready_o
      24* |       0 |      11 |       14 |      0 |     1 |    +0.0% |    0.000 |      -38.4 |        0.0 |     88 | fe_queue_ready_o
      25* |       0 |      11 |       14 |      0 |     1 |    +0.0% |    0.000 |      -38.4 |        0.0 |     88 | fe_queue_ready_o
      26* |       0 |      11 |       14 |      0 |     1 |    +0.0% |    0.000 |      -38.4 |        0.0 |     88 | fe_queue_ready_o
      27* |       0 |      11 |       14 |      0 |     1 |    +0.0% |    0.000 |      -38.4 |        0.0 |     88 | fe_queue_ready_o
      28* |       0 |      11 |       14 |      0 |     1 |    +0.0% |    0.000 |      -38.4 |        0.0 |     88 | fe_queue_ready_o
      29* |       0 |      11 |       14 |      0 |     1 |    +0.0% |    0.000 |      -38.4 |        0.0 |     88 | fe_queue_ready_o
      30* |       0 |      11 |       14 |      0 |     1 |    +0.0% |    0.000 |      -38.4 |        0.0 |     88 | fe_queue_ready_o
      30* |       0 |      11 |       14 |      0 |     1 |    +0.0% |    0.000 |      -38.4 |        0.0 |     88 | fe_queue_ready_o
      31* |       0 |      11 |       14 |      0 |     1 |    +0.0% |    0.000 |      -38.4 |        0.0 |     88 | fe_queue_ready_o
      32* |       0 |      11 |       14 |      0 |     1 |    +0.0% |    0.000 |      -38.4 |        0.0 |     88 | fe_queue_ready_o
      33* |       0 |      11 |       14 |      0 |     1 |    +0.0% |    0.000 |      -38.4 |        0.0 |     88 | fe_queue_ready_o
      34* |       0 |      11 |       14 |      0 |     1 |    +0.0% |    0.000 |      -38.4 |        0.0 |     88 | fe_queue_ready_o
      35* |       0 |      11 |       14 |      0 |     1 |    +0.0% |    0.000 |      -38.4 |        0.0 |     88 | fe_queue_ready_o
      36* |       0 |      11 |       14 |      0 |     1 |    +0.0% |    0.000 |      -38.4 |        0.0 |     88 | fe_queue_ready_o
      37* |       0 |      11 |       14 |      0 |     1 |    +0.0% |    0.000 |      -38.4 |        0.0 |     88 | fe_queue_ready_o
      38* |       0 |      11 |       14 |      0 |     1 |    +0.0% |    0.000 |      -38.4 |        0.0 |     88 | fe_queue_ready_o
      39* |       0 |      11 |       14 |      0 |     1 |    +0.0% |    0.000 |      -38.4 |        0.0 |     88 | fe_queue_ready_o
      40* |       0 |      11 |       14 |      0 |     1 |    +0.0% |    0.000 |      -38.4 |        0.0 |     88 | fe_queue_ready_o
      40* |       0 |      11 |       14 |      0 |     1 |    +0.0% |    0.000 |      -38.4 |        0.0 |     88 | fe_queue_ready_o
      41* |       0 |      11 |       14 |      0 |     1 |    +0.0% |    0.000 |      -38.4 |        0.0 |     88 | fe_queue_ready_o
      42* |       0 |      11 |       14 |      0 |     1 |    +0.0% |    0.000 |      -38.4 |        0.0 |     88 | fe_queue_ready_o
      43* |       0 |      11 |       14 |      0 |     1 |    +0.0% |    0.000 |      -38.4 |        0.0 |     88 | fe_queue_ready_o
      44* |       0 |      11 |       14 |      0 |     1 |    +0.0% |    0.000 |      -38.4 |        0.0 |     88 | fe_queue_ready_o
      45* |       0 |      11 |       14 |      0 |     1 |    +0.0% |    0.000 |      -38.4 |        0.0 |     88 | fe_queue_ready_o
      46* |       0 |      11 |       14 |      0 |     1 |    +0.0% |    0.000 |      -38.4 |        0.0 |     88 | fe_queue_ready_o
      47* |       0 |      11 |       14 |      0 |     1 |    +0.0% |    0.000 |      -38.4 |        0.0 |     88 | fe_queue_ready_o
      48* |       0 |      11 |       14 |      0 |     1 |    +0.0% |    0.000 |      -38.4 |        0.0 |     88 | fe_queue_ready_o
      49* |       0 |      11 |       14 |      0 |     1 |    +0.0% |    0.000 |      -38.4 |        0.0 |     88 | fe_queue_ready_o
      50* |       0 |      11 |       14 |      0 |     1 |    +0.0% |    0.000 |      -38.4 |        0.0 |     88 | fe_queue_ready_o
      50* |       0 |      11 |       14 |      0 |     1 |    +0.0% |    0.000 |      -38.4 |        0.0 |     88 | fe_queue_ready_o
      51* |       0 |      11 |       14 |      0 |     1 |    +0.0% |    0.000 |      -38.4 |        0.0 |     88 | fe_queue_ready_o
      52* |       0 |      11 |       14 |      0 |     1 |    +0.0% |    0.000 |      -38.4 |        0.0 |     88 | fe_queue_ready_o
      53* |       0 |      11 |       14 |      0 |     1 |    +0.0% |    0.000 |      -38.4 |        0.0 |     88 | fe_queue_ready_o
      54* |       0 |      11 |       14 |      0 |     1 |    +0.0% |    0.000 |      -38.4 |        0.0 |     88 | fe_queue_ready_o
      55* |       0 |      11 |       14 |      0 |     1 |    +0.0% |    0.000 |      -38.4 |        0.0 |     88 | fe_queue_ready_o
      56* |       0 |      11 |       14 |      0 |     1 |    +0.0% |    0.000 |      -38.4 |        0.0 |     88 | fe_queue_ready_o
      57* |       0 |      11 |       14 |      0 |     1 |    +0.0% |    0.000 |      -38.4 |        0.0 |     88 | fe_queue_ready_o
      58* |       0 |      11 |       14 |      0 |     1 |    +0.0% |    0.000 |      -38.4 |        0.0 |     88 | fe_queue_ready_o
      59* |       0 |      11 |       14 |      0 |     1 |    +0.0% |    0.000 |      -38.4 |        0.0 |     88 | fe_queue_ready_o
      60* |       0 |      11 |       14 |      0 |     1 |    +0.0% |    0.000 |      -38.4 |        0.0 |     88 | fe_queue_ready_o
      60* |       0 |      11 |       14 |      0 |     1 |    +0.0% |    0.000 |      -38.4 |        0.0 |     88 | fe_queue_ready_o
      61* |       0 |      11 |       14 |      0 |     1 |    +0.0% |    0.000 |      -38.4 |        0.0 |     88 | fe_queue_ready_o
      62* |       0 |      11 |       14 |      0 |     1 |    +0.0% |    0.000 |      -38.4 |        0.0 |     88 | fe_queue_ready_o
      63* |       0 |      11 |       14 |      0 |     1 |    +0.0% |    0.000 |      -38.4 |        0.0 |     88 | fe_queue_ready_o
      64* |       0 |      11 |       14 |      0 |     1 |    +0.0% |    0.000 |      -38.4 |        0.0 |     88 | fe_queue_ready_o
      65* |       0 |      11 |       14 |      0 |     1 |    +0.0% |    0.000 |      -38.4 |        0.0 |     88 | fe_queue_ready_o
      66* |       0 |      11 |       14 |      0 |     1 |    +0.0% |    0.000 |      -38.4 |        0.0 |     88 | fe_queue_ready_o
      67* |       0 |      11 |       14 |      0 |     1 |    +0.0% |    0.000 |      -38.4 |        0.0 |     88 | fe_queue_ready_o
      68* |       0 |      11 |       14 |      0 |     1 |    +0.0% |    0.000 |      -38.4 |        0.0 |     88 | fe_queue_ready_o
      69* |       0 |      11 |       14 |      0 |     1 |    +0.0% |    0.000 |      -38.4 |        0.0 |     88 | fe_queue_ready_o
      70* |       0 |      11 |       14 |      0 |     1 |    +0.0% |    0.000 |      -38.4 |        0.0 |     88 | fe_queue_ready_o
      70* |       0 |      11 |       14 |      0 |     1 |    +0.0% |    0.000 |      -38.4 |        0.0 |     88 | fe_queue_ready_o
      71* |       0 |      11 |       14 |      0 |     1 |    +0.0% |    0.000 |      -38.4 |        0.0 |     88 | fe_queue_ready_o
      72* |       0 |      11 |       14 |      0 |     1 |    +0.0% |    0.000 |      -38.4 |        0.0 |     88 | fe_queue_ready_o
      73* |       0 |      11 |       14 |      0 |     1 |    +0.0% |    0.000 |      -38.4 |        0.0 |     88 | fe_queue_ready_o
      74* |       0 |      11 |       14 |      0 |     1 |    +0.0% |    0.000 |      -38.4 |        0.0 |     88 | fe_queue_ready_o
      75* |       0 |      11 |       14 |      0 |     1 |    +0.0% |    0.000 |      -38.4 |        0.0 |     88 | fe_queue_ready_o
      76* |       0 |      11 |       14 |      0 |     1 |    +0.0% |    0.000 |      -38.4 |        0.0 |     88 | fe_queue_ready_o
      77* |       0 |      11 |       14 |      0 |     1 |    +0.0% |    0.000 |      -38.4 |        0.0 |     88 | fe_queue_ready_o
      78* |       0 |      11 |       14 |      0 |     1 |    +0.0% |    0.000 |      -38.4 |        0.0 |     88 | fe_queue_ready_o
      79* |       0 |      11 |       14 |      0 |     1 |    +0.0% |    0.000 |      -38.4 |        0.0 |     88 | fe_queue_ready_o
      80* |       0 |      11 |       14 |      0 |     1 |    +0.0% |    0.000 |      -38.4 |        0.0 |     88 | fe_queue_ready_o
      80* |       0 |      11 |       14 |      0 |     1 |    +0.0% |    0.000 |      -38.4 |        0.0 |     88 | fe_queue_ready_o
      81* |       0 |      11 |       14 |      0 |     1 |    +0.0% |    0.000 |      -38.4 |        0.0 |     88 | fe_queue_ready_o
      82* |       0 |      11 |       14 |      0 |     1 |    +0.0% |    0.000 |      -38.4 |        0.0 |     88 | fe_queue_ready_o
      83* |       0 |      11 |       14 |      0 |     1 |    +0.0% |    0.000 |      -38.4 |        0.0 |     88 | fe_queue_ready_o
      84* |       0 |      11 |       14 |      0 |     1 |    +0.0% |    0.000 |      -38.4 |        0.0 |     88 | fe_queue_ready_o
      85* |       0 |      11 |       14 |      0 |     1 |    +0.0% |    0.000 |      -38.4 |        0.0 |     88 | fe_queue_ready_o
      86* |       0 |      11 |       14 |      0 |     1 |    +0.0% |    0.000 |      -38.4 |        0.0 |     88 | fe_queue_ready_o
      87* |       0 |      11 |       14 |      0 |     1 |    +0.0% |    0.000 |      -38.4 |        0.0 |     88 | fe_queue_ready_o
      88* |       0 |      11 |       14 |      0 |     1 |    +0.0% |    0.000 |      -38.4 |        0.0 |     88 | fe_queue_ready_o
      89* |       0 |      11 |       14 |      0 |     1 |    +0.0% |    0.000 |      -38.4 |        0.0 |     88 | fe_queue_ready_o
      90* |       0 |      11 |       14 |      0 |     1 |    +0.0% |    0.000 |      -38.4 |        0.0 |     88 | fe_queue_ready_o
      90* |       0 |      11 |       14 |      0 |     1 |    +0.0% |    0.000 |      -38.4 |        0.0 |     88 | fe_queue_ready_o
      91* |       0 |      11 |       14 |      0 |     1 |    +0.0% |    0.000 |      -38.4 |        0.0 |     88 | fe_queue_ready_o
      92* |       0 |      11 |       14 |      0 |     1 |    +0.0% |    0.000 |      -38.4 |        0.0 |     88 | fe_queue_ready_o
      93* |       0 |      11 |       14 |      0 |     1 |    +0.0% |    0.000 |      -38.4 |        0.0 |     88 | fe_queue_ready_o
      94* |       0 |      11 |       14 |      0 |     1 |    +0.0% |    0.000 |      -38.4 |        0.0 |     88 | fe_queue_ready_o
      95* |       0 |      11 |       14 |      0 |     1 |    +0.0% |    0.000 |      -38.4 |        0.0 |     88 | fe_queue_ready_o
      96* |       0 |      11 |       14 |      0 |     1 |    +0.0% |    0.000 |      -38.4 |        0.0 |     88 | fe_queue_ready_o
      97* |       0 |      11 |       14 |      0 |     1 |    +0.0% |    0.000 |      -38.4 |        0.0 |     88 | fe_queue_ready_o
      98* |       0 |      11 |       14 |      0 |     1 |    +0.0% |    0.000 |      -38.4 |        0.0 |     88 | fe_queue_ready_o
      99* |       0 |      11 |       14 |      0 |     1 |    +0.0% |    0.000 |      -38.4 |        0.0 |     88 | fe_queue_ready_o
     100* |       0 |      11 |       14 |      0 |     1 |    +0.0% |    0.000 |      -38.4 |        0.0 |     88 | fe_queue_ready_o
     100* |       0 |      11 |       14 |      0 |     1 |    +0.0% |    0.000 |      -38.4 |        0.0 |     88 | fe_queue_ready_o
     101* |       0 |      11 |       14 |      0 |     1 |    +0.0% |    0.000 |      -38.4 |        0.0 |     88 | fe_queue_ready_o
     102* |       0 |      11 |       14 |      0 |     1 |    +0.0% |    0.000 |      -38.4 |        0.0 |     88 | fe_queue_ready_o
     103* |       0 |      11 |       14 |      0 |     1 |    +0.0% |    0.000 |      -38.4 |        0.0 |     88 | fe_queue_ready_o
     104* |       0 |      11 |       14 |      0 |     1 |    +0.0% |    0.000 |      -38.4 |        0.0 |     88 | fe_queue_ready_o
     105* |       0 |      11 |       14 |      0 |     1 |    +0.0% |    0.000 |      -38.4 |        0.0 |     88 | fe_queue_ready_o
     105* |       0 |      11 |       14 |      0 |     1 |    +0.0% |    0.000 |      -38.4 |        0.0 |     88 | fe_queue_ready_o
    final |       0 |      11 |       14 |      0 |     1 |    +0.0% |    0.000 |      -38.4 |        0.0 |      0 | fe_queue_ready_o
------------------------------------------------------------------------------------------------------------------------------
[INFO RSZ-0040] Inserted 14 buffers.
[INFO RSZ-0051] Resized 11 instances: 11 up, 0 up match, 0 down, 0 VT
[INFO RSZ-0043] Swapped pins on 1 instances.
[WARNING GRT-0128] Incremental global routing finished with congestion. Check the congestion regions in the DRC Viewer.
[INFO RSZ-0505] Runtime: 8.74s
[INFO RSZ-0033] No hold violations found.
[INFO RSZ-0506] Runtime: 0.34s
Took 9 seconds: repair_timing -setup_margin 0 -hold_margin 0 -repair_tns 100 -verbose
global_route -start_incremental
detailed_placement
[INFO DPL-0006] Core area: 528365.38 um^2
[INFO DPL-0007] Movable instances area: 96126.55 um^2
[INFO DPL-0008] Fixed instances area within core: 144793.91 um^2
[INFO DPL-0009] Utilization: 45.6%
[INFO DPL-0005] Diamond search max displacement: +/- 500 sites horizontally, +/- 100 rows vertically.
[INFO DPL-1102] Legalizing using negotiation legalizer.
[INFO DPL-1103] Negotiation base search window: +/-20 sites horizontally, +/-5 rows vertically 
	Automatic search window extension enabled.
	Search window extendable up to the max displacement cap of +/-500 sites, +/-100 rows near walls.
[INFO DPL-1104] NegotiationLegalizer DRC penalty: 5.
[INFO DPL-0392] Negotiation cell height distribution (4 unique row-count(s)):
[INFO DPL-0393]   height 1 row(s): 55997 cells
[INFO DPL-0393]   height 42 row(s): 1 cells
[INFO DPL-0393]   height 64 row(s): 1 cells
[INFO DPL-0393]   height 81 row(s): 8 cells
          |      Total |  Illegal |  Illegal
Iteration | Violations |    Cells |    Sites
---------------------------------------------
        0 |          0 |         0 |         0
Negotiation phase 1 converged at iteration 0.
[INFO DPL-0500] Runtime: 0.42s
Placement Analysis
---------------------------------
total displacement         17.9 u
average displacement        0.0 u
max displacement            2.8 u
original HPWL         1987658.1 u
legalized HPWL        1987672.9 u
delta HPWL                    0 %

check_placement -verbose
global_route -end_incremental -congestion_report_file /tmp/workspace/scripts-Private_test-fr_cugr_cmp-2-/reports/nangate45/bp_be/base/congestion_post_repair_timing.rpt
[WARNING GRT-0128] Incremental global routing finished with congestion. Check the congestion regions in the DRC Viewer.
[WARNING GRT-0115] Global routing finished with congestion. Check the congestion regions in the DRC Viewer.
estimate_parasitics -global_routing
global_route -start_incremental
global_route -end_incremental -congestion_report_file /tmp/workspace/scripts-Private_test-fr_cugr_cmp-2-/reports/nangate45/bp_be/base/congestion_post_recover_power.rpt
[WARNING GRT-0115] Global routing finished with congestion. Check the congestion regions in the DRC Viewer.
Repair antennas...
[WARNING GRT-0246] No diode with LEF class CORE ANTENNACELL found.
[INFO ANT-0002] Found 0 net violations.
[INFO ANT-0001] Found 0 pin violations.
Estimate parasitics...
estimate_parasitics -global_routing
Report metrics stage 5, global route...

==========================================================================
global route report_design_area
--------------------------------------------------------------------------
Design area 240920 um^2 46% utilization.
[INFO FLW-0007] clock CLK period 2.600000
[WARNING FLW-0010] more than one clock found. Skipping sdc update.
[INFO FLW-0011] Path endpoint path count 21464
write_db /tmp/workspace/scripts-Private_test-fr_cugr_cmp-2-/results/nangate45/bp_be/base/5_1_grt.odb
write_sdc -no_timestamp /tmp/workspace/scripts-Private_test-fr_cugr_cmp-2-/results/nangate45/bp_be/base/5_1_grt.sdc
Elapsed time: 2:58.03[h:]min:sec. CPU time: user 951.88 sys 259.10 (680%). Peak memory: 1299012KB.
Log                       Ext     Elapsed/s Peak Memory/MB sha1sum result [0:20)
5_1_grt                   .odb          178           1268 f31491af99c41b0ad1f3
5_1_grt                   .sdc                             9203b36c76f67f5d7d97
