rm -f /tmp/workspace/scripts-Private_test-fr_cugr_cmp-1-/results/nangate45/aes/base/1_* /tmp/workspace/scripts-Private_test-fr_cugr_cmp-1-/results/nangate45/aes/base/mem*.json
rm -rf /tmp/workspace/scripts-Private_test-fr_cugr_cmp-1-/results/nangate45/aes/base/memories
rm -f /tmp/workspace/scripts-Private_test-fr_cugr_cmp-1-/reports/nangate45/aes/base/synth_*
rm -f /tmp/workspace/scripts-Private_test-fr_cugr_cmp-1-/logs/nangate45/aes/base/1_*
rm -f 
rm -f /tmp/workspace/scripts-Private_test-fr_cugr_cmp-1-/results/nangate45/aes/base/clock_period.txt
rm -f /tmp/workspace/scripts-Private_test-fr_cugr_cmp-1-/results/nangate45/aes/base/2_*floorplan*.odb /tmp/workspace/scripts-Private_test-fr_cugr_cmp-1-/results/nangate45/aes/base/2_floorplan.sdc /tmp/workspace/scripts-Private_test-fr_cugr_cmp-1-/results/nangate45/aes/base/2_*.v /tmp/workspace/scripts-Private_test-fr_cugr_cmp-1-/results/nangate45/aes/base/2_*.def
rm -f /tmp/workspace/scripts-Private_test-fr_cugr_cmp-1-/reports/nangate45/aes/base/2_*
rm -f /tmp/workspace/scripts-Private_test-fr_cugr_cmp-1-/logs/nangate45/aes/base/2_*
rm -f /tmp/workspace/scripts-Private_test-fr_cugr_cmp-1-/results/nangate45/aes/base/3_*place*.odb
rm -f /tmp/workspace/scripts-Private_test-fr_cugr_cmp-1-/results/nangate45/aes/base/3_place.sdc
rm -f /tmp/workspace/scripts-Private_test-fr_cugr_cmp-1-/results/nangate45/aes/base/3_*.def /tmp/workspace/scripts-Private_test-fr_cugr_cmp-1-/results/nangate45/aes/base/3_*.v
rm -f /tmp/workspace/scripts-Private_test-fr_cugr_cmp-1-/reports/nangate45/aes/base/3_*
rm -f /tmp/workspace/scripts-Private_test-fr_cugr_cmp-1-/logs/nangate45/aes/base/3_*
rm -rf /tmp/workspace/scripts-Private_test-fr_cugr_cmp-1-/results/nangate45/aes/base/4_*cts*.odb /tmp/workspace/scripts-Private_test-fr_cugr_cmp-1-/results/nangate45/aes/base/4_cts.sdc /tmp/workspace/scripts-Private_test-fr_cugr_cmp-1-/results/nangate45/aes/base/4_*.v /tmp/workspace/scripts-Private_test-fr_cugr_cmp-1-/results/nangate45/aes/base/4_*.def
rm -f  /tmp/workspace/scripts-Private_test-fr_cugr_cmp-1-/reports/nangate45/aes/base/4_*
rm -rf /tmp/workspace/scripts-Private_test-fr_cugr_cmp-1-/logs/nangate45/aes/base/4_*
rm -rf /tmp/workspace/scripts-Private_test-fr_cugr_cmp-1-/results/nangate45/aes/base/route.guide /tmp/workspace/scripts-Private_test-fr_cugr_cmp-1-/results/nangate45/aes/base/output_guide.mod /tmp/workspace/scripts-Private_test-fr_cugr_cmp-1-/results/nangate45/aes/base/updated_clks.sdc
rm -rf /tmp/workspace/scripts-Private_test-fr_cugr_cmp-1-/results/nangate45/aes/base/5_*.odb /tmp/workspace/scripts-Private_test-fr_cugr_cmp-1-/results/nangate45/aes/base/5_route.sdc /tmp/workspace/scripts-Private_test-fr_cugr_cmp-1-/results/nangate45/aes/base/5_*.def /tmp/workspace/scripts-Private_test-fr_cugr_cmp-1-/results/nangate45/aes/base/5_*.v
rm -f  /tmp/workspace/scripts-Private_test-fr_cugr_cmp-1-/reports/nangate45/aes/base/5_*
rm -f  /tmp/workspace/scripts-Private_test-fr_cugr_cmp-1-/logs/nangate45/aes/base/5_*
rm -rf /tmp/workspace/scripts-Private_test-fr_cugr_cmp-1-/results/nangate45/aes/base/6_*.gds /tmp/workspace/scripts-Private_test-fr_cugr_cmp-1-/results/nangate45/aes/base/6_*.oas /tmp/workspace/scripts-Private_test-fr_cugr_cmp-1-/results/nangate45/aes/base/6_*.odb /tmp/workspace/scripts-Private_test-fr_cugr_cmp-1-/results/nangate45/aes/base/6_*.v /tmp/workspace/scripts-Private_test-fr_cugr_cmp-1-/results/nangate45/aes/base/6_*.def /tmp/workspace/scripts-Private_test-fr_cugr_cmp-1-/results/nangate45/aes/base/6_*.sdc /tmp/workspace/scripts-Private_test-fr_cugr_cmp-1-/results/nangate45/aes/base/6_*.spef
rm -rf /tmp/workspace/scripts-Private_test-fr_cugr_cmp-1-/reports/nangate45/aes/base/6_*.rpt
rm -f  /tmp/workspace/scripts-Private_test-fr_cugr_cmp-1-/logs/nangate45/aes/base/6_*
rm -f /tmp/workspace/scripts-Private_test-fr_cugr_cmp-1-/reports/nangate45/aes/base/design-dir.txt
rm -f /tmp/workspace/scripts-Private_test-fr_cugr_cmp-1-/reports/nangate45/aes/base/metadata*.*
rm -f /tmp/workspace/scripts-Private_test-fr_cugr_cmp-1-/results/nangate45/aes/base/aes_cipher_top.lib /tmp/workspace/scripts-Private_test-fr_cugr_cmp-1-/results/nangate45/aes/base/aes_cipher_top.lef
rm -rf /tmp/workspace/scripts-Private_test-fr_cugr_cmp-1-/objects/nangate45/aes/base
make: Nothing to be done for 'clean_metadata'.
mkdir -p /tmp/workspace/scripts-Private_test-fr_cugr_cmp-1-/results/nangate45/aes/base/
echo 0.82 > /tmp/workspace/scripts-Private_test-fr_cugr_cmp-1-/results/nangate45/aes/base/clock_period.txt
/OpenROAD-flow-scripts/flow/scripts/synth.sh /OpenROAD-flow-scripts/flow/scripts/synth_canonicalize.tcl /tmp/workspace/scripts-Private_test-fr_cugr_cmp-1-/logs/nangate45/aes/base/1_1_yosys_canonicalize.log
Using ABC speed script.
Extracting clock period from SDC file: /tmp/workspace/scripts-Private_test-fr_cugr_cmp-1-/results/nangate45/aes/base/clock_period.txt
Setting clock period to 0.82
1. Executing Liberty frontend: ./platforms/nangate45/lib/NangateOpenCellLibrary_typical.lib
2. Executing Liberty frontend: ./platforms/nangate45/lib/NangateOpenCellLibrary_typical.lib
3. Executing Verilog-2005 frontend: /OpenROAD-flow-scripts/flow/designs/src/aes/aes_cipher_top.v
4. Executing Verilog-2005 frontend: /OpenROAD-flow-scripts/flow/designs/src/aes/aes_inv_cipher_top.v
5. Executing Verilog-2005 frontend: /OpenROAD-flow-scripts/flow/designs/src/aes/aes_inv_sbox.v
6. Executing Verilog-2005 frontend: /OpenROAD-flow-scripts/flow/designs/src/aes/aes_key_expand_128.v
7. Executing Verilog-2005 frontend: /OpenROAD-flow-scripts/flow/designs/src/aes/aes_rcon.v
8. Executing Verilog-2005 frontend: /OpenROAD-flow-scripts/flow/designs/src/aes/aes_sbox.v
9. Executing Verilog-2005 frontend: /OpenROAD-flow-scripts/flow/designs/src/aes/timescale.v
10. Executing Verilog-2005 frontend: ./platforms/nangate45/cells_clkgate.v
11. Executing HIERARCHY pass (managing design hierarchy).
12. Executing AST frontend in derive mode using pre-parsed AST for module `\aes_cipher_top'.
12.1. Analyzing design hierarchy..
12.2. Executing AST frontend in derive mode using pre-parsed AST for module `\aes_sbox'.
12.3. Executing AST frontend in derive mode using pre-parsed AST for module `\aes_key_expand_128'.
Warning: Replacing memory \w with list of registers. See /OpenROAD-flow-scripts/flow/designs/src/aes/aes_key_expand_128.v:73
12.4. Analyzing design hierarchy..
12.5. Executing AST frontend in derive mode using pre-parsed AST for module `\aes_rcon'.
12.6. Analyzing design hierarchy..
12.7. Analyzing design hierarchy..
13. Executing OPT_CLEAN pass (remove unused cells and wires).
Warning: Ignoring module aes_cipher_top because it contains processes (run 'proc' command first).
Warning: Ignoring module aes_rcon because it contains processes (run 'proc' command first).
Warning: Ignoring module aes_key_expand_128 because it contains processes (run 'proc' command first).
Warning: Ignoring module aes_sbox because it contains processes (run 'proc' command first).
14. Executing RTLIL backend.
Warnings: 5 unique messages, 5 total
End of script. Logfile hash: c2b326e640, time: 0.12s, user: 0.08s, system: 0.02s, MEM: 42.67 MB peak
Yosys 0.68+post (git sha1 UNKNOWN, Release, GNU /usr/local/bin/wrapped-cc/g++ 11.4.0)
Time spent: 61% 4x read_liberty (0 sec), 13% 1x hierarchy (0 sec), ...
Elapsed time: 0:00.12[h:]min:sec. CPU time: user 0.10 sys 0.02 (99%). Peak memory: 46756KB.
Log                       Ext     Elapsed/s Peak Memory/MB sha1sum result [0:20)
1_1_yosys_canonicalize    .rtlil          0             45 bae2653c3faec3cc7e22
/OpenROAD-flow-scripts/flow/scripts/synth.sh /OpenROAD-flow-scripts/flow/scripts/synth.tcl /tmp/workspace/scripts-Private_test-fr_cugr_cmp-1-/logs/nangate45/aes/base/1_2_yosys.log
Using ABC speed script.
Extracting clock period from SDC file: /tmp/workspace/scripts-Private_test-fr_cugr_cmp-1-/results/nangate45/aes/base/clock_period.txt
Setting clock period to 0.82
1. Executing RTLIL frontend.
2. Executing HIERARCHY pass (managing design hierarchy).
2.1. Analyzing design hierarchy..
2.2. Analyzing design hierarchy..
3. Executing SYNTH pass.
3.1. Executing HIERARCHY pass (managing design hierarchy).
3.1.1. Analyzing design hierarchy..
3.1.2. Analyzing design hierarchy..
3.2. Executing PROC pass (convert processes to netlists).
3.2.1. Executing PROC_CLEAN pass (remove empty switches from decision trees).
3.2.2. Executing PROC_RMDEAD pass (remove dead branches from decision trees).
3.2.3. Executing PROC_PRUNE pass (remove redundant assignments in processes).
3.2.4. Executing PROC_INIT pass (extract init attributes).
3.2.5. Executing PROC_ARST pass (detect async resets in processes).
3.2.6. Executing PROC_ROM pass (convert switches to ROMs).
3.2.7. Executing PROC_MUX pass (convert decision trees to multiplexers).
3.2.8. Executing PROC_DLATCH pass (convert process syncs to latches).
3.2.9. Executing PROC_DFF pass (convert process syncs to FFs).
3.2.10. Executing PROC_MEMWR pass (convert process memory writes to cells).
3.2.11. Executing PROC_CLEAN pass (remove empty switches from decision trees).
3.2.12. Executing OPT_EXPR pass (perform const folding).
3.3. Executing CHECK pass (checking for obvious problems).
3.4. Executing FLATTEN pass (flatten design).
3.5. Executing OPT_EXPR pass (perform const folding).
3.6. Executing OPT_CLEAN pass (remove unused cells and wires).
3.7. Executing CHECK pass (checking for obvious problems).
3.8. Executing OPT pass (performing simple optimizations).
3.8.1. Executing OPT_EXPR pass (perform const folding).
3.8.2. Executing OPT_MERGE pass (detect identical cells).
3.8.3. Executing OPT_MUXTREE pass (detect dead branches in mux trees).
3.8.4. Executing OPT_REDUCE pass (consolidate $*mux and $reduce_* inputs).
3.8.5. Executing OPT_MERGE pass (detect identical cells).
3.8.6. Executing OPT_DFF pass (perform DFF optimizations).
3.8.7. Executing OPT_CLEAN pass (remove unused cells and wires).
3.8.8. Executing OPT_EXPR pass (perform const folding).
3.8.9. Rerunning OPT passes. (Maybe there is more to do..)
3.8.10. Executing OPT_MUXTREE pass (detect dead branches in mux trees).
3.8.11. Executing OPT_REDUCE pass (consolidate $*mux and $reduce_* inputs).
3.8.12. Executing OPT_MERGE pass (detect identical cells).
3.8.13. Executing OPT_DFF pass (perform DFF optimizations).
3.8.14. Executing OPT_CLEAN pass (remove unused cells and wires).
3.8.15. Executing OPT_EXPR pass (perform const folding).
3.8.16. Finished fast OPT passes. (There is nothing left to do.)
3.9. Executing FSM pass (extract and optimize FSM).
3.9.1. Executing FSM_DETECT pass (finding FSMs in design).
3.9.2. Executing FSM_EXTRACT pass (extracting FSM from design).
3.9.3. Executing FSM_OPT pass (simple optimizations of FSMs).
3.9.4. Executing OPT_CLEAN pass (remove unused cells and wires).
3.9.5. Executing FSM_OPT pass (simple optimizations of FSMs).
3.9.6. Executing FSM_RECODE pass (re-assigning FSM state encoding).
3.9.7. Executing FSM_INFO pass (dumping all available information on FSM cells).
3.9.8. Executing FSM_MAP pass (mapping FSMs to basic logic).
3.10. Executing OPT pass (performing simple optimizations).
3.10.1. Executing OPT_EXPR pass (perform const folding).
3.10.2. Executing OPT_MERGE pass (detect identical cells).
3.10.3. Executing OPT_MUXTREE pass (detect dead branches in mux trees).
3.10.4. Executing OPT_REDUCE pass (consolidate $*mux and $reduce_* inputs).
3.10.5. Executing OPT_MERGE pass (detect identical cells).
3.10.6. Executing OPT_DFF pass (perform DFF optimizations).
3.10.7. Executing OPT_CLEAN pass (remove unused cells and wires).
3.10.8. Executing OPT_EXPR pass (perform const folding).
3.10.9. Rerunning OPT passes. (Maybe there is more to do..)
3.10.10. Executing OPT_MUXTREE pass (detect dead branches in mux trees).
3.10.11. Executing OPT_REDUCE pass (consolidate $*mux and $reduce_* inputs).
3.10.12. Executing OPT_MERGE pass (detect identical cells).
3.10.13. Executing OPT_DFF pass (perform DFF optimizations).
3.10.14. Executing OPT_CLEAN pass (remove unused cells and wires).
3.10.15. Executing OPT_EXPR pass (perform const folding).
3.10.16. Finished fast OPT passes. (There is nothing left to do.)
3.11. Executing WREDUCE pass (reducing word size of cells).
3.12. Executing PEEPOPT pass (run peephole optimizers).
3.13. Executing OPT_CLEAN pass (remove unused cells and wires).
3.14. Executing ALUMACC pass (create $alu and $macc cells).
3.15. Executing SHARE pass (SAT-based resource sharing).
3.16. Executing OPT pass (performing simple optimizations).
3.16.1. Executing OPT_EXPR pass (perform const folding).
3.16.2. Executing OPT_MERGE pass (detect identical cells).
3.16.3. Executing OPT_MUXTREE pass (detect dead branches in mux trees).
3.16.4. Executing OPT_REDUCE pass (consolidate $*mux and $reduce_* inputs).
3.16.5. Executing OPT_MERGE pass (detect identical cells).
3.16.6. Executing OPT_DFF pass (perform DFF optimizations).
3.16.7. Executing OPT_CLEAN pass (remove unused cells and wires).
3.16.8. Executing OPT_EXPR pass (perform const folding).
3.16.9. Finished fast OPT passes. (There is nothing left to do.)
3.17. Executing MEMORY pass.
3.17.1. Executing OPT_MEM pass (optimize memories).
3.17.2. Executing OPT_MEM_PRIORITY pass (removing unnecessary memory write priority relations).
3.17.3. Executing OPT_MEM_FEEDBACK pass (finding memory read-to-write feedback paths).
3.17.4. Executing MEMORY_BMUX2ROM pass (converting muxes to ROMs).
3.17.5. Executing MEMORY_DFF pass (merging $dff cells to $memrd).
3.17.6. Executing OPT_CLEAN pass (remove unused cells and wires).
3.17.7. Executing MEMORY_SHARE pass (consolidating $memrd/$memwr cells).
3.17.8. Executing OPT_MEM_WIDEN pass (optimize memories where all ports are wide).
3.17.9. Executing OPT_CLEAN pass (remove unused cells and wires).
3.17.10. Executing MEMORY_COLLECT pass (generating $mem cells).
3.18. Executing OPT_CLEAN pass (remove unused cells and wires).
4. Executing TECHMAP pass (map to technology primitives).
4.1. Executing Verilog-2005 frontend: /OpenROAD-flow-scripts/tools/install/yosys/bin/../share/yosys/techmap.v
4.2. Continuing TECHMAP pass.
5. Generating architectural options for $alu
5.1. Executing WRAPCELL pass. (wrap selected cells)
5.2. Executing TECHMAP pass (map to technology primitives).
5.2.1. Executing Verilog-2005 frontend: /OpenROAD-flow-scripts/tools/install/yosys/bin/../share/yosys/techmap.v
5.2.2. Executing Verilog-2005 frontend: /OpenROAD-flow-scripts/tools/install/yosys/bin/../share/yosys/choices/han-carlson.v
5.2.3. Continuing TECHMAP pass.
5.3. Executing TECHMAP pass (map to technology primitives).
5.3.1. Executing Verilog-2005 frontend: /OpenROAD-flow-scripts/tools/install/yosys/bin/../share/yosys/techmap.v
5.3.2. Executing Verilog-2005 frontend: /OpenROAD-flow-scripts/tools/install/yosys/bin/../share/yosys/choices/kogge-stone.v
5.3.3. Continuing TECHMAP pass.
5.4. Executing TECHMAP pass (map to technology primitives).
5.4.1. Executing Verilog-2005 frontend: /OpenROAD-flow-scripts/tools/install/yosys/bin/../share/yosys/techmap.v
5.4.2. Executing Verilog-2005 frontend: /OpenROAD-flow-scripts/tools/install/yosys/bin/../share/yosys/choices/sklansky.v
5.4.3. Continuing TECHMAP pass.
5.5. Executing TECHMAP pass (map to technology primitives).
5.5.1. Executing Verilog-2005 frontend: /OpenROAD-flow-scripts/tools/install/yosys/bin/../share/yosys/techmap.v
5.5.2. Continuing TECHMAP pass.
6. Generating architectural options for $macc
6.1. Executing WRAPCELL pass. (wrap selected cells)
6.2. Executing TECHMAP pass (map to technology primitives).
6.2.1. Executing Verilog-2005 frontend: /OpenROAD-flow-scripts/tools/install/yosys/bin/../share/yosys/techmap.v
6.2.2. Executing Verilog-2005 frontend: /OpenROAD-flow-scripts/flow/scripts/synth_wrap_operators-booth.v
6.2.3. Continuing TECHMAP pass.
6.3. Executing TECHMAP pass (map to technology primitives).
6.3.1. Executing Verilog-2005 frontend: /OpenROAD-flow-scripts/tools/install/yosys/bin/../share/yosys/techmap.v
6.3.2. Executing Verilog-2005 frontend: /OpenROAD-flow-scripts/tools/install/yosys/bin/../share/yosys/choices/han-carlson.v
6.3.3. Continuing TECHMAP pass.
7. Executing OPT pass (performing simple optimizations).
7.1. Executing OPT_EXPR pass (perform const folding).
7.2. Executing OPT_MERGE pass (detect identical cells).
7.3. Executing OPT_DFF pass (perform DFF optimizations).
7.4. Executing OPT_CLEAN pass (remove unused cells and wires).
7.5. Rerunning OPT passes. (Removed registers in this run.)
7.6. Executing OPT_EXPR pass (perform const folding).
7.7. Executing OPT_MERGE pass (detect identical cells).
7.8. Executing OPT_DFF pass (perform DFF optimizations).
7.9. Executing OPT_CLEAN pass (remove unused cells and wires).
7.10. Finished fast OPT passes.
8. Executing MEMORY_MAP pass (converting memories to logic and flip-flops).
9. Executing OPT pass (performing simple optimizations).
9.1. Executing OPT_EXPR pass (perform const folding).
9.2. Executing OPT_MERGE pass (detect identical cells).
9.3. Executing OPT_MUXTREE pass (detect dead branches in mux trees).
9.4. Executing OPT_REDUCE pass (consolidate $*mux and $reduce_* inputs).
9.5. Executing OPT_MERGE pass (detect identical cells).
9.6. Executing OPT_SHARE pass.
9.7. Executing OPT_DFF pass (perform DFF optimizations).
9.8. Executing OPT_CLEAN pass (remove unused cells and wires).
9.9. Executing OPT_EXPR pass (perform const folding).
9.10. Rerunning OPT passes. (Maybe there is more to do..)
9.11. Executing OPT_MUXTREE pass (detect dead branches in mux trees).
9.12. Executing OPT_REDUCE pass (consolidate $*mux and $reduce_* inputs).
9.13. Executing OPT_MERGE pass (detect identical cells).
9.14. Executing OPT_SHARE pass.
9.15. Executing OPT_DFF pass (perform DFF optimizations).
9.16. Executing OPT_CLEAN pass (remove unused cells and wires).
9.17. Executing OPT_EXPR pass (perform const folding).
9.18. Rerunning OPT passes. (Maybe there is more to do..)
9.19. Executing OPT_MUXTREE pass (detect dead branches in mux trees).
9.20. Executing OPT_REDUCE pass (consolidate $*mux and $reduce_* inputs).
9.21. Executing OPT_MERGE pass (detect identical cells).
9.22. Executing OPT_SHARE pass.
9.23. Executing OPT_DFF pass (perform DFF optimizations).
9.24. Executing OPT_CLEAN pass (remove unused cells and wires).
9.25. Executing OPT_EXPR pass (perform const folding).
9.26. Finished fast OPT passes. (There is nothing left to do.)
10. Executing TECHMAP pass (map to technology primitives).
10.1. Executing Verilog-2005 frontend: /OpenROAD-flow-scripts/tools/install/yosys/bin/../share/yosys/techmap.v
10.2. Executing Verilog-2005 frontend: /OpenROAD-flow-scripts/tools/install/yosys/bin/../share/yosys/choices/han-carlson.v
10.3. Continuing TECHMAP pass.
Warning: Latch inferred for signal `$paramod\_80_lcu_han_carlson\WIDTH=32'00000000000000000000000000000100.\j [0]' from process `$paramod\_80_lcu_han_carlson\WIDTH=32'00000000000000000000000000000100.$proc$/OpenROAD-flow-scripts/tools/install/yosys/bin/../share/yosys/choices/han-carlson.v:18$37092': $auto$proc_dlatch.cc:545:proc_dlatch$37215
Warning: Latch inferred for signal `$paramod\_80_lcu_han_carlson\WIDTH=32'00000000000000000000000000000100.\j [31:1]' from process `$paramod\_80_lcu_han_carlson\WIDTH=32'00000000000000000000000000000100.$proc$/OpenROAD-flow-scripts/tools/install/yosys/bin/../share/yosys/choices/han-carlson.v:18$37092': $auto$proc_dlatch.cc:547:proc_dlatch$37218
11. Executing OPT pass (performing simple optimizations).
11.1. Executing OPT_EXPR pass (perform const folding).
11.2. Executing OPT_MERGE pass (detect identical cells).
11.3. Executing OPT_MUXTREE pass (detect dead branches in mux trees).
11.4. Executing OPT_REDUCE pass (consolidate $*mux and $reduce_* inputs).
11.5. Executing OPT_MERGE pass (detect identical cells).
11.6. Executing OPT_DFF pass (perform DFF optimizations).
11.7. Executing OPT_CLEAN pass (remove unused cells and wires).
11.8. Executing OPT_EXPR pass (perform const folding).
11.9. Rerunning OPT passes. (Maybe there is more to do..)
11.10. Executing OPT_MUXTREE pass (detect dead branches in mux trees).
11.11. Executing OPT_REDUCE pass (consolidate $*mux and $reduce_* inputs).
11.12. Executing OPT_MERGE pass (detect identical cells).
11.13. Executing OPT_DFF pass (perform DFF optimizations).
11.14. Executing OPT_CLEAN pass (remove unused cells and wires).
11.15. Executing OPT_EXPR pass (perform const folding).
11.16. Rerunning OPT passes. (Maybe there is more to do..)
11.17. Executing OPT_MUXTREE pass (detect dead branches in mux trees).
11.18. Executing OPT_REDUCE pass (consolidate $*mux and $reduce_* inputs).
11.19. Executing OPT_MERGE pass (detect identical cells).
11.20. Executing OPT_DFF pass (perform DFF optimizations).
11.21. Executing OPT_CLEAN pass (remove unused cells and wires).
11.22. Executing OPT_EXPR pass (perform const folding).
11.23. Finished fast OPT passes. (There is nothing left to do.)
12. Executing EXTRACT_FA pass (find and extract full/half adders).
13. Executing TECHMAP pass (map to technology primitives).
13.1. Executing Verilog-2005 frontend: ./platforms/nangate45/cells_adders.v
13.2. Continuing TECHMAP pass.
14. Executing TECHMAP pass (map to technology primitives).
14.1. Executing Verilog-2005 frontend: /OpenROAD-flow-scripts/tools/install/yosys/bin/../share/yosys/techmap.v
14.2. Continuing TECHMAP pass.
15. Executing OPT pass (performing simple optimizations).
15.1. Executing OPT_EXPR pass (perform const folding).
15.2. Executing OPT_MERGE pass (detect identical cells).
15.3. Executing OPT_DFF pass (perform DFF optimizations).
15.4. Executing OPT_CLEAN pass (remove unused cells and wires).
15.5. Finished fast OPT passes.
16. Executing DFFLEGALIZE pass (convert FFs to types supported by the target).
17. Executing TECHMAP pass (map to technology primitives).
17.1. Executing Verilog-2005 frontend: ./platforms/nangate45/cells_latch.v
17.2. Continuing TECHMAP pass.
18. Executing DFFLIBMAP pass (mapping DFF cells to sequential cells from liberty file).
18.1. Executing DFFLEGALIZE pass (convert FFs to types supported by the target).
19. Executing OPT pass (performing simple optimizations).
19.1. Executing OPT_EXPR pass (perform const folding).
19.2. Executing OPT_MERGE pass (detect identical cells).
19.3. Executing OPT_MUXTREE pass (detect dead branches in mux trees).
19.4. Executing OPT_REDUCE pass (consolidate $*mux and $reduce_* inputs).
19.5. Executing OPT_MERGE pass (detect identical cells).
19.6. Executing OPT_DFF pass (perform DFF optimizations).
19.7. Executing OPT_CLEAN pass (remove unused cells and wires).
19.8. Executing OPT_EXPR pass (perform const folding).
19.9. Rerunning OPT passes. (Maybe there is more to do..)
19.10. Executing OPT_MUXTREE pass (detect dead branches in mux trees).
19.11. Executing OPT_REDUCE pass (consolidate $*mux and $reduce_* inputs).
19.12. Executing OPT_MERGE pass (detect identical cells).
19.13. Executing OPT_DFF pass (perform DFF optimizations).
19.14. Executing OPT_CLEAN pass (remove unused cells and wires).
19.15. Executing OPT_EXPR pass (perform const folding).
19.16. Finished fast OPT passes. (There is nothing left to do.)
20. Executing SETUNDEF pass (replace undef values with defined constants).
abc_new -liberty ./platforms/nangate45/lib/NangateOpenCellLibrary_typical.lib -dont_use TAPCELL_X1 -dont_use FILLCELL_X1 -dont_use AOI211_X1 -dont_use OAI211_X1 -constr /tmp/workspace/scripts-Private_test-fr_cugr_cmp-1-/objects/nangate45/aes/base/abc.constr -D 0.82
Warning: Feature 'abc_new' is experimental.
21. Executing ABC_NEW pass.
21.1. Executing ABC9_OPS pass (helper functions for ABC9).
21.2. Executing BOX_DERIVE pass. (derive modules for boxes)
21.3. Executing ABC9_OPS pass (helper functions for ABC9).
21.4. Executing ABC9_OPS pass (helper functions for ABC9).
21.5. Mapping module 'aes_cipher_top'.
21.5.1. Executing ABC9_OPS pass (helper functions for ABC9).
Warning: Feature 'write_xaiger2' is experimental.
21.5.2. Executing XAIGER2 backend.
21.5.3. Executing ABC9_EXE pass (technology mapping using ABC9).
21.5.4. Executing ABC9.
Warning: Feature 'read_xaiger2' is experimental.
21.5.5. Executing XAIGER2 frontend.
21.6. Executing ABC9_OPS pass (helper functions for ABC9).
Took 28 seconds: abc_new -liberty ./platforms/nangate45/lib/NangateOpenCellLibrary_typical.lib -dont_use TAPCELL_X1 -dont_use FILLCELL_X1 -dont_use AOI211_X1 -dont_use OAI211_X1 -constr /tmp/workspace/scripts-Private_test-fr_cugr_cmp-1-/objects/nangate45/aes/base/abc.constr -D 0.82
22. Executing SPLITNETS pass (splitting up multi-bit signals).
23. Executing OPT_CLEAN pass (remove unused cells and wires).
24. Executing HILOMAP pass (mapping to constant drivers).
25. Executing INSBUF pass (insert buffer cells for connected wires).
26. Executing CHECK pass (checking for obvious problems).
27. Printing statistics.
28. Executing CHECK pass (checking for obvious problems).
29. Executing Verilog backend.
29.1. Executing BMUXMAP pass.
29.2. Executing DEMUXMAP pass.
Warnings: 5 unique messages, 5 total
Warnings: 3 experimental features used (not excluded with -x).
End of script. Logfile hash: 779d55d75d, time: 37.37s, user: 8.89s, system: 0.20s, MEM: 68.03 MB peak
Yosys 0.68+post (git sha1 UNKNOWN, Release, GNU /usr/local/bin/wrapped-cc/g++ 11.4.0)
Time spent: 75% 1x abc9_exe (28 sec), 17% 1x extract_fa (6 sec), ...
Elapsed time: 0:37.39[h:]min:sec. CPU time: user 37.35 sys 0.24 (100%). Peak memory: 69664KB.
Log                       Ext     Elapsed/s Peak Memory/MB sha1sum result [0:20)
1_2_yosys                 .v             37             68 37ae92e9b5d25faa1b8a
cp /OpenROAD-flow-scripts/flow/designs/nangate45/aes/constraint.sdc /tmp/workspace/scripts-Private_test-fr_cugr_cmp-1-/results/nangate45/aes/base/1_2_yosys.sdc
touch -r /OpenROAD-flow-scripts/flow/designs/nangate45/aes/constraint.sdc /tmp/workspace/scripts-Private_test-fr_cugr_cmp-1-/results/nangate45/aes/base/1_2_yosys.sdc
OpenROAD 26Q3-1464-gb22abfea20 
Features included (+) or not (-): +GPU +GUI +Python
This program is licensed under the BSD-3 license. See the LICENSE file for details.
Components of this program may be licensed under more restrictive licenses which must be honored.
[INFO ORD-0030] Using 30 thread(s).
mkdir -p /tmp/workspace/scripts-Private_test-fr_cugr_cmp-1-/objects/nangate45/aes/base
/OpenROAD-flow-scripts/flow/scripts/flow.sh 1_synth synth_odb
Running synth_odb.tcl, stage 1_synth
read_liberty ./platforms/nangate45/lib/NangateOpenCellLibrary_typical.lib
[INFO ODB-0227] LEF file: ./platforms/nangate45/lef/NangateOpenCellLibrary.tech.lef, created 22 layers, 27 vias
[INFO ODB-0227] LEF file: ./platforms/nangate45/lef/NangateOpenCellLibrary.macro.mod.lef, created 135 library cells
link_design -hier aes_cipher_top
[WARNING ORD-0011] Hierarchical flow (-hier) is currently in development and may cause multiple issues. Do not use in production environments.
read_sdc /tmp/workspace/scripts-Private_test-fr_cugr_cmp-1-/results/nangate45/aes/base/1_2_yosys.sdc
source ./platforms/nangate45/setRC.tcl
eliminate_dead_logic
Removed 0 unused instances and 0 unused nets.
Design area 15351 um^2 100% utilization.
write_db /tmp/workspace/scripts-Private_test-fr_cugr_cmp-1-/results/nangate45/aes/base/1_synth.odb
write_sdc -no_timestamp /tmp/workspace/scripts-Private_test-fr_cugr_cmp-1-/results/nangate45/aes/base/1_synth.sdc
Elapsed time: 0:00.47[h:]min:sec. CPU time: user 0.42 sys 0.05 (100%). Peak memory: 142812KB.
Log                       Ext     Elapsed/s Peak Memory/MB sha1sum result [0:20)
1_synth                   .odb            0            139 12b3a0f8bd79dd241e9c
1_synth                   .sdc                             fa9a9daccf4ed04afdf3
/OpenROAD-flow-scripts/flow/scripts/flow.sh 2_1_floorplan floorplan
Running floorplan.tcl, stage 2_1_floorplan
read_liberty ./platforms/nangate45/lib/NangateOpenCellLibrary_typical.lib
read_db -hier /tmp/workspace/scripts-Private_test-fr_cugr_cmp-1-/results/nangate45/aes/base/1_synth.odb
[WARNING ORD-0012] Hierarchical flow (-hier) is currently in development and may cause multiple issues. Do not use in production environments.
read_sdc /tmp/workspace/scripts-Private_test-fr_cugr_cmp-1-/results/nangate45/aes/base/1_synth.sdc
source ./platforms/nangate45/setRC.tcl

==========================================================================
Floorplan check_setup
--------------------------------------------------------------------------
number instances in verilog is 11406
read_def -floorplan_initialize /OpenROAD-flow-scripts/flow/designs/nangate45/aes/aes_ng45_fp.def
[INFO ODB-0127] Reading DEF file: /OpenROAD-flow-scripts/flow/designs/nangate45/aes/aes_ng45_fp.def
[INFO ODB-0128] Design: aes_cipher_top
[INFO ODB-0252]     Updated 388 pins.
[INFO ODB-0134] Finished DEF file: /OpenROAD-flow-scripts/flow/designs/nangate45/aes/aes_ng45_fp.def
source ./platforms/nangate45/make_tracks.tcl
source ./platforms/nangate45/fastroute.tcl
Repair tie lo fanout...
Repair tie hi fanout...
replace_arith_modules -path_count 1000 -target setup -slack_threshold 0.0
[INFO RSZ-0151] Starting arithmetic module replacement to optimize 'setup' target
[INFO RSZ-0152] Analyzing 1000 critical paths with slack < 0.00
[INFO RSZ-0153] Identified 290 violating endpoints
[INFO RSZ-0154] Identified 0 critical arithmetic instances
repair_timing -setup_margin 0 -hold_margin 0 -repair_tns 100 -setup -skip_last_gasp -sequence unbuffer,sizeup,swap,vt_swap -verbose
[WARNING EST-0027] no estimated parasitics. Using wire load models.
[INFO RSZ-0100] Repair move sequence: UnbufferMove SizeUpMove SwapPinsMove 
[INFO RSZ-0094] Found 290 endpoints with setup violations.
[INFO RSZ-0099] Repairing 290 out of 290 (100.00%) violating endpoints...
   Iter   | Removed | Resized | Inserted | Cloned |  Pin  |   Area   |    WNS   |   StTNS    |   EnTNS    |  Viol  |  Worst  
          | Buffers |  Gates  | Buffers  |  Gates | Swaps |          |          |            |            | Endpts | St/EnPt 
------------------------------------------------------------------------------------------------------------------------------
       0* |       0 |       0 |        0 |      0 |     0 |    +0.0% |   -1.565 |     -110.6 |     -180.4 |    290 | u0.u2.d\[1\]$_DFF_P_/D
      10* |       0 |       7 |        0 |      0 |     2 |    +0.0% |   -0.711 |     -104.0 |      -90.4 |    290 | u0.u3.d\[6\]$_DFF_P_/D
      20* |       0 |      17 |        0 |      0 |     2 |    +0.1% |   -0.624 |      -93.6 |      -80.6 |    290 | sa21_sr\[3\]$_DFF_P_/D
      30* |       0 |      27 |        0 |      0 |     2 |    +0.2% |   -0.575 |      -87.8 |      -77.2 |    290 | sa20_sr\[7\]$_DFF_P_/D
      40* |       0 |      37 |        0 |      0 |     2 |    +0.2% |   -0.551 |      -84.4 |      -74.8 |    290 | sa21_sr\[7\]$_DFF_P_/D
      50* |       0 |      47 |        0 |      0 |     2 |    +0.3% |   -0.531 |      -81.0 |      -72.8 |    290 | sa11_sr\[7\]$_DFF_P_/D
      60* |       0 |      57 |        0 |      0 |     2 |    +0.3% |   -0.518 |      -77.2 |      -70.1 |    290 | sa13_sr\[7\]$_DFF_P_/D
      70* |       0 |      67 |        0 |      0 |     2 |    +0.4% |   -0.502 |      -75.1 |      -69.3 |    290 | sa20_sr\[6\]$_DFF_P_/D
      80* |       0 |      77 |        0 |      0 |     2 |    +0.5% |   -0.487 |      -72.4 |      -67.8 |    290 | sa11_sr\[7\]$_DFF_P_/D
      90* |       0 |      87 |        0 |      0 |     2 |    +0.5% |   -0.479 |      -70.6 |      -66.2 |    290 | sa13_sr\[2\]$_DFF_P_/D
     100* |       0 |      97 |        0 |      0 |     2 |    +0.6% |   -0.464 |      -67.9 |      -64.6 |    290 | sa23_sr\[2\]$_DFF_P_/D
     110* |       0 |     107 |        0 |      0 |     2 |    +0.6% |   -0.455 |      -66.1 |      -63.8 |    290 | sa13_sr\[4\]$_DFF_P_/D
     120* |       0 |     117 |        0 |      0 |     2 |    +0.7% |   -0.443 |      -64.3 |      -62.0 |    290 | sa31_sr\[5\]$_DFF_P_/D
     130* |       0 |     127 |        0 |      0 |     2 |    +0.8% |   -0.435 |      -62.4 |      -60.2 |    290 | sa22_sr\[4\]$_DFF_P_/D
     140* |       0 |     137 |        0 |      0 |     2 |    +0.8% |   -0.427 |      -60.3 |      -58.9 |    290 | sa21_sr\[3\]$_DFF_P_/D
     150* |       0 |     147 |        0 |      0 |     2 |    +0.9% |   -0.413 |      -57.9 |      -57.0 |    290 | sa33_sr\[0\]$_DFF_P_/D
     160* |       0 |     157 |        0 |      0 |     2 |    +0.9% |   -0.402 |      -55.1 |      -55.5 |    290 | sa11_sr\[7\]$_DFF_P_/D
     170* |       0 |     167 |        0 |      0 |     2 |    +1.0% |   -0.388 |      -53.4 |      -54.4 |    290 | sa12_sr\[7\]$_DFF_P_/D
     180* |       0 |     171 |        0 |      0 |     8 |    +1.0% |   -0.385 |      -52.6 |      -53.2 |    290 | sa23_sr\[2\]$_DFF_P_/D
     180* |       0 |     171 |        0 |      0 |     8 |    +1.0% |   -0.385 |      -52.6 |      -53.2 |    290 | sa23_sr\[2\]$_DFF_P_/D
     190* |       0 |     180 |        0 |      0 |     8 |    +1.1% |   -0.385 |      -46.7 |      -51.7 |    290 | sa23_sr\[2\]$_DFF_P_/D
     200* |       0 |     189 |        0 |      0 |     9 |    +1.1% |   -0.385 |      -45.6 |      -51.1 |    290 | sa23_sr\[2\]$_DFF_P_/D
     210* |       0 |     197 |        0 |      0 |    11 |    +1.1% |   -0.385 |      -45.2 |      -50.9 |    290 | sa23_sr\[2\]$_DFF_P_/D
     214* |       0 |     198 |        0 |      0 |    14 |    +1.1% |   -0.385 |      -45.2 |      -50.9 |    290 | sa23_sr\[2\]$_DFF_P_/D
     220* |       0 |     202 |        0 |      0 |    15 |    +1.1% |   -0.385 |      -45.2 |      -50.9 |    290 | sa23_sr\[2\]$_DFF_P_/D
     221* |       0 |     202 |        0 |      0 |    16 |    +1.1% |   -0.385 |      -45.2 |      -50.9 |    290 | sa23_sr\[2\]$_DFF_P_/D
     222* |       0 |     202 |        0 |      0 |    16 |    +1.1% |   -0.385 |      -45.2 |      -50.9 |    290 | sa23_sr\[2\]$_DFF_P_/D
     230* |       0 |     209 |        0 |      0 |    16 |    +1.2% |   -0.385 |      -40.2 |      -49.4 |    290 | sa23_sr\[2\]$_DFF_P_/D
     240* |       0 |     212 |        0 |      0 |    23 |    +1.2% |   -0.385 |      -39.5 |      -49.2 |    290 | sa23_sr\[2\]$_DFF_P_/D
     242* |       0 |     212 |        0 |      0 |    19 |    +1.2% |   -0.385 |      -39.5 |      -49.2 |    290 | sa23_sr\[2\]$_DFF_P_/D
     248* |       0 |     212 |        0 |      0 |    24 |    +1.2% |   -0.385 |      -39.5 |      -49.1 |    290 | sa23_sr\[2\]$_DFF_P_/D
     250* |       0 |     213 |        0 |      0 |    24 |    +1.2% |   -0.385 |      -39.4 |      -49.1 |    290 | sa23_sr\[2\]$_DFF_P_/D
     251* |       0 |     213 |        0 |      0 |    24 |    +1.2% |   -0.385 |      -39.4 |      -49.1 |    290 | sa23_sr\[2\]$_DFF_P_/D
     260* |       0 |     217 |        0 |      0 |    28 |    +1.2% |   -0.385 |      -38.9 |      -49.0 |    290 | sa23_sr\[2\]$_DFF_P_/D
     264* |       0 |     218 |        0 |      0 |    28 |    +1.2% |   -0.385 |      -39.0 |      -49.0 |    290 | sa23_sr\[2\]$_DFF_P_/D
     268* |       0 |     218 |        0 |      0 |    29 |    +1.2% |   -0.385 |      -39.0 |      -49.0 |    290 | sa23_sr\[2\]$_DFF_P_/D
     270* |       0 |     219 |        0 |      0 |    29 |    +1.2% |   -0.385 |      -39.0 |      -49.0 |    290 | sa23_sr\[2\]$_DFF_P_/D
     275* |       0 |     219 |        0 |      0 |    29 |    +1.2% |   -0.385 |      -39.0 |      -49.0 |    290 | sa23_sr\[2\]$_DFF_P_/D
     276* |       0 |     219 |        0 |      0 |    29 |    +1.2% |   -0.385 |      -39.0 |      -49.0 |    290 | sa23_sr\[2\]$_DFF_P_/D
     280* |       0 |     220 |        0 |      0 |    31 |    +1.2% |   -0.385 |      -39.0 |      -49.0 |    290 | sa23_sr\[2\]$_DFF_P_/D
     282* |       0 |     220 |        0 |      0 |    29 |    +1.2% |   -0.385 |      -39.0 |      -49.0 |    290 | sa23_sr\[2\]$_DFF_P_/D
     290* |       0 |     224 |        0 |      0 |    32 |    +1.2% |   -0.385 |      -38.7 |      -49.0 |    290 | sa23_sr\[2\]$_DFF_P_/D
     290* |       0 |     224 |        0 |      0 |    31 |    +1.2% |   -0.385 |      -38.7 |      -49.0 |    290 | sa23_sr\[2\]$_DFF_P_/D
     291* |       0 |     224 |        0 |      0 |    31 |    +1.2% |   -0.385 |      -38.7 |      -49.0 |    290 | sa23_sr\[2\]$_DFF_P_/D
     294* |       0 |     224 |        0 |      0 |    31 |    +1.2% |   -0.385 |      -38.7 |      -49.0 |    290 | sa23_sr\[2\]$_DFF_P_/D
     295* |       0 |     224 |        0 |      0 |    31 |    +1.2% |   -0.385 |      -38.7 |      -49.0 |    290 | sa23_sr\[2\]$_DFF_P_/D
     300* |       0 |     228 |        0 |      0 |    31 |    +1.3% |   -0.385 |      -34.3 |      -48.5 |    290 | sa23_sr\[2\]$_DFF_P_/D
     310* |       0 |     237 |        0 |      0 |    32 |    +1.3% |   -0.385 |      -29.7 |      -46.8 |    290 | sa23_sr\[2\]$_DFF_P_/D
     318* |       0 |     244 |        0 |      0 |    33 |    +1.3% |   -0.385 |      -29.1 |      -46.8 |    290 | sa23_sr\[2\]$_DFF_P_/D
     320* |       0 |     245 |        0 |      0 |    33 |    +1.3% |   -0.385 |      -28.6 |      -46.5 |    290 | sa23_sr\[2\]$_DFF_P_/D
     325* |       0 |     249 |        0 |      0 |    34 |    +1.4% |   -0.385 |      -28.3 |      -46.3 |    290 | sa23_sr\[2\]$_DFF_P_/D
     327* |       0 |     250 |        0 |      0 |    34 |    +1.4% |   -0.385 |      -28.3 |      -46.3 |    290 | sa23_sr\[2\]$_DFF_P_/D
     328* |       0 |     250 |        0 |      0 |    34 |    +1.4% |   -0.385 |      -28.3 |      -46.3 |    290 | sa23_sr\[2\]$_DFF_P_/D
     329* |       0 |     250 |        0 |      0 |    34 |    +1.4% |   -0.385 |      -28.3 |      -46.3 |    290 | sa23_sr\[2\]$_DFF_P_/D
     330* |       0 |     250 |        0 |      0 |    34 |    +1.4% |   -0.385 |      -28.3 |      -46.3 |    290 | sa23_sr\[2\]$_DFF_P_/D
     331* |       0 |     251 |        0 |      0 |    34 |    +1.4% |   -0.385 |      -28.2 |      -46.3 |    290 | sa23_sr\[2\]$_DFF_P_/D
     332* |       0 |     251 |        0 |      0 |    34 |    +1.4% |   -0.385 |      -28.2 |      -46.3 |    290 | sa23_sr\[2\]$_DFF_P_/D
     340* |       0 |     253 |        0 |      0 |    39 |    +1.4% |   -0.385 |      -28.2 |      -46.3 |    290 | sa23_sr\[2\]$_DFF_P_/D
     348* |       0 |     253 |        0 |      0 |    34 |    +1.4% |   -0.385 |      -28.2 |      -46.3 |    290 | sa23_sr\[2\]$_DFF_P_/D
     349* |       0 |     253 |        0 |      0 |    34 |    +1.4% |   -0.385 |      -28.2 |      -46.3 |    290 | sa23_sr\[2\]$_DFF_P_/D
     350* |       0 |     253 |        0 |      0 |    34 |    +1.4% |   -0.385 |      -28.2 |      -46.3 |    290 | sa23_sr\[2\]$_DFF_P_/D
     350* |       0 |     253 |        0 |      0 |    34 |    +1.4% |   -0.385 |      -28.2 |      -46.3 |    290 | sa23_sr\[2\]$_DFF_P_/D
     351* |       0 |     253 |        0 |      0 |    34 |    +1.4% |   -0.385 |      -28.2 |      -46.3 |    290 | sa23_sr\[2\]$_DFF_P_/D
     357* |       0 |     254 |        0 |      0 |    35 |    +1.4% |   -0.385 |      -27.9 |      -46.2 |    290 | sa23_sr\[2\]$_DFF_P_/D
     360* |       0 |     254 |        0 |      0 |    37 |    +1.4% |   -0.385 |      -27.9 |      -46.3 |    290 | sa23_sr\[2\]$_DFF_P_/D
     364* |       0 |     254 |        0 |      0 |    36 |    +1.4% |   -0.385 |      -27.9 |      -46.2 |    290 | sa23_sr\[2\]$_DFF_P_/D
     370* |       0 |     254 |        0 |      0 |    41 |    +1.4% |   -0.385 |      -27.9 |      -46.2 |    290 | sa23_sr\[2\]$_DFF_P_/D
     371* |       0 |     254 |        0 |      0 |    37 |    +1.4% |   -0.385 |      -27.9 |      -46.2 |    290 | sa23_sr\[2\]$_DFF_P_/D
     375* |       0 |     254 |        0 |      0 |    40 |    +1.4% |   -0.385 |      -27.9 |      -46.2 |    290 | sa23_sr\[2\]$_DFF_P_/D
     379* |       0 |     255 |        0 |      0 |    40 |    +1.4% |   -0.385 |      -27.8 |      -46.1 |    290 | sa23_sr\[2\]$_DFF_P_/D
     380* |       0 |     255 |        0 |      0 |    40 |    +1.4% |   -0.385 |      -27.8 |      -46.1 |    290 | sa23_sr\[2\]$_DFF_P_/D
     386* |       0 |     256 |        0 |      0 |    44 |    +1.4% |   -0.385 |      -27.8 |      -46.1 |    290 | sa23_sr\[2\]$_DFF_P_/D
     390* |       0 |     256 |        0 |      0 |    47 |    +1.4% |   -0.385 |      -27.7 |      -46.1 |    290 | sa23_sr\[2\]$_DFF_P_/D
     391* |       0 |     256 |        0 |      0 |    48 |    +1.4% |   -0.385 |      -27.7 |      -46.1 |    290 | sa23_sr\[2\]$_DFF_P_/D
     392* |       0 |     256 |        0 |      0 |    48 |    +1.4% |   -0.385 |      -27.7 |      -46.1 |    290 | sa23_sr\[2\]$_DFF_P_/D
     398* |       0 |     256 |        0 |      0 |    53 |    +1.4% |   -0.385 |      -27.7 |      -46.0 |    290 | sa23_sr\[2\]$_DFF_P_/D
     400* |       0 |     257 |        0 |      0 |    53 |    +1.4% |   -0.385 |      -27.6 |      -46.0 |    290 | sa23_sr\[2\]$_DFF_P_/D
     403* |       0 |     257 |        0 |      0 |    53 |    +1.4% |   -0.385 |      -27.6 |      -46.0 |    290 | sa23_sr\[2\]$_DFF_P_/D
     410* |       0 |     260 |        0 |      0 |    56 |    +1.4% |   -0.385 |      -27.6 |      -46.0 |    290 | sa23_sr\[2\]$_DFF_P_/D
     414* |       0 |     258 |        0 |      0 |    54 |    +1.4% |   -0.385 |      -27.6 |      -46.0 |    290 | sa23_sr\[2\]$_DFF_P_/D
     417* |       0 |     258 |        0 |      0 |    54 |    +1.4% |   -0.385 |      -27.6 |      -46.0 |    290 | sa23_sr\[2\]$_DFF_P_/D
     420* |       0 |     259 |        0 |      0 |    55 |    +1.4% |   -0.385 |      -27.6 |      -46.0 |    290 | sa23_sr\[2\]$_DFF_P_/D
     425* |       0 |     258 |        0 |      0 |    54 |    +1.4% |   -0.385 |      -27.6 |      -46.0 |    290 | sa23_sr\[2\]$_DFF_P_/D
     430* |       0 |     259 |        0 |      0 |    57 |    +1.4% |   -0.385 |      -27.6 |      -46.0 |    290 | sa23_sr\[2\]$_DFF_P_/D
     433* |       0 |     258 |        0 |      0 |    54 |    +1.4% |   -0.385 |      -27.6 |      -46.0 |    290 | sa23_sr\[2\]$_DFF_P_/D
     440* |       0 |     258 |        0 |      0 |    60 |    +1.4% |   -0.385 |      -27.6 |      -45.9 |    290 | sa23_sr\[2\]$_DFF_P_/D
     441* |       0 |     258 |        0 |      0 |    60 |    +1.4% |   -0.385 |      -27.6 |      -45.9 |    290 | sa23_sr\[2\]$_DFF_P_/D
     444* |       0 |     258 |        0 |      0 |    61 |    +1.4% |   -0.385 |      -27.6 |      -45.9 |    290 | sa23_sr\[2\]$_DFF_P_/D
     450* |       0 |     261 |        0 |      0 |    63 |    +1.4% |   -0.385 |      -27.4 |      -45.8 |    290 | sa23_sr\[2\]$_DFF_P_/D
     454* |       0 |     261 |        0 |      0 |    62 |    +1.4% |   -0.385 |      -27.4 |      -45.8 |    290 | sa23_sr\[2\]$_DFF_P_/D
     460* |       0 |     264 |        0 |      0 |    64 |    +1.4% |   -0.385 |      -27.3 |      -45.5 |    290 | sa23_sr\[2\]$_DFF_P_/D
     463* |       0 |     264 |        0 |      0 |    65 |    +1.4% |   -0.385 |      -27.3 |      -45.5 |    290 | sa23_sr\[2\]$_DFF_P_/D
     470* |       0 |     266 |        0 |      0 |    69 |    +1.5% |   -0.385 |      -27.2 |      -45.3 |    290 | sa23_sr\[2\]$_DFF_P_/D
     473* |       0 |     266 |        0 |      0 |    67 |    +1.5% |   -0.385 |      -27.2 |      -45.3 |    290 | sa23_sr\[2\]$_DFF_P_/D
     477* |       0 |     266 |        0 |      0 |    70 |    +1.5% |   -0.385 |      -27.2 |      -45.3 |    290 | sa23_sr\[2\]$_DFF_P_/D
     480* |       0 |     266 |        0 |      0 |    72 |    +1.5% |   -0.385 |      -27.2 |      -45.3 |    290 | sa23_sr\[2\]$_DFF_P_/D
     482* |       0 |     266 |        0 |      0 |    71 |    +1.5% |   -0.385 |      -27.2 |      -45.2 |    290 | sa23_sr\[2\]$_DFF_P_/D
     488* |       0 |     266 |        0 |      0 |    74 |    +1.5% |   -0.385 |      -27.0 |      -45.2 |    290 | sa23_sr\[2\]$_DFF_P_/D
     490* |       0 |     266 |        0 |      0 |    75 |    +1.5% |   -0.385 |      -27.0 |      -45.2 |    290 | sa23_sr\[2\]$_DFF_P_/D
     495* |       0 |     267 |        0 |      0 |    79 |    +1.5% |   -0.385 |      -27.0 |      -45.2 |    290 | sa23_sr\[2\]$_DFF_P_/D
     500* |       0 |     267 |        0 |      0 |    83 |    +1.5% |   -0.385 |      -27.0 |      -45.2 |    290 | sa23_sr\[2\]$_DFF_P_/D
     504* |       0 |     267 |        0 |      0 |    84 |    +1.5% |   -0.385 |      -27.0 |      -45.2 |    290 | sa23_sr\[2\]$_DFF_P_/D
     509* |       0 |     267 |        0 |      0 |    88 |    +1.5% |   -0.385 |      -27.0 |      -45.2 |    290 | sa23_sr\[2\]$_DFF_P_/D
     510* |       0 |     267 |        0 |      0 |    88 |    +1.5% |   -0.385 |      -27.0 |      -45.2 |    290 | sa23_sr\[2\]$_DFF_P_/D
     520* |       0 |     268 |        0 |      0 |    97 |    +1.5% |   -0.385 |      -27.0 |      -45.2 |    290 | sa23_sr\[2\]$_DFF_P_/D
     522* |       0 |     268 |        0 |      0 |    95 |    +1.5% |   -0.385 |      -27.0 |      -45.1 |    290 | sa23_sr\[2\]$_DFF_P_/D
     530* |       0 |     269 |        0 |      0 |   101 |    +1.5% |   -0.385 |      -27.0 |      -45.0 |    290 | sa23_sr\[2\]$_DFF_P_/D
     531* |       0 |     269 |        0 |      0 |    97 |    +1.5% |   -0.385 |      -27.0 |      -45.0 |    290 | sa23_sr\[2\]$_DFF_P_/D
     537* |       0 |     269 |        0 |      0 |   100 |    +1.5% |   -0.385 |      -27.0 |      -45.0 |    290 | sa23_sr\[2\]$_DFF_P_/D
     540* |       0 |     269 |        0 |      0 |   102 |    +1.5% |   -0.385 |      -27.0 |      -45.0 |    290 | sa23_sr\[2\]$_DFF_P_/D
     541* |       0 |     269 |        0 |      0 |   102 |    +1.5% |   -0.385 |      -27.0 |      -45.0 |    290 | sa23_sr\[2\]$_DFF_P_/D
     548* |       0 |     269 |        0 |      0 |   103 |    +1.5% |   -0.385 |      -27.0 |      -45.0 |    290 | sa23_sr\[2\]$_DFF_P_/D
     550* |       0 |     269 |        0 |      0 |   104 |    +1.5% |   -0.385 |      -26.9 |      -45.0 |    290 | sa23_sr\[2\]$_DFF_P_/D
     553* |       0 |     269 |        0 |      0 |   104 |    +1.5% |   -0.385 |      -26.9 |      -45.0 |    290 | sa23_sr\[2\]$_DFF_P_/D
     560* |       0 |     275 |        0 |      0 |   104 |    +1.5% |   -0.385 |      -23.0 |      -43.7 |    290 | sa23_sr\[2\]$_DFF_P_/D
     570* |       0 |     285 |        0 |      0 |   104 |    +1.5% |   -0.385 |      -20.4 |      -42.6 |    290 | sa23_sr\[2\]$_DFF_P_/D
     580* |       0 |     289 |        0 |      0 |   110 |    +1.5% |   -0.385 |      -20.2 |      -42.5 |    290 | sa23_sr\[2\]$_DFF_P_/D
     590* |       0 |     297 |        0 |      0 |   112 |    +1.6% |   -0.385 |      -20.1 |      -42.5 |    290 | sa23_sr\[2\]$_DFF_P_/D
     591* |       0 |     297 |        0 |      0 |   113 |    +1.6% |   -0.385 |      -20.1 |      -42.5 |    290 | sa23_sr\[2\]$_DFF_P_/D
     598* |       0 |     297 |        0 |      0 |   113 |    +1.6% |   -0.385 |      -20.1 |      -42.5 |    290 | sa23_sr\[2\]$_DFF_P_/D
     600* |       0 |     298 |        0 |      0 |   113 |    +1.6% |   -0.385 |      -19.9 |      -42.3 |    290 | sa23_sr\[2\]$_DFF_P_/D
     607* |       0 |     298 |        0 |      0 |   119 |    +1.6% |   -0.385 |      -19.9 |      -42.2 |    290 | sa23_sr\[2\]$_DFF_P_/D
     610* |       0 |     298 |        0 |      0 |   121 |    +1.6% |   -0.385 |      -19.9 |      -42.2 |    290 | sa23_sr\[2\]$_DFF_P_/D
     611* |       0 |     298 |        0 |      0 |   119 |    +1.6% |   -0.385 |      -19.9 |      -42.2 |    290 | sa23_sr\[2\]$_DFF_P_/D
     620* |       0 |     300 |        0 |      0 |   125 |    +1.6% |   -0.385 |      -19.6 |      -42.1 |    290 | sa23_sr\[2\]$_DFF_P_/D
     624* |       0 |     300 |        0 |      0 |   126 |    +1.6% |   -0.385 |      -19.6 |      -42.1 |    290 | sa23_sr\[2\]$_DFF_P_/D
     628* |       0 |     300 |        0 |      0 |   126 |    +1.6% |   -0.385 |      -19.6 |      -42.1 |    290 | sa23_sr\[2\]$_DFF_P_/D
     630* |       0 |     300 |        0 |      0 |   127 |    +1.6% |   -0.385 |      -19.6 |      -42.1 |    290 | sa23_sr\[2\]$_DFF_P_/D
     633* |       0 |     300 |        0 |      0 |   128 |    +1.6% |   -0.385 |      -19.6 |      -42.1 |    290 | sa23_sr\[2\]$_DFF_P_/D
     638* |       0 |     300 |        0 |      0 |   132 |    +1.6% |   -0.385 |      -19.6 |      -42.1 |    290 | sa23_sr\[2\]$_DFF_P_/D
     640* |       0 |     300 |        0 |      0 |   133 |    +1.6% |   -0.385 |      -19.6 |      -42.1 |    290 | sa23_sr\[2\]$_DFF_P_/D
     642* |       0 |     300 |        0 |      0 |   134 |    +1.6% |   -0.385 |      -19.6 |      -42.1 |    290 | sa23_sr\[2\]$_DFF_P_/D
     648* |       0 |     300 |        0 |      0 |   134 |    +1.6% |   -0.385 |      -19.6 |      -42.1 |    290 | sa23_sr\[2\]$_DFF_P_/D
     650* |       0 |     300 |        0 |      0 |   135 |    +1.6% |   -0.385 |      -19.6 |      -42.1 |    290 | sa23_sr\[2\]$_DFF_P_/D
     656* |       0 |     300 |        0 |      0 |   134 |    +1.6% |   -0.385 |      -19.6 |      -42.1 |    290 | sa23_sr\[2\]$_DFF_P_/D
     660* |       0 |     300 |        0 |      0 |   137 |    +1.6% |   -0.385 |      -19.6 |      -42.0 |    290 | sa23_sr\[2\]$_DFF_P_/D
     665* |       0 |     301 |        0 |      0 |   141 |    +1.6% |   -0.385 |      -19.6 |      -42.0 |    290 | sa23_sr\[2\]$_DFF_P_/D
     670* |       0 |     305 |        0 |      0 |   141 |    +1.6% |   -0.385 |      -19.5 |      -42.0 |    290 | sa23_sr\[2\]$_DFF_P_/D
     675* |       0 |     305 |        0 |      0 |   141 |    +1.6% |   -0.385 |      -19.5 |      -42.0 |    290 | sa23_sr\[2\]$_DFF_P_/D
     680* |       0 |     305 |        0 |      0 |   145 |    +1.6% |   -0.385 |      -19.5 |      -42.0 |    290 | sa23_sr\[2\]$_DFF_P_/D
     680* |       0 |     305 |        0 |      0 |   141 |    +1.6% |   -0.385 |      -19.5 |      -42.0 |    290 | sa23_sr\[2\]$_DFF_P_/D
     686* |       0 |     305 |        0 |      0 |   144 |    +1.6% |   -0.385 |      -19.5 |      -41.9 |    290 | sa23_sr\[2\]$_DFF_P_/D
     690* |       0 |     305 |        0 |      0 |   147 |    +1.6% |   -0.385 |      -19.5 |      -41.9 |    290 | sa23_sr\[2\]$_DFF_P_/D
     691* |       0 |     305 |        0 |      0 |   146 |    +1.6% |   -0.385 |      -19.5 |      -41.9 |    290 | sa23_sr\[2\]$_DFF_P_/D
     698* |       0 |     305 |        0 |      0 |   149 |    +1.6% |   -0.385 |      -19.5 |      -41.9 |    290 | sa23_sr\[2\]$_DFF_P_/D
     700* |       0 |     306 |        0 |      0 |   149 |    +1.6% |   -0.385 |      -19.3 |      -41.6 |    290 | sa23_sr\[2\]$_DFF_P_/D
     704* |       0 |     306 |        0 |      0 |   150 |    +1.6% |   -0.384 |      -19.3 |      -41.6 |    290 | sa23_sr\[2\]$_DFF_P_/D
     710* |       0 |     306 |        0 |      0 |   155 |    +1.6% |   -0.384 |      -19.3 |      -41.6 |    290 | sa23_sr\[2\]$_DFF_P_/D
     710* |       0 |     306 |        0 |      0 |   155 |    +1.6% |   -0.384 |      -19.3 |      -41.6 |    290 | sa23_sr\[2\]$_DFF_P_/D
     719* |       0 |     308 |        0 |      0 |   160 |    +1.6% |   -0.384 |      -19.2 |      -41.5 |    290 | sa23_sr\[2\]$_DFF_P_/D
     720* |       0 |     308 |        0 |      0 |   160 |    +1.6% |   -0.384 |      -19.2 |      -41.5 |    290 | sa23_sr\[2\]$_DFF_P_/D
     730* |       0 |     316 |        0 |      0 |   162 |    +1.7% |   -0.384 |      -19.1 |      -41.5 |    290 | sa23_sr\[2\]$_DFF_P_/D
     731* |       0 |     314 |        0 |      0 |   162 |    +1.7% |   -0.384 |      -19.1 |      -41.5 |    290 | sa23_sr\[2\]$_DFF_P_/D
     737* |       0 |     314 |        0 |      0 |   166 |    +1.7% |   -0.384 |      -19.1 |      -41.5 |    290 | sa23_sr\[2\]$_DFF_P_/D
     740* |       0 |     315 |        0 |      0 |   167 |    +1.7% |   -0.384 |      -19.1 |      -41.5 |    290 | sa23_sr\[2\]$_DFF_P_/D
     744* |       0 |     315 |        0 |      0 |   167 |    +1.7% |   -0.384 |      -19.1 |      -41.5 |    290 | sa23_sr\[2\]$_DFF_P_/D
     750* |       0 |     317 |        0 |      0 |   170 |    +1.7% |   -0.384 |      -19.0 |      -41.5 |    290 | sa23_sr\[2\]$_DFF_P_/D
     755* |       0 |     320 |        0 |      0 |   172 |    +1.7% |   -0.384 |      -19.0 |      -41.5 |    290 | sa23_sr\[2\]$_DFF_P_/D
     760* |       0 |     321 |        0 |      0 |   175 |    +1.7% |   -0.384 |      -19.0 |      -41.5 |    290 | sa23_sr\[2\]$_DFF_P_/D
     760* |       0 |     321 |        0 |      0 |   173 |    +1.7% |   -0.384 |      -19.0 |      -41.5 |    290 | sa23_sr\[2\]$_DFF_P_/D
     766* |       0 |     321 |        0 |      0 |   178 |    +1.7% |   -0.384 |      -19.0 |      -41.5 |    290 | sa23_sr\[2\]$_DFF_P_/D
     770* |       0 |     321 |        0 |      0 |   181 |    +1.7% |   -0.384 |      -19.0 |      -41.5 |    290 | sa23_sr\[2\]$_DFF_P_/D
     773* |       0 |     321 |        0 |      0 |   183 |    +1.7% |   -0.384 |      -19.0 |      -41.5 |    290 | sa23_sr\[2\]$_DFF_P_/D
     780* |       0 |     324 |        0 |      0 |   186 |    +1.7% |   -0.384 |      -18.7 |      -41.0 |    290 | sa23_sr\[2\]$_DFF_P_/D
     782* |       0 |     324 |        0 |      0 |   187 |    +1.7% |   -0.384 |      -18.7 |      -41.0 |    290 | sa23_sr\[2\]$_DFF_P_/D
     788* |       0 |     324 |        0 |      0 |   188 |    +1.7% |   -0.384 |      -18.7 |      -41.0 |    290 | sa23_sr\[2\]$_DFF_P_/D
     790* |       0 |     325 |        0 |      0 |   188 |    +1.7% |   -0.384 |      -18.4 |      -40.9 |    290 | sa23_sr\[2\]$_DFF_P_/D
     798* |       0 |     327 |        0 |      0 |   191 |    +1.7% |   -0.384 |      -18.2 |      -40.8 |    290 | sa23_sr\[2\]$_DFF_P_/D
     800* |       0 |     328 |        0 |      0 |   191 |    +1.7% |   -0.384 |      -18.0 |      -40.8 |    290 | sa23_sr\[2\]$_DFF_P_/D
     807* |       0 |     328 |        0 |      0 |   194 |    +1.7% |   -0.384 |      -18.0 |      -40.7 |    290 | sa23_sr\[2\]$_DFF_P_/D
     810* |       0 |     328 |        0 |      0 |   196 |    +1.7% |   -0.384 |      -18.0 |      -40.7 |    290 | sa23_sr\[2\]$_DFF_P_/D
     811* |       0 |     328 |        0 |      0 |   195 |    +1.7% |   -0.384 |      -18.0 |      -40.7 |    290 | sa23_sr\[2\]$_DFF_P_/D
     817* |       0 |     328 |        0 |      0 |   197 |    +1.7% |   -0.384 |      -18.0 |      -40.7 |    290 | sa23_sr\[2\]$_DFF_P_/D
     820* |       0 |     328 |        0 |      0 |   199 |    +1.7% |   -0.384 |      -18.0 |      -40.7 |    290 | sa23_sr\[2\]$_DFF_P_/D
     822* |       0 |     328 |        0 |      0 |   197 |    +1.7% |   -0.384 |      -18.0 |      -40.7 |    290 | sa23_sr\[2\]$_DFF_P_/D
     828* |       0 |     329 |        0 |      0 |   197 |    +1.8% |   -0.384 |      -17.9 |      -40.6 |    290 | sa23_sr\[2\]$_DFF_P_/D
     830* |       0 |     329 |        0 |      0 |   198 |    +1.8% |   -0.384 |      -17.9 |      -40.6 |    290 | sa23_sr\[2\]$_DFF_P_/D
     833* |       0 |     329 |        0 |      0 |   199 |    +1.8% |   -0.384 |      -17.9 |      -40.6 |    290 | sa23_sr\[2\]$_DFF_P_/D
     837* |       0 |     329 |        0 |      0 |   199 |    +1.8% |   -0.384 |      -17.9 |      -40.6 |    290 | sa23_sr\[2\]$_DFF_P_/D
     840* |       0 |     331 |        0 |      0 |   199 |    +1.8% |   -0.384 |      -17.9 |      -40.6 |    290 | sa23_sr\[2\]$_DFF_P_/D
     850* |       0 |     335 |        0 |      0 |   205 |    +1.8% |   -0.384 |      -17.9 |      -40.6 |    290 | sa23_sr\[2\]$_DFF_P_/D
     854* |       0 |     336 |        0 |      0 |   208 |    +1.8% |   -0.384 |      -17.9 |      -40.6 |    290 | sa23_sr\[2\]$_DFF_P_/D
     860* |       0 |     337 |        0 |      0 |   212 |    +1.8% |   -0.384 |      -17.6 |      -40.3 |    290 | sa23_sr\[2\]$_DFF_P_/D
     862* |       0 |     337 |        0 |      0 |   211 |    +1.8% |   -0.384 |      -17.6 |      -40.3 |    290 | sa23_sr\[2\]$_DFF_P_/D
     870* |       0 |     338 |        0 |      0 |   217 |    +1.8% |   -0.384 |      -17.6 |      -40.3 |    290 | sa23_sr\[2\]$_DFF_P_/D
     870* |       0 |     338 |        0 |      0 |   214 |    +1.8% |   -0.384 |      -17.6 |      -40.3 |    290 | sa23_sr\[2\]$_DFF_P_/D
     878* |       0 |     338 |        0 |      0 |   214 |    +1.8% |   -0.384 |      -17.6 |      -40.3 |    290 | sa23_sr\[2\]$_DFF_P_/D
     880* |       0 |     338 |        0 |      0 |   215 |    +1.8% |   -0.384 |      -17.6 |      -40.3 |    290 | sa23_sr\[2\]$_DFF_P_/D
     883* |       0 |     338 |        0 |      0 |   214 |    +1.8% |   -0.384 |      -17.6 |      -40.3 |    290 | sa23_sr\[2\]$_DFF_P_/D
     890* |       0 |     339 |        0 |      0 |   219 |    +1.8% |   -0.384 |      -17.6 |      -40.3 |    290 | sa23_sr\[2\]$_DFF_P_/D
     890* |       0 |     339 |        0 |      0 |   217 |    +1.8% |   -0.384 |      -17.6 |      -40.3 |    290 | sa23_sr\[2\]$_DFF_P_/D
     895* |       0 |     339 |        0 |      0 |   217 |    +1.8% |   -0.384 |      -17.6 |      -40.3 |    290 | sa23_sr\[2\]$_DFF_P_/D
     900* |       0 |     339 |        0 |      0 |   221 |    +1.8% |   -0.384 |      -17.6 |      -40.2 |    290 | sa23_sr\[2\]$_DFF_P_/D
     903* |       0 |     339 |        0 |      0 |   224 |    +1.8% |   -0.384 |      -17.6 |      -40.2 |    290 | sa23_sr\[2\]$_DFF_P_/D
     908* |       0 |     339 |        0 |      0 |   228 |    +1.8% |   -0.384 |      -17.6 |      -40.2 |    290 | sa23_sr\[2\]$_DFF_P_/D
     910* |       0 |     339 |        0 |      0 |   229 |    +1.8% |   -0.384 |      -17.6 |      -40.2 |    290 | sa23_sr\[2\]$_DFF_P_/D
     914* |       0 |     339 |        0 |      0 |   231 |    +1.8% |   -0.384 |      -17.6 |      -40.2 |    290 | sa23_sr\[2\]$_DFF_P_/D
     920* |       0 |     340 |        0 |      0 |   235 |    +1.8% |   -0.384 |      -17.6 |      -40.2 |    290 | sa23_sr\[2\]$_DFF_P_/D
     925* |       0 |     340 |        0 |      0 |   237 |    +1.8% |   -0.384 |      -17.6 |      -40.2 |    290 | sa23_sr\[2\]$_DFF_P_/D
     930* |       0 |     340 |        0 |      0 |   241 |    +1.8% |   -0.384 |      -17.6 |      -40.2 |    290 | sa23_sr\[2\]$_DFF_P_/D
     932* |       0 |     340 |        0 |      0 |   240 |    +1.8% |   -0.384 |      -17.6 |      -40.2 |    290 | sa23_sr\[2\]$_DFF_P_/D
     939* |       0 |     340 |        0 |      0 |   242 |    +1.8% |   -0.384 |      -17.6 |      -40.2 |    290 | sa23_sr\[2\]$_DFF_P_/D
     940* |       0 |     340 |        0 |      0 |   242 |    +1.8% |   -0.384 |      -17.6 |      -40.2 |    290 | sa23_sr\[2\]$_DFF_P_/D
     946* |       0 |     340 |        0 |      0 |   242 |    +1.8% |   -0.384 |      -17.6 |      -40.2 |    290 | sa23_sr\[2\]$_DFF_P_/D
     950* |       0 |     342 |        0 |      0 |   243 |    +1.8% |   -0.384 |      -17.6 |      -40.2 |    290 | sa23_sr\[2\]$_DFF_P_/D
     957* |       0 |     347 |        0 |      0 |   245 |    +1.9% |   -0.384 |      -17.6 |      -40.2 |    290 | sa23_sr\[2\]$_DFF_P_/D
     960* |       0 |     347 |        0 |      0 |   247 |    +1.9% |   -0.384 |      -17.6 |      -40.2 |    290 | sa23_sr\[2\]$_DFF_P_/D
     961* |       0 |     347 |        0 |      0 |   245 |    +1.9% |   -0.384 |      -17.6 |      -40.2 |    290 | sa23_sr\[2\]$_DFF_P_/D
     970* |       0 |     349 |        0 |      0 |   251 |    +1.9% |   -0.384 |      -17.4 |      -39.7 |    290 | sa23_sr\[2\]$_DFF_P_/D
     970* |       0 |     348 |        0 |      0 |   249 |    +1.9% |   -0.384 |      -17.4 |      -39.7 |    290 | sa23_sr\[2\]$_DFF_P_/D
     975* |       0 |     348 |        0 |      0 |   249 |    +1.9% |   -0.384 |      -17.4 |      -39.7 |    290 | sa23_sr\[2\]$_DFF_P_/D
     980* |       0 |     348 |        0 |      0 |   253 |    +1.9% |   -0.384 |      -17.4 |      -39.7 |    290 | sa23_sr\[2\]$_DFF_P_/D
     980* |       0 |     348 |        0 |      0 |   252 |    +1.9% |   -0.384 |      -17.4 |      -39.7 |    290 | sa23_sr\[2\]$_DFF_P_/D
     984* |       0 |     348 |        0 |      0 |   254 |    +1.9% |   -0.384 |      -17.4 |      -39.7 |    290 | sa23_sr\[2\]$_DFF_P_/D
     988* |       0 |     348 |        0 |      0 |   257 |    +1.9% |   -0.384 |      -17.4 |      -39.7 |    290 | sa23_sr\[2\]$_DFF_P_/D
     990* |       0 |     348 |        0 |      0 |   258 |    +1.9% |   -0.384 |      -17.4 |      -39.7 |    290 | sa23_sr\[2\]$_DFF_P_/D
     998* |       0 |     348 |        0 |      0 |   264 |    +1.9% |   -0.384 |      -17.4 |      -39.7 |    290 | sa23_sr\[2\]$_DFF_P_/D
    1000* |       0 |     349 |        0 |      0 |   264 |    +1.9% |   -0.384 |      -17.4 |      -39.7 |    290 | sa23_sr\[2\]$_DFF_P_/D
    1004* |       0 |     350 |        0 |      0 |   267 |    +1.9% |   -0.384 |      -17.4 |      -39.7 |    290 | sa23_sr\[2\]$_DFF_P_/D
    1010* |       0 |     350 |        0 |      0 |   272 |    +1.9% |   -0.384 |      -17.4 |      -39.7 |    290 | sa23_sr\[2\]$_DFF_P_/D
    1011* |       0 |     350 |        0 |      0 |   273 |    +1.9% |   -0.384 |      -17.4 |      -39.7 |    290 | sa23_sr\[2\]$_DFF_P_/D
    1017* |       0 |     350 |        0 |      0 |   275 |    +1.9% |   -0.384 |      -17.4 |      -39.7 |    290 | sa23_sr\[2\]$_DFF_P_/D
    1020* |       0 |     351 |        0 |      0 |   276 |    +1.9% |   -0.384 |      -17.4 |      -39.7 |    290 | sa23_sr\[2\]$_DFF_P_/D
    1025* |       0 |     351 |        0 |      0 |   279 |    +1.9% |   -0.384 |      -17.4 |      -39.7 |    290 | sa23_sr\[2\]$_DFF_P_/D
    1030* |       0 |     352 |        0 |      0 |   282 |    +1.9% |   -0.384 |      -17.4 |      -39.7 |    290 | sa23_sr\[2\]$_DFF_P_/D
    1034* |       0 |     351 |        0 |      0 |   282 |    +1.9% |   -0.384 |      -17.4 |      -39.7 |    290 | sa23_sr\[2\]$_DFF_P_/D
    1040* |       0 |     351 |        0 |      0 |   287 |    +1.9% |   -0.384 |      -17.4 |      -39.7 |    290 | sa23_sr\[2\]$_DFF_P_/D
    1040* |       0 |     351 |        0 |      0 |   282 |    +1.9% |   -0.384 |      -17.4 |      -39.7 |    290 | sa23_sr\[2\]$_DFF_P_/D
    1046* |       0 |     351 |        0 |      0 |   282 |    +1.9% |   -0.384 |      -17.4 |      -39.7 |    290 | sa23_sr\[2\]$_DFF_P_/D
    1050* |       0 |     352 |        0 |      0 |   284 |    +1.9% |   -0.384 |      -17.4 |      -39.7 |    290 | sa23_sr\[2\]$_DFF_P_/D
    1052* |       0 |     352 |        0 |      0 |   286 |    +1.9% |   -0.384 |      -17.4 |      -39.7 |    290 | sa23_sr\[2\]$_DFF_P_/D
    1058* |       0 |     352 |        0 |      0 |   287 |    +1.9% |   -0.384 |      -17.4 |      -39.7 |    290 | sa23_sr\[2\]$_DFF_P_/D
    1060* |       0 |     352 |        0 |      0 |   288 |    +1.9% |   -0.384 |      -17.4 |      -39.7 |    290 | sa23_sr\[2\]$_DFF_P_/D
    1065* |       0 |     352 |        0 |      0 |   292 |    +1.9% |   -0.384 |      -17.4 |      -39.7 |    290 | sa23_sr\[2\]$_DFF_P_/D
    1069* |       0 |     352 |        0 |      0 |   292 |    +1.9% |   -0.384 |      -17.4 |      -39.7 |    290 | sa23_sr\[2\]$_DFF_P_/D
    1070* |       0 |     352 |        0 |      0 |   292 |    +1.9% |   -0.384 |      -17.4 |      -39.7 |    290 | sa23_sr\[2\]$_DFF_P_/D
    1076* |       0 |     353 |        0 |      0 |   294 |    +1.9% |   -0.384 |      -17.4 |      -39.7 |    290 | sa23_sr\[2\]$_DFF_P_/D
    1080* |       0 |     353 |        0 |      0 |   297 |    +1.9% |   -0.384 |      -17.4 |      -39.7 |    290 | sa23_sr\[2\]$_DFF_P_/D
    1080* |       0 |     353 |        0 |      0 |   297 |    +1.9% |   -0.384 |      -17.4 |      -39.7 |    290 | sa23_sr\[2\]$_DFF_P_/D
    1089* |       0 |     355 |        0 |      0 |   303 |    +1.9% |   -0.384 |      -17.4 |      -39.7 |    290 | sa23_sr\[2\]$_DFF_P_/D
    1090* |       0 |     355 |        0 |      0 |   303 |    +1.9% |   -0.384 |      -17.4 |      -39.7 |    290 | sa23_sr\[2\]$_DFF_P_/D
    1099* |       0 |     357 |        0 |      0 |   307 |    +1.9% |   -0.384 |      -17.3 |      -39.4 |    290 | sa23_sr\[2\]$_DFF_P_/D
    1100* |       0 |     357 |        0 |      0 |   307 |    +1.9% |   -0.384 |      -17.3 |      -39.4 |    290 | sa23_sr\[2\]$_DFF_P_/D
    1104* |       0 |     357 |        0 |      0 |   307 |    +1.9% |   -0.384 |      -17.3 |      -39.4 |    290 | sa23_sr\[2\]$_DFF_P_/D
    1109* |       0 |     357 |        0 |      0 |   307 |    +1.9% |   -0.384 |      -17.3 |      -39.4 |    290 | sa23_sr\[2\]$_DFF_P_/D
    1110* |       0 |     357 |        0 |      0 |   307 |    +1.9% |   -0.384 |      -17.3 |      -39.4 |    290 | sa23_sr\[2\]$_DFF_P_/D
    1120* |       0 |     362 |        0 |      0 |   312 |    +1.9% |   -0.384 |      -16.6 |      -38.7 |    290 | sa23_sr\[2\]$_DFF_P_/D
    1120* |       0 |     360 |        0 |      0 |   309 |    +1.9% |   -0.384 |      -16.6 |      -38.7 |    290 | sa23_sr\[2\]$_DFF_P_/D
    1128* |       0 |     360 |        0 |      0 |   315 |    +1.9% |   -0.384 |      -16.5 |      -38.7 |    290 | sa23_sr\[2\]$_DFF_P_/D
    1130* |       0 |     360 |        0 |      0 |   316 |    +1.9% |   -0.384 |      -16.5 |      -38.7 |    290 | sa23_sr\[2\]$_DFF_P_/D
    1134* |       0 |     360 |        0 |      0 |   316 |    +1.9% |   -0.384 |      -16.5 |      -38.7 |    290 | sa23_sr\[2\]$_DFF_P_/D
    1140* |       0 |     363 |        0 |      0 |   318 |    +1.9% |   -0.384 |      -16.6 |      -38.7 |    290 | sa23_sr\[2\]$_DFF_P_/D
    1148* |       0 |     363 |        0 |      0 |   320 |    +1.9% |   -0.384 |      -16.6 |      -38.7 |    290 | sa23_sr\[2\]$_DFF_P_/D
    1150* |       0 |     363 |        0 |      0 |   321 |    +1.9% |   -0.384 |      -16.6 |      -38.7 |    290 | sa23_sr\[2\]$_DFF_P_/D
    1152* |       0 |     363 |        0 |      0 |   322 |    +1.9% |   -0.384 |      -16.6 |      -38.7 |    290 | sa23_sr\[2\]$_DFF_P_/D
    1160* |       0 |     363 |        0 |      0 |   329 |    +1.9% |   -0.384 |      -16.6 |      -38.7 |    290 | sa23_sr\[2\]$_DFF_P_/D
    1160* |       0 |     363 |        0 |      0 |   323 |    +1.9% |   -0.384 |      -16.6 |      -38.7 |    290 | sa23_sr\[2\]$_DFF_P_/D
    1164* |       0 |     363 |        0 |      0 |   323 |    +1.9% |   -0.384 |      -16.6 |      -38.7 |    290 | sa23_sr\[2\]$_DFF_P_/D
    1170* |       0 |     363 |        0 |      0 |   328 |    +1.9% |   -0.384 |      -16.6 |      -38.6 |    290 | sa23_sr\[2\]$_DFF_P_/D
    1171* |       0 |     363 |        0 |      0 |   325 |    +1.9% |   -0.384 |      -16.6 |      -38.6 |    290 | sa23_sr\[2\]$_DFF_P_/D
    1176* |       0 |     363 |        0 |      0 |   326 |    +1.9% |   -0.384 |      -16.6 |      -38.6 |    290 | sa23_sr\[2\]$_DFF_P_/D
    1180* |       0 |     363 |        0 |      0 |   329 |    +1.9% |   -0.384 |      -16.5 |      -38.6 |    290 | sa23_sr\[2\]$_DFF_P_/D
    1186* |       0 |     363 |        0 |      0 |   331 |    +1.9% |   -0.384 |      -16.5 |      -38.6 |    290 | sa23_sr\[2\]$_DFF_P_/D
    1190* |       0 |     366 |        0 |      0 |   331 |    +2.0% |   -0.384 |      -16.5 |      -38.6 |    290 | sa23_sr\[2\]$_DFF_P_/D
    1190* |       0 |     366 |        0 |      0 |   331 |    +2.0% |   -0.384 |      -16.5 |      -38.6 |    290 | sa23_sr\[2\]$_DFF_P_/D
    1199* |       0 |     367 |        0 |      0 |   333 |    +2.0% |   -0.384 |      -16.6 |      -38.6 |    290 | sa23_sr\[2\]$_DFF_P_/D
    1200* |       0 |     367 |        0 |      0 |   333 |    +2.0% |   -0.384 |      -16.6 |      -38.6 |    290 | sa23_sr\[2\]$_DFF_P_/D
    1206* |       0 |     367 |        0 |      0 |   339 |    +2.0% |   -0.384 |      -16.6 |      -38.6 |    290 | sa23_sr\[2\]$_DFF_P_/D
    1210* |       0 |     368 |        0 |      0 |   341 |    +2.0% |   -0.384 |      -16.5 |      -38.5 |    290 | sa23_sr\[2\]$_DFF_P_/D
    1217* |       0 |     369 |        0 |      0 |   344 |    +2.0% |   -0.384 |      -16.5 |      -38.5 |    290 | sa23_sr\[2\]$_DFF_P_/D
    1220* |       0 |     369 |        0 |      0 |   346 |    +2.0% |   -0.384 |      -16.5 |      -38.5 |    290 | sa23_sr\[2\]$_DFF_P_/D
    1224* |       0 |     369 |        0 |      0 |   350 |    +2.0% |   -0.384 |      -16.5 |      -38.5 |    290 | sa23_sr\[2\]$_DFF_P_/D
    1229* |       0 |     369 |        0 |      0 |   350 |    +2.0% |   -0.384 |      -16.5 |      -38.5 |    290 | sa23_sr\[2\]$_DFF_P_/D
    1230* |       0 |     369 |        0 |      0 |   350 |    +2.0% |   -0.384 |      -16.5 |      -38.5 |    290 | sa23_sr\[2\]$_DFF_P_/D
    1234* |       0 |     369 |        0 |      0 |   350 |    +2.0% |   -0.384 |      -16.5 |      -38.5 |    290 | sa23_sr\[2\]$_DFF_P_/D
    1240* |       0 |     369 |        0 |      0 |   355 |    +2.0% |   -0.384 |      -16.5 |      -38.5 |    290 | sa23_sr\[2\]$_DFF_P_/D
    1240* |       0 |     369 |        0 |      0 |   353 |    +2.0% |   -0.384 |      -16.5 |      -38.5 |    290 | sa23_sr\[2\]$_DFF_P_/D
    1245* |       0 |     369 |        0 |      0 |   357 |    +2.0% |   -0.384 |      -16.5 |      -38.5 |    290 | sa23_sr\[2\]$_DFF_P_/D
    1250* |       0 |     370 |        0 |      0 |   360 |    +2.0% |   -0.384 |      -16.5 |      -38.5 |    290 | sa23_sr\[2\]$_DFF_P_/D
    1252* |       0 |     370 |        0 |      0 |   361 |    +2.0% |   -0.384 |      -16.5 |      -38.5 |    290 | sa23_sr\[2\]$_DFF_P_/D
    1260* |       0 |     370 |        0 |      0 |   368 |    +2.0% |   -0.384 |      -16.5 |      -38.5 |    290 | sa23_sr\[2\]$_DFF_P_/D
    1263* |       0 |     370 |        0 |      0 |   371 |    +2.0% |   -0.384 |      -16.5 |      -38.5 |    290 | sa23_sr\[2\]$_DFF_P_/D
    1270* |       0 |     370 |        0 |      0 |   377 |    +2.0% |   -0.384 |      -16.5 |      -38.5 |    290 | sa23_sr\[2\]$_DFF_P_/D
    1271* |       0 |     370 |        0 |      0 |   373 |    +2.0% |   -0.384 |      -16.4 |      -38.4 |    290 | sa23_sr\[2\]$_DFF_P_/D
    1280* |       0 |     370 |        0 |      0 |   381 |    +2.0% |   -0.384 |      -16.4 |      -38.4 |    290 | sa23_sr\[2\]$_DFF_P_/D
    1280* |       0 |     370 |        0 |      0 |   380 |    +2.0% |   -0.384 |      -16.4 |      -38.4 |    290 | sa23_sr\[2\]$_DFF_P_/D
    1288* |       0 |     370 |        0 |      0 |   383 |    +2.0% |   -0.384 |      -16.5 |      -38.4 |    290 | sa23_sr\[2\]$_DFF_P_/D
    1290* |       0 |     370 |        0 |      0 |   384 |    +2.0% |   -0.384 |      -16.4 |      -38.4 |    290 | sa23_sr\[2\]$_DFF_P_/D
    1292* |       0 |     370 |        0 |      0 |   383 |    +2.0% |   -0.384 |      -16.5 |      -38.4 |    290 | sa23_sr\[2\]$_DFF_P_/D
    1297* |       0 |     370 |        0 |      0 |   383 |    +2.0% |   -0.384 |      -16.5 |      -38.4 |    290 | sa23_sr\[2\]$_DFF_P_/D
    1300* |       0 |     370 |        0 |      0 |   385 |    +2.0% |   -0.384 |      -16.5 |      -38.4 |    290 | sa23_sr\[2\]$_DFF_P_/D
    1304* |       0 |     370 |        0 |      0 |   384 |    +2.0% |   -0.384 |      -16.5 |      -38.4 |    290 | sa23_sr\[2\]$_DFF_P_/D
    1309* |       0 |     370 |        0 |      0 |   384 |    +2.0% |   -0.384 |      -16.5 |      -38.4 |    290 | sa23_sr\[2\]$_DFF_P_/D
    1310* |       0 |     370 |        0 |      0 |   384 |    +2.0% |   -0.384 |      -16.5 |      -38.4 |    290 | sa23_sr\[2\]$_DFF_P_/D
    1315* |       0 |     370 |        0 |      0 |   386 |    +2.0% |   -0.384 |      -16.5 |      -38.4 |    290 | sa23_sr\[2\]$_DFF_P_/D
    1316* |       0 |     370 |        0 |      0 |   386 |    +2.0% |   -0.384 |      -16.5 |      -38.4 |    290 | sa23_sr\[2\]$_DFF_P_/D
    1317* |       0 |     370 |        0 |      0 |   386 |    +2.0% |   -0.384 |      -16.5 |      -38.4 |    290 | sa23_sr\[2\]$_DFF_P_/D
    1318* |       0 |     370 |        0 |      0 |   386 |    +2.0% |   -0.384 |      -16.5 |      -38.4 |    290 | sa23_sr\[2\]$_DFF_P_/D
    1319* |       0 |     370 |        0 |      0 |   386 |    +2.0% |   -0.384 |      -16.5 |      -38.4 |    290 | sa23_sr\[2\]$_DFF_P_/D
    1320* |       0 |     370 |        0 |      0 |   386 |    +2.0% |   -0.384 |      -16.5 |      -38.4 |    290 | sa23_sr\[2\]$_DFF_P_/D
    1320* |       0 |     370 |        0 |      0 |   386 |    +2.0% |   -0.384 |      -16.5 |      -38.4 |    290 | sa23_sr\[2\]$_DFF_P_/D
    1321* |       0 |     370 |        0 |      0 |   386 |    +2.0% |   -0.384 |      -16.5 |      -38.4 |    290 | sa23_sr\[2\]$_DFF_P_/D
    1322* |       0 |     370 |        0 |      0 |   386 |    +2.0% |   -0.384 |      -16.5 |      -38.4 |    290 | sa23_sr\[2\]$_DFF_P_/D
    1323* |       0 |     370 |        0 |      0 |   386 |    +2.0% |   -0.384 |      -16.5 |      -38.4 |    290 | sa23_sr\[2\]$_DFF_P_/D
    1324* |       0 |     370 |        0 |      0 |   386 |    +2.0% |   -0.384 |      -16.5 |      -38.4 |    290 | sa23_sr\[2\]$_DFF_P_/D
    1325* |       0 |     370 |        0 |      0 |   386 |    +2.0% |   -0.384 |      -16.5 |      -38.4 |    290 | sa23_sr\[2\]$_DFF_P_/D
    1326* |       0 |     370 |        0 |      0 |   386 |    +2.0% |   -0.384 |      -16.5 |      -38.4 |    290 | sa23_sr\[2\]$_DFF_P_/D
    1327* |       0 |     370 |        0 |      0 |   386 |    +2.0% |   -0.384 |      -16.5 |      -38.4 |    290 | sa23_sr\[2\]$_DFF_P_/D
    1328* |       0 |     370 |        0 |      0 |   386 |    +2.0% |   -0.384 |      -16.5 |      -38.4 |    290 | sa23_sr\[2\]$_DFF_P_/D
    1329* |       0 |     370 |        0 |      0 |   386 |    +2.0% |   -0.384 |      -16.5 |      -38.4 |    290 | sa23_sr\[2\]$_DFF_P_/D
    1330* |       0 |     370 |        0 |      0 |   386 |    +2.0% |   -0.384 |      -16.5 |      -38.4 |    290 | sa23_sr\[2\]$_DFF_P_/D
    1330* |       0 |     370 |        0 |      0 |   386 |    +2.0% |   -0.384 |      -16.5 |      -38.4 |    290 | sa23_sr\[2\]$_DFF_P_/D
    1331* |       0 |     370 |        0 |      0 |   386 |    +2.0% |   -0.384 |      -16.5 |      -38.4 |    290 | sa23_sr\[2\]$_DFF_P_/D
    1332* |       0 |     370 |        0 |      0 |   386 |    +2.0% |   -0.384 |      -16.5 |      -38.4 |    290 | sa23_sr\[2\]$_DFF_P_/D
    1333* |       0 |     370 |        0 |      0 |   386 |    +2.0% |   -0.384 |      -16.5 |      -38.4 |    290 | sa23_sr\[2\]$_DFF_P_/D
    1334* |       0 |     370 |        0 |      0 |   386 |    +2.0% |   -0.384 |      -16.5 |      -38.4 |    290 | sa23_sr\[2\]$_DFF_P_/D
    1335* |       0 |     370 |        0 |      0 |   386 |    +2.0% |   -0.384 |      -16.5 |      -38.4 |    290 | sa23_sr\[2\]$_DFF_P_/D
    1336* |       0 |     370 |        0 |      0 |   386 |    +2.0% |   -0.384 |      -16.5 |      -38.4 |    290 | sa23_sr\[2\]$_DFF_P_/D
    1337* |       0 |     370 |        0 |      0 |   386 |    +2.0% |   -0.384 |      -16.5 |      -38.4 |    290 | sa23_sr\[2\]$_DFF_P_/D
    1338* |       0 |     370 |        0 |      0 |   386 |    +2.0% |   -0.384 |      -16.5 |      -38.4 |    290 | sa23_sr\[2\]$_DFF_P_/D
    1339* |       0 |     370 |        0 |      0 |   386 |    +2.0% |   -0.384 |      -16.5 |      -38.4 |    290 | sa23_sr\[2\]$_DFF_P_/D
    1340* |       0 |     370 |        0 |      0 |   386 |    +2.0% |   -0.384 |      -16.5 |      -38.4 |    290 | sa23_sr\[2\]$_DFF_P_/D
    1340* |       0 |     370 |        0 |      0 |   386 |    +2.0% |   -0.384 |      -16.5 |      -38.4 |    290 | sa23_sr\[2\]$_DFF_P_/D
    1341* |       0 |     370 |        0 |      0 |   386 |    +2.0% |   -0.384 |      -16.5 |      -38.4 |    290 | sa23_sr\[2\]$_DFF_P_/D
    1342* |       0 |     370 |        0 |      0 |   386 |    +2.0% |   -0.384 |      -16.5 |      -38.4 |    290 | sa23_sr\[2\]$_DFF_P_/D
    1343* |       0 |     370 |        0 |      0 |   386 |    +2.0% |   -0.384 |      -16.5 |      -38.4 |    290 | sa23_sr\[2\]$_DFF_P_/D
    1344* |       0 |     370 |        0 |      0 |   386 |    +2.0% |   -0.384 |      -16.5 |      -38.4 |    290 | sa23_sr\[2\]$_DFF_P_/D
    1345* |       0 |     370 |        0 |      0 |   386 |    +2.0% |   -0.384 |      -16.5 |      -38.4 |    290 | sa23_sr\[2\]$_DFF_P_/D
    1346* |       0 |     370 |        0 |      0 |   386 |    +2.0% |   -0.384 |      -16.5 |      -38.4 |    290 | sa23_sr\[2\]$_DFF_P_/D
    1347* |       0 |     370 |        0 |      0 |   386 |    +2.0% |   -0.384 |      -16.5 |      -38.4 |    290 | sa23_sr\[2\]$_DFF_P_/D
    1348* |       0 |     370 |        0 |      0 |   386 |    +2.0% |   -0.384 |      -16.5 |      -38.4 |    290 | sa23_sr\[2\]$_DFF_P_/D
    1349* |       0 |     370 |        0 |      0 |   386 |    +2.0% |   -0.384 |      -16.5 |      -38.4 |    290 | sa23_sr\[2\]$_DFF_P_/D
    1350* |       0 |     370 |        0 |      0 |   386 |    +2.0% |   -0.384 |      -16.5 |      -38.4 |    290 | sa23_sr\[2\]$_DFF_P_/D
    1350* |       0 |     370 |        0 |      0 |   386 |    +2.0% |   -0.384 |      -16.5 |      -38.4 |    290 | sa23_sr\[2\]$_DFF_P_/D
    1351* |       0 |     370 |        0 |      0 |   386 |    +2.0% |   -0.384 |      -16.5 |      -38.4 |    290 | sa23_sr\[2\]$_DFF_P_/D
    1352* |       0 |     370 |        0 |      0 |   386 |    +2.0% |   -0.384 |      -16.5 |      -38.4 |    290 | sa23_sr\[2\]$_DFF_P_/D
    1353* |       0 |     370 |        0 |      0 |   386 |    +2.0% |   -0.384 |      -16.5 |      -38.4 |    290 | sa23_sr\[2\]$_DFF_P_/D
    1354* |       0 |     370 |        0 |      0 |   386 |    +2.0% |   -0.384 |      -16.5 |      -38.4 |    290 | sa23_sr\[2\]$_DFF_P_/D
    1355* |       0 |     370 |        0 |      0 |   386 |    +2.0% |   -0.384 |      -16.5 |      -38.4 |    290 | sa23_sr\[2\]$_DFF_P_/D
    1356* |       0 |     370 |        0 |      0 |   386 |    +2.0% |   -0.384 |      -16.5 |      -38.4 |    290 | sa23_sr\[2\]$_DFF_P_/D
    1357* |       0 |     370 |        0 |      0 |   386 |    +2.0% |   -0.384 |      -16.5 |      -38.4 |    290 | sa23_sr\[2\]$_DFF_P_/D
    1358* |       0 |     370 |        0 |      0 |   386 |    +2.0% |   -0.384 |      -16.5 |      -38.4 |    290 | sa23_sr\[2\]$_DFF_P_/D
    1359* |       0 |     370 |        0 |      0 |   386 |    +2.0% |   -0.384 |      -16.5 |      -38.4 |    290 | sa23_sr\[2\]$_DFF_P_/D
    1360* |       0 |     370 |        0 |      0 |   386 |    +2.0% |   -0.384 |      -16.5 |      -38.4 |    290 | sa23_sr\[2\]$_DFF_P_/D
    1360* |       0 |     370 |        0 |      0 |   386 |    +2.0% |   -0.384 |      -16.5 |      -38.4 |    290 | sa23_sr\[2\]$_DFF_P_/D
    1361* |       0 |     370 |        0 |      0 |   386 |    +2.0% |   -0.384 |      -16.5 |      -38.4 |    290 | sa23_sr\[2\]$_DFF_P_/D
    1362* |       0 |     370 |        0 |      0 |   386 |    +2.0% |   -0.384 |      -16.5 |      -38.4 |    290 | sa23_sr\[2\]$_DFF_P_/D
    1363* |       0 |     370 |        0 |      0 |   386 |    +2.0% |   -0.384 |      -16.5 |      -38.4 |    290 | sa23_sr\[2\]$_DFF_P_/D
    1364* |       0 |     370 |        0 |      0 |   386 |    +2.0% |   -0.384 |      -16.5 |      -38.4 |    290 | sa23_sr\[2\]$_DFF_P_/D
    1365* |       0 |     370 |        0 |      0 |   386 |    +2.0% |   -0.384 |      -16.5 |      -38.4 |    290 | sa23_sr\[2\]$_DFF_P_/D
    1366* |       0 |     370 |        0 |      0 |   386 |    +2.0% |   -0.384 |      -16.5 |      -38.4 |    290 | sa23_sr\[2\]$_DFF_P_/D
    1367* |       0 |     370 |        0 |      0 |   386 |    +2.0% |   -0.384 |      -16.5 |      -38.4 |    290 | sa23_sr\[2\]$_DFF_P_/D
    1368* |       0 |     370 |        0 |      0 |   386 |    +2.0% |   -0.384 |      -16.5 |      -38.4 |    290 | sa23_sr\[2\]$_DFF_P_/D
    1369* |       0 |     370 |        0 |      0 |   386 |    +2.0% |   -0.384 |      -16.5 |      -38.4 |    290 | sa23_sr\[2\]$_DFF_P_/D
    1370* |       0 |     370 |        0 |      0 |   386 |    +2.0% |   -0.384 |      -16.5 |      -38.4 |    290 | sa23_sr\[2\]$_DFF_P_/D
    1370* |       0 |     370 |        0 |      0 |   386 |    +2.0% |   -0.384 |      -16.5 |      -38.4 |    290 | sa23_sr\[2\]$_DFF_P_/D
    1371* |       0 |     370 |        0 |      0 |   386 |    +2.0% |   -0.384 |      -16.5 |      -38.4 |    290 | sa23_sr\[2\]$_DFF_P_/D
    1372* |       0 |     370 |        0 |      0 |   386 |    +2.0% |   -0.384 |      -16.5 |      -38.4 |    290 | sa23_sr\[2\]$_DFF_P_/D
    1373* |       0 |     370 |        0 |      0 |   386 |    +2.0% |   -0.384 |      -16.5 |      -38.4 |    290 | sa23_sr\[2\]$_DFF_P_/D
    1374* |       0 |     370 |        0 |      0 |   386 |    +2.0% |   -0.384 |      -16.5 |      -38.4 |    290 | sa23_sr\[2\]$_DFF_P_/D
    1375* |       0 |     370 |        0 |      0 |   386 |    +2.0% |   -0.384 |      -16.5 |      -38.4 |    290 | sa23_sr\[2\]$_DFF_P_/D
    1376* |       0 |     370 |        0 |      0 |   386 |    +2.0% |   -0.384 |      -16.5 |      -38.4 |    290 | sa23_sr\[2\]$_DFF_P_/D
    1377* |       0 |     370 |        0 |      0 |   386 |    +2.0% |   -0.384 |      -16.5 |      -38.4 |    290 | sa23_sr\[2\]$_DFF_P_/D
    1378* |       0 |     370 |        0 |      0 |   386 |    +2.0% |   -0.384 |      -16.5 |      -38.4 |    290 | sa23_sr\[2\]$_DFF_P_/D
    1379* |       0 |     370 |        0 |      0 |   386 |    +2.0% |   -0.384 |      -16.5 |      -38.4 |    290 | sa23_sr\[2\]$_DFF_P_/D
    1380* |       0 |     370 |        0 |      0 |   386 |    +2.0% |   -0.384 |      -16.5 |      -38.4 |    290 | sa23_sr\[2\]$_DFF_P_/D
    1380* |       0 |     370 |        0 |      0 |   386 |    +2.0% |   -0.384 |      -16.5 |      -38.4 |    290 | sa23_sr\[2\]$_DFF_P_/D
    1381* |       0 |     370 |        0 |      0 |   386 |    +2.0% |   -0.384 |      -16.5 |      -38.4 |    290 | sa23_sr\[2\]$_DFF_P_/D
    1382* |       0 |     370 |        0 |      0 |   386 |    +2.0% |   -0.384 |      -16.5 |      -38.4 |    290 | sa23_sr\[2\]$_DFF_P_/D
    1383* |       0 |     370 |        0 |      0 |   386 |    +2.0% |   -0.384 |      -16.5 |      -38.4 |    290 | sa23_sr\[2\]$_DFF_P_/D
    1384* |       0 |     370 |        0 |      0 |   386 |    +2.0% |   -0.384 |      -16.5 |      -38.4 |    290 | sa23_sr\[2\]$_DFF_P_/D
    1385* |       0 |     370 |        0 |      0 |   386 |    +2.0% |   -0.384 |      -16.5 |      -38.4 |    290 | sa23_sr\[2\]$_DFF_P_/D
    1386* |       0 |     370 |        0 |      0 |   386 |    +2.0% |   -0.384 |      -16.5 |      -38.4 |    290 | sa23_sr\[2\]$_DFF_P_/D
    1387* |       0 |     370 |        0 |      0 |   386 |    +2.0% |   -0.384 |      -16.5 |      -38.4 |    290 | sa23_sr\[2\]$_DFF_P_/D
    1388* |       0 |     370 |        0 |      0 |   386 |    +2.0% |   -0.384 |      -16.5 |      -38.4 |    290 | sa23_sr\[2\]$_DFF_P_/D
    1389* |       0 |     370 |        0 |      0 |   386 |    +2.0% |   -0.384 |      -16.5 |      -38.4 |    290 | sa23_sr\[2\]$_DFF_P_/D
    1390* |       0 |     370 |        0 |      0 |   386 |    +2.0% |   -0.384 |      -16.5 |      -38.4 |    290 | sa23_sr\[2\]$_DFF_P_/D
    1390* |       0 |     370 |        0 |      0 |   386 |    +2.0% |   -0.384 |      -16.5 |      -38.4 |    290 | sa23_sr\[2\]$_DFF_P_/D
    1391* |       0 |     370 |        0 |      0 |   386 |    +2.0% |   -0.384 |      -16.5 |      -38.4 |    290 | sa23_sr\[2\]$_DFF_P_/D
    1392* |       0 |     370 |        0 |      0 |   386 |    +2.0% |   -0.384 |      -16.5 |      -38.4 |    290 | sa23_sr\[2\]$_DFF_P_/D
    1393* |       0 |     370 |        0 |      0 |   386 |    +2.0% |   -0.384 |      -16.5 |      -38.4 |    290 | sa23_sr\[2\]$_DFF_P_/D
    1394* |       0 |     370 |        0 |      0 |   386 |    +2.0% |   -0.384 |      -16.5 |      -38.4 |    290 | sa23_sr\[2\]$_DFF_P_/D
    1395* |       0 |     370 |        0 |      0 |   386 |    +2.0% |   -0.384 |      -16.5 |      -38.4 |    290 | sa23_sr\[2\]$_DFF_P_/D
    1396* |       0 |     370 |        0 |      0 |   386 |    +2.0% |   -0.384 |      -16.5 |      -38.4 |    290 | sa23_sr\[2\]$_DFF_P_/D
    1397* |       0 |     370 |        0 |      0 |   386 |    +2.0% |   -0.384 |      -16.5 |      -38.4 |    290 | sa23_sr\[2\]$_DFF_P_/D
    1398* |       0 |     370 |        0 |      0 |   386 |    +2.0% |   -0.384 |      -16.5 |      -38.4 |    290 | sa23_sr\[2\]$_DFF_P_/D
    1399* |       0 |     370 |        0 |      0 |   386 |    +2.0% |   -0.384 |      -16.5 |      -38.4 |    290 | sa23_sr\[2\]$_DFF_P_/D
    1400* |       0 |     370 |        0 |      0 |   386 |    +2.0% |   -0.384 |      -16.5 |      -38.4 |    290 | sa23_sr\[2\]$_DFF_P_/D
    1400* |       0 |     370 |        0 |      0 |   386 |    +2.0% |   -0.384 |      -16.5 |      -38.4 |    290 | sa23_sr\[2\]$_DFF_P_/D
    1401* |       0 |     370 |        0 |      0 |   386 |    +2.0% |   -0.384 |      -16.5 |      -38.4 |    290 | sa23_sr\[2\]$_DFF_P_/D
    1402* |       0 |     370 |        0 |      0 |   386 |    +2.0% |   -0.384 |      -16.5 |      -38.4 |    290 | sa23_sr\[2\]$_DFF_P_/D
    1403* |       0 |     370 |        0 |      0 |   386 |    +2.0% |   -0.384 |      -16.5 |      -38.4 |    290 | sa23_sr\[2\]$_DFF_P_/D
    1404* |       0 |     370 |        0 |      0 |   386 |    +2.0% |   -0.384 |      -16.5 |      -38.4 |    290 | sa23_sr\[2\]$_DFF_P_/D
    1405* |       0 |     370 |        0 |      0 |   386 |    +2.0% |   -0.384 |      -16.5 |      -38.4 |    290 | sa23_sr\[2\]$_DFF_P_/D
    1406* |       0 |     370 |        0 |      0 |   386 |    +2.0% |   -0.384 |      -16.5 |      -38.4 |    290 | sa23_sr\[2\]$_DFF_P_/D
    1407* |       0 |     370 |        0 |      0 |   386 |    +2.0% |   -0.384 |      -16.5 |      -38.4 |    290 | sa23_sr\[2\]$_DFF_P_/D
    1408* |       0 |     370 |        0 |      0 |   386 |    +2.0% |   -0.384 |      -16.5 |      -38.4 |    290 | sa23_sr\[2\]$_DFF_P_/D
    1409* |       0 |     370 |        0 |      0 |   386 |    +2.0% |   -0.384 |      -16.5 |      -38.4 |    290 | sa23_sr\[2\]$_DFF_P_/D
    1410* |       0 |     370 |        0 |      0 |   386 |    +2.0% |   -0.384 |      -16.5 |      -38.4 |    290 | sa23_sr\[2\]$_DFF_P_/D
    1410* |       0 |     370 |        0 |      0 |   386 |    +2.0% |   -0.384 |      -16.5 |      -38.4 |    290 | sa23_sr\[2\]$_DFF_P_/D
    1411* |       0 |     370 |        0 |      0 |   386 |    +2.0% |   -0.384 |      -16.5 |      -38.4 |    290 | sa23_sr\[2\]$_DFF_P_/D
    1412* |       0 |     370 |        0 |      0 |   386 |    +2.0% |   -0.384 |      -16.5 |      -38.4 |    290 | sa23_sr\[2\]$_DFF_P_/D
    1413* |       0 |     370 |        0 |      0 |   386 |    +2.0% |   -0.384 |      -16.5 |      -38.4 |    290 | sa23_sr\[2\]$_DFF_P_/D
    1414* |       0 |     370 |        0 |      0 |   386 |    +2.0% |   -0.384 |      -16.5 |      -38.4 |    290 | sa23_sr\[2\]$_DFF_P_/D
    1415* |       0 |     370 |        0 |      0 |   386 |    +2.0% |   -0.384 |      -16.5 |      -38.4 |    290 | sa23_sr\[2\]$_DFF_P_/D
    1416* |       0 |     370 |        0 |      0 |   386 |    +2.0% |   -0.384 |      -16.5 |      -38.4 |    290 | sa23_sr\[2\]$_DFF_P_/D
    1417* |       0 |     370 |        0 |      0 |   386 |    +2.0% |   -0.384 |      -16.5 |      -38.4 |    290 | sa23_sr\[2\]$_DFF_P_/D
    1418* |       0 |     370 |        0 |      0 |   386 |    +2.0% |   -0.384 |      -16.5 |      -38.4 |    290 | sa23_sr\[2\]$_DFF_P_/D
    1419* |       0 |     370 |        0 |      0 |   386 |    +2.0% |   -0.384 |      -16.5 |      -38.4 |    290 | sa23_sr\[2\]$_DFF_P_/D
    1420* |       0 |     370 |        0 |      0 |   386 |    +2.0% |   -0.384 |      -16.5 |      -38.4 |    290 | sa23_sr\[2\]$_DFF_P_/D
    1420* |       0 |     370 |        0 |      0 |   386 |    +2.0% |   -0.384 |      -16.5 |      -38.4 |    290 | sa23_sr\[2\]$_DFF_P_/D
    1421* |       0 |     370 |        0 |      0 |   386 |    +2.0% |   -0.384 |      -16.5 |      -38.4 |    290 | sa23_sr\[2\]$_DFF_P_/D
    1422* |       0 |     370 |        0 |      0 |   386 |    +2.0% |   -0.384 |      -16.5 |      -38.4 |    290 | sa23_sr\[2\]$_DFF_P_/D
    1423* |       0 |     370 |        0 |      0 |   386 |    +2.0% |   -0.384 |      -16.5 |      -38.4 |    290 | sa23_sr\[2\]$_DFF_P_/D
    1424* |       0 |     370 |        0 |      0 |   386 |    +2.0% |   -0.384 |      -16.5 |      -38.4 |    290 | sa23_sr\[2\]$_DFF_P_/D
    1425* |       0 |     370 |        0 |      0 |   386 |    +2.0% |   -0.384 |      -16.5 |      -38.4 |    290 | sa23_sr\[2\]$_DFF_P_/D
    1426* |       0 |     370 |        0 |      0 |   386 |    +2.0% |   -0.384 |      -16.5 |      -38.4 |    290 | sa23_sr\[2\]$_DFF_P_/D
    1427* |       0 |     370 |        0 |      0 |   386 |    +2.0% |   -0.384 |      -16.5 |      -38.4 |    290 | sa23_sr\[2\]$_DFF_P_/D
    1428* |       0 |     370 |        0 |      0 |   386 |    +2.0% |   -0.384 |      -16.5 |      -38.4 |    290 | sa23_sr\[2\]$_DFF_P_/D
    1429* |       0 |     370 |        0 |      0 |   386 |    +2.0% |   -0.384 |      -16.5 |      -38.4 |    290 | sa23_sr\[2\]$_DFF_P_/D
    1430* |       0 |     370 |        0 |      0 |   386 |    +2.0% |   -0.384 |      -16.5 |      -38.4 |    290 | sa23_sr\[2\]$_DFF_P_/D
    1430* |       0 |     370 |        0 |      0 |   386 |    +2.0% |   -0.384 |      -16.5 |      -38.4 |    290 | sa23_sr\[2\]$_DFF_P_/D
    1431* |       0 |     370 |        0 |      0 |   386 |    +2.0% |   -0.384 |      -16.5 |      -38.4 |    290 | sa23_sr\[2\]$_DFF_P_/D
    1432* |       0 |     370 |        0 |      0 |   386 |    +2.0% |   -0.384 |      -16.5 |      -38.4 |    290 | sa23_sr\[2\]$_DFF_P_/D
    1433* |       0 |     370 |        0 |      0 |   386 |    +2.0% |   -0.384 |      -16.5 |      -38.4 |    290 | sa23_sr\[2\]$_DFF_P_/D
    1434* |       0 |     370 |        0 |      0 |   386 |    +2.0% |   -0.384 |      -16.5 |      -38.4 |    290 | sa23_sr\[2\]$_DFF_P_/D
    1435* |       0 |     370 |        0 |      0 |   386 |    +2.0% |   -0.384 |      -16.5 |      -38.4 |    290 | sa23_sr\[2\]$_DFF_P_/D
    1436* |       0 |     370 |        0 |      0 |   386 |    +2.0% |   -0.384 |      -16.5 |      -38.4 |    290 | sa23_sr\[2\]$_DFF_P_/D
    1437* |       0 |     370 |        0 |      0 |   386 |    +2.0% |   -0.384 |      -16.5 |      -38.4 |    290 | sa23_sr\[2\]$_DFF_P_/D
    1438* |       0 |     370 |        0 |      0 |   386 |    +2.0% |   -0.384 |      -16.5 |      -38.4 |    290 | sa23_sr\[2\]$_DFF_P_/D
    1439* |       0 |     370 |        0 |      0 |   386 |    +2.0% |   -0.384 |      -16.5 |      -38.4 |    290 | sa23_sr\[2\]$_DFF_P_/D
    1440* |       0 |     370 |        0 |      0 |   386 |    +2.0% |   -0.384 |      -16.5 |      -38.4 |    290 | sa23_sr\[2\]$_DFF_P_/D
    1440* |       0 |     370 |        0 |      0 |   386 |    +2.0% |   -0.384 |      -16.5 |      -38.4 |    290 | sa23_sr\[2\]$_DFF_P_/D
    1441* |       0 |     370 |        0 |      0 |   386 |    +2.0% |   -0.384 |      -16.5 |      -38.4 |    290 | sa23_sr\[2\]$_DFF_P_/D
    1442* |       0 |     370 |        0 |      0 |   386 |    +2.0% |   -0.384 |      -16.5 |      -38.4 |    290 | sa23_sr\[2\]$_DFF_P_/D
    1442* |       0 |     370 |        0 |      0 |   386 |    +2.0% |   -0.384 |      -16.5 |      -38.4 |    290 | sa23_sr\[2\]$_DFF_P_/D
    final |       0 |     370 |        0 |      0 |   386 |    +2.0% |   -0.384 |      -16.5 |      -38.4 |    149 | sa23_sr\[2\]$_DFF_P_/D
------------------------------------------------------------------------------------------------------------------------------
[INFO RSZ-0051] Resized 370 instances: 370 up, 0 up match, 0 down, 0 VT
[INFO RSZ-0043] Swapped pins on 386 instances.
[WARNING RSZ-0062] Unable to repair all setup violations.
[INFO RSZ-0505] Runtime: 21.33s
Took 21 seconds: repair_timing -setup_margin 0 -hold_margin 0 -repair_tns 100 -setup -skip_last_gasp -sequence unbuffer,sizeup,swap,vt_swap -verbose
Default units for flow
 time 1ns
 capacitance 1fF
 resistance 1kohm
 voltage 1v
 current 1mA
 power 1nW
 distance 1um
   Layer   | Unit Resistance | Unit Capacitance 
           |       (kohm/um) |          (fF/um)
------------------------------------------------
    metal1 |        5.43e-03 |         7.42e-02
    metal2 |        3.57e-03 |         8.34e-02
    metal3 |        3.57e-03 |         1.04e-01
    metal4 |        1.50e-03 |         1.19e-01
    metal5 |        1.50e-03 |         1.09e-01
    metal6 |        1.50e-03 |         1.14e-01
    metal7 |        1.88e-04 |         1.17e-01
    metal8 |        1.88e-04 |         9.45e-02
    metal9 |        3.75e-05 |         1.06e-01
   metal10 |        3.75e-05 |         7.37e-01
------------------------------------------------

   Layer   | Via Resistance 
           |         (kohm) 
----------------------------
      via1 |       5.00e-03 
      via2 |       5.00e-03 
      via3 |       5.00e-03 
      via4 |       3.00e-03 
      via5 |       3.00e-03 
      via6 |       3.00e-03 
      via7 |       1.00e-03 
      via8 |       1.00e-03 
      via9 |       5.00e-04 
----------------------------
Report metrics stage 2, floorplan final...

==========================================================================
floorplan final report_design_area
--------------------------------------------------------------------------
Design area 15655 um^2 30% utilization.
write_db /tmp/workspace/scripts-Private_test-fr_cugr_cmp-1-/results/nangate45/aes/base/2_1_floorplan.odb
write_sdc -no_timestamp /tmp/workspace/scripts-Private_test-fr_cugr_cmp-1-/results/nangate45/aes/base/2_1_floorplan.sdc
Elapsed time: 0:23.20[h:]min:sec. CPU time: user 59.96 sys 50.71 (477%). Peak memory: 183500KB.
Log                       Ext     Elapsed/s Peak Memory/MB sha1sum result [0:20)
2_1_floorplan             .odb           23            179 526f009f9ce25e9243c2
2_1_floorplan             .sdc                             fa9a9daccf4ed04afdf3
/OpenROAD-flow-scripts/flow/scripts/flow.sh 2_2_floorplan_macro macro_place
Running macro_place.tcl, stage 2_2_floorplan_macro
read_liberty ./platforms/nangate45/lib/NangateOpenCellLibrary_typical.lib
read_db -hier /tmp/workspace/scripts-Private_test-fr_cugr_cmp-1-/results/nangate45/aes/base/2_1_floorplan.odb
[WARNING ORD-0012] Hierarchical flow (-hier) is currently in development and may cause multiple issues. Do not use in production environments.
read_sdc /tmp/workspace/scripts-Private_test-fr_cugr_cmp-1-/results/nangate45/aes/base/2_1_floorplan.sdc
source ./platforms/nangate45/setRC.tcl
No macros found: Skipping macro_placement
Design area 15655 um^2 30% utilization.
write_db /tmp/workspace/scripts-Private_test-fr_cugr_cmp-1-/results/nangate45/aes/base/2_2_floorplan_macro.odb
Elapsed time: 0:00.37[h:]min:sec. CPU time: user 0.32 sys 0.06 (100%). Peak memory: 134112KB.
Log                       Ext     Elapsed/s Peak Memory/MB sha1sum result [0:20)
2_2_floorplan_macro       .odb            0            130 526f009f9ce25e9243c2
/OpenROAD-flow-scripts/flow/scripts/flow.sh 2_3_floorplan_tapcell tapcell
Running tapcell.tcl, stage 2_3_floorplan_tapcell
read_liberty ./platforms/nangate45/lib/NangateOpenCellLibrary_typical.lib
read_db -hier /tmp/workspace/scripts-Private_test-fr_cugr_cmp-1-/results/nangate45/aes/base/2_2_floorplan_macro.odb
[WARNING ORD-0012] Hierarchical flow (-hier) is currently in development and may cause multiple issues. Do not use in production environments.
read_sdc /tmp/workspace/scripts-Private_test-fr_cugr_cmp-1-/results/nangate45/aes/base/2_1_floorplan.sdc
source ./platforms/nangate45/setRC.tcl
[INFO TAP-0004] Inserted 328 endcaps.
[INFO TAP-0005] Inserted 83 tapcells.
Design area 15765 um^2 30% utilization.
write_db /tmp/workspace/scripts-Private_test-fr_cugr_cmp-1-/results/nangate45/aes/base/2_3_floorplan_tapcell.odb
Elapsed time: 0:00.36[h:]min:sec. CPU time: user 0.30 sys 0.06 (100%). Peak memory: 127648KB.
Log                       Ext     Elapsed/s Peak Memory/MB sha1sum result [0:20)
2_3_floorplan_tapcell     .odb            0            124 3e25065373c6f783f4fe
/OpenROAD-flow-scripts/flow/scripts/flow.sh 2_4_floorplan_pdn pdn
Running pdn.tcl, stage 2_4_floorplan_pdn
read_liberty ./platforms/nangate45/lib/NangateOpenCellLibrary_typical.lib
read_db -hier /tmp/workspace/scripts-Private_test-fr_cugr_cmp-1-/results/nangate45/aes/base/2_3_floorplan_tapcell.odb
[WARNING ORD-0012] Hierarchical flow (-hier) is currently in development and may cause multiple issues. Do not use in production environments.
read_sdc /tmp/workspace/scripts-Private_test-fr_cugr_cmp-1-/results/nangate45/aes/base/2_1_floorplan.sdc
source ./platforms/nangate45/setRC.tcl
[WARNING PDN-1051] No instances found for grid (CORE_macro_grid_1).
[WARNING PDN-1051] No instances found for grid (CORE_macro_grid_2).
[INFO PDN-0001] Inserting grid: grid
[INFO PDN-0500] Runtime: 0.01s
Design area 15765 um^2 30% utilization.
write_db /tmp/workspace/scripts-Private_test-fr_cugr_cmp-1-/results/nangate45/aes/base/2_4_floorplan_pdn.odb
Elapsed time: 0:00.42[h:]min:sec. CPU time: user 0.37 sys 0.05 (100%). Peak memory: 136676KB.
Log                       Ext     Elapsed/s Peak Memory/MB sha1sum result [0:20)
2_4_floorplan_pdn         .odb            0            133 f0d3b037b45135f1f76c
cp /tmp/workspace/scripts-Private_test-fr_cugr_cmp-1-/results/nangate45/aes/base/2_4_floorplan_pdn.odb /tmp/workspace/scripts-Private_test-fr_cugr_cmp-1-/results/nangate45/aes/base/2_floorplan.odb
cp /tmp/workspace/scripts-Private_test-fr_cugr_cmp-1-/results/nangate45/aes/base/2_1_floorplan.sdc /tmp/workspace/scripts-Private_test-fr_cugr_cmp-1-/results/nangate45/aes/base/2_floorplan.sdc
/OpenROAD-flow-scripts/flow/scripts/flow.sh 3_1_place_gp_skip_io global_place_skip_io
Running global_place_skip_io.tcl, stage 3_1_place_gp_skip_io
read_liberty ./platforms/nangate45/lib/NangateOpenCellLibrary_typical.lib
read_db -hier /tmp/workspace/scripts-Private_test-fr_cugr_cmp-1-/results/nangate45/aes/base/2_floorplan.odb
[WARNING ORD-0012] Hierarchical flow (-hier) is currently in development and may cause multiple issues. Do not use in production environments.
read_sdc /tmp/workspace/scripts-Private_test-fr_cugr_cmp-1-/results/nangate45/aes/base/2_floorplan.sdc
source ./platforms/nangate45/setRC.tcl
FLOORPLAN_DEF is set. Skipping global placement without IOs
Design area 15765 um^2 30% utilization.
write_db /tmp/workspace/scripts-Private_test-fr_cugr_cmp-1-/results/nangate45/aes/base/3_1_place_gp_skip_io.odb
Elapsed time: 0:00.36[h:]min:sec. CPU time: user 0.31 sys 0.05 (100%). Peak memory: 126960KB.
Log                       Ext     Elapsed/s Peak Memory/MB sha1sum result [0:20)
3_1_place_gp_skip_io      .odb            0            123 f0d3b037b45135f1f76c
/OpenROAD-flow-scripts/flow/scripts/flow.sh 3_2_place_iop io_placement
Running io_placement.tcl, stage 3_2_place_iop
exec cp /tmp/workspace/scripts-Private_test-fr_cugr_cmp-1-/results/nangate45/aes/base/3_1_place_gp_skip_io.odb /tmp/workspace/scripts-Private_test-fr_cugr_cmp-1-/results/nangate45/aes/base/3_2_place_iop.odb
Elapsed time: 0:00.12[h:]min:sec. CPU time: user 0.08 sys 0.04 (100%). Peak memory: 95272KB.
Log                       Ext     Elapsed/s Peak Memory/MB sha1sum result [0:20)
3_2_place_iop             .odb            0             93 f0d3b037b45135f1f76c
/OpenROAD-flow-scripts/flow/scripts/flow.sh 3_3_place_gp global_place
Running global_place.tcl, stage 3_3_place_gp
read_liberty ./platforms/nangate45/lib/NangateOpenCellLibrary_typical.lib
read_db -hier /tmp/workspace/scripts-Private_test-fr_cugr_cmp-1-/results/nangate45/aes/base/3_2_place_iop.odb
[WARNING ORD-0012] Hierarchical flow (-hier) is currently in development and may cause multiple issues. Do not use in production environments.
read_sdc /tmp/workspace/scripts-Private_test-fr_cugr_cmp-1-/results/nangate45/aes/base/2_floorplan.sdc
source ./platforms/nangate45/setRC.tcl
[INFO RSZ-0026] Removed 0 buffers.
Perform port buffering...
[INFO RSZ-0027] Inserted 258 BUF_X1 input buffers.
[INFO RSZ-0028] Inserted 129 BUF_X1 output buffers.
[INFO GPL-0022] Initialize gpl and calculate uniform density.
Placement density is 0.4899999952316284, computed from PLACE_DENSITY_LB_ADDON  0.20 and lower bound 0.3499999940395355
global_placement -density 0.4899999952316284 -pad_left 0 -pad_right 0 -routability_driven -timing_driven -force_center_initial_place -min_phi_coef 0.95 -max_phi_coef 1.05
[INFO GPL-0001] ---- Initialize GPL Main Data Structures
[INFO GPL-0002] DBU: 2000
[INFO GPL-0003] SiteSize: (  0.190  1.400 ) um
[INFO GPL-0004] CoreBBox: ( 10.070 11.200 ) ( 239.970 240.800 ) um
[INFO GPL-0016] Core area:                   52785.040 um^2
[INFO GPL-0036] Movable instances area:      15964.256 um^2
[INFO GPL-0037] Total instances area:        16073.582 um^2
[INFO GPL-0035] Pin density area adjust:      2361.193 um^2
[INFO GPL-0032] ---- Initialize Region: Top-level
[INFO GPL-0006] Number of instances:             12204
[INFO GPL-0007] Movable instances:               11793
[INFO GPL-0008] Fixed instances:                   411
[INFO GPL-0009] Dummy instances:                     0
[INFO GPL-0010] Number of nets:                  12618
[INFO GPL-0011] Number of pins:                  46487
[INFO GPL-0012] Die BBox:       (  0.000  0.000 ) ( 249.850 250.600 ) um
[INFO GPL-0013] Placement BBox: ( 10.070 11.200 ) ( 239.970 240.800 ) um
[INFO GPL-0014] Region name: top-level.
[INFO GPL-0015] Region area:                 52785.040 um^2
[INFO GPL-0017] Fixed instances area:          109.326 um^2
[INFO GPL-0018] Movable instances area:      18325.449 um^2
[INFO GPL-0019] Utilization:                    34.789 %
[INFO GPL-0020] Standard cells area:         18325.449 um^2
[INFO GPL-0021] Large instances area:            0.000 um^2
[INFO GPL-0005] ---- Execute Conjugate Gradient Initial Placement.
[INFO GPL-0051] Source of initial instance position counters:
	Odb location = 0	Core center = 11793	Region center = 0
[InitialPlace]  Iter: 1 conjugate gradient residual: 0.00020690 HPWL: 276704470
[InitialPlace]  Iter: 2 conjugate gradient residual: 0.00006511 HPWL: 182403003
[InitialPlace]  Iter: 3 conjugate gradient residual: 0.00002467 HPWL: 180605433
[InitialPlace]  Iter: 4 conjugate gradient residual: 0.00002783 HPWL: 180377891
[InitialPlace]  Iter: 5 conjugate gradient residual: 0.00002307 HPWL: 179963728
[InitialPlace]  Iter: 6 conjugate gradient residual: 0.00001325 HPWL: 179891804
[InitialPlace]  Iter: 7 conjugate gradient residual: 0.00001399 HPWL: 179521794
[InitialPlace]  Iter: 8 conjugate gradient residual: 0.00001424 HPWL: 179445823
[InitialPlace]  Iter: 9 conjugate gradient residual: 0.00001919 HPWL: 179092951
[InitialPlace]  Iter: 10 conjugate gradient residual: 0.00001314 HPWL: 179070300
[InitialPlace]  Iter: 11 conjugate gradient residual: 0.00001356 HPWL: 178802471
[InitialPlace]  Iter: 12 conjugate gradient residual: 0.00001796 HPWL: 178802577
[InitialPlace]  Iter: 13 conjugate gradient residual: 0.00001336 HPWL: 178562794
[InitialPlace]  Iter: 14 conjugate gradient residual: 0.00001406 HPWL: 178584591
[InitialPlace]  Iter: 15 conjugate gradient residual: 0.00001276 HPWL: 178422654
[InitialPlace]  Iter: 16 conjugate gradient residual: 0.00001135 HPWL: 178473141
[InitialPlace]  Iter: 17 conjugate gradient residual: 0.00000769 HPWL: 178346541
[INFO GPL-0033] ---- Initialize Nesterov Region: Top-level
[INFO GPL-0023] Placement target density:       0.4900
[INFO GPL-0024] Movable insts average area:      1.554 um^2
[INFO GPL-0025] Ideal bin area:                  3.171 um^2
[INFO GPL-0026] Ideal bin count:                 16644
[INFO GPL-0027] Total bin area:              52785.040 um^2
[INFO GPL-0028] Bin count (X, Y):         128 ,    128
[INFO GPL-0029] Bin size (W * H):       1.796 *  1.794 um
[INFO GPL-0030] Number of bins:                  16384
[INFO GPL-0084] ---- Execute Nesterov Global Placement.
[INFO GPL-0031] HPWL: Half-Perimeter Wirelength
Iteration | Overflow |     HPWL (um) |  HPWL(%) |   Penalty | Group
---------------------------------------------------------------
        0 |   0.9536 |  6.112506e+04 |   +0.00% |  5.45e-15 |      
       10 |   0.8140 |  7.667008e+04 |  +25.43% |  8.85e-15 |      
       20 |   0.7923 |  8.127475e+04 |   +6.01% |  1.44e-14 |      
       30 |   0.7974 |  7.955000e+04 |   -2.12% |  2.35e-14 |      
       40 |   0.7987 |  7.850235e+04 |   -1.32% |  3.82e-14 |      
       50 |   0.7964 |  7.847403e+04 |   -0.04% |  6.22e-14 |      
       60 |   0.7980 |  7.813707e+04 |   -0.43% |  1.01e-13 |      
       70 |   0.7982 |  7.773210e+04 |   -0.52% |  1.65e-13 |      
       80 |   0.7969 |  7.755890e+04 |   -0.22% |  2.69e-13 |      
       90 |   0.7950 |  7.753275e+04 |   -0.03% |  4.38e-13 |      
      100 |   0.7931 |  7.750392e+04 |   -0.04% |  7.14e-13 |      
      110 |   0.7918 |  7.750571e+04 |   +0.00% |  1.16e-12 |      
      120 |   0.7904 |  7.754827e+04 |   +0.05% |  1.89e-12 |      
      130 |   0.7900 |  7.763357e+04 |   +0.11% |  3.08e-12 |      
      140 |   0.7901 |  7.775197e+04 |   +0.15% |  5.02e-12 |      
      150 |   0.7898 |  7.792293e+04 |   +0.22% |  8.18e-12 |      
      160 |   0.7893 |  7.824294e+04 |   +0.41% |  1.33e-11 |      
      170 |   0.7873 |  7.884056e+04 |   +0.76% |  2.17e-11 |      
      180 |   0.7840 |  7.995032e+04 |   +1.41% |  3.53e-11 |      
      190 |   0.7788 |  8.141319e+04 |   +1.83% |  5.76e-11 |      
      200 |   0.7722 |  8.350756e+04 |   +2.57% |  9.37e-11 |      
      210 |   0.7602 |  8.678300e+04 |   +3.92% |  1.53e-10 |      
      220 |   0.7463 |  9.163730e+04 |   +5.59% |  2.48e-10 |      
      230 |   0.7306 |  9.592462e+04 |   +4.68% |  4.04e-10 |      
      240 |   0.7159 |  9.975890e+04 |   +4.00% |  6.57e-10 |      
      250 |   0.6965 |  1.031831e+05 |   +3.43% |  1.07e-09 |      
      260 |   0.6707 |  1.064361e+05 |   +3.15% |  1.74e-09 |      
      270 |   0.6415 |  1.101914e+05 |   +3.53% |  2.83e-09 |      
[INFO GPL-0100] Timing-driven iteration 1/2, virtual: false.
[INFO GPL-0101]    Iter: 273, overflow: 0.634, keep resizer changes at: 1, HPWL: 221900263
Iteration |   Area    | Resized | Buffers | Nets repaired | Remaining
---------------------------------------------------------------------
        0 |     +0.0% |       0 |       0 |             0 |     12618
    final |     +3.6% |      18 |     311 |           250 |         0
---------------------------------------------------------------------
[INFO RSZ-0034] Found 113 slew violations.
[INFO RSZ-0036] Found 238 capacitance violations.
[INFO RSZ-0039] Resized 18 instances.
[INFO RSZ-0038] Inserted 311 buffers in 250 nets.
   Iter   |    Area   | Removed | Inserted |   Pins
          |           | Buffers | Buffers  | Remaining
-------------------------------------------------------
        0 |     +0.0% |       0 |        0 |     12359
     1200 |     +0.0% |       0 |        4 |     11159
     2400 |     +0.0% |       0 |        5 |      9959
     3600 |     +0.1% |       0 |       16 |      8759
     4800 |     +0.4% |       0 |       77 |      7559
     6000 |     +0.9% |       0 |      168 |      6359
     7200 |     +1.7% |       0 |      340 |      5159
     8400 |     +6.8% |       3 |     1291 |      3959
     9600 |    +18.5% |     215 |     3736 |      2759
    10800 |    +21.8% |     306 |     4434 |      1559
    12000 |    +22.5% |     306 |     4584 |       359
    final |    +22.9% |     311 |     4647 |         0
-------------------------------------------------------
[INFO GPL-0106] Timing-driven: worst slack -6.4088734e-12
[INFO GPL-0107] Timing-driven: repair_design delta area: 4403.516 um^2 (+24.03%)
[INFO GPL-0108] Timing-driven: repair_design, gpl delta gcells: 4647 (+39.40%)
[INFO GPL-0109] Timing-driven: repair_design, gcells created: 4958, deleted: 311
[INFO GPL-0110] Timing-driven: new target density: 0.5735967
[INFO GPL-0038] Routability snapshot saved at iter = 279
      278 |   0.5990 |  1.489028e+05 |          |           |      
Iteration | Overflow |     HPWL (um) |  HPWL(%) |   Penalty | Group
---------------------------------------------------------------
      280 |   0.5818 |  1.521942e+05 |  +38.12% |  4.57e-09 |      
      290 |   0.5818 |  1.505806e+05 |   -1.06% |  7.45e-09 |      
      300 |   0.5243 |  1.600490e+05 |   +6.29% |  1.21e-08 |      
      310 |   0.4805 |  1.646128e+05 |   +2.85% |  1.97e-08 |      
      320 |   0.4217 |  1.716480e+05 |   +4.27% |  3.20e-08 |      
      330 |   0.3575 |  1.792114e+05 |   +4.41% |  5.21e-08 |      
      340 |   0.2997 |  1.856952e+05 |   +3.62% |  7.90e-08 |      
[INFO GPL-0040] Routability iteration: 1
[INFO GPL-0041] Total routing overflow: 0.0825
[INFO GPL-0042] Number of overflowed tiles: 4 (0.05%)
[INFO GPL-0043] Average top 0.5% routing congestion: 0.9696
[INFO GPL-0044] Average top 1.0% routing congestion: 0.9475
[INFO GPL-0045] Average top 2.0% routing congestion: 0.9188
[INFO GPL-0046] Average top 5.0% routing congestion: 0.8795
[INFO GPL-0047] Routability iteration weighted routing congestion: 0.9586
[INFO GPL-0050] Weighted routing congestion is lower than target routing congestion(1.0100), end routability optimization.
[INFO GPL-0090] Routability finished. Target routing congestion achieved succesfully.
Iteration | Overflow |     HPWL (um) |  HPWL(%) |   Penalty | Group
---------------------------------------------------------------
      350 |   0.2598 |  1.900293e+05 |   +2.33% |  1.16e-07 |      
      360 |   0.2221 |  1.938651e+05 |   +2.02% |  1.71e-07 |      
      370 |   0.1927 |  1.964927e+05 |   +1.36% |  2.52e-07 |      
[INFO GPL-0100] Timing-driven iteration 2/2, virtual: false.
[INFO GPL-0101]    Iter: 371, overflow: 0.193, keep resizer changes at: 1, HPWL: 392985384
Iteration |   Area    | Resized | Buffers | Nets repaired | Remaining
---------------------------------------------------------------------
        0 |     +0.0% |       0 |       0 |             0 |     17265
    final |     +0.0% |       0 |       3 |             3 |         0
---------------------------------------------------------------------
[INFO RSZ-0036] Found 3 capacitance violations.
[INFO RSZ-0038] Inserted 3 buffers in 3 nets.
   Iter   |    Area   | Removed | Inserted |   Pins
          |           | Buffers | Buffers  | Remaining
-------------------------------------------------------
        0 |     +0.0% |       0 |        0 |     12359
     1200 |     +0.0% |       4 |        6 |     11159
     2400 |     +0.0% |       5 |        6 |      9959
     3600 |     -0.0% |      16 |       10 |      8759
     4800 |     -0.2% |      77 |       26 |      7559
     6000 |     -0.4% |     168 |       65 |      6359
     7200 |     -1.0% |     340 |      103 |      5159
     8400 |     -3.1% |    1291 |      543 |      3959
     9600 |     -6.6% |    3739 |     2080 |      2759
    10800 |     -7.6% |    4437 |     2501 |      1559
    12000 |     -7.6% |    4587 |     2644 |       359
    final |     -7.7% |    4650 |     2691 |         0
-------------------------------------------------------
[INFO GPL-0106] Timing-driven: worst slack -3.4104164e-11
[INFO GPL-0107] Timing-driven: repair_design delta area: -1571.262 um^2 (-6.91%)
[INFO GPL-0108] Timing-driven: repair_design, gpl delta gcells: -1956 (-11.90%)
[INFO GPL-0109] Timing-driven: repair_design, gcells created: 2694, deleted: 4650
[INFO GPL-0110] Timing-driven: new target density: 0.54376775
Iteration | Overflow |     HPWL (um) |  HPWL(%) |   Penalty | Group
---------------------------------------------------------------
      380 |   0.1788 |  1.919263e+05 |   -2.32% |  3.71e-07 |      
      390 |   0.1524 |  1.897089e+05 |   -1.16% |  5.47e-07 |      
      400 |   0.1295 |  1.891405e+05 |   -0.30% |  8.06e-07 |      
      410 |   0.1104 |  1.890253e+05 |   -0.06% |  1.19e-06 |      
      417 |   0.0989 |  1.891173e+05 |          |  1.62e-06 |      
---------------------------------------------------------------
[INFO GPL-1001] Global placement finished at iteration 417
[INFO GPL-1017] Routability mode iteration count: 61
[INFO GPL-1005] Routability final weighted congestion: 0.8681
[INFO GPL-1002] Placed Cell Area            21157.7023
[INFO GPL-1003] Available Free Area         52675.7140
[INFO GPL-1004] Minimum Feasible Density        0.3500 (cell_area / free_area)
[INFO GPL-1006]   Suggested Target Densities:
[INFO GPL-1007]     - For 90% usage of free space: 0.4463
[INFO GPL-1008]     - For 80% usage of free space: 0.5021
[INFO GPL-1009]     - For 50% usage of free space: 0.8033
[INFO GPL-1011] Original area (um^2): 18325.45
[INFO GPL-1012] Total routability artificial inflation: 0.00 (+0.00%)
[INFO GPL-1013] Total timing-driven delta area: 2832.25 (+15.46%)
[INFO GPL-1014] Final placement area: 21157.70 (+15.46%)
Took 19 seconds: global_placement -density 0.4899999952316284 -pad_left 0 -pad_right 0 -routability_driven -timing_driven -force_center_initial_place -min_phi_coef 0.95 -max_phi_coef 1.05
estimate_parasitics -placement
Report metrics stage 3, global place...

==========================================================================
global place report_design_area
--------------------------------------------------------------------------
Design area 18904 um^2 36% utilization.
write_db /tmp/workspace/scripts-Private_test-fr_cugr_cmp-1-/results/nangate45/aes/base/3_3_place_gp.odb
Elapsed time: 0:22.08[h:]min:sec. CPU time: user 157.20 sys 31.80 (855%). Peak memory: 434692KB.
Log                       Ext     Elapsed/s Peak Memory/MB sha1sum result [0:20)
3_3_place_gp              .odb           22            424 406841b8625e2afc5509
/OpenROAD-flow-scripts/flow/scripts/flow.sh 3_4_place_resized resize
Running resize.tcl, stage 3_4_place_resized
read_liberty ./platforms/nangate45/lib/NangateOpenCellLibrary_typical.lib
read_db -hier /tmp/workspace/scripts-Private_test-fr_cugr_cmp-1-/results/nangate45/aes/base/3_3_place_gp.odb
[WARNING ORD-0012] Hierarchical flow (-hier) is currently in development and may cause multiple issues. Do not use in production environments.
read_sdc /tmp/workspace/scripts-Private_test-fr_cugr_cmp-1-/results/nangate45/aes/base/2_floorplan.sdc
source ./platforms/nangate45/setRC.tcl
estimate_parasitics -placement
replace_arith_modules -path_count 1000 -target setup -slack_threshold 0.0
[INFO RSZ-0151] Starting arithmetic module replacement to optimize 'setup' target
[INFO RSZ-0152] Analyzing 1000 critical paths with slack < 0.00
[INFO RSZ-0153] Identified 8 violating endpoints
[INFO RSZ-0154] Identified 0 critical arithmetic instances
[INFO GPL-0083] Execute incremental mode global placement.
[INFO GPL-0001] ---- Initialize GPL Main Data Structures
[INFO GPL-0002] DBU: 2000
[INFO GPL-0003] SiteSize: (  0.190  1.400 ) um
[INFO GPL-0004] CoreBBox: ( 10.070 11.200 ) ( 239.970 240.800 ) um
[INFO GPL-0016] Core area:                   52785.040 um^2
[INFO GPL-0036] Movable instances area:      18794.496 um^2
[INFO GPL-0037] Total instances area:        18903.822 um^2
[INFO GPL-0035] Pin density area adjust:      3056.647 um^2
[INFO GPL-0032] ---- Initialize Region: Top-level
[INFO GPL-0006] Number of instances:             14895
[INFO GPL-0007] Movable instances:               14484
[INFO GPL-0008] Fixed instances:                   411
[INFO GPL-0009] Dummy instances:                     0
[INFO GPL-0010] Number of nets:                  15309
[INFO GPL-0011] Number of pins:                  51869
[INFO GPL-0012] Die BBox:       (  0.000  0.000 ) ( 249.850 250.600 ) um
[INFO GPL-0013] Placement BBox: ( 10.070 11.200 ) ( 239.970 240.800 ) um
[INFO GPL-0014] Region name: top-level.
[INFO GPL-0015] Region area:                 52785.040 um^2
[INFO GPL-0017] Fixed instances area:          109.326 um^2
[INFO GPL-0018] Movable instances area:      21851.143 um^2
[INFO GPL-0019] Utilization:                    41.482 %
[INFO GPL-0020] Standard cells area:         21851.143 um^2
[INFO GPL-0021] Large instances area:            0.000 um^2
[INFO GPL-0154] Identified 14484 placed instances
[INFO GPL-0155] Identified 0 not placed instances
[INFO GPL-0156] Identified all instances as placed. Skipping incremental mode
Perform buffer insertion and gate resizing...
repair_design -verbose
Iteration |   Area    | Resized | Buffers | Nets repaired | Remaining
---------------------------------------------------------------------
        0 |     +0.0% |       0 |       0 |             0 |     15309
     1000 |     +0.0% |       0 |       0 |             0 |     14309
     2000 |     +0.0% |       0 |       0 |             0 |     13309
     3000 |     +0.0% |       0 |       0 |             0 |     12309
     4000 |     +0.0% |       0 |       0 |             0 |     11309
     5000 |     +0.0% |       0 |       0 |             0 |     10309
     6000 |     +0.0% |       0 |       0 |             0 |      9309
     7000 |     +0.0% |       0 |       0 |             0 |      8309
     8000 |     +0.0% |       0 |       0 |             0 |      7309
     9000 |     +0.0% |       0 |       0 |             0 |      6309
    10000 |     +0.0% |       0 |       0 |             0 |      5309
    11000 |     +0.0% |       0 |       0 |             0 |      4309
    12000 |     +0.0% |       0 |       0 |             0 |      3309
    13000 |     +0.0% |       0 |       0 |             0 |      2309
    14000 |     +0.0% |       0 |       0 |             0 |      1309
    15000 |     +0.0% |       0 |       0 |             0 |       309
    final |     +0.0% |       0 |       0 |             0 |         0
---------------------------------------------------------------------
[INFO RSZ-0504] Runtime: 1.02s
Floating nets: 
Report metrics stage 3, resizer...

==========================================================================
resizer report_design_area
--------------------------------------------------------------------------
Design area 18904 um^2 36% utilization.
Instance count before 14895, after 14895
Pin count before 51481, after 51481
write_db /tmp/workspace/scripts-Private_test-fr_cugr_cmp-1-/results/nangate45/aes/base/3_4_place_resized.odb
Elapsed time: 0:05.28[h:]min:sec. CPU time: user 8.76 sys 4.60 (253%). Peak memory: 198664KB.
Log                       Ext     Elapsed/s Peak Memory/MB sha1sum result [0:20)
3_4_place_resized         .odb            5            194 406841b8625e2afc5509
/OpenROAD-flow-scripts/flow/scripts/flow.sh 3_5_place_dp detail_place
Running detail_place.tcl, stage 3_5_place_dp
read_liberty ./platforms/nangate45/lib/NangateOpenCellLibrary_typical.lib
read_db -hier /tmp/workspace/scripts-Private_test-fr_cugr_cmp-1-/results/nangate45/aes/base/3_4_place_resized.odb
[WARNING ORD-0012] Hierarchical flow (-hier) is currently in development and may cause multiple issues. Do not use in production environments.
read_sdc /tmp/workspace/scripts-Private_test-fr_cugr_cmp-1-/results/nangate45/aes/base/2_floorplan.sdc
source ./platforms/nangate45/setRC.tcl
detailed_placement
[INFO DPL-0006] Core area: 52785.04 um^2
[INFO DPL-0007] Movable instances area: 18794.50 um^2
[INFO DPL-0008] Fixed instances area within core: 109.33 um^2
[INFO DPL-0009] Utilization: 35.8%
[INFO DPL-0005] Diamond search max displacement: +/- 500 sites horizontally, +/- 100 rows vertically.
[INFO DPL-1102] Legalizing using negotiation legalizer.
[INFO DPL-1103] Negotiation base search window: +/-20 sites horizontally, +/-5 rows vertically 
	Automatic search window extension enabled.
	Search window extendable up to the max displacement cap of +/-500 sites, +/-100 rows near walls.
[INFO DPL-1104] NegotiationLegalizer DRC penalty: 5.
[INFO DPL-0392] Negotiation cell height distribution (1 unique row-count(s)):
[INFO DPL-0393]   height 1 row(s): 14895 cells
          |      Total |  Illegal |  Illegal
Iteration | Violations |    Cells |    Sites
---------------------------------------------
        0 |          0 |         0 |         0
Negotiation phase 1 converged at iteration 0.
[INFO DPL-0500] Runtime: 0.11s
Placement Analysis
---------------------------------
total displacement      17583.1 u
average displacement        1.2 u
max displacement            8.5 u
original HPWL          189249.3 u
legalized HPWL         197653.5 u
delta HPWL                    4 %

improve_placement -max_displacement "5 1"
Detailed placement improvement.
[INFO DPL-0401] Setting random seed to 1.
[INFO DPL-0402] Setting maximum displacement 5 1 to 14000 2800 units.
[INFO DPL-0320] Collected 799 fixed cells.
[INFO DPL-0318] Collected 14484 single height cells.
[INFO DPL-0321] Collected 0 wide cells.
[INFO DPL-0322] Image (20140, 22400) - (479940, 481600)
[INFO DPL-0310] Assigned 14484 cells into segments.  Movement in X-direction is 0.000000, movement in Y-direction is 0.000000.
[INFO DPL-0313] Found 0 cells in wrong regions.
[INFO DPL-0315] Found 0 row alignment problems.
[INFO DPL-0314] Found 0 site alignment problems.
[INFO DPL-0311] Found 0 overlaps between adjacent cells.
[INFO DPL-0312] Found 0 edge spacing violations and 0 padding violations.
[INFO DPL-0303] Running algorithm for independent set matching.
[INFO DPL-0300] Set matching objective is wirelength.
[INFO DPL-0301] Pass   1 of matching; objective is 3.949110e+08.
[INFO DPL-0302] End of matching; objective is 3.947188e+08, improvement is 0.05 percent.
[INFO DPL-0303] Running algorithm for global swaps.
[INFO DPL-0306] Pass   1 of global swaps; hpwl is 3.854452e+08.
[INFO DPL-0306] Pass   2 of global swaps; hpwl is 3.822522e+08.
[INFO DPL-0307] End of global swaps; objective is 3.822522e+08, improvement is 3.16 percent.
[INFO DPL-0303] Running algorithm for vertical swaps.
[INFO DPL-0308] Pass   1 of vertical swaps; hpwl is 3.801975e+08.
[INFO DPL-0309] End of vertical swaps; objective is 3.801975e+08, improvement is 0.54 percent.
[INFO DPL-0303] Running algorithm for reordering.
[INFO DPL-0304] Pass   1 of reordering; objective is 3.790548e+08.
[INFO DPL-0305] End of reordering; objective is 3.790548e+08, improvement is 0.30 percent.
[INFO DPL-0303] Running algorithm for random improvement.
[INFO DPL-0324] Random improver is using random generator.
[INFO DPL-0325] Random improver is using hpwl objective.
[INFO DPL-0326] Random improver cost string is (a).
[INFO DPL-0332] End of pass, Generator random called 289680 times.
[INFO DPL-0335] Generator random, Cumulative attempts 289680, swaps 33336, moves 103864 since last reset.
[INFO DPL-0333] End of pass, Objective hpwl, Initial cost 3.781253e+08, Scratch cost 3.703905e+08, Incremental cost 3.703905e+08, Mismatch? N
[INFO DPL-0338] End of pass, Total cost is 3.703905e+08.
[INFO DPL-0327] Pass   1 of random improver; improvement in cost is 2.05 percent.
[INFO DPL-0332] End of pass, Generator random called 289680 times.
[INFO DPL-0335] Generator random, Cumulative attempts 579360, swaps 65861, moves 203895 since last reset.
[INFO DPL-0333] End of pass, Objective hpwl, Initial cost 3.703905e+08, Scratch cost 3.661935e+08, Incremental cost 3.661935e+08, Mismatch? N
[INFO DPL-0338] End of pass, Total cost is 3.661935e+08.
[INFO DPL-0327] Pass   2 of random improver; improvement in cost is 1.13 percent.
[INFO DPL-0332] End of pass, Generator random called 289680 times.
[INFO DPL-0335] Generator random, Cumulative attempts 869040, swaps 98397, moves 302227 since last reset.
[INFO DPL-0333] End of pass, Objective hpwl, Initial cost 3.661935e+08, Scratch cost 3.632346e+08, Incremental cost 3.632346e+08, Mismatch? N
[INFO DPL-0338] End of pass, Total cost is 3.632346e+08.
[INFO DPL-0327] Pass   3 of random improver; improvement in cost is 0.81 percent.
[INFO DPL-0328] End of random improver; improvement is 3.938015 percent.
[INFO DPL-0380] Cell flipping.
[INFO DPL-0382] Changed 0 cell orientations for row compatibility.
[INFO DPL-0383] Performed 4403 cell flips.
[INFO DPL-0384] End of flipping; objective is 3.593002e+08, improvement is 1.33 percent.
[INFO DPL-0313] Found 0 cells in wrong regions.
[INFO DPL-0315] Found 0 row alignment problems.
[INFO DPL-0314] Found 0 site alignment problems.
[INFO DPL-0311] Found 0 overlaps between adjacent cells.
[INFO DPL-0312] Found 0 edge spacing violations and 0 padding violations.
Detailed Improvement Results
------------------------------------------
Original HPWL           197653.5 u (   97932.3,    99721.1)
Final HPWL              179968.6 u (   89059.4,    90909.2)
Delta HPWL                  -8.9 % (      -9.1,       -8.8)

Took 5 seconds: improve_placement -max_displacement "5 1"
optimize_mirroring
[INFO DPL-0020] Mirrored 1619 instances
[INFO DPL-0021] HPWL before          179968.6 u
[INFO DPL-0022] HPWL after           179895.6 u
[INFO DPL-0023] HPWL delta               -0.0 %
[INFO FLW-0012] Placement violations .
estimate_parasitics -placement
Report metrics stage 3, detailed place...

==========================================================================
detailed place report_design_area
--------------------------------------------------------------------------
Design area 18904 um^2 36% utilization.
write_db /tmp/workspace/scripts-Private_test-fr_cugr_cmp-1-/results/nangate45/aes/base/3_5_place_dp.odb
write_sdc -no_timestamp /tmp/workspace/scripts-Private_test-fr_cugr_cmp-1-/results/nangate45/aes/base/3_place.sdc
Elapsed time: 0:09.52[h:]min:sec. CPU time: user 12.90 sys 4.65 (184%). Peak memory: 213496KB.
Log                       Ext     Elapsed/s Peak Memory/MB sha1sum result [0:20)
3_5_place_dp              .odb            9            208 d08938a215f78ae618df
cp /tmp/workspace/scripts-Private_test-fr_cugr_cmp-1-/results/nangate45/aes/base/3_5_place_dp.odb /tmp/workspace/scripts-Private_test-fr_cugr_cmp-1-/results/nangate45/aes/base/3_place.odb
/OpenROAD-flow-scripts/flow/scripts/flow.sh 4_1_cts cts
Running cts.tcl, stage 4_1_cts
read_liberty ./platforms/nangate45/lib/NangateOpenCellLibrary_typical.lib
read_db -hier /tmp/workspace/scripts-Private_test-fr_cugr_cmp-1-/results/nangate45/aes/base/3_place.odb
[WARNING ORD-0012] Hierarchical flow (-hier) is currently in development and may cause multiple issues. Do not use in production environments.
read_sdc /tmp/workspace/scripts-Private_test-fr_cugr_cmp-1-/results/nangate45/aes/base/3_place.sdc
source ./platforms/nangate45/setRC.tcl
clock_tree_synthesis -sink_clustering_enable -repair_clock_nets
[INFO CTS-0050] Root buffer is CLKBUF_X3.
[INFO CTS-0051] Sink buffer is CLKBUF_X3.
[INFO CTS-0052] The following clock buffers will be used for CTS:
                    CLKBUF_X3
[INFO CTS-0049] Characterization buffer is CLKBUF_X3.
[INFO CTS-0007] Net "clk" found for clock "clk".
[INFO CTS-0010]  Clock net "clk" has 562 sinks.
[INFO CTS-0008] TritonCTS found 1 clock nets.
[INFO CTS-0097] Characterization used 1 buffer(s) types.
[INFO CTS-0201] 0 blockages from hard placement blockages and placed macros will be used.
[INFO CTS-0027] Generating H-Tree topology for net clk.
[INFO CTS-0028]  Total number of sinks: 562.
[INFO CTS-0090]  Sinks will be clustered based on buffer max cap.
[INFO CTS-0030]  Number of static layers: 0.
[INFO CTS-0020]  Wire segment unit: 14000  dbu (7 um).
[INFO CTS-0206] Best clustering solution was found from max clustering size of 9 and max clustering diameter of 73.
[INFO CTS-0019]  Total number of sinks after clustering: 98.
[INFO CTS-0024]  Normalized sink region: [(1.95429, 2.35), (33.6979, 33.9439)].
[INFO CTS-0025]     Width:  31.7436.
[INFO CTS-0026]     Height: 31.5939.
 Level 1
    Direction: Horizontal
    Sinks per sub-region: 49
    Sub-region size: 15.8718 X 31.5939
[INFO CTS-0034]     Segment length (rounded): 8.
 Level 2
    Direction: Vertical
    Sinks per sub-region: 25
    Sub-region size: 15.8718 X 15.7970
[INFO CTS-0034]     Segment length (rounded): 8.
 Level 3
    Direction: Horizontal
    Sinks per sub-region: 13
    Sub-region size: 7.9359 X 15.7970
[INFO CTS-0034]     Segment length (rounded): 4.
[INFO CTS-0038]  Stop criterion found. Sink region hpwl is smaller than max wirelength (591.189 um) and max number of sinks is 15.
[INFO CTS-0035]  Number of sinks covered: 98.
[INFO CTS-0018]     Created 107 clock buffers.
[INFO CTS-0012]     Minimum number of buffers in the clock path: 3.
[INFO CTS-0013]     Maximum number of buffers in the clock path: 3.
[INFO CTS-0015]     Created 107 clock nets.
[INFO CTS-0016]     Fanout distribution for the current clock = 2:2, 3:7, 4:15, 5:15, 6:26, 7:20, 8:13, 9:2, 10:1, 13:2, 15:2, 16:1..
[INFO CTS-0017]     Max level of the clock tree: 3.
[INFO CTS-0098] Clock net "clk"
[INFO CTS-0099]  Sinks 652
[INFO CTS-0100]  Leaf buffers 98
[INFO CTS-0101]  Average sink wire length 326.95 um
[INFO CTS-0102]  Path depth 2 - 3
[INFO CTS-0207]  Dummy loads inserted 90
[INFO CTS-0500] Runtime: 1.49s
estimate_parasitics -placement
detailed_placement
[INFO DPL-0006] Core area: 52785.04 um^2
[INFO DPL-0007] Movable instances area: 19009.69 um^2
[INFO DPL-0008] Fixed instances area within core: 109.33 um^2
[INFO DPL-0009] Utilization: 36.2%
[INFO DPL-0005] Diamond search max displacement: +/- 500 sites horizontally, +/- 100 rows vertically.
[INFO DPL-1102] Legalizing using negotiation legalizer.
[INFO DPL-1103] Negotiation base search window: +/-20 sites horizontally, +/-5 rows vertically 
	Automatic search window extension enabled.
	Search window extendable up to the max displacement cap of +/-500 sites, +/-100 rows near walls.
[INFO DPL-1104] NegotiationLegalizer DRC penalty: 5.
[INFO DPL-0392] Negotiation cell height distribution (1 unique row-count(s)):
[INFO DPL-0393]   height 1 row(s): 15092 cells
          |      Total |  Illegal |  Illegal
Iteration | Violations |    Cells |    Sites
---------------------------------------------
        0 |          0 |         0 |         0
Negotiation phase 1 converged at iteration 0.
[INFO DPL-0500] Runtime: 0.07s
Placement Analysis
---------------------------------
total displacement       5586.8 u
average displacement        0.4 u
max displacement            9.0 u
original HPWL          183391.6 u
legalized HPWL         185945.2 u
delta HPWL                    1 %

estimate_parasitics -placement
repair_timing -setup_margin 0 -hold_margin 0 -repair_tns 100 -verbose
[INFO RSZ-0100] Repair move sequence: UnbufferMove SizeUpMove SwapPinsMove BufferMove CloneMove SplitLoadMove 
[INFO RSZ-0094] Found 13 endpoints with setup violations.
[INFO RSZ-0099] Repairing 13 out of 13 (100.00%) violating endpoints...
   Iter   | Removed | Resized | Inserted | Cloned |  Pin  |   Area   |    WNS   |   StTNS    |   EnTNS    |  Viol  |  Worst  
          | Buffers |  Gates  | Buffers  |  Gates | Swaps |          |          |            |            | Endpts | St/EnPt 
------------------------------------------------------------------------------------------------------------------------------
       0* |       0 |       0 |        0 |      0 |     0 |    +0.0% |   -0.014 |       -0.1 |       -0.1 |     13 | u0.u1.d\[0\]$_DFF_P_/D
       2* |       0 |       1 |        0 |      0 |     0 |    +0.0% |   -0.014 |       -0.1 |       -0.1 |     13 | sa23_sr\[6\]$_DFF_P_/D
       8* |       0 |       3 |        5 |      1 |     1 |    +0.0% |   -0.012 |       -0.0 |       -0.0 |     13 | u0.u3.d\[3\]$_DFF_P_/D
      10* |       0 |       4 |        5 |      1 |     1 |    +0.0% |   -0.012 |       -0.0 |       -0.0 |     13 | u0.u3.d\[3\]$_DFF_P_/D
      10* |       0 |       4 |        5 |      1 |     1 |    +0.0% |   -0.012 |       -0.0 |       -0.0 |     13 | u0.u3.d\[3\]$_DFF_P_/D
      12* |       0 |       5 |        5 |      1 |     1 |    +0.1% |   -0.008 |       -0.0 |       -0.0 |     13 | sa31_sr\[7\]$_DFF_P_/D
      13* |       0 |       5 |        5 |      1 |     1 |    +0.1% |   -0.008 |       -0.0 |       -0.0 |     13 | sa31_sr\[7\]$_DFF_P_/D
      14* |       0 |       5 |        5 |      1 |     1 |    +0.1% |   -0.008 |       -0.0 |       -0.0 |     13 | sa31_sr\[7\]$_DFF_P_/D
      19* |       0 |       8 |        6 |      1 |     1 |    +0.1% |    0.001 |        0.0 |        0.0 |     13 | sa13_sr\[6\]$_DFF_P_/D
      20* |       0 |       8 |        6 |      1 |     1 |    +0.1% |    0.001 |        0.0 |        0.0 |     13 | sa13_sr\[6\]$_DFF_P_/D
      20* |       0 |       8 |        6 |      1 |     1 |    +0.1% |    0.001 |        0.0 |        0.0 |     13 | sa13_sr\[6\]$_DFF_P_/D
      21* |       0 |       8 |        6 |      1 |     1 |    +0.1% |    0.001 |        0.0 |        0.0 |     13 | sa13_sr\[6\]$_DFF_P_/D
      22* |       0 |       8 |        6 |      1 |     1 |    +0.1% |    0.001 |        0.0 |        0.0 |     13 | sa13_sr\[6\]$_DFF_P_/D
      23* |       0 |       8 |        6 |      1 |     1 |    +0.1% |    0.001 |        0.0 |        0.0 |     13 | sa13_sr\[6\]$_DFF_P_/D
      24* |       0 |       8 |        6 |      1 |     1 |    +0.1% |    0.001 |        0.0 |        0.0 |     13 | sa13_sr\[6\]$_DFF_P_/D
      25* |       0 |       8 |        6 |      1 |     1 |    +0.1% |    0.001 |        0.0 |        0.0 |     13 | sa13_sr\[6\]$_DFF_P_/D
      25* |       0 |       8 |        6 |      1 |     1 |    +0.1% |    0.001 |        0.0 |        0.0 |     13 | sa13_sr\[6\]$_DFF_P_/D
    final |       0 |       8 |        6 |      1 |     1 |    +0.1% |    0.001 |        0.0 |        0.0 |      0 | sa13_sr\[6\]$_DFF_P_/D
------------------------------------------------------------------------------------------------------------------------------
[INFO RSZ-0040] Inserted 6 buffers.
[INFO RSZ-0051] Resized 8 instances: 8 up, 0 up match, 0 down, 0 VT
[INFO RSZ-0043] Swapped pins on 1 instances.
[INFO RSZ-0049] Cloned 1 instances.
[INFO RSZ-0505] Runtime: 0.90s
[INFO RSZ-0033] No hold violations found.
[INFO RSZ-0506] Runtime: 0.01s
Repair timing output passed lec test
detailed_placement
[INFO DPL-0006] Core area: 52785.04 um^2
[INFO DPL-0007] Movable instances area: 19022.46 um^2
[INFO DPL-0008] Fixed instances area within core: 109.33 um^2
[INFO DPL-0009] Utilization: 36.2%
[INFO DPL-0005] Diamond search max displacement: +/- 500 sites horizontally, +/- 100 rows vertically.
[INFO DPL-1102] Legalizing using negotiation legalizer.
[INFO DPL-1103] Negotiation base search window: +/-20 sites horizontally, +/-5 rows vertically 
	Automatic search window extension enabled.
	Search window extendable up to the max displacement cap of +/-500 sites, +/-100 rows near walls.
[INFO DPL-1104] NegotiationLegalizer DRC penalty: 5.
[INFO DPL-0392] Negotiation cell height distribution (1 unique row-count(s)):
[INFO DPL-0393]   height 1 row(s): 15099 cells
          |      Total |  Illegal |  Illegal
Iteration | Violations |    Cells |    Sites
---------------------------------------------
        0 |          0 |         0 |         0
Negotiation phase 1 converged at iteration 0.
[INFO DPL-0500] Runtime: 0.08s
Placement Analysis
---------------------------------
total displacement         14.3 u
average displacement        0.0 u
max displacement            3.0 u
original HPWL          186060.8 u
legalized HPWL         186065.8 u
delta HPWL                    0 %

estimate_parasitics -placement
Report metrics stage 4, cts final...

==========================================================================
cts final report_design_area
--------------------------------------------------------------------------
Design area 19132 um^2 36% utilization.
write_db /tmp/workspace/scripts-Private_test-fr_cugr_cmp-1-/results/nangate45/aes/base/4_1_cts.odb
write_sdc -no_timestamp /tmp/workspace/scripts-Private_test-fr_cugr_cmp-1-/results/nangate45/aes/base/4_cts.sdc
Elapsed time: 0:09.10[h:]min:sec. CPU time: user 17.48 sys 10.41 (306%). Peak memory: 230972KB.
Log                       Ext     Elapsed/s Peak Memory/MB sha1sum result [0:20)
4_1_cts                   .odb            9            225 b191c94e729137239534
cp /tmp/workspace/scripts-Private_test-fr_cugr_cmp-1-/results/nangate45/aes/base/4_1_cts.odb /tmp/workspace/scripts-Private_test-fr_cugr_cmp-1-/results/nangate45/aes/base/4_cts.odb
/OpenROAD-flow-scripts/flow/scripts/flow.sh 5_1_grt global_route
Running global_route.tcl, stage 5_1_grt
read_liberty ./platforms/nangate45/lib/NangateOpenCellLibrary_typical.lib
read_db -hier /tmp/workspace/scripts-Private_test-fr_cugr_cmp-1-/results/nangate45/aes/base/4_cts.odb
[WARNING ORD-0012] Hierarchical flow (-hier) is currently in development and may cause multiple issues. Do not use in production environments.
read_sdc /tmp/workspace/scripts-Private_test-fr_cugr_cmp-1-/results/nangate45/aes/base/4_cts.sdc
source ./platforms/nangate45/setRC.tcl
pin_access
[INFO DRT-0149] Reading tech and libs.

Units:                2000
Number of layers:     21
Number of macros:     135
Number of vias:       33
Number of viarulegen: 19

[INFO DRT-0150] Reading design.

Design:                   aes_cipher_top
Die area:                 ( 0 0 ) ( 499700 501200 )
Number of track patterns: 40
Number of DEF vias:       0
Number of components:     15099
Number of terminals:      390
Number of snets:          2
Number of nets:           15423

[INFO DRT-0167] List of default vias:
  Layer via2
    default via: via2_5
  Layer via3
    default via: via3_2
  Layer via4
    default via: via4_0
  Layer via5
    default via: via5_0
  Layer via6
    default via: via6_0
  Layer via7
    default via: via7_0
  Layer via8
    default via: via8_0
  Layer via9
    default via: via9_0
[INFO DRT-0162] Library cell analysis.
[INFO DRT-0163] Instance analysis.
[INFO DRT-0164] Number of unique instances = 117.
[INFO DRT-0168] Init region query.
[INFO DRT-0024]   Complete active.
[INFO DRT-0024]   Complete Fr_VIA.
[INFO DRT-0024]   Complete metal1.
[INFO DRT-0024]   Complete via1.
[INFO DRT-0024]   Complete metal2.
[INFO DRT-0024]   Complete via2.
[INFO DRT-0024]   Complete metal3.
[INFO DRT-0024]   Complete via3.
[INFO DRT-0024]   Complete metal4.
[INFO DRT-0024]   Complete via4.
[INFO DRT-0024]   Complete metal5.
[INFO DRT-0024]   Complete via5.
[INFO DRT-0024]   Complete metal6.
[INFO DRT-0024]   Complete via6.
[INFO DRT-0024]   Complete metal7.
[INFO DRT-0024]   Complete via7.
[INFO DRT-0024]   Complete metal8.
[INFO DRT-0024]   Complete via8.
[INFO DRT-0024]   Complete metal9.
[INFO DRT-0024]   Complete via9.
[INFO DRT-0024]   Complete metal10.
[INFO DRT-0033] active shape region query size = 0.
[INFO DRT-0033] FR_VIA shape region query size = 0.
[INFO DRT-0033] metal1 shape region query size = 230453.
[INFO DRT-0033] via1 shape region query size = 2229.
[INFO DRT-0033] metal2 shape region query size = 1655.
[INFO DRT-0033] via2 shape region query size = 2229.
[INFO DRT-0033] metal3 shape region query size = 1705.
[INFO DRT-0033] via3 shape region query size = 2229.
[INFO DRT-0033] metal4 shape region query size = 824.
[INFO DRT-0033] via4 shape region query size = 720.
[INFO DRT-0033] metal5 shape region query size = 144.
[INFO DRT-0033] via5 shape region query size = 720.
[INFO DRT-0033] metal6 shape region query size = 144.
[INFO DRT-0033] via6 shape region query size = 288.
[INFO DRT-0033] metal7 shape region query size = 104.
[INFO DRT-0033] via7 shape region query size = 0.
[INFO DRT-0033] metal8 shape region query size = 0.
[INFO DRT-0033] via8 shape region query size = 0.
[INFO DRT-0033] metal9 shape region query size = 0.
[INFO DRT-0033] via9 shape region query size = 0.
[INFO DRT-0033] metal10 shape region query size = 0.
[INFO DRT-0165] Start pin access.
[INFO DRT-0078]   Complete 667 pins.
[INFO DRT-0079]   Complete 100 unique inst patterns.
[INFO DRT-0081]   Complete 117 unique inst patterns.
[INFO DRT-0084]   Complete 8602 groups.
#scanned instances     = 15099
#unique  instances     = 117
#stdCellGenAp          = 3758
#stdCellValidPlanarAp  = 0
#stdCellValidViaAp     = 2716
#stdCellPinNoAp        = 0
#stdCellPinCnt         = 51800
#instTermValidViaApCnt = 0
#macroGenAp            = 0
#macroValidPlanarAp    = 0
#macroValidViaAp       = 0
#macroNoAp             = 0
[INFO DRT-0166] Complete pin access.
[INFO DRT-0267] cpu time = 00:01:11, elapsed time = 00:00:02, memory = 170.61 (MB), peak = 167.91 (MB)
global_route -congestion_report_file /tmp/workspace/scripts-Private_test-fr_cugr_cmp-1-/reports/nangate45/aes/base/congestion.rpt -congestion_iterations 30 -congestion_report_iter_step 5 -verbose
[INFO GRT-0020] Min routing layer: metal2
[INFO GRT-0021] Max routing layer: metal10
[INFO GRT-0022] Global adjustment: 0%
[INFO GRT-0023] Grid origin: (0, 0)
[INFO GRT-0088] Layer metal1  Track-Pitch = 0.1400  line-2-Via Pitch: 0.1350
[INFO GRT-0088] Layer metal2  Track-Pitch = 0.1900  line-2-Via Pitch: 0.1400
[INFO GRT-0088] Layer metal3  Track-Pitch = 0.1400  line-2-Via Pitch: 0.1400
[INFO GRT-0088] Layer metal4  Track-Pitch = 0.2800  line-2-Via Pitch: 0.2800
[INFO GRT-0088] Layer metal5  Track-Pitch = 0.2800  line-2-Via Pitch: 0.2800
[INFO GRT-0088] Layer metal6  Track-Pitch = 0.2800  line-2-Via Pitch: 0.2800
[INFO GRT-0088] Layer metal7  Track-Pitch = 0.7975  line-2-Via Pitch: 0.8000
[INFO GRT-0088] Layer metal8  Track-Pitch = 0.7975  line-2-Via Pitch: 0.8000
[INFO GRT-0088] Layer metal9  Track-Pitch = 1.5900  line-2-Via Pitch: 1.6000
[INFO GRT-0088] Layer metal10 Track-Pitch = 1.5900  line-2-Via Pitch: 1.6000
[INFO GRT-0003] Macros: 0
[INFO GRT-0004] Blockages: 0
[INFO GRT-0019] Found 108 clock nets.
[INFO GRT-0001] Minimum degree: 2
[INFO GRT-0002] Maximum degree: 72

[INFO GRT-0053] Routing resources analysis:
          Routing      Original      Derated      Resource
Layer     Direction    Resources     Resources    Reduction (%)
---------------------------------------------------------------
metal1     Horizontal          0             0          0.00%
metal2     Vertical       110740         51994          53.05%
metal3     Horizontal     153162         75099          50.97%
metal4     Vertical        75172         53208          29.22%
metal5     Horizontal      76592         54062          29.42%
metal6     Vertical        76555         54079          29.36%
metal7     Horizontal      23926         16925          29.26%
metal8     Vertical        26918         19350          28.12%
metal9     Horizontal      13502          7482          44.59%
metal10    Vertical        13502          7482          44.59%
---------------------------------------------------------------

[INFO GRT-0197] Via related to pin nodes: 96847
[INFO GRT-0198] Via related Steiner nodes: 2112
[INFO GRT-0199] Via filling finished.
[INFO GRT-0111] Final number of vias: 123273
[INFO GRT-0112] Final usage 3D: 446498

[INFO GRT-0096] Final congestion report:
Layer         Resource        Demand        Usage (%)    Max H / Max V / Total Congestion
---------------------------------------------------------------------------------------
metal1               0             0            0.00%             0 /  0 /  0
metal2           51994         23650           45.49%             0 /  0 /  0
metal3           75099         30270           40.31%             0 /  0 /  0
metal4           53208         12300           23.12%             0 /  0 /  0
metal5           54062          7343           13.58%             0 /  0 /  0
metal6           54079          2934            5.43%             0 /  0 /  0
metal7           16925           182            1.08%             0 /  0 /  0
metal8           19350             0            0.00%             0 /  0 /  0
metal9            7482             0            0.00%             0 /  0 /  0
metal10           7482             0            0.00%             0 /  0 /  0
---------------------------------------------------------------------------------------
Total           339681         76679           22.57%             0 /  0 /  0

[INFO GRT-0018] Total wirelength: 329776 um
[INFO GRT-0014] Routed nets: 14866
[INFO GRT-0303] Global routing runtime = 00:00:01
[WARNING STA-0450] virtual clock vclk_clk can not be propagated.
estimate_parasitics -global_routing
global_route -start_incremental
global_route -end_incremental -congestion_report_file /tmp/workspace/scripts-Private_test-fr_cugr_cmp-1-/reports/nangate45/aes/base/congestion_post_recover_power.rpt
Repair antennas...
[WARNING GRT-0246] No diode with LEF class CORE ANTENNACELL found.
[INFO ANT-0002] Found 0 net violations.
[INFO ANT-0001] Found 0 pin violations.
Estimate parasitics...
estimate_parasitics -global_routing
Report metrics stage 5, global route...

==========================================================================
global route report_design_area
--------------------------------------------------------------------------
Design area 19132 um^2 36% utilization.
[INFO FLW-0007] clock clk period 0.820000
[WARNING FLW-0010] more than one clock found. Skipping sdc update.
[INFO FLW-0011] Path endpoint path count 1338
write_db /tmp/workspace/scripts-Private_test-fr_cugr_cmp-1-/results/nangate45/aes/base/5_1_grt.odb
write_sdc -no_timestamp /tmp/workspace/scripts-Private_test-fr_cugr_cmp-1-/results/nangate45/aes/base/5_1_grt.sdc
Elapsed time: 0:09.81[h:]min:sec. CPU time: user 97.83 sys 5.89 (1057%). Peak memory: 479108KB.
Log                       Ext     Elapsed/s Peak Memory/MB sha1sum result [0:20)
5_1_grt                   .odb            9            467 94860298946d5bdb844d
5_1_grt                   .sdc                             c4fc350a67e9fac81d42
/OpenROAD-flow-scripts/flow/scripts/flow.sh 5_2_route detail_route
Running detail_route.tcl, stage 5_2_route
read_liberty ./platforms/nangate45/lib/NangateOpenCellLibrary_typical.lib
read_db -hier /tmp/workspace/scripts-Private_test-fr_cugr_cmp-1-/results/nangate45/aes/base/5_1_grt.odb
[WARNING ORD-0012] Hierarchical flow (-hier) is currently in development and may cause multiple issues. Do not use in production environments.
read_sdc /tmp/workspace/scripts-Private_test-fr_cugr_cmp-1-/results/nangate45/aes/base/5_1_grt.sdc
source ./platforms/nangate45/setRC.tcl
[WARNING STA-0450] virtual clock vclk_clk can not be propagated.
detailed_route -output_drc /tmp/workspace/scripts-Private_test-fr_cugr_cmp-1-/reports/nangate45/aes/base/5_route_drc.rpt -output_maze /tmp/workspace/scripts-Private_test-fr_cugr_cmp-1-/results/nangate45/aes/base/maze.log -droute_end_iter 64 -verbose 1 -drc_report_iter_step 5
[INFO DRT-0149] Reading tech and libs.

Units:                2000
Number of layers:     21
Number of macros:     135
Number of vias:       33
Number of viarulegen: 19

[INFO DRT-0150] Reading design.

Design:                   aes_cipher_top
Die area:                 ( 0 0 ) ( 499700 501200 )
Number of track patterns: 40
Number of DEF vias:       0
Number of components:     15099
Number of terminals:      390
Number of snets:          2
Number of nets:           15423

[INFO DRT-0167] List of default vias:
  Layer via2
    default via: via2_5
  Layer via3
    default via: via3_2
  Layer via4
    default via: via4_0
  Layer via5
    default via: via5_0
  Layer via6
    default via: via6_0
  Layer via7
    default via: via7_0
  Layer via8
    default via: via8_0
  Layer via9
    default via: via9_0
[INFO DRT-0162] Library cell analysis.
[INFO DRT-0163] Instance analysis.
[INFO DRT-0164] Number of unique instances = 117.
[INFO DRT-0168] Init region query.
[INFO DRT-0024]   Complete active.
[INFO DRT-0024]   Complete Fr_VIA.
[INFO DRT-0024]   Complete metal1.
[INFO DRT-0024]   Complete via1.
[INFO DRT-0024]   Complete metal2.
[INFO DRT-0024]   Complete via2.
[INFO DRT-0024]   Complete metal3.
[INFO DRT-0024]   Complete via3.
[INFO DRT-0024]   Complete metal4.
[INFO DRT-0024]   Complete via4.
[INFO DRT-0024]   Complete metal5.
[INFO DRT-0024]   Complete via5.
[INFO DRT-0024]   Complete metal6.
[INFO DRT-0024]   Complete via6.
[INFO DRT-0024]   Complete metal7.
[INFO DRT-0024]   Complete via7.
[INFO DRT-0024]   Complete metal8.
[INFO DRT-0024]   Complete via8.
[INFO DRT-0024]   Complete metal9.
[INFO DRT-0024]   Complete via9.
[INFO DRT-0024]   Complete metal10.
[INFO DRT-0033] active shape region query size = 0.
[INFO DRT-0033] FR_VIA shape region query size = 0.
[INFO DRT-0033] metal1 shape region query size = 230453.
[INFO DRT-0033] via1 shape region query size = 2229.
[INFO DRT-0033] metal2 shape region query size = 1655.
[INFO DRT-0033] via2 shape region query size = 2229.
[INFO DRT-0033] metal3 shape region query size = 1705.
[INFO DRT-0033] via3 shape region query size = 2229.
[INFO DRT-0033] metal4 shape region query size = 824.
[INFO DRT-0033] via4 shape region query size = 720.
[INFO DRT-0033] metal5 shape region query size = 144.
[INFO DRT-0033] via5 shape region query size = 720.
[INFO DRT-0033] metal6 shape region query size = 144.
[INFO DRT-0033] via6 shape region query size = 288.
[INFO DRT-0033] metal7 shape region query size = 104.
[INFO DRT-0033] via7 shape region query size = 0.
[INFO DRT-0033] metal8 shape region query size = 0.
[INFO DRT-0033] via8 shape region query size = 0.
[INFO DRT-0033] metal9 shape region query size = 0.
[INFO DRT-0033] via9 shape region query size = 0.
[INFO DRT-0033] metal10 shape region query size = 0.
[INFO DRT-0165] Start pin access.
[INFO DRT-0078]   Complete 667 pins.
[INFO DRT-0079]   Complete 100 unique inst patterns.
[INFO DRT-0081]   Complete 117 unique inst patterns.
[INFO DRT-0084]   Complete 8602 groups.
#scanned instances     = 15099
#unique  instances     = 117
#stdCellGenAp          = 3758
#stdCellValidPlanarAp  = 0
#stdCellValidViaAp     = 2716
#stdCellPinNoAp        = 0
#stdCellPinCnt         = 51800
#instTermValidViaApCnt = 0
#macroGenAp            = 0
#macroValidPlanarAp    = 0
#macroValidViaAp       = 0
#macroNoAp             = 0
[INFO DRT-0166] Complete pin access.
[INFO DRT-0267] cpu time = 00:01:12, elapsed time = 00:00:02, memory = 358.70 (MB), peak = 356.34 (MB)
[INFO DRT-0156] guideIn read 100000 guides.

[INFO DRT-0157] Number of guides:     129179

[INFO DRT-0169] Post process guides.
[INFO DRT-0176] GCELLGRID X 0 DO 87 STEP 5700 ;
[INFO DRT-0177] GCELLGRID Y 0 DO 87 STEP 5700 ;
[INFO DRT-0026]   Complete 100000 origin guides.
[INFO DRT-0028]   Complete active.
[INFO DRT-0028]   Complete Fr_VIA.
[INFO DRT-0028]   Complete metal1.
[INFO DRT-0028]   Complete via1.
[INFO DRT-0028]   Complete metal2.
[INFO DRT-0028]   Complete via2.
[INFO DRT-0028]   Complete metal3.
[INFO DRT-0028]   Complete via3.
[INFO DRT-0028]   Complete metal4.
[INFO DRT-0028]   Complete via4.
[INFO DRT-0028]   Complete metal5.
[INFO DRT-0028]   Complete via5.
[INFO DRT-0028]   Complete metal6.
[INFO DRT-0028]   Complete via6.
[INFO DRT-0028]   Complete metal7.
[INFO DRT-0028]   Complete via7.
[INFO DRT-0028]   Complete metal8.
[INFO DRT-0028]   Complete via8.
[INFO DRT-0028]   Complete metal9.
[INFO DRT-0028]   Complete via9.
[INFO DRT-0028]   Complete metal10.
[INFO DRT-0178] Init guide query.
[INFO DRT-0035]   Complete active (guide).
[INFO DRT-0035]   Complete Fr_VIA (guide).
[INFO DRT-0035]   Complete metal1 (guide).
[INFO DRT-0035]   Complete via1 (guide).
[INFO DRT-0035]   Complete metal2 (guide).
[INFO DRT-0035]   Complete via2 (guide).
[INFO DRT-0035]   Complete metal3 (guide).
[INFO DRT-0035]   Complete via3 (guide).
[INFO DRT-0035]   Complete metal4 (guide).
[INFO DRT-0035]   Complete via4 (guide).
[INFO DRT-0035]   Complete metal5 (guide).
[INFO DRT-0035]   Complete via5 (guide).
[INFO DRT-0035]   Complete metal6 (guide).
[INFO DRT-0035]   Complete via6 (guide).
[INFO DRT-0035]   Complete metal7 (guide).
[INFO DRT-0035]   Complete via7 (guide).
[INFO DRT-0035]   Complete metal8 (guide).
[INFO DRT-0035]   Complete via8 (guide).
[INFO DRT-0035]   Complete metal9 (guide).
[INFO DRT-0035]   Complete via9 (guide).
[INFO DRT-0035]   Complete metal10 (guide).
[INFO DRT-0036] active guide region query size = 0.
[INFO DRT-0036] FR_VIA guide region query size = 0.
[INFO DRT-0036] metal1 guide region query size = 43041.
[INFO DRT-0036] via1 guide region query size = 0.
[INFO DRT-0036] metal2 guide region query size = 37555.
[INFO DRT-0036] via2 guide region query size = 0.
[INFO DRT-0036] metal3 guide region query size = 21820.
[INFO DRT-0036] via3 guide region query size = 0.
[INFO DRT-0036] metal4 guide region query size = 4883.
[INFO DRT-0036] via4 guide region query size = 0.
[INFO DRT-0036] metal5 guide region query size = 1424.
[INFO DRT-0036] via5 guide region query size = 0.
[INFO DRT-0036] metal6 guide region query size = 232.
[INFO DRT-0036] via6 guide region query size = 0.
[INFO DRT-0036] metal7 guide region query size = 10.
[INFO DRT-0036] via7 guide region query size = 0.
[INFO DRT-0036] metal8 guide region query size = 0.
[INFO DRT-0036] via8 guide region query size = 0.
[INFO DRT-0036] metal9 guide region query size = 0.
[INFO DRT-0036] via9 guide region query size = 0.
[INFO DRT-0036] metal10 guide region query size = 0.
[INFO DRT-0179] Init gr pin query.
[INFO DRT-0267] cpu time = 00:00:00, elapsed time = 00:00:00, memory = 403.02 (MB), peak = 398.85 (MB)
[INFO DRT-0245] skipped writing guide updates to database.
[INFO DRT-0181] Start track assignment.
[INFO DRT-0184] Done with 42670 vertical wires in 2 frboxes and 66295 horizontal wires in 2 frboxes.
[INFO DRT-0186] Done with 16553 vertical wires in 2 frboxes and 18200 horizontal wires in 2 frboxes.
[INFO DRT-0182] Complete track assignment.
[INFO DRT-0267] cpu time = 00:00:07, elapsed time = 00:00:04, memory = 665.90 (MB), peak = 662.44 (MB)
[INFO DRT-0187] Start routing data preparation.
[INFO DRT-0267] cpu time = 00:00:00, elapsed time = 00:00:00, memory = 665.90 (MB), peak = 662.44 (MB)
[INFO DRT-0194] Start detail routing.
[INFO DRT-0195] Start 0th optimization iteration.
    Completing 10% with 0 violations.
    elapsed time = 00:00:00, memory = 1088.71 (MB).
    Completing 20% with 0 violations.
    elapsed time = 00:00:02, memory = 1194.91 (MB).
    Completing 30% with 1077 violations.
    elapsed time = 00:00:05, memory = 1018.96 (MB).
    Completing 40% with 1077 violations.
    elapsed time = 00:00:06, memory = 1411.22 (MB).
    Completing 50% with 1077 violations.
    elapsed time = 00:00:09, memory = 1390.41 (MB).
    Completing 60% with 2211 violations.
    elapsed time = 00:00:12, memory = 1470.75 (MB).
    Completing 70% with 2211 violations.
    elapsed time = 00:00:14, memory = 1551.73 (MB).
    Completing 80% with 3140 violations.
    elapsed time = 00:00:18, memory = 1572.13 (MB).
    Completing 90% with 3140 violations.
    elapsed time = 00:00:20, memory = 1789.98 (MB).
    Completing 100% with 4190 violations.
    elapsed time = 00:00:23, memory = 1733.77 (MB).
[INFO DRT-0199]   Number of violations = 5868.
Viol/Layer      metal1   via1 metal2   via2 metal3   via3 metal4   via4 metal5
Cut Spacing          0      0      0     14      0      0      0      9      0
Metal Spacing        0      0    360      0     42      0      2      0      1
Recheck              7      0   1022      0    581      0     61      0      7
Short                0      1   3221     12    505      3     20      0      0
[INFO DRT-0267] cpu time = 00:04:17, elapsed time = 00:00:24, memory = 2232.91 (MB), peak = 2229.76 (MB)
Total wire length = 227376 um.
Total wire length on LAYER metal1 = 0 um.
Total wire length on LAYER metal2 = 74173 um.
Total wire length on LAYER metal3 = 92548 um.
Total wire length on LAYER metal4 = 33233 um.
Total wire length on LAYER metal5 = 18789 um.
Total wire length on LAYER metal6 = 8122 um.
Total wire length on LAYER metal7 = 509 um.
Total wire length on LAYER metal8 = 0 um.
Total wire length on LAYER metal9 = 0 um.
Total wire length on LAYER metal10 = 0 um.
Total number of vias = 115562.
Up-via summary (total 115562):

-----------------
 active         0
 metal1     51771
 metal2     53844
 metal3      7333
 metal4      2162
 metal5       432
 metal6        20
 metal7         0
 metal8         0
 metal9         0
-----------------
       115562


[INFO DRT-0195] Start 1st optimization iteration.
    Completing 10% with 5868 violations.
    elapsed time = 00:00:00, memory = 2371.53 (MB).
    Completing 20% with 5868 violations.
    elapsed time = 00:00:02, memory = 2416.20 (MB).
    Completing 30% with 4994 violations.
    elapsed time = 00:00:06, memory = 1927.72 (MB).
    Completing 40% with 4994 violations.
    elapsed time = 00:00:06, memory = 1992.67 (MB).
    Completing 50% with 4994 violations.
    elapsed time = 00:00:08, memory = 1984.57 (MB).
    Completing 60% with 4173 violations.
    elapsed time = 00:00:10, memory = 1961.04 (MB).
    Completing 70% with 4173 violations.
    elapsed time = 00:00:12, memory = 1994.82 (MB).
    Completing 80% with 3225 violations.
    elapsed time = 00:00:18, memory = 2017.25 (MB).
    Completing 90% with 3225 violations.
    elapsed time = 00:00:19, memory = 2061.23 (MB).
    Completing 100% with 2396 violations.
    elapsed time = 00:00:23, memory = 2038.88 (MB).
[INFO DRT-0199]   Number of violations = 2396.
Viol/Layer      metal1   via1 metal2   via2 metal3 metal4
Cut Spacing          0      4      0      9      0      0
Metal Spacing        1      0    393      0     18      4
Short                0      0   1780      0    184      3
[INFO DRT-0267] cpu time = 00:04:12, elapsed time = 00:00:23, memory = 2530.62 (MB), peak = 2528.19 (MB)
Total wire length = 225436 um.
Total wire length on LAYER metal1 = 0 um.
Total wire length on LAYER metal2 = 73295 um.
Total wire length on LAYER metal3 = 91950 um.
Total wire length on LAYER metal4 = 33047 um.
Total wire length on LAYER metal5 = 18527 um.
Total wire length on LAYER metal6 = 8105 um.
Total wire length on LAYER metal7 = 511 um.
Total wire length on LAYER metal8 = 0 um.
Total wire length on LAYER metal9 = 0 um.
Total wire length on LAYER metal10 = 0 um.
Total number of vias = 114579.
Up-via summary (total 114579):

-----------------
 active         0
 metal1     51792
 metal2     53006
 metal3      7286
 metal4      2057
 metal5       418
 metal6        20
 metal7         0
 metal8         0
 metal9         0
-----------------
       114579


[INFO DRT-0195] Start 2nd optimization iteration.
    Completing 10% with 2396 violations.
    elapsed time = 00:00:00, memory = 2530.62 (MB).
    Completing 20% with 2396 violations.
    elapsed time = 00:00:02, memory = 2567.36 (MB).
    Completing 30% with 2276 violations.
    elapsed time = 00:00:04, memory = 2570.17 (MB).
    Completing 40% with 2276 violations.
    elapsed time = 00:00:05, memory = 2575.92 (MB).
    Completing 50% with 2276 violations.
    elapsed time = 00:00:08, memory = 2579.93 (MB).
    Completing 60% with 2308 violations.
    elapsed time = 00:00:08, memory = 2579.93 (MB).
    Completing 70% with 2308 violations.
    elapsed time = 00:00:11, memory = 2636.21 (MB).
    Completing 80% with 2330 violations.
    elapsed time = 00:00:13, memory = 2608.14 (MB).
    Completing 90% with 2330 violations.
    elapsed time = 00:00:15, memory = 2621.43 (MB).
    Completing 100% with 2289 violations.
    elapsed time = 00:00:19, memory = 2629.50 (MB).
[INFO DRT-0199]   Number of violations = 2289.
Viol/Layer        via1 metal2   via2 metal3 metal4 metal5
Cut Spacing          4      0      8      0      0      0
Metal Spacing        0    394      0     16      2      0
Short                0   1713      0    147      4      1
[INFO DRT-0267] cpu time = 00:03:55, elapsed time = 00:00:19, memory = 2632.50 (MB), peak = 2633.30 (MB)
Total wire length = 224949 um.
Total wire length on LAYER metal1 = 0 um.
Total wire length on LAYER metal2 = 72995 um.
Total wire length on LAYER metal3 = 91885 um.
Total wire length on LAYER metal4 = 32978 um.
Total wire length on LAYER metal5 = 18482 um.
Total wire length on LAYER metal6 = 8096 um.
Total wire length on LAYER metal7 = 511 um.
Total wire length on LAYER metal8 = 0 um.
Total wire length on LAYER metal9 = 0 um.
Total wire length on LAYER metal10 = 0 um.
Total number of vias = 114112.
Up-via summary (total 114112):

-----------------
 active         0
 metal1     51784
 metal2     52596
 metal3      7239
 metal4      2046
 metal5       427
 metal6        20
 metal7         0
 metal8         0
 metal9         0
-----------------
       114112


[INFO DRT-0195] Start 3rd optimization iteration.
    Completing 10% with 2289 violations.
    elapsed time = 00:00:00, memory = 2632.50 (MB).
    Completing 20% with 2289 violations.
    elapsed time = 00:00:00, memory = 2646.81 (MB).
    Completing 30% with 1742 violations.
    elapsed time = 00:00:04, memory = 2673.73 (MB).
    Completing 40% with 1742 violations.
    elapsed time = 00:00:04, memory = 2674.65 (MB).
    Completing 50% with 1742 violations.
    elapsed time = 00:00:06, memory = 2681.24 (MB).
    Completing 60% with 1154 violations.
    elapsed time = 00:00:09, memory = 2681.24 (MB).
    Completing 70% with 1154 violations.
    elapsed time = 00:00:09, memory = 2683.86 (MB).
    Completing 80% with 545 violations.
    elapsed time = 00:00:13, memory = 2683.87 (MB).
    Completing 90% with 545 violations.
    elapsed time = 00:00:14, memory = 2683.88 (MB).
    Completing 100% with 104 violations.
    elapsed time = 00:00:15, memory = 2683.89 (MB).
[INFO DRT-0199]   Number of violations = 104.
Viol/Layer      metal2   via2 metal3
Cut Spacing          0      1      0
Metal Spacing       27      0      3
Short               63      0     10
[INFO DRT-0267] cpu time = 00:01:49, elapsed time = 00:00:15, memory = 2686.89 (MB), peak = 2688.36 (MB)
Total wire length = 224766 um.
Total wire length on LAYER metal1 = 0 um.
Total wire length on LAYER metal2 = 70020 um.
Total wire length on LAYER metal3 = 92277 um.
Total wire length on LAYER metal4 = 35511 um.
Total wire length on LAYER metal5 = 18363 um.
Total wire length on LAYER metal6 = 8082 um.
Total wire length on LAYER metal7 = 511 um.
Total wire length on LAYER metal8 = 0 um.
Total wire length on LAYER metal9 = 0 um.
Total wire length on LAYER metal10 = 0 um.
Total number of vias = 115974.
Up-via summary (total 115974):

-----------------
 active         0
 metal1     51791
 metal2     53236
 metal3      8457
 metal4      2044
 metal5       426
 metal6        20
 metal7         0
 metal8         0
 metal9         0
-----------------
       115974


[INFO DRT-0195] Start 4th optimization iteration.
    Completing 10% with 104 violations.
    elapsed time = 00:00:00, memory = 2686.89 (MB).
    Completing 20% with 104 violations.
    elapsed time = 00:00:00, memory = 2686.89 (MB).
    Completing 30% with 61 violations.
    elapsed time = 00:00:00, memory = 2688.75 (MB).
    Completing 40% with 61 violations.
    elapsed time = 00:00:00, memory = 2688.75 (MB).
    Completing 50% with 61 violations.
    elapsed time = 00:00:00, memory = 2688.75 (MB).
    Completing 60% with 61 violations.
    elapsed time = 00:00:00, memory = 2688.75 (MB).
    Completing 70% with 61 violations.
    elapsed time = 00:00:00, memory = 2688.75 (MB).
    Completing 80% with 16 violations.
    elapsed time = 00:00:02, memory = 2692.36 (MB).
    Completing 90% with 16 violations.
    elapsed time = 00:00:02, memory = 2692.36 (MB).
    Completing 100% with 0 violations.
    elapsed time = 00:00:03, memory = 2692.36 (MB).
[INFO DRT-0199]   Number of violations = 0.
[INFO DRT-0267] cpu time = 00:00:09, elapsed time = 00:00:03, memory = 2692.36 (MB), peak = 2699.94 (MB)
Total wire length = 224779 um.
Total wire length on LAYER metal1 = 0 um.
Total wire length on LAYER metal2 = 69944 um.
Total wire length on LAYER metal3 = 92295 um.
Total wire length on LAYER metal4 = 35587 um.
Total wire length on LAYER metal5 = 18357 um.
Total wire length on LAYER metal6 = 8082 um.
Total wire length on LAYER metal7 = 511 um.
Total wire length on LAYER metal8 = 0 um.
Total wire length on LAYER metal9 = 0 um.
Total wire length on LAYER metal10 = 0 um.
Total number of vias = 116026.
Up-via summary (total 116026):

-----------------
 active         0
 metal1     51791
 metal2     53253
 metal3      8496
 metal4      2040
 metal5       426
 metal6        20
 metal7         0
 metal8         0
 metal9         0
-----------------
       116026


[INFO DRT-0198] Complete detail routing.
Total wire length = 224779 um.
Total wire length on LAYER metal1 = 0 um.
Total wire length on LAYER metal2 = 69944 um.
Total wire length on LAYER metal3 = 92295 um.
Total wire length on LAYER metal4 = 35587 um.
Total wire length on LAYER metal5 = 18357 um.
Total wire length on LAYER metal6 = 8082 um.
Total wire length on LAYER metal7 = 511 um.
Total wire length on LAYER metal8 = 0 um.
Total wire length on LAYER metal9 = 0 um.
Total wire length on LAYER metal10 = 0 um.
Total number of vias = 116026.
Up-via summary (total 116026):

-----------------
 active         0
 metal1     51791
 metal2     53253
 metal3      8496
 metal4      2040
 metal5       426
 metal6        20
 metal7         0
 metal8         0
 metal9         0
-----------------
       116026


[INFO DRT-0267] cpu time = 00:14:25, elapsed time = 00:01:26, memory = 2692.36 (MB), peak = 2699.94 (MB)

[INFO DRT-0180] Post processing.
[INFO DRT-0501] Runtime: 93.97s
Took 94 seconds: detailed_route -output_drc /tmp/workspace/scripts-Private_test-fr_cugr_cmp-1-/reports/nangate45/aes/base/5_route_drc.rpt -output_maze /tmp/workspace/scripts-Private_test-fr_cugr_cmp-1-/results/nangate45/aes/base/maze.log -droute_end_iter 64 -verbose 1 -drc_report_iter_step 5
[WARNING GRT-0246] No diode with LEF class CORE ANTENNACELL found.
[INFO ANT-0002] Found 0 net violations.
[INFO ANT-0001] Found 0 pin violations.
[INFO ANT-0002] Found 0 net violations.
[INFO ANT-0001] Found 0 pin violations.
Design area 19132 um^2 36% utilization.
write_db /tmp/workspace/scripts-Private_test-fr_cugr_cmp-1-/results/nangate45/aes/base/5_2_route.odb
Elapsed time: 1:35.73[h:]min:sec. CPU time: user 962.30 sys 2.18 (1007%). Peak memory: 2764740KB.
Log                       Ext     Elapsed/s Peak Memory/MB sha1sum result [0:20)
5_2_route                 .odb           95           2699 05dc32e193b55c4cdf91
/OpenROAD-flow-scripts/flow/scripts/flow.sh 5_3_fillcell fillcell
Running fillcell.tcl, stage 5_3_fillcell
read_liberty ./platforms/nangate45/lib/NangateOpenCellLibrary_typical.lib
read_db -hier /tmp/workspace/scripts-Private_test-fr_cugr_cmp-1-/results/nangate45/aes/base/5_2_route.odb
[WARNING ORD-0012] Hierarchical flow (-hier) is currently in development and may cause multiple issues. Do not use in production environments.
read_sdc /tmp/workspace/scripts-Private_test-fr_cugr_cmp-1-/results/nangate45/aes/base/5_1_grt.sdc
source ./platforms/nangate45/setRC.tcl
[WARNING STA-0450] virtual clock vclk_clk can not be propagated.
filler_placement "FILLCELL_X1 FILLCELL_X2 FILLCELL_X4 FILLCELL_X8 FILLCELL_X16 FILLCELL_X32"
[INFO DPL-0001] Placed 17885 filler instances.
Design area 19132 um^2 36% utilization.
write_db /tmp/workspace/scripts-Private_test-fr_cugr_cmp-1-/results/nangate45/aes/base/5_3_fillcell.odb
Elapsed time: 0:00.64[h:]min:sec. CPU time: user 0.54 sys 0.10 (100%). Peak memory: 182192KB.
Log                       Ext     Elapsed/s Peak Memory/MB sha1sum result [0:20)
5_3_fillcell              .odb            0            177 f136ef01d2c39a601c11
cp /tmp/workspace/scripts-Private_test-fr_cugr_cmp-1-/results/nangate45/aes/base/5_3_fillcell.odb /tmp/workspace/scripts-Private_test-fr_cugr_cmp-1-/results/nangate45/aes/base/5_route.odb
cp /tmp/workspace/scripts-Private_test-fr_cugr_cmp-1-/results/nangate45/aes/base/5_1_grt.sdc /tmp/workspace/scripts-Private_test-fr_cugr_cmp-1-/results/nangate45/aes/base/5_route.sdc
/OpenROAD-flow-scripts/flow/scripts/flow.sh 6_1_fill density_fill
Running density_fill.tcl, stage 6_1_fill
read_liberty ./platforms/nangate45/lib/NangateOpenCellLibrary_typical.lib
read_db -hier /tmp/workspace/scripts-Private_test-fr_cugr_cmp-1-/results/nangate45/aes/base/5_route.odb
[WARNING ORD-0012] Hierarchical flow (-hier) is currently in development and may cause multiple issues. Do not use in production environments.
read_sdc /tmp/workspace/scripts-Private_test-fr_cugr_cmp-1-/results/nangate45/aes/base/5_route.sdc
source ./platforms/nangate45/setRC.tcl
exec cp /tmp/workspace/scripts-Private_test-fr_cugr_cmp-1-/results/nangate45/aes/base/5_route.odb /tmp/workspace/scripts-Private_test-fr_cugr_cmp-1-/results/nangate45/aes/base/6_1_fill.odb
Elapsed time: 0:00.45[h:]min:sec. CPU time: user 0.35 sys 0.10 (100%). Peak memory: 154844KB.
Log                       Ext     Elapsed/s Peak Memory/MB sha1sum result [0:20)
6_1_fill                  .odb            0            151 f136ef01d2c39a601c11
cp /tmp/workspace/scripts-Private_test-fr_cugr_cmp-1-/results/nangate45/aes/base/5_route.sdc /tmp/workspace/scripts-Private_test-fr_cugr_cmp-1-/results/nangate45/aes/base/6_1_fill.sdc
/OpenROAD-flow-scripts/flow/scripts/flow.sh 6_report final_report
Running final_report.tcl, stage 6_report
read_liberty ./platforms/nangate45/lib/NangateOpenCellLibrary_typical.lib
read_db -hier /tmp/workspace/scripts-Private_test-fr_cugr_cmp-1-/results/nangate45/aes/base/6_1_fill.odb
[WARNING ORD-0012] Hierarchical flow (-hier) is currently in development and may cause multiple issues. Do not use in production environments.
read_sdc /tmp/workspace/scripts-Private_test-fr_cugr_cmp-1-/results/nangate45/aes/base/6_1_fill.sdc
source ./platforms/nangate45/setRC.tcl
[WARNING STA-0450] virtual clock vclk_clk can not be propagated.
write_db /tmp/workspace/scripts-Private_test-fr_cugr_cmp-1-/results/nangate45/aes/base/6_final.odb
write_sdc -no_timestamp /tmp/workspace/scripts-Private_test-fr_cugr_cmp-1-/results/nangate45/aes/base/6_final.sdc
Deleted 0 routing obstructions
[INFO RCX-0431] Defined process_corner X with ext_model_index 0
[INFO RCX-0029] Defined extraction corner X
[WARNING RCX-0514] The ext_model_file option is deprecated. Use set_extraction_rules_file command instead.
[INFO RCX-0435] Reading extraction model file ./platforms/nangate45/rcx_patterns.rules ...
[INFO RCX-0436] RC segment generation aes_cipher_top (max_merge_res 50.0) ...
[INFO RCX-0040] Final 63698 rc segments
[INFO RCX-0439] Coupling Cap extraction aes_cipher_top ...
[INFO RCX-0440] Coupling threshhold is 0.1000 fF, coupling capacitance less than 0.1000 fF will be grounded.
[INFO RCX-0442] 46% of 115595 wires extracted
[INFO RCX-0442] 100% of 115595 wires extracted
[INFO RCX-0045] Extract 15423 nets, 78564 rsegs, 78564 caps, 191123 ccs
[INFO RCX-0443] 15423 nets finished
[INFO PSM-0040] All shapes on net VDD are connected.
########## IR report #################
Net              : VDD
Corner           : default
Total power      : 4.41e-01 W
Supply voltage   : 1.10e+00 V
Worstcase voltage: 9.81e-01 V
Average voltage  : 1.05e+00 V
Average IR drop  : 5.49e-02 V
Worstcase IR drop: 1.19e-01 V
Percentage drop  : 10.81 %
######################################
[INFO PSM-0040] All shapes on net VSS are connected.
########## IR report #################
Net              : VSS
Corner           : default
Total power      : 4.41e-01 W
Supply voltage   : 0.00e+00 V
Worstcase voltage: 8.82e-02 V
Average voltage  : 4.89e-02 V
Average IR drop  : 4.89e-02 V
Worstcase IR drop: 8.82e-02 V
Percentage drop  : 8.02 %
######################################
Cell type report:                       Count       Area
  Fill cell                             17885   33653.26
  Tap cell                                411     109.33
  Clock buffer                            133     164.12
  Timing Repair Buffer                   3084    3129.76
  Inverter                                106      88.84
  Clock inverter                           64      51.07
  Sequential cell                         562    2542.43
  Multi-Input combinational cell        10739   13046.24
  Total                                 32984   52785.04
Report metrics stage 6, finish...

==========================================================================
finish report_design_area
--------------------------------------------------------------------------
Design area 19132 um^2 36% utilization.
[WARNING GUI-0076] QStandardPaths: XDG_RUNTIME_DIR not set, defaulting to '/tmp/runtime-root'
Elapsed time: 0:13.38[h:]min:sec. CPU time: user 18.72 sys 8.94 (206%). Peak memory: 463352KB.
Log                       Ext     Elapsed/s Peak Memory/MB sha1sum result [0:20)
6_report                                 13            452                  N/A
cp ./platforms/nangate45/lef/NangateOpenCellLibrary.tech.lef /tmp/workspace/scripts-Private_test-fr_cugr_cmp-1-/objects/nangate45/aes/base/klayout_tech.lef
/usr/bin/python3 /OpenROAD-flow-scripts/flow/util/generate_klayout_tech.py \
	--template ./platforms/nangate45/FreePDK45.lyt \
	--output /tmp/workspace/scripts-Private_test-fr_cugr_cmp-1-/objects/nangate45/aes/base/klayout.lyt \
	--lef-files /tmp/workspace/scripts-Private_test-fr_cugr_cmp-1-/objects/nangate45/aes/base/klayout_tech.lef ./platforms/nangate45/lef/NangateOpenCellLibrary.macro.mod.lef   \
	--map-files 
/usr/bin/python3 /OpenROAD-flow-scripts/flow/scripts/run_command.py --log /tmp/workspace/scripts-Private_test-fr_cugr_cmp-1-/logs/nangate45/aes/base/6_1_merge.log --tee -- \
        /OpenROAD-flow-scripts/flow/scripts/klayout.sh -zz -rd design_name=aes_cipher_top \
        -rd in_def=/tmp/workspace/scripts-Private_test-fr_cugr_cmp-1-/results/nangate45/aes/base/6_final.def \
        -rd in_files="./platforms/nangate45/gds/NangateOpenCellLibrary.gds  " \
        -rd seal_file="" \
        -rd out_file=/tmp/workspace/scripts-Private_test-fr_cugr_cmp-1-/results/nangate45/aes/base/6_1_merged.gds \
        -rd tech_file=/tmp/workspace/scripts-Private_test-fr_cugr_cmp-1-/objects/nangate45/aes/base/klayout.lyt \
        -rd layer_map= \
        -r /OpenROAD-flow-scripts/flow/util/def2stream.py
KLayout 0.30.7
Warning: DEF UNITS does not match reader DBU (DEF UNITS is 2000 and corresponds to a DBU of 0.0005, but reader DBU is set to 0.0001) (line=5, cell=, file=6_final.def)
[INFO] Reporting cells prior to loading DEF ...
	./platforms/nangate45/gds/NangateOpenCellLibrary.gds
[INFO] GDS_ALLOW_EMPTY=fakeram.*
[INFO] All LEF cells have matching GDS/OAS cells
[INFO] No orphan cells in the final layout
Elapsed time: 0:02.23[h:]min:sec. CPU time: user 1.99 sys 0.23 (99%). Peak memory: 497944KB.
cp /tmp/workspace/scripts-Private_test-fr_cugr_cmp-1-/results/nangate45/aes/base/6_1_merged.gds /tmp/workspace/scripts-Private_test-fr_cugr_cmp-1-/results/nangate45/aes/base/6_final.gds
/tmp/workspace/scripts-Private_test-fr_cugr_cmp-1-/logs/nangate45/aes/base
Log                       Ext     Elapsed/s Peak Memory/MB sha1sum result [0:20)
1_1_yosys_canonicalize    .rtlil          0             45 bae2653c3faec3cc7e22
1_2_yosys                 .v             37             68 37ae92e9b5d25faa1b8a
1_2_yosys                 .sdc                             a0b1641bf5e26ed530ac
1_synth                   .odb            0            139 12b3a0f8bd79dd241e9c
1_synth                   .sdc                             fa9a9daccf4ed04afdf3
2_1_floorplan             .odb           23            179 526f009f9ce25e9243c2
2_1_floorplan             .sdc                             fa9a9daccf4ed04afdf3
2_2_floorplan_macro       .odb            0            130 526f009f9ce25e9243c2
2_3_floorplan_tapcell     .odb            0            124 3e25065373c6f783f4fe
2_4_floorplan_pdn         .odb            0            133 f0d3b037b45135f1f76c
3_1_place_gp_skip_io      .odb            0            123 f0d3b037b45135f1f76c
3_2_place_iop             .odb            0             93 f0d3b037b45135f1f76c
3_3_place_gp              .odb           22            424 406841b8625e2afc5509
3_4_place_resized         .odb            5            194 406841b8625e2afc5509
3_5_place_dp              .odb            9            208 d08938a215f78ae618df
4_1_cts                   .odb            9            225 b191c94e729137239534
5_1_grt                   .odb            9            467 94860298946d5bdb844d
5_1_grt                   .sdc                             c4fc350a67e9fac81d42
5_2_route                 .odb           95           2699 05dc32e193b55c4cdf91
5_3_fillcell              .odb            0            177 f136ef01d2c39a601c11
6_1_fill                  .odb            0            151 f136ef01d2c39a601c11
6_1_fill                  .sdc                             c4fc350a67e9fac81d42
6_1_merge                                 2            486                  N/A
6_report                                 13            452                  N/A
Total                                   224           2699                     
mkdir -p /tmp/workspace/scripts-Private_test-fr_cugr_cmp-1-/reports/nangate45/aes/base
echo ./designs/nangate45/aes > /tmp/workspace/scripts-Private_test-fr_cugr_cmp-1-/reports/nangate45/aes/base/design-dir.txt
/usr/bin/python3 /OpenROAD-flow-scripts/flow/util/genMetrics.py -d aes \
    -p nangate45 \
    -v base \
    --logs /tmp/workspace/scripts-Private_test-fr_cugr_cmp-1-/logs/nangate45/aes/base \
    --reports /tmp/workspace/scripts-Private_test-fr_cugr_cmp-1-/reports/nangate45/aes/base \
    --results /tmp/workspace/scripts-Private_test-fr_cugr_cmp-1-/results/nangate45/aes/base \
    -o /tmp/workspace/scripts-Private_test-fr_cugr_cmp-1-/reports/nangate45/aes/base/metadata.json 2>&1 \
    | tee /tmp/workspace/scripts-Private_test-fr_cugr_cmp-1-/reports/nangate45/aes/base/metadata-generate.log
[WARN] not a git repo: /OpenROAD-flow-scripts/flow/util/../
[WARN] not a git repo: ./platforms/nangate45
[WARN] Tag globalroute__timing__clock__slack not found in /tmp/workspace/scripts-Private_test-fr_cugr_cmp-1-/logs/nangate45/aes/base/5_1_grt.log. Will use N/A.
[WARN] Overwriting Tag synth__runtime__total
[WARN] Overwriting Tag synth__cpu__total
[WARN] Overwriting Tag synth__mem__peak
[WARN] Overwriting Tag finish__runtime__total
[WARN] Overwriting Tag finish__cpu__total
[WARN] Overwriting Tag finish__mem__peak
/usr/bin/python3 /OpenROAD-flow-scripts/flow/util/checkMetadata.py \
    -m /tmp/workspace/scripts-Private_test-fr_cugr_cmp-1-/reports/nangate45/aes/base/metadata.json \
    -r ./designs/nangate45/aes/rules-base.json 2>&1 \
    | tee /tmp/workspace/scripts-Private_test-fr_cugr_cmp-1-/reports/nangate45/aes/base/metadata-check.log
[INFO] synth__canonical_netlist__hash pass test: bae2653c3faec3cc7e22ac634586a2054361f147 == bae2653c3faec3cc7e22ac634586a2054361f147
[INFO] synth__netlist__hash pass test: 37ae92e9b5d25faa1b8ae24bbfcf402e3c994748 == 37ae92e9b5d25faa1b8ae24bbfcf402e3c994748
[INFO] synth__design__instance__area__stdcell pass test: 15351.4 <= 17700
[INFO] constraints__clocks__count pass test: 2 == 2
[INFO] placeopt__design__instance__area pass test: 18903.8 <= 21358
[INFO] placeopt__design__instance__count__stdcell pass test: 14895 <= 16773
[INFO] detailedplace__design__violations pass test: 0 == 0
[INFO] cts__design__instance__count__setup_buffer pass test: 6 <= 1458
[INFO] cts__design__instance__count__hold_buffer pass test: 0 <= 1458
[INFO] cts__timing__setup__ws pass test: 0.000851985 >= -0.041
[INFO] cts__timing__setup__tns pass test: 0 >= -0.164
[INFO] cts__timing__hold__ws pass test: 0.0966875 >= -0.041
[INFO] cts__timing__hold__tns pass test: 0 >= -0.164
[INFO] globalroute__antenna_diodes_count pass test: 0 <= 100
[INFO] globalroute__timing__setup__ws pass test: -0.023867 >= -0.0692
[INFO] globalroute__timing__setup__tns pass test: -0.433005 >= -0.785
[INFO] globalroute__timing__hold__ws pass test: 0.0979626 >= -0.041
[INFO] globalroute__timing__hold__tns pass test: 0 >= -0.164
[INFO] detailedroute__route__wirelength pass test: 224779 <= 256046
[INFO] detailedroute__route__drc_errors pass test: 0 <= 0
[INFO] detailedroute__antenna__violating__nets pass test: 0 <= 0
[INFO] detailedroute__antenna_diodes_count pass test: 0 <= 100
[INFO] finish__timing__setup__ws pass test: -0.010082 >= -0.0667
[INFO] finish__timing__setup__tns pass test: -0.0542506 >= -0.364
[INFO] finish__timing__hold__ws pass test: 0.0992081 >= -0.041
[INFO] finish__timing__hold__tns pass test: 0 >= -0.164
[INFO] finish__design__instance__area pass test: 19131.8 <= 21614
Metadata check warnings: 0
All metadata rules passed (27 rules)
/OpenROAD-flow-scripts/flow/util/makeIssue.sh /tmp/workspace/scripts-Private_test-fr_cugr_cmp-1-/final_report
Creating issue for target final_report in /tmp/workspace/scripts-Private_test-fr_cugr_cmp-1-
Archiving issue to /tmp/workspace/scripts-Private_test-fr_cugr_cmp-1-/final_report_aes_nangate45_base_2026-08-20_04-19.tar.gz
Using gzip to compress tar file
tar: Removing leading `/' from member names
tar: Removing leading `/' from hard link targets
