rm -f /tmp/workspace/scripts-Private_test-fr_cugr_cmp-1-/results/nangate45/bp_fe/base/1_* /tmp/workspace/scripts-Private_test-fr_cugr_cmp-1-/results/nangate45/bp_fe/base/mem*.json
rm -rf /tmp/workspace/scripts-Private_test-fr_cugr_cmp-1-/results/nangate45/bp_fe/base/memories
rm -f /tmp/workspace/scripts-Private_test-fr_cugr_cmp-1-/reports/nangate45/bp_fe/base/synth_*
rm -f /tmp/workspace/scripts-Private_test-fr_cugr_cmp-1-/logs/nangate45/bp_fe/base/1_*
rm -f 
rm -f /tmp/workspace/scripts-Private_test-fr_cugr_cmp-1-/results/nangate45/bp_fe/base/clock_period.txt
rm -f /tmp/workspace/scripts-Private_test-fr_cugr_cmp-1-/results/nangate45/bp_fe/base/2_*floorplan*.odb /tmp/workspace/scripts-Private_test-fr_cugr_cmp-1-/results/nangate45/bp_fe/base/2_floorplan.sdc /tmp/workspace/scripts-Private_test-fr_cugr_cmp-1-/results/nangate45/bp_fe/base/2_*.v /tmp/workspace/scripts-Private_test-fr_cugr_cmp-1-/results/nangate45/bp_fe/base/2_*.def
rm -f /tmp/workspace/scripts-Private_test-fr_cugr_cmp-1-/reports/nangate45/bp_fe/base/2_*
rm -f /tmp/workspace/scripts-Private_test-fr_cugr_cmp-1-/logs/nangate45/bp_fe/base/2_*
rm -f /tmp/workspace/scripts-Private_test-fr_cugr_cmp-1-/results/nangate45/bp_fe/base/3_*place*.odb
rm -f /tmp/workspace/scripts-Private_test-fr_cugr_cmp-1-/results/nangate45/bp_fe/base/3_place.sdc
rm -f /tmp/workspace/scripts-Private_test-fr_cugr_cmp-1-/results/nangate45/bp_fe/base/3_*.def /tmp/workspace/scripts-Private_test-fr_cugr_cmp-1-/results/nangate45/bp_fe/base/3_*.v
rm -f /tmp/workspace/scripts-Private_test-fr_cugr_cmp-1-/reports/nangate45/bp_fe/base/3_*
rm -f /tmp/workspace/scripts-Private_test-fr_cugr_cmp-1-/logs/nangate45/bp_fe/base/3_*
rm -rf /tmp/workspace/scripts-Private_test-fr_cugr_cmp-1-/results/nangate45/bp_fe/base/4_*cts*.odb /tmp/workspace/scripts-Private_test-fr_cugr_cmp-1-/results/nangate45/bp_fe/base/4_cts.sdc /tmp/workspace/scripts-Private_test-fr_cugr_cmp-1-/results/nangate45/bp_fe/base/4_*.v /tmp/workspace/scripts-Private_test-fr_cugr_cmp-1-/results/nangate45/bp_fe/base/4_*.def
rm -f  /tmp/workspace/scripts-Private_test-fr_cugr_cmp-1-/reports/nangate45/bp_fe/base/4_*
rm -rf /tmp/workspace/scripts-Private_test-fr_cugr_cmp-1-/logs/nangate45/bp_fe/base/4_*
rm -rf /tmp/workspace/scripts-Private_test-fr_cugr_cmp-1-/results/nangate45/bp_fe/base/route.guide /tmp/workspace/scripts-Private_test-fr_cugr_cmp-1-/results/nangate45/bp_fe/base/output_guide.mod /tmp/workspace/scripts-Private_test-fr_cugr_cmp-1-/results/nangate45/bp_fe/base/updated_clks.sdc
rm -rf /tmp/workspace/scripts-Private_test-fr_cugr_cmp-1-/results/nangate45/bp_fe/base/5_*.odb /tmp/workspace/scripts-Private_test-fr_cugr_cmp-1-/results/nangate45/bp_fe/base/5_route.sdc /tmp/workspace/scripts-Private_test-fr_cugr_cmp-1-/results/nangate45/bp_fe/base/5_*.def /tmp/workspace/scripts-Private_test-fr_cugr_cmp-1-/results/nangate45/bp_fe/base/5_*.v
rm -f  /tmp/workspace/scripts-Private_test-fr_cugr_cmp-1-/reports/nangate45/bp_fe/base/5_*
rm -f  /tmp/workspace/scripts-Private_test-fr_cugr_cmp-1-/logs/nangate45/bp_fe/base/5_*
rm -rf /tmp/workspace/scripts-Private_test-fr_cugr_cmp-1-/results/nangate45/bp_fe/base/6_*.gds /tmp/workspace/scripts-Private_test-fr_cugr_cmp-1-/results/nangate45/bp_fe/base/6_*.oas /tmp/workspace/scripts-Private_test-fr_cugr_cmp-1-/results/nangate45/bp_fe/base/6_*.odb /tmp/workspace/scripts-Private_test-fr_cugr_cmp-1-/results/nangate45/bp_fe/base/6_*.v /tmp/workspace/scripts-Private_test-fr_cugr_cmp-1-/results/nangate45/bp_fe/base/6_*.def /tmp/workspace/scripts-Private_test-fr_cugr_cmp-1-/results/nangate45/bp_fe/base/6_*.sdc /tmp/workspace/scripts-Private_test-fr_cugr_cmp-1-/results/nangate45/bp_fe/base/6_*.spef
rm -rf /tmp/workspace/scripts-Private_test-fr_cugr_cmp-1-/reports/nangate45/bp_fe/base/6_*.rpt
rm -f  /tmp/workspace/scripts-Private_test-fr_cugr_cmp-1-/logs/nangate45/bp_fe/base/6_*
rm -f /tmp/workspace/scripts-Private_test-fr_cugr_cmp-1-/reports/nangate45/bp_fe/base/design-dir.txt
rm -f /tmp/workspace/scripts-Private_test-fr_cugr_cmp-1-/reports/nangate45/bp_fe/base/metadata*.*
rm -f /tmp/workspace/scripts-Private_test-fr_cugr_cmp-1-/results/nangate45/bp_fe/base/bp_fe_top.lib /tmp/workspace/scripts-Private_test-fr_cugr_cmp-1-/results/nangate45/bp_fe/base/bp_fe_top.lef
rm -rf /tmp/workspace/scripts-Private_test-fr_cugr_cmp-1-/objects/nangate45/bp_fe/base
make: Nothing to be done for 'clean_metadata'.
mkdir -p /tmp/workspace/scripts-Private_test-fr_cugr_cmp-1-/results/nangate45/bp_fe/base/
echo 1.8 > /tmp/workspace/scripts-Private_test-fr_cugr_cmp-1-/results/nangate45/bp_fe/base/clock_period.txt
/OpenROAD-flow-scripts/flow/scripts/synth.sh /OpenROAD-flow-scripts/flow/scripts/synth_canonicalize.tcl /tmp/workspace/scripts-Private_test-fr_cugr_cmp-1-/logs/nangate45/bp_fe/base/1_1_yosys_canonicalize.log
Using ABC speed script.
Extracting clock period from SDC file: /tmp/workspace/scripts-Private_test-fr_cugr_cmp-1-/results/nangate45/bp_fe/base/clock_period.txt
Setting clock period to 1.8
1. Executing Liberty frontend: ./platforms/nangate45/lib/NangateOpenCellLibrary_typical.lib
2. Executing Liberty frontend: ./platforms/nangate45/lib/fakeram45_512x64.lib
3. Executing Liberty frontend: ./platforms/nangate45/lib/fakeram45_64x7.lib
4. Executing Liberty frontend: ./platforms/nangate45/lib/fakeram45_64x96.lib
5. Executing Liberty frontend: ./platforms/nangate45/lib/NangateOpenCellLibrary_typical.lib
6. Executing Liberty frontend: ./platforms/nangate45/lib/fakeram45_512x64.lib
7. Executing Liberty frontend: ./platforms/nangate45/lib/fakeram45_64x7.lib
8. Executing Liberty frontend: ./platforms/nangate45/lib/fakeram45_64x96.lib
9. Executing Verilog-2005 frontend: /OpenROAD-flow-scripts/flow/designs/src/bp_fe_top/pickled.v
10. Executing Verilog-2005 frontend: /OpenROAD-flow-scripts/flow/designs/nangate45/bp_fe_top/macros.v
11. Executing Verilog-2005 frontend: ./platforms/nangate45/cells_clkgate.v
12. Executing HIERARCHY pass (managing design hierarchy).
13. Executing AST frontend in derive mode using pre-parsed AST for module `\bp_fe_top'.
13.1. Analyzing design hierarchy..
13.2. Executing AST frontend in derive mode using pre-parsed AST for module `\itlb_vaddr_width_p56_paddr_width_p22_eaddr_width_p64_btb_indx_width_p9_bht_indx_width_p5_ras_addr_width_p22_asid_width_p10_ppn_start_bit_p12_tag_width_p10'.
13.3. Executing AST frontend in derive mode using pre-parsed AST for module `\icache_eaddr_width_p64_data_width_p64_inst_width_p32_tag_width_p10_num_cce_p1_num_lce_p2_ways_p8_lce_sets_p64_block_size_in_bytes_p8'.
Warning: reg '\icache_pc_gen_data_o' is assigned in a continuous assignment at /OpenROAD-flow-scripts/flow/designs/src/bp_fe_top/pickled.v:13381.10-13382.77.
13.4. Executing AST frontend in derive mode using pre-parsed AST for module `\bp_fe_pc_gen_56_22_64_9_5_22_32_10_80000124_1'.
13.5. Analyzing design hierarchy..
13.6. Executing AST frontend in derive mode using pre-parsed AST for module `\bp_fe_branch_predictor_eaddr_width_p64_btb_indx_width_p9_bht_indx_width_p5_ras_addr_width_p22'.
13.7. Executing AST frontend in derive mode using pre-parsed AST for module `\instr_scan_eaddr_width_p64_instr_width_p32'.
13.8. Executing AST frontend in derive mode using pre-parsed AST for module `\bsg_mux_width_p64_els_p8'.
13.9. Executing AST frontend in derive mode using pre-parsed AST for module `\bp_be_dcache_lru_decode_ways_p8'.
13.10. Executing AST frontend in derive mode using pre-parsed AST for module `\bp_fe_lce_data_width_p64_lce_data_width_p512_lce_addr_width_p22_lce_sets_p64_ways_p8_tag_width_p10_num_cce_p1_num_lce_p2_block_size_in_bytes_p8'.
13.11. Executing AST frontend in derive mode using pre-parsed AST for module `\bsg_priority_encode_width_p8_lo_to_hi_p1'.
13.12. Executing AST frontend in derive mode using pre-parsed AST for module `\bp_be_dcache_lru_encode_ways_p8'.
13.13. Executing AST frontend in derive mode using pre-parsed AST for module `\bsg_mem_1rw_sync_mask_write_bit_width_p7_els_p64'.
13.14. Executing AST frontend in derive mode using pre-parsed AST for module `\bsg_mem_1rw_sync_mask_write_byte_els_p512_data_width_p64'.
13.15. Executing AST frontend in derive mode using pre-parsed AST for module `\bsg_mem_1rw_sync_mask_write_bit_width_p96_els_p64'.
13.16. Analyzing design hierarchy..
13.17. Executing AST frontend in derive mode using pre-parsed AST for module `\hard_mem_1rw_bit_mask_d64_w96_wrapper'.
13.18. Executing AST frontend in derive mode using pre-parsed AST for module `\hard_mem_1rw_byte_mask_d512_w64_wrapper'.
13.19. Executing AST frontend in derive mode using pre-parsed AST for module `\bsg_encode_one_hot_width_p8_lo_to_hi_p1'.
13.20. Executing AST frontend in derive mode using pre-parsed AST for module `\bsg_priority_encode_one_hot_out_width_p8_lo_to_hi_p1'.
13.21. Executing AST frontend in derive mode using pre-parsed AST for module `\hard_mem_1rw_bit_mask_d64_w7_wrapper'.
13.22. Executing AST frontend in derive mode using pre-parsed AST for module `\bp_fe_lce_tr_resp_in_data_width_p64_lce_data_width_p512_lce_addr_width_p22_lce_sets_p64_ways_p8_num_cce_p1_num_lce_p2_block_size_in_bytes_p8'.
13.23. Executing AST frontend in derive mode using pre-parsed AST for module `\bsg_two_fifo_width_p539'.
13.24. Executing AST frontend in derive mode using pre-parsed AST for module `\bp_fe_lce_data_cmd_data_width_p64_lce_addr_width_p22_lce_data_width_p512_num_cce_p1_num_lce_p2_lce_sets_p64_ways_p8_block_size_in_bytes_p8'.
13.25. Executing AST frontend in derive mode using pre-parsed AST for module `\bsg_two_fifo_width_p540'.
13.26. Executing AST frontend in derive mode using pre-parsed AST for module `\bp_fe_lce_cmd_data_width_p64_lce_data_width_p512_lce_addr_width_p22_lce_sets_p64_ways_p8_tag_width_p10_num_cce_p1_num_lce_p2_block_size_in_bytes_p8'.
13.27. Executing AST frontend in derive mode using pre-parsed AST for module `\bsg_two_fifo_width_p36'.
13.28. Executing AST frontend in derive mode using pre-parsed AST for module `\bp_fe_lce_req_data_width_p64_lce_addr_width_p22_num_cce_p1_num_lce_p2_lce_sets_p64_ways_p8_block_size_in_bytes_p8'.
Warning: reg '\lce_resp_o' is assigned in a continuous assignment at /OpenROAD-flow-scripts/flow/designs/src/bp_fe_top/pickled.v:6042.10-6042.31.
Warning: reg '\lce_req_o' is assigned in a continuous assignment at /OpenROAD-flow-scripts/flow/designs/src/bp_fe_top/pickled.v:6043.10-6043.40.
Warning: reg '\lce_req_o' is assigned in a continuous assignment at /OpenROAD-flow-scripts/flow/designs/src/bp_fe_top/pickled.v:6044.10-6044.40.
Warning: reg '\lce_req_o' is assigned in a continuous assignment at /OpenROAD-flow-scripts/flow/designs/src/bp_fe_top/pickled.v:6045.10-6045.40.
Warning: reg '\lce_req_o' is assigned in a continuous assignment at /OpenROAD-flow-scripts/flow/designs/src/bp_fe_top/pickled.v:6046.10-6046.40.
Warning: reg '\lce_req_o' is assigned in a continuous assignment at /OpenROAD-flow-scripts/flow/designs/src/bp_fe_top/pickled.v:6047.10-6047.40.
Warning: reg '\lce_req_o' is assigned in a continuous assignment at /OpenROAD-flow-scripts/flow/designs/src/bp_fe_top/pickled.v:6048.10-6048.40.
Warning: reg '\lce_req_o' is assigned in a continuous assignment at /OpenROAD-flow-scripts/flow/designs/src/bp_fe_top/pickled.v:6049.10-6049.40.
Warning: reg '\lce_req_o' is assigned in a continuous assignment at /OpenROAD-flow-scripts/flow/designs/src/bp_fe_top/pickled.v:6050.10-6050.40.
Warning: reg '\lce_req_o' is assigned in a continuous assignment at /OpenROAD-flow-scripts/flow/designs/src/bp_fe_top/pickled.v:6051.10-6051.40.
Warning: reg '\lce_req_o' is assigned in a continuous assignment at /OpenROAD-flow-scripts/flow/designs/src/bp_fe_top/pickled.v:6052.10-6052.40.
Warning: reg '\lce_req_o' is assigned in a continuous assignment at /OpenROAD-flow-scripts/flow/designs/src/bp_fe_top/pickled.v:6053.10-6053.40.
Warning: reg '\lce_req_o' is assigned in a continuous assignment at /OpenROAD-flow-scripts/flow/designs/src/bp_fe_top/pickled.v:6054.10-6054.40.
Warning: reg '\lce_req_o' is assigned in a continuous assignment at /OpenROAD-flow-scripts/flow/designs/src/bp_fe_top/pickled.v:6055.10-6055.40.
Warning: reg '\lce_req_o' is assigned in a continuous assignment at /OpenROAD-flow-scripts/flow/designs/src/bp_fe_top/pickled.v:6056.10-6056.39.
Warning: reg '\lce_req_o' is assigned in a continuous assignment at /OpenROAD-flow-scripts/flow/designs/src/bp_fe_top/pickled.v:6057.10-6057.39.
Warning: reg '\lce_req_o' is assigned in a continuous assignment at /OpenROAD-flow-scripts/flow/designs/src/bp_fe_top/pickled.v:6058.10-6058.39.
Warning: reg '\lce_req_o' is assigned in a continuous assignment at /OpenROAD-flow-scripts/flow/designs/src/bp_fe_top/pickled.v:6059.10-6059.39.
Warning: reg '\lce_req_o' is assigned in a continuous assignment at /OpenROAD-flow-scripts/flow/designs/src/bp_fe_top/pickled.v:6060.10-6060.38.
Warning: reg '\lce_req_o' is assigned in a continuous assignment at /OpenROAD-flow-scripts/flow/designs/src/bp_fe_top/pickled.v:6061.10-6061.38.
Warning: reg '\lce_req_o' is assigned in a continuous assignment at /OpenROAD-flow-scripts/flow/designs/src/bp_fe_top/pickled.v:6062.10-6062.38.
Warning: reg '\lce_req_o' is assigned in a continuous assignment at /OpenROAD-flow-scripts/flow/designs/src/bp_fe_top/pickled.v:6063.10-6063.38.
Warning: reg '\lce_req_o' is assigned in a continuous assignment at /OpenROAD-flow-scripts/flow/designs/src/bp_fe_top/pickled.v:6064.10-6064.38.
Warning: reg '\lce_req_o' is assigned in a continuous assignment at /OpenROAD-flow-scripts/flow/designs/src/bp_fe_top/pickled.v:6065.10-6065.38.
Warning: reg '\lce_req_o' is assigned in a continuous assignment at /OpenROAD-flow-scripts/flow/designs/src/bp_fe_top/pickled.v:6066.10-6066.29.
Warning: reg '\lce_req_o' is assigned in a continuous assignment at /OpenROAD-flow-scripts/flow/designs/src/bp_fe_top/pickled.v:6067.10-6067.30.
Warning: reg '\lce_req_o' is assigned in a continuous assignment at /OpenROAD-flow-scripts/flow/designs/src/bp_fe_top/pickled.v:6068.10-6068.30.
Warning: reg '\lce_req_o' is assigned in a continuous assignment at /OpenROAD-flow-scripts/flow/designs/src/bp_fe_top/pickled.v:6069.10-6069.33.
Warning: reg '\lce_resp_o' is assigned in a continuous assignment at /OpenROAD-flow-scripts/flow/designs/src/bp_fe_top/pickled.v:6070.10-6070.34.
Warning: reg '\lce_resp_o' is assigned in a continuous assignment at /OpenROAD-flow-scripts/flow/designs/src/bp_fe_top/pickled.v:6131.10-6136.45.
13.29. Executing AST frontend in derive mode using pre-parsed AST for module `\bp_fe_btb_bp_fe_pc_gen_btb_idx_width_lp9_eaddr_width_p64'.
13.30. Executing AST frontend in derive mode using pre-parsed AST for module `\bp_fe_bht_bht_indx_width_p5'.
13.31. Analyzing design hierarchy..
13.32. Executing AST frontend in derive mode using pre-parsed AST for module `\bsg_mem_1rw_sync_width_p64_els_p512_addr_width_lp9'.
13.33. Executing AST frontend in derive mode using pre-parsed AST for module `\bsg_mem_1r1w_width_p36_els_p2_read_write_same_addr_p0'.
13.34. Executing AST frontend in derive mode using pre-parsed AST for module `\bsg_mem_1r1w_width_p540_els_p2_read_write_same_addr_p0'.
13.35. Executing AST frontend in derive mode using pre-parsed AST for module `\bsg_mem_1r1w_width_p539_els_p2_read_write_same_addr_p0'.
13.36. Executing AST frontend in derive mode using pre-parsed AST for module `\bsg_scan_width_p8_or_p1_lo_to_hi_p1'.
13.37. Executing AST frontend in derive mode using pre-parsed AST for module `\bsg_encode_one_hot_width_p4'.
13.38. Analyzing design hierarchy..
13.39. Executing AST frontend in derive mode using pre-parsed AST for module `\bsg_encode_one_hot_width_p2'.
13.40. Executing AST frontend in derive mode using pre-parsed AST for module `\bsg_mem_1r1w_synth_width_p539_els_p2_read_write_same_addr_p0_harden_p0'.
13.41. Executing AST frontend in derive mode using pre-parsed AST for module `\bsg_mem_1r1w_synth_width_p540_els_p2_read_write_same_addr_p0_harden_p0'.
13.42. Executing AST frontend in derive mode using pre-parsed AST for module `\bsg_mem_1r1w_synth_width_p36_els_p2_read_write_same_addr_p0_harden_p0'.
13.43. Executing AST frontend in derive mode using pre-parsed AST for module `\hard_mem_1rw_d512_w64_wrapper'.
13.44. Analyzing design hierarchy..
13.45. Executing AST frontend in derive mode using pre-parsed AST for module `\bsg_encode_one_hot_width_p1'.
13.46. Analyzing design hierarchy..
13.47. Analyzing design hierarchy..
14. Executing OPT_CLEAN pass (remove unused cells and wires).
Warning: Ignoring module bsg_mem_1r1w_synth_width_p36_els_p2_read_write_same_addr_p0_harden_p0 because it contains processes (run 'proc' command first).
Warning: Ignoring module bsg_mem_1r1w_synth_width_p540_els_p2_read_write_same_addr_p0_harden_p0 because it contains processes (run 'proc' command first).
Warning: Ignoring module bsg_mem_1r1w_synth_width_p539_els_p2_read_write_same_addr_p0_harden_p0 because it contains processes (run 'proc' command first).
Warning: Ignoring module bp_fe_bht_bht_indx_width_p5 because it contains processes (run 'proc' command first).
Warning: Ignoring module bp_fe_btb_bp_fe_pc_gen_btb_idx_width_lp9_eaddr_width_p64 because it contains processes (run 'proc' command first).
Warning: Ignoring module bp_fe_lce_req_data_width_p64_lce_addr_width_p22_num_cce_p1_num_lce_p2_lce_sets_p64_ways_p8_block_size_in_bytes_p8 because it contains processes (run 'proc' command first).
Warning: Ignoring module bsg_two_fifo_width_p36 because it contains processes (run 'proc' command first).
Warning: Ignoring module bp_fe_lce_cmd_data_width_p64_lce_data_width_p512_lce_addr_width_p22_lce_sets_p64_ways_p8_tag_width_p10_num_cce_p1_num_lce_p2_block_size_in_bytes_p8 because it contains processes (run 'proc' command first).
Warning: Ignoring module bsg_two_fifo_width_p540 because it contains processes (run 'proc' command first).
Warning: Ignoring module bsg_two_fifo_width_p539 because it contains processes (run 'proc' command first).
Warning: Ignoring module bp_fe_pc_gen_56_22_64_9_5_22_32_10_80000124_1 because it contains processes (run 'proc' command first).
Warning: Ignoring module icache_eaddr_width_p64_data_width_p64_inst_width_p32_tag_width_p10_num_cce_p1_num_lce_p2_ways_p8_lce_sets_p64_block_size_in_bytes_p8 because it contains processes (run 'proc' command first).
Warning: Ignoring module itlb_vaddr_width_p56_paddr_width_p22_eaddr_width_p64_btb_indx_width_p9_bht_indx_width_p5_ras_addr_width_p22_asid_width_p10_ppn_start_bit_p12_tag_width_p10 because it contains processes (run 'proc' command first).
15. Executing RTLIL backend.
Warnings: 44 unique messages, 44 total
End of script. Logfile hash: 83abdc1f9c, time: 1.78s, user: 1.70s, system: 0.07s, MEM: 107.43 MB peak
Yosys 0.68+post (git sha1 UNKNOWN, Release, GNU /usr/local/bin/wrapped-cc/g++ 11.4.0)
Time spent: 84% 1x hierarchy (1 sec), 8% 6x read_verilog (0 sec), ...
Elapsed time: 0:01.81[h:]min:sec. CPU time: user 1.72 sys 0.08 (100%). Peak memory: 112816KB.
Log                       Ext     Elapsed/s Peak Memory/MB sha1sum result [0:20)
1_1_yosys_canonicalize    .rtlil          1            110 282cefc5a68cd367daee
/OpenROAD-flow-scripts/flow/scripts/synth.sh /OpenROAD-flow-scripts/flow/scripts/synth.tcl /tmp/workspace/scripts-Private_test-fr_cugr_cmp-1-/logs/nangate45/bp_fe/base/1_2_yosys.log
Using ABC speed script.
Extracting clock period from SDC file: /tmp/workspace/scripts-Private_test-fr_cugr_cmp-1-/results/nangate45/bp_fe/base/clock_period.txt
Setting clock period to 1.8
1. Executing RTLIL frontend.
2. Executing HIERARCHY pass (managing design hierarchy).
2.1. Analyzing design hierarchy..
2.2. Analyzing design hierarchy..
3. Executing SYNTH pass.
3.1. Executing HIERARCHY pass (managing design hierarchy).
3.1.1. Analyzing design hierarchy..
3.1.2. Analyzing design hierarchy..
3.2. Executing PROC pass (convert processes to netlists).
3.2.1. Executing PROC_CLEAN pass (remove empty switches from decision trees).
3.2.2. Executing PROC_RMDEAD pass (remove dead branches from decision trees).
3.2.3. Executing PROC_PRUNE pass (remove redundant assignments in processes).
3.2.4. Executing PROC_INIT pass (extract init attributes).
3.2.5. Executing PROC_ARST pass (detect async resets in processes).
3.2.6. Executing PROC_ROM pass (convert switches to ROMs).
3.2.7. Executing PROC_MUX pass (convert decision trees to multiplexers).
3.2.8. Executing PROC_DLATCH pass (convert process syncs to latches).
3.2.9. Executing PROC_DFF pass (convert process syncs to FFs).
3.2.10. Executing PROC_MEMWR pass (convert process memory writes to cells).
3.2.11. Executing PROC_CLEAN pass (remove empty switches from decision trees).
3.2.12. Executing OPT_EXPR pass (perform const folding).
3.3. Executing OPT_EXPR pass (perform const folding).
3.4. Executing OPT_CLEAN pass (remove unused cells and wires).
3.5. Executing CHECK pass (checking for obvious problems).
Warning: Wire bp_fe_pc_gen_56_22_64_9_5_22_32_10_80000124_1.\pc_gen_fe_o [201] is used but has no driver.
Warning: Wire bp_fe_pc_gen_56_22_64_9_5_22_32_10_80000124_1.\pc_gen_fe_o [200] is used but has no driver.
Warning: Wire bp_fe_pc_gen_56_22_64_9_5_22_32_10_80000124_1.\pc_gen_fe_o [199] is used but has no driver.
Warning: Wire bp_fe_pc_gen_56_22_64_9_5_22_32_10_80000124_1.\pc_gen_fe_o [198] is used but has no driver.
Warning: Wire bp_fe_pc_gen_56_22_64_9_5_22_32_10_80000124_1.\pc_gen_fe_o [197] is used but has no driver.
Warning: Wire bp_fe_pc_gen_56_22_64_9_5_22_32_10_80000124_1.\pc_gen_fe_o [196] is used but has no driver.
Warning: Wire bp_fe_pc_gen_56_22_64_9_5_22_32_10_80000124_1.\pc_gen_fe_o [195] is used but has no driver.
Warning: Wire bp_fe_pc_gen_56_22_64_9_5_22_32_10_80000124_1.\pc_gen_fe_o [194] is used but has no driver.
Warning: Wire bp_fe_pc_gen_56_22_64_9_5_22_32_10_80000124_1.\pc_gen_fe_o [193] is used but has no driver.
Warning: Wire bp_fe_pc_gen_56_22_64_9_5_22_32_10_80000124_1.\pc_gen_fe_o [192] is used but has no driver.
Warning: Wire bp_fe_pc_gen_56_22_64_9_5_22_32_10_80000124_1.\pc_gen_fe_o [191] is used but has no driver.
Warning: Wire bp_fe_pc_gen_56_22_64_9_5_22_32_10_80000124_1.\pc_gen_fe_o [190] is used but has no driver.
Warning: Wire bp_fe_pc_gen_56_22_64_9_5_22_32_10_80000124_1.\pc_gen_fe_o [189] is used but has no driver.
Warning: Wire bp_fe_pc_gen_56_22_64_9_5_22_32_10_80000124_1.\pc_gen_fe_o [188] is used but has no driver.
Warning: Wire bp_fe_pc_gen_56_22_64_9_5_22_32_10_80000124_1.\pc_gen_fe_o [187] is used but has no driver.
Warning: Wire bp_fe_pc_gen_56_22_64_9_5_22_32_10_80000124_1.\pc_gen_fe_o [186] is used but has no driver.
Warning: Wire bp_fe_pc_gen_56_22_64_9_5_22_32_10_80000124_1.\pc_gen_fe_o [185] is used but has no driver.
Warning: Wire bp_fe_pc_gen_56_22_64_9_5_22_32_10_80000124_1.\pc_gen_fe_o [184] is used but has no driver.
Warning: Wire bp_fe_pc_gen_56_22_64_9_5_22_32_10_80000124_1.\pc_gen_fe_o [183] is used but has no driver.
Warning: Wire bp_fe_pc_gen_56_22_64_9_5_22_32_10_80000124_1.\pc_gen_fe_o [182] is used but has no driver.
Warning: Wire bp_fe_pc_gen_56_22_64_9_5_22_32_10_80000124_1.\pc_gen_fe_o [181] is used but has no driver.
Warning: Wire bp_fe_pc_gen_56_22_64_9_5_22_32_10_80000124_1.\pc_gen_fe_o [180] is used but has no driver.
Warning: Wire bp_fe_pc_gen_56_22_64_9_5_22_32_10_80000124_1.\pc_gen_fe_o [179] is used but has no driver.
Warning: Wire bp_fe_pc_gen_56_22_64_9_5_22_32_10_80000124_1.\pc_gen_fe_o [178] is used but has no driver.
Warning: Wire bp_fe_pc_gen_56_22_64_9_5_22_32_10_80000124_1.\pc_gen_fe_o [177] is used but has no driver.
Warning: Wire bp_fe_pc_gen_56_22_64_9_5_22_32_10_80000124_1.\pc_gen_fe_o [176] is used but has no driver.
Warning: Wire bp_fe_pc_gen_56_22_64_9_5_22_32_10_80000124_1.\pc_gen_fe_o [175] is used but has no driver.
Warning: Wire bp_fe_pc_gen_56_22_64_9_5_22_32_10_80000124_1.\pc_gen_fe_o [174] is used but has no driver.
Warning: Wire bp_fe_pc_gen_56_22_64_9_5_22_32_10_80000124_1.\pc_gen_fe_o [173] is used but has no driver.
Warning: Wire bp_fe_pc_gen_56_22_64_9_5_22_32_10_80000124_1.\pc_gen_fe_o [172] is used but has no driver.
Warning: Wire bp_fe_pc_gen_56_22_64_9_5_22_32_10_80000124_1.\pc_gen_fe_o [171] is used but has no driver.
Warning: Wire bp_fe_pc_gen_56_22_64_9_5_22_32_10_80000124_1.\pc_gen_fe_o [170] is used but has no driver.
Warning: Wire bp_fe_pc_gen_56_22_64_9_5_22_32_10_80000124_1.\pc_gen_fe_o [169] is used but has no driver.
Warning: Wire bp_fe_pc_gen_56_22_64_9_5_22_32_10_80000124_1.\pc_gen_fe_o [168] is used but has no driver.
Warning: Wire bp_fe_pc_gen_56_22_64_9_5_22_32_10_80000124_1.\pc_gen_fe_o [167] is used but has no driver.
Warning: Wire bp_fe_pc_gen_56_22_64_9_5_22_32_10_80000124_1.\pc_gen_fe_o [166] is used but has no driver.
Warning: Wire bp_fe_pc_gen_56_22_64_9_5_22_32_10_80000124_1.\pc_gen_fe_o [165] is used but has no driver.
Warning: Wire bp_fe_pc_gen_56_22_64_9_5_22_32_10_80000124_1.\pc_gen_fe_o [164] is used but has no driver.
Warning: Wire bp_fe_pc_gen_56_22_64_9_5_22_32_10_80000124_1.\pc_gen_fe_o [163] is used but has no driver.
Warning: Wire bp_fe_pc_gen_56_22_64_9_5_22_32_10_80000124_1.\pc_gen_fe_o [162] is used but has no driver.
Warning: Wire bp_fe_pc_gen_56_22_64_9_5_22_32_10_80000124_1.\pc_gen_fe_o [161] is used but has no driver.
Warning: Wire bp_fe_pc_gen_56_22_64_9_5_22_32_10_80000124_1.\pc_gen_fe_o [160] is used but has no driver.
Warning: Wire bp_fe_pc_gen_56_22_64_9_5_22_32_10_80000124_1.\pc_gen_fe_o [159] is used but has no driver.
Warning: Wire bp_fe_pc_gen_56_22_64_9_5_22_32_10_80000124_1.\pc_gen_fe_o [158] is used but has no driver.
Warning: Wire bp_fe_pc_gen_56_22_64_9_5_22_32_10_80000124_1.\pc_gen_fe_o [157] is used but has no driver.
Warning: Wire bp_fe_pc_gen_56_22_64_9_5_22_32_10_80000124_1.\pc_gen_fe_o [156] is used but has no driver.
Warning: Wire bp_fe_pc_gen_56_22_64_9_5_22_32_10_80000124_1.\pc_gen_fe_o [155] is used but has no driver.
Warning: Wire bp_fe_pc_gen_56_22_64_9_5_22_32_10_80000124_1.\pc_gen_fe_o [154] is used but has no driver.
Warning: Wire bp_fe_pc_gen_56_22_64_9_5_22_32_10_80000124_1.\pc_gen_fe_o [153] is used but has no driver.
Warning: Wire bp_fe_pc_gen_56_22_64_9_5_22_32_10_80000124_1.\pc_gen_fe_o [152] is used but has no driver.
Warning: Wire bp_fe_pc_gen_56_22_64_9_5_22_32_10_80000124_1.\pc_gen_fe_o [151] is used but has no driver.
Warning: Wire bp_fe_pc_gen_56_22_64_9_5_22_32_10_80000124_1.\pc_gen_fe_o [150] is used but has no driver.
Warning: Wire bp_fe_pc_gen_56_22_64_9_5_22_32_10_80000124_1.\pc_gen_fe_o [149] is used but has no driver.
Warning: Wire bp_fe_pc_gen_56_22_64_9_5_22_32_10_80000124_1.\pc_gen_fe_o [148] is used but has no driver.
Warning: Wire bp_fe_pc_gen_56_22_64_9_5_22_32_10_80000124_1.\pc_gen_fe_o [147] is used but has no driver.
Warning: Wire bp_fe_pc_gen_56_22_64_9_5_22_32_10_80000124_1.\pc_gen_fe_o [146] is used but has no driver.
Warning: Wire bp_fe_pc_gen_56_22_64_9_5_22_32_10_80000124_1.\pc_gen_fe_o [145] is used but has no driver.
Warning: Wire bp_fe_pc_gen_56_22_64_9_5_22_32_10_80000124_1.\pc_gen_fe_o [144] is used but has no driver.
Warning: Wire bp_fe_pc_gen_56_22_64_9_5_22_32_10_80000124_1.\pc_gen_fe_o [143] is used but has no driver.
Warning: Wire bp_fe_pc_gen_56_22_64_9_5_22_32_10_80000124_1.\pc_gen_fe_o [142] is used but has no driver.
Warning: Wire bp_fe_pc_gen_56_22_64_9_5_22_32_10_80000124_1.\pc_gen_fe_o [141] is used but has no driver.
Warning: Wire bp_fe_pc_gen_56_22_64_9_5_22_32_10_80000124_1.\pc_gen_fe_o [140] is used but has no driver.
Warning: Wire bp_fe_pc_gen_56_22_64_9_5_22_32_10_80000124_1.\pc_gen_fe_o [139] is used but has no driver.
Warning: Wire bp_fe_pc_gen_56_22_64_9_5_22_32_10_80000124_1.\pc_gen_fe_o [138] is used but has no driver.
Warning: Wire bp_fe_pc_gen_56_22_64_9_5_22_32_10_80000124_1.\pc_gen_fe_o [137] is used but has no driver.
Warning: Wire bp_fe_pc_gen_56_22_64_9_5_22_32_10_80000124_1.\pc_gen_fe_o [136] is used but has no driver.
Warning: Wire bp_fe_pc_gen_56_22_64_9_5_22_32_10_80000124_1.\pc_gen_fe_o [135] is used but has no driver.
Warning: Wire bp_fe_pc_gen_56_22_64_9_5_22_32_10_80000124_1.\pc_gen_fe_o [134] is used but has no driver.
Warning: Wire bp_fe_pc_gen_56_22_64_9_5_22_32_10_80000124_1.\pc_gen_fe_o [133] is used but has no driver.
Warning: Wire itlb_vaddr_width_p56_paddr_width_p22_eaddr_width_p64_btb_indx_width_p9_bht_indx_width_p5_ras_addr_width_p22_asid_width_p10_ppn_start_bit_p12_tag_width_p10.\itlb_fe_o [133] is used but has no driver.
Warning: Wire itlb_vaddr_width_p56_paddr_width_p22_eaddr_width_p64_btb_indx_width_p9_bht_indx_width_p5_ras_addr_width_p22_asid_width_p10_ppn_start_bit_p12_tag_width_p10.\itlb_fe_o [132] is used but has no driver.
Warning: Wire itlb_vaddr_width_p56_paddr_width_p22_eaddr_width_p64_btb_indx_width_p9_bht_indx_width_p5_ras_addr_width_p22_asid_width_p10_ppn_start_bit_p12_tag_width_p10.\itlb_fe_o [131] is used but has no driver.
Warning: Wire itlb_vaddr_width_p56_paddr_width_p22_eaddr_width_p64_btb_indx_width_p9_bht_indx_width_p5_ras_addr_width_p22_asid_width_p10_ppn_start_bit_p12_tag_width_p10.\itlb_fe_o [130] is used but has no driver.
Warning: Wire itlb_vaddr_width_p56_paddr_width_p22_eaddr_width_p64_btb_indx_width_p9_bht_indx_width_p5_ras_addr_width_p22_asid_width_p10_ppn_start_bit_p12_tag_width_p10.\itlb_fe_o [129] is used but has no driver.
Warning: Wire itlb_vaddr_width_p56_paddr_width_p22_eaddr_width_p64_btb_indx_width_p9_bht_indx_width_p5_ras_addr_width_p22_asid_width_p10_ppn_start_bit_p12_tag_width_p10.\itlb_fe_o [128] is used but has no driver.
Warning: Wire itlb_vaddr_width_p56_paddr_width_p22_eaddr_width_p64_btb_indx_width_p9_bht_indx_width_p5_ras_addr_width_p22_asid_width_p10_ppn_start_bit_p12_tag_width_p10.\itlb_fe_o [127] is used but has no driver.
Warning: Wire itlb_vaddr_width_p56_paddr_width_p22_eaddr_width_p64_btb_indx_width_p9_bht_indx_width_p5_ras_addr_width_p22_asid_width_p10_ppn_start_bit_p12_tag_width_p10.\itlb_fe_o [126] is used but has no driver.
Warning: Wire itlb_vaddr_width_p56_paddr_width_p22_eaddr_width_p64_btb_indx_width_p9_bht_indx_width_p5_ras_addr_width_p22_asid_width_p10_ppn_start_bit_p12_tag_width_p10.\itlb_fe_o [125] is used but has no driver.
Warning: Wire itlb_vaddr_width_p56_paddr_width_p22_eaddr_width_p64_btb_indx_width_p9_bht_indx_width_p5_ras_addr_width_p22_asid_width_p10_ppn_start_bit_p12_tag_width_p10.\itlb_fe_o [124] is used but has no driver.
Warning: Wire itlb_vaddr_width_p56_paddr_width_p22_eaddr_width_p64_btb_indx_width_p9_bht_indx_width_p5_ras_addr_width_p22_asid_width_p10_ppn_start_bit_p12_tag_width_p10.\itlb_fe_o [123] is used but has no driver.
Warning: Wire itlb_vaddr_width_p56_paddr_width_p22_eaddr_width_p64_btb_indx_width_p9_bht_indx_width_p5_ras_addr_width_p22_asid_width_p10_ppn_start_bit_p12_tag_width_p10.\itlb_fe_o [122] is used but has no driver.
Warning: Wire itlb_vaddr_width_p56_paddr_width_p22_eaddr_width_p64_btb_indx_width_p9_bht_indx_width_p5_ras_addr_width_p22_asid_width_p10_ppn_start_bit_p12_tag_width_p10.\itlb_fe_o [121] is used but has no driver.
Warning: Wire itlb_vaddr_width_p56_paddr_width_p22_eaddr_width_p64_btb_indx_width_p9_bht_indx_width_p5_ras_addr_width_p22_asid_width_p10_ppn_start_bit_p12_tag_width_p10.\itlb_fe_o [120] is used but has no driver.
Warning: Wire itlb_vaddr_width_p56_paddr_width_p22_eaddr_width_p64_btb_indx_width_p9_bht_indx_width_p5_ras_addr_width_p22_asid_width_p10_ppn_start_bit_p12_tag_width_p10.\itlb_fe_o [119] is used but has no driver.
Warning: Wire itlb_vaddr_width_p56_paddr_width_p22_eaddr_width_p64_btb_indx_width_p9_bht_indx_width_p5_ras_addr_width_p22_asid_width_p10_ppn_start_bit_p12_tag_width_p10.\itlb_fe_o [118] is used but has no driver.
Warning: Wire itlb_vaddr_width_p56_paddr_width_p22_eaddr_width_p64_btb_indx_width_p9_bht_indx_width_p5_ras_addr_width_p22_asid_width_p10_ppn_start_bit_p12_tag_width_p10.\itlb_fe_o [117] is used but has no driver.
Warning: Wire itlb_vaddr_width_p56_paddr_width_p22_eaddr_width_p64_btb_indx_width_p9_bht_indx_width_p5_ras_addr_width_p22_asid_width_p10_ppn_start_bit_p12_tag_width_p10.\itlb_fe_o [116] is used but has no driver.
Warning: Wire itlb_vaddr_width_p56_paddr_width_p22_eaddr_width_p64_btb_indx_width_p9_bht_indx_width_p5_ras_addr_width_p22_asid_width_p10_ppn_start_bit_p12_tag_width_p10.\itlb_fe_o [115] is used but has no driver.
Warning: Wire itlb_vaddr_width_p56_paddr_width_p22_eaddr_width_p64_btb_indx_width_p9_bht_indx_width_p5_ras_addr_width_p22_asid_width_p10_ppn_start_bit_p12_tag_width_p10.\itlb_fe_o [114] is used but has no driver.
Warning: Wire itlb_vaddr_width_p56_paddr_width_p22_eaddr_width_p64_btb_indx_width_p9_bht_indx_width_p5_ras_addr_width_p22_asid_width_p10_ppn_start_bit_p12_tag_width_p10.\itlb_fe_o [113] is used but has no driver.
Warning: Wire itlb_vaddr_width_p56_paddr_width_p22_eaddr_width_p64_btb_indx_width_p9_bht_indx_width_p5_ras_addr_width_p22_asid_width_p10_ppn_start_bit_p12_tag_width_p10.\itlb_fe_o [112] is used but has no driver.
Warning: Wire itlb_vaddr_width_p56_paddr_width_p22_eaddr_width_p64_btb_indx_width_p9_bht_indx_width_p5_ras_addr_width_p22_asid_width_p10_ppn_start_bit_p12_tag_width_p10.\itlb_fe_o [111] is used but has no driver.
Warning: Wire itlb_vaddr_width_p56_paddr_width_p22_eaddr_width_p64_btb_indx_width_p9_bht_indx_width_p5_ras_addr_width_p22_asid_width_p10_ppn_start_bit_p12_tag_width_p10.\itlb_fe_o [110] is used but has no driver.
Warning: Wire itlb_vaddr_width_p56_paddr_width_p22_eaddr_width_p64_btb_indx_width_p9_bht_indx_width_p5_ras_addr_width_p22_asid_width_p10_ppn_start_bit_p12_tag_width_p10.\itlb_fe_o [109] is used but has no driver.
Warning: Wire itlb_vaddr_width_p56_paddr_width_p22_eaddr_width_p64_btb_indx_width_p9_bht_indx_width_p5_ras_addr_width_p22_asid_width_p10_ppn_start_bit_p12_tag_width_p10.\itlb_fe_o [108] is used but has no driver.
Warning: Wire itlb_vaddr_width_p56_paddr_width_p22_eaddr_width_p64_btb_indx_width_p9_bht_indx_width_p5_ras_addr_width_p22_asid_width_p10_ppn_start_bit_p12_tag_width_p10.\itlb_fe_o [107] is used but has no driver.
Warning: Wire itlb_vaddr_width_p56_paddr_width_p22_eaddr_width_p64_btb_indx_width_p9_bht_indx_width_p5_ras_addr_width_p22_asid_width_p10_ppn_start_bit_p12_tag_width_p10.\itlb_fe_o [106] is used but has no driver.
Warning: Wire itlb_vaddr_width_p56_paddr_width_p22_eaddr_width_p64_btb_indx_width_p9_bht_indx_width_p5_ras_addr_width_p22_asid_width_p10_ppn_start_bit_p12_tag_width_p10.\itlb_fe_o [105] is used but has no driver.
Warning: Wire itlb_vaddr_width_p56_paddr_width_p22_eaddr_width_p64_btb_indx_width_p9_bht_indx_width_p5_ras_addr_width_p22_asid_width_p10_ppn_start_bit_p12_tag_width_p10.\itlb_fe_o [104] is used but has no driver.
Warning: Wire itlb_vaddr_width_p56_paddr_width_p22_eaddr_width_p64_btb_indx_width_p9_bht_indx_width_p5_ras_addr_width_p22_asid_width_p10_ppn_start_bit_p12_tag_width_p10.\itlb_fe_o [103] is used but has no driver.
Warning: Wire itlb_vaddr_width_p56_paddr_width_p22_eaddr_width_p64_btb_indx_width_p9_bht_indx_width_p5_ras_addr_width_p22_asid_width_p10_ppn_start_bit_p12_tag_width_p10.\itlb_fe_o [102] is used but has no driver.
Warning: Wire itlb_vaddr_width_p56_paddr_width_p22_eaddr_width_p64_btb_indx_width_p9_bht_indx_width_p5_ras_addr_width_p22_asid_width_p10_ppn_start_bit_p12_tag_width_p10.\itlb_fe_o [101] is used but has no driver.
Warning: Wire itlb_vaddr_width_p56_paddr_width_p22_eaddr_width_p64_btb_indx_width_p9_bht_indx_width_p5_ras_addr_width_p22_asid_width_p10_ppn_start_bit_p12_tag_width_p10.\itlb_fe_o [100] is used but has no driver.
Warning: Wire itlb_vaddr_width_p56_paddr_width_p22_eaddr_width_p64_btb_indx_width_p9_bht_indx_width_p5_ras_addr_width_p22_asid_width_p10_ppn_start_bit_p12_tag_width_p10.\itlb_fe_o [99] is used but has no driver.
Warning: Wire itlb_vaddr_width_p56_paddr_width_p22_eaddr_width_p64_btb_indx_width_p9_bht_indx_width_p5_ras_addr_width_p22_asid_width_p10_ppn_start_bit_p12_tag_width_p10.\itlb_fe_o [98] is used but has no driver.
Warning: Wire itlb_vaddr_width_p56_paddr_width_p22_eaddr_width_p64_btb_indx_width_p9_bht_indx_width_p5_ras_addr_width_p22_asid_width_p10_ppn_start_bit_p12_tag_width_p10.\itlb_fe_o [97] is used but has no driver.
Warning: Wire itlb_vaddr_width_p56_paddr_width_p22_eaddr_width_p64_btb_indx_width_p9_bht_indx_width_p5_ras_addr_width_p22_asid_width_p10_ppn_start_bit_p12_tag_width_p10.\itlb_fe_o [96] is used but has no driver.
Warning: Wire itlb_vaddr_width_p56_paddr_width_p22_eaddr_width_p64_btb_indx_width_p9_bht_indx_width_p5_ras_addr_width_p22_asid_width_p10_ppn_start_bit_p12_tag_width_p10.\itlb_fe_o [95] is used but has no driver.
Warning: Wire itlb_vaddr_width_p56_paddr_width_p22_eaddr_width_p64_btb_indx_width_p9_bht_indx_width_p5_ras_addr_width_p22_asid_width_p10_ppn_start_bit_p12_tag_width_p10.\itlb_fe_o [94] is used but has no driver.
Warning: Wire itlb_vaddr_width_p56_paddr_width_p22_eaddr_width_p64_btb_indx_width_p9_bht_indx_width_p5_ras_addr_width_p22_asid_width_p10_ppn_start_bit_p12_tag_width_p10.\itlb_fe_o [93] is used but has no driver.
Warning: Wire itlb_vaddr_width_p56_paddr_width_p22_eaddr_width_p64_btb_indx_width_p9_bht_indx_width_p5_ras_addr_width_p22_asid_width_p10_ppn_start_bit_p12_tag_width_p10.\itlb_fe_o [92] is used but has no driver.
Warning: Wire itlb_vaddr_width_p56_paddr_width_p22_eaddr_width_p64_btb_indx_width_p9_bht_indx_width_p5_ras_addr_width_p22_asid_width_p10_ppn_start_bit_p12_tag_width_p10.\itlb_fe_o [91] is used but has no driver.
Warning: Wire itlb_vaddr_width_p56_paddr_width_p22_eaddr_width_p64_btb_indx_width_p9_bht_indx_width_p5_ras_addr_width_p22_asid_width_p10_ppn_start_bit_p12_tag_width_p10.\itlb_fe_o [90] is used but has no driver.
Warning: Wire itlb_vaddr_width_p56_paddr_width_p22_eaddr_width_p64_btb_indx_width_p9_bht_indx_width_p5_ras_addr_width_p22_asid_width_p10_ppn_start_bit_p12_tag_width_p10.\itlb_fe_o [89] is used but has no driver.
Warning: Wire itlb_vaddr_width_p56_paddr_width_p22_eaddr_width_p64_btb_indx_width_p9_bht_indx_width_p5_ras_addr_width_p22_asid_width_p10_ppn_start_bit_p12_tag_width_p10.\itlb_fe_o [88] is used but has no driver.
Warning: Wire itlb_vaddr_width_p56_paddr_width_p22_eaddr_width_p64_btb_indx_width_p9_bht_indx_width_p5_ras_addr_width_p22_asid_width_p10_ppn_start_bit_p12_tag_width_p10.\itlb_fe_o [87] is used but has no driver.
Warning: Wire itlb_vaddr_width_p56_paddr_width_p22_eaddr_width_p64_btb_indx_width_p9_bht_indx_width_p5_ras_addr_width_p22_asid_width_p10_ppn_start_bit_p12_tag_width_p10.\itlb_fe_o [86] is used but has no driver.
Warning: Wire itlb_vaddr_width_p56_paddr_width_p22_eaddr_width_p64_btb_indx_width_p9_bht_indx_width_p5_ras_addr_width_p22_asid_width_p10_ppn_start_bit_p12_tag_width_p10.\itlb_fe_o [85] is used but has no driver.
Warning: Wire itlb_vaddr_width_p56_paddr_width_p22_eaddr_width_p64_btb_indx_width_p9_bht_indx_width_p5_ras_addr_width_p22_asid_width_p10_ppn_start_bit_p12_tag_width_p10.\itlb_fe_o [84] is used but has no driver.
Warning: Wire itlb_vaddr_width_p56_paddr_width_p22_eaddr_width_p64_btb_indx_width_p9_bht_indx_width_p5_ras_addr_width_p22_asid_width_p10_ppn_start_bit_p12_tag_width_p10.\itlb_fe_o [83] is used but has no driver.
Warning: Wire itlb_vaddr_width_p56_paddr_width_p22_eaddr_width_p64_btb_indx_width_p9_bht_indx_width_p5_ras_addr_width_p22_asid_width_p10_ppn_start_bit_p12_tag_width_p10.\itlb_fe_o [82] is used but has no driver.
Warning: Wire itlb_vaddr_width_p56_paddr_width_p22_eaddr_width_p64_btb_indx_width_p9_bht_indx_width_p5_ras_addr_width_p22_asid_width_p10_ppn_start_bit_p12_tag_width_p10.\itlb_fe_o [81] is used but has no driver.
Warning: Wire itlb_vaddr_width_p56_paddr_width_p22_eaddr_width_p64_btb_indx_width_p9_bht_indx_width_p5_ras_addr_width_p22_asid_width_p10_ppn_start_bit_p12_tag_width_p10.\itlb_fe_o [80] is used but has no driver.
Warning: Wire itlb_vaddr_width_p56_paddr_width_p22_eaddr_width_p64_btb_indx_width_p9_bht_indx_width_p5_ras_addr_width_p22_asid_width_p10_ppn_start_bit_p12_tag_width_p10.\itlb_fe_o [79] is used but has no driver.
Warning: Wire itlb_vaddr_width_p56_paddr_width_p22_eaddr_width_p64_btb_indx_width_p9_bht_indx_width_p5_ras_addr_width_p22_asid_width_p10_ppn_start_bit_p12_tag_width_p10.\itlb_fe_o [78] is used but has no driver.
Warning: Wire itlb_vaddr_width_p56_paddr_width_p22_eaddr_width_p64_btb_indx_width_p9_bht_indx_width_p5_ras_addr_width_p22_asid_width_p10_ppn_start_bit_p12_tag_width_p10.\itlb_fe_o [77] is used but has no driver.
Warning: Wire itlb_vaddr_width_p56_paddr_width_p22_eaddr_width_p64_btb_indx_width_p9_bht_indx_width_p5_ras_addr_width_p22_asid_width_p10_ppn_start_bit_p12_tag_width_p10.\itlb_fe_o [76] is used but has no driver.
Warning: Wire itlb_vaddr_width_p56_paddr_width_p22_eaddr_width_p64_btb_indx_width_p9_bht_indx_width_p5_ras_addr_width_p22_asid_width_p10_ppn_start_bit_p12_tag_width_p10.\itlb_fe_o [75] is used but has no driver.
Warning: Wire itlb_vaddr_width_p56_paddr_width_p22_eaddr_width_p64_btb_indx_width_p9_bht_indx_width_p5_ras_addr_width_p22_asid_width_p10_ppn_start_bit_p12_tag_width_p10.\itlb_fe_o [74] is used but has no driver.
Warning: Wire itlb_vaddr_width_p56_paddr_width_p22_eaddr_width_p64_btb_indx_width_p9_bht_indx_width_p5_ras_addr_width_p22_asid_width_p10_ppn_start_bit_p12_tag_width_p10.\itlb_fe_o [73] is used but has no driver.
Warning: Wire itlb_vaddr_width_p56_paddr_width_p22_eaddr_width_p64_btb_indx_width_p9_bht_indx_width_p5_ras_addr_width_p22_asid_width_p10_ppn_start_bit_p12_tag_width_p10.\itlb_fe_o [72] is used but has no driver.
Warning: Wire itlb_vaddr_width_p56_paddr_width_p22_eaddr_width_p64_btb_indx_width_p9_bht_indx_width_p5_ras_addr_width_p22_asid_width_p10_ppn_start_bit_p12_tag_width_p10.\itlb_fe_o [71] is used but has no driver.
Warning: Wire itlb_vaddr_width_p56_paddr_width_p22_eaddr_width_p64_btb_indx_width_p9_bht_indx_width_p5_ras_addr_width_p22_asid_width_p10_ppn_start_bit_p12_tag_width_p10.\itlb_fe_o [70] is used but has no driver.
Warning: Wire itlb_vaddr_width_p56_paddr_width_p22_eaddr_width_p64_btb_indx_width_p9_bht_indx_width_p5_ras_addr_width_p22_asid_width_p10_ppn_start_bit_p12_tag_width_p10.\itlb_fe_o [69] is used but has no driver.
Warning: Wire itlb_vaddr_width_p56_paddr_width_p22_eaddr_width_p64_btb_indx_width_p9_bht_indx_width_p5_ras_addr_width_p22_asid_width_p10_ppn_start_bit_p12_tag_width_p10.\itlb_fe_o [68] is used but has no driver.
Warning: Wire itlb_vaddr_width_p56_paddr_width_p22_eaddr_width_p64_btb_indx_width_p9_bht_indx_width_p5_ras_addr_width_p22_asid_width_p10_ppn_start_bit_p12_tag_width_p10.\itlb_fe_o [67] is used but has no driver.
Warning: Wire itlb_vaddr_width_p56_paddr_width_p22_eaddr_width_p64_btb_indx_width_p9_bht_indx_width_p5_ras_addr_width_p22_asid_width_p10_ppn_start_bit_p12_tag_width_p10.\itlb_fe_o [66] is used but has no driver.
Warning: Wire itlb_vaddr_width_p56_paddr_width_p22_eaddr_width_p64_btb_indx_width_p9_bht_indx_width_p5_ras_addr_width_p22_asid_width_p10_ppn_start_bit_p12_tag_width_p10.\itlb_fe_o [65] is used but has no driver.
Warning: Wire itlb_vaddr_width_p56_paddr_width_p22_eaddr_width_p64_btb_indx_width_p9_bht_indx_width_p5_ras_addr_width_p22_asid_width_p10_ppn_start_bit_p12_tag_width_p10.\itlb_fe_o [64] is used but has no driver.
Warning: Wire itlb_vaddr_width_p56_paddr_width_p22_eaddr_width_p64_btb_indx_width_p9_bht_indx_width_p5_ras_addr_width_p22_asid_width_p10_ppn_start_bit_p12_tag_width_p10.\itlb_fe_o [63] is used but has no driver.
Warning: Wire itlb_vaddr_width_p56_paddr_width_p22_eaddr_width_p64_btb_indx_width_p9_bht_indx_width_p5_ras_addr_width_p22_asid_width_p10_ppn_start_bit_p12_tag_width_p10.\itlb_fe_o [62] is used but has no driver.
Warning: Wire itlb_vaddr_width_p56_paddr_width_p22_eaddr_width_p64_btb_indx_width_p9_bht_indx_width_p5_ras_addr_width_p22_asid_width_p10_ppn_start_bit_p12_tag_width_p10.\itlb_fe_o [61] is used but has no driver.
Warning: Wire itlb_vaddr_width_p56_paddr_width_p22_eaddr_width_p64_btb_indx_width_p9_bht_indx_width_p5_ras_addr_width_p22_asid_width_p10_ppn_start_bit_p12_tag_width_p10.\itlb_fe_o [60] is used but has no driver.
Warning: Wire itlb_vaddr_width_p56_paddr_width_p22_eaddr_width_p64_btb_indx_width_p9_bht_indx_width_p5_ras_addr_width_p22_asid_width_p10_ppn_start_bit_p12_tag_width_p10.\itlb_fe_o [59] is used but has no driver.
Warning: Wire itlb_vaddr_width_p56_paddr_width_p22_eaddr_width_p64_btb_indx_width_p9_bht_indx_width_p5_ras_addr_width_p22_asid_width_p10_ppn_start_bit_p12_tag_width_p10.\itlb_fe_o [58] is used but has no driver.
Warning: Wire itlb_vaddr_width_p56_paddr_width_p22_eaddr_width_p64_btb_indx_width_p9_bht_indx_width_p5_ras_addr_width_p22_asid_width_p10_ppn_start_bit_p12_tag_width_p10.\itlb_fe_o [57] is used but has no driver.
Warning: Wire itlb_vaddr_width_p56_paddr_width_p22_eaddr_width_p64_btb_indx_width_p9_bht_indx_width_p5_ras_addr_width_p22_asid_width_p10_ppn_start_bit_p12_tag_width_p10.\itlb_fe_o [56] is used but has no driver.
Warning: Wire itlb_vaddr_width_p56_paddr_width_p22_eaddr_width_p64_btb_indx_width_p9_bht_indx_width_p5_ras_addr_width_p22_asid_width_p10_ppn_start_bit_p12_tag_width_p10.\itlb_fe_o [55] is used but has no driver.
Warning: Wire itlb_vaddr_width_p56_paddr_width_p22_eaddr_width_p64_btb_indx_width_p9_bht_indx_width_p5_ras_addr_width_p22_asid_width_p10_ppn_start_bit_p12_tag_width_p10.\itlb_fe_o [54] is used but has no driver.
Warning: Wire itlb_vaddr_width_p56_paddr_width_p22_eaddr_width_p64_btb_indx_width_p9_bht_indx_width_p5_ras_addr_width_p22_asid_width_p10_ppn_start_bit_p12_tag_width_p10.\itlb_fe_o [53] is used but has no driver.
Warning: Wire itlb_vaddr_width_p56_paddr_width_p22_eaddr_width_p64_btb_indx_width_p9_bht_indx_width_p5_ras_addr_width_p22_asid_width_p10_ppn_start_bit_p12_tag_width_p10.\itlb_fe_o [52] is used but has no driver.
Warning: Wire itlb_vaddr_width_p56_paddr_width_p22_eaddr_width_p64_btb_indx_width_p9_bht_indx_width_p5_ras_addr_width_p22_asid_width_p10_ppn_start_bit_p12_tag_width_p10.\itlb_fe_o [51] is used but has no driver.
Warning: Wire itlb_vaddr_width_p56_paddr_width_p22_eaddr_width_p64_btb_indx_width_p9_bht_indx_width_p5_ras_addr_width_p22_asid_width_p10_ppn_start_bit_p12_tag_width_p10.\itlb_fe_o [50] is used but has no driver.
Warning: Wire itlb_vaddr_width_p56_paddr_width_p22_eaddr_width_p64_btb_indx_width_p9_bht_indx_width_p5_ras_addr_width_p22_asid_width_p10_ppn_start_bit_p12_tag_width_p10.\itlb_fe_o [49] is used but has no driver.
Warning: Wire itlb_vaddr_width_p56_paddr_width_p22_eaddr_width_p64_btb_indx_width_p9_bht_indx_width_p5_ras_addr_width_p22_asid_width_p10_ppn_start_bit_p12_tag_width_p10.\itlb_fe_o [48] is used but has no driver.
Warning: Wire itlb_vaddr_width_p56_paddr_width_p22_eaddr_width_p64_btb_indx_width_p9_bht_indx_width_p5_ras_addr_width_p22_asid_width_p10_ppn_start_bit_p12_tag_width_p10.\itlb_fe_o [47] is used but has no driver.
Warning: Wire itlb_vaddr_width_p56_paddr_width_p22_eaddr_width_p64_btb_indx_width_p9_bht_indx_width_p5_ras_addr_width_p22_asid_width_p10_ppn_start_bit_p12_tag_width_p10.\itlb_fe_o [46] is used but has no driver.
Warning: Wire itlb_vaddr_width_p56_paddr_width_p22_eaddr_width_p64_btb_indx_width_p9_bht_indx_width_p5_ras_addr_width_p22_asid_width_p10_ppn_start_bit_p12_tag_width_p10.\itlb_fe_o [45] is used but has no driver.
Warning: Wire itlb_vaddr_width_p56_paddr_width_p22_eaddr_width_p64_btb_indx_width_p9_bht_indx_width_p5_ras_addr_width_p22_asid_width_p10_ppn_start_bit_p12_tag_width_p10.\itlb_fe_o [44] is used but has no driver.
Warning: Wire itlb_vaddr_width_p56_paddr_width_p22_eaddr_width_p64_btb_indx_width_p9_bht_indx_width_p5_ras_addr_width_p22_asid_width_p10_ppn_start_bit_p12_tag_width_p10.\itlb_fe_o [43] is used but has no driver.
Warning: Wire itlb_vaddr_width_p56_paddr_width_p22_eaddr_width_p64_btb_indx_width_p9_bht_indx_width_p5_ras_addr_width_p22_asid_width_p10_ppn_start_bit_p12_tag_width_p10.\itlb_fe_o [42] is used but has no driver.
Warning: Wire itlb_vaddr_width_p56_paddr_width_p22_eaddr_width_p64_btb_indx_width_p9_bht_indx_width_p5_ras_addr_width_p22_asid_width_p10_ppn_start_bit_p12_tag_width_p10.\itlb_fe_o [41] is used but has no driver.
Warning: Wire itlb_vaddr_width_p56_paddr_width_p22_eaddr_width_p64_btb_indx_width_p9_bht_indx_width_p5_ras_addr_width_p22_asid_width_p10_ppn_start_bit_p12_tag_width_p10.\itlb_fe_o [40] is used but has no driver.
Warning: Wire itlb_vaddr_width_p56_paddr_width_p22_eaddr_width_p64_btb_indx_width_p9_bht_indx_width_p5_ras_addr_width_p22_asid_width_p10_ppn_start_bit_p12_tag_width_p10.\itlb_fe_o [39] is used but has no driver.
Warning: Wire itlb_vaddr_width_p56_paddr_width_p22_eaddr_width_p64_btb_indx_width_p9_bht_indx_width_p5_ras_addr_width_p22_asid_width_p10_ppn_start_bit_p12_tag_width_p10.\itlb_fe_o [38] is used but has no driver.
Warning: Wire itlb_vaddr_width_p56_paddr_width_p22_eaddr_width_p64_btb_indx_width_p9_bht_indx_width_p5_ras_addr_width_p22_asid_width_p10_ppn_start_bit_p12_tag_width_p10.\itlb_fe_o [37] is used but has no driver.
Warning: Wire itlb_vaddr_width_p56_paddr_width_p22_eaddr_width_p64_btb_indx_width_p9_bht_indx_width_p5_ras_addr_width_p22_asid_width_p10_ppn_start_bit_p12_tag_width_p10.\itlb_fe_o [36] is used but has no driver.
Warning: Wire itlb_vaddr_width_p56_paddr_width_p22_eaddr_width_p64_btb_indx_width_p9_bht_indx_width_p5_ras_addr_width_p22_asid_width_p10_ppn_start_bit_p12_tag_width_p10.\itlb_fe_o [35] is used but has no driver.
Warning: Wire itlb_vaddr_width_p56_paddr_width_p22_eaddr_width_p64_btb_indx_width_p9_bht_indx_width_p5_ras_addr_width_p22_asid_width_p10_ppn_start_bit_p12_tag_width_p10.\itlb_fe_o [34] is used but has no driver.
Warning: Wire itlb_vaddr_width_p56_paddr_width_p22_eaddr_width_p64_btb_indx_width_p9_bht_indx_width_p5_ras_addr_width_p22_asid_width_p10_ppn_start_bit_p12_tag_width_p10.\itlb_fe_o [33] is used but has no driver.
Warning: Wire itlb_vaddr_width_p56_paddr_width_p22_eaddr_width_p64_btb_indx_width_p9_bht_indx_width_p5_ras_addr_width_p22_asid_width_p10_ppn_start_bit_p12_tag_width_p10.\itlb_fe_o [32] is used but has no driver.
Warning: Wire itlb_vaddr_width_p56_paddr_width_p22_eaddr_width_p64_btb_indx_width_p9_bht_indx_width_p5_ras_addr_width_p22_asid_width_p10_ppn_start_bit_p12_tag_width_p10.\itlb_fe_o [31] is used but has no driver.
Warning: Wire itlb_vaddr_width_p56_paddr_width_p22_eaddr_width_p64_btb_indx_width_p9_bht_indx_width_p5_ras_addr_width_p22_asid_width_p10_ppn_start_bit_p12_tag_width_p10.\itlb_fe_o [30] is used but has no driver.
Warning: Wire itlb_vaddr_width_p56_paddr_width_p22_eaddr_width_p64_btb_indx_width_p9_bht_indx_width_p5_ras_addr_width_p22_asid_width_p10_ppn_start_bit_p12_tag_width_p10.\itlb_fe_o [29] is used but has no driver.
Warning: Wire itlb_vaddr_width_p56_paddr_width_p22_eaddr_width_p64_btb_indx_width_p9_bht_indx_width_p5_ras_addr_width_p22_asid_width_p10_ppn_start_bit_p12_tag_width_p10.\itlb_fe_o [28] is used but has no driver.
Warning: Wire itlb_vaddr_width_p56_paddr_width_p22_eaddr_width_p64_btb_indx_width_p9_bht_indx_width_p5_ras_addr_width_p22_asid_width_p10_ppn_start_bit_p12_tag_width_p10.\itlb_fe_o [27] is used but has no driver.
Warning: Wire itlb_vaddr_width_p56_paddr_width_p22_eaddr_width_p64_btb_indx_width_p9_bht_indx_width_p5_ras_addr_width_p22_asid_width_p10_ppn_start_bit_p12_tag_width_p10.\itlb_fe_o [26] is used but has no driver.
Warning: Wire itlb_vaddr_width_p56_paddr_width_p22_eaddr_width_p64_btb_indx_width_p9_bht_indx_width_p5_ras_addr_width_p22_asid_width_p10_ppn_start_bit_p12_tag_width_p10.\itlb_fe_o [25] is used but has no driver.
Warning: Wire itlb_vaddr_width_p56_paddr_width_p22_eaddr_width_p64_btb_indx_width_p9_bht_indx_width_p5_ras_addr_width_p22_asid_width_p10_ppn_start_bit_p12_tag_width_p10.\itlb_fe_o [24] is used but has no driver.
Warning: Wire itlb_vaddr_width_p56_paddr_width_p22_eaddr_width_p64_btb_indx_width_p9_bht_indx_width_p5_ras_addr_width_p22_asid_width_p10_ppn_start_bit_p12_tag_width_p10.\itlb_fe_o [23] is used but has no driver.
Warning: Wire itlb_vaddr_width_p56_paddr_width_p22_eaddr_width_p64_btb_indx_width_p9_bht_indx_width_p5_ras_addr_width_p22_asid_width_p10_ppn_start_bit_p12_tag_width_p10.\itlb_fe_o [22] is used but has no driver.
Warning: Wire itlb_vaddr_width_p56_paddr_width_p22_eaddr_width_p64_btb_indx_width_p9_bht_indx_width_p5_ras_addr_width_p22_asid_width_p10_ppn_start_bit_p12_tag_width_p10.\itlb_fe_o [21] is used but has no driver.
Warning: Wire itlb_vaddr_width_p56_paddr_width_p22_eaddr_width_p64_btb_indx_width_p9_bht_indx_width_p5_ras_addr_width_p22_asid_width_p10_ppn_start_bit_p12_tag_width_p10.\itlb_fe_o [20] is used but has no driver.
Warning: Wire itlb_vaddr_width_p56_paddr_width_p22_eaddr_width_p64_btb_indx_width_p9_bht_indx_width_p5_ras_addr_width_p22_asid_width_p10_ppn_start_bit_p12_tag_width_p10.\itlb_fe_o [19] is used but has no driver.
Warning: Wire itlb_vaddr_width_p56_paddr_width_p22_eaddr_width_p64_btb_indx_width_p9_bht_indx_width_p5_ras_addr_width_p22_asid_width_p10_ppn_start_bit_p12_tag_width_p10.\itlb_fe_o [18] is used but has no driver.
Warning: Wire itlb_vaddr_width_p56_paddr_width_p22_eaddr_width_p64_btb_indx_width_p9_bht_indx_width_p5_ras_addr_width_p22_asid_width_p10_ppn_start_bit_p12_tag_width_p10.\itlb_fe_o [17] is used but has no driver.
Warning: Wire itlb_vaddr_width_p56_paddr_width_p22_eaddr_width_p64_btb_indx_width_p9_bht_indx_width_p5_ras_addr_width_p22_asid_width_p10_ppn_start_bit_p12_tag_width_p10.\itlb_fe_o [16] is used but has no driver.
Warning: Wire itlb_vaddr_width_p56_paddr_width_p22_eaddr_width_p64_btb_indx_width_p9_bht_indx_width_p5_ras_addr_width_p22_asid_width_p10_ppn_start_bit_p12_tag_width_p10.\itlb_fe_o [15] is used but has no driver.
Warning: Wire itlb_vaddr_width_p56_paddr_width_p22_eaddr_width_p64_btb_indx_width_p9_bht_indx_width_p5_ras_addr_width_p22_asid_width_p10_ppn_start_bit_p12_tag_width_p10.\itlb_fe_o [14] is used but has no driver.
Warning: Wire itlb_vaddr_width_p56_paddr_width_p22_eaddr_width_p64_btb_indx_width_p9_bht_indx_width_p5_ras_addr_width_p22_asid_width_p10_ppn_start_bit_p12_tag_width_p10.\itlb_fe_o [13] is used but has no driver.
Warning: Wire itlb_vaddr_width_p56_paddr_width_p22_eaddr_width_p64_btb_indx_width_p9_bht_indx_width_p5_ras_addr_width_p22_asid_width_p10_ppn_start_bit_p12_tag_width_p10.\itlb_fe_o [12] is used but has no driver.
Warning: Wire itlb_vaddr_width_p56_paddr_width_p22_eaddr_width_p64_btb_indx_width_p9_bht_indx_width_p5_ras_addr_width_p22_asid_width_p10_ppn_start_bit_p12_tag_width_p10.\itlb_fe_o [11] is used but has no driver.
Warning: Wire itlb_vaddr_width_p56_paddr_width_p22_eaddr_width_p64_btb_indx_width_p9_bht_indx_width_p5_ras_addr_width_p22_asid_width_p10_ppn_start_bit_p12_tag_width_p10.\itlb_fe_o [10] is used but has no driver.
Warning: Wire itlb_vaddr_width_p56_paddr_width_p22_eaddr_width_p64_btb_indx_width_p9_bht_indx_width_p5_ras_addr_width_p22_asid_width_p10_ppn_start_bit_p12_tag_width_p10.\itlb_fe_o [9] is used but has no driver.
Warning: Wire itlb_vaddr_width_p56_paddr_width_p22_eaddr_width_p64_btb_indx_width_p9_bht_indx_width_p5_ras_addr_width_p22_asid_width_p10_ppn_start_bit_p12_tag_width_p10.\itlb_fe_o [8] is used but has no driver.
Warning: Wire itlb_vaddr_width_p56_paddr_width_p22_eaddr_width_p64_btb_indx_width_p9_bht_indx_width_p5_ras_addr_width_p22_asid_width_p10_ppn_start_bit_p12_tag_width_p10.\itlb_fe_o [7] is used but has no driver.
Warning: Wire itlb_vaddr_width_p56_paddr_width_p22_eaddr_width_p64_btb_indx_width_p9_bht_indx_width_p5_ras_addr_width_p22_asid_width_p10_ppn_start_bit_p12_tag_width_p10.\itlb_fe_o [6] is used but has no driver.
Warning: Wire itlb_vaddr_width_p56_paddr_width_p22_eaddr_width_p64_btb_indx_width_p9_bht_indx_width_p5_ras_addr_width_p22_asid_width_p10_ppn_start_bit_p12_tag_width_p10.\itlb_fe_o [5] is used but has no driver.
Warning: Wire itlb_vaddr_width_p56_paddr_width_p22_eaddr_width_p64_btb_indx_width_p9_bht_indx_width_p5_ras_addr_width_p22_asid_width_p10_ppn_start_bit_p12_tag_width_p10.\itlb_fe_o [4] is used but has no driver.
Warning: Wire itlb_vaddr_width_p56_paddr_width_p22_eaddr_width_p64_btb_indx_width_p9_bht_indx_width_p5_ras_addr_width_p22_asid_width_p10_ppn_start_bit_p12_tag_width_p10.\itlb_fe_o [3] is used but has no driver.
Warning: Wire itlb_vaddr_width_p56_paddr_width_p22_eaddr_width_p64_btb_indx_width_p9_bht_indx_width_p5_ras_addr_width_p22_asid_width_p10_ppn_start_bit_p12_tag_width_p10.\itlb_fe_o [2] is used but has no driver.
Warning: Wire itlb_vaddr_width_p56_paddr_width_p22_eaddr_width_p64_btb_indx_width_p9_bht_indx_width_p5_ras_addr_width_p22_asid_width_p10_ppn_start_bit_p12_tag_width_p10.\itlb_fe_o [1] is used but has no driver.
Warning: Wire itlb_vaddr_width_p56_paddr_width_p22_eaddr_width_p64_btb_indx_width_p9_bht_indx_width_p5_ras_addr_width_p22_asid_width_p10_ppn_start_bit_p12_tag_width_p10.\itlb_fe_o [0] is used but has no driver.
3.6. Executing OPT pass (performing simple optimizations).
3.6.1. Executing OPT_EXPR pass (perform const folding).
3.6.2. Executing OPT_MERGE pass (detect identical cells).
3.6.3. Executing OPT_MUXTREE pass (detect dead branches in mux trees).
3.6.4. Executing OPT_REDUCE pass (consolidate $*mux and $reduce_* inputs).
3.6.5. Executing OPT_MERGE pass (detect identical cells).
3.6.6. Executing OPT_DFF pass (perform DFF optimizations).
3.6.7. Executing OPT_CLEAN pass (remove unused cells and wires).
3.6.8. Executing OPT_EXPR pass (perform const folding).
3.6.9. Rerunning OPT passes. (Maybe there is more to do..)
3.6.10. Executing OPT_MUXTREE pass (detect dead branches in mux trees).
3.6.11. Executing OPT_REDUCE pass (consolidate $*mux and $reduce_* inputs).
3.6.12. Executing OPT_MERGE pass (detect identical cells).
3.6.13. Executing OPT_DFF pass (perform DFF optimizations).
3.6.14. Executing OPT_CLEAN pass (remove unused cells and wires).
3.6.15. Executing OPT_EXPR pass (perform const folding).
3.6.16. Finished fast OPT passes. (There is nothing left to do.)
3.7. Executing FSM pass (extract and optimize FSM).
3.7.1. Executing FSM_DETECT pass (finding FSMs in design).
3.7.2. Executing FSM_EXTRACT pass (extracting FSM from design).
3.7.3. Executing FSM_OPT pass (simple optimizations of FSMs).
3.7.4. Executing OPT_CLEAN pass (remove unused cells and wires).
3.7.5. Executing FSM_OPT pass (simple optimizations of FSMs).
3.7.6. Executing FSM_RECODE pass (re-assigning FSM state encoding).
3.7.7. Executing FSM_INFO pass (dumping all available information on FSM cells).
3.7.8. Executing FSM_MAP pass (mapping FSMs to basic logic).
3.8. Executing OPT pass (performing simple optimizations).
3.8.1. Executing OPT_EXPR pass (perform const folding).
3.8.2. Executing OPT_MERGE pass (detect identical cells).
3.8.3. Executing OPT_MUXTREE pass (detect dead branches in mux trees).
3.8.4. Executing OPT_REDUCE pass (consolidate $*mux and $reduce_* inputs).
3.8.5. Executing OPT_MERGE pass (detect identical cells).
3.8.6. Executing OPT_DFF pass (perform DFF optimizations).
3.8.7. Executing OPT_CLEAN pass (remove unused cells and wires).
3.8.8. Executing OPT_EXPR pass (perform const folding).
3.8.9. Rerunning OPT passes. (Maybe there is more to do..)
3.8.10. Executing OPT_MUXTREE pass (detect dead branches in mux trees).
3.8.11. Executing OPT_REDUCE pass (consolidate $*mux and $reduce_* inputs).
3.8.12. Executing OPT_MERGE pass (detect identical cells).
3.8.13. Executing OPT_DFF pass (perform DFF optimizations).
3.8.14. Executing OPT_CLEAN pass (remove unused cells and wires).
3.8.15. Executing OPT_EXPR pass (perform const folding).
3.8.16. Rerunning OPT passes. (Maybe there is more to do..)
3.8.17. Executing OPT_MUXTREE pass (detect dead branches in mux trees).
3.8.18. Executing OPT_REDUCE pass (consolidate $*mux and $reduce_* inputs).
3.8.19. Executing OPT_MERGE pass (detect identical cells).
3.8.20. Executing OPT_DFF pass (perform DFF optimizations).
3.8.21. Executing OPT_CLEAN pass (remove unused cells and wires).
3.8.22. Executing OPT_EXPR pass (perform const folding).
3.8.23. Finished fast OPT passes. (There is nothing left to do.)
3.9. Executing WREDUCE pass (reducing word size of cells).
3.10. Executing PEEPOPT pass (run peephole optimizers).
3.11. Executing OPT_CLEAN pass (remove unused cells and wires).
3.12. Executing ALUMACC pass (create $alu and $macc cells).
3.13. Executing SHARE pass (SAT-based resource sharing).
3.14. Executing OPT pass (performing simple optimizations).
3.14.1. Executing OPT_EXPR pass (perform const folding).
3.14.2. Executing OPT_MERGE pass (detect identical cells).
3.14.3. Executing OPT_MUXTREE pass (detect dead branches in mux trees).
3.14.4. Executing OPT_REDUCE pass (consolidate $*mux and $reduce_* inputs).
3.14.5. Executing OPT_MERGE pass (detect identical cells).
3.14.6. Executing OPT_DFF pass (perform DFF optimizations).
3.14.7. Executing OPT_CLEAN pass (remove unused cells and wires).
3.14.8. Executing OPT_EXPR pass (perform const folding).
3.14.9. Finished fast OPT passes. (There is nothing left to do.)
3.15. Executing MEMORY pass.
3.15.1. Executing OPT_MEM pass (optimize memories).
3.15.2. Executing OPT_MEM_PRIORITY pass (removing unnecessary memory write priority relations).
3.15.3. Executing OPT_MEM_FEEDBACK pass (finding memory read-to-write feedback paths).
3.15.4. Executing MEMORY_BMUX2ROM pass (converting muxes to ROMs).
3.15.5. Executing MEMORY_DFF pass (merging $dff cells to $memrd).
3.15.6. Executing OPT_CLEAN pass (remove unused cells and wires).
3.15.7. Executing MEMORY_SHARE pass (consolidating $memrd/$memwr cells).
3.15.8. Executing OPT_MEM_WIDEN pass (optimize memories where all ports are wide).
3.15.9. Executing OPT_CLEAN pass (remove unused cells and wires).
3.15.10. Executing MEMORY_COLLECT pass (generating $mem cells).
3.16. Executing OPT_CLEAN pass (remove unused cells and wires).
Keep modules above estimated size of
      10000 gate equivalents
4. Executing CELLMATCH pass. (match cells)
Warning: Ignoring blackbox module fakeram45_64x7.
Warning: Ignoring blackbox module fakeram45_512x64.
Warning: Ignoring blackbox module CLKGATE_X8.
Warning: Ignoring blackbox module CLKGATE_X4.
Warning: Ignoring blackbox module CLKGATE_X2.
Warning: Ignoring blackbox module CLKGATE_X1.
Warning: Ignoring blackbox module CLKGATETST_X8.
Warning: Ignoring blackbox module CLKGATETST_X4.
Warning: Ignoring blackbox module CLKGATETST_X2.
Warning: Ignoring blackbox module CLKGATETST_X1.
Warning: Ignoring blackbox module fakeram45_64x96.
5. Executing KEEP_HIERARCHY pass.
6. Executing SYNTH pass.
6.1. Executing PROC pass (convert processes to netlists).
6.1.1. Executing PROC_CLEAN pass (remove empty switches from decision trees).
6.1.2. Executing PROC_RMDEAD pass (remove dead branches from decision trees).
6.1.3. Executing PROC_PRUNE pass (remove redundant assignments in processes).
6.1.4. Executing PROC_INIT pass (extract init attributes).
6.1.5. Executing PROC_ARST pass (detect async resets in processes).
6.1.6. Executing PROC_ROM pass (convert switches to ROMs).
6.1.7. Executing PROC_MUX pass (convert decision trees to multiplexers).
6.1.8. Executing PROC_DLATCH pass (convert process syncs to latches).
6.1.9. Executing PROC_DFF pass (convert process syncs to FFs).
6.1.10. Executing PROC_MEMWR pass (convert process memory writes to cells).
6.1.11. Executing PROC_CLEAN pass (remove empty switches from decision trees).
6.1.12. Executing OPT_EXPR pass (perform const folding).
6.2. Executing CHECK pass (checking for obvious problems).
6.3. Executing FLATTEN pass (flatten design).
6.4. Executing OPT_EXPR pass (perform const folding).
6.5. Executing OPT_CLEAN pass (remove unused cells and wires).
6.6. Executing CHECK pass (checking for obvious problems).
6.7. Executing OPT pass (performing simple optimizations).
6.7.1. Executing OPT_EXPR pass (perform const folding).
6.7.2. Executing OPT_MERGE pass (detect identical cells).
6.7.3. Executing OPT_MUXTREE pass (detect dead branches in mux trees).
6.7.4. Executing OPT_REDUCE pass (consolidate $*mux and $reduce_* inputs).
6.7.5. Executing OPT_MERGE pass (detect identical cells).
6.7.6. Executing OPT_DFF pass (perform DFF optimizations).
6.7.7. Executing OPT_CLEAN pass (remove unused cells and wires).
6.7.8. Executing OPT_EXPR pass (perform const folding).
6.7.9. Finished fast OPT passes. (There is nothing left to do.)
6.8. Executing FSM pass (extract and optimize FSM).
6.8.1. Executing FSM_DETECT pass (finding FSMs in design).
6.8.2. Executing FSM_EXTRACT pass (extracting FSM from design).
6.8.3. Executing FSM_OPT pass (simple optimizations of FSMs).
6.8.4. Executing OPT_CLEAN pass (remove unused cells and wires).
6.8.5. Executing FSM_OPT pass (simple optimizations of FSMs).
6.8.6. Executing FSM_RECODE pass (re-assigning FSM state encoding).
6.8.7. Executing FSM_INFO pass (dumping all available information on FSM cells).
6.8.8. Executing FSM_MAP pass (mapping FSMs to basic logic).
6.9. Executing OPT pass (performing simple optimizations).
6.9.1. Executing OPT_EXPR pass (perform const folding).
6.9.2. Executing OPT_MERGE pass (detect identical cells).
6.9.3. Executing OPT_MUXTREE pass (detect dead branches in mux trees).
6.9.4. Executing OPT_REDUCE pass (consolidate $*mux and $reduce_* inputs).
6.9.5. Executing OPT_MERGE pass (detect identical cells).
6.9.6. Executing OPT_DFF pass (perform DFF optimizations).
6.9.7. Executing OPT_CLEAN pass (remove unused cells and wires).
6.9.8. Executing OPT_EXPR pass (perform const folding).
6.9.9. Finished fast OPT passes. (There is nothing left to do.)
6.10. Executing WREDUCE pass (reducing word size of cells).
6.11. Executing PEEPOPT pass (run peephole optimizers).
6.12. Executing OPT_CLEAN pass (remove unused cells and wires).
6.13. Executing ALUMACC pass (create $alu and $macc cells).
6.14. Executing SHARE pass (SAT-based resource sharing).
6.15. Executing OPT pass (performing simple optimizations).
6.15.1. Executing OPT_EXPR pass (perform const folding).
6.15.2. Executing OPT_MERGE pass (detect identical cells).
6.15.3. Executing OPT_MUXTREE pass (detect dead branches in mux trees).
6.15.4. Executing OPT_REDUCE pass (consolidate $*mux and $reduce_* inputs).
6.15.5. Executing OPT_MERGE pass (detect identical cells).
6.15.6. Executing OPT_DFF pass (perform DFF optimizations).
6.15.7. Executing OPT_CLEAN pass (remove unused cells and wires).
6.15.8. Executing OPT_EXPR pass (perform const folding).
6.15.9. Finished fast OPT passes. (There is nothing left to do.)
6.16. Executing MEMORY pass.
6.16.1. Executing OPT_MEM pass (optimize memories).
6.16.2. Executing OPT_MEM_PRIORITY pass (removing unnecessary memory write priority relations).
6.16.3. Executing OPT_MEM_FEEDBACK pass (finding memory read-to-write feedback paths).
6.16.4. Executing MEMORY_BMUX2ROM pass (converting muxes to ROMs).
6.16.5. Executing MEMORY_DFF pass (merging $dff cells to $memrd).
6.16.6. Executing OPT_CLEAN pass (remove unused cells and wires).
6.16.7. Executing MEMORY_SHARE pass (consolidating $memrd/$memwr cells).
6.16.8. Executing OPT_MEM_WIDEN pass (optimize memories where all ports are wide).
6.16.9. Executing OPT_CLEAN pass (remove unused cells and wires).
6.16.10. Executing MEMORY_COLLECT pass (generating $mem cells).
6.17. Executing OPT_CLEAN pass (remove unused cells and wires).
7. Executing SYNTH pass.
7.1. Executing OPT pass (performing simple optimizations).
7.1.1. Executing OPT_EXPR pass (perform const folding).
7.1.2. Executing OPT_MERGE pass (detect identical cells).
7.1.3. Executing OPT_DFF pass (perform DFF optimizations).
7.1.4. Executing OPT_CLEAN pass (remove unused cells and wires).
7.1.5. Rerunning OPT passes. (Removed registers in this run.)
7.1.6. Executing OPT_EXPR pass (perform const folding).
7.1.7. Executing OPT_MERGE pass (detect identical cells).
7.1.8. Executing OPT_DFF pass (perform DFF optimizations).
7.1.9. Executing OPT_CLEAN pass (remove unused cells and wires).
7.1.10. Finished fast OPT passes.
7.2. Executing MEMORY_MAP pass (converting memories to logic and flip-flops).
7.3. Executing OPT pass (performing simple optimizations).
7.3.1. Executing OPT_EXPR pass (perform const folding).
7.3.2. Executing OPT_MERGE pass (detect identical cells).
7.3.3. Executing OPT_MUXTREE pass (detect dead branches in mux trees).
7.3.4. Executing OPT_REDUCE pass (consolidate $*mux and $reduce_* inputs).
7.3.5. Executing OPT_MERGE pass (detect identical cells).
7.3.6. Executing OPT_SHARE pass.
7.3.7. Executing OPT_DFF pass (perform DFF optimizations).
7.3.8. Executing OPT_CLEAN pass (remove unused cells and wires).
7.3.9. Executing OPT_EXPR pass (perform const folding).
7.3.10. Rerunning OPT passes. (Maybe there is more to do..)
7.3.11. Executing OPT_MUXTREE pass (detect dead branches in mux trees).
7.3.12. Executing OPT_REDUCE pass (consolidate $*mux and $reduce_* inputs).
7.3.13. Executing OPT_MERGE pass (detect identical cells).
7.3.14. Executing OPT_SHARE pass.
7.3.15. Executing OPT_DFF pass (perform DFF optimizations).
7.3.16. Executing OPT_CLEAN pass (remove unused cells and wires).
7.3.17. Executing OPT_EXPR pass (perform const folding).
7.3.18. Rerunning OPT passes. (Maybe there is more to do..)
7.3.19. Executing OPT_MUXTREE pass (detect dead branches in mux trees).
7.3.20. Executing OPT_REDUCE pass (consolidate $*mux and $reduce_* inputs).
7.3.21. Executing OPT_MERGE pass (detect identical cells).
7.3.22. Executing OPT_SHARE pass.
7.3.23. Executing OPT_DFF pass (perform DFF optimizations).
7.3.24. Executing OPT_CLEAN pass (remove unused cells and wires).
7.3.25. Executing OPT_EXPR pass (perform const folding).
7.3.26. Finished fast OPT passes. (There is nothing left to do.)
7.4. Executing TECHMAP pass (map to technology primitives).
7.4.1. Executing Verilog-2005 frontend: /OpenROAD-flow-scripts/tools/install/yosys/bin/../share/yosys/techmap.v
7.4.2. Executing Verilog-2005 frontend: /OpenROAD-flow-scripts/flow/platforms/common/lcu_kogge_stone.v
7.4.3. Continuing TECHMAP pass.
7.5. Executing OPT pass (performing simple optimizations).
7.5.1. Executing OPT_EXPR pass (perform const folding).
7.5.2. Executing OPT_MERGE pass (detect identical cells).
7.5.3. Executing OPT_DFF pass (perform DFF optimizations).
7.5.4. Executing OPT_CLEAN pass (remove unused cells and wires).
7.5.5. Finished fast OPT passes.
7.6. Executing HIERARCHY pass (managing design hierarchy).
7.6.1. Analyzing design hierarchy..
7.6.2. Analyzing design hierarchy..
7.7. Printing statistics.
7.8. Executing CHECK pass (checking for obvious problems).
8. Executing OPT pass (performing simple optimizations).
8.1. Executing OPT_EXPR pass (perform const folding).
8.2. Executing OPT_MERGE pass (detect identical cells).
8.3. Executing OPT_MUXTREE pass (detect dead branches in mux trees).
8.4. Executing OPT_REDUCE pass (consolidate $*mux and $reduce_* inputs).
8.5. Executing OPT_MERGE pass (detect identical cells).
8.6. Executing OPT_DFF pass (perform DFF optimizations).
8.7. Executing OPT_CLEAN pass (remove unused cells and wires).
8.8. Executing OPT_EXPR pass (perform const folding).
8.9. Rerunning OPT passes. (Maybe there is more to do..)
8.10. Executing OPT_MUXTREE pass (detect dead branches in mux trees).
8.11. Executing OPT_REDUCE pass (consolidate $*mux and $reduce_* inputs).
8.12. Executing OPT_MERGE pass (detect identical cells).
8.13. Executing OPT_DFF pass (perform DFF optimizations).
8.14. Executing OPT_CLEAN pass (remove unused cells and wires).
8.15. Executing OPT_EXPR pass (perform const folding).
8.16. Finished fast OPT passes. (There is nothing left to do.)
9. Executing EXTRACT_FA pass (find and extract full/half adders).
10. Executing TECHMAP pass (map to technology primitives).
10.1. Executing Verilog-2005 frontend: ./platforms/nangate45/cells_adders.v
10.2. Continuing TECHMAP pass.
11. Executing TECHMAP pass (map to technology primitives).
11.1. Executing Verilog-2005 frontend: /OpenROAD-flow-scripts/tools/install/yosys/bin/../share/yosys/techmap.v
11.2. Continuing TECHMAP pass.
12. Executing OPT pass (performing simple optimizations).
12.1. Executing OPT_EXPR pass (perform const folding).
12.2. Executing OPT_MERGE pass (detect identical cells).
12.3. Executing OPT_DFF pass (perform DFF optimizations).
12.4. Executing OPT_CLEAN pass (remove unused cells and wires).
12.5. Finished fast OPT passes.
13. Executing DFFLEGALIZE pass (convert FFs to types supported by the target).
14. Executing TECHMAP pass (map to technology primitives).
14.1. Executing Verilog-2005 frontend: ./platforms/nangate45/cells_latch.v
14.2. Continuing TECHMAP pass.
15. Executing DFFLIBMAP pass (mapping DFF cells to sequential cells from liberty file).
15.1. Executing DFFLEGALIZE pass (convert FFs to types supported by the target).
16. Executing OPT pass (performing simple optimizations).
16.1. Executing OPT_EXPR pass (perform const folding).
16.2. Executing OPT_MERGE pass (detect identical cells).
16.3. Executing OPT_MUXTREE pass (detect dead branches in mux trees).
16.4. Executing OPT_REDUCE pass (consolidate $*mux and $reduce_* inputs).
16.5. Executing OPT_MERGE pass (detect identical cells).
16.6. Executing OPT_DFF pass (perform DFF optimizations).
16.7. Executing OPT_CLEAN pass (remove unused cells and wires).
16.8. Executing OPT_EXPR pass (perform const folding).
16.9. Rerunning OPT passes. (Maybe there is more to do..)
16.10. Executing OPT_MUXTREE pass (detect dead branches in mux trees).
16.11. Executing OPT_REDUCE pass (consolidate $*mux and $reduce_* inputs).
16.12. Executing OPT_MERGE pass (detect identical cells).
16.13. Executing OPT_DFF pass (perform DFF optimizations).
16.14. Executing OPT_CLEAN pass (remove unused cells and wires).
16.15. Executing OPT_EXPR pass (perform const folding).
16.16. Finished fast OPT passes. (There is nothing left to do.)
17. Executing SETUNDEF pass (replace undef values with defined constants).
abc -script /OpenROAD-flow-scripts/flow/scripts/abc_speed.script -liberty ./platforms/nangate45/lib/NangateOpenCellLibrary_typical.lib -liberty ./platforms/nangate45/lib/fakeram45_512x64.lib -liberty ./platforms/nangate45/lib/fakeram45_64x7.lib -liberty ./platforms/nangate45/lib/fakeram45_64x96.lib -dont_use TAPCELL_X1 -dont_use FILLCELL_X1 -dont_use AOI211_X1 -dont_use OAI211_X1 -constr /tmp/workspace/scripts-Private_test-fr_cugr_cmp-1-/objects/nangate45/bp_fe/base/abc.constr -D 1.8
18. Executing ABC pass (technology mapping using ABC).
18.1. Extracting gate netlist of module `\bp_fe_top' to `<abc-temp-dir>/input.blif'..
18.1.1. Executed ABC.
18.1.2. Re-integrating ABC results.
18.2. Extracting gate netlist of module `\hard_mem_1rw_byte_mask_d512_w64_wrapper' to `<abc-temp-dir>/input.blif'..
18.2.1. Executed ABC.
18.3. Extracting gate netlist of module `\hard_mem_1rw_d512_w64_wrapper' to `<abc-temp-dir>/input.blif'..
18.3.1. Executed ABC.
18.4. Extracting gate netlist of module `\icache_eaddr_width_p64_data_width_p64_inst_width_p32_tag_width_p10_num_cce_p1_num_lce_p2_ways_p8_lce_sets_p64_block_size_in_bytes_p8' to `<abc-temp-dir>/input.blif'..
18.4.1. Executed ABC.
18.4.2. Re-integrating ABC results.
Took 31 seconds: abc -script /OpenROAD-flow-scripts/flow/scripts/abc_speed.script -liberty ./platforms/nangate45/lib/NangateOpenCellLibrary_typical.lib -liberty ./platforms/nangate45/lib/fakeram45_512x64.lib -liberty ./platforms/nangate45/lib/fakeram45_64x7.lib -liberty ./platforms/nangate45/lib/fakeram45_64x96.lib -dont_use TAPCELL_X1 -dont_use FILLCELL_X1 -dont_use AOI211_X1 -dont_use OAI211_X1 -constr /tmp/workspace/scripts-Private_test-fr_cugr_cmp-1-/objects/nangate45/bp_fe/base/abc.constr -D 1.8
19. Executing SPLITNETS pass (splitting up multi-bit signals).
20. Executing OPT_CLEAN pass (remove unused cells and wires).
21. Executing HILOMAP pass (mapping to constant drivers).
22. Executing INSBUF pass (insert buffer cells for connected wires).
23. Executing CHECK pass (checking for obvious problems).
24. Printing statistics.
25. Executing CHECK pass (checking for obvious problems).
26. Executing Verilog backend.
26.1. Executing BMUXMAP pass.
26.2. Executing DEMUXMAP pass.
Warnings: 214 unique messages, 417 total
End of script. Logfile hash: 44afa841c1, time: 42.85s, user: 12.55s, system: 0.73s, MEM: 151.96 MB peak
Yosys 0.68+post (git sha1 UNKNOWN, Release, GNU /usr/local/bin/wrapped-cc/g++ 11.4.0)
Time spent: 70% 1x abc (30 sec), 6% 1x extract_fa (2 sec), ...
Elapsed time: 0:42.91[h:]min:sec. CPU time: user 43.16 sys 0.90 (102%). Peak memory: 156884KB.
Log                       Ext     Elapsed/s Peak Memory/MB sha1sum result [0:20)
1_2_yosys                 .v             42            153 9eaaba1fabff70a46490
cp /OpenROAD-flow-scripts/flow/designs/nangate45/bp_fe_top/constraint.sdc /tmp/workspace/scripts-Private_test-fr_cugr_cmp-1-/results/nangate45/bp_fe/base/1_2_yosys.sdc
touch -r /OpenROAD-flow-scripts/flow/designs/nangate45/bp_fe_top/constraint.sdc /tmp/workspace/scripts-Private_test-fr_cugr_cmp-1-/results/nangate45/bp_fe/base/1_2_yosys.sdc
OpenROAD 26Q3-1464-gb22abfea20 
Features included (+) or not (-): +GPU +GUI +Python
This program is licensed under the BSD-3 license. See the LICENSE file for details.
Components of this program may be licensed under more restrictive licenses which must be honored.
[INFO ORD-0030] Using 30 thread(s).
mkdir -p /tmp/workspace/scripts-Private_test-fr_cugr_cmp-1-/objects/nangate45/bp_fe/base
/OpenROAD-flow-scripts/flow/scripts/flow.sh 1_synth synth_odb
Running synth_odb.tcl, stage 1_synth
read_liberty ./platforms/nangate45/lib/NangateOpenCellLibrary_typical.lib
read_liberty ./platforms/nangate45/lib/fakeram45_512x64.lib
read_liberty ./platforms/nangate45/lib/fakeram45_64x7.lib
read_liberty ./platforms/nangate45/lib/fakeram45_64x96.lib
[INFO ODB-0227] LEF file: ./platforms/nangate45/lef/NangateOpenCellLibrary.tech.lef, created 22 layers, 27 vias
[INFO ODB-0227] LEF file: ./platforms/nangate45/lef/NangateOpenCellLibrary.macro.mod.lef, created 135 library cells
[INFO ODB-0227] LEF file: ./platforms/nangate45/lef/fakeram45_512x64.lef, created 1 library cells
[INFO ODB-0227] LEF file: ./platforms/nangate45/lef/fakeram45_64x7.lef, created 1 library cells
[INFO ODB-0227] LEF file: ./platforms/nangate45/lef/fakeram45_64x96.lef, created 1 library cells
link_design bp_fe_top
read_sdc /tmp/workspace/scripts-Private_test-fr_cugr_cmp-1-/results/nangate45/bp_fe/base/1_2_yosys.sdc
source ./platforms/nangate45/setRC.tcl
eliminate_dead_logic
Removed 1 unused instances and 1 unused nets.
Design area 213935 um^2 100% utilization.
write_db /tmp/workspace/scripts-Private_test-fr_cugr_cmp-1-/results/nangate45/bp_fe/base/1_synth.odb
write_sdc -no_timestamp /tmp/workspace/scripts-Private_test-fr_cugr_cmp-1-/results/nangate45/bp_fe/base/1_synth.sdc
Elapsed time: 0:00.96[h:]min:sec. CPU time: user 0.87 sys 0.09 (100%). Peak memory: 206996KB.
Log                       Ext     Elapsed/s Peak Memory/MB sha1sum result [0:20)
1_synth                   .odb            0            202 daec19e5eac924d0dc61
1_synth                   .sdc                             97009b6b5bd858428bbd
/OpenROAD-flow-scripts/flow/scripts/flow.sh 2_1_floorplan floorplan
Running floorplan.tcl, stage 2_1_floorplan
read_liberty ./platforms/nangate45/lib/NangateOpenCellLibrary_typical.lib
read_liberty ./platforms/nangate45/lib/fakeram45_512x64.lib
read_liberty ./platforms/nangate45/lib/fakeram45_64x7.lib
read_liberty ./platforms/nangate45/lib/fakeram45_64x96.lib
read_db /tmp/workspace/scripts-Private_test-fr_cugr_cmp-1-/results/nangate45/bp_fe/base/1_synth.odb
read_sdc /tmp/workspace/scripts-Private_test-fr_cugr_cmp-1-/results/nangate45/bp_fe/base/1_synth.sdc
source ./platforms/nangate45/setRC.tcl

==========================================================================
Floorplan check_setup
--------------------------------------------------------------------------
number instances in verilog is 32971
[WARNING IFP-0028] Core area lower left (10.000, 10.000) snapped to (10.070, 11.200).
[INFO IFP-0001] Added 413 rows of 4104 site FreePDK45_38x28_10R_NP_162NW_34O.
[INFO IFP-0100] Die BBox:  (  0.000  0.000 ) ( 800.000 600.000 ) um
[INFO IFP-0101] Core BBox: ( 10.070 11.200 ) ( 789.830 589.400 ) um
[INFO IFP-0102] Core area:                       450857.232 um^2
[INFO IFP-0103] Total instances area:            213935.288 um^2
[INFO IFP-0104] Effective utilization:                0.475
[INFO IFP-0105] Number of instances:                  32971
source ./platforms/nangate45/make_tracks.tcl
source /OpenROAD-flow-scripts/flow/designs/nangate45/bp_fe_top/fastroute.tcl
Repair tie lo fanout...
[INFO RSZ-0042] Inserted 540 tie LOGIC0_X1 instances.
Repair tie hi fanout...
[INFO RSZ-0042] Inserted 525 tie LOGIC1_X1 instances.
repair_timing -setup_margin 0 -hold_margin 0.03 -repair_tns 100 -setup -skip_last_gasp -sequence unbuffer,sizeup,swap,vt_swap -verbose
[WARNING EST-0027] no estimated parasitics. Using wire load models.
[INFO RSZ-0100] Repair move sequence: UnbufferMove SizeUpMove SwapPinsMove 
[INFO RSZ-0094] Found 33 endpoints with setup violations.
[INFO RSZ-0099] Repairing 33 out of 33 (100.00%) violating endpoints...
   Iter   | Removed | Resized | Inserted | Cloned |  Pin  |   Area   |    WNS   |   StTNS    |   EnTNS    |  Viol  |  Worst  
          | Buffers |  Gates  | Buffers  |  Gates | Swaps |          |          |            |            | Endpts | St/EnPt 
------------------------------------------------------------------------------------------------------------------------------
       0* |       0 |       0 |        0 |      0 |     0 |    +0.0% |   -0.230 |      -59.3 |       -3.8 |     33 | bp_fe_pc_gen_1.pc_gen_icache_o\[62\]$_SDFFCE_PP0P_/D
       3* |       0 |       2 |        0 |      0 |     0 |    +0.0% |    0.005 |      -45.0 |        0.0 |     33 | bp_fe_pc_gen_1.pc_gen_icache_o\[62\]$_SDFFCE_PP0P_/D
       4* |       0 |       2 |        0 |      0 |     0 |    +0.0% |    0.005 |      -45.0 |        0.0 |     33 | bp_fe_pc_gen_1.pc_gen_icache_o\[62\]$_SDFFCE_PP0P_/D
       5* |       0 |       2 |        0 |      0 |     0 |    +0.0% |    0.005 |      -45.0 |        0.0 |     33 | bp_fe_pc_gen_1.pc_gen_icache_o\[62\]$_SDFFCE_PP0P_/D
       6* |       0 |       2 |        0 |      0 |     0 |    +0.0% |    0.005 |      -45.0 |        0.0 |     33 | bp_fe_pc_gen_1.pc_gen_icache_o\[62\]$_SDFFCE_PP0P_/D
       7* |       0 |       2 |        0 |      0 |     0 |    +0.0% |    0.005 |      -45.0 |        0.0 |     33 | bp_fe_pc_gen_1.pc_gen_icache_o\[62\]$_SDFFCE_PP0P_/D
       8* |       0 |       2 |        0 |      0 |     0 |    +0.0% |    0.005 |      -45.0 |        0.0 |     33 | bp_fe_pc_gen_1.pc_gen_icache_o\[62\]$_SDFFCE_PP0P_/D
       9* |       0 |       2 |        0 |      0 |     0 |    +0.0% |    0.005 |      -45.0 |        0.0 |     33 | bp_fe_pc_gen_1.pc_gen_icache_o\[62\]$_SDFFCE_PP0P_/D
      10* |       0 |       2 |        0 |      0 |     0 |    +0.0% |    0.005 |      -45.0 |        0.0 |     33 | bp_fe_pc_gen_1.pc_gen_icache_o\[62\]$_SDFFCE_PP0P_/D
      10* |       0 |       2 |        0 |      0 |     0 |    +0.0% |    0.005 |      -45.0 |        0.0 |     33 | bp_fe_pc_gen_1.pc_gen_icache_o\[62\]$_SDFFCE_PP0P_/D
      11* |       0 |       2 |        0 |      0 |     0 |    +0.0% |    0.005 |      -45.0 |        0.0 |     33 | bp_fe_pc_gen_1.pc_gen_icache_o\[62\]$_SDFFCE_PP0P_/D
      12* |       0 |       2 |        0 |      0 |     0 |    +0.0% |    0.005 |      -45.0 |        0.0 |     33 | bp_fe_pc_gen_1.pc_gen_icache_o\[62\]$_SDFFCE_PP0P_/D
      13* |       0 |       2 |        0 |      0 |     0 |    +0.0% |    0.005 |      -45.0 |        0.0 |     33 | bp_fe_pc_gen_1.pc_gen_icache_o\[62\]$_SDFFCE_PP0P_/D
      14* |       0 |       2 |        0 |      0 |     0 |    +0.0% |    0.005 |      -45.0 |        0.0 |     33 | bp_fe_pc_gen_1.pc_gen_icache_o\[62\]$_SDFFCE_PP0P_/D
      15* |       0 |       2 |        0 |      0 |     0 |    +0.0% |    0.005 |      -45.0 |        0.0 |     33 | bp_fe_pc_gen_1.pc_gen_icache_o\[62\]$_SDFFCE_PP0P_/D
      16* |       0 |       2 |        0 |      0 |     0 |    +0.0% |    0.005 |      -45.0 |        0.0 |     33 | bp_fe_pc_gen_1.pc_gen_icache_o\[62\]$_SDFFCE_PP0P_/D
      17* |       0 |       2 |        0 |      0 |     0 |    +0.0% |    0.005 |      -45.0 |        0.0 |     33 | bp_fe_pc_gen_1.pc_gen_icache_o\[62\]$_SDFFCE_PP0P_/D
      18* |       0 |       2 |        0 |      0 |     0 |    +0.0% |    0.005 |      -45.0 |        0.0 |     33 | bp_fe_pc_gen_1.pc_gen_icache_o\[62\]$_SDFFCE_PP0P_/D
      19* |       0 |       2 |        0 |      0 |     0 |    +0.0% |    0.005 |      -45.0 |        0.0 |     33 | bp_fe_pc_gen_1.pc_gen_icache_o\[62\]$_SDFFCE_PP0P_/D
      20* |       0 |       2 |        0 |      0 |     0 |    +0.0% |    0.005 |      -45.0 |        0.0 |     33 | bp_fe_pc_gen_1.pc_gen_icache_o\[62\]$_SDFFCE_PP0P_/D
      20* |       0 |       2 |        0 |      0 |     0 |    +0.0% |    0.005 |      -45.0 |        0.0 |     33 | bp_fe_pc_gen_1.pc_gen_icache_o\[62\]$_SDFFCE_PP0P_/D
      21* |       0 |       2 |        0 |      0 |     0 |    +0.0% |    0.005 |      -45.0 |        0.0 |     33 | bp_fe_pc_gen_1.pc_gen_icache_o\[62\]$_SDFFCE_PP0P_/D
      22* |       0 |       2 |        0 |      0 |     0 |    +0.0% |    0.005 |      -45.0 |        0.0 |     33 | bp_fe_pc_gen_1.pc_gen_icache_o\[62\]$_SDFFCE_PP0P_/D
      23* |       0 |       2 |        0 |      0 |     0 |    +0.0% |    0.005 |      -45.0 |        0.0 |     33 | bp_fe_pc_gen_1.pc_gen_icache_o\[62\]$_SDFFCE_PP0P_/D
      24* |       0 |       2 |        0 |      0 |     0 |    +0.0% |    0.005 |      -45.0 |        0.0 |     33 | bp_fe_pc_gen_1.pc_gen_icache_o\[62\]$_SDFFCE_PP0P_/D
      25* |       0 |       2 |        0 |      0 |     0 |    +0.0% |    0.005 |      -45.0 |        0.0 |     33 | bp_fe_pc_gen_1.pc_gen_icache_o\[62\]$_SDFFCE_PP0P_/D
      26* |       0 |       2 |        0 |      0 |     0 |    +0.0% |    0.005 |      -45.0 |        0.0 |     33 | bp_fe_pc_gen_1.pc_gen_icache_o\[62\]$_SDFFCE_PP0P_/D
      27* |       0 |       2 |        0 |      0 |     0 |    +0.0% |    0.005 |      -45.0 |        0.0 |     33 | bp_fe_pc_gen_1.pc_gen_icache_o\[62\]$_SDFFCE_PP0P_/D
      28* |       0 |       2 |        0 |      0 |     0 |    +0.0% |    0.005 |      -45.0 |        0.0 |     33 | bp_fe_pc_gen_1.pc_gen_icache_o\[62\]$_SDFFCE_PP0P_/D
      29* |       0 |       2 |        0 |      0 |     0 |    +0.0% |    0.005 |      -45.0 |        0.0 |     33 | bp_fe_pc_gen_1.pc_gen_icache_o\[62\]$_SDFFCE_PP0P_/D
      30* |       0 |       2 |        0 |      0 |     0 |    +0.0% |    0.005 |      -45.0 |        0.0 |     33 | bp_fe_pc_gen_1.pc_gen_icache_o\[62\]$_SDFFCE_PP0P_/D
      30* |       0 |       2 |        0 |      0 |     0 |    +0.0% |    0.005 |      -45.0 |        0.0 |     33 | bp_fe_pc_gen_1.pc_gen_icache_o\[62\]$_SDFFCE_PP0P_/D
      31* |       0 |       2 |        0 |      0 |     0 |    +0.0% |    0.005 |      -45.0 |        0.0 |     33 | bp_fe_pc_gen_1.pc_gen_icache_o\[62\]$_SDFFCE_PP0P_/D
      32* |       0 |       2 |        0 |      0 |     0 |    +0.0% |    0.005 |      -45.0 |        0.0 |     33 | bp_fe_pc_gen_1.pc_gen_icache_o\[62\]$_SDFFCE_PP0P_/D
      33* |       0 |       2 |        0 |      0 |     0 |    +0.0% |    0.005 |      -45.0 |        0.0 |     33 | bp_fe_pc_gen_1.pc_gen_icache_o\[62\]$_SDFFCE_PP0P_/D
      34* |       0 |       2 |        0 |      0 |     0 |    +0.0% |    0.005 |      -45.0 |        0.0 |     33 | bp_fe_pc_gen_1.pc_gen_icache_o\[62\]$_SDFFCE_PP0P_/D
      35* |       0 |       2 |        0 |      0 |     0 |    +0.0% |    0.005 |      -45.0 |        0.0 |     33 | bp_fe_pc_gen_1.pc_gen_icache_o\[62\]$_SDFFCE_PP0P_/D
      35* |       0 |       2 |        0 |      0 |     0 |    +0.0% |    0.005 |      -45.0 |        0.0 |     33 | bp_fe_pc_gen_1.pc_gen_icache_o\[62\]$_SDFFCE_PP0P_/D
    final |       0 |       2 |        0 |      0 |     0 |    +0.0% |    0.005 |      -45.0 |        0.0 |      0 | bp_fe_pc_gen_1.pc_gen_icache_o\[62\]$_SDFFCE_PP0P_/D
------------------------------------------------------------------------------------------------------------------------------
[INFO RSZ-0051] Resized 2 instances: 2 up, 0 up match, 0 down, 0 VT
[INFO RSZ-0505] Runtime: 1.61s
Default units for flow
 time 1ns
 capacitance 1fF
 resistance 1kohm
 voltage 1v
 current 1mA
 power 1nW
 distance 1um
   Layer   | Unit Resistance | Unit Capacitance 
           |       (kohm/um) |          (fF/um)
------------------------------------------------
    metal1 |        5.43e-03 |         7.42e-02
    metal2 |        3.57e-03 |         8.34e-02
    metal3 |        3.57e-03 |         1.04e-01
    metal4 |        1.50e-03 |         1.19e-01
    metal5 |        1.50e-03 |         1.09e-01
    metal6 |        1.50e-03 |         1.14e-01
    metal7 |        1.88e-04 |         1.17e-01
    metal8 |        1.88e-04 |         9.45e-02
    metal9 |        3.75e-05 |         1.06e-01
   metal10 |        3.75e-05 |         7.37e-01
------------------------------------------------

   Layer   | Via Resistance 
           |         (kohm) 
----------------------------
      via1 |       5.00e-03 
      via2 |       5.00e-03 
      via3 |       5.00e-03 
      via4 |       3.00e-03 
      via5 |       3.00e-03 
      via6 |       3.00e-03 
      via7 |       1.00e-03 
      via8 |       1.00e-03 
      via9 |       5.00e-04 
----------------------------
Report metrics stage 2, floorplan final...

==========================================================================
floorplan final report_design_area
--------------------------------------------------------------------------
Design area 214496 um^2 48% utilization.
source /OpenROAD-flow-scripts/flow/designs/nangate45/bp_fe_top/io.tcl
[WARNING ODB-0011] Region 400-700 on edge west modified to 400-600 to respect the die area limits.
[WARNING ODB-0011] Region 400-700 on edge east modified to 400-600 to respect the die area limits.
write_db /tmp/workspace/scripts-Private_test-fr_cugr_cmp-1-/results/nangate45/bp_fe/base/2_1_floorplan.odb
write_sdc -no_timestamp /tmp/workspace/scripts-Private_test-fr_cugr_cmp-1-/results/nangate45/bp_fe/base/2_1_floorplan.sdc
Elapsed time: 0:07.37[h:]min:sec. CPU time: user 10.03 sys 7.98 (244%). Peak memory: 270812KB.
Log                       Ext     Elapsed/s Peak Memory/MB sha1sum result [0:20)
2_1_floorplan             .odb            7            264 a76d972178f1724e4e39
2_1_floorplan             .sdc                             97009b6b5bd858428bbd
/OpenROAD-flow-scripts/flow/scripts/flow.sh 2_2_floorplan_macro macro_place
Running macro_place.tcl, stage 2_2_floorplan_macro
read_liberty ./platforms/nangate45/lib/NangateOpenCellLibrary_typical.lib
read_liberty ./platforms/nangate45/lib/fakeram45_512x64.lib
read_liberty ./platforms/nangate45/lib/fakeram45_64x7.lib
read_liberty ./platforms/nangate45/lib/fakeram45_64x96.lib
read_db /tmp/workspace/scripts-Private_test-fr_cugr_cmp-1-/results/nangate45/bp_fe/base/2_1_floorplan.odb
read_sdc /tmp/workspace/scripts-Private_test-fr_cugr_cmp-1-/results/nangate45/bp_fe/base/2_1_floorplan.sdc
source ./platforms/nangate45/setRC.tcl
[INFO GPL-0022] Initialize gpl and calculate uniform density.
Placement density is 0.4760000053048134, computed from PLACE_DENSITY_LB_ADDON  0.11 and lower bound 0.4000000059604645
rtl_macro_placer -max_num_level 2 -halo_width 10 -halo_height 10 -min_ar 0.33 -area_weight 0.1 -wirelength_weight 100.0 -outline_weight 100.0 -boundary_weight 50.0 -notch_weight 50.0 -report_directory /tmp/workspace/scripts-Private_test-fr_cugr_cmp-1-/objects/nangate45/bp_fe/base/rtlmp -fence_lx 0.0 -fence_ly 0.0 -fence_ux 0.0 -fence_uy 0.0 -target_util 0.4760000053048134
[WARNING MPL-0074] -halo_width/-halo_height are deprecated, use the set_macro_base_halo command instead.
Die Area: (0.00, 0.00) (800.00, 600.00),  Floorplan Area: (10.07, 11.20) (789.83, 589.40)
	Number of std cell instances: 34012
	Area of std cell instances: 53521.06
	Number of macros: 11
	Macros to be placed: 11
	Area of macros: 160975.22
	Base halo (L, B, R, T): (10.00, 10.00, 10.00, 10.00)
	Area of macros with halos: 173033.67
	Area of std cell instances + Area of macros: 214496.28
	Floorplan area: 450857.23
	Design Utilization: 0.48
	Floorplan Utilization: 0.18
	Manufacturing Grid: 10

[INFO MPL-0500] Runtime: 19.06s
Took 19 seconds: rtl_macro_placer -max_num_level 2 -halo_width 10 -halo_height 10 -min_ar 0.33 -area_weight 0.1 -wirelength_weight 100.0 -outline_weight 100.0 -boundary_weight 50.0 -notch_weight 50.0 -report_directory /tmp/workspace/scripts-Private_test-fr_cugr_cmp-1-/objects/nangate45/bp_fe/base/rtlmp -fence_lx 0.0 -fence_ly 0.0 -fence_ux 0.0 -fence_uy 0.0 -target_util 0.4760000053048134
Design area 214496 um^2 48% utilization.
write_db /tmp/workspace/scripts-Private_test-fr_cugr_cmp-1-/results/nangate45/bp_fe/base/2_2_floorplan_macro.odb
Elapsed time: 0:19.81[h:]min:sec. CPU time: user 85.32 sys 21.04 (536%). Peak memory: 301292KB.
Log                       Ext     Elapsed/s Peak Memory/MB sha1sum result [0:20)
2_2_floorplan_macro       .odb           19            294 ab50013dc2abbb5affaa
/OpenROAD-flow-scripts/flow/scripts/flow.sh 2_3_floorplan_tapcell tapcell
Running tapcell.tcl, stage 2_3_floorplan_tapcell
read_liberty ./platforms/nangate45/lib/NangateOpenCellLibrary_typical.lib
read_liberty ./platforms/nangate45/lib/fakeram45_512x64.lib
read_liberty ./platforms/nangate45/lib/fakeram45_64x7.lib
read_liberty ./platforms/nangate45/lib/fakeram45_64x96.lib
read_db /tmp/workspace/scripts-Private_test-fr_cugr_cmp-1-/results/nangate45/bp_fe/base/2_2_floorplan_macro.odb
read_sdc /tmp/workspace/scripts-Private_test-fr_cugr_cmp-1-/results/nangate45/bp_fe/base/2_1_floorplan.sdc
source ./platforms/nangate45/setRC.tcl
[INFO ODB-0303] The initial 413 rows (1694952 sites) were cut with 11 shapes for a total of 1068 rows (1051045 sites).
[INFO TAP-0004] Inserted 1158 endcaps.
[INFO TAP-0005] Inserted 755 tapcells.
Design area 215265 um^2 48% utilization.
write_db /tmp/workspace/scripts-Private_test-fr_cugr_cmp-1-/results/nangate45/bp_fe/base/2_3_floorplan_tapcell.odb
Elapsed time: 0:00.55[h:]min:sec. CPU time: user 0.48 sys 0.07 (100%). Peak memory: 157880KB.
Log                       Ext     Elapsed/s Peak Memory/MB sha1sum result [0:20)
2_3_floorplan_tapcell     .odb            0            154 52eaea13c39d55a45d37
/OpenROAD-flow-scripts/flow/scripts/flow.sh 2_4_floorplan_pdn pdn
Running pdn.tcl, stage 2_4_floorplan_pdn
read_liberty ./platforms/nangate45/lib/NangateOpenCellLibrary_typical.lib
read_liberty ./platforms/nangate45/lib/fakeram45_512x64.lib
read_liberty ./platforms/nangate45/lib/fakeram45_64x7.lib
read_liberty ./platforms/nangate45/lib/fakeram45_64x96.lib
read_db /tmp/workspace/scripts-Private_test-fr_cugr_cmp-1-/results/nangate45/bp_fe/base/2_3_floorplan_tapcell.odb
read_sdc /tmp/workspace/scripts-Private_test-fr_cugr_cmp-1-/results/nangate45/bp_fe/base/2_1_floorplan.sdc
source ./platforms/nangate45/setRC.tcl
[WARNING PDN-1051] No instances found for grid (CORE_macro_grid_2).
[INFO PDN-0001] Inserting grid: grid
[INFO PDN-0001] Inserting grid: CORE_macro_grid_1 - bp_fe_pc_gen_1.genblk1_branch_prediction_1.btb_1.btb_mem.macro_mem/mem
[INFO PDN-0001] Inserting grid: CORE_macro_grid_1 - icache_1/data_mem_banks_0__data_mem_bank.macro_mem/mem
[INFO PDN-0001] Inserting grid: CORE_macro_grid_1 - icache_1/data_mem_banks_1__data_mem_bank.macro_mem/mem
[INFO PDN-0001] Inserting grid: CORE_macro_grid_1 - icache_1/data_mem_banks_2__data_mem_bank.macro_mem/mem
[INFO PDN-0001] Inserting grid: CORE_macro_grid_1 - icache_1/data_mem_banks_3__data_mem_bank.macro_mem/mem
[INFO PDN-0001] Inserting grid: CORE_macro_grid_1 - icache_1/data_mem_banks_4__data_mem_bank.macro_mem/mem
[INFO PDN-0001] Inserting grid: CORE_macro_grid_1 - icache_1/data_mem_banks_5__data_mem_bank.macro_mem/mem
[INFO PDN-0001] Inserting grid: CORE_macro_grid_1 - icache_1/data_mem_banks_6__data_mem_bank.macro_mem/mem
[INFO PDN-0001] Inserting grid: CORE_macro_grid_1 - icache_1/data_mem_banks_7__data_mem_bank.macro_mem/mem
[INFO PDN-0001] Inserting grid: CORE_macro_grid_1 - icache_1/metadata_mem.macro_mem.mem
[INFO PDN-0001] Inserting grid: CORE_macro_grid_1 - icache_1/tag_mem.macro_mem.mem
[WARNING PDN-0195] Removing 1 via(s) between metal4 and metal5 at (145.8850 um, 195.6500 um) for VDD
[WARNING PDN-0195] Removing 1 via(s) between metal4 and metal5 at (150.3650 um, 195.6500 um) for VDD
[WARNING PDN-0195] Removing 1 via(s) between metal4 and metal5 at (154.8450 um, 195.6500 um) for VDD
[WARNING PDN-0195] Removing 1 via(s) between metal4 and metal5 at (159.3250 um, 195.6500 um) for VDD
[WARNING PDN-0195] Removing 1 via(s) between metal4 and metal5 at (163.8050 um, 195.6500 um) for VDD
[WARNING PDN-0195] Removing 1 via(s) between metal4 and metal5 at (168.2850 um, 195.6500 um) for VDD
[WARNING PDN-0195] Removing 1 via(s) between metal4 and metal5 at (172.7650 um, 195.6500 um) for VDD
[WARNING PDN-0195] Removing 1 via(s) between metal4 and metal5 at (177.2450 um, 195.6500 um) for VDD
[WARNING PDN-0195] Removing 1 via(s) between metal4 and metal5 at (181.7250 um, 195.6500 um) for VDD
[WARNING PDN-0195] Removing 1 via(s) between metal4 and metal5 at (186.2050 um, 195.6500 um) for VDD
[WARNING PDN-0195] Removing 1 via(s) between metal4 and metal5 at (190.6850 um, 195.6500 um) for VDD
[INFO PDN-0500] Runtime: 0.15s
Design area 215265 um^2 48% utilization.
write_db /tmp/workspace/scripts-Private_test-fr_cugr_cmp-1-/results/nangate45/bp_fe/base/2_4_floorplan_pdn.odb
Elapsed time: 0:01.13[h:]min:sec. CPU time: user 1.05 sys 0.08 (100%). Peak memory: 204512KB.
Log                       Ext     Elapsed/s Peak Memory/MB sha1sum result [0:20)
2_4_floorplan_pdn         .odb            1            199 446f5b0470dce1b5e06a
cp /tmp/workspace/scripts-Private_test-fr_cugr_cmp-1-/results/nangate45/bp_fe/base/2_4_floorplan_pdn.odb /tmp/workspace/scripts-Private_test-fr_cugr_cmp-1-/results/nangate45/bp_fe/base/2_floorplan.odb
cp /tmp/workspace/scripts-Private_test-fr_cugr_cmp-1-/results/nangate45/bp_fe/base/2_1_floorplan.sdc /tmp/workspace/scripts-Private_test-fr_cugr_cmp-1-/results/nangate45/bp_fe/base/2_floorplan.sdc
/OpenROAD-flow-scripts/flow/scripts/flow.sh 3_1_place_gp_skip_io global_place_skip_io
Running global_place_skip_io.tcl, stage 3_1_place_gp_skip_io
read_liberty ./platforms/nangate45/lib/NangateOpenCellLibrary_typical.lib
read_liberty ./platforms/nangate45/lib/fakeram45_512x64.lib
read_liberty ./platforms/nangate45/lib/fakeram45_64x7.lib
read_liberty ./platforms/nangate45/lib/fakeram45_64x96.lib
read_db /tmp/workspace/scripts-Private_test-fr_cugr_cmp-1-/results/nangate45/bp_fe/base/2_floorplan.odb
read_sdc /tmp/workspace/scripts-Private_test-fr_cugr_cmp-1-/results/nangate45/bp_fe/base/2_floorplan.sdc
source ./platforms/nangate45/setRC.tcl
[INFO GPL-0022] Initialize gpl and calculate uniform density.
Placement density is 0.3157999989390373, computed from PLACE_DENSITY_LB_ADDON  0.11 and lower bound 0.2199999988079071
global_placement -skip_io -density 0.3157999989390373 -pad_left 0 -pad_right 0
[INFO GPL-0001] ---- Initialize GPL Main Data Structures
[INFO GPL-0002] DBU: 2000
[INFO GPL-0003] SiteSize: (  0.190  1.400 ) um
[INFO GPL-0004] CoreBBox: ( 10.070 11.200 ) ( 789.830 589.400 ) um
[INFO GPL-0016] Core area:                  450857.232 um^2
[INFO GPL-0036] Movable instances area:      53521.062 um^2
[INFO GPL-0037] Total instances area:       217488.782 um^2
[INFO GPL-0035] Pin density area adjust:      5705.960 um^2
[INFO GPL-0032] ---- Initialize Region: Top-level
[INFO GPL-0006] Number of instances:             39254
[INFO GPL-0007] Movable instances:               34012
[INFO GPL-0008] Fixed instances:                  2902
[INFO GPL-0009] Dummy instances:                  2340
[INFO GPL-0010] Number of nets:                  40319
[INFO GPL-0011] Number of pins:                 123806
[INFO GPL-0012] Die BBox:       (  0.000  0.000 ) ( 800.000 600.000 ) um
[INFO GPL-0013] Placement BBox: ( 10.070 11.200 ) ( 789.830 589.400 ) um
[INFO GPL-0014] Region name: top-level.
[INFO GPL-0015] Region area:                450857.232 um^2
[INFO GPL-0017] Fixed instances area:       180637.408 um^2
[INFO GPL-0018] Movable instances area:      59227.022 um^2
[INFO GPL-0019] Utilization:                    21.918 %
[INFO GPL-0020] Standard cells area:         59227.022 um^2
[INFO GPL-0021] Large instances area:            0.000 um^2
[INFO GPL-0005] ---- Execute Conjugate Gradient Initial Placement.
[INFO GPL-0051] Source of initial instance position counters:
	Odb location = 34012	Core center = 0	Region center = 0
[INFO GPL-0033] ---- Initialize Nesterov Region: Top-level
[INFO GPL-0023] Placement target density:       0.3158
[INFO GPL-0024] Movable insts average area:      1.741 um^2
[INFO GPL-0025] Ideal bin area:                  5.514 um^2
[INFO GPL-0026] Ideal bin count:                 81764
[INFO GPL-0027] Total bin area:             450857.232 um^2
[INFO GPL-0028] Bin count (X, Y):         256 ,    256
[INFO GPL-0029] Bin size (W * H):       3.046 *  2.259 um
[INFO GPL-0030] Number of bins:                  65536
[INFO GPL-0084] ---- Execute Nesterov Global Placement.
[INFO GPL-0031] HPWL: Half-Perimeter Wirelength
Iteration | Overflow |     HPWL (um) |  HPWL(%) |   Penalty | Group
---------------------------------------------------------------
        0 |   0.9831 |  8.282383e+05 |   +0.00% |  8.25e-15 |      
       10 |   0.9023 |  9.376312e+05 |  +13.21% |  1.31e-14 |      
       20 |   0.9029 |  9.174826e+05 |   -2.15% |  2.13e-14 |      
       30 |   0.8868 |  8.915089e+05 |   -2.83% |  3.47e-14 |      
       40 |   0.8893 |  8.274981e+05 |   -7.18% |  5.66e-14 |      
       50 |   0.9040 |  7.720493e+05 |   -6.70% |  9.22e-14 |      
       60 |   0.9094 |  7.253530e+05 |   -6.05% |  1.50e-13 |      
       70 |   0.9168 |  6.832214e+05 |   -5.81% |  2.45e-13 |      
       80 |   0.9209 |  6.460663e+05 |   -5.44% |  3.98e-13 |      
       90 |   0.9207 |  6.334984e+05 |   -1.95% |  6.49e-13 |      
      100 |   0.9173 |  6.339769e+05 |   +0.08% |  1.06e-12 |      
      110 |   0.9166 |  6.325378e+05 |   -0.23% |  1.72e-12 |      
      120 |   0.9159 |  6.334056e+05 |   +0.14% |  2.80e-12 |      
      130 |   0.9125 |  6.395895e+05 |   +0.98% |  4.56e-12 |      
      140 |   0.9094 |  6.523219e+05 |   +1.99% |  7.41e-12 |      
      150 |   0.9043 |  6.725562e+05 |   +3.10% |  1.20e-11 |      
      160 |   0.8958 |  7.023445e+05 |   +4.43% |  1.95e-11 |      
      170 |   0.8830 |  7.391910e+05 |   +5.25% |  3.14e-11 |      
      180 |   0.8620 |  7.709151e+05 |   +4.29% |  5.08e-11 |      
      190 |   0.8397 |  8.067085e+05 |   +4.64% |  8.22e-11 |      
      200 |   0.8113 |  8.547333e+05 |   +5.95% |  1.32e-10 |      
      210 |   0.7775 |  8.924124e+05 |   +4.41% |  2.14e-10 |      
      220 |   0.7432 |  9.347279e+05 |   +4.74% |  3.45e-10 |      
      230 |   0.7065 |  9.758583e+05 |   +4.40% |  5.57e-10 |      
      240 |   0.6626 |  1.011834e+06 |   +3.69% |  9.01e-10 |      
      250 |   0.6079 |  1.042549e+06 |   +3.04% |  1.46e-09 |      
      260 |   0.5644 |  1.069594e+06 |   +2.59% |  2.36e-09 |      
      270 |   0.5225 |  1.108676e+06 |   +3.65% |  3.81e-09 |      
      280 |   0.4762 |  1.142508e+06 |   +3.05% |  6.16e-09 |      
      290 |   0.4311 |  1.169792e+06 |   +2.39% |  9.98e-09 |      
      300 |   0.3924 |  1.188708e+06 |   +1.62% |  1.62e-08 |      
      310 |   0.3506 |  1.208502e+06 |   +1.67% |  2.62e-08 |      
      320 |   0.3215 |  1.211728e+06 |   +0.27% |  3.94e-08 |      
      330 |   0.2910 |  1.207647e+06 |   -0.34% |  5.80e-08 |      
      340 |   0.2666 |  1.200930e+06 |   -0.56% |  8.55e-08 |      
      350 |   0.2412 |  1.196059e+06 |   -0.41% |  1.26e-07 |      
      360 |   0.2201 |  1.187486e+06 |   -0.72% |  1.86e-07 |      
      370 |   0.1959 |  1.190396e+06 |   +0.25% |  2.73e-07 |      
      380 |   0.1734 |  1.191934e+06 |   +0.13% |  4.02e-07 |      
      390 |   0.1517 |  1.194121e+06 |   +0.18% |  5.93e-07 |      
      400 |   0.1331 |  1.197418e+06 |   +0.28% |  8.72e-07 |      
      410 |   0.1145 |  1.201137e+06 |   +0.31% |  1.28e-06 |      
      420 |   0.0991 |  1.205843e+06 |   +0.39% |  1.89e-06 |      
      420 |   0.0991 |  1.205843e+06 |          |  1.97e-06 |      
---------------------------------------------------------------
[INFO GPL-1001] Global placement finished at iteration 420
[INFO GPL-1002] Placed Cell Area            59227.0225
[INFO GPL-1003] Available Free Area         270219.8240
[INFO GPL-1004] Minimum Feasible Density        0.2200 (cell_area / free_area)
[INFO GPL-1006]   Suggested Target Densities:
[INFO GPL-1007]     - For 90% usage of free space: 0.2435
[INFO GPL-1008]     - For 80% usage of free space: 0.2740
[INFO GPL-1009]     - For 50% usage of free space: 0.4384
[INFO GPL-1014] Final placement area: 59227.02 (+0.00%)
Took 7 seconds: global_placement -skip_io -density 0.3157999989390373 -pad_left 0 -pad_right 0
Design area 215265 um^2 48% utilization.
write_db /tmp/workspace/scripts-Private_test-fr_cugr_cmp-1-/results/nangate45/bp_fe/base/3_1_place_gp_skip_io.odb
Elapsed time: 0:08.35[h:]min:sec. CPU time: user 167.22 sys 0.30 (2005%). Peak memory: 257940KB.
Log                       Ext     Elapsed/s Peak Memory/MB sha1sum result [0:20)
3_1_place_gp_skip_io      .odb            8            251 f95b03d7b93510c1cb58
/OpenROAD-flow-scripts/flow/scripts/flow.sh 3_2_place_iop io_placement
Running io_placement.tcl, stage 3_2_place_iop
read_liberty ./platforms/nangate45/lib/NangateOpenCellLibrary_typical.lib
read_liberty ./platforms/nangate45/lib/fakeram45_512x64.lib
read_liberty ./platforms/nangate45/lib/fakeram45_64x7.lib
read_liberty ./platforms/nangate45/lib/fakeram45_64x96.lib
read_db /tmp/workspace/scripts-Private_test-fr_cugr_cmp-1-/results/nangate45/bp_fe/base/3_1_place_gp_skip_io.odb
read_sdc /tmp/workspace/scripts-Private_test-fr_cugr_cmp-1-/results/nangate45/bp_fe/base/2_floorplan.sdc
source ./platforms/nangate45/setRC.tcl
place_pins -hor_layers metal5 -ver_layers metal6
Found 11 macro blocks.
Using 2 tracks default min distance between IO pins.
[INFO PPL-0001] Number of available slots 2851
[INFO PPL-0002] Number of I/O             2511
[INFO PPL-0003] Number of I/O w/sink      2448
[INFO PPL-0004] Number of I/O w/o sink    63
[INFO PPL-0005] Slots per section         200
[INFO PPL-0008] Successfully assigned pins to sections.
[INFO PPL-0012] I/O nets HPWL: 742990.00 um.
Design area 215265 um^2 48% utilization.
write_db /tmp/workspace/scripts-Private_test-fr_cugr_cmp-1-/results/nangate45/bp_fe/base/3_2_place_iop.odb
Elapsed time: 0:00.99[h:]min:sec. CPU time: user 0.88 sys 0.12 (100%). Peak memory: 186604KB.
Log                       Ext     Elapsed/s Peak Memory/MB sha1sum result [0:20)
3_2_place_iop             .odb            0            182 b62c53cbab32fc9f018c
/OpenROAD-flow-scripts/flow/scripts/flow.sh 3_3_place_gp global_place
Running global_place.tcl, stage 3_3_place_gp
read_liberty ./platforms/nangate45/lib/NangateOpenCellLibrary_typical.lib
read_liberty ./platforms/nangate45/lib/fakeram45_512x64.lib
read_liberty ./platforms/nangate45/lib/fakeram45_64x7.lib
read_liberty ./platforms/nangate45/lib/fakeram45_64x96.lib
read_db /tmp/workspace/scripts-Private_test-fr_cugr_cmp-1-/results/nangate45/bp_fe/base/3_2_place_iop.odb
read_sdc /tmp/workspace/scripts-Private_test-fr_cugr_cmp-1-/results/nangate45/bp_fe/base/2_floorplan.sdc
source ./platforms/nangate45/setRC.tcl
[INFO RSZ-0026] Removed 4319 buffers.
Perform port buffering...
[INFO RSZ-0027] Inserted 1172 BUF_X1 input buffers.
[INFO RSZ-0028] Inserted 735 BUF_X1 output buffers.
[INFO GPL-0022] Initialize gpl and calculate uniform density.
Placement density is 0.3157999989390373, computed from PLACE_DENSITY_LB_ADDON  0.11 and lower bound 0.2199999988079071
global_placement -density 0.3157999989390373 -pad_left 0 -pad_right 0 -routability_driven -timing_driven -keep_resize_below_overflow 0 -force_center_initial_place -min_phi_coef 0.95 -max_phi_coef 1.05
[INFO GPL-0001] ---- Initialize GPL Main Data Structures
[INFO GPL-0002] DBU: 2000
[INFO GPL-0003] SiteSize: (  0.190  1.400 ) um
[INFO GPL-0004] CoreBBox: ( 10.070 11.200 ) ( 789.830 589.400 ) um
[INFO GPL-0016] Core area:                  450857.232 um^2
[INFO GPL-0036] Movable instances area:      51382.156 um^2
[INFO GPL-0037] Total instances area:       215349.876 um^2
[INFO GPL-0035] Pin density area adjust:      5693.070 um^2
[INFO GPL-0032] ---- Initialize Region: Top-level
[INFO GPL-0006] Number of instances:             36842
[INFO GPL-0007] Movable instances:               31600
[INFO GPL-0008] Fixed instances:                  2902
[INFO GPL-0009] Dummy instances:                  2340
[INFO GPL-0010] Number of nets:                  37907
[INFO GPL-0011] Number of pins:                 121493
[INFO GPL-0012] Die BBox:       (  0.000  0.000 ) ( 800.000 600.000 ) um
[INFO GPL-0013] Placement BBox: ( 10.070 11.200 ) ( 789.830 589.400 ) um
[INFO GPL-0014] Region name: top-level.
[INFO GPL-0015] Region area:                450857.232 um^2
[INFO GPL-0017] Fixed instances area:       180637.408 um^2
[INFO GPL-0018] Movable instances area:      57075.226 um^2
[INFO GPL-0019] Utilization:                    21.122 %
[INFO GPL-0020] Standard cells area:         57075.226 um^2
[INFO GPL-0021] Large instances area:            0.000 um^2
[INFO GPL-0005] ---- Execute Conjugate Gradient Initial Placement.
[INFO GPL-0051] Source of initial instance position counters:
	Odb location = 0	Core center = 31600	Region center = 0
[InitialPlace]  Iter: 1 conjugate gradient residual: 0.00120613 HPWL: 4204265631
[InitialPlace]  Iter: 2 conjugate gradient residual: 0.00014210 HPWL: 3673476335
[InitialPlace]  Iter: 3 conjugate gradient residual: 0.00009289 HPWL: 3577210282
[InitialPlace]  Iter: 4 conjugate gradient residual: 0.00008369 HPWL: 3470240791
[InitialPlace]  Iter: 5 conjugate gradient residual: 0.00006540 HPWL: 3401563981
[InitialPlace]  Iter: 6 conjugate gradient residual: 0.00005593 HPWL: 3349545690
[InitialPlace]  Iter: 7 conjugate gradient residual: 0.00004454 HPWL: 3298775218
[InitialPlace]  Iter: 8 conjugate gradient residual: 0.00007042 HPWL: 3253512241
[InitialPlace]  Iter: 9 conjugate gradient residual: 0.00004907 HPWL: 3210358679
[InitialPlace]  Iter: 10 conjugate gradient residual: 0.00003021 HPWL: 3169166597
[InitialPlace]  Iter: 11 conjugate gradient residual: 0.00003245 HPWL: 3132234359
[InitialPlace]  Iter: 12 conjugate gradient residual: 0.00003378 HPWL: 3104043106
[InitialPlace]  Iter: 13 conjugate gradient residual: 0.00002809 HPWL: 3084707513
[InitialPlace]  Iter: 14 conjugate gradient residual: 0.00003041 HPWL: 3072721697
[InitialPlace]  Iter: 15 conjugate gradient residual: 0.00002280 HPWL: 3066540883
[InitialPlace]  Iter: 16 conjugate gradient residual: 0.00002164 HPWL: 3063825619
[InitialPlace]  Iter: 17 conjugate gradient residual: 0.00002690 HPWL: 3060472743
[InitialPlace]  Iter: 18 conjugate gradient residual: 0.00002857 HPWL: 3058590997
[InitialPlace]  Iter: 19 conjugate gradient residual: 0.00002680 HPWL: 3056295295
[InitialPlace]  Iter: 20 conjugate gradient residual: 0.00002926 HPWL: 3054997846
[INFO GPL-0033] ---- Initialize Nesterov Region: Top-level
[INFO GPL-0023] Placement target density:       0.3158
[INFO GPL-0024] Movable insts average area:      1.806 um^2
[INFO GPL-0025] Ideal bin area:                  5.719 um^2
[INFO GPL-0026] Ideal bin count:                 78829
[INFO GPL-0027] Total bin area:             450857.232 um^2
[INFO GPL-0028] Bin count (X, Y):         256 ,    256
[INFO GPL-0029] Bin size (W * H):       3.046 *  2.259 um
[INFO GPL-0030] Number of bins:                  65536
[INFO GPL-0084] ---- Execute Nesterov Global Placement.
[INFO GPL-0031] HPWL: Half-Perimeter Wirelength
Iteration | Overflow |     HPWL (um) |  HPWL(%) |   Penalty | Group
---------------------------------------------------------------
        0 |   0.9065 |  1.160718e+06 |   +0.00% |  1.03e-14 |      
       10 |   0.8056 |  1.304363e+06 |  +12.38% |  1.59e-14 |      
       20 |   0.7850 |  1.328773e+06 |   +1.87% |  2.57e-14 |      
       30 |   0.7735 |  1.326399e+06 |   -0.18% |  4.18e-14 |      
       40 |   0.7704 |  1.322271e+06 |   -0.31% |  6.81e-14 |      
       50 |   0.7690 |  1.319547e+06 |   -0.21% |  1.11e-13 |      
       60 |   0.7701 |  1.318616e+06 |   -0.07% |  1.81e-13 |      
       70 |   0.7704 |  1.320225e+06 |   +0.12% |  2.94e-13 |      
       80 |   0.7705 |  1.321050e+06 |   +0.06% |  4.79e-13 |      
       90 |   0.7709 |  1.321057e+06 |   +0.00% |  7.81e-13 |      
      100 |   0.7718 |  1.320283e+06 |   -0.06% |  1.27e-12 |      
      110 |   0.7709 |  1.319140e+06 |   -0.09% |  2.07e-12 |      
      120 |   0.7694 |  1.317424e+06 |   -0.13% |  3.37e-12 |      
      130 |   0.7677 |  1.317000e+06 |   -0.03% |  5.50e-12 |      
      140 |   0.7662 |  1.317234e+06 |   +0.02% |  8.95e-12 |      
      150 |   0.7625 |  1.318352e+06 |   +0.08% |  1.46e-11 |      
      160 |   0.7559 |  1.320074e+06 |   +0.13% |  2.37e-11 |      
      170 |   0.7455 |  1.322695e+06 |   +0.20% |  3.86e-11 |      
      180 |   0.7303 |  1.327430e+06 |   +0.36% |  6.29e-11 |      
      190 |   0.7116 |  1.331402e+06 |   +0.30% |  1.02e-10 |      
      200 |   0.6906 |  1.332596e+06 |   +0.09% |  1.67e-10 |      
      210 |   0.6665 |  1.337007e+06 |   +0.33% |  2.71e-10 |      
      220 |   0.6317 |  1.342005e+06 |   +0.37% |  4.41e-10 |      
[INFO GPL-0100] Timing-driven iteration 1/2, virtual: true.
[INFO GPL-0101]    Iter: 221, overflow: 0.632, keep resizer changes at: 0, HPWL: 2684010636
Iteration |   Area    | Resized | Buffers | Nets repaired | Remaining
---------------------------------------------------------------------
        0 |     +0.0% |       0 |       0 |             0 |     37907
    final |     +1.1% |     428 |    1159 |           907 |         0
---------------------------------------------------------------------
[INFO RSZ-0034] Found 556 slew violations.
[INFO RSZ-0036] Found 663 capacitance violations.
[INFO RSZ-0037] Found 97 long wires.
[INFO RSZ-0039] Resized 428 instances.
[INFO RSZ-0038] Inserted 1159 buffers in 907 nets.
   Iter   |    Area   | Removed | Inserted |   Pins
          |           | Buffers | Buffers  | Remaining
-------------------------------------------------------
        0 |     +0.0% |       0 |        0 |     35606
     3500 |     +0.2% |      45 |      486 |     32106
     7000 |     +0.3% |     231 |      882 |     28606
    10500 |     +0.3% |     360 |     1128 |     25106
    14000 |     +0.3% |     416 |     1188 |     21606
    17500 |     +0.3% |     498 |     1289 |     18106
    21000 |     +0.2% |     767 |     1547 |     14606
    24500 |     +0.2% |    1009 |     1915 |     11106
    28000 |     +0.3% |    1012 |     2013 |      7606
    31500 |     +0.3% |    1052 |     2064 |      4106
    35000 |     +0.2% |    1170 |     2160 |       606
    final |     +0.2% |    1172 |     2195 |         0
-------------------------------------------------------
[INFO GPL-0106] Timing-driven: worst slack -7.15e-10
Iteration | Overflow |     HPWL (um) |  HPWL(%) |   Penalty | Group
---------------------------------------------------------------
      230 |   0.5977 |  1.308788e+06 |   -2.48% |  7.13e-10 |      
[INFO GPL-0038] Routability snapshot saved at iter = 231
      230 |   0.5977 |  1.308788e+06 |          |           |      
      240 |   0.5554 |  1.299397e+06 |   -0.72% |  1.16e-09 |      
      250 |   0.5154 |  1.298616e+06 |   -0.06% |  1.89e-09 |      
      260 |   0.4802 |  1.307704e+06 |   +0.70% |  3.07e-09 |      
      270 |   0.4482 |  1.310707e+06 |   +0.23% |  5.00e-09 |      
      280 |   0.4112 |  1.312448e+06 |   +0.13% |  8.15e-09 |      
      290 |   0.3809 |  1.314688e+06 |   +0.17% |  1.33e-08 |      
      300 |   0.3553 |  1.317385e+06 |   +0.21% |  2.16e-08 |      
      310 |   0.3270 |  1.313731e+06 |   -0.28% |  3.27e-08 |      
      320 |   0.3060 |  1.311551e+06 |   -0.17% |  4.82e-08 |      
[INFO GPL-0040] Routability iteration: 1
[WARNING GRT-0281] Net clk_i has a large fanout of 4327 terminals.
[INFO GPL-0041] Total routing overflow: 24.7293
[INFO GPL-0042] Number of overflowed tiles: 592 (1.01%)
[INFO GPL-0043] Average top 0.5% routing congestion: 1.0700
[INFO GPL-0044] Average top 1.0% routing congestion: 1.0421
[INFO GPL-0045] Average top 2.0% routing congestion: 1.0130
[INFO GPL-0046] Average top 5.0% routing congestion: 0.9694
[INFO GPL-0047] Routability iteration weighted routing congestion: 1.0560
[INFO GPL-0048] Routing congestion (1.0560) lower than previous minimum (1e+30). Updating minimum.
[INFO GPL-0086] Inflated area:                   9.438 um^2 (+0.02%)
[INFO GPL-0052] Placement target density:       0.3158
[INFO GPL-0076] Removing fillers, count: Before: 15845, After: 15840 (-0.03%)
[INFO GPL-0077] Filler area (um^2)     : Before: 28260.199, After: 28250.640 (-0.03%)
[INFO GPL-0078] Removed fillers count: 5, area removed: 8.918 um^2. Remaining area to be compensated by modifying density: 0.520 um^2
[INFO GPL-0058] White space area:           270219.824 um^2 (+0.00%)
[INFO GPL-0059] Movable instances area:      85335.425 um^2 (+0.00%)
[INFO GPL-0060] Total filler area:           28250.640 um^2 (-0.03%)
[INFO GPL-0061] Total non-inflated area:     85335.304 um^2 (-0.00%)
[INFO GPL-0062] Total inflated area:         85344.742 um^2 (-0.00%)
[INFO GPL-0063] New Target Density:             0.3158
[INFO GPL-0087] Routability end iteration: increase inflation and revert back to snapshot.
Iteration | Overflow |     HPWL (um) |  HPWL(%) |   Penalty | Group
---------------------------------------------------------------
      330 |   0.5706 |  1.301371e+06 |   -0.78% |  9.44e-10 |      
      340 |   0.5311 |  1.294980e+06 |   -0.49% |  1.39e-09 |      
      350 |   0.5055 |  1.298840e+06 |   +0.30% |  2.05e-09 |      
      360 |   0.4805 |  1.300568e+06 |   +0.13% |  3.02e-09 |      
      370 |   0.4466 |  1.299490e+06 |   -0.08% |  4.44e-09 |      
      380 |   0.4204 |  1.300543e+06 |   +0.08% |  6.54e-09 |      
      390 |   0.4000 |  1.303843e+06 |   +0.25% |  9.63e-09 |      
      400 |   0.3783 |  1.307751e+06 |   +0.30% |  1.42e-08 |      
      410 |   0.3553 |  1.305806e+06 |   -0.15% |  2.09e-08 |      
      420 |   0.3320 |  1.304947e+06 |   -0.07% |  3.08e-08 |      
      430 |   0.3118 |  1.303316e+06 |   -0.12% |  4.53e-08 |      
[INFO GPL-0040] Routability iteration: 2
[INFO GPL-0041] Total routing overflow: 24.3042
[INFO GPL-0042] Number of overflowed tiles: 571 (0.97%)
[INFO GPL-0043] Average top 0.5% routing congestion: 1.0711
[INFO GPL-0044] Average top 1.0% routing congestion: 1.0413
[INFO GPL-0045] Average top 2.0% routing congestion: 1.0122
[INFO GPL-0046] Average top 5.0% routing congestion: 0.9689
[INFO GPL-0047] Routability iteration weighted routing congestion: 1.0562
[INFO GPL-0049] Routing congestion (1.0562) higher than minimum (1.0560). Consecutive non-improvement count: 1.
[INFO GPL-0086] Inflated area:                  11.932 um^2 (+0.02%)
[INFO GPL-0052] Placement target density:       0.3158
[INFO GPL-0076] Removing fillers, count: Before: 15840, After: 15834 (-0.04%)
[INFO GPL-0077] Filler area (um^2)     : Before: 28250.640, After: 28239.939 (-0.04%)
[INFO GPL-0078] Removed fillers count: 6, area removed: 10.701 um^2. Remaining area to be compensated by modifying density: 1.231 um^2
[INFO GPL-0058] White space area:           270219.824 um^2 (+0.00%)
[INFO GPL-0059] Movable instances area:      85335.425 um^2 (+0.00%)
[INFO GPL-0060] Total filler area:           28239.939 um^2 (-0.04%)
[INFO GPL-0061] Total non-inflated area:     85336.535 um^2 (+0.00%)
[INFO GPL-0062] Total inflated area:         85348.468 um^2 (+0.00%)
[INFO GPL-0063] New Target Density:             0.3158
[INFO GPL-0087] Routability end iteration: increase inflation and revert back to snapshot.
Iteration | Overflow |     HPWL (um) |  HPWL(%) |   Penalty | Group
---------------------------------------------------------------
      440 |   0.5749 |  1.302219e+06 |   -0.08% |  9.08e-10 |      
      450 |   0.5351 |  1.295338e+06 |   -0.53% |  1.34e-09 |      
      460 |   0.5084 |  1.298294e+06 |   +0.23% |  1.97e-09 |      
      470 |   0.4837 |  1.300861e+06 |   +0.20% |  2.90e-09 |      
      480 |   0.4504 |  1.299573e+06 |   -0.10% |  4.27e-09 |      
      490 |   0.4230 |  1.299761e+06 |   +0.01% |  6.29e-09 |      
      500 |   0.4024 |  1.302916e+06 |   +0.24% |  9.26e-09 |      
      510 |   0.3797 |  1.307756e+06 |   +0.37% |  1.36e-08 |      
      520 |   0.3551 |  1.306138e+06 |   -0.12% |  2.01e-08 |      
      530 |   0.3345 |  1.304940e+06 |   -0.09% |  2.96e-08 |      
      540 |   0.3130 |  1.303438e+06 |   -0.12% |  4.36e-08 |      
[INFO GPL-0040] Routability iteration: 3
[INFO GPL-0041] Total routing overflow: 23.8704
[INFO GPL-0042] Number of overflowed tiles: 573 (0.97%)
[INFO GPL-0043] Average top 0.5% routing congestion: 1.0691
[INFO GPL-0044] Average top 1.0% routing congestion: 1.0406
[INFO GPL-0045] Average top 2.0% routing congestion: 1.0119
[INFO GPL-0046] Average top 5.0% routing congestion: 0.9689
[INFO GPL-0047] Routability iteration weighted routing congestion: 1.0548
[INFO GPL-0048] Routing congestion (1.0548) lower than previous minimum (1.056). Updating minimum.
[INFO GPL-0086] Inflated area:                  10.633 um^2 (+0.02%)
[INFO GPL-0052] Placement target density:       0.3158
[INFO GPL-0076] Removing fillers, count: Before: 15834, After: 15829 (-0.03%)
[INFO GPL-0077] Filler area (um^2)     : Before: 28239.939, After: 28231.021 (-0.03%)
[INFO GPL-0078] Removed fillers count: 5, area removed: 8.918 um^2. Remaining area to be compensated by modifying density: 1.716 um^2
[INFO GPL-0058] White space area:           270219.824 um^2 (+0.00%)
[INFO GPL-0059] Movable instances area:      85335.425 um^2 (+0.00%)
[INFO GPL-0060] Total filler area:           28231.021 um^2 (-0.03%)
[INFO GPL-0061] Total non-inflated area:     85338.251 um^2 (+0.00%)
[INFO GPL-0062] Total inflated area:         85348.884 um^2 (+0.00%)
[INFO GPL-0063] New Target Density:             0.3158
[INFO GPL-0087] Routability end iteration: increase inflation and revert back to snapshot.
Iteration | Overflow |     HPWL (um) |  HPWL(%) |   Penalty | Group
---------------------------------------------------------------
      550 |   0.5839 |  1.304012e+06 |   +0.04% |  8.40e-10 |      
      560 |   0.5435 |  1.295458e+06 |   -0.66% |  1.24e-09 |      
      570 |   0.5141 |  1.297107e+06 |   +0.13% |  1.82e-09 |      
      580 |   0.4877 |  1.300859e+06 |   +0.29% |  2.68e-09 |      
      590 |   0.4585 |  1.299914e+06 |   -0.07% |  3.95e-09 |      
      600 |   0.4285 |  1.299324e+06 |   -0.05% |  5.82e-09 |      
      610 |   0.4046 |  1.301723e+06 |   +0.18% |  8.57e-09 |      
      620 |   0.3838 |  1.307571e+06 |   +0.45% |  1.26e-08 |      
      630 |   0.3585 |  1.306817e+06 |   -0.06% |  1.86e-08 |      
      640 |   0.3388 |  1.305336e+06 |   -0.11% |  2.74e-08 |      
      650 |   0.3176 |  1.303558e+06 |   -0.14% |  4.03e-08 |      
[INFO GPL-0040] Routability iteration: 4
[INFO GPL-0041] Total routing overflow: 22.8480
[INFO GPL-0042] Number of overflowed tiles: 563 (0.96%)
[INFO GPL-0043] Average top 0.5% routing congestion: 1.0663
[INFO GPL-0044] Average top 1.0% routing congestion: 1.0388
[INFO GPL-0045] Average top 2.0% routing congestion: 1.0110
[INFO GPL-0046] Average top 5.0% routing congestion: 0.9686
[INFO GPL-0047] Routability iteration weighted routing congestion: 1.0526
[INFO GPL-0048] Routing congestion (1.0526) lower than previous minimum (1.055). Updating minimum.
[INFO GPL-0086] Inflated area:                   7.562 um^2 (+0.01%)
[INFO GPL-0052] Placement target density:       0.3158
[INFO GPL-0076] Removing fillers, count: Before: 15829, After: 15825 (-0.03%)
[INFO GPL-0077] Filler area (um^2)     : Before: 28231.021, After: 28223.888 (-0.03%)
[INFO GPL-0078] Removed fillers count: 4, area removed: 7.134 um^2. Remaining area to be compensated by modifying density: 0.428 um^2
[INFO GPL-0058] White space area:           270219.824 um^2 (+0.00%)
[INFO GPL-0059] Movable instances area:      85335.425 um^2 (+0.00%)
[INFO GPL-0060] Total filler area:           28223.888 um^2 (-0.03%)
[INFO GPL-0061] Total non-inflated area:     85338.679 um^2 (+0.00%)
[INFO GPL-0062] Total inflated area:         85346.241 um^2 (+0.00%)
[INFO GPL-0063] New Target Density:             0.3158
[INFO GPL-0087] Routability end iteration: increase inflation and revert back to snapshot.
Iteration | Overflow |     HPWL (um) |  HPWL(%) |   Penalty | Group
---------------------------------------------------------------
      660 |   0.5914 |  1.306323e+06 |   +0.21% |  7.77e-10 |      
      670 |   0.5517 |  1.296843e+06 |   -0.73% |  1.15e-09 |      
      680 |   0.5200 |  1.295444e+06 |   -0.11% |  1.69e-09 |      
      690 |   0.4925 |  1.300973e+06 |   +0.43% |  2.48e-09 |      
      700 |   0.4653 |  1.300265e+06 |   -0.05% |  3.66e-09 |      
      710 |   0.4336 |  1.299207e+06 |   -0.08% |  5.39e-09 |      
      720 |   0.4079 |  1.300921e+06 |   +0.13% |  7.93e-09 |      
      730 |   0.3882 |  1.306984e+06 |   +0.47% |  1.17e-08 |      
      740 |   0.3631 |  1.307582e+06 |   +0.05% |  1.72e-08 |      
      750 |   0.3441 |  1.305441e+06 |   -0.16% |  2.53e-08 |      
      760 |   0.3208 |  1.304258e+06 |   -0.09% |  3.73e-08 |      
      770 |   0.2987 |  1.302285e+06 |   -0.15% |  5.49e-08 |      
[INFO GPL-0040] Routability iteration: 5
[INFO GPL-0041] Total routing overflow: 23.2261
[INFO GPL-0042] Number of overflowed tiles: 554 (0.94%)
[INFO GPL-0043] Average top 0.5% routing congestion: 1.0677
[INFO GPL-0044] Average top 1.0% routing congestion: 1.0394
[INFO GPL-0045] Average top 2.0% routing congestion: 1.0111
[INFO GPL-0046] Average top 5.0% routing congestion: 0.9685
[INFO GPL-0047] Routability iteration weighted routing congestion: 1.0536
[INFO GPL-0049] Routing congestion (1.0536) higher than minimum (1.0526). Consecutive non-improvement count: 1.
[INFO GPL-0086] Inflated area:                   4.957 um^2 (+0.01%)
[INFO GPL-0052] Placement target density:       0.3158
[INFO GPL-0076] Removing fillers, count: Before: 15825, After: 15823 (-0.01%)
[INFO GPL-0077] Filler area (um^2)     : Before: 28223.888, After: 28220.321 (-0.01%)
[INFO GPL-0078] Removed fillers count: 2, area removed: 3.567 um^2. Remaining area to be compensated by modifying density: 1.390 um^2
[INFO GPL-0058] White space area:           270219.824 um^2 (+0.00%)
[INFO GPL-0059] Movable instances area:      85335.425 um^2 (+0.00%)
[INFO GPL-0060] Total filler area:           28220.321 um^2 (-0.01%)
[INFO GPL-0061] Total non-inflated area:     85340.069 um^2 (+0.00%)
[INFO GPL-0062] Total inflated area:         85345.025 um^2 (+0.00%)
[INFO GPL-0063] New Target Density:             0.3158
[INFO GPL-0087] Routability end iteration: increase inflation and revert back to snapshot.
Iteration | Overflow |     HPWL (um) |  HPWL(%) |   Penalty | Group
---------------------------------------------------------------
      780 |   0.5578 |  1.298487e+06 |   -0.29% |  1.06e-09 |      
      790 |   0.5252 |  1.294694e+06 |   -0.29% |  1.56e-09 |      
      800 |   0.4989 |  1.300365e+06 |   +0.44% |  2.30e-09 |      
      810 |   0.4712 |  1.301036e+06 |   +0.05% |  3.38e-09 |      
      820 |   0.4386 |  1.298946e+06 |   -0.16% |  4.98e-09 |      
      830 |   0.4120 |  1.300802e+06 |   +0.14% |  7.34e-09 |      
      840 |   0.3914 |  1.306123e+06 |   +0.41% |  1.08e-08 |      
      850 |   0.3692 |  1.308104e+06 |   +0.15% |  1.59e-08 |      
      860 |   0.3481 |  1.305472e+06 |   -0.20% |  2.34e-08 |      
      870 |   0.3254 |  1.304541e+06 |   -0.07% |  3.45e-08 |      
      880 |   0.3027 |  1.302847e+06 |   -0.13% |  5.08e-08 |      
[INFO GPL-0040] Routability iteration: 6
[INFO GPL-0041] Total routing overflow: 23.2748
[INFO GPL-0042] Number of overflowed tiles: 574 (0.98%)
[INFO GPL-0043] Average top 0.5% routing congestion: 1.0678
[INFO GPL-0044] Average top 1.0% routing congestion: 1.0396
[INFO GPL-0045] Average top 2.0% routing congestion: 1.0112
[INFO GPL-0046] Average top 5.0% routing congestion: 0.9685
[INFO GPL-0047] Routability iteration weighted routing congestion: 1.0537
[INFO GPL-0049] Routing congestion (1.0537) higher than minimum (1.0526). Consecutive non-improvement count: 2.
[INFO GPL-0086] Inflated area:                   4.658 um^2 (+0.01%)
[INFO GPL-0052] Placement target density:       0.3158
[INFO GPL-0076] Removing fillers, count: Before: 15823, After: 15821 (-0.01%)
[INFO GPL-0077] Filler area (um^2)     : Before: 28220.321, After: 28216.753 (-0.01%)
[INFO GPL-0078] Removed fillers count: 2, area removed: 3.567 um^2. Remaining area to be compensated by modifying density: 1.091 um^2
[INFO GPL-0058] White space area:           270219.824 um^2 (+0.00%)
[INFO GPL-0059] Movable instances area:      85335.425 um^2 (+0.00%)
[INFO GPL-0060] Total filler area:           28216.753 um^2 (-0.01%)
[INFO GPL-0061] Total non-inflated area:     85341.160 um^2 (+0.00%)
[INFO GPL-0062] Total inflated area:         85345.818 um^2 (+0.00%)
[INFO GPL-0063] New Target Density:             0.3158
[INFO GPL-0087] Routability end iteration: increase inflation and revert back to snapshot.
Iteration | Overflow |     HPWL (um) |  HPWL(%) |   Penalty | Group
---------------------------------------------------------------
      890 |   0.5661 |  1.300455e+06 |   -0.18% |  9.81e-10 |      
      900 |   0.5290 |  1.294853e+06 |   -0.43% |  1.44e-09 |      
      910 |   0.5036 |  1.299702e+06 |   +0.37% |  2.13e-09 |      
      920 |   0.4771 |  1.300973e+06 |   +0.10% |  3.13e-09 |      
      930 |   0.4441 |  1.299357e+06 |   -0.12% |  4.61e-09 |      
      940 |   0.4172 |  1.300479e+06 |   +0.09% |  6.79e-09 |      
      950 |   0.3960 |  1.304827e+06 |   +0.33% |  1.00e-08 |      
      960 |   0.3758 |  1.308053e+06 |   +0.25% |  1.47e-08 |      
      970 |   0.3525 |  1.305558e+06 |   -0.19% |  2.17e-08 |      
      980 |   0.3303 |  1.304982e+06 |   -0.04% |  3.19e-08 |      
      990 |   0.3071 |  1.303353e+06 |   -0.12% |  4.71e-08 |      
[INFO GPL-0040] Routability iteration: 7
[INFO GPL-0041] Total routing overflow: 23.2498
[INFO GPL-0042] Number of overflowed tiles: 557 (0.95%)
[INFO GPL-0043] Average top 0.5% routing congestion: 1.0679
[INFO GPL-0044] Average top 1.0% routing congestion: 1.0395
[INFO GPL-0045] Average top 2.0% routing congestion: 1.0109
[INFO GPL-0046] Average top 5.0% routing congestion: 0.9685
[INFO GPL-0047] Routability iteration weighted routing congestion: 1.0537
[INFO GPL-0049] Routing congestion (1.0537) higher than minimum (1.0526). Consecutive non-improvement count: 3.
[INFO GPL-0086] Inflated area:                   5.543 um^2 (+0.01%)
[INFO GPL-0052] Placement target density:       0.3158
[INFO GPL-0076] Removing fillers, count: Before: 15821, After: 15818 (-0.02%)
[INFO GPL-0077] Filler area (um^2)     : Before: 28216.753, After: 28211.403 (-0.02%)
[INFO GPL-0078] Removed fillers count: 3, area removed: 5.351 um^2. Remaining area to be compensated by modifying density: 0.192 um^2
[INFO GPL-0054] No improvement in routing congestion for 3 consecutive iterations (limit is 3).
[INFO GPL-0055] Reverting inflation values and target density from the iteration with minimum observed routing congestion.
[INFO GPL-0056] Minimum observed routing congestion: 1.0526
[INFO GPL-0057] Target density at minimum routing congestion: 0.3158
[INFO GPL-0080] Restoring 11 previously removed fillers.
[INFO GPL-0081] Number of fillers before restoration 15818 and after 15829 . Relative change: +0.07%%
[INFO GPL-0082] Total filler area before restoration 28211.40 and after 28231.02 (um^2). Relative change: +0.07%%
[INFO GPL-0089] Routability finished. Reverting to minimal observed routing congestion, could not reach target.
Iteration | Overflow |     HPWL (um) |  HPWL(%) |   Penalty | Group
---------------------------------------------------------------
     1000 |   0.5748 |  1.302168e+06 |   -0.09% |  9.08e-10 |      
     1010 |   0.5350 |  1.295300e+06 |   -0.53% |  1.34e-09 |      
     1020 |   0.5083 |  1.298301e+06 |   +0.23% |  1.97e-09 |      
     1030 |   0.4836 |  1.300903e+06 |   +0.20% |  2.90e-09 |      
     1040 |   0.4505 |  1.299601e+06 |   -0.10% |  4.27e-09 |      
     1050 |   0.4230 |  1.299779e+06 |   +0.01% |  6.29e-09 |      
     1060 |   0.4024 |  1.302951e+06 |   +0.24% |  9.26e-09 |      
     1070 |   0.3797 |  1.307787e+06 |   +0.37% |  1.36e-08 |      
     1080 |   0.3550 |  1.306167e+06 |   -0.12% |  2.01e-08 |      
     1090 |   0.3348 |  1.305157e+06 |   -0.08% |  2.96e-08 |      
     1100 |   0.3125 |  1.303509e+06 |   -0.13% |  4.36e-08 |      
     1110 |   0.2884 |  1.301710e+06 |   -0.14% |  6.42e-08 |      
     1120 |   0.2660 |  1.300126e+06 |   -0.12% |  9.45e-08 |      
     1130 |   0.2440 |  1.298120e+06 |   -0.15% |  1.39e-07 |      
     1140 |   0.2203 |  1.296637e+06 |   -0.11% |  2.05e-07 |      
     1150 |   0.1949 |  1.296761e+06 |   +0.01% |  3.02e-07 |      
[INFO GPL-0100] Timing-driven iteration 2/2, virtual: true.
[INFO GPL-0101]    Iter: 1151, overflow: 0.195, keep resizer changes at: 0, HPWL: 2593522317
Iteration |   Area    | Resized | Buffers | Nets repaired | Remaining
---------------------------------------------------------------------
        0 |     +0.0% |       0 |       0 |             0 |     37907
    final |     +1.6% |     564 |    1680 |          1335 |         0
---------------------------------------------------------------------
[INFO RSZ-0034] Found 696 slew violations.
[INFO RSZ-0036] Found 1062 capacitance violations.
[INFO RSZ-0037] Found 120 long wires.
[INFO RSZ-0039] Resized 564 instances.
[INFO RSZ-0038] Inserted 1680 buffers in 1335 nets.
   Iter   |    Area   | Removed | Inserted |   Pins
          |           | Buffers | Buffers  | Remaining
-------------------------------------------------------
        0 |     +0.0% |       0 |        0 |     35606
     3500 |     +0.2% |      51 |      425 |     32106
     7000 |     +0.1% |     410 |      842 |     28606
    10500 |     +0.0% |     668 |     1143 |     25106
    14000 |     +0.0% |     758 |     1285 |     21606
    17500 |     +0.0% |     865 |     1445 |     18106
    21000 |     -0.0% |    1169 |     1764 |     14606
    24500 |     +0.0% |    1496 |     2405 |     11106
    28000 |     +0.0% |    1499 |     2411 |      7606
    31500 |     +0.1% |    1549 |     2480 |      4106
    35000 |     +0.0% |    1680 |     2636 |       606
    final |     +0.0% |    1686 |     2658 |         0
-------------------------------------------------------
[INFO GPL-0106] Timing-driven: worst slack -7.15e-10
Iteration | Overflow |     HPWL (um) |  HPWL(%) |   Penalty | Group
---------------------------------------------------------------
     1160 |   0.1710 |  1.296449e+06 |   -0.02% |  4.45e-07 |      
     1170 |   0.1490 |  1.297196e+06 |   +0.06% |  6.55e-07 |      
     1180 |   0.1303 |  1.299021e+06 |   +0.14% |  9.65e-07 |      
     1190 |   0.1130 |  1.302054e+06 |   +0.23% |  1.42e-06 |      
     1199 |   0.0988 |  1.305587e+06 |          |  2.09e-06 |      
---------------------------------------------------------------
[INFO GPL-1001] Global placement finished at iteration 1199
[INFO GPL-1017] Routability mode iteration count: 868
[INFO GPL-1005] Routability final weighted congestion: 1.0654
[INFO GPL-1002] Placed Cell Area            57124.4065
[INFO GPL-1003] Available Free Area         270219.8240
[INFO GPL-1004] Minimum Feasible Density        0.2200 (cell_area / free_area)
[INFO GPL-1006]   Suggested Target Densities:
[INFO GPL-1007]     - For 90% usage of free space: 0.2349
[INFO GPL-1008]     - For 80% usage of free space: 0.2642
[INFO GPL-1009]     - For 50% usage of free space: 0.4228
[INFO GPL-1011] Original area (um^2): 57075.23
[INFO GPL-1012] Total routability artificial inflation: 32.00 (+0.06%)
[INFO GPL-1013] Total timing-driven delta area: 0.00 (+0.00%)
[INFO GPL-1014] Final placement area: 57124.41 (+0.09%)
Took 116 seconds: global_placement -density 0.3157999989390373 -pad_left 0 -pad_right 0 -routability_driven -timing_driven -keep_resize_below_overflow 0 -force_center_initial_place -min_phi_coef 0.95 -max_phi_coef 1.05
estimate_parasitics -placement
Report metrics stage 3, global place...

==========================================================================
global place report_design_area
--------------------------------------------------------------------------
Design area 213126 um^2 47% utilization.
write_db /tmp/workspace/scripts-Private_test-fr_cugr_cmp-1-/results/nangate45/bp_fe/base/3_3_place_gp.odb
Elapsed time: 2:04.70[h:]min:sec. CPU time: user 744.24 sys 251.63 (798%). Peak memory: 772192KB.
Log                       Ext     Elapsed/s Peak Memory/MB sha1sum result [0:20)
3_3_place_gp              .odb          124            754 7b994c17b58092658d88
/OpenROAD-flow-scripts/flow/scripts/flow.sh 3_4_place_resized resize
Running resize.tcl, stage 3_4_place_resized
read_liberty ./platforms/nangate45/lib/NangateOpenCellLibrary_typical.lib
read_liberty ./platforms/nangate45/lib/fakeram45_512x64.lib
read_liberty ./platforms/nangate45/lib/fakeram45_64x7.lib
read_liberty ./platforms/nangate45/lib/fakeram45_64x96.lib
read_db /tmp/workspace/scripts-Private_test-fr_cugr_cmp-1-/results/nangate45/bp_fe/base/3_3_place_gp.odb
read_sdc /tmp/workspace/scripts-Private_test-fr_cugr_cmp-1-/results/nangate45/bp_fe/base/2_floorplan.sdc
source ./platforms/nangate45/setRC.tcl
estimate_parasitics -placement
Perform buffer insertion and gate resizing...
repair_design -verbose
Iteration |   Area    | Resized | Buffers | Nets repaired | Remaining
---------------------------------------------------------------------
        0 |     +0.0% |       0 |       0 |             0 |     37907
     1000 |     +0.0% |      11 |       8 |            12 |     36907
     2000 |     +0.0% |      18 |      15 |            19 |     35907
     3000 |     +0.0% |      18 |      15 |            19 |     34907
     4000 |     +0.2% |      72 |     158 |           133 |     33907
     5000 |     +0.3% |     100 |     311 |           314 |     32907
     6000 |     +0.4% |     128 |     367 |           383 |     31907
     7000 |     +0.4% |     150 |     397 |           419 |     30907
     8000 |     +0.5% |     226 |     536 |           587 |     29907
     9000 |     +0.6% |     247 |     583 |           637 |     28907
    10000 |     +0.6% |     249 |     615 |           641 |     27907
    11000 |     +0.6% |     261 |     651 |           662 |     26907
    12000 |     +0.7% |     264 |     713 |           725 |     25907
    13000 |     +0.7% |     277 |     723 |           739 |     24907
    14000 |     +0.7% |     291 |     747 |           765 |     23907
    15000 |     +0.8% |     309 |     787 |           814 |     22907
    16000 |     +0.8% |     309 |     789 |           816 |     21907
    17000 |     +0.8% |     320 |     853 |           843 |     20907
    18000 |     +0.8% |     320 |     853 |           843 |     19907
    19000 |     +0.8% |     322 |     874 |           846 |     18907
    20000 |     +0.9% |     325 |     891 |           850 |     17907
    21000 |     +1.1% |     476 |    1118 |          1125 |     16907
    22000 |     +1.2% |     489 |    1215 |          1142 |     15907
    23000 |     +1.3% |     514 |    1333 |          1182 |     14907
    24000 |     +1.3% |     516 |    1335 |          1185 |     13907
    25000 |     +1.5% |     549 |    1494 |          1237 |     12907
    26000 |     +1.5% |     551 |    1510 |          1240 |     11907
    27000 |     +1.5% |     552 |    1516 |          1245 |     10907
    28000 |     +1.5% |     552 |    1516 |          1245 |      9907
    29000 |     +1.5% |     552 |    1516 |          1245 |      8907
    30000 |     +1.5% |     554 |    1534 |          1247 |      7907
    31000 |     +1.5% |     554 |    1534 |          1247 |      6907
    32000 |     +1.5% |     555 |    1550 |          1249 |      5907
    33000 |     +1.5% |     557 |    1565 |          1251 |      4907
    34000 |     +1.6% |     564 |    1598 |          1266 |      3907
    35000 |     +1.6% |     565 |    1609 |          1277 |      2907
    36000 |     +1.6% |     565 |    1609 |          1277 |      1907
    37000 |     +1.6% |     565 |    1609 |          1277 |       907
    final |     +1.6% |     565 |    1609 |          1277 |         0
---------------------------------------------------------------------
[INFO RSZ-0034] Found 696 slew violations.
[INFO RSZ-0036] Found 1066 capacitance violations.
[INFO RSZ-0039] Resized 565 instances.
[INFO RSZ-0038] Inserted 1609 buffers in 1277 nets.
[INFO RSZ-0504] Runtime: 32.37s
Took 32 seconds: repair_design -verbose
Floating nets: 
Report metrics stage 3, resizer...

==========================================================================
resizer report_design_area
--------------------------------------------------------------------------
Design area 216469 um^2 48% utilization.
Instance count before 34502, after 36111
Pin count before 118982, after 122200
write_db /tmp/workspace/scripts-Private_test-fr_cugr_cmp-1-/results/nangate45/bp_fe/base/3_4_place_resized.odb
Elapsed time: 0:44.87[h:]min:sec. CPU time: user 91.63 sys 107.11 (442%). Peak memory: 403132KB.
Log                       Ext     Elapsed/s Peak Memory/MB sha1sum result [0:20)
3_4_place_resized         .odb           44            393 9aac595ff5c0391e8d57
/OpenROAD-flow-scripts/flow/scripts/flow.sh 3_5_place_dp detail_place
Running detail_place.tcl, stage 3_5_place_dp
read_liberty ./platforms/nangate45/lib/NangateOpenCellLibrary_typical.lib
read_liberty ./platforms/nangate45/lib/fakeram45_512x64.lib
read_liberty ./platforms/nangate45/lib/fakeram45_64x7.lib
read_liberty ./platforms/nangate45/lib/fakeram45_64x96.lib
read_db /tmp/workspace/scripts-Private_test-fr_cugr_cmp-1-/results/nangate45/bp_fe/base/3_4_place_resized.odb
read_sdc /tmp/workspace/scripts-Private_test-fr_cugr_cmp-1-/results/nangate45/bp_fe/base/2_floorplan.sdc
source ./platforms/nangate45/setRC.tcl
detailed_placement
[INFO DPL-0006] Core area: 450857.23 um^2
[INFO DPL-0007] Movable instances area: 54725.24 um^2
[INFO DPL-0008] Fixed instances area within core: 161744.23 um^2
[INFO DPL-0009] Utilization: 48.0%
[INFO DPL-0005] Diamond search max displacement: +/- 500 sites horizontally, +/- 100 rows vertically.
[INFO DPL-1102] Legalizing using negotiation legalizer.
[INFO DPL-1103] Negotiation base search window: +/-20 sites horizontally, +/-5 rows vertically 
	Automatic search window extension enabled.
	Search window extendable up to the max displacement cap of +/-500 sites, +/-100 rows near walls.
[INFO DPL-1104] NegotiationLegalizer DRC penalty: 5.
[INFO DPL-0392] Negotiation cell height distribution (4 unique row-count(s)):
[INFO DPL-0393]   height 1 row(s): 36100 cells
[INFO DPL-0393]   height 26 row(s): 1 cells
[INFO DPL-0393]   height 64 row(s): 1 cells
[INFO DPL-0393]   height 81 row(s): 9 cells
          |      Total |  Illegal |  Illegal
Iteration | Violations |    Cells |    Sites
---------------------------------------------
        0 |        110 |        54 |        56
        1 |          0 |         0 |         0
Negotiation phase 1 converged at iteration 1.
[INFO DPL-0500] Runtime: 0.43s
Placement Analysis
---------------------------------
total displacement      49506.0 u
average displacement        1.4 u
max displacement           76.3 u
original HPWL         1402405.0 u
legalized HPWL        1424853.3 u
delta HPWL                    2 %

improve_placement -max_displacement "5 1"
Detailed placement improvement.
[INFO DPL-0401] Setting random seed to 1.
[INFO DPL-0402] Setting maximum displacement 5 1 to 14000 2800 units.
[INFO DPL-0320] Collected 6256 fixed cells.
[INFO DPL-0318] Collected 33209 single height cells.
[INFO DPL-0321] Collected 0 wide cells.
[INFO DPL-0322] Image (20140, 22400) - (1579660, 1178800)
[INFO DPL-0310] Assigned 33209 cells into segments.  Movement in X-direction is 0.000000, movement in Y-direction is 0.000000.
[INFO DPL-0313] Found 0 cells in wrong regions.
[INFO DPL-0315] Found 0 row alignment problems.
[INFO DPL-0314] Found 0 site alignment problems.
[INFO DPL-0311] Found 0 overlaps between adjacent cells.
[INFO DPL-0312] Found 0 edge spacing violations and 0 padding violations.
[INFO DPL-0303] Running algorithm for independent set matching.
[INFO DPL-0300] Set matching objective is wirelength.
[INFO DPL-0301] Pass   1 of matching; objective is 2.538373e+09.
[INFO DPL-0302] End of matching; objective is 2.538097e+09, improvement is 0.01 percent.
[INFO DPL-0303] Running algorithm for global swaps.
[INFO DPL-0306] Pass   1 of global swaps; hpwl is 2.512218e+09.
[INFO DPL-0306] Pass   2 of global swaps; hpwl is 2.507125e+09.
[INFO DPL-0307] End of global swaps; objective is 2.507125e+09, improvement is 1.22 percent.
[INFO DPL-0303] Running algorithm for vertical swaps.
[INFO DPL-0308] Pass   1 of vertical swaps; hpwl is 2.504068e+09.
[INFO DPL-0309] End of vertical swaps; objective is 2.504068e+09, improvement is 0.12 percent.
[INFO DPL-0303] Running algorithm for reordering.
[INFO DPL-0304] Pass   1 of reordering; objective is 2.503311e+09.
[INFO DPL-0305] End of reordering; objective is 2.503311e+09, improvement is 0.03 percent.
[INFO DPL-0303] Running algorithm for random improvement.
[INFO DPL-0324] Random improver is using random generator.
[INFO DPL-0325] Random improver is using hpwl objective.
[INFO DPL-0326] Random improver cost string is (a).
[INFO DPL-0332] End of pass, Generator random called 664180 times.
[INFO DPL-0335] Generator random, Cumulative attempts 664180, swaps 35452, moves 302477 since last reset.
[INFO DPL-0333] End of pass, Objective hpwl, Initial cost 2.500367e+09, Scratch cost 2.488162e+09, Incremental cost 2.488162e+09, Mismatch? N
[INFO DPL-0338] End of pass, Total cost is 2.488162e+09.
[INFO DPL-0327] Pass   1 of random improver; improvement in cost is 0.49 percent.
[INFO DPL-0328] End of random improver; improvement is 0.488131 percent.
[INFO DPL-0380] Cell flipping.
[INFO DPL-0382] Changed 0 cell orientations for row compatibility.
[INFO DPL-0383] Performed 11452 cell flips.
[INFO DPL-0384] End of flipping; objective is 2.476871e+09, improvement is 0.57 percent.
[INFO DPL-0313] Found 0 cells in wrong regions.
[INFO DPL-0315] Found 0 row alignment problems.
[INFO DPL-0314] Found 0 site alignment problems.
[INFO DPL-0311] Found 0 overlaps between adjacent cells.
[INFO DPL-0312] Found 0 edge spacing violations and 0 padding violations.
Detailed Improvement Results
------------------------------------------
Original HPWL          1424853.3 u (  822675.2,   602178.1)
Final HPWL             1396796.8 u (  811402.0,   585394.8)
Delta HPWL                  -2.0 % (      -1.4,       -2.8)

Took 6 seconds: improve_placement -max_displacement "5 1"
optimize_mirroring
[INFO DPL-0020] Mirrored 1736 instances
[INFO DPL-0021] HPWL before          1396796.8 u
[INFO DPL-0022] HPWL after           1396635.6 u
[INFO DPL-0023] HPWL delta               -0.0 %
[INFO FLW-0012] Placement violations .
estimate_parasitics -placement
Report metrics stage 3, detailed place...

==========================================================================
detailed place report_design_area
--------------------------------------------------------------------------
Design area 216469 um^2 48% utilization.
write_db /tmp/workspace/scripts-Private_test-fr_cugr_cmp-1-/results/nangate45/bp_fe/base/3_5_place_dp.odb
write_sdc -no_timestamp /tmp/workspace/scripts-Private_test-fr_cugr_cmp-1-/results/nangate45/bp_fe/base/3_place.sdc
Elapsed time: 0:19.19[h:]min:sec. CPU time: user 26.94 sys 13.60 (211%). Peak memory: 417028KB.
Log                       Ext     Elapsed/s Peak Memory/MB sha1sum result [0:20)
3_5_place_dp              .odb           19            407 74e8d5ff4570528b33cc
cp /tmp/workspace/scripts-Private_test-fr_cugr_cmp-1-/results/nangate45/bp_fe/base/3_5_place_dp.odb /tmp/workspace/scripts-Private_test-fr_cugr_cmp-1-/results/nangate45/bp_fe/base/3_place.odb
/OpenROAD-flow-scripts/flow/scripts/flow.sh 4_1_cts cts
Running cts.tcl, stage 4_1_cts
read_liberty ./platforms/nangate45/lib/NangateOpenCellLibrary_typical.lib
read_liberty ./platforms/nangate45/lib/fakeram45_512x64.lib
read_liberty ./platforms/nangate45/lib/fakeram45_64x7.lib
read_liberty ./platforms/nangate45/lib/fakeram45_64x96.lib
read_db /tmp/workspace/scripts-Private_test-fr_cugr_cmp-1-/results/nangate45/bp_fe/base/3_place.odb
read_sdc /tmp/workspace/scripts-Private_test-fr_cugr_cmp-1-/results/nangate45/bp_fe/base/3_place.sdc
source ./platforms/nangate45/setRC.tcl
clock_tree_synthesis -sink_clustering_enable -repair_clock_nets
[INFO CTS-0050] Root buffer is CLKBUF_X3.
[INFO CTS-0051] Sink buffer is CLKBUF_X3.
[INFO CTS-0052] The following clock buffers will be used for CTS:
                    CLKBUF_X3
[INFO CTS-0049] Characterization buffer is CLKBUF_X3.
[INFO CTS-0007] Net "clk_i" found for clock "CLK".
[INFO CTS-0011]  Clock net "clk_i" for macros has 11 sinks.
[INFO CTS-0011]  Clock net "clk_i_regs" for registers has 4315 sinks.
[INFO CTS-0008] TritonCTS found 2 clock nets.
[INFO CTS-0097] Characterization used 1 buffer(s) types.
[INFO CTS-0201] 9 blockages from hard placement blockages and placed macros will be used.
[INFO CTS-0027] Generating H-Tree topology for net clk_i.
[INFO CTS-0028]  Total number of sinks: 11.
[INFO CTS-0029]  Macro  sinks will be clustered in groups of up to 4 and with maximum cluster diameter of 305.1 um.
[INFO CTS-0030]  Number of static layers: 0.
[INFO CTS-0020]  Wire segment unit: 14000  dbu (7 um).
[INFO CTS-0204] A clustering solution was found from clustering size of 4 and clustering diameter of 305.
[INFO CTS-0205] Better solution may be possible if either -sink_clustering_size, -sink_clustering_max_diameter, or both options are omitted to enable automatic clustering.
[INFO CTS-0019]  Total number of sinks after clustering: 5.
[INFO CTS-0024]  Normalized sink region: [(13.1114, 15.395), (87.7307, 84.185)].
[INFO CTS-0025]     Width:  74.6193.
[INFO CTS-0026]     Height: 68.7900.
 Level 1
    Direction: Horizontal
    Sinks per sub-region: 3
    Sub-region size: 37.3096 X 68.7900
[INFO CTS-0034]     Segment length (rounded): 18.
 Level 2
    Direction: Vertical
    Sinks per sub-region: 2
    Sub-region size: 37.3096 X 34.3950
[INFO CTS-0034]     Segment length (rounded): 18.
[INFO CTS-0038]  Stop criterion found. Sink region hpwl is smaller than max wirelength (591.189 um) and max number of sinks is 15.
[INFO CTS-0035]  Number of sinks covered: 5.
[INFO CTS-0201] 9 blockages from hard placement blockages and placed macros will be used.
[INFO CTS-0027] Generating H-Tree topology for net clk_i_regs.
[INFO CTS-0028]  Total number of sinks: 4315.
[INFO CTS-0090]  Sinks will be clustered based on buffer max cap.
[INFO CTS-0030]  Number of static layers: 0.
[INFO CTS-0020]  Wire segment unit: 14000  dbu (7 um).
[INFO CTS-0206] Best clustering solution was found from max clustering size of 8 and max clustering diameter of 98.
[INFO CTS-0019]  Total number of sinks after clustering: 695.
[INFO CTS-0024]  Normalized sink region: [(2.7201, 2.10405), (112.059, 76.1909)].
[INFO CTS-0025]     Width:  109.3392.
[INFO CTS-0026]     Height: 74.0869.
 Level 1
    Direction: Horizontal
    Sinks per sub-region: 348
    Sub-region size: 54.6696 X 74.0869
[INFO CTS-0034]     Segment length (rounded): 28.
 Level 2
    Direction: Vertical
    Sinks per sub-region: 174
    Sub-region size: 54.6696 X 37.0434
[INFO CTS-0034]     Segment length (rounded): 18.
 Level 3
    Direction: Horizontal
    Sinks per sub-region: 87
    Sub-region size: 27.3348 X 37.0434
[INFO CTS-0034]     Segment length (rounded): 14.
 Level 4
    Direction: Vertical
    Sinks per sub-region: 44
    Sub-region size: 27.3348 X 18.5217
[INFO CTS-0034]     Segment length (rounded): 10.
 Level 5
    Direction: Horizontal
    Sinks per sub-region: 22
    Sub-region size: 13.6674 X 18.5217
[INFO CTS-0034]     Segment length (rounded): 6.
 Level 6
    Direction: Vertical
    Sinks per sub-region: 11
    Sub-region size: 13.6674 X 9.2609
[INFO CTS-0034]     Segment length (rounded): 4.
[INFO CTS-0038]  Stop criterion found. Sink region hpwl is smaller than max wirelength (591.189 um) and max number of sinks is 15.
[INFO CTS-0035]  Number of sinks covered: 695.
[INFO CTS-0018]     Created 10 clock buffers.
[INFO CTS-0012]     Minimum number of buffers in the clock path: 3.
[INFO CTS-0013]     Maximum number of buffers in the clock path: 3.
[INFO CTS-0015]     Created 10 clock nets.
[INFO CTS-0016]     Fanout distribution for the current clock = 1:3, 2:5, 3:1..
[INFO CTS-0017]     Max level of the clock tree: 2.
[INFO CTS-0018]     Created 802 clock buffers.
[INFO CTS-0012]     Minimum number of buffers in the clock path: 6.
[INFO CTS-0013]     Maximum number of buffers in the clock path: 6.
[INFO CTS-0015]     Created 802 clock nets.
[INFO CTS-0016]     Fanout distribution for the current clock = 2:10, 3:16, 4:33, 5:83, 6:234, 7:281, 8:55, 9:9, 10:6, 11:6, 12:7, 13:5, 14:5, 15:3, 16:1, 18:2, 20:2, 21:1..
[INFO CTS-0017]     Max level of the clock tree: 6.
[INFO CTS-0098] Clock net "clk_i"
[INFO CTS-0099]  Sinks 11
[INFO CTS-0100]  Leaf buffers 5
[INFO CTS-0101]  Average sink wire length 901.79 um
[INFO CTS-0102]  Path depth 3 - 3
[INFO CTS-0207]  Dummy loads inserted 4
[INFO CTS-0098] Clock net "clk_i_regs"
[INFO CTS-0099]  Sinks 4879
[INFO CTS-0100]  Leaf buffers 695
[INFO CTS-0101]  Average sink wire length 534.74 um
[INFO CTS-0102]  Path depth 5 - 6
[INFO CTS-0207]  Dummy loads inserted 564
[INFO CTS-0033] Balancing latency for clock CLK
[INFO CTS-0036]  inserted 3 delay buffers
[INFO CTS-0037] Total number of delay buffers: 3
[INFO CTS-0500] Runtime: 3.03s
estimate_parasitics -placement
detailed_placement
[INFO DPL-0006] Core area: 450857.23 um^2
[INFO DPL-0007] Movable instances area: 56237.72 um^2
[INFO DPL-0008] Fixed instances area within core: 161744.23 um^2
[INFO DPL-0009] Utilization: 48.3%
[INFO DPL-0005] Diamond search max displacement: +/- 500 sites horizontally, +/- 100 rows vertically.
[INFO DPL-1102] Legalizing using negotiation legalizer.
[INFO DPL-1103] Negotiation base search window: +/-20 sites horizontally, +/-5 rows vertically 
	Automatic search window extension enabled.
	Search window extendable up to the max displacement cap of +/-500 sites, +/-100 rows near walls.
[INFO DPL-1104] NegotiationLegalizer DRC penalty: 5.
[INFO DPL-0392] Negotiation cell height distribution (4 unique row-count(s)):
[INFO DPL-0393]   height 1 row(s): 37484 cells
[INFO DPL-0393]   height 26 row(s): 1 cells
[INFO DPL-0393]   height 64 row(s): 1 cells
[INFO DPL-0393]   height 81 row(s): 9 cells
          |      Total |  Illegal |  Illegal
Iteration | Violations |    Cells |    Sites
---------------------------------------------
        0 |          0 |         0 |         0
Negotiation phase 1 converged at iteration 0.
[INFO DPL-0500] Runtime: 0.29s
Placement Analysis
---------------------------------
total displacement      16024.2 u
average displacement        0.4 u
max displacement           30.8 u
original HPWL         1431935.4 u
legalized HPWL        1439779.2 u
delta HPWL                    1 %

estimate_parasitics -placement
repair_timing -setup_margin 0 -hold_margin 0.03 -repair_tns 100 -verbose
[INFO RSZ-0100] Repair move sequence: UnbufferMove SizeUpMove SwapPinsMove BufferMove CloneMove SplitLoadMove 
[INFO RSZ-0094] Found 239 endpoints with setup violations.
[INFO RSZ-0099] Repairing 239 out of 239 (100.00%) violating endpoints...
   Iter   | Removed | Resized | Inserted | Cloned |  Pin  |   Area   |    WNS   |   StTNS    |   EnTNS    |  Viol  |  Worst  
          | Buffers |  Gates  | Buffers  |  Gates | Swaps |          |          |            |            | Endpts | St/EnPt 
------------------------------------------------------------------------------------------------------------------------------
       0* |       0 |       0 |        0 |      0 |     0 |    +0.0% |   -0.613 |      -98.9 |      -41.7 |    239 | bp_fe_pc_gen_1.pc_gen_icache_o\[62\]$_SDFFCE_PP0P_/D
      10* |       0 |       9 |        0 |      0 |     0 |    +0.0% |   -0.589 |      -98.6 |      -40.1 |    239 | bp_fe_pc_gen_1.pc_gen_icache_o\[62\]$_SDFFCE_PP0P_/D
      20* |       0 |      10 |        3 |      1 |     5 |    +0.0% |   -0.590 |      -99.1 |      -41.5 |    239 | bp_fe_pc_gen_1.pc_gen_icache_o\[62\]$_SDFFCE_PP0P_/D
      30* |       0 |      14 |        7 |      1 |     8 |    +0.0% |   -0.438 |      -84.7 |      -33.9 |    239 | bp_fe_pc_gen_1.pc_gen_icache_o\[62\]$_SDFFCE_PP0P_/D
      40* |       0 |      18 |       12 |      1 |    11 |    +0.0% |   -0.424 |      -83.5 |      -33.1 |    239 | bp_fe_pc_gen_1.pc_gen_icache_o\[62\]$_SDFFCE_PP0P_/D
      50* |       0 |      24 |       16 |      2 |    12 |    +0.0% |   -0.400 |      -80.9 |      -32.8 |    239 | bp_fe_pc_gen_1.pc_gen_icache_o\[62\]$_SDFFCE_PP0P_/D
      60* |       0 |      26 |       33 |      2 |    12 |    +0.0% |   -0.388 |      -80.2 |      -32.0 |    239 | bp_fe_pc_gen_1.pc_gen_icache_o\[62\]$_SDFFCE_PP0P_/D
      70* |       0 |      31 |       43 |      2 |    13 |    +0.0% |   -0.378 |      -78.5 |      -31.8 |    239 | bp_fe_pc_gen_1.pc_gen_icache_o\[35\]$_SDFFCE_PP0P_/D
      80* |       0 |      38 |       46 |      2 |    14 |    +0.0% |   -0.370 |      -77.7 |      -30.9 |    239 | bp_fe_pc_gen_1.pc_gen_icache_o\[62\]$_SDFFCE_PP0P_/D
      90* |       0 |      42 |       49 |      2 |    17 |    +0.0% |   -0.370 |      -77.2 |      -31.1 |    239 | bp_fe_pc_gen_1.pc_gen_icache_o\[62\]$_SDFFCE_PP0P_/D
     100* |       0 |      49 |       52 |      2 |    18 |    +0.0% |   -0.348 |      -74.8 |      -30.4 |    239 | bp_fe_pc_gen_1.pc_gen_icache_o\[62\]$_SDFFCE_PP0P_/D
     110* |       2 |      55 |       55 |      2 |    18 |    +0.0% |   -0.222 |      -61.2 |      -19.5 |    239 | bp_fe_pc_gen_1.pc_gen_icache_o\[62\]$_SDFFCE_PP0P_/D
     120* |       2 |      61 |       61 |      2 |    19 |    +0.1% |   -0.212 |      -60.6 |      -18.8 |    239 | bp_fe_pc_gen_1.pc_gen_icache_o\[62\]$_SDFFCE_PP0P_/D
     130* |       2 |      64 |       68 |      3 |    21 |    +0.1% |   -0.201 |      -59.4 |      -13.9 |    239 | bp_fe_pc_gen_1.pc_gen_icache_o\[62\]$_SDFFCE_PP0P_/D
     140* |       2 |      74 |       68 |      3 |    21 |    +0.1% |   -0.162 |      -55.0 |       -9.3 |    239 | bp_fe_pc_gen_1.pc_gen_icache_o\[62\]$_SDFFCE_PP0P_/D
     150* |       4 |      78 |       73 |      3 |    21 |    +0.1% |   -0.108 |      -48.6 |       -5.5 |    239 | lce_lce_tr_resp_o[276]
     160* |       4 |      87 |       73 |      3 |    22 |    +0.1% |   -0.085 |      -46.9 |       -2.1 |    239 | bp_fe_pc_gen_1.pc_gen_icache_o\[62\]$_SDFFCE_PP0P_/D
     170* |       5 |      89 |       77 |      4 |    25 |    +0.1% |   -0.049 |      -45.7 |       -1.4 |    239 | lce_lce_tr_resp_o[468]
     180* |       5 |      95 |       80 |      4 |    27 |    +0.1% |   -0.046 |      -45.6 |       -0.8 |    239 | bp_fe_pc_gen_1.pc_gen_icache_o\[62\]$_SDFFCE_PP0P_/D
     189* |       5 |     101 |       82 |      4 |    28 |    +0.1% |   -0.038 |      -45.4 |       -0.6 |    239 | icache_1/data_mem_banks_4__data_mem_bank.macro_mem/mem/addr_in[6]
     190* |       5 |     101 |       82 |      4 |    28 |    +0.1% |   -0.038 |      -45.4 |       -0.6 |    239 | icache_1/data_mem_banks_4__data_mem_bank.macro_mem/mem/addr_in[6]
     200* |       5 |     106 |       86 |      4 |    30 |    +0.1% |   -0.038 |      -45.3 |       -0.5 |    239 | icache_1/data_mem_banks_4__data_mem_bank.macro_mem/mem/addr_in[6]
     201* |       5 |     106 |       86 |      4 |    31 |    +0.1% |   -0.038 |      -45.3 |       -0.5 |    239 | icache_1/data_mem_banks_4__data_mem_bank.macro_mem/mem/addr_in[6]
     207* |       5 |     111 |       86 |      4 |    31 |    +0.1% |   -0.038 |      -45.4 |       -0.5 |    239 | icache_1/data_mem_banks_4__data_mem_bank.macro_mem/mem/addr_in[6]
     208* |       5 |     111 |       86 |      4 |    31 |    +0.1% |   -0.038 |      -45.4 |       -0.5 |    239 | icache_1/data_mem_banks_4__data_mem_bank.macro_mem/mem/addr_in[6]
     210* |       5 |     112 |       86 |      4 |    31 |    +0.1% |   -0.038 |      -45.4 |       -0.5 |    239 | icache_1/data_mem_banks_4__data_mem_bank.macro_mem/mem/addr_in[6]
     220* |       5 |     118 |       88 |      4 |    33 |    +0.1% |   -0.038 |      -45.3 |       -0.4 |    239 | icache_1/data_mem_banks_4__data_mem_bank.macro_mem/mem/addr_in[6]
     221* |       5 |     119 |       88 |      4 |    33 |    +0.1% |   -0.038 |      -45.3 |       -0.4 |    239 | icache_1/data_mem_banks_4__data_mem_bank.macro_mem/mem/addr_in[6]
     222* |       5 |     119 |       88 |      4 |    33 |    +0.1% |   -0.038 |      -45.3 |       -0.4 |    239 | icache_1/data_mem_banks_4__data_mem_bank.macro_mem/mem/addr_in[6]
     223* |       5 |     119 |       88 |      4 |    33 |    +0.1% |   -0.038 |      -45.3 |       -0.4 |    239 | icache_1/data_mem_banks_4__data_mem_bank.macro_mem/mem/addr_in[6]
     224* |       5 |     119 |       88 |      4 |    33 |    +0.1% |   -0.038 |      -45.3 |       -0.4 |    239 | icache_1/data_mem_banks_4__data_mem_bank.macro_mem/mem/addr_in[6]
     228* |       5 |     121 |       89 |      4 |    33 |    +0.1% |   -0.038 |      -45.3 |       -0.4 |    239 | icache_1/data_mem_banks_4__data_mem_bank.macro_mem/mem/addr_in[6]
     230* |       5 |     121 |       92 |      4 |    33 |    +0.1% |   -0.038 |      -45.3 |       -0.4 |    239 | icache_1/data_mem_banks_4__data_mem_bank.macro_mem/mem/addr_in[6]
     230* |       5 |     121 |       92 |      4 |    33 |    +0.1% |   -0.038 |      -45.3 |       -0.4 |    239 | icache_1/data_mem_banks_4__data_mem_bank.macro_mem/mem/addr_in[6]
     231* |       5 |     121 |       92 |      4 |    33 |    +0.1% |   -0.038 |      -45.3 |       -0.4 |    239 | icache_1/data_mem_banks_4__data_mem_bank.macro_mem/mem/addr_in[6]
     232* |       5 |     121 |       92 |      4 |    33 |    +0.1% |   -0.038 |      -45.3 |       -0.4 |    239 | icache_1/data_mem_banks_4__data_mem_bank.macro_mem/mem/addr_in[6]
     233* |       5 |     121 |       92 |      4 |    33 |    +0.1% |   -0.038 |      -45.3 |       -0.4 |    239 | icache_1/data_mem_banks_4__data_mem_bank.macro_mem/mem/addr_in[6]
     239* |       5 |     125 |       92 |      4 |    34 |    +0.1% |   -0.038 |      -45.3 |       -0.4 |    239 | icache_1/data_mem_banks_4__data_mem_bank.macro_mem/mem/addr_in[6]
     240* |       5 |     125 |       92 |      4 |    34 |    +0.1% |   -0.038 |      -45.3 |       -0.4 |    239 | icache_1/data_mem_banks_4__data_mem_bank.macro_mem/mem/addr_in[6]
     240* |       5 |     125 |       92 |      4 |    34 |    +0.1% |   -0.038 |      -45.3 |       -0.4 |    239 | icache_1/data_mem_banks_4__data_mem_bank.macro_mem/mem/addr_in[6]
     241* |       5 |     125 |       92 |      4 |    34 |    +0.1% |   -0.038 |      -45.3 |       -0.4 |    239 | icache_1/data_mem_banks_4__data_mem_bank.macro_mem/mem/addr_in[6]
     242* |       5 |     125 |       92 |      4 |    34 |    +0.1% |   -0.038 |      -45.3 |       -0.4 |    239 | icache_1/data_mem_banks_4__data_mem_bank.macro_mem/mem/addr_in[6]
     243* |       5 |     125 |       92 |      4 |    34 |    +0.1% |   -0.038 |      -45.3 |       -0.4 |    239 | icache_1/data_mem_banks_4__data_mem_bank.macro_mem/mem/addr_in[6]
     244* |       5 |     125 |       92 |      4 |    34 |    +0.1% |   -0.038 |      -45.3 |       -0.4 |    239 | icache_1/data_mem_banks_4__data_mem_bank.macro_mem/mem/addr_in[6]
     245* |       5 |     125 |       92 |      4 |    34 |    +0.1% |   -0.038 |      -45.3 |       -0.4 |    239 | icache_1/data_mem_banks_4__data_mem_bank.macro_mem/mem/addr_in[6]
     246* |       5 |     125 |       92 |      4 |    34 |    +0.1% |   -0.038 |      -45.3 |       -0.4 |    239 | icache_1/data_mem_banks_4__data_mem_bank.macro_mem/mem/addr_in[6]
     247* |       5 |     125 |       92 |      4 |    34 |    +0.1% |   -0.038 |      -45.3 |       -0.4 |    239 | icache_1/data_mem_banks_4__data_mem_bank.macro_mem/mem/addr_in[6]
     248* |       5 |     125 |       92 |      4 |    34 |    +0.1% |   -0.038 |      -45.3 |       -0.4 |    239 | icache_1/data_mem_banks_4__data_mem_bank.macro_mem/mem/addr_in[6]
     249* |       5 |     125 |       92 |      4 |    34 |    +0.1% |   -0.038 |      -45.3 |       -0.4 |    239 | icache_1/data_mem_banks_4__data_mem_bank.macro_mem/mem/addr_in[6]
     250* |       5 |     125 |       92 |      4 |    34 |    +0.1% |   -0.038 |      -45.3 |       -0.4 |    239 | icache_1/data_mem_banks_4__data_mem_bank.macro_mem/mem/addr_in[6]
     250* |       5 |     125 |       92 |      4 |    34 |    +0.1% |   -0.038 |      -45.3 |       -0.4 |    239 | icache_1/data_mem_banks_4__data_mem_bank.macro_mem/mem/addr_in[6]
     251* |       5 |     125 |       92 |      4 |    34 |    +0.1% |   -0.038 |      -45.3 |       -0.4 |    239 | icache_1/data_mem_banks_4__data_mem_bank.macro_mem/mem/addr_in[6]
     252* |       5 |     125 |       92 |      4 |    34 |    +0.1% |   -0.038 |      -45.3 |       -0.4 |    239 | icache_1/data_mem_banks_4__data_mem_bank.macro_mem/mem/addr_in[6]
     253* |       5 |     125 |       92 |      4 |    34 |    +0.1% |   -0.038 |      -45.3 |       -0.4 |    239 | icache_1/data_mem_banks_4__data_mem_bank.macro_mem/mem/addr_in[6]
     254* |       5 |     125 |       92 |      4 |    34 |    +0.1% |   -0.038 |      -45.3 |       -0.4 |    239 | icache_1/data_mem_banks_4__data_mem_bank.macro_mem/mem/addr_in[6]
     255* |       5 |     125 |       92 |      4 |    34 |    +0.1% |   -0.038 |      -45.3 |       -0.4 |    239 | icache_1/data_mem_banks_4__data_mem_bank.macro_mem/mem/addr_in[6]
     256* |       5 |     125 |       92 |      4 |    34 |    +0.1% |   -0.038 |      -45.3 |       -0.4 |    239 | icache_1/data_mem_banks_4__data_mem_bank.macro_mem/mem/addr_in[6]
     257* |       5 |     125 |       92 |      4 |    34 |    +0.1% |   -0.038 |      -45.3 |       -0.4 |    239 | icache_1/data_mem_banks_4__data_mem_bank.macro_mem/mem/addr_in[6]
     258* |       5 |     125 |       92 |      4 |    34 |    +0.1% |   -0.038 |      -45.3 |       -0.4 |    239 | icache_1/data_mem_banks_4__data_mem_bank.macro_mem/mem/addr_in[6]
     259* |       5 |     125 |       92 |      4 |    34 |    +0.1% |   -0.038 |      -45.3 |       -0.4 |    239 | icache_1/data_mem_banks_4__data_mem_bank.macro_mem/mem/addr_in[6]
     260* |       5 |     125 |       92 |      4 |    34 |    +0.1% |   -0.038 |      -45.3 |       -0.4 |    239 | icache_1/data_mem_banks_4__data_mem_bank.macro_mem/mem/addr_in[6]
     260* |       5 |     125 |       92 |      4 |    34 |    +0.1% |   -0.038 |      -45.3 |       -0.4 |    239 | icache_1/data_mem_banks_4__data_mem_bank.macro_mem/mem/addr_in[6]
     261* |       5 |     125 |       92 |      4 |    34 |    +0.1% |   -0.038 |      -45.3 |       -0.4 |    239 | icache_1/data_mem_banks_4__data_mem_bank.macro_mem/mem/addr_in[6]
     262* |       5 |     125 |       92 |      4 |    34 |    +0.1% |   -0.038 |      -45.3 |       -0.4 |    239 | icache_1/data_mem_banks_4__data_mem_bank.macro_mem/mem/addr_in[6]
     263* |       5 |     125 |       92 |      4 |    34 |    +0.1% |   -0.038 |      -45.3 |       -0.4 |    239 | icache_1/data_mem_banks_4__data_mem_bank.macro_mem/mem/addr_in[6]
     264* |       5 |     125 |       92 |      4 |    34 |    +0.1% |   -0.038 |      -45.3 |       -0.4 |    239 | icache_1/data_mem_banks_4__data_mem_bank.macro_mem/mem/addr_in[6]
     265* |       5 |     125 |       92 |      4 |    34 |    +0.1% |   -0.038 |      -45.3 |       -0.4 |    239 | icache_1/data_mem_banks_4__data_mem_bank.macro_mem/mem/addr_in[6]
     266* |       5 |     125 |       92 |      4 |    34 |    +0.1% |   -0.038 |      -45.3 |       -0.4 |    239 | icache_1/data_mem_banks_4__data_mem_bank.macro_mem/mem/addr_in[6]
     267* |       5 |     125 |       92 |      4 |    34 |    +0.1% |   -0.038 |      -45.3 |       -0.4 |    239 | icache_1/data_mem_banks_4__data_mem_bank.macro_mem/mem/addr_in[6]
     268* |       5 |     125 |       92 |      4 |    34 |    +0.1% |   -0.038 |      -45.3 |       -0.4 |    239 | icache_1/data_mem_banks_4__data_mem_bank.macro_mem/mem/addr_in[6]
     269* |       5 |     125 |       92 |      4 |    34 |    +0.1% |   -0.038 |      -45.3 |       -0.4 |    239 | icache_1/data_mem_banks_4__data_mem_bank.macro_mem/mem/addr_in[6]
     270* |       5 |     125 |       92 |      4 |    34 |    +0.1% |   -0.038 |      -45.3 |       -0.4 |    239 | icache_1/data_mem_banks_4__data_mem_bank.macro_mem/mem/addr_in[6]
     270* |       5 |     125 |       92 |      4 |    34 |    +0.1% |   -0.038 |      -45.3 |       -0.4 |    239 | icache_1/data_mem_banks_4__data_mem_bank.macro_mem/mem/addr_in[6]
     271* |       5 |     125 |       92 |      4 |    34 |    +0.1% |   -0.038 |      -45.3 |       -0.4 |    239 | icache_1/data_mem_banks_4__data_mem_bank.macro_mem/mem/addr_in[6]
     272* |       5 |     125 |       92 |      4 |    34 |    +0.1% |   -0.038 |      -45.3 |       -0.4 |    239 | icache_1/data_mem_banks_4__data_mem_bank.macro_mem/mem/addr_in[6]
     273* |       5 |     125 |       92 |      4 |    34 |    +0.1% |   -0.038 |      -45.3 |       -0.4 |    239 | icache_1/data_mem_banks_4__data_mem_bank.macro_mem/mem/addr_in[6]
     275* |       5 |     126 |       92 |      4 |    34 |    +0.1% |   -0.038 |      -45.3 |       -0.4 |    239 | icache_1/data_mem_banks_4__data_mem_bank.macro_mem/mem/addr_in[6]
     276* |       5 |     126 |       92 |      4 |    34 |    +0.1% |   -0.038 |      -45.3 |       -0.4 |    239 | icache_1/data_mem_banks_4__data_mem_bank.macro_mem/mem/addr_in[6]
     277* |       5 |     126 |       92 |      4 |    34 |    +0.1% |   -0.038 |      -45.3 |       -0.4 |    239 | icache_1/data_mem_banks_4__data_mem_bank.macro_mem/mem/addr_in[6]
     278* |       5 |     126 |       92 |      4 |    34 |    +0.1% |   -0.038 |      -45.3 |       -0.4 |    239 | icache_1/data_mem_banks_4__data_mem_bank.macro_mem/mem/addr_in[6]
     279* |       5 |     126 |       92 |      4 |    34 |    +0.1% |   -0.038 |      -45.3 |       -0.4 |    239 | icache_1/data_mem_banks_4__data_mem_bank.macro_mem/mem/addr_in[6]
     280* |       5 |     126 |       92 |      4 |    34 |    +0.1% |   -0.038 |      -45.3 |       -0.4 |    239 | icache_1/data_mem_banks_4__data_mem_bank.macro_mem/mem/addr_in[6]
     280* |       5 |     126 |       92 |      4 |    34 |    +0.1% |   -0.038 |      -45.3 |       -0.4 |    239 | icache_1/data_mem_banks_4__data_mem_bank.macro_mem/mem/addr_in[6]
     281* |       5 |     126 |       92 |      4 |    34 |    +0.1% |   -0.038 |      -45.3 |       -0.4 |    239 | icache_1/data_mem_banks_4__data_mem_bank.macro_mem/mem/addr_in[6]
     283* |       5 |     127 |       92 |      4 |    34 |    +0.1% |   -0.038 |      -45.2 |       -0.3 |    239 | icache_1/data_mem_banks_4__data_mem_bank.macro_mem/mem/addr_in[6]
     284* |       5 |     127 |       92 |      4 |    34 |    +0.1% |   -0.038 |      -45.2 |       -0.3 |    239 | icache_1/data_mem_banks_4__data_mem_bank.macro_mem/mem/addr_in[6]
     285* |       5 |     127 |       92 |      4 |    34 |    +0.1% |   -0.038 |      -45.2 |       -0.3 |    239 | icache_1/data_mem_banks_4__data_mem_bank.macro_mem/mem/addr_in[6]
     286* |       5 |     127 |       92 |      4 |    34 |    +0.1% |   -0.038 |      -45.2 |       -0.3 |    239 | icache_1/data_mem_banks_4__data_mem_bank.macro_mem/mem/addr_in[6]
     289* |       5 |     129 |       92 |      4 |    34 |    +0.1% |   -0.020 |      -45.2 |       -0.1 |    239 | bp_fe_pc_gen_1.pc_gen_icache_o\[62\]$_SDFFCE_PP0P_/D
     290* |       5 |     129 |       92 |      4 |    34 |    +0.1% |   -0.020 |      -45.2 |       -0.1 |    239 | bp_fe_pc_gen_1.pc_gen_icache_o\[62\]$_SDFFCE_PP0P_/D
     291* |       5 |     130 |       92 |      4 |    34 |    +0.1% |   -0.020 |      -45.2 |       -0.1 |    239 | bp_fe_pc_gen_1.pc_gen_icache_o\[62\]$_SDFFCE_PP0P_/D
     293* |       5 |     131 |       92 |      4 |    34 |    +0.1% |   -0.020 |      -45.2 |       -0.1 |    239 | bp_fe_pc_gen_1.pc_gen_icache_o\[62\]$_SDFFCE_PP0P_/D
     294* |       5 |     131 |       92 |      4 |    34 |    +0.1% |   -0.020 |      -45.2 |       -0.1 |    239 | bp_fe_pc_gen_1.pc_gen_icache_o\[62\]$_SDFFCE_PP0P_/D
     295* |       5 |     131 |       92 |      4 |    34 |    +0.1% |   -0.020 |      -45.2 |       -0.1 |    239 | bp_fe_pc_gen_1.pc_gen_icache_o\[62\]$_SDFFCE_PP0P_/D
     297* |       5 |     132 |       92 |      4 |    34 |    +0.1% |   -0.020 |      -45.2 |       -0.0 |    239 | bp_fe_pc_gen_1.pc_gen_icache_o\[62\]$_SDFFCE_PP0P_/D
     298* |       5 |     132 |       92 |      4 |    34 |    +0.1% |   -0.020 |      -45.2 |       -0.0 |    239 | bp_fe_pc_gen_1.pc_gen_icache_o\[62\]$_SDFFCE_PP0P_/D
     299* |       5 |     132 |       92 |      4 |    34 |    +0.1% |   -0.020 |      -45.2 |       -0.0 |    239 | bp_fe_pc_gen_1.pc_gen_icache_o\[62\]$_SDFFCE_PP0P_/D
     300* |       5 |     132 |       92 |      4 |    34 |    +0.1% |   -0.020 |      -45.2 |       -0.0 |    239 | bp_fe_pc_gen_1.pc_gen_icache_o\[62\]$_SDFFCE_PP0P_/D
     300* |       5 |     132 |       92 |      4 |    34 |    +0.1% |   -0.020 |      -45.2 |       -0.0 |    239 | bp_fe_pc_gen_1.pc_gen_icache_o\[62\]$_SDFFCE_PP0P_/D
     301* |       5 |     132 |       92 |      4 |    34 |    +0.1% |   -0.020 |      -45.2 |       -0.0 |    239 | bp_fe_pc_gen_1.pc_gen_icache_o\[62\]$_SDFFCE_PP0P_/D
     302* |       5 |     132 |       92 |      4 |    34 |    +0.1% |   -0.020 |      -45.2 |       -0.0 |    239 | bp_fe_pc_gen_1.pc_gen_icache_o\[62\]$_SDFFCE_PP0P_/D
     303* |       5 |     132 |       92 |      4 |    34 |    +0.1% |   -0.020 |      -45.2 |       -0.0 |    239 | bp_fe_pc_gen_1.pc_gen_icache_o\[62\]$_SDFFCE_PP0P_/D
     304* |       5 |     132 |       92 |      4 |    34 |    +0.1% |   -0.020 |      -45.2 |       -0.0 |    239 | bp_fe_pc_gen_1.pc_gen_icache_o\[62\]$_SDFFCE_PP0P_/D
     305* |       5 |     132 |       92 |      4 |    34 |    +0.1% |   -0.020 |      -45.2 |       -0.0 |    239 | bp_fe_pc_gen_1.pc_gen_icache_o\[62\]$_SDFFCE_PP0P_/D
     306* |       5 |     132 |       92 |      4 |    34 |    +0.1% |   -0.020 |      -45.2 |       -0.0 |    239 | bp_fe_pc_gen_1.pc_gen_icache_o\[62\]$_SDFFCE_PP0P_/D
     307* |       5 |     132 |       92 |      4 |    34 |    +0.1% |   -0.020 |      -45.2 |       -0.0 |    239 | bp_fe_pc_gen_1.pc_gen_icache_o\[62\]$_SDFFCE_PP0P_/D
     308* |       5 |     132 |       92 |      4 |    34 |    +0.1% |   -0.020 |      -45.2 |       -0.0 |    239 | bp_fe_pc_gen_1.pc_gen_icache_o\[62\]$_SDFFCE_PP0P_/D
     309* |       5 |     132 |       92 |      4 |    34 |    +0.1% |   -0.020 |      -45.2 |       -0.0 |    239 | bp_fe_pc_gen_1.pc_gen_icache_o\[62\]$_SDFFCE_PP0P_/D
     310* |       5 |     132 |       92 |      4 |    34 |    +0.1% |   -0.020 |      -45.2 |       -0.0 |    239 | bp_fe_pc_gen_1.pc_gen_icache_o\[62\]$_SDFFCE_PP0P_/D
     310* |       5 |     132 |       92 |      4 |    34 |    +0.1% |   -0.020 |      -45.2 |       -0.0 |    239 | bp_fe_pc_gen_1.pc_gen_icache_o\[62\]$_SDFFCE_PP0P_/D
     311* |       5 |     132 |       92 |      4 |    34 |    +0.1% |   -0.020 |      -45.2 |       -0.0 |    239 | bp_fe_pc_gen_1.pc_gen_icache_o\[62\]$_SDFFCE_PP0P_/D
     312* |       5 |     132 |       92 |      4 |    34 |    +0.1% |   -0.020 |      -45.2 |       -0.0 |    239 | bp_fe_pc_gen_1.pc_gen_icache_o\[62\]$_SDFFCE_PP0P_/D
     313* |       5 |     132 |       92 |      4 |    34 |    +0.1% |   -0.020 |      -45.2 |       -0.0 |    239 | bp_fe_pc_gen_1.pc_gen_icache_o\[62\]$_SDFFCE_PP0P_/D
     314* |       5 |     132 |       92 |      4 |    34 |    +0.1% |   -0.020 |      -45.2 |       -0.0 |    239 | bp_fe_pc_gen_1.pc_gen_icache_o\[62\]$_SDFFCE_PP0P_/D
     315* |       5 |     132 |       92 |      4 |    34 |    +0.1% |   -0.020 |      -45.2 |       -0.0 |    239 | bp_fe_pc_gen_1.pc_gen_icache_o\[62\]$_SDFFCE_PP0P_/D
     316* |       5 |     132 |       92 |      4 |    34 |    +0.1% |   -0.020 |      -45.2 |       -0.0 |    239 | bp_fe_pc_gen_1.pc_gen_icache_o\[62\]$_SDFFCE_PP0P_/D
     317* |       5 |     132 |       92 |      4 |    34 |    +0.1% |   -0.020 |      -45.2 |       -0.0 |    239 | bp_fe_pc_gen_1.pc_gen_icache_o\[62\]$_SDFFCE_PP0P_/D
     318* |       5 |     132 |       92 |      4 |    34 |    +0.1% |   -0.020 |      -45.2 |       -0.0 |    239 | bp_fe_pc_gen_1.pc_gen_icache_o\[62\]$_SDFFCE_PP0P_/D
     319* |       5 |     132 |       92 |      4 |    34 |    +0.1% |   -0.020 |      -45.2 |       -0.0 |    239 | bp_fe_pc_gen_1.pc_gen_icache_o\[62\]$_SDFFCE_PP0P_/D
     320* |       5 |     132 |       92 |      4 |    34 |    +0.1% |   -0.020 |      -45.2 |       -0.0 |    239 | bp_fe_pc_gen_1.pc_gen_icache_o\[62\]$_SDFFCE_PP0P_/D
     320* |       5 |     132 |       92 |      4 |    34 |    +0.1% |   -0.020 |      -45.2 |       -0.0 |    239 | bp_fe_pc_gen_1.pc_gen_icache_o\[62\]$_SDFFCE_PP0P_/D
     321* |       5 |     132 |       92 |      4 |    34 |    +0.1% |   -0.020 |      -45.2 |       -0.0 |    239 | bp_fe_pc_gen_1.pc_gen_icache_o\[62\]$_SDFFCE_PP0P_/D
     322* |       5 |     132 |       92 |      4 |    34 |    +0.1% |   -0.020 |      -45.2 |       -0.0 |    239 | bp_fe_pc_gen_1.pc_gen_icache_o\[62\]$_SDFFCE_PP0P_/D
     323* |       5 |     132 |       92 |      4 |    34 |    +0.1% |   -0.020 |      -45.2 |       -0.0 |    239 | bp_fe_pc_gen_1.pc_gen_icache_o\[62\]$_SDFFCE_PP0P_/D
     324* |       5 |     132 |       92 |      4 |    34 |    +0.1% |   -0.020 |      -45.2 |       -0.0 |    239 | bp_fe_pc_gen_1.pc_gen_icache_o\[62\]$_SDFFCE_PP0P_/D
     325* |       5 |     132 |       92 |      4 |    34 |    +0.1% |   -0.020 |      -45.2 |       -0.0 |    239 | bp_fe_pc_gen_1.pc_gen_icache_o\[62\]$_SDFFCE_PP0P_/D
     327* |       5 |     133 |       92 |      4 |    34 |    +0.1% |   -0.020 |      -45.2 |       -0.0 |    239 | bp_fe_pc_gen_1.pc_gen_icache_o\[62\]$_SDFFCE_PP0P_/D
     328* |       5 |     133 |       92 |      4 |    34 |    +0.1% |   -0.020 |      -45.2 |       -0.0 |    239 | bp_fe_pc_gen_1.pc_gen_icache_o\[62\]$_SDFFCE_PP0P_/D
     329* |       5 |     133 |       92 |      4 |    34 |    +0.1% |   -0.020 |      -45.2 |       -0.0 |    239 | bp_fe_pc_gen_1.pc_gen_icache_o\[62\]$_SDFFCE_PP0P_/D
     330* |       5 |     133 |       92 |      4 |    34 |    +0.1% |   -0.020 |      -45.2 |       -0.0 |    239 | bp_fe_pc_gen_1.pc_gen_icache_o\[62\]$_SDFFCE_PP0P_/D
     330* |       5 |     133 |       92 |      4 |    34 |    +0.1% |   -0.020 |      -45.2 |       -0.0 |    239 | bp_fe_pc_gen_1.pc_gen_icache_o\[62\]$_SDFFCE_PP0P_/D
     331* |       5 |     133 |       92 |      4 |    34 |    +0.1% |   -0.020 |      -45.2 |       -0.0 |    239 | bp_fe_pc_gen_1.pc_gen_icache_o\[62\]$_SDFFCE_PP0P_/D
     332* |       5 |     133 |       92 |      4 |    34 |    +0.1% |   -0.020 |      -45.2 |       -0.0 |    239 | bp_fe_pc_gen_1.pc_gen_icache_o\[62\]$_SDFFCE_PP0P_/D
     333* |       5 |     133 |       92 |      4 |    34 |    +0.1% |   -0.020 |      -45.2 |       -0.0 |    239 | bp_fe_pc_gen_1.pc_gen_icache_o\[62\]$_SDFFCE_PP0P_/D
     334* |       5 |     133 |       92 |      4 |    34 |    +0.1% |   -0.020 |      -45.2 |       -0.0 |    239 | bp_fe_pc_gen_1.pc_gen_icache_o\[62\]$_SDFFCE_PP0P_/D
     335* |       5 |     133 |       92 |      4 |    34 |    +0.1% |   -0.020 |      -45.2 |       -0.0 |    239 | bp_fe_pc_gen_1.pc_gen_icache_o\[62\]$_SDFFCE_PP0P_/D
     336* |       5 |     133 |       92 |      4 |    34 |    +0.1% |   -0.020 |      -45.2 |       -0.0 |    239 | bp_fe_pc_gen_1.pc_gen_icache_o\[62\]$_SDFFCE_PP0P_/D
     337* |       5 |     133 |       92 |      4 |    34 |    +0.1% |   -0.020 |      -45.2 |       -0.0 |    239 | bp_fe_pc_gen_1.pc_gen_icache_o\[62\]$_SDFFCE_PP0P_/D
     338* |       5 |     133 |       92 |      4 |    34 |    +0.1% |   -0.020 |      -45.2 |       -0.0 |    239 | bp_fe_pc_gen_1.pc_gen_icache_o\[62\]$_SDFFCE_PP0P_/D
     340* |       5 |     134 |       92 |      4 |    34 |    +0.1% |   -0.020 |      -45.2 |       -0.0 |    239 | bp_fe_pc_gen_1.pc_gen_icache_o\[62\]$_SDFFCE_PP0P_/D
     340* |       5 |     134 |       92 |      4 |    34 |    +0.1% |   -0.020 |      -45.2 |       -0.0 |    239 | bp_fe_pc_gen_1.pc_gen_icache_o\[62\]$_SDFFCE_PP0P_/D
     341* |       5 |     134 |       92 |      4 |    34 |    +0.1% |   -0.020 |      -45.2 |       -0.0 |    239 | bp_fe_pc_gen_1.pc_gen_icache_o\[62\]$_SDFFCE_PP0P_/D
     342* |       5 |     134 |       92 |      4 |    34 |    +0.1% |   -0.020 |      -45.2 |       -0.0 |    239 | bp_fe_pc_gen_1.pc_gen_icache_o\[62\]$_SDFFCE_PP0P_/D
     343* |       5 |     134 |       92 |      4 |    34 |    +0.1% |   -0.020 |      -45.2 |       -0.0 |    239 | bp_fe_pc_gen_1.pc_gen_icache_o\[62\]$_SDFFCE_PP0P_/D
     344* |       5 |     134 |       92 |      4 |    34 |    +0.1% |   -0.020 |      -45.2 |       -0.0 |    239 | bp_fe_pc_gen_1.pc_gen_icache_o\[62\]$_SDFFCE_PP0P_/D
     345* |       5 |     134 |       92 |      4 |    34 |    +0.1% |   -0.020 |      -45.2 |       -0.0 |    239 | bp_fe_pc_gen_1.pc_gen_icache_o\[62\]$_SDFFCE_PP0P_/D
     346* |       5 |     134 |       92 |      4 |    34 |    +0.1% |   -0.020 |      -45.2 |       -0.0 |    239 | bp_fe_pc_gen_1.pc_gen_icache_o\[62\]$_SDFFCE_PP0P_/D
     347* |       5 |     134 |       92 |      4 |    34 |    +0.1% |   -0.020 |      -45.2 |       -0.0 |    239 | bp_fe_pc_gen_1.pc_gen_icache_o\[62\]$_SDFFCE_PP0P_/D
     348* |       5 |     134 |       92 |      4 |    34 |    +0.1% |   -0.020 |      -45.2 |       -0.0 |    239 | bp_fe_pc_gen_1.pc_gen_icache_o\[62\]$_SDFFCE_PP0P_/D
     349* |       5 |     134 |       92 |      4 |    34 |    +0.1% |   -0.020 |      -45.2 |       -0.0 |    239 | bp_fe_pc_gen_1.pc_gen_icache_o\[62\]$_SDFFCE_PP0P_/D
     350* |       5 |     134 |       92 |      4 |    34 |    +0.1% |   -0.020 |      -45.2 |       -0.0 |    239 | bp_fe_pc_gen_1.pc_gen_icache_o\[62\]$_SDFFCE_PP0P_/D
     350* |       5 |     134 |       92 |      4 |    34 |    +0.1% |   -0.020 |      -45.2 |       -0.0 |    239 | bp_fe_pc_gen_1.pc_gen_icache_o\[62\]$_SDFFCE_PP0P_/D
     351* |       5 |     134 |       92 |      4 |    34 |    +0.1% |   -0.020 |      -45.2 |       -0.0 |    239 | bp_fe_pc_gen_1.pc_gen_icache_o\[62\]$_SDFFCE_PP0P_/D
     352* |       5 |     134 |       92 |      4 |    34 |    +0.1% |   -0.020 |      -45.2 |       -0.0 |    239 | bp_fe_pc_gen_1.pc_gen_icache_o\[62\]$_SDFFCE_PP0P_/D
     353* |       5 |     134 |       92 |      4 |    34 |    +0.1% |   -0.020 |      -45.2 |       -0.0 |    239 | bp_fe_pc_gen_1.pc_gen_icache_o\[62\]$_SDFFCE_PP0P_/D
     354* |       5 |     134 |       92 |      4 |    34 |    +0.1% |   -0.020 |      -45.2 |       -0.0 |    239 | bp_fe_pc_gen_1.pc_gen_icache_o\[62\]$_SDFFCE_PP0P_/D
     355* |       5 |     134 |       92 |      4 |    34 |    +0.1% |   -0.020 |      -45.2 |       -0.0 |    239 | bp_fe_pc_gen_1.pc_gen_icache_o\[62\]$_SDFFCE_PP0P_/D
     356* |       5 |     134 |       92 |      4 |    34 |    +0.1% |   -0.020 |      -45.2 |       -0.0 |    239 | bp_fe_pc_gen_1.pc_gen_icache_o\[62\]$_SDFFCE_PP0P_/D
     357* |       5 |     134 |       92 |      4 |    34 |    +0.1% |   -0.020 |      -45.2 |       -0.0 |    239 | bp_fe_pc_gen_1.pc_gen_icache_o\[62\]$_SDFFCE_PP0P_/D
     358* |       5 |     134 |       92 |      4 |    34 |    +0.1% |   -0.020 |      -45.2 |       -0.0 |    239 | bp_fe_pc_gen_1.pc_gen_icache_o\[62\]$_SDFFCE_PP0P_/D
     359* |       5 |     134 |       92 |      4 |    34 |    +0.1% |   -0.020 |      -45.2 |       -0.0 |    239 | bp_fe_pc_gen_1.pc_gen_icache_o\[62\]$_SDFFCE_PP0P_/D
     360* |       5 |     134 |       92 |      4 |    34 |    +0.1% |   -0.020 |      -45.2 |       -0.0 |    239 | bp_fe_pc_gen_1.pc_gen_icache_o\[62\]$_SDFFCE_PP0P_/D
     360* |       5 |     134 |       92 |      4 |    34 |    +0.1% |   -0.020 |      -45.2 |       -0.0 |    239 | bp_fe_pc_gen_1.pc_gen_icache_o\[62\]$_SDFFCE_PP0P_/D
     361* |       5 |     134 |       92 |      4 |    34 |    +0.1% |   -0.020 |      -45.2 |       -0.0 |    239 | bp_fe_pc_gen_1.pc_gen_icache_o\[62\]$_SDFFCE_PP0P_/D
     362* |       5 |     134 |       92 |      4 |    34 |    +0.1% |   -0.020 |      -45.2 |       -0.0 |    239 | bp_fe_pc_gen_1.pc_gen_icache_o\[62\]$_SDFFCE_PP0P_/D
     363* |       5 |     134 |       92 |      4 |    34 |    +0.1% |   -0.020 |      -45.2 |       -0.0 |    239 | bp_fe_pc_gen_1.pc_gen_icache_o\[62\]$_SDFFCE_PP0P_/D
     364* |       5 |     134 |       92 |      4 |    34 |    +0.1% |   -0.020 |      -45.2 |       -0.0 |    239 | bp_fe_pc_gen_1.pc_gen_icache_o\[62\]$_SDFFCE_PP0P_/D
     365* |       5 |     134 |       92 |      4 |    34 |    +0.1% |   -0.020 |      -45.2 |       -0.0 |    239 | bp_fe_pc_gen_1.pc_gen_icache_o\[62\]$_SDFFCE_PP0P_/D
     366* |       5 |     134 |       92 |      4 |    34 |    +0.1% |   -0.020 |      -45.2 |       -0.0 |    239 | bp_fe_pc_gen_1.pc_gen_icache_o\[62\]$_SDFFCE_PP0P_/D
     367* |       5 |     134 |       92 |      4 |    34 |    +0.1% |   -0.020 |      -45.2 |       -0.0 |    239 | bp_fe_pc_gen_1.pc_gen_icache_o\[62\]$_SDFFCE_PP0P_/D
     368* |       5 |     134 |       92 |      4 |    34 |    +0.1% |   -0.020 |      -45.2 |       -0.0 |    239 | bp_fe_pc_gen_1.pc_gen_icache_o\[62\]$_SDFFCE_PP0P_/D
     369* |       5 |     134 |       92 |      4 |    34 |    +0.1% |   -0.020 |      -45.2 |       -0.0 |    239 | bp_fe_pc_gen_1.pc_gen_icache_o\[62\]$_SDFFCE_PP0P_/D
     370* |       5 |     134 |       92 |      4 |    34 |    +0.1% |   -0.020 |      -45.2 |       -0.0 |    239 | bp_fe_pc_gen_1.pc_gen_icache_o\[62\]$_SDFFCE_PP0P_/D
     370* |       5 |     134 |       92 |      4 |    34 |    +0.1% |   -0.020 |      -45.2 |       -0.0 |    239 | bp_fe_pc_gen_1.pc_gen_icache_o\[62\]$_SDFFCE_PP0P_/D
     371* |       5 |     134 |       92 |      4 |    34 |    +0.1% |   -0.020 |      -45.2 |       -0.0 |    239 | bp_fe_pc_gen_1.pc_gen_icache_o\[62\]$_SDFFCE_PP0P_/D
     372* |       5 |     134 |       92 |      4 |    34 |    +0.1% |   -0.020 |      -45.2 |       -0.0 |    239 | bp_fe_pc_gen_1.pc_gen_icache_o\[62\]$_SDFFCE_PP0P_/D
     373* |       5 |     134 |       92 |      4 |    34 |    +0.1% |   -0.020 |      -45.2 |       -0.0 |    239 | bp_fe_pc_gen_1.pc_gen_icache_o\[62\]$_SDFFCE_PP0P_/D
     374* |       5 |     134 |       92 |      4 |    34 |    +0.1% |   -0.020 |      -45.2 |       -0.0 |    239 | bp_fe_pc_gen_1.pc_gen_icache_o\[62\]$_SDFFCE_PP0P_/D
     375* |       5 |     134 |       92 |      4 |    34 |    +0.1% |   -0.020 |      -45.2 |       -0.0 |    239 | bp_fe_pc_gen_1.pc_gen_icache_o\[62\]$_SDFFCE_PP0P_/D
     376* |       5 |     134 |       92 |      4 |    34 |    +0.1% |   -0.020 |      -45.2 |       -0.0 |    239 | bp_fe_pc_gen_1.pc_gen_icache_o\[62\]$_SDFFCE_PP0P_/D
     377* |       5 |     134 |       92 |      4 |    34 |    +0.1% |   -0.020 |      -45.2 |       -0.0 |    239 | bp_fe_pc_gen_1.pc_gen_icache_o\[62\]$_SDFFCE_PP0P_/D
     378* |       5 |     134 |       92 |      4 |    34 |    +0.1% |   -0.020 |      -45.2 |       -0.0 |    239 | bp_fe_pc_gen_1.pc_gen_icache_o\[62\]$_SDFFCE_PP0P_/D
     379* |       5 |     134 |       92 |      4 |    34 |    +0.1% |   -0.020 |      -45.2 |       -0.0 |    239 | bp_fe_pc_gen_1.pc_gen_icache_o\[62\]$_SDFFCE_PP0P_/D
     380* |       5 |     134 |       92 |      4 |    34 |    +0.1% |   -0.020 |      -45.2 |       -0.0 |    239 | bp_fe_pc_gen_1.pc_gen_icache_o\[62\]$_SDFFCE_PP0P_/D
     380* |       5 |     134 |       92 |      4 |    34 |    +0.1% |   -0.020 |      -45.2 |       -0.0 |    239 | bp_fe_pc_gen_1.pc_gen_icache_o\[62\]$_SDFFCE_PP0P_/D
     381* |       5 |     134 |       92 |      4 |    34 |    +0.1% |   -0.020 |      -45.2 |       -0.0 |    239 | bp_fe_pc_gen_1.pc_gen_icache_o\[62\]$_SDFFCE_PP0P_/D
     382* |       5 |     134 |       92 |      4 |    34 |    +0.1% |   -0.020 |      -45.2 |       -0.0 |    239 | bp_fe_pc_gen_1.pc_gen_icache_o\[62\]$_SDFFCE_PP0P_/D
     383* |       5 |     134 |       92 |      4 |    34 |    +0.1% |   -0.020 |      -45.2 |       -0.0 |    239 | bp_fe_pc_gen_1.pc_gen_icache_o\[62\]$_SDFFCE_PP0P_/D
     384* |       5 |     134 |       92 |      4 |    34 |    +0.1% |   -0.020 |      -45.2 |       -0.0 |    239 | bp_fe_pc_gen_1.pc_gen_icache_o\[62\]$_SDFFCE_PP0P_/D
     385* |       5 |     134 |       92 |      4 |    34 |    +0.1% |   -0.020 |      -45.2 |       -0.0 |    239 | bp_fe_pc_gen_1.pc_gen_icache_o\[62\]$_SDFFCE_PP0P_/D
     386* |       5 |     134 |       92 |      4 |    34 |    +0.1% |   -0.020 |      -45.2 |       -0.0 |    239 | bp_fe_pc_gen_1.pc_gen_icache_o\[62\]$_SDFFCE_PP0P_/D
     387* |       5 |     134 |       92 |      4 |    34 |    +0.1% |   -0.020 |      -45.2 |       -0.0 |    239 | bp_fe_pc_gen_1.pc_gen_icache_o\[62\]$_SDFFCE_PP0P_/D
     388* |       5 |     134 |       92 |      4 |    34 |    +0.1% |   -0.020 |      -45.2 |       -0.0 |    239 | bp_fe_pc_gen_1.pc_gen_icache_o\[62\]$_SDFFCE_PP0P_/D
     389* |       5 |     134 |       92 |      4 |    34 |    +0.1% |   -0.020 |      -45.2 |       -0.0 |    239 | bp_fe_pc_gen_1.pc_gen_icache_o\[62\]$_SDFFCE_PP0P_/D
     390* |       5 |     134 |       92 |      4 |    34 |    +0.1% |   -0.020 |      -45.2 |       -0.0 |    239 | bp_fe_pc_gen_1.pc_gen_icache_o\[62\]$_SDFFCE_PP0P_/D
     390* |       5 |     134 |       92 |      4 |    34 |    +0.1% |   -0.020 |      -45.2 |       -0.0 |    239 | bp_fe_pc_gen_1.pc_gen_icache_o\[62\]$_SDFFCE_PP0P_/D
     391* |       5 |     134 |       92 |      4 |    34 |    +0.1% |   -0.020 |      -45.2 |       -0.0 |    239 | bp_fe_pc_gen_1.pc_gen_icache_o\[62\]$_SDFFCE_PP0P_/D
     392* |       5 |     134 |       92 |      4 |    34 |    +0.1% |   -0.020 |      -45.2 |       -0.0 |    239 | bp_fe_pc_gen_1.pc_gen_icache_o\[62\]$_SDFFCE_PP0P_/D
     393* |       5 |     134 |       92 |      4 |    34 |    +0.1% |   -0.020 |      -45.2 |       -0.0 |    239 | bp_fe_pc_gen_1.pc_gen_icache_o\[62\]$_SDFFCE_PP0P_/D
     394* |       5 |     134 |       92 |      4 |    34 |    +0.1% |   -0.020 |      -45.2 |       -0.0 |    239 | bp_fe_pc_gen_1.pc_gen_icache_o\[62\]$_SDFFCE_PP0P_/D
     395* |       5 |     134 |       92 |      4 |    34 |    +0.1% |   -0.020 |      -45.2 |       -0.0 |    239 | bp_fe_pc_gen_1.pc_gen_icache_o\[62\]$_SDFFCE_PP0P_/D
     396* |       5 |     134 |       92 |      4 |    34 |    +0.1% |   -0.020 |      -45.2 |       -0.0 |    239 | bp_fe_pc_gen_1.pc_gen_icache_o\[62\]$_SDFFCE_PP0P_/D
     397* |       5 |     134 |       92 |      4 |    34 |    +0.1% |   -0.020 |      -45.2 |       -0.0 |    239 | bp_fe_pc_gen_1.pc_gen_icache_o\[62\]$_SDFFCE_PP0P_/D
     398* |       5 |     134 |       92 |      4 |    34 |    +0.1% |   -0.020 |      -45.2 |       -0.0 |    239 | bp_fe_pc_gen_1.pc_gen_icache_o\[62\]$_SDFFCE_PP0P_/D
     399* |       5 |     134 |       92 |      4 |    34 |    +0.1% |   -0.020 |      -45.2 |       -0.0 |    239 | bp_fe_pc_gen_1.pc_gen_icache_o\[62\]$_SDFFCE_PP0P_/D
     400* |       5 |     134 |       92 |      4 |    34 |    +0.1% |   -0.020 |      -45.2 |       -0.0 |    239 | bp_fe_pc_gen_1.pc_gen_icache_o\[62\]$_SDFFCE_PP0P_/D
     400* |       5 |     134 |       92 |      4 |    34 |    +0.1% |   -0.020 |      -45.2 |       -0.0 |    239 | bp_fe_pc_gen_1.pc_gen_icache_o\[62\]$_SDFFCE_PP0P_/D
     401* |       5 |     134 |       92 |      4 |    34 |    +0.1% |   -0.020 |      -45.2 |       -0.0 |    239 | bp_fe_pc_gen_1.pc_gen_icache_o\[62\]$_SDFFCE_PP0P_/D
     402* |       5 |     134 |       92 |      4 |    34 |    +0.1% |   -0.020 |      -45.2 |       -0.0 |    239 | bp_fe_pc_gen_1.pc_gen_icache_o\[62\]$_SDFFCE_PP0P_/D
     403* |       5 |     134 |       92 |      4 |    34 |    +0.1% |   -0.020 |      -45.2 |       -0.0 |    239 | bp_fe_pc_gen_1.pc_gen_icache_o\[62\]$_SDFFCE_PP0P_/D
     404* |       5 |     134 |       92 |      4 |    34 |    +0.1% |   -0.020 |      -45.2 |       -0.0 |    239 | bp_fe_pc_gen_1.pc_gen_icache_o\[62\]$_SDFFCE_PP0P_/D
     405* |       5 |     134 |       92 |      4 |    34 |    +0.1% |   -0.020 |      -45.2 |       -0.0 |    239 | bp_fe_pc_gen_1.pc_gen_icache_o\[62\]$_SDFFCE_PP0P_/D
     406* |       5 |     134 |       92 |      4 |    34 |    +0.1% |   -0.020 |      -45.2 |       -0.0 |    239 | bp_fe_pc_gen_1.pc_gen_icache_o\[62\]$_SDFFCE_PP0P_/D
     407* |       5 |     134 |       92 |      4 |    34 |    +0.1% |   -0.020 |      -45.2 |       -0.0 |    239 | bp_fe_pc_gen_1.pc_gen_icache_o\[62\]$_SDFFCE_PP0P_/D
     408* |       5 |     134 |       92 |      4 |    34 |    +0.1% |   -0.020 |      -45.2 |       -0.0 |    239 | bp_fe_pc_gen_1.pc_gen_icache_o\[62\]$_SDFFCE_PP0P_/D
     409* |       5 |     134 |       92 |      4 |    34 |    +0.1% |   -0.020 |      -45.2 |       -0.0 |    239 | bp_fe_pc_gen_1.pc_gen_icache_o\[62\]$_SDFFCE_PP0P_/D
     410* |       5 |     134 |       92 |      4 |    34 |    +0.1% |   -0.020 |      -45.2 |       -0.0 |    239 | bp_fe_pc_gen_1.pc_gen_icache_o\[62\]$_SDFFCE_PP0P_/D
     410* |       5 |     134 |       92 |      4 |    34 |    +0.1% |   -0.020 |      -45.2 |       -0.0 |    239 | bp_fe_pc_gen_1.pc_gen_icache_o\[62\]$_SDFFCE_PP0P_/D
     411* |       5 |     134 |       92 |      4 |    34 |    +0.1% |   -0.020 |      -45.2 |       -0.0 |    239 | bp_fe_pc_gen_1.pc_gen_icache_o\[62\]$_SDFFCE_PP0P_/D
     412* |       5 |     134 |       92 |      4 |    34 |    +0.1% |   -0.020 |      -45.2 |       -0.0 |    239 | bp_fe_pc_gen_1.pc_gen_icache_o\[62\]$_SDFFCE_PP0P_/D
     413* |       5 |     134 |       92 |      4 |    34 |    +0.1% |   -0.020 |      -45.2 |       -0.0 |    239 | bp_fe_pc_gen_1.pc_gen_icache_o\[62\]$_SDFFCE_PP0P_/D
     414* |       5 |     134 |       92 |      4 |    34 |    +0.1% |   -0.020 |      -45.2 |       -0.0 |    239 | bp_fe_pc_gen_1.pc_gen_icache_o\[62\]$_SDFFCE_PP0P_/D
     415* |       5 |     134 |       92 |      4 |    34 |    +0.1% |   -0.020 |      -45.2 |       -0.0 |    239 | bp_fe_pc_gen_1.pc_gen_icache_o\[62\]$_SDFFCE_PP0P_/D
     416* |       5 |     134 |       92 |      4 |    34 |    +0.1% |   -0.020 |      -45.2 |       -0.0 |    239 | bp_fe_pc_gen_1.pc_gen_icache_o\[62\]$_SDFFCE_PP0P_/D
     417* |       5 |     134 |       92 |      4 |    34 |    +0.1% |   -0.020 |      -45.2 |       -0.0 |    239 | bp_fe_pc_gen_1.pc_gen_icache_o\[62\]$_SDFFCE_PP0P_/D
     418* |       5 |     134 |       92 |      4 |    34 |    +0.1% |   -0.020 |      -45.2 |       -0.0 |    239 | bp_fe_pc_gen_1.pc_gen_icache_o\[62\]$_SDFFCE_PP0P_/D
     419* |       5 |     134 |       92 |      4 |    34 |    +0.1% |   -0.020 |      -45.2 |       -0.0 |    239 | bp_fe_pc_gen_1.pc_gen_icache_o\[62\]$_SDFFCE_PP0P_/D
     420* |       5 |     134 |       92 |      4 |    34 |    +0.1% |   -0.020 |      -45.2 |       -0.0 |    239 | bp_fe_pc_gen_1.pc_gen_icache_o\[62\]$_SDFFCE_PP0P_/D
     420* |       5 |     134 |       92 |      4 |    34 |    +0.1% |   -0.020 |      -45.2 |       -0.0 |    239 | bp_fe_pc_gen_1.pc_gen_icache_o\[62\]$_SDFFCE_PP0P_/D
     421* |       5 |     134 |       92 |      4 |    34 |    +0.1% |   -0.020 |      -45.2 |       -0.0 |    239 | bp_fe_pc_gen_1.pc_gen_icache_o\[62\]$_SDFFCE_PP0P_/D
     422* |       5 |     134 |       92 |      4 |    34 |    +0.1% |   -0.020 |      -45.2 |       -0.0 |    239 | bp_fe_pc_gen_1.pc_gen_icache_o\[62\]$_SDFFCE_PP0P_/D
     423* |       5 |     134 |       92 |      4 |    34 |    +0.1% |   -0.020 |      -45.2 |       -0.0 |    239 | bp_fe_pc_gen_1.pc_gen_icache_o\[62\]$_SDFFCE_PP0P_/D
     424* |       5 |     134 |       92 |      4 |    34 |    +0.1% |   -0.020 |      -45.2 |       -0.0 |    239 | bp_fe_pc_gen_1.pc_gen_icache_o\[62\]$_SDFFCE_PP0P_/D
     425* |       5 |     134 |       92 |      4 |    34 |    +0.1% |   -0.020 |      -45.2 |       -0.0 |    239 | bp_fe_pc_gen_1.pc_gen_icache_o\[62\]$_SDFFCE_PP0P_/D
     426* |       5 |     134 |       92 |      4 |    34 |    +0.1% |   -0.020 |      -45.2 |       -0.0 |    239 | bp_fe_pc_gen_1.pc_gen_icache_o\[62\]$_SDFFCE_PP0P_/D
     427* |       5 |     134 |       92 |      4 |    34 |    +0.1% |   -0.020 |      -45.2 |       -0.0 |    239 | bp_fe_pc_gen_1.pc_gen_icache_o\[62\]$_SDFFCE_PP0P_/D
     428* |       5 |     134 |       92 |      4 |    34 |    +0.1% |   -0.020 |      -45.2 |       -0.0 |    239 | bp_fe_pc_gen_1.pc_gen_icache_o\[62\]$_SDFFCE_PP0P_/D
     429* |       5 |     134 |       92 |      4 |    34 |    +0.1% |   -0.020 |      -45.2 |       -0.0 |    239 | bp_fe_pc_gen_1.pc_gen_icache_o\[62\]$_SDFFCE_PP0P_/D
     430* |       5 |     134 |       92 |      4 |    34 |    +0.1% |   -0.020 |      -45.2 |       -0.0 |    239 | bp_fe_pc_gen_1.pc_gen_icache_o\[62\]$_SDFFCE_PP0P_/D
     430* |       5 |     134 |       92 |      4 |    34 |    +0.1% |   -0.020 |      -45.2 |       -0.0 |    239 | bp_fe_pc_gen_1.pc_gen_icache_o\[62\]$_SDFFCE_PP0P_/D
     431* |       5 |     134 |       92 |      4 |    34 |    +0.1% |   -0.020 |      -45.2 |       -0.0 |    239 | bp_fe_pc_gen_1.pc_gen_icache_o\[62\]$_SDFFCE_PP0P_/D
     432* |       5 |     134 |       92 |      4 |    34 |    +0.1% |   -0.020 |      -45.2 |       -0.0 |    239 | bp_fe_pc_gen_1.pc_gen_icache_o\[62\]$_SDFFCE_PP0P_/D
     433* |       5 |     134 |       92 |      4 |    34 |    +0.1% |   -0.020 |      -45.2 |       -0.0 |    239 | bp_fe_pc_gen_1.pc_gen_icache_o\[62\]$_SDFFCE_PP0P_/D
     434* |       5 |     134 |       92 |      4 |    34 |    +0.1% |   -0.020 |      -45.2 |       -0.0 |    239 | bp_fe_pc_gen_1.pc_gen_icache_o\[62\]$_SDFFCE_PP0P_/D
     435* |       5 |     134 |       92 |      4 |    34 |    +0.1% |   -0.020 |      -45.2 |       -0.0 |    239 | bp_fe_pc_gen_1.pc_gen_icache_o\[62\]$_SDFFCE_PP0P_/D
     436* |       5 |     134 |       92 |      4 |    34 |    +0.1% |   -0.020 |      -45.2 |       -0.0 |    239 | bp_fe_pc_gen_1.pc_gen_icache_o\[62\]$_SDFFCE_PP0P_/D
     437* |       5 |     134 |       92 |      4 |    34 |    +0.1% |   -0.020 |      -45.2 |       -0.0 |    239 | bp_fe_pc_gen_1.pc_gen_icache_o\[62\]$_SDFFCE_PP0P_/D
     438* |       5 |     134 |       92 |      4 |    34 |    +0.1% |   -0.020 |      -45.2 |       -0.0 |    239 | bp_fe_pc_gen_1.pc_gen_icache_o\[62\]$_SDFFCE_PP0P_/D
     439* |       5 |     134 |       92 |      4 |    34 |    +0.1% |   -0.020 |      -45.2 |       -0.0 |    239 | bp_fe_pc_gen_1.pc_gen_icache_o\[62\]$_SDFFCE_PP0P_/D
     440* |       5 |     134 |       92 |      4 |    34 |    +0.1% |   -0.020 |      -45.2 |       -0.0 |    239 | bp_fe_pc_gen_1.pc_gen_icache_o\[62\]$_SDFFCE_PP0P_/D
     440* |       5 |     134 |       92 |      4 |    34 |    +0.1% |   -0.020 |      -45.2 |       -0.0 |    239 | bp_fe_pc_gen_1.pc_gen_icache_o\[62\]$_SDFFCE_PP0P_/D
     441* |       5 |     134 |       92 |      4 |    34 |    +0.1% |   -0.020 |      -45.2 |       -0.0 |    239 | bp_fe_pc_gen_1.pc_gen_icache_o\[62\]$_SDFFCE_PP0P_/D
     442* |       5 |     134 |       92 |      4 |    34 |    +0.1% |   -0.020 |      -45.2 |       -0.0 |    239 | bp_fe_pc_gen_1.pc_gen_icache_o\[62\]$_SDFFCE_PP0P_/D
     443* |       5 |     134 |       92 |      4 |    34 |    +0.1% |   -0.020 |      -45.2 |       -0.0 |    239 | bp_fe_pc_gen_1.pc_gen_icache_o\[62\]$_SDFFCE_PP0P_/D
     444* |       5 |     134 |       92 |      4 |    34 |    +0.1% |   -0.020 |      -45.2 |       -0.0 |    239 | bp_fe_pc_gen_1.pc_gen_icache_o\[62\]$_SDFFCE_PP0P_/D
     445* |       5 |     134 |       92 |      4 |    34 |    +0.1% |   -0.020 |      -45.2 |       -0.0 |    239 | bp_fe_pc_gen_1.pc_gen_icache_o\[62\]$_SDFFCE_PP0P_/D
     446* |       5 |     134 |       92 |      4 |    34 |    +0.1% |   -0.020 |      -45.2 |       -0.0 |    239 | bp_fe_pc_gen_1.pc_gen_icache_o\[62\]$_SDFFCE_PP0P_/D
     447* |       5 |     134 |       92 |      4 |    34 |    +0.1% |   -0.020 |      -45.2 |       -0.0 |    239 | bp_fe_pc_gen_1.pc_gen_icache_o\[62\]$_SDFFCE_PP0P_/D
     448* |       5 |     134 |       92 |      4 |    34 |    +0.1% |   -0.020 |      -45.2 |       -0.0 |    239 | bp_fe_pc_gen_1.pc_gen_icache_o\[62\]$_SDFFCE_PP0P_/D
     449* |       5 |     134 |       92 |      4 |    34 |    +0.1% |   -0.020 |      -45.2 |       -0.0 |    239 | bp_fe_pc_gen_1.pc_gen_icache_o\[62\]$_SDFFCE_PP0P_/D
     450* |       5 |     134 |       92 |      4 |    34 |    +0.1% |   -0.020 |      -45.2 |       -0.0 |    239 | bp_fe_pc_gen_1.pc_gen_icache_o\[62\]$_SDFFCE_PP0P_/D
     450* |       5 |     134 |       92 |      4 |    34 |    +0.1% |   -0.020 |      -45.2 |       -0.0 |    239 | bp_fe_pc_gen_1.pc_gen_icache_o\[62\]$_SDFFCE_PP0P_/D
     451* |       5 |     134 |       92 |      4 |    34 |    +0.1% |   -0.020 |      -45.2 |       -0.0 |    239 | bp_fe_pc_gen_1.pc_gen_icache_o\[62\]$_SDFFCE_PP0P_/D
     452* |       5 |     134 |       92 |      4 |    34 |    +0.1% |   -0.020 |      -45.2 |       -0.0 |    239 | bp_fe_pc_gen_1.pc_gen_icache_o\[62\]$_SDFFCE_PP0P_/D
     453* |       5 |     134 |       92 |      4 |    34 |    +0.1% |   -0.020 |      -45.2 |       -0.0 |    239 | bp_fe_pc_gen_1.pc_gen_icache_o\[62\]$_SDFFCE_PP0P_/D
     454* |       5 |     134 |       92 |      4 |    34 |    +0.1% |   -0.020 |      -45.2 |       -0.0 |    239 | bp_fe_pc_gen_1.pc_gen_icache_o\[62\]$_SDFFCE_PP0P_/D
     455* |       5 |     134 |       92 |      4 |    34 |    +0.1% |   -0.020 |      -45.2 |       -0.0 |    239 | bp_fe_pc_gen_1.pc_gen_icache_o\[62\]$_SDFFCE_PP0P_/D
     456* |       5 |     134 |       92 |      4 |    34 |    +0.1% |   -0.020 |      -45.2 |       -0.0 |    239 | bp_fe_pc_gen_1.pc_gen_icache_o\[62\]$_SDFFCE_PP0P_/D
     457* |       5 |     134 |       92 |      4 |    34 |    +0.1% |   -0.020 |      -45.2 |       -0.0 |    239 | bp_fe_pc_gen_1.pc_gen_icache_o\[62\]$_SDFFCE_PP0P_/D
     458* |       5 |     134 |       92 |      4 |    34 |    +0.1% |   -0.020 |      -45.2 |       -0.0 |    239 | bp_fe_pc_gen_1.pc_gen_icache_o\[62\]$_SDFFCE_PP0P_/D
     459* |       5 |     134 |       92 |      4 |    34 |    +0.1% |   -0.020 |      -45.2 |       -0.0 |    239 | bp_fe_pc_gen_1.pc_gen_icache_o\[62\]$_SDFFCE_PP0P_/D
     460* |       5 |     134 |       92 |      4 |    34 |    +0.1% |   -0.020 |      -45.2 |       -0.0 |    239 | bp_fe_pc_gen_1.pc_gen_icache_o\[62\]$_SDFFCE_PP0P_/D
     460* |       5 |     134 |       92 |      4 |    34 |    +0.1% |   -0.020 |      -45.2 |       -0.0 |    239 | bp_fe_pc_gen_1.pc_gen_icache_o\[62\]$_SDFFCE_PP0P_/D
     461* |       5 |     134 |       92 |      4 |    34 |    +0.1% |   -0.020 |      -45.2 |       -0.0 |    239 | bp_fe_pc_gen_1.pc_gen_icache_o\[62\]$_SDFFCE_PP0P_/D
     462* |       5 |     134 |       92 |      4 |    34 |    +0.1% |   -0.020 |      -45.2 |       -0.0 |    239 | bp_fe_pc_gen_1.pc_gen_icache_o\[62\]$_SDFFCE_PP0P_/D
     463* |       5 |     134 |       92 |      4 |    34 |    +0.1% |   -0.020 |      -45.2 |       -0.0 |    239 | bp_fe_pc_gen_1.pc_gen_icache_o\[62\]$_SDFFCE_PP0P_/D
     464* |       5 |     134 |       92 |      4 |    34 |    +0.1% |   -0.020 |      -45.2 |       -0.0 |    239 | bp_fe_pc_gen_1.pc_gen_icache_o\[62\]$_SDFFCE_PP0P_/D
     465* |       5 |     134 |       92 |      4 |    34 |    +0.1% |   -0.020 |      -45.2 |       -0.0 |    239 | bp_fe_pc_gen_1.pc_gen_icache_o\[62\]$_SDFFCE_PP0P_/D
     466* |       5 |     134 |       92 |      4 |    34 |    +0.1% |   -0.020 |      -45.2 |       -0.0 |    239 | bp_fe_pc_gen_1.pc_gen_icache_o\[62\]$_SDFFCE_PP0P_/D
     467* |       5 |     134 |       92 |      4 |    34 |    +0.1% |   -0.020 |      -45.2 |       -0.0 |    239 | bp_fe_pc_gen_1.pc_gen_icache_o\[62\]$_SDFFCE_PP0P_/D
     468* |       5 |     134 |       92 |      4 |    34 |    +0.1% |   -0.020 |      -45.2 |       -0.0 |    239 | bp_fe_pc_gen_1.pc_gen_icache_o\[62\]$_SDFFCE_PP0P_/D
     469* |       5 |     134 |       92 |      4 |    34 |    +0.1% |   -0.020 |      -45.2 |       -0.0 |    239 | bp_fe_pc_gen_1.pc_gen_icache_o\[62\]$_SDFFCE_PP0P_/D
     470* |       5 |     134 |       92 |      4 |    34 |    +0.1% |   -0.020 |      -45.2 |       -0.0 |    239 | bp_fe_pc_gen_1.pc_gen_icache_o\[62\]$_SDFFCE_PP0P_/D
     470* |       5 |     134 |       92 |      4 |    34 |    +0.1% |   -0.020 |      -45.2 |       -0.0 |    239 | bp_fe_pc_gen_1.pc_gen_icache_o\[62\]$_SDFFCE_PP0P_/D
     471* |       5 |     134 |       92 |      4 |    34 |    +0.1% |   -0.020 |      -45.2 |       -0.0 |    239 | bp_fe_pc_gen_1.pc_gen_icache_o\[62\]$_SDFFCE_PP0P_/D
     472* |       5 |     134 |       92 |      4 |    34 |    +0.1% |   -0.020 |      -45.2 |       -0.0 |    239 | bp_fe_pc_gen_1.pc_gen_icache_o\[62\]$_SDFFCE_PP0P_/D
     473* |       5 |     134 |       92 |      4 |    34 |    +0.1% |   -0.020 |      -45.2 |       -0.0 |    239 | bp_fe_pc_gen_1.pc_gen_icache_o\[62\]$_SDFFCE_PP0P_/D
     473* |       5 |     134 |       92 |      4 |    34 |    +0.1% |   -0.020 |      -45.2 |       -0.0 |    239 | bp_fe_pc_gen_1.pc_gen_icache_o\[62\]$_SDFFCE_PP0P_/D
     475+ |       5 |     135 |       92 |      4 |    34 |    +0.1% |   -0.011 |      -45.1 |       -0.0 |      2 | bp_fe_pc_gen_1.pc_gen_icache_o\[62\]$_SDFFCE_PP0P_/D
     476+ |       5 |     135 |       92 |      4 |    34 |    +0.1% |   -0.011 |      -45.1 |       -0.0 |      2 | bp_fe_pc_gen_1.pc_gen_icache_o\[62\]$_SDFFCE_PP0P_/D
    final |       5 |     135 |       92 |      4 |    34 |    +0.1% |   -0.011 |      -45.1 |       -0.0 |      2 | bp_fe_pc_gen_1.pc_gen_icache_o\[62\]$_SDFFCE_PP0P_/D
------------------------------------------------------------------------------------------------------------------------------
[INFO RSZ-0059] Removed 5 buffers.
[INFO RSZ-0045] Inserted 92 buffers, 1 to split loads.
[INFO RSZ-0051] Resized 135 instances: 135 up, 0 up match, 0 down, 0 VT
[INFO RSZ-0043] Swapped pins on 34 instances.
[INFO RSZ-0049] Cloned 4 instances.
[WARNING RSZ-0062] Unable to repair all setup violations.
[INFO RSZ-0505] Runtime: 19.05s
[INFO RSZ-0033] No hold violations found.
[INFO RSZ-0506] Runtime: 0.06s
Took 19 seconds: repair_timing -setup_margin 0 -hold_margin 0.03 -repair_tns 100 -verbose
Repair timing output passed lec test
detailed_placement
[INFO DPL-0006] Core area: 450857.23 um^2
[INFO DPL-0007] Movable instances area: 56462.49 um^2
[INFO DPL-0008] Fixed instances area within core: 161744.23 um^2
[INFO DPL-0009] Utilization: 48.4%
[INFO DPL-0005] Diamond search max displacement: +/- 500 sites horizontally, +/- 100 rows vertically.
[INFO DPL-1102] Legalizing using negotiation legalizer.
[INFO DPL-1103] Negotiation base search window: +/-20 sites horizontally, +/-5 rows vertically 
	Automatic search window extension enabled.
	Search window extendable up to the max displacement cap of +/-500 sites, +/-100 rows near walls.
[INFO DPL-1104] NegotiationLegalizer DRC penalty: 5.
[INFO DPL-0392] Negotiation cell height distribution (4 unique row-count(s)):
[INFO DPL-0393]   height 1 row(s): 37575 cells
[INFO DPL-0393]   height 26 row(s): 1 cells
[INFO DPL-0393]   height 64 row(s): 1 cells
[INFO DPL-0393]   height 81 row(s): 9 cells
          |      Total |  Illegal |  Illegal
Iteration | Violations |    Cells |    Sites
---------------------------------------------
        0 |          0 |         0 |         0
Negotiation phase 1 converged at iteration 0.
[INFO DPL-0500] Runtime: 0.31s
Placement Analysis
---------------------------------
total displacement        287.4 u
average displacement        0.0 u
max displacement            5.8 u
original HPWL         1442085.1 u
legalized HPWL        1442304.8 u
delta HPWL                    0 %

estimate_parasitics -placement
Report metrics stage 4, cts final...

==========================================================================
cts final report_design_area
--------------------------------------------------------------------------
Design area 218207 um^2 48% utilization.
write_db /tmp/workspace/scripts-Private_test-fr_cugr_cmp-1-/results/nangate45/bp_fe/base/4_1_cts.odb
write_sdc -no_timestamp /tmp/workspace/scripts-Private_test-fr_cugr_cmp-1-/results/nangate45/bp_fe/base/4_cts.sdc
Elapsed time: 0:47.64[h:]min:sec. CPU time: user 87.74 sys 55.21 (300%). Peak memory: 442924KB.
Log                       Ext     Elapsed/s Peak Memory/MB sha1sum result [0:20)
4_1_cts                   .odb           47            432 42c71e551cf8538bfa7e
cp /tmp/workspace/scripts-Private_test-fr_cugr_cmp-1-/results/nangate45/bp_fe/base/4_1_cts.odb /tmp/workspace/scripts-Private_test-fr_cugr_cmp-1-/results/nangate45/bp_fe/base/4_cts.odb
/OpenROAD-flow-scripts/flow/scripts/flow.sh 5_1_grt global_route
Running global_route.tcl, stage 5_1_grt
read_liberty ./platforms/nangate45/lib/NangateOpenCellLibrary_typical.lib
read_liberty ./platforms/nangate45/lib/fakeram45_512x64.lib
read_liberty ./platforms/nangate45/lib/fakeram45_64x7.lib
read_liberty ./platforms/nangate45/lib/fakeram45_64x96.lib
read_db /tmp/workspace/scripts-Private_test-fr_cugr_cmp-1-/results/nangate45/bp_fe/base/4_cts.odb
read_sdc /tmp/workspace/scripts-Private_test-fr_cugr_cmp-1-/results/nangate45/bp_fe/base/4_cts.sdc
source ./platforms/nangate45/setRC.tcl
pin_access
[INFO DRT-0149] Reading tech and libs.

Units:                2000
Number of layers:     21
Number of macros:     138
Number of vias:       42
Number of viarulegen: 19

[INFO DRT-0150] Reading design.
[WARNING DRT-0120] Large net icache_1/net11517 has 104 pins which may impact routing performance. Consider optimization.

Design:                   bp_fe_top
Die area:                 ( 0 0 ) ( 1600000 1200000 )
Number of track patterns: 20
Number of DEF vias:       0
Number of components:     37586
Number of terminals:      2513
Number of snets:          2
Number of nets:           40423

[INFO DRT-0167] List of default vias:
  Layer via2
    default via: via2_5
  Layer via3
    default via: via3_2
  Layer via4
    default via: via4_0
  Layer via5
    default via: via5_0
  Layer via6
    default via: via6_0
  Layer via7
    default via: via7_0
  Layer via8
    default via: via8_0
  Layer via9
    default via: via9_0
[INFO DRT-0162] Library cell analysis.
[INFO DRT-0163] Instance analysis.
[INFO DRT-0164] Number of unique instances = 162.
[INFO DRT-0168] Init region query.
[INFO DRT-0024]   Complete active.
[INFO DRT-0024]   Complete Fr_VIA.
[INFO DRT-0024]   Complete metal1.
[INFO DRT-0024]   Complete via1.
[INFO DRT-0024]   Complete metal2.
[INFO DRT-0024]   Complete via2.
[INFO DRT-0024]   Complete metal3.
[INFO DRT-0024]   Complete via3.
[INFO DRT-0024]   Complete metal4.
[INFO DRT-0024]   Complete via4.
[INFO DRT-0024]   Complete metal5.
[INFO DRT-0024]   Complete via5.
[INFO DRT-0024]   Complete metal6.
[INFO DRT-0024]   Complete via6.
[INFO DRT-0024]   Complete metal7.
[INFO DRT-0024]   Complete via7.
[INFO DRT-0024]   Complete metal8.
[INFO DRT-0024]   Complete via8.
[INFO DRT-0024]   Complete metal9.
[INFO DRT-0024]   Complete via9.
[INFO DRT-0024]   Complete metal10.
[INFO DRT-0033] active shape region query size = 0.
[INFO DRT-0033] FR_VIA shape region query size = 0.
[INFO DRT-0033] metal1 shape region query size = 642430.
[INFO DRT-0033] via1 shape region query size = 12006.
[INFO DRT-0033] metal2 shape region query size = 8015.
[INFO DRT-0033] via2 shape region query size = 12006.
[INFO DRT-0033] metal3 shape region query size = 12352.
[INFO DRT-0033] via3 shape region query size = 12006.
[INFO DRT-0033] metal4 shape region query size = 12143.
[INFO DRT-0033] via4 shape region query size = 23074.
[INFO DRT-0033] metal5 shape region query size = 11937.
[INFO DRT-0033] via5 shape region query size = 33364.
[INFO DRT-0033] metal6 shape region query size = 6743.
[INFO DRT-0033] via6 shape region query size = 10364.
[INFO DRT-0033] metal7 shape region query size = 1578.
[INFO DRT-0033] via7 shape region query size = 0.
[INFO DRT-0033] metal8 shape region query size = 0.
[INFO DRT-0033] via8 shape region query size = 0.
[INFO DRT-0033] metal9 shape region query size = 0.
[INFO DRT-0033] via9 shape region query size = 0.
[INFO DRT-0033] metal10 shape region query size = 0.
[INFO DRT-0165] Start pin access.
[INFO DRT-0076]   Complete 1000 pins.
[INFO DRT-0076]   Complete 2000 pins.
[INFO DRT-0078]   Complete 2670 pins.
[INFO DRT-0079]   Complete 100 unique inst patterns.
[INFO DRT-0081]   Complete 152 unique inst patterns.
[INFO DRT-0082]   Complete 10000 groups.
[INFO DRT-0082]   Complete 20000 groups.
[INFO DRT-0084]   Complete 24380 groups.
#scanned instances     = 37586
#unique  instances     = 161
#stdCellGenAp          = 5541
#stdCellValidPlanarAp  = 0
#stdCellValidViaAp     = 3790
#stdCellPinNoAp        = 0
#stdCellPinCnt         = 122423
#instTermValidViaApCnt = 0
#macroGenAp            = 2664
#macroValidPlanarAp    = 2664
#macroValidViaAp       = 0
#macroNoAp             = 0
[INFO DRT-0166] Complete pin access.
[INFO DRT-0267] cpu time = 00:03:35, elapsed time = 00:00:08, memory = 273.02 (MB), peak = 277.56 (MB)
Took 9 seconds: pin_access
global_route -congestion_report_file /tmp/workspace/scripts-Private_test-fr_cugr_cmp-1-/reports/nangate45/bp_fe/base/congestion.rpt -congestion_iterations 30 -congestion_report_iter_step 5 -verbose
[INFO GRT-0020] Min routing layer: metal2
[INFO GRT-0021] Max routing layer: metal10
[INFO GRT-0022] Global adjustment: 0%
[INFO GRT-0023] Grid origin: (0, 0)
[INFO GRT-0088] Layer metal1  Track-Pitch = 0.1400  line-2-Via Pitch: 0.1350
[INFO GRT-0088] Layer metal2  Track-Pitch = 0.1900  line-2-Via Pitch: 0.1400
[INFO GRT-0088] Layer metal3  Track-Pitch = 0.1400  line-2-Via Pitch: 0.1400
[INFO GRT-0088] Layer metal4  Track-Pitch = 0.2800  line-2-Via Pitch: 0.2800
[INFO GRT-0088] Layer metal5  Track-Pitch = 0.2800  line-2-Via Pitch: 0.2800
[INFO GRT-0088] Layer metal6  Track-Pitch = 0.2800  line-2-Via Pitch: 0.2800
[INFO GRT-0088] Layer metal7  Track-Pitch = 0.8000  line-2-Via Pitch: 0.8000
[INFO GRT-0088] Layer metal8  Track-Pitch = 0.8000  line-2-Via Pitch: 0.8000
[INFO GRT-0088] Layer metal9  Track-Pitch = 1.6000  line-2-Via Pitch: 1.6000
[INFO GRT-0088] Layer metal10 Track-Pitch = 1.6000  line-2-Via Pitch: 1.6000
[INFO GRT-0003] Macros: 11
[INFO GRT-0004] Blockages: 2848
[INFO GRT-0019] Found 817 clock nets.
[INFO GRT-0001] Minimum degree: 2
[INFO GRT-0002] Maximum degree: 104

[INFO GRT-0053] Routing resources analysis:
          Routing      Original      Derated      Resource
Layer     Direction    Resources     Resources    Reduction (%)
---------------------------------------------------------------
metal1     Horizontal          0             0          0.00%
metal2     Vertical       564662        337337          40.26%
metal3     Horizontal     770389        455693          40.85%
metal4     Vertical       382969        306074          20.08%
metal5     Horizontal     550498        440289          20.02%
metal6     Vertical       551050        440291          20.10%
metal7     Horizontal     182990        129332          29.32%
metal8     Vertical       208791        150271          28.03%
metal9     Horizontal     104346         58590          43.85%
metal10    Vertical       104291         58729          43.69%
---------------------------------------------------------------

[INFO GRT-0101] Running extra iterations to remove congestion.
[INFO GRT-0102] Start extra iteration 1/30
[INFO GRT-0197] Via related to pin nodes: 215126
[INFO GRT-0198] Via related Steiner nodes: 7286
[INFO GRT-0199] Via filling finished.
[INFO GRT-0111] Final number of vias: 286256
[INFO GRT-0112] Final usage 3D: 1426623

[INFO GRT-0096] Final congestion report:
Layer         Resource        Demand        Usage (%)    Max H / Max V / Total Congestion
---------------------------------------------------------------------------------------
metal1               0             0            0.00%             0 /  0 /  0
metal2          337337        127033           37.66%             0 /  0 /  0
metal3          455693        183869           40.35%             0 /  0 /  0
metal4          306074         74010           24.18%             0 /  0 /  0
metal5          440289        129497           29.41%             0 /  0 /  0
metal6          440291         44920           10.20%             0 /  0 /  0
metal7          129332          6119            4.73%             0 /  0 /  0
metal8          150271          1373            0.91%             0 /  0 /  0
metal9           58590           963            1.64%             0 /  0 /  0
metal10          58729            71            0.12%             0 /  0 /  0
---------------------------------------------------------------------------------------
Total          2376606        567855           23.89%             0 /  0 /  0

[INFO GRT-0018] Total wirelength: 1925727 um
[INFO GRT-0014] Routed nets: 36070
[INFO GRT-0303] Global routing runtime = 00:00:08
Took 8 seconds: global_route -congestion_report_file /tmp/workspace/scripts-Private_test-fr_cugr_cmp-1-/reports/nangate45/bp_fe/base/congestion.rpt -congestion_iterations 30 -congestion_report_iter_step 5 -verbose
[WARNING STA-0450] virtual clock vclk can not be propagated.
estimate_parasitics -global_routing
Perform buffer insertion and gate resizing...
repair_design -verbose
Iteration |   Area    | Resized | Buffers | Nets repaired | Remaining
---------------------------------------------------------------------
        0 |     +0.0% |       0 |       0 |             0 |     40991
     1000 |     +0.0% |       0 |       0 |             0 |     39991
     2000 |     +0.0% |       0 |       4 |             4 |     38991
     3000 |     +0.0% |       0 |      17 |            18 |     37991
     4000 |     +0.0% |       0 |      38 |            39 |     36991
     5000 |     +0.1% |       0 |      61 |            63 |     35991
     6000 |     +0.1% |       0 |      73 |            76 |     34991
     7000 |     +0.1% |       0 |      76 |            80 |     33991
     8000 |     +0.1% |       0 |      89 |            97 |     32991
     9000 |     +0.1% |       0 |      99 |           108 |     31991
    10000 |     +0.1% |       0 |     104 |           113 |     30991
    11000 |     +0.1% |       0 |     110 |           119 |     29991
    12000 |     +0.1% |       0 |     116 |           130 |     28991
    13000 |     +0.1% |       0 |     122 |           136 |     27991
    14000 |     +0.1% |       0 |     125 |           140 |     26991
    15000 |     +0.1% |       0 |     133 |           150 |     25991
[WARNING RSZ-0104] Net icache_1/_24710_ only has one pin. Check if it is intended to be dangling.
[WARNING RSZ-0104] Net icache_1/_24709_ only has one pin. Check if it is intended to be dangling.
    16000 |     +0.1% |       0 |     133 |           150 |     24991
    17000 |     +0.1% |       0 |     133 |           152 |     23991
    18000 |     +0.1% |       0 |     140 |           160 |     22991
    19000 |     +0.1% |       0 |     140 |           160 |     21991
    20000 |     +0.1% |       0 |     144 |           166 |     20991
    21000 |     +0.1% |       0 |     145 |           167 |     19991
    22000 |     +0.1% |       0 |     145 |           167 |     18991
    23000 |     +0.1% |       0 |     145 |           168 |     17991
    24000 |     +0.1% |       0 |     145 |           169 |     16991
    25000 |     +0.1% |       0 |     145 |           169 |     15991
[WARNING RSZ-0104] Net icache_1/_24708_ only has one pin. Check if it is intended to be dangling.
[WARNING RSZ-0104] Net icache_1/_24707_ only has one pin. Check if it is intended to be dangling.
[WARNING RSZ-0104] Net icache_1/_24706_ only has one pin. Check if it is intended to be dangling.
[WARNING RSZ-0104] Net icache_1/_24705_ only has one pin. Check if it is intended to be dangling.
[WARNING RSZ-0104] Net icache_1/_24704_ only has one pin. Check if it is intended to be dangling.
    26000 |     +0.1% |       0 |     145 |           169 |     14991
[WARNING RSZ-0104] Net _05470_ only has one pin. Check if it is intended to be dangling.
[WARNING RSZ-0104] Net _06294_ only has one pin. Check if it is intended to be dangling.
[WARNING RSZ-0104] Net _06295_ only has one pin. Check if it is intended to be dangling.
[WARNING RSZ-0104] Net _06296_ only has one pin. Check if it is intended to be dangling.
[WARNING RSZ-0104] Net _06297_ only has one pin. Check if it is intended to be dangling.
[WARNING RSZ-0104] Net _06298_ only has one pin. Check if it is intended to be dangling.
[WARNING RSZ-0104] Net _06299_ only has one pin. Check if it is intended to be dangling.
[WARNING RSZ-0104] Net _06300_ only has one pin. Check if it is intended to be dangling.
[WARNING RSZ-0104] Net _06301_ only has one pin. Check if it is intended to be dangling.
[WARNING RSZ-0104] Net _06293_ only has one pin. Check if it is intended to be dangling.
[WARNING RSZ-0104] Net icache_1/_21341_ only has one pin. Check if it is intended to be dangling.
[WARNING RSZ-0104] Net icache_1/_21340_ only has one pin. Check if it is intended to be dangling.
[WARNING RSZ-0104] Net icache_1/_21339_ only has one pin. Check if it is intended to be dangling.
[WARNING RSZ-0104] Net icache_1/_21338_ only has one pin. Check if it is intended to be dangling.
[WARNING RSZ-0104] Net icache_1/_21337_ only has one pin. Check if it is intended to be dangling.
[WARNING RSZ-0104] Net icache_1/_21336_ only has one pin. Check if it is intended to be dangling.
[WARNING RSZ-0104] Net icache_1/_21335_ only has one pin. Check if it is intended to be dangling.
[WARNING RSZ-0104] Net icache_1/_21334_ only has one pin. Check if it is intended to be dangling.
[WARNING RSZ-0104] Net icache_1/_21333_ only has one pin. Check if it is intended to be dangling.
[WARNING RSZ-0104] Net icache_1/_21291_ only has one pin. Check if it is intended to be dangling.
[WARNING RSZ-0104] Net icache_1/_21342_ only has one pin. Check if it is intended to be dangling.
[WARNING RSZ-0104] Net icache_1/_21332_ only has one pin. Check if it is intended to be dangling.
[WARNING RSZ-0104] Net icache_1/_22046_ only has one pin. Check if it is intended to be dangling.
[WARNING RSZ-0104] Net icache_1/_22045_ only has one pin. Check if it is intended to be dangling.
[WARNING RSZ-0104] Net icache_1/_22044_ only has one pin. Check if it is intended to be dangling.
[WARNING RSZ-0104] Net icache_1/_21302_ only has one pin. Check if it is intended to be dangling.
[WARNING RSZ-0104] Net icache_1/_22036_ only has one pin. Check if it is intended to be dangling.
[WARNING RSZ-0104] Net icache_1/_22035_ only has one pin. Check if it is intended to be dangling.
[WARNING RSZ-0104] Net icache_1/_22034_ only has one pin. Check if it is intended to be dangling.
[WARNING RSZ-0104] Net icache_1/_22033_ only has one pin. Check if it is intended to be dangling.
[WARNING RSZ-0104] Net icache_1/_22032_ only has one pin. Check if it is intended to be dangling.
[WARNING RSZ-0104] Net icache_1/_22031_ only has one pin. Check if it is intended to be dangling.
[WARNING RSZ-0104] Net icache_1/_22030_ only has one pin. Check if it is intended to be dangling.
[WARNING RSZ-0104] Net icache_1/_22029_ only has one pin. Check if it is intended to be dangling.
[WARNING RSZ-0104] Net icache_1/_22028_ only has one pin. Check if it is intended to be dangling.
[WARNING RSZ-0104] Net icache_1/_22043_ only has one pin. Check if it is intended to be dangling.
[WARNING RSZ-0104] Net icache_1/_22027_ only has one pin. Check if it is intended to be dangling.
[WARNING RSZ-0104] Net icache_1/_22026_ only has one pin. Check if it is intended to be dangling.
[WARNING RSZ-0104] Net icache_1/_22025_ only has one pin. Check if it is intended to be dangling.
[WARNING RSZ-0104] Net icache_1/_22024_ only has one pin. Check if it is intended to be dangling.
[WARNING RSZ-0104] Net icache_1/_22023_ only has one pin. Check if it is intended to be dangling.
[WARNING RSZ-0104] Net icache_1/_22022_ only has one pin. Check if it is intended to be dangling.
[WARNING RSZ-0104] Net icache_1/_22021_ only has one pin. Check if it is intended to be dangling.
[WARNING RSZ-0104] Net icache_1/_22020_ only has one pin. Check if it is intended to be dangling.
[WARNING RSZ-0104] Net icache_1/_22019_ only has one pin. Check if it is intended to be dangling.
[WARNING RSZ-0104] Net icache_1/_22018_ only has one pin. Check if it is intended to be dangling.
[WARNING RSZ-0104] Net icache_1/_22042_ only has one pin. Check if it is intended to be dangling.
[WARNING RSZ-0104] Net icache_1/_22017_ only has one pin. Check if it is intended to be dangling.
[WARNING RSZ-0104] Net icache_1/_22016_ only has one pin. Check if it is intended to be dangling.
[WARNING RSZ-0104] Net icache_1/_22015_ only has one pin. Check if it is intended to be dangling.
[WARNING RSZ-0104] Net icache_1/_22014_ only has one pin. Check if it is intended to be dangling.
[WARNING RSZ-0104] Net icache_1/_22013_ only has one pin. Check if it is intended to be dangling.
[WARNING RSZ-0104] Net icache_1/_22012_ only has one pin. Check if it is intended to be dangling.
[WARNING RSZ-0104] Net icache_1/_22011_ only has one pin. Check if it is intended to be dangling.
[WARNING RSZ-0104] Net icache_1/_22010_ only has one pin. Check if it is intended to be dangling.
[WARNING RSZ-0104] Net icache_1/_22009_ only has one pin. Check if it is intended to be dangling.
[WARNING RSZ-0104] Net icache_1/_22008_ only has one pin. Check if it is intended to be dangling.
[WARNING RSZ-0104] Net icache_1/_22041_ only has one pin. Check if it is intended to be dangling.
[WARNING RSZ-0104] Net icache_1/_22007_ only has one pin. Check if it is intended to be dangling.
[WARNING RSZ-0104] Net icache_1/_22006_ only has one pin. Check if it is intended to be dangling.
[WARNING RSZ-0104] Net icache_1/_22005_ only has one pin. Check if it is intended to be dangling.
[WARNING RSZ-0104] Net icache_1/_22004_ only has one pin. Check if it is intended to be dangling.
[WARNING RSZ-0104] Net icache_1/_22003_ only has one pin. Check if it is intended to be dangling.
[WARNING RSZ-0104] Net icache_1/_22002_ only has one pin. Check if it is intended to be dangling.
[WARNING RSZ-0104] Net icache_1/_22001_ only has one pin. Check if it is intended to be dangling.
[WARNING RSZ-0104] Net icache_1/_22000_ only has one pin. Check if it is intended to be dangling.
[WARNING RSZ-0104] Net icache_1/_21999_ only has one pin. Check if it is intended to be dangling.
[WARNING RSZ-0104] Net icache_1/_21998_ only has one pin. Check if it is intended to be dangling.
[WARNING RSZ-0104] Net icache_1/_22040_ only has one pin. Check if it is intended to be dangling.
[WARNING RSZ-0104] Net icache_1/_21997_ only has one pin. Check if it is intended to be dangling.
[WARNING RSZ-0104] Net icache_1/_21996_ only has one pin. Check if it is intended to be dangling.
[WARNING RSZ-0104] Net icache_1/_21995_ only has one pin. Check if it is intended to be dangling.
[WARNING RSZ-0104] Net icache_1/_21994_ only has one pin. Check if it is intended to be dangling.
[WARNING RSZ-0104] Net icache_1/_21993_ only has one pin. Check if it is intended to be dangling.
[WARNING RSZ-0104] Net icache_1/_21992_ only has one pin. Check if it is intended to be dangling.
[WARNING RSZ-0104] Net icache_1/_21991_ only has one pin. Check if it is intended to be dangling.
[WARNING RSZ-0104] Net icache_1/_21990_ only has one pin. Check if it is intended to be dangling.
[WARNING RSZ-0104] Net icache_1/_21989_ only has one pin. Check if it is intended to be dangling.
[WARNING RSZ-0104] Net icache_1/_21988_ only has one pin. Check if it is intended to be dangling.
[WARNING RSZ-0104] Net icache_1/_22039_ only has one pin. Check if it is intended to be dangling.
[WARNING RSZ-0104] Net icache_1/_21987_ only has one pin. Check if it is intended to be dangling.
[WARNING RSZ-0104] Net icache_1/_21986_ only has one pin. Check if it is intended to be dangling.
[WARNING RSZ-0104] Net icache_1/_21985_ only has one pin. Check if it is intended to be dangling.
[WARNING RSZ-0104] Net icache_1/_21984_ only has one pin. Check if it is intended to be dangling.
[WARNING RSZ-0104] Net icache_1/_21983_ only has one pin. Check if it is intended to be dangling.
[WARNING RSZ-0104] Net icache_1/_21982_ only has one pin. Check if it is intended to be dangling.
[WARNING RSZ-0104] Net icache_1/_21981_ only has one pin. Check if it is intended to be dangling.
[WARNING RSZ-0104] Net icache_1/_21980_ only has one pin. Check if it is intended to be dangling.
[WARNING RSZ-0104] Net icache_1/_21979_ only has one pin. Check if it is intended to be dangling.
[WARNING RSZ-0104] Net icache_1/_21978_ only has one pin. Check if it is intended to be dangling.
[WARNING RSZ-0104] Net icache_1/_22038_ only has one pin. Check if it is intended to be dangling.
[WARNING RSZ-0104] Net icache_1/_21977_ only has one pin. Check if it is intended to be dangling.
[WARNING RSZ-0104] Net icache_1/_21976_ only has one pin. Check if it is intended to be dangling.
[WARNING RSZ-0104] Net icache_1/_21975_ only has one pin. Check if it is intended to be dangling.
[WARNING RSZ-0104] Net icache_1/_21974_ only has one pin. Check if it is intended to be dangling.
[WARNING RSZ-0104] Net icache_1/_21973_ only has one pin. Check if it is intended to be dangling.
[WARNING RSZ-0104] Net icache_1/_21972_ only has one pin. Check if it is intended to be dangling.
[WARNING RSZ-0104] Net icache_1/_21303_ only has one pin. Check if it is intended to be dangling.
[WARNING RSZ-0104] Net icache_1/_22049_ only has one pin. Check if it is intended to be dangling.
[WARNING RSZ-0104] Net icache_1/_22048_ only has one pin. Check if it is intended to be dangling.
[WARNING RSZ-0104] Net icache_1/_22047_ only has one pin. Check if it is intended to be dangling.
[WARNING RSZ-0104] Net icache_1/_22037_ only has one pin. Check if it is intended to be dangling.
[WARNING RSZ-0104] Net icache_1/_22059_ only has one pin. Check if it is intended to be dangling.
[WARNING RSZ-0104] Net icache_1/_22058_ only has one pin. Check if it is intended to be dangling.
[WARNING RSZ-0104] Net icache_1/_22057_ only has one pin. Check if it is intended to be dangling.
[WARNING RSZ-0104] Net icache_1/_22056_ only has one pin. Check if it is intended to be dangling.
[WARNING RSZ-0104] Net icache_1/_22055_ only has one pin. Check if it is intended to be dangling.
[WARNING RSZ-0104] Net icache_1/_22054_ only has one pin. Check if it is intended to be dangling.
[WARNING RSZ-0104] Net icache_1/_22053_ only has one pin. Check if it is intended to be dangling.
[WARNING RSZ-0104] Net icache_1/_22052_ only has one pin. Check if it is intended to be dangling.
[WARNING RSZ-0104] Net icache_1/_22051_ only has one pin. Check if it is intended to be dangling.
[WARNING RSZ-0104] Net icache_1/_21304_ only has one pin. Check if it is intended to be dangling.
[WARNING RSZ-0104] Net icache_1/_22064_ only has one pin. Check if it is intended to be dangling.
[WARNING RSZ-0104] Net icache_1/_22063_ only has one pin. Check if it is intended to be dangling.
[WARNING RSZ-0104] Net icache_1/_22062_ only has one pin. Check if it is intended to be dangling.
[WARNING RSZ-0104] Net icache_1/_22061_ only has one pin. Check if it is intended to be dangling.
[WARNING RSZ-0104] Net icache_1/_22060_ only has one pin. Check if it is intended to be dangling.
[WARNING RSZ-0104] Net icache_1/_22050_ only has one pin. Check if it is intended to be dangling.
[WARNING RSZ-0104] Net icache_1/_21950_ only has one pin. Check if it is intended to be dangling.
[WARNING RSZ-0104] Net icache_1/_21925_ only has one pin. Check if it is intended to be dangling.
[WARNING RSZ-0104] Net icache_1/_21924_ only has one pin. Check if it is intended to be dangling.
[WARNING RSZ-0104] Net icache_1/_21923_ only has one pin. Check if it is intended to be dangling.
[WARNING RSZ-0104] Net icache_1/_21922_ only has one pin. Check if it is intended to be dangling.
[WARNING RSZ-0104] Net icache_1/_21921_ only has one pin. Check if it is intended to be dangling.
[WARNING RSZ-0104] Net icache_1/_21920_ only has one pin. Check if it is intended to be dangling.
[WARNING RSZ-0104] Net icache_1/_21919_ only has one pin. Check if it is intended to be dangling.
[WARNING RSZ-0104] Net icache_1/_21918_ only has one pin. Check if it is intended to be dangling.
[WARNING RSZ-0104] Net icache_1/_21917_ only has one pin. Check if it is intended to be dangling.
[WARNING RSZ-0104] Net icache_1/_21916_ only has one pin. Check if it is intended to be dangling.
[WARNING RSZ-0104] Net icache_1/_21949_ only has one pin. Check if it is intended to be dangling.
[WARNING RSZ-0104] Net icache_1/_21915_ only has one pin. Check if it is intended to be dangling.
[WARNING RSZ-0104] Net icache_1/_21914_ only has one pin. Check if it is intended to be dangling.
[WARNING RSZ-0104] Net icache_1/_21913_ only has one pin. Check if it is intended to be dangling.
[WARNING RSZ-0104] Net icache_1/_21912_ only has one pin. Check if it is intended to be dangling.
[WARNING RSZ-0104] Net icache_1/_21911_ only has one pin. Check if it is intended to be dangling.
[WARNING RSZ-0104] Net icache_1/_21910_ only has one pin. Check if it is intended to be dangling.
[WARNING RSZ-0104] Net icache_1/_21909_ only has one pin. Check if it is intended to be dangling.
[WARNING RSZ-0104] Net icache_1/_21908_ only has one pin. Check if it is intended to be dangling.
[WARNING RSZ-0104] Net icache_1/_21907_ only has one pin. Check if it is intended to be dangling.
[WARNING RSZ-0104] Net icache_1/_21906_ only has one pin. Check if it is intended to be dangling.
[WARNING RSZ-0104] Net icache_1/_21948_ only has one pin. Check if it is intended to be dangling.
[WARNING RSZ-0104] Net icache_1/_21905_ only has one pin. Check if it is intended to be dangling.
[WARNING RSZ-0104] Net icache_1/_21904_ only has one pin. Check if it is intended to be dangling.
[WARNING RSZ-0104] Net icache_1/_21903_ only has one pin. Check if it is intended to be dangling.
[WARNING RSZ-0104] Net icache_1/_21902_ only has one pin. Check if it is intended to be dangling.
[WARNING RSZ-0104] Net icache_1/_21901_ only has one pin. Check if it is intended to be dangling.
[WARNING RSZ-0104] Net icache_1/_21900_ only has one pin. Check if it is intended to be dangling.
[WARNING RSZ-0104] Net icache_1/_21899_ only has one pin. Check if it is intended to be dangling.
[WARNING RSZ-0104] Net icache_1/_21898_ only has one pin. Check if it is intended to be dangling.
[WARNING RSZ-0104] Net icache_1/_21897_ only has one pin. Check if it is intended to be dangling.
[WARNING RSZ-0104] Net icache_1/_21896_ only has one pin. Check if it is intended to be dangling.
[WARNING RSZ-0104] Net icache_1/_21947_ only has one pin. Check if it is intended to be dangling.
[WARNING RSZ-0104] Net icache_1/_21895_ only has one pin. Check if it is intended to be dangling.
[WARNING RSZ-0104] Net icache_1/_21894_ only has one pin. Check if it is intended to be dangling.
[WARNING RSZ-0104] Net icache_1/_21893_ only has one pin. Check if it is intended to be dangling.
[WARNING RSZ-0104] Net icache_1/_21892_ only has one pin. Check if it is intended to be dangling.
[WARNING RSZ-0104] Net icache_1/_21891_ only has one pin. Check if it is intended to be dangling.
[WARNING RSZ-0104] Net icache_1/_21890_ only has one pin. Check if it is intended to be dangling.
[WARNING RSZ-0104] Net icache_1/_21889_ only has one pin. Check if it is intended to be dangling.
[WARNING RSZ-0104] Net icache_1/_21888_ only has one pin. Check if it is intended to be dangling.
[WARNING RSZ-0104] Net icache_1/_21887_ only has one pin. Check if it is intended to be dangling.
[WARNING RSZ-0104] Net icache_1/_21886_ only has one pin. Check if it is intended to be dangling.
[WARNING RSZ-0104] Net icache_1/_21946_ only has one pin. Check if it is intended to be dangling.
[WARNING RSZ-0104] Net icache_1/_21885_ only has one pin. Check if it is intended to be dangling.
[WARNING RSZ-0104] Net icache_1/_21884_ only has one pin. Check if it is intended to be dangling.
[WARNING RSZ-0104] Net icache_1/_21883_ only has one pin. Check if it is intended to be dangling.
[WARNING RSZ-0104] Net icache_1/_21882_ only has one pin. Check if it is intended to be dangling.
[WARNING RSZ-0104] Net icache_1/_21881_ only has one pin. Check if it is intended to be dangling.
[WARNING RSZ-0104] Net icache_1/_21880_ only has one pin. Check if it is intended to be dangling.
[WARNING RSZ-0104] Net icache_1/_21879_ only has one pin. Check if it is intended to be dangling.
[WARNING RSZ-0104] Net icache_1/_21878_ only has one pin. Check if it is intended to be dangling.
[WARNING RSZ-0104] Net icache_1/_21877_ only has one pin. Check if it is intended to be dangling.
[WARNING RSZ-0104] Net icache_1/_21295_ only has one pin. Check if it is intended to be dangling.
[WARNING RSZ-0104] Net icache_1/_21548_ only has one pin. Check if it is intended to be dangling.
[WARNING RSZ-0104] Net icache_1/_21876_ only has one pin. Check if it is intended to be dangling.
[WARNING RSZ-0104] Net icache_1/_21547_ only has one pin. Check if it is intended to be dangling.
[WARNING RSZ-0104] Net icache_1/_21546_ only has one pin. Check if it is intended to be dangling.
[WARNING RSZ-0104] Net icache_1/_21545_ only has one pin. Check if it is intended to be dangling.
[WARNING RSZ-0104] Net icache_1/_21544_ only has one pin. Check if it is intended to be dangling.
[WARNING RSZ-0104] Net icache_1/_21543_ only has one pin. Check if it is intended to be dangling.
[WARNING RSZ-0104] Net icache_1/_21542_ only has one pin. Check if it is intended to be dangling.
[WARNING RSZ-0104] Net icache_1/_21541_ only has one pin. Check if it is intended to be dangling.
[WARNING RSZ-0104] Net icache_1/_21540_ only has one pin. Check if it is intended to be dangling.
[WARNING RSZ-0104] Net icache_1/_21539_ only has one pin. Check if it is intended to be dangling.
[WARNING RSZ-0104] Net icache_1/_21538_ only has one pin. Check if it is intended to be dangling.
[WARNING RSZ-0104] Net icache_1/_21945_ only has one pin. Check if it is intended to be dangling.
[WARNING RSZ-0104] Net icache_1/_21875_ only has one pin. Check if it is intended to be dangling.
[WARNING RSZ-0104] Net icache_1/_21537_ only has one pin. Check if it is intended to be dangling.
[WARNING RSZ-0104] Net icache_1/_21536_ only has one pin. Check if it is intended to be dangling.
[WARNING RSZ-0104] Net icache_1/_21535_ only has one pin. Check if it is intended to be dangling.
[WARNING RSZ-0104] Net icache_1/_21534_ only has one pin. Check if it is intended to be dangling.
[WARNING RSZ-0104] Net icache_1/_21533_ only has one pin. Check if it is intended to be dangling.
[WARNING RSZ-0104] Net icache_1/_21532_ only has one pin. Check if it is intended to be dangling.
[WARNING RSZ-0104] Net icache_1/_21531_ only has one pin. Check if it is intended to be dangling.
[WARNING RSZ-0104] Net icache_1/_21530_ only has one pin. Check if it is intended to be dangling.
[WARNING RSZ-0104] Net icache_1/_21529_ only has one pin. Check if it is intended to be dangling.
[WARNING RSZ-0104] Net icache_1/_21528_ only has one pin. Check if it is intended to be dangling.
[WARNING RSZ-0104] Net icache_1/_21874_ only has one pin. Check if it is intended to be dangling.
[WARNING RSZ-0104] Net icache_1/_21527_ only has one pin. Check if it is intended to be dangling.
[WARNING RSZ-0104] Net icache_1/_21526_ only has one pin. Check if it is intended to be dangling.
[WARNING RSZ-0104] Net icache_1/_21525_ only has one pin. Check if it is intended to be dangling.
[WARNING RSZ-0104] Net icache_1/_21524_ only has one pin. Check if it is intended to be dangling.
[WARNING RSZ-0104] Net icache_1/_21523_ only has one pin. Check if it is intended to be dangling.
[WARNING RSZ-0104] Net icache_1/_21522_ only has one pin. Check if it is intended to be dangling.
[WARNING RSZ-0104] Net icache_1/_21521_ only has one pin. Check if it is intended to be dangling.
[WARNING RSZ-0104] Net icache_1/_21520_ only has one pin. Check if it is intended to be dangling.
[WARNING RSZ-0104] Net icache_1/_21519_ only has one pin. Check if it is intended to be dangling.
[WARNING RSZ-0104] Net icache_1/_21518_ only has one pin. Check if it is intended to be dangling.
[WARNING RSZ-0104] Net icache_1/_21873_ only has one pin. Check if it is intended to be dangling.
[WARNING RSZ-0104] Net icache_1/_21517_ only has one pin. Check if it is intended to be dangling.
[WARNING RSZ-0104] Net icache_1/_21516_ only has one pin. Check if it is intended to be dangling.
[WARNING RSZ-0104] Net icache_1/_21515_ only has one pin. Check if it is intended to be dangling.
[WARNING RSZ-0104] Net icache_1/_21514_ only has one pin. Check if it is intended to be dangling.
[WARNING RSZ-0104] Net icache_1/_21513_ only has one pin. Check if it is intended to be dangling.
[WARNING RSZ-0104] Net icache_1/_21512_ only has one pin. Check if it is intended to be dangling.
[WARNING RSZ-0104] Net icache_1/_21511_ only has one pin. Check if it is intended to be dangling.
[WARNING RSZ-0104] Net icache_1/_21510_ only has one pin. Check if it is intended to be dangling.
[WARNING RSZ-0104] Net icache_1/_21509_ only has one pin. Check if it is intended to be dangling.
[WARNING RSZ-0104] Net icache_1/_21508_ only has one pin. Check if it is intended to be dangling.
[WARNING RSZ-0104] Net icache_1/_21872_ only has one pin. Check if it is intended to be dangling.
[WARNING RSZ-0104] Net icache_1/_21507_ only has one pin. Check if it is intended to be dangling.
[WARNING RSZ-0104] Net icache_1/_21506_ only has one pin. Check if it is intended to be dangling.
[WARNING RSZ-0104] Net icache_1/_21505_ only has one pin. Check if it is intended to be dangling.
[WARNING RSZ-0104] Net icache_1/_21504_ only has one pin. Check if it is intended to be dangling.
[WARNING RSZ-0104] Net icache_1/_21503_ only has one pin. Check if it is intended to be dangling.
[WARNING RSZ-0104] Net icache_1/_21502_ only has one pin. Check if it is intended to be dangling.
[WARNING RSZ-0104] Net icache_1/_21501_ only has one pin. Check if it is intended to be dangling.
[WARNING RSZ-0104] Net icache_1/_21500_ only has one pin. Check if it is intended to be dangling.
[WARNING RSZ-0104] Net icache_1/_21499_ only has one pin. Check if it is intended to be dangling.
[WARNING RSZ-0104] Net icache_1/_21498_ only has one pin. Check if it is intended to be dangling.
[WARNING RSZ-0104] Net icache_1/_21871_ only has one pin. Check if it is intended to be dangling.
[WARNING RSZ-0104] Net icache_1/_21497_ only has one pin. Check if it is intended to be dangling.
[WARNING RSZ-0104] Net icache_1/_21496_ only has one pin. Check if it is intended to be dangling.
[WARNING RSZ-0104] Net icache_1/_21495_ only has one pin. Check if it is intended to be dangling.
[WARNING RSZ-0104] Net icache_1/_21494_ only has one pin. Check if it is intended to be dangling.
[WARNING RSZ-0104] Net icache_1/_21493_ only has one pin. Check if it is intended to be dangling.
[WARNING RSZ-0104] Net icache_1/_21492_ only has one pin. Check if it is intended to be dangling.
[WARNING RSZ-0104] Net icache_1/_21491_ only has one pin. Check if it is intended to be dangling.
[WARNING RSZ-0104] Net icache_1/_21490_ only has one pin. Check if it is intended to be dangling.
[WARNING RSZ-0104] Net icache_1/_21489_ only has one pin. Check if it is intended to be dangling.
[WARNING RSZ-0104] Net icache_1/_21488_ only has one pin. Check if it is intended to be dangling.
[WARNING RSZ-0104] Net icache_1/_21870_ only has one pin. Check if it is intended to be dangling.
[WARNING RSZ-0104] Net icache_1/_21487_ only has one pin. Check if it is intended to be dangling.
[WARNING RSZ-0104] Net icache_1/_21486_ only has one pin. Check if it is intended to be dangling.
[WARNING RSZ-0104] Net icache_1/_21485_ only has one pin. Check if it is intended to be dangling.
[WARNING RSZ-0104] Net icache_1/_21484_ only has one pin. Check if it is intended to be dangling.
[WARNING RSZ-0104] Net icache_1/_21483_ only has one pin. Check if it is intended to be dangling.
[WARNING RSZ-0104] Net icache_1/_21482_ only has one pin. Check if it is intended to be dangling.
[WARNING RSZ-0104] Net icache_1/_21481_ only has one pin. Check if it is intended to be dangling.
[WARNING RSZ-0104] Net icache_1/_21480_ only has one pin. Check if it is intended to be dangling.
[WARNING RSZ-0104] Net icache_1/_21479_ only has one pin. Check if it is intended to be dangling.
[WARNING RSZ-0104] Net icache_1/_21478_ only has one pin. Check if it is intended to be dangling.
[WARNING RSZ-0104] Net icache_1/_21869_ only has one pin. Check if it is intended to be dangling.
[WARNING RSZ-0104] Net icache_1/_21477_ only has one pin. Check if it is intended to be dangling.
[WARNING RSZ-0104] Net icache_1/_21476_ only has one pin. Check if it is intended to be dangling.
[WARNING RSZ-0104] Net icache_1/_21475_ only has one pin. Check if it is intended to be dangling.
[WARNING RSZ-0104] Net icache_1/_21474_ only has one pin. Check if it is intended to be dangling.
[WARNING RSZ-0104] Net icache_1/_21473_ only has one pin. Check if it is intended to be dangling.
[WARNING RSZ-0104] Net icache_1/_21472_ only has one pin. Check if it is intended to be dangling.
[WARNING RSZ-0104] Net icache_1/_21471_ only has one pin. Check if it is intended to be dangling.
[WARNING RSZ-0104] Net icache_1/_21470_ only has one pin. Check if it is intended to be dangling.
[WARNING RSZ-0104] Net icache_1/_21469_ only has one pin. Check if it is intended to be dangling.
[WARNING RSZ-0104] Net icache_1/_21468_ only has one pin. Check if it is intended to be dangling.
[WARNING RSZ-0104] Net icache_1/_21868_ only has one pin. Check if it is intended to be dangling.
[WARNING RSZ-0104] Net icache_1/_21467_ only has one pin. Check if it is intended to be dangling.
[WARNING RSZ-0104] Net icache_1/_21466_ only has one pin. Check if it is intended to be dangling.
[WARNING RSZ-0104] Net icache_1/_21465_ only has one pin. Check if it is intended to be dangling.
[WARNING RSZ-0104] Net icache_1/_21464_ only has one pin. Check if it is intended to be dangling.
[WARNING RSZ-0104] Net icache_1/_21463_ only has one pin. Check if it is intended to be dangling.
[WARNING RSZ-0104] Net icache_1/_21462_ only has one pin. Check if it is intended to be dangling.
[WARNING RSZ-0104] Net icache_1/_21461_ only has one pin. Check if it is intended to be dangling.
[WARNING RSZ-0104] Net icache_1/_21460_ only has one pin. Check if it is intended to be dangling.
[WARNING RSZ-0104] Net icache_1/_21459_ only has one pin. Check if it is intended to be dangling.
[WARNING RSZ-0104] Net icache_1/_21458_ only has one pin. Check if it is intended to be dangling.
[WARNING RSZ-0104] Net icache_1/_21867_ only has one pin. Check if it is intended to be dangling.
[WARNING RSZ-0104] Net icache_1/_21457_ only has one pin. Check if it is intended to be dangling.
[WARNING RSZ-0104] Net icache_1/_21456_ only has one pin. Check if it is intended to be dangling.
[WARNING RSZ-0104] Net icache_1/_21455_ only has one pin. Check if it is intended to be dangling.
[WARNING RSZ-0104] Net icache_1/_21454_ only has one pin. Check if it is intended to be dangling.
    27000 |     +0.1% |       0 |     145 |           169 |     13991
[WARNING RSZ-0104] Net icache_1/_21453_ only has one pin. Check if it is intended to be dangling.
[WARNING RSZ-0104] Net icache_1/_21452_ only has one pin. Check if it is intended to be dangling.
[WARNING RSZ-0104] Net icache_1/_21451_ only has one pin. Check if it is intended to be dangling.
[WARNING RSZ-0104] Net icache_1/_21296_ only has one pin. Check if it is intended to be dangling.
[WARNING RSZ-0104] Net icache_1/_21646_ only has one pin. Check if it is intended to be dangling.
[WARNING RSZ-0104] Net icache_1/_21645_ only has one pin. Check if it is intended to be dangling.
[WARNING RSZ-0104] Net icache_1/_21866_ only has one pin. Check if it is intended to be dangling.
[WARNING RSZ-0104] Net icache_1/_21644_ only has one pin. Check if it is intended to be dangling.
[WARNING RSZ-0104] Net icache_1/_21643_ only has one pin. Check if it is intended to be dangling.
[WARNING RSZ-0104] Net icache_1/_21642_ only has one pin. Check if it is intended to be dangling.
[WARNING RSZ-0104] Net icache_1/_21641_ only has one pin. Check if it is intended to be dangling.
[WARNING RSZ-0104] Net icache_1/_21640_ only has one pin. Check if it is intended to be dangling.
[WARNING RSZ-0104] Net icache_1/_21639_ only has one pin. Check if it is intended to be dangling.
[WARNING RSZ-0104] Net icache_1/_21638_ only has one pin. Check if it is intended to be dangling.
[WARNING RSZ-0104] Net icache_1/_21637_ only has one pin. Check if it is intended to be dangling.
[WARNING RSZ-0104] Net icache_1/_21636_ only has one pin. Check if it is intended to be dangling.
[WARNING RSZ-0104] Net icache_1/_21635_ only has one pin. Check if it is intended to be dangling.
[WARNING RSZ-0104] Net icache_1/_21944_ only has one pin. Check if it is intended to be dangling.
[WARNING RSZ-0104] Net icache_1/_21865_ only has one pin. Check if it is intended to be dangling.
[WARNING RSZ-0104] Net icache_1/_21634_ only has one pin. Check if it is intended to be dangling.
[WARNING RSZ-0104] Net icache_1/_21633_ only has one pin. Check if it is intended to be dangling.
[WARNING RSZ-0104] Net icache_1/_21632_ only has one pin. Check if it is intended to be dangling.
[WARNING RSZ-0104] Net icache_1/_21631_ only has one pin. Check if it is intended to be dangling.
[WARNING RSZ-0104] Net icache_1/_21630_ only has one pin. Check if it is intended to be dangling.
[WARNING RSZ-0104] Net icache_1/_21629_ only has one pin. Check if it is intended to be dangling.
[WARNING RSZ-0104] Net icache_1/_21628_ only has one pin. Check if it is intended to be dangling.
[WARNING RSZ-0104] Net icache_1/_21627_ only has one pin. Check if it is intended to be dangling.
[WARNING RSZ-0104] Net icache_1/_21626_ only has one pin. Check if it is intended to be dangling.
[WARNING RSZ-0104] Net icache_1/_21625_ only has one pin. Check if it is intended to be dangling.
[WARNING RSZ-0104] Net icache_1/_21864_ only has one pin. Check if it is intended to be dangling.
[WARNING RSZ-0104] Net icache_1/_21624_ only has one pin. Check if it is intended to be dangling.
[WARNING RSZ-0104] Net icache_1/_21623_ only has one pin. Check if it is intended to be dangling.
[WARNING RSZ-0104] Net icache_1/_21622_ only has one pin. Check if it is intended to be dangling.
[WARNING RSZ-0104] Net icache_1/_21621_ only has one pin. Check if it is intended to be dangling.
[WARNING RSZ-0104] Net icache_1/_21620_ only has one pin. Check if it is intended to be dangling.
[WARNING RSZ-0104] Net icache_1/_21619_ only has one pin. Check if it is intended to be dangling.
[WARNING RSZ-0104] Net icache_1/_21618_ only has one pin. Check if it is intended to be dangling.
[WARNING RSZ-0104] Net icache_1/_21617_ only has one pin. Check if it is intended to be dangling.
[WARNING RSZ-0104] Net icache_1/_21616_ only has one pin. Check if it is intended to be dangling.
[WARNING RSZ-0104] Net icache_1/_21615_ only has one pin. Check if it is intended to be dangling.
[WARNING RSZ-0104] Net icache_1/_21863_ only has one pin. Check if it is intended to be dangling.
[WARNING RSZ-0104] Net icache_1/_21614_ only has one pin. Check if it is intended to be dangling.
[WARNING RSZ-0104] Net icache_1/_21613_ only has one pin. Check if it is intended to be dangling.
[WARNING RSZ-0104] Net icache_1/_21612_ only has one pin. Check if it is intended to be dangling.
[WARNING RSZ-0104] Net icache_1/_21611_ only has one pin. Check if it is intended to be dangling.
[WARNING RSZ-0104] Net icache_1/_21610_ only has one pin. Check if it is intended to be dangling.
[WARNING RSZ-0104] Net icache_1/_21609_ only has one pin. Check if it is intended to be dangling.
[WARNING RSZ-0104] Net icache_1/_21608_ only has one pin. Check if it is intended to be dangling.
[WARNING RSZ-0104] Net icache_1/_21607_ only has one pin. Check if it is intended to be dangling.
[WARNING RSZ-0104] Net icache_1/_21606_ only has one pin. Check if it is intended to be dangling.
[WARNING RSZ-0104] Net icache_1/_21605_ only has one pin. Check if it is intended to be dangling.
[WARNING RSZ-0104] Net icache_1/_21862_ only has one pin. Check if it is intended to be dangling.
[WARNING RSZ-0104] Net icache_1/_21604_ only has one pin. Check if it is intended to be dangling.
[WARNING RSZ-0104] Net icache_1/_21603_ only has one pin. Check if it is intended to be dangling.
[WARNING RSZ-0104] Net icache_1/_21602_ only has one pin. Check if it is intended to be dangling.
[WARNING RSZ-0104] Net icache_1/_21601_ only has one pin. Check if it is intended to be dangling.
[WARNING RSZ-0104] Net icache_1/_21600_ only has one pin. Check if it is intended to be dangling.
[WARNING RSZ-0104] Net icache_1/_21599_ only has one pin. Check if it is intended to be dangling.
[WARNING RSZ-0104] Net icache_1/_21598_ only has one pin. Check if it is intended to be dangling.
[WARNING RSZ-0104] Net icache_1/_21597_ only has one pin. Check if it is intended to be dangling.
[WARNING RSZ-0104] Net icache_1/_21596_ only has one pin. Check if it is intended to be dangling.
[WARNING RSZ-0104] Net icache_1/_21595_ only has one pin. Check if it is intended to be dangling.
[WARNING RSZ-0104] Net icache_1/_21861_ only has one pin. Check if it is intended to be dangling.
[WARNING RSZ-0104] Net icache_1/_21594_ only has one pin. Check if it is intended to be dangling.
[WARNING RSZ-0104] Net icache_1/_21593_ only has one pin. Check if it is intended to be dangling.
[WARNING RSZ-0104] Net icache_1/_21592_ only has one pin. Check if it is intended to be dangling.
[WARNING RSZ-0104] Net icache_1/_21591_ only has one pin. Check if it is intended to be dangling.
[WARNING RSZ-0104] Net icache_1/_21590_ only has one pin. Check if it is intended to be dangling.
[WARNING RSZ-0104] Net icache_1/_21589_ only has one pin. Check if it is intended to be dangling.
[WARNING RSZ-0104] Net icache_1/_21588_ only has one pin. Check if it is intended to be dangling.
[WARNING RSZ-0104] Net icache_1/_21587_ only has one pin. Check if it is intended to be dangling.
[WARNING RSZ-0104] Net icache_1/_21586_ only has one pin. Check if it is intended to be dangling.
[WARNING RSZ-0104] Net icache_1/_21585_ only has one pin. Check if it is intended to be dangling.
[WARNING RSZ-0104] Net icache_1/_21860_ only has one pin. Check if it is intended to be dangling.
[WARNING RSZ-0104] Net icache_1/_21584_ only has one pin. Check if it is intended to be dangling.
[WARNING RSZ-0104] Net icache_1/_21583_ only has one pin. Check if it is intended to be dangling.
[WARNING RSZ-0104] Net icache_1/_21582_ only has one pin. Check if it is intended to be dangling.
[WARNING RSZ-0104] Net icache_1/_21581_ only has one pin. Check if it is intended to be dangling.
[WARNING RSZ-0104] Net icache_1/_21580_ only has one pin. Check if it is intended to be dangling.
[WARNING RSZ-0104] Net icache_1/_21579_ only has one pin. Check if it is intended to be dangling.
[WARNING RSZ-0104] Net icache_1/_21578_ only has one pin. Check if it is intended to be dangling.
[WARNING RSZ-0104] Net icache_1/_21577_ only has one pin. Check if it is intended to be dangling.
[WARNING RSZ-0104] Net icache_1/_21576_ only has one pin. Check if it is intended to be dangling.
[WARNING RSZ-0104] Net icache_1/_21575_ only has one pin. Check if it is intended to be dangling.
[WARNING RSZ-0104] Net icache_1/_21859_ only has one pin. Check if it is intended to be dangling.
[WARNING RSZ-0104] Net icache_1/_21574_ only has one pin. Check if it is intended to be dangling.
[WARNING RSZ-0104] Net icache_1/_21573_ only has one pin. Check if it is intended to be dangling.
[WARNING RSZ-0104] Net icache_1/_21572_ only has one pin. Check if it is intended to be dangling.
[WARNING RSZ-0104] Net icache_1/_21571_ only has one pin. Check if it is intended to be dangling.
[WARNING RSZ-0104] Net icache_1/_21570_ only has one pin. Check if it is intended to be dangling.
[WARNING RSZ-0104] Net icache_1/_21569_ only has one pin. Check if it is intended to be dangling.
[WARNING RSZ-0104] Net icache_1/_21568_ only has one pin. Check if it is intended to be dangling.
[WARNING RSZ-0104] Net icache_1/_21567_ only has one pin. Check if it is intended to be dangling.
[WARNING RSZ-0104] Net icache_1/_21566_ only has one pin. Check if it is intended to be dangling.
[WARNING RSZ-0104] Net icache_1/_21565_ only has one pin. Check if it is intended to be dangling.
[WARNING RSZ-0104] Net icache_1/_21858_ only has one pin. Check if it is intended to be dangling.
[WARNING RSZ-0104] Net icache_1/_21564_ only has one pin. Check if it is intended to be dangling.
[WARNING RSZ-0104] Net icache_1/_21563_ only has one pin. Check if it is intended to be dangling.
[WARNING RSZ-0104] Net icache_1/_21562_ only has one pin. Check if it is intended to be dangling.
[WARNING RSZ-0104] Net icache_1/_21561_ only has one pin. Check if it is intended to be dangling.
[WARNING RSZ-0104] Net icache_1/_21560_ only has one pin. Check if it is intended to be dangling.
[WARNING RSZ-0104] Net icache_1/_21559_ only has one pin. Check if it is intended to be dangling.
[WARNING RSZ-0104] Net icache_1/_21558_ only has one pin. Check if it is intended to be dangling.
[WARNING RSZ-0104] Net icache_1/_21557_ only has one pin. Check if it is intended to be dangling.
[WARNING RSZ-0104] Net icache_1/_21556_ only has one pin. Check if it is intended to be dangling.
[WARNING RSZ-0104] Net icache_1/_21555_ only has one pin. Check if it is intended to be dangling.
[WARNING RSZ-0104] Net icache_1/_21857_ only has one pin. Check if it is intended to be dangling.
[WARNING RSZ-0104] Net icache_1/_21554_ only has one pin. Check if it is intended to be dangling.
[WARNING RSZ-0104] Net icache_1/_21553_ only has one pin. Check if it is intended to be dangling.
[WARNING RSZ-0104] Net icache_1/_21552_ only has one pin. Check if it is intended to be dangling.
[WARNING RSZ-0104] Net icache_1/_21551_ only has one pin. Check if it is intended to be dangling.
[WARNING RSZ-0104] Net icache_1/_21550_ only has one pin. Check if it is intended to be dangling.
[WARNING RSZ-0104] Net icache_1/_21549_ only has one pin. Check if it is intended to be dangling.
[WARNING RSZ-0104] Net icache_1/_21297_ only has one pin. Check if it is intended to be dangling.
[WARNING RSZ-0104] Net icache_1/_21744_ only has one pin. Check if it is intended to be dangling.
[WARNING RSZ-0104] Net icache_1/_21743_ only has one pin. Check if it is intended to be dangling.
[WARNING RSZ-0104] Net icache_1/_21742_ only has one pin. Check if it is intended to be dangling.
[WARNING RSZ-0104] Net icache_1/_21856_ only has one pin. Check if it is intended to be dangling.
[WARNING RSZ-0104] Net icache_1/_21741_ only has one pin. Check if it is intended to be dangling.
[WARNING RSZ-0104] Net icache_1/_21740_ only has one pin. Check if it is intended to be dangling.
[WARNING RSZ-0104] Net icache_1/_21739_ only has one pin. Check if it is intended to be dangling.
[WARNING RSZ-0104] Net icache_1/_21738_ only has one pin. Check if it is intended to be dangling.
[WARNING RSZ-0104] Net icache_1/_21737_ only has one pin. Check if it is intended to be dangling.
[WARNING RSZ-0104] Net icache_1/_21736_ only has one pin. Check if it is intended to be dangling.
[WARNING RSZ-0104] Net icache_1/_21735_ only has one pin. Check if it is intended to be dangling.
[WARNING RSZ-0104] Net icache_1/_21734_ only has one pin. Check if it is intended to be dangling.
[WARNING RSZ-0104] Net icache_1/_21733_ only has one pin. Check if it is intended to be dangling.
[WARNING RSZ-0104] Net icache_1/_21732_ only has one pin. Check if it is intended to be dangling.
[WARNING RSZ-0104] Net icache_1/_21943_ only has one pin. Check if it is intended to be dangling.
[WARNING RSZ-0104] Net icache_1/_21855_ only has one pin. Check if it is intended to be dangling.
[WARNING RSZ-0104] Net icache_1/_21731_ only has one pin. Check if it is intended to be dangling.
[WARNING RSZ-0104] Net icache_1/_21730_ only has one pin. Check if it is intended to be dangling.
[WARNING RSZ-0104] Net icache_1/_21729_ only has one pin. Check if it is intended to be dangling.
[WARNING RSZ-0104] Net icache_1/_21728_ only has one pin. Check if it is intended to be dangling.
[WARNING RSZ-0104] Net icache_1/_21727_ only has one pin. Check if it is intended to be dangling.
[WARNING RSZ-0104] Net icache_1/_21726_ only has one pin. Check if it is intended to be dangling.
[WARNING RSZ-0104] Net icache_1/_21725_ only has one pin. Check if it is intended to be dangling.
[WARNING RSZ-0104] Net icache_1/_21724_ only has one pin. Check if it is intended to be dangling.
[WARNING RSZ-0104] Net icache_1/_21723_ only has one pin. Check if it is intended to be dangling.
[WARNING RSZ-0104] Net icache_1/_21722_ only has one pin. Check if it is intended to be dangling.
[WARNING RSZ-0104] Net icache_1/_21854_ only has one pin. Check if it is intended to be dangling.
[WARNING RSZ-0104] Net icache_1/_21721_ only has one pin. Check if it is intended to be dangling.
[WARNING RSZ-0104] Net icache_1/_21720_ only has one pin. Check if it is intended to be dangling.
[WARNING RSZ-0104] Net icache_1/_21719_ only has one pin. Check if it is intended to be dangling.
[WARNING RSZ-0104] Net icache_1/_21718_ only has one pin. Check if it is intended to be dangling.
[WARNING RSZ-0104] Net icache_1/_21717_ only has one pin. Check if it is intended to be dangling.
[WARNING RSZ-0104] Net icache_1/_21716_ only has one pin. Check if it is intended to be dangling.
[WARNING RSZ-0104] Net icache_1/_21715_ only has one pin. Check if it is intended to be dangling.
[WARNING RSZ-0104] Net icache_1/_21714_ only has one pin. Check if it is intended to be dangling.
[WARNING RSZ-0104] Net icache_1/_21713_ only has one pin. Check if it is intended to be dangling.
[WARNING RSZ-0104] Net icache_1/_21712_ only has one pin. Check if it is intended to be dangling.
[WARNING RSZ-0104] Net icache_1/_21853_ only has one pin. Check if it is intended to be dangling.
[WARNING RSZ-0104] Net icache_1/_21711_ only has one pin. Check if it is intended to be dangling.
[WARNING RSZ-0104] Net icache_1/_21710_ only has one pin. Check if it is intended to be dangling.
[WARNING RSZ-0104] Net icache_1/_21709_ only has one pin. Check if it is intended to be dangling.
[WARNING RSZ-0104] Net icache_1/_21708_ only has one pin. Check if it is intended to be dangling.
[WARNING RSZ-0104] Net icache_1/_21707_ only has one pin. Check if it is intended to be dangling.
[WARNING RSZ-0104] Net icache_1/_21706_ only has one pin. Check if it is intended to be dangling.
[WARNING RSZ-0104] Net icache_1/_21705_ only has one pin. Check if it is intended to be dangling.
[WARNING RSZ-0104] Net icache_1/_21704_ only has one pin. Check if it is intended to be dangling.
[WARNING RSZ-0104] Net icache_1/_21703_ only has one pin. Check if it is intended to be dangling.
[WARNING RSZ-0104] Net icache_1/_21702_ only has one pin. Check if it is intended to be dangling.
[WARNING RSZ-0104] Net icache_1/_21852_ only has one pin. Check if it is intended to be dangling.
[WARNING RSZ-0104] Net icache_1/_21701_ only has one pin. Check if it is intended to be dangling.
[WARNING RSZ-0104] Net icache_1/_21700_ only has one pin. Check if it is intended to be dangling.
[WARNING RSZ-0104] Net icache_1/_21699_ only has one pin. Check if it is intended to be dangling.
[WARNING RSZ-0104] Net icache_1/_21698_ only has one pin. Check if it is intended to be dangling.
[WARNING RSZ-0104] Net icache_1/_21697_ only has one pin. Check if it is intended to be dangling.
[WARNING RSZ-0104] Net icache_1/_21696_ only has one pin. Check if it is intended to be dangling.
[WARNING RSZ-0104] Net icache_1/_21695_ only has one pin. Check if it is intended to be dangling.
[WARNING RSZ-0104] Net icache_1/_21694_ only has one pin. Check if it is intended to be dangling.
[WARNING RSZ-0104] Net icache_1/_21693_ only has one pin. Check if it is intended to be dangling.
[WARNING RSZ-0104] Net icache_1/_21692_ only has one pin. Check if it is intended to be dangling.
[WARNING RSZ-0104] Net icache_1/_21851_ only has one pin. Check if it is intended to be dangling.
[WARNING RSZ-0104] Net icache_1/_21691_ only has one pin. Check if it is intended to be dangling.
[WARNING RSZ-0104] Net icache_1/_21690_ only has one pin. Check if it is intended to be dangling.
[WARNING RSZ-0104] Net icache_1/_21689_ only has one pin. Check if it is intended to be dangling.
[WARNING RSZ-0104] Net icache_1/_21688_ only has one pin. Check if it is intended to be dangling.
[WARNING RSZ-0104] Net icache_1/_21687_ only has one pin. Check if it is intended to be dangling.
[WARNING RSZ-0104] Net icache_1/_21686_ only has one pin. Check if it is intended to be dangling.
[WARNING RSZ-0104] Net icache_1/_21685_ only has one pin. Check if it is intended to be dangling.
[WARNING RSZ-0104] Net icache_1/_21684_ only has one pin. Check if it is intended to be dangling.
[WARNING RSZ-0104] Net icache_1/_21683_ only has one pin. Check if it is intended to be dangling.
[WARNING RSZ-0104] Net icache_1/_21682_ only has one pin. Check if it is intended to be dangling.
[WARNING RSZ-0104] Net icache_1/_21850_ only has one pin. Check if it is intended to be dangling.
[WARNING RSZ-0104] Net icache_1/_21681_ only has one pin. Check if it is intended to be dangling.
[WARNING RSZ-0104] Net icache_1/_21680_ only has one pin. Check if it is intended to be dangling.
[WARNING RSZ-0104] Net icache_1/_21679_ only has one pin. Check if it is intended to be dangling.
[WARNING RSZ-0104] Net icache_1/_21678_ only has one pin. Check if it is intended to be dangling.
[WARNING RSZ-0104] Net icache_1/_21677_ only has one pin. Check if it is intended to be dangling.
[WARNING RSZ-0104] Net icache_1/_21676_ only has one pin. Check if it is intended to be dangling.
[WARNING RSZ-0104] Net icache_1/_21675_ only has one pin. Check if it is intended to be dangling.
[WARNING RSZ-0104] Net icache_1/_21674_ only has one pin. Check if it is intended to be dangling.
[WARNING RSZ-0104] Net icache_1/_21673_ only has one pin. Check if it is intended to be dangling.
[WARNING RSZ-0104] Net icache_1/_21672_ only has one pin. Check if it is intended to be dangling.
[WARNING RSZ-0104] Net icache_1/_21849_ only has one pin. Check if it is intended to be dangling.
[WARNING RSZ-0104] Net icache_1/_21671_ only has one pin. Check if it is intended to be dangling.
[WARNING RSZ-0104] Net icache_1/_21670_ only has one pin. Check if it is intended to be dangling.
[WARNING RSZ-0104] Net icache_1/_21669_ only has one pin. Check if it is intended to be dangling.
[WARNING RSZ-0104] Net icache_1/_21668_ only has one pin. Check if it is intended to be dangling.
[WARNING RSZ-0104] Net icache_1/_21667_ only has one pin. Check if it is intended to be dangling.
[WARNING RSZ-0104] Net icache_1/_21666_ only has one pin. Check if it is intended to be dangling.
[WARNING RSZ-0104] Net icache_1/_21665_ only has one pin. Check if it is intended to be dangling.
[WARNING RSZ-0104] Net icache_1/_21664_ only has one pin. Check if it is intended to be dangling.
[WARNING RSZ-0104] Net icache_1/_21663_ only has one pin. Check if it is intended to be dangling.
[WARNING RSZ-0104] Net icache_1/_21662_ only has one pin. Check if it is intended to be dangling.
[WARNING RSZ-0104] Net icache_1/_21848_ only has one pin. Check if it is intended to be dangling.
[WARNING RSZ-0104] Net icache_1/_21661_ only has one pin. Check if it is intended to be dangling.
[WARNING RSZ-0104] Net icache_1/_21660_ only has one pin. Check if it is intended to be dangling.
[WARNING RSZ-0104] Net icache_1/_21659_ only has one pin. Check if it is intended to be dangling.
[WARNING RSZ-0104] Net icache_1/_21658_ only has one pin. Check if it is intended to be dangling.
[WARNING RSZ-0104] Net icache_1/_21657_ only has one pin. Check if it is intended to be dangling.
[WARNING RSZ-0104] Net icache_1/_21656_ only has one pin. Check if it is intended to be dangling.
[WARNING RSZ-0104] Net icache_1/_21655_ only has one pin. Check if it is intended to be dangling.
[WARNING RSZ-0104] Net icache_1/_21654_ only has one pin. Check if it is intended to be dangling.
[WARNING RSZ-0104] Net icache_1/_21653_ only has one pin. Check if it is intended to be dangling.
[WARNING RSZ-0104] Net icache_1/_21652_ only has one pin. Check if it is intended to be dangling.
[WARNING RSZ-0104] Net icache_1/_21847_ only has one pin. Check if it is intended to be dangling.
[WARNING RSZ-0104] Net icache_1/_21651_ only has one pin. Check if it is intended to be dangling.
[WARNING RSZ-0104] Net icache_1/_21650_ only has one pin. Check if it is intended to be dangling.
[WARNING RSZ-0104] Net icache_1/_21649_ only has one pin. Check if it is intended to be dangling.
[WARNING RSZ-0104] Net icache_1/_21648_ only has one pin. Check if it is intended to be dangling.
[WARNING RSZ-0104] Net icache_1/_21647_ only has one pin. Check if it is intended to be dangling.
[WARNING RSZ-0104] Net icache_1/_21298_ only has one pin. Check if it is intended to be dangling.
[WARNING RSZ-0104] Net icache_1/_21842_ only has one pin. Check if it is intended to be dangling.
[WARNING RSZ-0104] Net icache_1/_21841_ only has one pin. Check if it is intended to be dangling.
[WARNING RSZ-0104] Net icache_1/_21840_ only has one pin. Check if it is intended to be dangling.
[WARNING RSZ-0104] Net icache_1/_21839_ only has one pin. Check if it is intended to be dangling.
[WARNING RSZ-0104] Net icache_1/_21846_ only has one pin. Check if it is intended to be dangling.
[WARNING RSZ-0104] Net icache_1/_21838_ only has one pin. Check if it is intended to be dangling.
[WARNING RSZ-0104] Net icache_1/_21837_ only has one pin. Check if it is intended to be dangling.
[WARNING RSZ-0104] Net icache_1/_21836_ only has one pin. Check if it is intended to be dangling.
[WARNING RSZ-0104] Net icache_1/_21835_ only has one pin. Check if it is intended to be dangling.
[WARNING RSZ-0104] Net icache_1/_21834_ only has one pin. Check if it is intended to be dangling.
[WARNING RSZ-0104] Net icache_1/_21833_ only has one pin. Check if it is intended to be dangling.
[WARNING RSZ-0104] Net icache_1/_21832_ only has one pin. Check if it is intended to be dangling.
[WARNING RSZ-0104] Net icache_1/_21831_ only has one pin. Check if it is intended to be dangling.
[WARNING RSZ-0104] Net icache_1/_21830_ only has one pin. Check if it is intended to be dangling.
[WARNING RSZ-0104] Net icache_1/_21829_ only has one pin. Check if it is intended to be dangling.
[WARNING RSZ-0104] Net icache_1/_21942_ only has one pin. Check if it is intended to be dangling.
[WARNING RSZ-0104] Net icache_1/_21845_ only has one pin. Check if it is intended to be dangling.
[WARNING RSZ-0104] Net icache_1/_21828_ only has one pin. Check if it is intended to be dangling.
[WARNING RSZ-0104] Net icache_1/_21827_ only has one pin. Check if it is intended to be dangling.
[WARNING RSZ-0104] Net icache_1/_21826_ only has one pin. Check if it is intended to be dangling.
[WARNING RSZ-0104] Net icache_1/_21825_ only has one pin. Check if it is intended to be dangling.
[WARNING RSZ-0104] Net icache_1/_21824_ only has one pin. Check if it is intended to be dangling.
[WARNING RSZ-0104] Net icache_1/_21823_ only has one pin. Check if it is intended to be dangling.
[WARNING RSZ-0104] Net icache_1/_21822_ only has one pin. Check if it is intended to be dangling.
[WARNING RSZ-0104] Net icache_1/_21821_ only has one pin. Check if it is intended to be dangling.
[WARNING RSZ-0104] Net icache_1/_21820_ only has one pin. Check if it is intended to be dangling.
[WARNING RSZ-0104] Net icache_1/_21819_ only has one pin. Check if it is intended to be dangling.
[WARNING RSZ-0104] Net icache_1/_21844_ only has one pin. Check if it is intended to be dangling.
[WARNING RSZ-0104] Net icache_1/_21818_ only has one pin. Check if it is intended to be dangling.
[WARNING RSZ-0104] Net icache_1/_21817_ only has one pin. Check if it is intended to be dangling.
[WARNING RSZ-0104] Net icache_1/_21816_ only has one pin. Check if it is intended to be dangling.
[WARNING RSZ-0104] Net icache_1/_21815_ only has one pin. Check if it is intended to be dangling.
[WARNING RSZ-0104] Net icache_1/_21814_ only has one pin. Check if it is intended to be dangling.
[WARNING RSZ-0104] Net icache_1/_21813_ only has one pin. Check if it is intended to be dangling.
[WARNING RSZ-0104] Net icache_1/_21812_ only has one pin. Check if it is intended to be dangling.
[WARNING RSZ-0104] Net icache_1/_21811_ only has one pin. Check if it is intended to be dangling.
[WARNING RSZ-0104] Net icache_1/_21810_ only has one pin. Check if it is intended to be dangling.
[WARNING RSZ-0104] Net icache_1/_21809_ only has one pin. Check if it is intended to be dangling.
[WARNING RSZ-0104] Net icache_1/_21843_ only has one pin. Check if it is intended to be dangling.
[WARNING RSZ-0104] Net icache_1/_21808_ only has one pin. Check if it is intended to be dangling.
[WARNING RSZ-0104] Net icache_1/_21807_ only has one pin. Check if it is intended to be dangling.
[WARNING RSZ-0104] Net icache_1/_21806_ only has one pin. Check if it is intended to be dangling.
[WARNING RSZ-0104] Net icache_1/_21805_ only has one pin. Check if it is intended to be dangling.
[WARNING RSZ-0104] Net icache_1/_21804_ only has one pin. Check if it is intended to be dangling.
[WARNING RSZ-0104] Net icache_1/_21803_ only has one pin. Check if it is intended to be dangling.
[WARNING RSZ-0104] Net icache_1/_21802_ only has one pin. Check if it is intended to be dangling.
[WARNING RSZ-0104] Net icache_1/_21801_ only has one pin. Check if it is intended to be dangling.
[WARNING RSZ-0104] Net icache_1/_21800_ only has one pin. Check if it is intended to be dangling.
[WARNING RSZ-0104] Net icache_1/_21799_ only has one pin. Check if it is intended to be dangling.
[WARNING RSZ-0104] Net icache_1/_21300_ only has one pin. Check if it is intended to be dangling.
[WARNING RSZ-0104] Net icache_1/_21798_ only has one pin. Check if it is intended to be dangling.
[WARNING RSZ-0104] Net icache_1/_21797_ only has one pin. Check if it is intended to be dangling.
[WARNING RSZ-0104] Net icache_1/_21796_ only has one pin. Check if it is intended to be dangling.
[WARNING RSZ-0104] Net icache_1/_21795_ only has one pin. Check if it is intended to be dangling.
[WARNING RSZ-0104] Net icache_1/_21794_ only has one pin. Check if it is intended to be dangling.
[WARNING RSZ-0104] Net icache_1/_21793_ only has one pin. Check if it is intended to be dangling.
[WARNING RSZ-0104] Net icache_1/_21792_ only has one pin. Check if it is intended to be dangling.
[WARNING RSZ-0104] Net icache_1/_21791_ only has one pin. Check if it is intended to be dangling.
[WARNING RSZ-0104] Net icache_1/_21790_ only has one pin. Check if it is intended to be dangling.
[WARNING RSZ-0104] Net icache_1/_21789_ only has one pin. Check if it is intended to be dangling.
[WARNING RSZ-0104] Net icache_1/_21956_ only has one pin. Check if it is intended to be dangling.
[WARNING RSZ-0104] Net icache_1/_21788_ only has one pin. Check if it is intended to be dangling.
[WARNING RSZ-0104] Net icache_1/_21787_ only has one pin. Check if it is intended to be dangling.
[WARNING RSZ-0104] Net icache_1/_21786_ only has one pin. Check if it is intended to be dangling.
[WARNING RSZ-0104] Net icache_1/_21785_ only has one pin. Check if it is intended to be dangling.
[WARNING RSZ-0104] Net icache_1/_21784_ only has one pin. Check if it is intended to be dangling.
[WARNING RSZ-0104] Net icache_1/_21783_ only has one pin. Check if it is intended to be dangling.
[WARNING RSZ-0104] Net icache_1/_21782_ only has one pin. Check if it is intended to be dangling.
[WARNING RSZ-0104] Net icache_1/_21781_ only has one pin. Check if it is intended to be dangling.
[WARNING RSZ-0104] Net icache_1/_21780_ only has one pin. Check if it is intended to be dangling.
[WARNING RSZ-0104] Net icache_1/_21779_ only has one pin. Check if it is intended to be dangling.
[WARNING RSZ-0104] Net icache_1/_21955_ only has one pin. Check if it is intended to be dangling.
[WARNING RSZ-0104] Net icache_1/_21778_ only has one pin. Check if it is intended to be dangling.
[WARNING RSZ-0104] Net icache_1/_21777_ only has one pin. Check if it is intended to be dangling.
[WARNING RSZ-0104] Net icache_1/_21776_ only has one pin. Check if it is intended to be dangling.
[WARNING RSZ-0104] Net icache_1/_21775_ only has one pin. Check if it is intended to be dangling.
[WARNING RSZ-0104] Net icache_1/_21774_ only has one pin. Check if it is intended to be dangling.
[WARNING RSZ-0104] Net icache_1/_21773_ only has one pin. Check if it is intended to be dangling.
[WARNING RSZ-0104] Net icache_1/_21772_ only has one pin. Check if it is intended to be dangling.
[WARNING RSZ-0104] Net icache_1/_21771_ only has one pin. Check if it is intended to be dangling.
[WARNING RSZ-0104] Net icache_1/_21770_ only has one pin. Check if it is intended to be dangling.
[WARNING RSZ-0104] Net icache_1/_21769_ only has one pin. Check if it is intended to be dangling.
[WARNING RSZ-0104] Net icache_1/_21954_ only has one pin. Check if it is intended to be dangling.
[WARNING RSZ-0104] Net icache_1/_21768_ only has one pin. Check if it is intended to be dangling.
[WARNING RSZ-0104] Net icache_1/_21767_ only has one pin. Check if it is intended to be dangling.
[WARNING RSZ-0104] Net icache_1/_21766_ only has one pin. Check if it is intended to be dangling.
[WARNING RSZ-0104] Net icache_1/_21765_ only has one pin. Check if it is intended to be dangling.
[WARNING RSZ-0104] Net icache_1/_21764_ only has one pin. Check if it is intended to be dangling.
[WARNING RSZ-0104] Net icache_1/_21763_ only has one pin. Check if it is intended to be dangling.
[WARNING RSZ-0104] Net icache_1/_21762_ only has one pin. Check if it is intended to be dangling.
[WARNING RSZ-0104] Net icache_1/_21761_ only has one pin. Check if it is intended to be dangling.
[WARNING RSZ-0104] Net icache_1/_21760_ only has one pin. Check if it is intended to be dangling.
[WARNING RSZ-0104] Net icache_1/_21759_ only has one pin. Check if it is intended to be dangling.
[WARNING RSZ-0104] Net icache_1/_21953_ only has one pin. Check if it is intended to be dangling.
[WARNING RSZ-0104] Net icache_1/_21758_ only has one pin. Check if it is intended to be dangling.
[WARNING RSZ-0104] Net icache_1/_21757_ only has one pin. Check if it is intended to be dangling.
[WARNING RSZ-0104] Net icache_1/_21756_ only has one pin. Check if it is intended to be dangling.
[WARNING RSZ-0104] Net icache_1/_21755_ only has one pin. Check if it is intended to be dangling.
[WARNING RSZ-0104] Net icache_1/_21754_ only has one pin. Check if it is intended to be dangling.
[WARNING RSZ-0104] Net icache_1/_21753_ only has one pin. Check if it is intended to be dangling.
[WARNING RSZ-0104] Net icache_1/_21752_ only has one pin. Check if it is intended to be dangling.
[WARNING RSZ-0104] Net icache_1/_21751_ only has one pin. Check if it is intended to be dangling.
[WARNING RSZ-0104] Net icache_1/_21750_ only has one pin. Check if it is intended to be dangling.
[WARNING RSZ-0104] Net icache_1/_21749_ only has one pin. Check if it is intended to be dangling.
[WARNING RSZ-0104] Net icache_1/_21952_ only has one pin. Check if it is intended to be dangling.
[WARNING RSZ-0104] Net icache_1/_21748_ only has one pin. Check if it is intended to be dangling.
[WARNING RSZ-0104] Net icache_1/_21747_ only has one pin. Check if it is intended to be dangling.
[WARNING RSZ-0104] Net icache_1/_21746_ only has one pin. Check if it is intended to be dangling.
[WARNING RSZ-0104] Net icache_1/_21745_ only has one pin. Check if it is intended to be dangling.
[WARNING RSZ-0104] Net icache_1/_21299_ only has one pin. Check if it is intended to be dangling.
[WARNING RSZ-0104] Net icache_1/_21940_ only has one pin. Check if it is intended to be dangling.
[WARNING RSZ-0104] Net icache_1/_21939_ only has one pin. Check if it is intended to be dangling.
[WARNING RSZ-0104] Net icache_1/_21938_ only has one pin. Check if it is intended to be dangling.
[WARNING RSZ-0104] Net icache_1/_21937_ only has one pin. Check if it is intended to be dangling.
[WARNING RSZ-0104] Net icache_1/_21936_ only has one pin. Check if it is intended to be dangling.
[WARNING RSZ-0104] Net icache_1/_21951_ only has one pin. Check if it is intended to be dangling.
[WARNING RSZ-0104] Net icache_1/_21935_ only has one pin. Check if it is intended to be dangling.
[WARNING RSZ-0104] Net icache_1/_21934_ only has one pin. Check if it is intended to be dangling.
[WARNING RSZ-0104] Net icache_1/_21933_ only has one pin. Check if it is intended to be dangling.
[WARNING RSZ-0104] Net icache_1/_21932_ only has one pin. Check if it is intended to be dangling.
[WARNING RSZ-0104] Net icache_1/_21931_ only has one pin. Check if it is intended to be dangling.
[WARNING RSZ-0104] Net icache_1/_21930_ only has one pin. Check if it is intended to be dangling.
[WARNING RSZ-0104] Net icache_1/_21929_ only has one pin. Check if it is intended to be dangling.
[WARNING RSZ-0104] Net icache_1/_21928_ only has one pin. Check if it is intended to be dangling.
[WARNING RSZ-0104] Net icache_1/_21927_ only has one pin. Check if it is intended to be dangling.
[WARNING RSZ-0104] Net icache_1/_21926_ only has one pin. Check if it is intended to be dangling.
[WARNING RSZ-0104] Net icache_1/_21941_ only has one pin. Check if it is intended to be dangling.
[WARNING RSZ-0104] Net icache_1/_22764_ only has one pin. Check if it is intended to be dangling.
[WARNING RSZ-0104] Net icache_1/_22854_ only has one pin. Check if it is intended to be dangling.
[WARNING RSZ-0104] Net icache_1/_22700_ only has one pin. Check if it is intended to be dangling.
[WARNING RSZ-0104] Net icache_1/_22699_ only has one pin. Check if it is intended to be dangling.
[WARNING RSZ-0104] Net icache_1/_22698_ only has one pin. Check if it is intended to be dangling.
[WARNING RSZ-0104] Net icache_1/_22697_ only has one pin. Check if it is intended to be dangling.
[WARNING RSZ-0104] Net icache_1/_22696_ only has one pin. Check if it is intended to be dangling.
[WARNING RSZ-0104] Net icache_1/_22695_ only has one pin. Check if it is intended to be dangling.
[WARNING RSZ-0104] Net icache_1/_22694_ only has one pin. Check if it is intended to be dangling.
[WARNING RSZ-0104] Net icache_1/_22693_ only has one pin. Check if it is intended to be dangling.
[WARNING RSZ-0104] Net icache_1/_22692_ only has one pin. Check if it is intended to be dangling.
[WARNING RSZ-0104] Net icache_1/_22691_ only has one pin. Check if it is intended to be dangling.
[WARNING RSZ-0104] Net icache_1/_22853_ only has one pin. Check if it is intended to be dangling.
[WARNING RSZ-0104] Net icache_1/_22690_ only has one pin. Check if it is intended to be dangling.
[WARNING RSZ-0104] Net icache_1/_22689_ only has one pin. Check if it is intended to be dangling.
[WARNING RSZ-0104] Net icache_1/_22688_ only has one pin. Check if it is intended to be dangling.
[WARNING RSZ-0104] Net icache_1/_22687_ only has one pin. Check if it is intended to be dangling.
[WARNING RSZ-0104] Net icache_1/_22686_ only has one pin. Check if it is intended to be dangling.
[WARNING RSZ-0104] Net icache_1/_22685_ only has one pin. Check if it is intended to be dangling.
[WARNING RSZ-0104] Net icache_1/_22684_ only has one pin. Check if it is intended to be dangling.
[WARNING RSZ-0104] Net icache_1/_22683_ only has one pin. Check if it is intended to be dangling.
[WARNING RSZ-0104] Net icache_1/_22682_ only has one pin. Check if it is intended to be dangling.
[WARNING RSZ-0104] Net icache_1/_22681_ only has one pin. Check if it is intended to be dangling.
[WARNING RSZ-0104] Net icache_1/_22852_ only has one pin. Check if it is intended to be dangling.
[WARNING RSZ-0104] Net icache_1/_22680_ only has one pin. Check if it is intended to be dangling.
[WARNING RSZ-0104] Net icache_1/_21259_ only has one pin. Check if it is intended to be dangling.
[WARNING RSZ-0104] Net icache_1/_22678_ only has one pin. Check if it is intended to be dangling.
[WARNING RSZ-0104] Net icache_1/_22677_ only has one pin. Check if it is intended to be dangling.
[WARNING RSZ-0104] Net icache_1/_22676_ only has one pin. Check if it is intended to be dangling.
[WARNING RSZ-0104] Net icache_1/_22675_ only has one pin. Check if it is intended to be dangling.
[WARNING RSZ-0104] Net icache_1/_22674_ only has one pin. Check if it is intended to be dangling.
[WARNING RSZ-0104] Net icache_1/_22673_ only has one pin. Check if it is intended to be dangling.
[WARNING RSZ-0104] Net icache_1/_22672_ only has one pin. Check if it is intended to be dangling.
[WARNING RSZ-0104] Net icache_1/_22671_ only has one pin. Check if it is intended to be dangling.
[WARNING RSZ-0104] Net icache_1/_22851_ only has one pin. Check if it is intended to be dangling.
[WARNING RSZ-0104] Net icache_1/_22670_ only has one pin. Check if it is intended to be dangling.
[WARNING RSZ-0104] Net icache_1/_22669_ only has one pin. Check if it is intended to be dangling.
[WARNING RSZ-0104] Net icache_1/_22668_ only has one pin. Check if it is intended to be dangling.
[WARNING RSZ-0104] Net icache_1/_22667_ only has one pin. Check if it is intended to be dangling.
[WARNING RSZ-0104] Net icache_1/_22666_ only has one pin. Check if it is intended to be dangling.
[WARNING RSZ-0104] Net icache_1/_22665_ only has one pin. Check if it is intended to be dangling.
[WARNING RSZ-0104] Net icache_1/_22664_ only has one pin. Check if it is intended to be dangling.
[WARNING RSZ-0104] Net icache_1/_22663_ only has one pin. Check if it is intended to be dangling.
[WARNING RSZ-0104] Net icache_1/_22662_ only has one pin. Check if it is intended to be dangling.
[WARNING RSZ-0104] Net icache_1/_22661_ only has one pin. Check if it is intended to be dangling.
[WARNING RSZ-0104] Net icache_1/_22850_ only has one pin. Check if it is intended to be dangling.
[WARNING RSZ-0104] Net icache_1/_22660_ only has one pin. Check if it is intended to be dangling.
[WARNING RSZ-0104] Net icache_1/_22659_ only has one pin. Check if it is intended to be dangling.
[WARNING RSZ-0104] Net icache_1/_22658_ only has one pin. Check if it is intended to be dangling.
[WARNING RSZ-0104] Net icache_1/_22657_ only has one pin. Check if it is intended to be dangling.
[WARNING RSZ-0104] Net icache_1/_22656_ only has one pin. Check if it is intended to be dangling.
[WARNING RSZ-0104] Net icache_1/_22655_ only has one pin. Check if it is intended to be dangling.
[WARNING RSZ-0104] Net icache_1/_22654_ only has one pin. Check if it is intended to be dangling.
[WARNING RSZ-0104] Net icache_1/_22653_ only has one pin. Check if it is intended to be dangling.
[WARNING RSZ-0104] Net icache_1/_22652_ only has one pin. Check if it is intended to be dangling.
[WARNING RSZ-0104] Net icache_1/_22651_ only has one pin. Check if it is intended to be dangling.
[WARNING RSZ-0104] Net icache_1/_22849_ only has one pin. Check if it is intended to be dangling.
[WARNING RSZ-0104] Net icache_1/_22650_ only has one pin. Check if it is intended to be dangling.
[WARNING RSZ-0104] Net icache_1/_22649_ only has one pin. Check if it is intended to be dangling.
[WARNING RSZ-0104] Net icache_1/_22648_ only has one pin. Check if it is intended to be dangling.
[WARNING RSZ-0104] Net icache_1/_22647_ only has one pin. Check if it is intended to be dangling.
[WARNING RSZ-0104] Net icache_1/_22646_ only has one pin. Check if it is intended to be dangling.
[WARNING RSZ-0104] Net icache_1/_22645_ only has one pin. Check if it is intended to be dangling.
[WARNING RSZ-0104] Net icache_1/_22644_ only has one pin. Check if it is intended to be dangling.
[WARNING RSZ-0104] Net icache_1/_22643_ only has one pin. Check if it is intended to be dangling.
[WARNING RSZ-0104] Net icache_1/_22642_ only has one pin. Check if it is intended to be dangling.
[WARNING RSZ-0104] Net icache_1/_22641_ only has one pin. Check if it is intended to be dangling.
[WARNING RSZ-0104] Net icache_1/_22848_ only has one pin. Check if it is intended to be dangling.
[WARNING RSZ-0104] Net icache_1/_22640_ only has one pin. Check if it is intended to be dangling.
[WARNING RSZ-0104] Net icache_1/_22639_ only has one pin. Check if it is intended to be dangling.
[WARNING RSZ-0104] Net icache_1/_22638_ only has one pin. Check if it is intended to be dangling.
[WARNING RSZ-0104] Net icache_1/_22637_ only has one pin. Check if it is intended to be dangling.
[WARNING RSZ-0104] Net icache_1/_22636_ only has one pin. Check if it is intended to be dangling.
[WARNING RSZ-0104] Net icache_1/_22635_ only has one pin. Check if it is intended to be dangling.
[WARNING RSZ-0104] Net icache_1/_22634_ only has one pin. Check if it is intended to be dangling.
[WARNING RSZ-0104] Net icache_1/_22633_ only has one pin. Check if it is intended to be dangling.
[WARNING RSZ-0104] Net icache_1/_22632_ only has one pin. Check if it is intended to be dangling.
[WARNING RSZ-0104] Net icache_1/_22631_ only has one pin. Check if it is intended to be dangling.
[WARNING RSZ-0104] Net icache_1/_22847_ only has one pin. Check if it is intended to be dangling.
[WARNING RSZ-0104] Net icache_1/_22630_ only has one pin. Check if it is intended to be dangling.
[WARNING RSZ-0104] Net icache_1/_22629_ only has one pin. Check if it is intended to be dangling.
[WARNING RSZ-0104] Net icache_1/_22628_ only has one pin. Check if it is intended to be dangling.
[WARNING RSZ-0104] Net icache_1/_22627_ only has one pin. Check if it is intended to be dangling.
[WARNING RSZ-0104] Net icache_1/_22626_ only has one pin. Check if it is intended to be dangling.
[WARNING RSZ-0104] Net icache_1/_22625_ only has one pin. Check if it is intended to be dangling.
[WARNING RSZ-0104] Net icache_1/_22624_ only has one pin. Check if it is intended to be dangling.
[WARNING RSZ-0104] Net icache_1/_22623_ only has one pin. Check if it is intended to be dangling.
[WARNING RSZ-0104] Net icache_1/_22622_ only has one pin. Check if it is intended to be dangling.
[WARNING RSZ-0104] Net icache_1/_22621_ only has one pin. Check if it is intended to be dangling.
[WARNING RSZ-0104] Net icache_1/_22846_ only has one pin. Check if it is intended to be dangling.
[WARNING RSZ-0104] Net icache_1/_22620_ only has one pin. Check if it is intended to be dangling.
[WARNING RSZ-0104] Net icache_1/_22619_ only has one pin. Check if it is intended to be dangling.
[WARNING RSZ-0104] Net icache_1/_22618_ only has one pin. Check if it is intended to be dangling.
[WARNING RSZ-0104] Net icache_1/_22617_ only has one pin. Check if it is intended to be dangling.
[WARNING RSZ-0104] Net icache_1/_22616_ only has one pin. Check if it is intended to be dangling.
[WARNING RSZ-0104] Net icache_1/_22615_ only has one pin. Check if it is intended to be dangling.
[WARNING RSZ-0104] Net icache_1/_22614_ only has one pin. Check if it is intended to be dangling.
[WARNING RSZ-0104] Net icache_1/_22613_ only has one pin. Check if it is intended to be dangling.
[WARNING RSZ-0104] Net icache_1/_22612_ only has one pin. Check if it is intended to be dangling.
[WARNING RSZ-0104] Net icache_1/_22611_ only has one pin. Check if it is intended to be dangling.
[WARNING RSZ-0104] Net icache_1/_22845_ only has one pin. Check if it is intended to be dangling.
[WARNING RSZ-0104] Net icache_1/_22610_ only has one pin. Check if it is intended to be dangling.
[WARNING RSZ-0104] Net icache_1/_22609_ only has one pin. Check if it is intended to be dangling.
[WARNING RSZ-0104] Net icache_1/_22608_ only has one pin. Check if it is intended to be dangling.
[WARNING RSZ-0104] Net icache_1/_22607_ only has one pin. Check if it is intended to be dangling.
[WARNING RSZ-0104] Net icache_1/_22606_ only has one pin. Check if it is intended to be dangling.
[WARNING RSZ-0104] Net icache_1/_22605_ only has one pin. Check if it is intended to be dangling.
[WARNING RSZ-0104] Net icache_1/_22604_ only has one pin. Check if it is intended to be dangling.
[WARNING RSZ-0104] Net icache_1/_22603_ only has one pin. Check if it is intended to be dangling.
[WARNING RSZ-0104] Net icache_1/_22602_ only has one pin. Check if it is intended to be dangling.
[WARNING RSZ-0104] Net icache_1/_22601_ only has one pin. Check if it is intended to be dangling.
[WARNING RSZ-0104] Net icache_1/_22763_ only has one pin. Check if it is intended to be dangling.
[WARNING RSZ-0104] Net icache_1/_22844_ only has one pin. Check if it is intended to be dangling.
[WARNING RSZ-0104] Net icache_1/_22600_ only has one pin. Check if it is intended to be dangling.
[WARNING RSZ-0104] Net icache_1/_22599_ only has one pin. Check if it is intended to be dangling.
[WARNING RSZ-0104] Net icache_1/_22598_ only has one pin. Check if it is intended to be dangling.
[WARNING RSZ-0104] Net icache_1/_22597_ only has one pin. Check if it is intended to be dangling.
[WARNING RSZ-0104] Net icache_1/_22596_ only has one pin. Check if it is intended to be dangling.
[WARNING RSZ-0104] Net icache_1/_22595_ only has one pin. Check if it is intended to be dangling.
[WARNING RSZ-0104] Net icache_1/_22594_ only has one pin. Check if it is intended to be dangling.
[WARNING RSZ-0104] Net icache_1/_22593_ only has one pin. Check if it is intended to be dangling.
[WARNING RSZ-0104] Net icache_1/_22592_ only has one pin. Check if it is intended to be dangling.
[WARNING RSZ-0104] Net icache_1/_22591_ only has one pin. Check if it is intended to be dangling.
[WARNING RSZ-0104] Net icache_1/_22843_ only has one pin. Check if it is intended to be dangling.
[WARNING RSZ-0104] Net icache_1/_22590_ only has one pin. Check if it is intended to be dangling.
[WARNING RSZ-0104] Net icache_1/_22589_ only has one pin. Check if it is intended to be dangling.
[WARNING RSZ-0104] Net icache_1/_22588_ only has one pin. Check if it is intended to be dangling.
[WARNING RSZ-0104] Net icache_1/_22587_ only has one pin. Check if it is intended to be dangling.
[WARNING RSZ-0104] Net icache_1/_22586_ only has one pin. Check if it is intended to be dangling.
[WARNING RSZ-0104] Net icache_1/_22585_ only has one pin. Check if it is intended to be dangling.
[WARNING RSZ-0104] Net icache_1/_22584_ only has one pin. Check if it is intended to be dangling.
[WARNING RSZ-0104] Net icache_1/_22583_ only has one pin. Check if it is intended to be dangling.
[WARNING RSZ-0104] Net icache_1/_22582_ only has one pin. Check if it is intended to be dangling.
[WARNING RSZ-0104] Net icache_1/_22581_ only has one pin. Check if it is intended to be dangling.
[WARNING RSZ-0104] Net icache_1/_22842_ only has one pin. Check if it is intended to be dangling.
[WARNING RSZ-0104] Net icache_1/_21258_ only has one pin. Check if it is intended to be dangling.
[WARNING RSZ-0104] Net icache_1/_22579_ only has one pin. Check if it is intended to be dangling.
[WARNING RSZ-0104] Net icache_1/_22578_ only has one pin. Check if it is intended to be dangling.
[WARNING RSZ-0104] Net icache_1/_22577_ only has one pin. Check if it is intended to be dangling.
[WARNING RSZ-0104] Net icache_1/_22576_ only has one pin. Check if it is intended to be dangling.
[WARNING RSZ-0104] Net icache_1/_22575_ only has one pin. Check if it is intended to be dangling.
[WARNING RSZ-0104] Net icache_1/_22574_ only has one pin. Check if it is intended to be dangling.
[WARNING RSZ-0104] Net icache_1/_22573_ only has one pin. Check if it is intended to be dangling.
[WARNING RSZ-0104] Net icache_1/_22572_ only has one pin. Check if it is intended to be dangling.
[WARNING RSZ-0104] Net icache_1/_22571_ only has one pin. Check if it is intended to be dangling.
[WARNING RSZ-0104] Net icache_1/_22841_ only has one pin. Check if it is intended to be dangling.
[WARNING RSZ-0104] Net icache_1/_22570_ only has one pin. Check if it is intended to be dangling.
[WARNING RSZ-0104] Net icache_1/_22569_ only has one pin. Check if it is intended to be dangling.
    28000 |     +0.1% |       0 |     145 |           169 |     12991
[WARNING RSZ-0104] Net icache_1/_22568_ only has one pin. Check if it is intended to be dangling.
[WARNING RSZ-0104] Net icache_1/_22567_ only has one pin. Check if it is intended to be dangling.
[WARNING RSZ-0104] Net icache_1/_22566_ only has one pin. Check if it is intended to be dangling.
[WARNING RSZ-0104] Net icache_1/_22565_ only has one pin. Check if it is intended to be dangling.
[WARNING RSZ-0104] Net icache_1/_22564_ only has one pin. Check if it is intended to be dangling.
[WARNING RSZ-0104] Net icache_1/_22563_ only has one pin. Check if it is intended to be dangling.
[WARNING RSZ-0104] Net icache_1/_22562_ only has one pin. Check if it is intended to be dangling.
[WARNING RSZ-0104] Net icache_1/_22561_ only has one pin. Check if it is intended to be dangling.
[WARNING RSZ-0104] Net icache_1/_22840_ only has one pin. Check if it is intended to be dangling.
[WARNING RSZ-0104] Net icache_1/_22560_ only has one pin. Check if it is intended to be dangling.
[WARNING RSZ-0104] Net icache_1/_22559_ only has one pin. Check if it is intended to be dangling.
[WARNING RSZ-0104] Net icache_1/_22558_ only has one pin. Check if it is intended to be dangling.
[WARNING RSZ-0104] Net icache_1/_22557_ only has one pin. Check if it is intended to be dangling.
[WARNING RSZ-0104] Net icache_1/_22556_ only has one pin. Check if it is intended to be dangling.
[WARNING RSZ-0104] Net icache_1/_22555_ only has one pin. Check if it is intended to be dangling.
[WARNING RSZ-0104] Net icache_1/_22554_ only has one pin. Check if it is intended to be dangling.
[WARNING RSZ-0104] Net icache_1/_22553_ only has one pin. Check if it is intended to be dangling.
[WARNING RSZ-0104] Net icache_1/_22552_ only has one pin. Check if it is intended to be dangling.
[WARNING RSZ-0104] Net icache_1/_22551_ only has one pin. Check if it is intended to be dangling.
[WARNING RSZ-0104] Net icache_1/_22839_ only has one pin. Check if it is intended to be dangling.
[WARNING RSZ-0104] Net icache_1/_22550_ only has one pin. Check if it is intended to be dangling.
[WARNING RSZ-0104] Net icache_1/_22549_ only has one pin. Check if it is intended to be dangling.
[WARNING RSZ-0104] Net icache_1/_22548_ only has one pin. Check if it is intended to be dangling.
[WARNING RSZ-0104] Net icache_1/_22547_ only has one pin. Check if it is intended to be dangling.
[WARNING RSZ-0104] Net icache_1/_22546_ only has one pin. Check if it is intended to be dangling.
[WARNING RSZ-0104] Net icache_1/_22545_ only has one pin. Check if it is intended to be dangling.
[WARNING RSZ-0104] Net icache_1/_22544_ only has one pin. Check if it is intended to be dangling.
[WARNING RSZ-0104] Net icache_1/_22543_ only has one pin. Check if it is intended to be dangling.
[WARNING RSZ-0104] Net icache_1/_22542_ only has one pin. Check if it is intended to be dangling.
[WARNING RSZ-0104] Net icache_1/_22541_ only has one pin. Check if it is intended to be dangling.
[WARNING RSZ-0104] Net icache_1/_22838_ only has one pin. Check if it is intended to be dangling.
[WARNING RSZ-0104] Net icache_1/_22540_ only has one pin. Check if it is intended to be dangling.
[WARNING RSZ-0104] Net icache_1/_22539_ only has one pin. Check if it is intended to be dangling.
[WARNING RSZ-0104] Net icache_1/_22538_ only has one pin. Check if it is intended to be dangling.
[WARNING RSZ-0104] Net icache_1/_22537_ only has one pin. Check if it is intended to be dangling.
[WARNING RSZ-0104] Net icache_1/_22536_ only has one pin. Check if it is intended to be dangling.
[WARNING RSZ-0104] Net icache_1/_22535_ only has one pin. Check if it is intended to be dangling.
[WARNING RSZ-0104] Net icache_1/_22534_ only has one pin. Check if it is intended to be dangling.
[WARNING RSZ-0104] Net icache_1/_22533_ only has one pin. Check if it is intended to be dangling.
[WARNING RSZ-0104] Net icache_1/_22532_ only has one pin. Check if it is intended to be dangling.
[WARNING RSZ-0104] Net icache_1/_22531_ only has one pin. Check if it is intended to be dangling.
[WARNING RSZ-0104] Net icache_1/_22837_ only has one pin. Check if it is intended to be dangling.
[WARNING RSZ-0104] Net icache_1/_22530_ only has one pin. Check if it is intended to be dangling.
[WARNING RSZ-0104] Net icache_1/_22529_ only has one pin. Check if it is intended to be dangling.
[WARNING RSZ-0104] Net icache_1/_22528_ only has one pin. Check if it is intended to be dangling.
[WARNING RSZ-0104] Net icache_1/_22527_ only has one pin. Check if it is intended to be dangling.
[WARNING RSZ-0104] Net icache_1/_22526_ only has one pin. Check if it is intended to be dangling.
[WARNING RSZ-0104] Net icache_1/_22525_ only has one pin. Check if it is intended to be dangling.
[WARNING RSZ-0104] Net icache_1/_22524_ only has one pin. Check if it is intended to be dangling.
[WARNING RSZ-0104] Net icache_1/_22523_ only has one pin. Check if it is intended to be dangling.
[WARNING RSZ-0104] Net icache_1/_22522_ only has one pin. Check if it is intended to be dangling.
[WARNING RSZ-0104] Net icache_1/_22521_ only has one pin. Check if it is intended to be dangling.
[WARNING RSZ-0104] Net icache_1/_22836_ only has one pin. Check if it is intended to be dangling.
[WARNING RSZ-0104] Net icache_1/_22520_ only has one pin. Check if it is intended to be dangling.
[WARNING RSZ-0104] Net icache_1/_22519_ only has one pin. Check if it is intended to be dangling.
[WARNING RSZ-0104] Net icache_1/_22518_ only has one pin. Check if it is intended to be dangling.
[WARNING RSZ-0104] Net icache_1/_22517_ only has one pin. Check if it is intended to be dangling.
[WARNING RSZ-0104] Net icache_1/_22516_ only has one pin. Check if it is intended to be dangling.
[WARNING RSZ-0104] Net icache_1/_22515_ only has one pin. Check if it is intended to be dangling.
[WARNING RSZ-0104] Net icache_1/_22514_ only has one pin. Check if it is intended to be dangling.
[WARNING RSZ-0104] Net icache_1/_22513_ only has one pin. Check if it is intended to be dangling.
[WARNING RSZ-0104] Net icache_1/_22512_ only has one pin. Check if it is intended to be dangling.
[WARNING RSZ-0104] Net icache_1/_22511_ only has one pin. Check if it is intended to be dangling.
[WARNING RSZ-0104] Net icache_1/_22835_ only has one pin. Check if it is intended to be dangling.
[WARNING RSZ-0104] Net icache_1/_22510_ only has one pin. Check if it is intended to be dangling.
[WARNING RSZ-0104] Net icache_1/_22509_ only has one pin. Check if it is intended to be dangling.
[WARNING RSZ-0104] Net icache_1/_22508_ only has one pin. Check if it is intended to be dangling.
[WARNING RSZ-0104] Net icache_1/_22507_ only has one pin. Check if it is intended to be dangling.
[WARNING RSZ-0104] Net icache_1/_22506_ only has one pin. Check if it is intended to be dangling.
[WARNING RSZ-0104] Net icache_1/_22505_ only has one pin. Check if it is intended to be dangling.
[WARNING RSZ-0104] Net icache_1/_22504_ only has one pin. Check if it is intended to be dangling.
[WARNING RSZ-0104] Net icache_1/_22503_ only has one pin. Check if it is intended to be dangling.
[WARNING RSZ-0104] Net icache_1/_22502_ only has one pin. Check if it is intended to be dangling.
[WARNING RSZ-0104] Net icache_1/_22501_ only has one pin. Check if it is intended to be dangling.
[WARNING RSZ-0104] Net icache_1/_22762_ only has one pin. Check if it is intended to be dangling.
[WARNING RSZ-0104] Net icache_1/_22834_ only has one pin. Check if it is intended to be dangling.
[WARNING RSZ-0104] Net icache_1/_22500_ only has one pin. Check if it is intended to be dangling.
[WARNING RSZ-0104] Net icache_1/_22499_ only has one pin. Check if it is intended to be dangling.
[WARNING RSZ-0104] Net icache_1/_22498_ only has one pin. Check if it is intended to be dangling.
[WARNING RSZ-0104] Net icache_1/_22497_ only has one pin. Check if it is intended to be dangling.
[WARNING RSZ-0104] Net icache_1/_22496_ only has one pin. Check if it is intended to be dangling.
[WARNING RSZ-0104] Net icache_1/_22495_ only has one pin. Check if it is intended to be dangling.
[WARNING RSZ-0104] Net icache_1/_22494_ only has one pin. Check if it is intended to be dangling.
[WARNING RSZ-0104] Net icache_1/_22493_ only has one pin. Check if it is intended to be dangling.
[WARNING RSZ-0104] Net icache_1/_22492_ only has one pin. Check if it is intended to be dangling.
[WARNING RSZ-0104] Net icache_1/_22491_ only has one pin. Check if it is intended to be dangling.
[WARNING RSZ-0104] Net icache_1/_22833_ only has one pin. Check if it is intended to be dangling.
[WARNING RSZ-0104] Net icache_1/_22490_ only has one pin. Check if it is intended to be dangling.
[WARNING RSZ-0104] Net icache_1/_22489_ only has one pin. Check if it is intended to be dangling.
[WARNING RSZ-0104] Net icache_1/_22488_ only has one pin. Check if it is intended to be dangling.
[WARNING RSZ-0104] Net icache_1/_22487_ only has one pin. Check if it is intended to be dangling.
[WARNING RSZ-0104] Net icache_1/_22486_ only has one pin. Check if it is intended to be dangling.
[WARNING RSZ-0104] Net icache_1/_22485_ only has one pin. Check if it is intended to be dangling.
[WARNING RSZ-0104] Net icache_1/_22484_ only has one pin. Check if it is intended to be dangling.
[WARNING RSZ-0104] Net icache_1/_22483_ only has one pin. Check if it is intended to be dangling.
[WARNING RSZ-0104] Net icache_1/_22482_ only has one pin. Check if it is intended to be dangling.
[WARNING RSZ-0104] Net icache_1/_21257_ only has one pin. Check if it is intended to be dangling.
[WARNING RSZ-0104] Net icache_1/_22832_ only has one pin. Check if it is intended to be dangling.
[WARNING RSZ-0104] Net icache_1/_22480_ only has one pin. Check if it is intended to be dangling.
[WARNING RSZ-0104] Net icache_1/_22479_ only has one pin. Check if it is intended to be dangling.
[WARNING RSZ-0104] Net icache_1/_22478_ only has one pin. Check if it is intended to be dangling.
[WARNING RSZ-0104] Net icache_1/_22477_ only has one pin. Check if it is intended to be dangling.
[WARNING RSZ-0104] Net icache_1/_22476_ only has one pin. Check if it is intended to be dangling.
[WARNING RSZ-0104] Net icache_1/_22475_ only has one pin. Check if it is intended to be dangling.
[WARNING RSZ-0104] Net icache_1/_22474_ only has one pin. Check if it is intended to be dangling.
[WARNING RSZ-0104] Net icache_1/_22473_ only has one pin. Check if it is intended to be dangling.
[WARNING RSZ-0104] Net icache_1/_22472_ only has one pin. Check if it is intended to be dangling.
[WARNING RSZ-0104] Net icache_1/_22471_ only has one pin. Check if it is intended to be dangling.
[WARNING RSZ-0104] Net icache_1/_22831_ only has one pin. Check if it is intended to be dangling.
[WARNING RSZ-0104] Net icache_1/_22470_ only has one pin. Check if it is intended to be dangling.
[WARNING RSZ-0104] Net icache_1/_22469_ only has one pin. Check if it is intended to be dangling.
[WARNING RSZ-0104] Net icache_1/_22468_ only has one pin. Check if it is intended to be dangling.
[WARNING RSZ-0104] Net icache_1/_22467_ only has one pin. Check if it is intended to be dangling.
[WARNING RSZ-0104] Net icache_1/_22466_ only has one pin. Check if it is intended to be dangling.
[WARNING RSZ-0104] Net icache_1/_22465_ only has one pin. Check if it is intended to be dangling.
[WARNING RSZ-0104] Net icache_1/_22464_ only has one pin. Check if it is intended to be dangling.
[WARNING RSZ-0104] Net icache_1/_22463_ only has one pin. Check if it is intended to be dangling.
[WARNING RSZ-0104] Net icache_1/_22462_ only has one pin. Check if it is intended to be dangling.
[WARNING RSZ-0104] Net icache_1/_22461_ only has one pin. Check if it is intended to be dangling.
[WARNING RSZ-0104] Net icache_1/_22830_ only has one pin. Check if it is intended to be dangling.
[WARNING RSZ-0104] Net icache_1/_22460_ only has one pin. Check if it is intended to be dangling.
[WARNING RSZ-0104] Net icache_1/_22459_ only has one pin. Check if it is intended to be dangling.
[WARNING RSZ-0104] Net icache_1/_22458_ only has one pin. Check if it is intended to be dangling.
[WARNING RSZ-0104] Net icache_1/_22457_ only has one pin. Check if it is intended to be dangling.
[WARNING RSZ-0104] Net icache_1/_22456_ only has one pin. Check if it is intended to be dangling.
[WARNING RSZ-0104] Net icache_1/_22455_ only has one pin. Check if it is intended to be dangling.
[WARNING RSZ-0104] Net icache_1/_22454_ only has one pin. Check if it is intended to be dangling.
[WARNING RSZ-0104] Net icache_1/_22453_ only has one pin. Check if it is intended to be dangling.
[WARNING RSZ-0104] Net icache_1/_22452_ only has one pin. Check if it is intended to be dangling.
[WARNING RSZ-0104] Net icache_1/_22451_ only has one pin. Check if it is intended to be dangling.
[WARNING RSZ-0104] Net icache_1/_22829_ only has one pin. Check if it is intended to be dangling.
[WARNING RSZ-0104] Net icache_1/_22450_ only has one pin. Check if it is intended to be dangling.
[WARNING RSZ-0104] Net icache_1/_22449_ only has one pin. Check if it is intended to be dangling.
[WARNING RSZ-0104] Net icache_1/_22448_ only has one pin. Check if it is intended to be dangling.
[WARNING RSZ-0104] Net icache_1/_22447_ only has one pin. Check if it is intended to be dangling.
[WARNING RSZ-0104] Net icache_1/_22446_ only has one pin. Check if it is intended to be dangling.
[WARNING RSZ-0104] Net icache_1/_22445_ only has one pin. Check if it is intended to be dangling.
[WARNING RSZ-0104] Net icache_1/_22444_ only has one pin. Check if it is intended to be dangling.
[WARNING RSZ-0104] Net icache_1/_22443_ only has one pin. Check if it is intended to be dangling.
[WARNING RSZ-0104] Net icache_1/_22442_ only has one pin. Check if it is intended to be dangling.
[WARNING RSZ-0104] Net icache_1/_22441_ only has one pin. Check if it is intended to be dangling.
[WARNING RSZ-0104] Net icache_1/_22828_ only has one pin. Check if it is intended to be dangling.
[WARNING RSZ-0104] Net icache_1/_22440_ only has one pin. Check if it is intended to be dangling.
[WARNING RSZ-0104] Net icache_1/_22439_ only has one pin. Check if it is intended to be dangling.
[WARNING RSZ-0104] Net icache_1/_22438_ only has one pin. Check if it is intended to be dangling.
[WARNING RSZ-0104] Net icache_1/_22437_ only has one pin. Check if it is intended to be dangling.
[WARNING RSZ-0104] Net icache_1/_22436_ only has one pin. Check if it is intended to be dangling.
[WARNING RSZ-0104] Net icache_1/_22435_ only has one pin. Check if it is intended to be dangling.
[WARNING RSZ-0104] Net icache_1/_22434_ only has one pin. Check if it is intended to be dangling.
[WARNING RSZ-0104] Net icache_1/_22433_ only has one pin. Check if it is intended to be dangling.
[WARNING RSZ-0104] Net icache_1/_22432_ only has one pin. Check if it is intended to be dangling.
[WARNING RSZ-0104] Net icache_1/_22431_ only has one pin. Check if it is intended to be dangling.
[WARNING RSZ-0104] Net icache_1/_22827_ only has one pin. Check if it is intended to be dangling.
[WARNING RSZ-0104] Net icache_1/_22430_ only has one pin. Check if it is intended to be dangling.
[WARNING RSZ-0104] Net icache_1/_22429_ only has one pin. Check if it is intended to be dangling.
[WARNING RSZ-0104] Net icache_1/_22428_ only has one pin. Check if it is intended to be dangling.
[WARNING RSZ-0104] Net icache_1/_22427_ only has one pin. Check if it is intended to be dangling.
[WARNING RSZ-0104] Net icache_1/_22426_ only has one pin. Check if it is intended to be dangling.
[WARNING RSZ-0104] Net icache_1/_22425_ only has one pin. Check if it is intended to be dangling.
[WARNING RSZ-0104] Net icache_1/_22424_ only has one pin. Check if it is intended to be dangling.
[WARNING RSZ-0104] Net icache_1/_22423_ only has one pin. Check if it is intended to be dangling.
[WARNING RSZ-0104] Net icache_1/_22422_ only has one pin. Check if it is intended to be dangling.
[WARNING RSZ-0104] Net icache_1/_22421_ only has one pin. Check if it is intended to be dangling.
[WARNING RSZ-0104] Net icache_1/_22826_ only has one pin. Check if it is intended to be dangling.
[WARNING RSZ-0104] Net icache_1/_22420_ only has one pin. Check if it is intended to be dangling.
[WARNING RSZ-0104] Net icache_1/_22419_ only has one pin. Check if it is intended to be dangling.
[WARNING RSZ-0104] Net icache_1/_22418_ only has one pin. Check if it is intended to be dangling.
[WARNING RSZ-0104] Net icache_1/_22417_ only has one pin. Check if it is intended to be dangling.
[WARNING RSZ-0104] Net icache_1/_22416_ only has one pin. Check if it is intended to be dangling.
[WARNING RSZ-0104] Net icache_1/_22415_ only has one pin. Check if it is intended to be dangling.
[WARNING RSZ-0104] Net icache_1/_22414_ only has one pin. Check if it is intended to be dangling.
[WARNING RSZ-0104] Net icache_1/_22413_ only has one pin. Check if it is intended to be dangling.
[WARNING RSZ-0104] Net icache_1/_22412_ only has one pin. Check if it is intended to be dangling.
[WARNING RSZ-0104] Net icache_1/_22411_ only has one pin. Check if it is intended to be dangling.
[WARNING RSZ-0104] Net icache_1/_22825_ only has one pin. Check if it is intended to be dangling.
[WARNING RSZ-0104] Net icache_1/_22410_ only has one pin. Check if it is intended to be dangling.
[WARNING RSZ-0104] Net icache_1/_22409_ only has one pin. Check if it is intended to be dangling.
[WARNING RSZ-0104] Net icache_1/_22408_ only has one pin. Check if it is intended to be dangling.
[WARNING RSZ-0104] Net icache_1/_22407_ only has one pin. Check if it is intended to be dangling.
[WARNING RSZ-0104] Net icache_1/_22406_ only has one pin. Check if it is intended to be dangling.
[WARNING RSZ-0104] Net icache_1/_22405_ only has one pin. Check if it is intended to be dangling.
[WARNING RSZ-0104] Net icache_1/_22404_ only has one pin. Check if it is intended to be dangling.
[WARNING RSZ-0104] Net icache_1/_22403_ only has one pin. Check if it is intended to be dangling.
[WARNING RSZ-0104] Net icache_1/_22402_ only has one pin. Check if it is intended to be dangling.
[WARNING RSZ-0104] Net icache_1/_22401_ only has one pin. Check if it is intended to be dangling.
[WARNING RSZ-0104] Net icache_1/_22761_ only has one pin. Check if it is intended to be dangling.
[WARNING RSZ-0104] Net icache_1/_22824_ only has one pin. Check if it is intended to be dangling.
[WARNING RSZ-0104] Net icache_1/_22400_ only has one pin. Check if it is intended to be dangling.
[WARNING RSZ-0104] Net icache_1/_22399_ only has one pin. Check if it is intended to be dangling.
[WARNING RSZ-0104] Net icache_1/_22398_ only has one pin. Check if it is intended to be dangling.
[WARNING RSZ-0104] Net icache_1/_22397_ only has one pin. Check if it is intended to be dangling.
[WARNING RSZ-0104] Net icache_1/_22396_ only has one pin. Check if it is intended to be dangling.
[WARNING RSZ-0104] Net icache_1/_22395_ only has one pin. Check if it is intended to be dangling.
[WARNING RSZ-0104] Net icache_1/_22394_ only has one pin. Check if it is intended to be dangling.
[WARNING RSZ-0104] Net icache_1/_22393_ only has one pin. Check if it is intended to be dangling.
[WARNING RSZ-0104] Net icache_1/_22392_ only has one pin. Check if it is intended to be dangling.
[WARNING RSZ-0104] Net icache_1/_22391_ only has one pin. Check if it is intended to be dangling.
[WARNING RSZ-0104] Net icache_1/_22823_ only has one pin. Check if it is intended to be dangling.
[WARNING RSZ-0104] Net icache_1/_22390_ only has one pin. Check if it is intended to be dangling.
[WARNING RSZ-0104] Net icache_1/_22389_ only has one pin. Check if it is intended to be dangling.
[WARNING RSZ-0104] Net icache_1/_22388_ only has one pin. Check if it is intended to be dangling.
[WARNING RSZ-0104] Net icache_1/_22387_ only has one pin. Check if it is intended to be dangling.
[WARNING RSZ-0104] Net icache_1/_22386_ only has one pin. Check if it is intended to be dangling.
[WARNING RSZ-0104] Net icache_1/_22385_ only has one pin. Check if it is intended to be dangling.
[WARNING RSZ-0104] Net icache_1/_22384_ only has one pin. Check if it is intended to be dangling.
[WARNING RSZ-0104] Net icache_1/_22383_ only has one pin. Check if it is intended to be dangling.
[WARNING RSZ-0104] Net icache_1/_21256_ only has one pin. Check if it is intended to be dangling.
[WARNING RSZ-0104] Net icache_1/_22381_ only has one pin. Check if it is intended to be dangling.
[WARNING RSZ-0104] Net icache_1/_22822_ only has one pin. Check if it is intended to be dangling.
[WARNING RSZ-0104] Net icache_1/_22380_ only has one pin. Check if it is intended to be dangling.
[WARNING RSZ-0104] Net icache_1/_22379_ only has one pin. Check if it is intended to be dangling.
[WARNING RSZ-0104] Net icache_1/_22378_ only has one pin. Check if it is intended to be dangling.
[WARNING RSZ-0104] Net icache_1/_22377_ only has one pin. Check if it is intended to be dangling.
[WARNING RSZ-0104] Net icache_1/_22376_ only has one pin. Check if it is intended to be dangling.
[WARNING RSZ-0104] Net icache_1/_22375_ only has one pin. Check if it is intended to be dangling.
[WARNING RSZ-0104] message limit (1000) reached. This message will no longer print.
    29000 |     +0.1% |       0 |     145 |           169 |     11991
    30000 |     +0.1% |       0 |     145 |           169 |     10991
    31000 |     +0.1% |       0 |     145 |           169 |      9991
    32000 |     +0.1% |       0 |     145 |           169 |      8991
    33000 |     +0.1% |       0 |     145 |           169 |      7991
    34000 |     +0.1% |       0 |     146 |           171 |      6991
    35000 |     +0.1% |       0 |     146 |           171 |      5991
    36000 |     +0.1% |       0 |     146 |           171 |      4991
    37000 |     +0.1% |       0 |     146 |           171 |      3991
    38000 |     +0.1% |       0 |     146 |           171 |      2991
    39000 |     +0.1% |       0 |     146 |           171 |      1991
    40000 |     +0.1% |       0 |     146 |           171 |       991
    final |     +0.1% |       0 |     146 |           171 |         0
---------------------------------------------------------------------
[INFO RSZ-0034] Found 1 slew violations.
[INFO RSZ-0036] Found 170 capacitance violations.
[INFO RSZ-0038] Inserted 146 buffers in 171 nets.
[INFO RSZ-0504] Runtime: 6.17s
Took 6 seconds: repair_design -verbose
global_route -start_incremental
detailed_placement
[INFO DPL-0006] Core area: 450857.23 um^2
[INFO DPL-0007] Movable instances area: 56714.39 um^2
[INFO DPL-0008] Fixed instances area within core: 161744.23 um^2
[INFO DPL-0009] Utilization: 48.5%
[INFO DPL-0005] Diamond search max displacement: +/- 500 sites horizontally, +/- 100 rows vertically.
[INFO DPL-1102] Legalizing using negotiation legalizer.
[INFO DPL-1103] Negotiation base search window: +/-20 sites horizontally, +/-5 rows vertically 
	Automatic search window extension enabled.
	Search window extendable up to the max displacement cap of +/-500 sites, +/-100 rows near walls.
[INFO DPL-1104] NegotiationLegalizer DRC penalty: 5.
[INFO DPL-0392] Negotiation cell height distribution (4 unique row-count(s)):
[INFO DPL-0393]   height 1 row(s): 37721 cells
[INFO DPL-0393]   height 26 row(s): 1 cells
[INFO DPL-0393]   height 64 row(s): 1 cells
[INFO DPL-0393]   height 81 row(s): 9 cells
          |      Total |  Illegal |  Illegal
Iteration | Violations |    Cells |    Sites
---------------------------------------------
        0 |          0 |         0 |         0
Negotiation phase 1 converged at iteration 0.
[INFO DPL-0500] Runtime: 0.25s
Placement Analysis
---------------------------------
total displacement        295.9 u
average displacement        0.0 u
max displacement           59.7 u
original HPWL         1443524.8 u
legalized HPWL        1443565.9 u
delta HPWL                    0 %

global_route -end_incremental -congestion_report_file /tmp/workspace/scripts-Private_test-fr_cugr_cmp-1-/reports/nangate45/bp_fe/base/congestion_post_repair_design.rpt
Repair setup and hold violations...
estimate_parasitics -global_routing
repair_timing -setup_margin 0 -hold_margin 0.03 -repair_tns 100 -verbose
[INFO RSZ-0100] Repair move sequence: UnbufferMove SizeUpMove SwapPinsMove BufferMove CloneMove SplitLoadMove 
[INFO RSZ-0094] Found 20 endpoints with setup violations.
[INFO RSZ-0099] Repairing 20 out of 20 (100.00%) violating endpoints...
   Iter   | Removed | Resized | Inserted | Cloned |  Pin  |   Area   |    WNS   |   StTNS    |   EnTNS    |  Viol  |  Worst  
          | Buffers |  Gates  | Buffers  |  Gates | Swaps |          |          |            |            | Endpts | St/EnPt 
------------------------------------------------------------------------------------------------------------------------------
       0* |       0 |       0 |        0 |      0 |     0 |    +0.0% |   -0.066 |      -45.9 |       -0.6 |     20 | bp_fe_pc_gen_1.pc_gen_icache_o\[62\]$_SDFFCE_PP0P_/D
      10* |       0 |       3 |        3 |      0 |     3 |    +0.0% |   -0.061 |      -45.6 |       -0.6 |     20 | bp_fe_pc_gen_1.pc_gen_icache_o\[62\]$_SDFFCE_PP0P_/D
      20* |       0 |       8 |        5 |      0 |     6 |    +0.0% |   -0.044 |      -45.4 |       -0.4 |     20 | bp_fe_pc_gen_1.pc_gen_icache_o\[57\]$_SDFFCE_PP0P_/D
      30* |       0 |      13 |       10 |      1 |     7 |    +0.0% |   -0.037 |      -45.4 |       -0.3 |     20 | bp_fe_pc_gen_1.pc_gen_icache_o\[62\]$_SDFFCE_PP0P_/D
      40* |       0 |      21 |       11 |      1 |     8 |    +0.0% |   -0.037 |      -45.3 |       -0.3 |     20 | bp_fe_pc_gen_1.pc_gen_icache_o\[62\]$_SDFFCE_PP0P_/D
      50* |       0 |      27 |       12 |      1 |    11 |    +0.0% |   -0.031 |      -45.3 |       -0.2 |     20 | bp_fe_pc_gen_1.pc_gen_icache_o\[62\]$_SDFFCE_PP0P_/D
      60* |       0 |      29 |       16 |      1 |    16 |    +0.0% |   -0.054 |      -45.6 |       -0.4 |     20 | bp_fe_pc_gen_1.pc_gen_icache_o\[62\]$_SDFFCE_PP0P_/D
      70* |       0 |      35 |       18 |      1 |    19 |    +0.0% |   -0.034 |      -45.3 |       -0.3 |     20 | bp_fe_pc_gen_1.pc_gen_icache_o\[36\]$_SDFFCE_PP0P_/D
      80* |       2 |      39 |       20 |      1 |    21 |    +0.0% |   -0.014 |      -45.2 |       -0.1 |     20 | bp_fe_pc_gen_1.pc_gen_icache_o\[36\]$_SDFFCE_PP0P_/D
      82* |       2 |      40 |       20 |      1 |    22 |    +0.0% |   -0.008 |      -45.1 |       -0.0 |     20 | lce_lce_tr_resp_o[505]
      83* |       2 |      40 |       20 |      1 |    22 |    +0.0% |   -0.008 |      -45.1 |       -0.0 |     20 | lce_lce_tr_resp_o[505]
      84* |       2 |      40 |       20 |      1 |    22 |    +0.0% |   -0.008 |      -45.1 |       -0.0 |     20 | lce_lce_tr_resp_o[505]
      85* |       2 |      40 |       20 |      1 |    22 |    +0.0% |   -0.008 |      -45.1 |       -0.0 |     20 | lce_lce_tr_resp_o[505]
      88* |       2 |      41 |       20 |      1 |    23 |    +0.0% |   -0.008 |      -45.1 |       -0.0 |     20 | lce_lce_tr_resp_o[505]
      89* |       2 |      41 |       20 |      1 |    23 |    +0.0% |   -0.008 |      -45.1 |       -0.0 |     20 | lce_lce_tr_resp_o[505]
      90* |       2 |      41 |       20 |      1 |    23 |    +0.0% |   -0.008 |      -45.1 |       -0.0 |     20 | lce_lce_tr_resp_o[505]
      90* |       2 |      41 |       20 |      1 |    23 |    +0.0% |   -0.008 |      -45.1 |       -0.0 |     20 | lce_lce_tr_resp_o[505]
      91* |       2 |      41 |       20 |      1 |    23 |    +0.0% |   -0.008 |      -45.1 |       -0.0 |     20 | lce_lce_tr_resp_o[505]
      92* |       2 |      41 |       20 |      1 |    23 |    +0.0% |   -0.008 |      -45.1 |       -0.0 |     20 | lce_lce_tr_resp_o[505]
      93* |       2 |      41 |       20 |      1 |    23 |    +0.0% |   -0.008 |      -45.1 |       -0.0 |     20 | lce_lce_tr_resp_o[505]
      94* |       2 |      41 |       20 |      1 |    23 |    +0.0% |   -0.008 |      -45.1 |       -0.0 |     20 | lce_lce_tr_resp_o[505]
      95* |       2 |      41 |       20 |      1 |    23 |    +0.0% |   -0.008 |      -45.1 |       -0.0 |     20 | lce_lce_tr_resp_o[505]
      96* |       2 |      41 |       20 |      1 |    23 |    +0.0% |   -0.008 |      -45.1 |       -0.0 |     20 | lce_lce_tr_resp_o[505]
      97* |       2 |      41 |       20 |      1 |    23 |    +0.0% |   -0.008 |      -45.1 |       -0.0 |     20 | lce_lce_tr_resp_o[505]
      98* |       2 |      41 |       20 |      1 |    23 |    +0.0% |   -0.008 |      -45.1 |       -0.0 |     20 | lce_lce_tr_resp_o[505]
      99* |       2 |      41 |       20 |      1 |    23 |    +0.0% |   -0.008 |      -45.1 |       -0.0 |     20 | lce_lce_tr_resp_o[505]
     100* |       2 |      41 |       20 |      1 |    23 |    +0.0% |   -0.008 |      -45.1 |       -0.0 |     20 | lce_lce_tr_resp_o[505]
     101* |       2 |      42 |       20 |      1 |    23 |    +0.0% |   -0.006 |      -45.1 |       -0.0 |     20 | bp_fe_pc_gen_1.pc_gen_icache_o\[62\]$_SDFFCE_PP0P_/D
     103* |       2 |      43 |       20 |      1 |    23 |    +0.0% |   -0.006 |      -45.1 |       -0.0 |     20 | bp_fe_pc_gen_1.pc_gen_icache_o\[62\]$_SDFFCE_PP0P_/D
     105* |       2 |      44 |       20 |      1 |    23 |    +0.0% |   -0.006 |      -45.1 |       -0.0 |     20 | bp_fe_pc_gen_1.pc_gen_icache_o\[62\]$_SDFFCE_PP0P_/D
     107* |       2 |      45 |       20 |      1 |    23 |    +0.0% |   -0.006 |      -45.1 |       -0.0 |     20 | bp_fe_pc_gen_1.pc_gen_icache_o\[62\]$_SDFFCE_PP0P_/D
     107* |       2 |      45 |       20 |      1 |    23 |    +0.0% |   -0.006 |      -45.1 |       -0.0 |     20 | bp_fe_pc_gen_1.pc_gen_icache_o\[62\]$_SDFFCE_PP0P_/D
     108+ |       2 |      45 |       20 |      1 |    23 |    +0.0% |   -0.006 |      -45.1 |       -0.0 |      1 | bp_fe_pc_gen_1.pc_gen_icache_o\[62\]$_SDFFCE_PP0P_/D
    final |       2 |      45 |       20 |      1 |    23 |    +0.0% |   -0.006 |      -45.1 |       -0.0 |      1 | bp_fe_pc_gen_1.pc_gen_icache_o\[62\]$_SDFFCE_PP0P_/D
------------------------------------------------------------------------------------------------------------------------------
[INFO RSZ-0059] Removed 2 buffers.
[INFO RSZ-0045] Inserted 20 buffers, 1 to split loads.
[INFO RSZ-0051] Resized 45 instances: 45 up, 0 up match, 0 down, 0 VT
[INFO RSZ-0043] Swapped pins on 23 instances.
[INFO RSZ-0049] Cloned 1 instances.
[WARNING RSZ-0062] Unable to repair all setup violations.
[INFO RSZ-0505] Runtime: 9.43s
[INFO RSZ-0033] No hold violations found.
[INFO RSZ-0506] Runtime: 0.21s
Took 9 seconds: repair_timing -setup_margin 0 -hold_margin 0.03 -repair_tns 100 -verbose
global_route -start_incremental
detailed_placement
[INFO DPL-0006] Core area: 450857.23 um^2
[INFO DPL-0007] Movable instances area: 56781.96 um^2
[INFO DPL-0008] Fixed instances area within core: 161744.23 um^2
[INFO DPL-0009] Utilization: 48.5%
[INFO DPL-0005] Diamond search max displacement: +/- 500 sites horizontally, +/- 100 rows vertically.
[INFO DPL-1102] Legalizing using negotiation legalizer.
[INFO DPL-1103] Negotiation base search window: +/-20 sites horizontally, +/-5 rows vertically 
	Automatic search window extension enabled.
	Search window extendable up to the max displacement cap of +/-500 sites, +/-100 rows near walls.
[INFO DPL-1104] NegotiationLegalizer DRC penalty: 5.
[INFO DPL-0392] Negotiation cell height distribution (4 unique row-count(s)):
[INFO DPL-0393]   height 1 row(s): 37740 cells
[INFO DPL-0393]   height 26 row(s): 1 cells
[INFO DPL-0393]   height 64 row(s): 1 cells
[INFO DPL-0393]   height 81 row(s): 9 cells
          |      Total |  Illegal |  Illegal
Iteration | Violations |    Cells |    Sites
---------------------------------------------
        0 |          0 |         0 |         0
Negotiation phase 1 converged at iteration 0.
[INFO DPL-0500] Runtime: 0.28s
Placement Analysis
---------------------------------
total displacement         70.6 u
average displacement        0.0 u
max displacement            5.6 u
original HPWL         1443667.4 u
legalized HPWL        1443720.7 u
delta HPWL                    0 %

check_placement -verbose
global_route -end_incremental -congestion_report_file /tmp/workspace/scripts-Private_test-fr_cugr_cmp-1-/reports/nangate45/bp_fe/base/congestion_post_repair_timing.rpt
estimate_parasitics -global_routing
global_route -start_incremental
global_route -end_incremental -congestion_report_file /tmp/workspace/scripts-Private_test-fr_cugr_cmp-1-/reports/nangate45/bp_fe/base/congestion_post_recover_power.rpt
Repair antennas...
[WARNING GRT-0246] No diode with LEF class CORE ANTENNACELL found.
[INFO ANT-0002] Found 0 net violations.
[INFO ANT-0001] Found 0 pin violations.
Estimate parasitics...
estimate_parasitics -global_routing
Report metrics stage 5, global route...

==========================================================================
global route report_design_area
--------------------------------------------------------------------------
Design area 218526 um^2 48% utilization.
[INFO FLW-0007] clock CLK period 1.800000
[WARNING FLW-0010] more than one clock found. Skipping sdc update.
[INFO FLW-0011] Path endpoint path count 10857
write_db /tmp/workspace/scripts-Private_test-fr_cugr_cmp-1-/results/nangate45/bp_fe/base/5_1_grt.odb
write_sdc -no_timestamp /tmp/workspace/scripts-Private_test-fr_cugr_cmp-1-/results/nangate45/bp_fe/base/5_1_grt.sdc
Elapsed time: 0:56.33[h:]min:sec. CPU time: user 421.38 sys 35.76 (811%). Peak memory: 1074064KB.
Log                       Ext     Elapsed/s Peak Memory/MB sha1sum result [0:20)
5_1_grt                   .odb           56           1048 bfc05d0d56c6f765142f
5_1_grt                   .sdc                             3c90b3a2498aed7ac2f6
/OpenROAD-flow-scripts/flow/scripts/flow.sh 5_2_route detail_route
Running detail_route.tcl, stage 5_2_route
read_liberty ./platforms/nangate45/lib/NangateOpenCellLibrary_typical.lib
read_liberty ./platforms/nangate45/lib/fakeram45_512x64.lib
read_liberty ./platforms/nangate45/lib/fakeram45_64x7.lib
read_liberty ./platforms/nangate45/lib/fakeram45_64x96.lib
read_db /tmp/workspace/scripts-Private_test-fr_cugr_cmp-1-/results/nangate45/bp_fe/base/5_1_grt.odb
read_sdc /tmp/workspace/scripts-Private_test-fr_cugr_cmp-1-/results/nangate45/bp_fe/base/5_1_grt.sdc
source ./platforms/nangate45/setRC.tcl
[WARNING STA-0450] virtual clock vclk can not be propagated.
detailed_route -output_drc /tmp/workspace/scripts-Private_test-fr_cugr_cmp-1-/reports/nangate45/bp_fe/base/5_route_drc.rpt -output_maze /tmp/workspace/scripts-Private_test-fr_cugr_cmp-1-/results/nangate45/bp_fe/base/maze.log -droute_end_iter 64 -verbose 1 -drc_report_iter_step 5
[INFO DRT-0149] Reading tech and libs.

Units:                2000
Number of layers:     21
Number of macros:     138
Number of vias:       42
Number of viarulegen: 19

[INFO DRT-0150] Reading design.
[WARNING DRT-0120] Large net icache_1/net11517 has 104 pins which may impact routing performance. Consider optimization.

Design:                   bp_fe_top
Die area:                 ( 0 0 ) ( 1600000 1200000 )
Number of track patterns: 20
Number of DEF vias:       0
Number of components:     37751
Number of terminals:      2513
Number of snets:          2
Number of nets:           40588

[INFO DRT-0167] List of default vias:
  Layer via2
    default via: via2_5
  Layer via3
    default via: via3_2
  Layer via4
    default via: via4_0
  Layer via5
    default via: via5_0
  Layer via6
    default via: via6_0
  Layer via7
    default via: via7_0
  Layer via8
    default via: via8_0
  Layer via9
    default via: via9_0
[INFO DRT-0162] Library cell analysis.
[INFO DRT-0163] Instance analysis.
[INFO DRT-0164] Number of unique instances = 168.
[INFO DRT-0168] Init region query.
[INFO DRT-0024]   Complete active.
[INFO DRT-0024]   Complete Fr_VIA.
[INFO DRT-0024]   Complete metal1.
[INFO DRT-0024]   Complete via1.
[INFO DRT-0024]   Complete metal2.
[INFO DRT-0024]   Complete via2.
[INFO DRT-0024]   Complete metal3.
[INFO DRT-0024]   Complete via3.
[INFO DRT-0024]   Complete metal4.
[INFO DRT-0024]   Complete via4.
[INFO DRT-0024]   Complete metal5.
[INFO DRT-0024]   Complete via5.
[INFO DRT-0024]   Complete metal6.
[INFO DRT-0024]   Complete via6.
[INFO DRT-0024]   Complete metal7.
[INFO DRT-0024]   Complete via7.
[INFO DRT-0024]   Complete metal8.
[INFO DRT-0024]   Complete via8.
[INFO DRT-0024]   Complete metal9.
[INFO DRT-0024]   Complete via9.
[INFO DRT-0024]   Complete metal10.
[INFO DRT-0033] active shape region query size = 0.
[INFO DRT-0033] FR_VIA shape region query size = 0.
[INFO DRT-0033] metal1 shape region query size = 645353.
[INFO DRT-0033] via1 shape region query size = 12006.
[INFO DRT-0033] metal2 shape region query size = 8015.
[INFO DRT-0033] via2 shape region query size = 12006.
[INFO DRT-0033] metal3 shape region query size = 12352.
[INFO DRT-0033] via3 shape region query size = 12006.
[INFO DRT-0033] metal4 shape region query size = 12143.
[INFO DRT-0033] via4 shape region query size = 23074.
[INFO DRT-0033] metal5 shape region query size = 11937.
[INFO DRT-0033] via5 shape region query size = 33364.
[INFO DRT-0033] metal6 shape region query size = 6743.
[INFO DRT-0033] via6 shape region query size = 10364.
[INFO DRT-0033] metal7 shape region query size = 1578.
[INFO DRT-0033] via7 shape region query size = 0.
[INFO DRT-0033] metal8 shape region query size = 0.
[INFO DRT-0033] via8 shape region query size = 0.
[INFO DRT-0033] metal9 shape region query size = 0.
[INFO DRT-0033] via9 shape region query size = 0.
[INFO DRT-0033] metal10 shape region query size = 0.
[INFO DRT-0165] Start pin access.
[INFO DRT-0076]   Complete 1000 pins.
[INFO DRT-0076]   Complete 2000 pins.
[INFO DRT-0078]   Complete 2699 pins.
[INFO DRT-0079]   Complete 100 unique inst patterns.
[INFO DRT-0081]   Complete 158 unique inst patterns.
[INFO DRT-0082]   Complete 10000 groups.
[INFO DRT-0082]   Complete 20000 groups.
[INFO DRT-0084]   Complete 24516 groups.
#scanned instances     = 37751
#unique  instances     = 167
#stdCellGenAp          = 5883
#stdCellValidPlanarAp  = 0
#stdCellValidViaAp     = 4014
#stdCellPinNoAp        = 0
#stdCellPinCnt         = 122754
#instTermValidViaApCnt = 0
#macroGenAp            = 2664
#macroValidPlanarAp    = 2664
#macroValidViaAp       = 0
#macroNoAp             = 0
[INFO DRT-0166] Complete pin access.
[INFO DRT-0267] cpu time = 00:03:38, elapsed time = 00:00:09, memory = 591.86 (MB), peak = 596.56 (MB)
[INFO DRT-0156] guideIn read 100000 guides.
[INFO DRT-0156] guideIn read 200000 guides.
[INFO DRT-0156] guideIn read 300000 guides.

[INFO DRT-0157] Number of guides:     326411

[INFO DRT-0169] Post process guides.
[INFO DRT-0176] GCELLGRID X 0 DO 280 STEP 5700 ;
[INFO DRT-0177] GCELLGRID Y 0 DO 210 STEP 5700 ;
[INFO DRT-0026]   Complete 100000 origin guides.
[INFO DRT-0026]   Complete 200000 origin guides.
[INFO DRT-0026]   Complete 300000 origin guides.
[INFO DRT-0028]   Complete active.
[INFO DRT-0028]   Complete Fr_VIA.
[INFO DRT-0028]   Complete metal1.
[INFO DRT-0028]   Complete via1.
[INFO DRT-0028]   Complete metal2.
[INFO DRT-0028]   Complete via2.
[INFO DRT-0028]   Complete metal3.
[INFO DRT-0028]   Complete via3.
[INFO DRT-0028]   Complete metal4.
[INFO DRT-0028]   Complete via4.
[INFO DRT-0028]   Complete metal5.
[INFO DRT-0028]   Complete via5.
[INFO DRT-0028]   Complete metal6.
[INFO DRT-0028]   Complete via6.
[INFO DRT-0028]   Complete metal7.
[INFO DRT-0028]   Complete via7.
[INFO DRT-0028]   Complete metal8.
[INFO DRT-0028]   Complete via8.
[INFO DRT-0028]   Complete metal9.
[INFO DRT-0028]   Complete via9.
[INFO DRT-0028]   Complete metal10.
[INFO DRT-0178] Init guide query.
[INFO DRT-0035]   Complete active (guide).
[INFO DRT-0035]   Complete Fr_VIA (guide).
[INFO DRT-0035]   Complete metal1 (guide).
[INFO DRT-0035]   Complete via1 (guide).
[INFO DRT-0035]   Complete metal2 (guide).
[INFO DRT-0035]   Complete via2 (guide).
[INFO DRT-0035]   Complete metal3 (guide).
[INFO DRT-0035]   Complete via3 (guide).
[INFO DRT-0035]   Complete metal4 (guide).
[INFO DRT-0035]   Complete via4 (guide).
[INFO DRT-0035]   Complete metal5 (guide).
[INFO DRT-0035]   Complete via5 (guide).
[INFO DRT-0035]   Complete metal6 (guide).
[INFO DRT-0035]   Complete via6 (guide).
[INFO DRT-0035]   Complete metal7 (guide).
[INFO DRT-0035]   Complete via7 (guide).
[INFO DRT-0035]   Complete metal8 (guide).
[INFO DRT-0035]   Complete via8 (guide).
[INFO DRT-0035]   Complete metal9 (guide).
[INFO DRT-0035]   Complete via9 (guide).
[INFO DRT-0035]   Complete metal10 (guide).
[INFO DRT-0036] active guide region query size = 0.
[INFO DRT-0036] FR_VIA guide region query size = 0.
[INFO DRT-0036] metal1 guide region query size = 100929.
[INFO DRT-0036] via1 guide region query size = 0.
[INFO DRT-0036] metal2 guide region query size = 92669.
[INFO DRT-0036] via2 guide region query size = 0.
[INFO DRT-0036] metal3 guide region query size = 55576.
[INFO DRT-0036] via3 guide region query size = 0.
[INFO DRT-0036] metal4 guide region query size = 9308.
[INFO DRT-0036] via4 guide region query size = 0.
[INFO DRT-0036] metal5 guide region query size = 6164.
[INFO DRT-0036] via5 guide region query size = 0.
[INFO DRT-0036] metal6 guide region query size = 2551.
[INFO DRT-0036] via6 guide region query size = 0.
[INFO DRT-0036] metal7 guide region query size = 167.
[INFO DRT-0036] via7 guide region query size = 0.
[INFO DRT-0036] metal8 guide region query size = 53.
[INFO DRT-0036] via8 guide region query size = 0.
[INFO DRT-0036] metal9 guide region query size = 16.
[INFO DRT-0036] via9 guide region query size = 0.
[INFO DRT-0036] metal10 guide region query size = 2.
[INFO DRT-0179] Init gr pin query.
[INFO DRT-0267] cpu time = 00:00:01, elapsed time = 00:00:00, memory = 701.63 (MB), peak = 697.80 (MB)
[INFO DRT-0245] skipped writing guide updates to database.
[INFO DRT-0181] Start track assignment.
[INFO DRT-0184] Done with 104583 vertical wires in 6 frboxes and 162852 horizontal wires in 5 frboxes.
[INFO DRT-0186] Done with 28883 vertical wires in 6 frboxes and 35619 horizontal wires in 5 frboxes.
[INFO DRT-0182] Complete track assignment.
[INFO DRT-0267] cpu time = 00:00:19, elapsed time = 00:00:06, memory = 1589.15 (MB), peak = 1633.37 (MB)
[INFO DRT-0187] Start routing data preparation.
[INFO DRT-0267] cpu time = 00:00:00, elapsed time = 00:00:00, memory = 1589.15 (MB), peak = 1633.37 (MB)
[INFO DRT-0194] Start detail routing.
[INFO DRT-0195] Start 0th optimization iteration.
    Completing 10% with 0 violations.
    elapsed time = 00:00:01, memory = 2314.47 (MB).
    Completing 20% with 0 violations.
    elapsed time = 00:00:05, memory = 2635.53 (MB).
    Completing 30% with 3221 violations.
    elapsed time = 00:00:07, memory = 2709.82 (MB).
    Completing 40% with 3221 violations.
    elapsed time = 00:00:12, memory = 2959.68 (MB).
    Completing 50% with 3221 violations.
    elapsed time = 00:00:15, memory = 2992.04 (MB).
    Completing 60% with 6197 violations.
    elapsed time = 00:00:18, memory = 3137.29 (MB).
    Completing 70% with 6197 violations.
    elapsed time = 00:00:21, memory = 3066.29 (MB).
    Completing 80% with 9278 violations.
    elapsed time = 00:00:24, memory = 3149.48 (MB).
    Completing 90% with 9278 violations.
    elapsed time = 00:00:29, memory = 3473.78 (MB).
    Completing 100% with 12134 violations.
    elapsed time = 00:00:34, memory = 3128.37 (MB).
[INFO DRT-0199]   Number of violations = 15790.
Viol/Layer      metal1   via1 metal2   via2 metal3   via3 metal4   via4 metal5   via5 metal6   via6 metal7
Cut Spacing          0      3      0     15      0      0      0     41      0     13      0      0      0
Metal Spacing        0      0    847      0    133      0      9      0    254      0     27      0     66
NS Metal             0      0      0      0      0      0      0      0      0      0      0      0      1
Recheck             13      0   1447      0   1325      0     62      0    650      0    111      0     48
Short                0      2   7177     10   1792      3    142      8   1303      8    266      4     10
[INFO DRT-0267] cpu time = 00:13:21, elapsed time = 00:00:35, memory = 3513.43 (MB), peak = 3617.07 (MB)
Total wire length = 1645261 um.
Total wire length on LAYER metal1 = 0 um.
Total wire length on LAYER metal2 = 376955 um.
Total wire length on LAYER metal3 = 536390 um.
Total wire length on LAYER metal4 = 210502 um.
Total wire length on LAYER metal5 = 366424 um.
Total wire length on LAYER metal6 = 127140 um.
Total wire length on LAYER metal7 = 19897 um.
Total wire length on LAYER metal8 = 4771 um.
Total wire length on LAYER metal9 = 2791 um.
Total wire length on LAYER metal10 = 387 um.
Total number of vias = 281908.
Up-via summary (total 281908):

-----------------
 active         0
 metal1    118985
 metal2    136908
 metal3     11811
 metal4      7737
 metal5      5432
 metal6       901
 metal7       103
 metal8        27
 metal9         4
-----------------
       281908


[INFO DRT-0195] Start 1st optimization iteration.
    Completing 10% with 15790 violations.
    elapsed time = 00:00:01, memory = 3900.91 (MB).
    Completing 20% with 15790 violations.
    elapsed time = 00:00:05, memory = 3608.37 (MB).
    Completing 30% with 13180 violations.
    elapsed time = 00:00:07, memory = 3540.04 (MB).
    Completing 40% with 13180 violations.
    elapsed time = 00:00:11, memory = 3860.17 (MB).
    Completing 50% with 13180 violations.
    elapsed time = 00:00:13, memory = 3631.07 (MB).
    Completing 60% with 10698 violations.
    elapsed time = 00:00:16, memory = 3823.02 (MB).
    Completing 70% with 10698 violations.
    elapsed time = 00:00:20, memory = 3739.55 (MB).
    Completing 80% with 7960 violations.
    elapsed time = 00:00:22, memory = 3631.10 (MB).
    Completing 90% with 7960 violations.
    elapsed time = 00:00:26, memory = 3984.15 (MB).
    Completing 100% with 5205 violations.
    elapsed time = 00:00:30, memory = 3643.89 (MB).
[INFO DRT-0199]   Number of violations = 5205.
Viol/Layer        via1 metal2   via2 metal3 metal4   via4 metal5   via5 metal6
Cut Spacing          5      0      7      0      0      6      0      1      0
Metal Spacing        0    753      0     55      6      0     33      0      5
Short                0   3393      0    567     13      0    285      0     76
[INFO DRT-0267] cpu time = 00:11:53, elapsed time = 00:00:31, memory = 3641.04 (MB), peak = 4187.71 (MB)
Total wire length = 1640597 um.
Total wire length on LAYER metal1 = 0 um.
Total wire length on LAYER metal2 = 374643 um.
Total wire length on LAYER metal3 = 535392 um.
Total wire length on LAYER metal4 = 210571 um.
Total wire length on LAYER metal5 = 365090 um.
Total wire length on LAYER metal6 = 126473 um.
Total wire length on LAYER metal7 = 20444 um.
Total wire length on LAYER metal8 = 4805 um.
Total wire length on LAYER metal9 = 2788 um.
Total wire length on LAYER metal10 = 388 um.
Total number of vias = 278958.
Up-via summary (total 278958):

-----------------
 active         0
 metal1    118977
 metal2    135145
 metal3     11903
 metal4      7794
 metal5      4507
 metal6       500
 metal7       101
 metal8        27
 metal9         4
-----------------
       278958


[INFO DRT-0195] Start 2nd optimization iteration.
    Completing 10% with 5205 violations.
    elapsed time = 00:00:00, memory = 3776.02 (MB).
    Completing 20% with 5205 violations.
    elapsed time = 00:00:04, memory = 3860.99 (MB).
    Completing 30% with 5017 violations.
    elapsed time = 00:00:06, memory = 3623.18 (MB).
    Completing 40% with 5017 violations.
    elapsed time = 00:00:09, memory = 3922.07 (MB).
    Completing 50% with 5017 violations.
    elapsed time = 00:00:11, memory = 3712.71 (MB).
    Completing 60% with 4772 violations.
    elapsed time = 00:00:13, memory = 3753.50 (MB).
    Completing 70% with 4772 violations.
    elapsed time = 00:00:17, memory = 3784.29 (MB).
    Completing 80% with 4542 violations.
    elapsed time = 00:00:19, memory = 3645.38 (MB).
    Completing 90% with 4542 violations.
    elapsed time = 00:00:22, memory = 3954.16 (MB).
    Completing 100% with 4321 violations.
    elapsed time = 00:00:25, memory = 3646.21 (MB).
[INFO DRT-0199]   Number of violations = 4321.
Viol/Layer        via1 metal2   via2 metal3 metal4   via4 metal5 metal6
Cut Spacing         16      0      6      0      0      4      0      0
Metal Spacing        0    661      0     50      7      0      0      2
Short                0   2937      0    489     19      0     96     34
[INFO DRT-0267] cpu time = 00:09:35, elapsed time = 00:00:26, memory = 3646.21 (MB), peak = 4187.71 (MB)
Total wire length = 1639631 um.
Total wire length on LAYER metal1 = 0 um.
Total wire length on LAYER metal2 = 373803 um.
Total wire length on LAYER metal3 = 535419 um.
Total wire length on LAYER metal4 = 210619 um.
Total wire length on LAYER metal5 = 364966 um.
Total wire length on LAYER metal6 = 126361 um.
Total wire length on LAYER metal7 = 20396 um.
Total wire length on LAYER metal8 = 4886 um.
Total wire length on LAYER metal9 = 2788 um.
Total wire length on LAYER metal10 = 390 um.
Total number of vias = 277978.
Up-via summary (total 277978):

-----------------
 active         0
 metal1    118982
 metal2    134264
 metal3     11942
 metal4      7780
 metal5      4407
 metal6       471
 metal7       101
 metal8        27
 metal9         4
-----------------
       277978


[INFO DRT-0195] Start 3rd optimization iteration.
    Completing 10% with 4321 violations.
    elapsed time = 00:00:00, memory = 3871.34 (MB).
    Completing 20% with 4321 violations.
    elapsed time = 00:00:01, memory = 3874.81 (MB).
    Completing 30% with 3329 violations.
    elapsed time = 00:00:03, memory = 3673.08 (MB).
    Completing 40% with 3329 violations.
    elapsed time = 00:00:04, memory = 3887.07 (MB).
    Completing 50% with 3329 violations.
    elapsed time = 00:00:08, memory = 3680.54 (MB).
    Completing 60% with 2275 violations.
    elapsed time = 00:00:09, memory = 4049.88 (MB).
    Completing 70% with 2275 violations.
    elapsed time = 00:00:10, memory = 3884.04 (MB).
    Completing 80% with 1227 violations.
    elapsed time = 00:00:14, memory = 3680.71 (MB).
    Completing 90% with 1227 violations.
    elapsed time = 00:00:16, memory = 3951.90 (MB).
    Completing 100% with 227 violations.
    elapsed time = 00:00:20, memory = 3681.12 (MB).
[INFO DRT-0199]   Number of violations = 227.
Viol/Layer        via1 metal2   via2 metal3 metal4 metal5 metal6
Cut Spacing          1      0      9      0      0      0      0
Metal Spacing        0     39      0     13      0      0      0
Short                0     98      1     49      2      8      7
[INFO DRT-0267] cpu time = 00:04:40, elapsed time = 00:00:20, memory = 3681.12 (MB), peak = 4187.71 (MB)
Total wire length = 1639857 um.
Total wire length on LAYER metal1 = 0 um.
Total wire length on LAYER metal2 = 366071 um.
Total wire length on LAYER metal3 = 536128 um.
Total wire length on LAYER metal4 = 217699 um.
Total wire length on LAYER metal5 = 364873 um.
Total wire length on LAYER metal6 = 126372 um.
Total wire length on LAYER metal7 = 20611 um.
Total wire length on LAYER metal8 = 4921 um.
Total wire length on LAYER metal9 = 2788 um.
Total wire length on LAYER metal10 = 390 um.
Total number of vias = 282155.
Up-via summary (total 282155):

-----------------
 active         0
 metal1    118980
 metal2    136192
 metal3     13923
 metal4      7868
 metal5      4501
 metal6       547
 metal7       113
 metal8        27
 metal9         4
-----------------
       282155


[INFO DRT-0195] Start 4th optimization iteration.
    Completing 10% with 227 violations.
    elapsed time = 00:00:00, memory = 3681.12 (MB).
    Completing 20% with 227 violations.
    elapsed time = 00:00:00, memory = 3681.12 (MB).
    Completing 30% with 170 violations.
    elapsed time = 00:00:00, memory = 3681.12 (MB).
    Completing 40% with 170 violations.
    elapsed time = 00:00:00, memory = 3681.12 (MB).
    Completing 50% with 170 violations.
    elapsed time = 00:00:00, memory = 3681.12 (MB).
    Completing 60% with 148 violations.
    elapsed time = 00:00:04, memory = 3681.34 (MB).
    Completing 70% with 148 violations.
    elapsed time = 00:00:04, memory = 3681.34 (MB).
    Completing 80% with 41 violations.
    elapsed time = 00:00:04, memory = 3681.34 (MB).
    Completing 90% with 41 violations.
    elapsed time = 00:00:04, memory = 3681.34 (MB).
    Completing 100% with 12 violations.
    elapsed time = 00:00:05, memory = 3681.34 (MB).
[INFO DRT-0199]   Number of violations = 12.
Viol/Layer      metal2 metal3
Metal Spacing        1      0
Short                9      2
[INFO DRT-0267] cpu time = 00:00:17, elapsed time = 00:00:05, memory = 3681.34 (MB), peak = 4187.71 (MB)
Total wire length = 1639834 um.
Total wire length on LAYER metal1 = 0 um.
Total wire length on LAYER metal2 = 365857 um.
Total wire length on LAYER metal3 = 536133 um.
Total wire length on LAYER metal4 = 217936 um.
Total wire length on LAYER metal5 = 364840 um.
Total wire length on LAYER metal6 = 126344 um.
Total wire length on LAYER metal7 = 20622 um.
Total wire length on LAYER metal8 = 4921 um.
Total wire length on LAYER metal9 = 2788 um.
Total wire length on LAYER metal10 = 390 um.
Total number of vias = 282169.
Up-via summary (total 282169):

-----------------
 active         0
 metal1    118978
 metal2    136175
 metal3     13953
 metal4      7864
 metal5      4506
 metal6       549
 metal7       113
 metal8        27
 metal9         4
-----------------
       282169


[INFO DRT-0195] Start 5th guides tiles iteration.
    Completing 50% with 12 violations.
    elapsed time = 00:00:02, memory = 3681.34 (MB).
    Completing 100% with 0 violations.
    elapsed time = 00:00:03, memory = 3681.34 (MB).
[INFO DRT-0199]   Number of violations = 0.
[INFO DRT-0267] cpu time = 00:00:04, elapsed time = 00:00:03, memory = 3681.34 (MB), peak = 4187.71 (MB)
Total wire length = 1639833 um.
Total wire length on LAYER metal1 = 0 um.
Total wire length on LAYER metal2 = 365690 um.
Total wire length on LAYER metal3 = 536145 um.
Total wire length on LAYER metal4 = 218081 um.
Total wire length on LAYER metal5 = 364840 um.
Total wire length on LAYER metal6 = 126353 um.
Total wire length on LAYER metal7 = 20622 um.
Total wire length on LAYER metal8 = 4921 um.
Total wire length on LAYER metal9 = 2788 um.
Total wire length on LAYER metal10 = 390 um.
Total number of vias = 282189.
Up-via summary (total 282189):

-----------------
 active         0
 metal1    118978
 metal2    136182
 metal3     13962
 metal4      7866
 metal5      4508
 metal6       549
 metal7       113
 metal8        27
 metal9         4
-----------------
       282189


[INFO DRT-0198] Complete detail routing.
Total wire length = 1639833 um.
Total wire length on LAYER metal1 = 0 um.
Total wire length on LAYER metal2 = 365690 um.
Total wire length on LAYER metal3 = 536145 um.
Total wire length on LAYER metal4 = 218081 um.
Total wire length on LAYER metal5 = 364840 um.
Total wire length on LAYER metal6 = 126353 um.
Total wire length on LAYER metal7 = 20622 um.
Total wire length on LAYER metal8 = 4921 um.
Total wire length on LAYER metal9 = 2788 um.
Total wire length on LAYER metal10 = 390 um.
Total number of vias = 282189.
Up-via summary (total 282189):

-----------------
 active         0
 metal1    118978
 metal2    136182
 metal3     13962
 metal4      7866
 metal5      4508
 metal6       549
 metal7       113
 metal8        27
 metal9         4
-----------------
       282189


[INFO DRT-0267] cpu time = 00:39:52, elapsed time = 00:02:03, memory = 3681.34 (MB), peak = 4187.71 (MB)

[INFO DRT-0180] Post processing.
[INFO DRT-0501] Runtime: 140.67s
Took 141 seconds: detailed_route -output_drc /tmp/workspace/scripts-Private_test-fr_cugr_cmp-1-/reports/nangate45/bp_fe/base/5_route_drc.rpt -output_maze /tmp/workspace/scripts-Private_test-fr_cugr_cmp-1-/results/nangate45/bp_fe/base/maze.log -droute_end_iter 64 -verbose 1 -drc_report_iter_step 5
[WARNING GRT-0246] No diode with LEF class CORE ANTENNACELL found.
[INFO ANT-0002] Found 0 net violations.
[INFO ANT-0001] Found 0 pin violations.
[INFO ANT-0002] Found 0 net violations.
[INFO ANT-0001] Found 0 pin violations.
Design area 218526 um^2 48% utilization.
write_db /tmp/workspace/scripts-Private_test-fr_cugr_cmp-1-/results/nangate45/bp_fe/base/5_2_route.odb
Elapsed time: 2:25.89[h:]min:sec. CPU time: user 2700.42 sys 3.76 (1853%). Peak memory: 4288216KB.
Log                       Ext     Elapsed/s Peak Memory/MB sha1sum result [0:20)
5_2_route                 .odb          145           4187 7c72742e300e8fc6b186
/OpenROAD-flow-scripts/flow/scripts/flow.sh 5_3_fillcell fillcell
Running fillcell.tcl, stage 5_3_fillcell
read_liberty ./platforms/nangate45/lib/NangateOpenCellLibrary_typical.lib
read_liberty ./platforms/nangate45/lib/fakeram45_512x64.lib
read_liberty ./platforms/nangate45/lib/fakeram45_64x7.lib
read_liberty ./platforms/nangate45/lib/fakeram45_64x96.lib
read_db /tmp/workspace/scripts-Private_test-fr_cugr_cmp-1-/results/nangate45/bp_fe/base/5_2_route.odb
read_sdc /tmp/workspace/scripts-Private_test-fr_cugr_cmp-1-/results/nangate45/bp_fe/base/5_1_grt.sdc
source ./platforms/nangate45/setRC.tcl
[WARNING STA-0450] virtual clock vclk can not be propagated.
filler_placement "FILLCELL_X1 FILLCELL_X2 FILLCELL_X4 FILLCELL_X8 FILLCELL_X16 FILLCELL_X32"
[INFO DPL-0001] Placed 73047 filler instances.
Design area 218526 um^2 48% utilization.
write_db /tmp/workspace/scripts-Private_test-fr_cugr_cmp-1-/results/nangate45/bp_fe/base/5_3_fillcell.odb
Elapsed time: 0:01.53[h:]min:sec. CPU time: user 1.29 sys 0.24 (100%). Peak memory: 371216KB.
Log                       Ext     Elapsed/s Peak Memory/MB sha1sum result [0:20)
5_3_fillcell              .odb            1            362 e36d0736c6c1a2628ac3
cp /tmp/workspace/scripts-Private_test-fr_cugr_cmp-1-/results/nangate45/bp_fe/base/5_3_fillcell.odb /tmp/workspace/scripts-Private_test-fr_cugr_cmp-1-/results/nangate45/bp_fe/base/5_route.odb
cp /tmp/workspace/scripts-Private_test-fr_cugr_cmp-1-/results/nangate45/bp_fe/base/5_1_grt.sdc /tmp/workspace/scripts-Private_test-fr_cugr_cmp-1-/results/nangate45/bp_fe/base/5_route.sdc
/OpenROAD-flow-scripts/flow/scripts/flow.sh 6_1_fill density_fill
Running density_fill.tcl, stage 6_1_fill
read_liberty ./platforms/nangate45/lib/NangateOpenCellLibrary_typical.lib
read_liberty ./platforms/nangate45/lib/fakeram45_512x64.lib
read_liberty ./platforms/nangate45/lib/fakeram45_64x7.lib
read_liberty ./platforms/nangate45/lib/fakeram45_64x96.lib
read_db /tmp/workspace/scripts-Private_test-fr_cugr_cmp-1-/results/nangate45/bp_fe/base/5_route.odb
read_sdc /tmp/workspace/scripts-Private_test-fr_cugr_cmp-1-/results/nangate45/bp_fe/base/5_route.sdc
source ./platforms/nangate45/setRC.tcl
exec cp /tmp/workspace/scripts-Private_test-fr_cugr_cmp-1-/results/nangate45/bp_fe/base/5_route.odb /tmp/workspace/scripts-Private_test-fr_cugr_cmp-1-/results/nangate45/bp_fe/base/6_1_fill.odb
Elapsed time: 0:00.81[h:]min:sec. CPU time: user 0.66 sys 0.15 (100%). Peak memory: 239176KB.
Log                       Ext     Elapsed/s Peak Memory/MB sha1sum result [0:20)
6_1_fill                  .odb            0            233 e36d0736c6c1a2628ac3
cp /tmp/workspace/scripts-Private_test-fr_cugr_cmp-1-/results/nangate45/bp_fe/base/5_route.sdc /tmp/workspace/scripts-Private_test-fr_cugr_cmp-1-/results/nangate45/bp_fe/base/6_1_fill.sdc
/OpenROAD-flow-scripts/flow/scripts/flow.sh 6_report final_report
Running final_report.tcl, stage 6_report
read_liberty ./platforms/nangate45/lib/NangateOpenCellLibrary_typical.lib
read_liberty ./platforms/nangate45/lib/fakeram45_512x64.lib
read_liberty ./platforms/nangate45/lib/fakeram45_64x7.lib
read_liberty ./platforms/nangate45/lib/fakeram45_64x96.lib
read_db /tmp/workspace/scripts-Private_test-fr_cugr_cmp-1-/results/nangate45/bp_fe/base/6_1_fill.odb
read_sdc /tmp/workspace/scripts-Private_test-fr_cugr_cmp-1-/results/nangate45/bp_fe/base/6_1_fill.sdc
source ./platforms/nangate45/setRC.tcl
[WARNING STA-0450] virtual clock vclk can not be propagated.
write_db /tmp/workspace/scripts-Private_test-fr_cugr_cmp-1-/results/nangate45/bp_fe/base/6_final.odb
write_sdc -no_timestamp /tmp/workspace/scripts-Private_test-fr_cugr_cmp-1-/results/nangate45/bp_fe/base/6_final.sdc
Deleted 0 routing obstructions
[INFO RCX-0431] Defined process_corner X with ext_model_index 0
[INFO RCX-0029] Defined extraction corner X
[WARNING RCX-0514] The ext_model_file option is deprecated. Use set_extraction_rules_file command instead.
[INFO RCX-0435] Reading extraction model file ./platforms/nangate45/rcx_patterns.rules ...
[INFO RCX-0436] RC segment generation bp_fe_top (max_merge_res 50.0) ...
[INFO RCX-0040] Final 187218 rc segments
[INFO RCX-0439] Coupling Cap extraction bp_fe_top ...
[INFO RCX-0440] Coupling threshhold is 0.1000 fF, coupling capacitance less than 0.1000 fF will be grounded.
[INFO RCX-0442] 11% of 294320 wires extracted
[INFO RCX-0442] 28% of 294320 wires extracted
[INFO RCX-0442] 42% of 294320 wires extracted
[INFO RCX-0442] 48% of 294320 wires extracted
[INFO RCX-0442] 57% of 294320 wires extracted
[INFO RCX-0442] 77% of 294320 wires extracted
[INFO RCX-0442] 92% of 294320 wires extracted
[INFO RCX-0442] 100% of 294320 wires extracted
[INFO RCX-0045] Extract 40588 nets, 223453 rsegs, 223453 caps, 487645 ccs
[INFO RCX-0443] 40588 nets finished
[INFO PSM-0040] All shapes on net VDD are connected.
########## IR report #################
Net              : VDD
Corner           : default
Total power      : 1.42e-01 W
Supply voltage   : 1.10e+00 V
Worstcase voltage: 1.09e+00 V
Average voltage  : 1.10e+00 V
Average IR drop  : 1.78e-03 V
Worstcase IR drop: 7.78e-03 V
Percentage drop  : 0.71 %
######################################
[INFO PSM-0040] All shapes on net VSS are connected.
########## IR report #################
Net              : VSS
Corner           : default
Total power      : 1.42e-01 W
Supply voltage   : 0.00e+00 V
Worstcase voltage: 1.07e-02 V
Average voltage  : 1.88e-03 V
Average IR drop  : 1.88e-03 V
Worstcase IR drop: 1.07e-02 V
Percentage drop  : 0.97 %
######################################
Cell type report:                        Count        Area
  Macro                                     11   160975.22
  Fill cell                              73047   222027.01
  Tap cell                                2891      769.01
  Clock buffer                            1128     1341.70
  Timing Repair Buffer                    3767     4690.11
  Inverter                                1596      856.52
  Clock inverter                           256      170.77
  Sequential cell                         4315    19525.20
  Multi-Input combinational cell         23787    30197.65
  Total                                 110798   440553.19
Report metrics stage 6, finish...

==========================================================================
finish report_design_area
--------------------------------------------------------------------------
Design area 218526 um^2 48% utilization.
[WARNING GUI-0076] QStandardPaths: XDG_RUNTIME_DIR not set, defaulting to '/tmp/runtime-root'
Elapsed time: 0:44.25[h:]min:sec. CPU time: user 56.19 sys 23.98 (181%). Peak memory: 1034308KB.
Log                       Ext     Elapsed/s Peak Memory/MB sha1sum result [0:20)
6_report                                 44           1010                  N/A
cp ./platforms/nangate45/lef/NangateOpenCellLibrary.tech.lef /tmp/workspace/scripts-Private_test-fr_cugr_cmp-1-/objects/nangate45/bp_fe/base/klayout_tech.lef
/usr/bin/python3 /OpenROAD-flow-scripts/flow/util/generate_klayout_tech.py \
	--template ./platforms/nangate45/FreePDK45.lyt \
	--output /tmp/workspace/scripts-Private_test-fr_cugr_cmp-1-/objects/nangate45/bp_fe/base/klayout.lyt \
	--lef-files /tmp/workspace/scripts-Private_test-fr_cugr_cmp-1-/objects/nangate45/bp_fe/base/klayout_tech.lef ./platforms/nangate45/lef/NangateOpenCellLibrary.macro.mod.lef ./platforms/nangate45/lef/fakeram45_512x64.lef ./platforms/nangate45/lef/fakeram45_64x7.lef ./platforms/nangate45/lef/fakeram45_64x96.lef   \
	--map-files 
/usr/bin/python3 /OpenROAD-flow-scripts/flow/scripts/run_command.py --log /tmp/workspace/scripts-Private_test-fr_cugr_cmp-1-/logs/nangate45/bp_fe/base/6_1_merge.log --tee -- \
        /OpenROAD-flow-scripts/flow/scripts/klayout.sh -zz -rd design_name=bp_fe_top \
        -rd in_def=/tmp/workspace/scripts-Private_test-fr_cugr_cmp-1-/results/nangate45/bp_fe/base/6_final.def \
        -rd in_files="./platforms/nangate45/gds/NangateOpenCellLibrary.gds  " \
        -rd seal_file="" \
        -rd out_file=/tmp/workspace/scripts-Private_test-fr_cugr_cmp-1-/results/nangate45/bp_fe/base/6_1_merged.gds \
        -rd tech_file=/tmp/workspace/scripts-Private_test-fr_cugr_cmp-1-/objects/nangate45/bp_fe/base/klayout.lyt \
        -rd layer_map= \
        -r /OpenROAD-flow-scripts/flow/util/def2stream.py
KLayout 0.30.7
Warning: DEF UNITS does not match reader DBU (DEF UNITS is 2000 and corresponds to a DBU of 0.0005, but reader DBU is set to 0.0001) (line=5, cell=, file=6_final.def)
[INFO] Reporting cells prior to loading DEF ...
	./platforms/nangate45/gds/NangateOpenCellLibrary.gds
[INFO] GDS_ALLOW_EMPTY=fakeram.*
[WARNING] LEF Cell 'fakeram45_512x64' ignored. Matches GDS_ALLOW_EMPTY.
[WARNING] LEF Cell 'fakeram45_64x7' ignored. Matches GDS_ALLOW_EMPTY.
[WARNING] LEF Cell 'fakeram45_64x96' ignored. Matches GDS_ALLOW_EMPTY.
[INFO] No orphan cells in the final layout
Elapsed time: 0:03.66[h:]min:sec. CPU time: user 3.38 sys 0.27 (99%). Peak memory: 626180KB.
cp /tmp/workspace/scripts-Private_test-fr_cugr_cmp-1-/results/nangate45/bp_fe/base/6_1_merged.gds /tmp/workspace/scripts-Private_test-fr_cugr_cmp-1-/results/nangate45/bp_fe/base/6_final.gds
/tmp/workspace/scripts-Private_test-fr_cugr_cmp-1-/logs/nangate45/bp_fe/base
Log                       Ext     Elapsed/s Peak Memory/MB sha1sum result [0:20)
1_1_yosys_canonicalize    .rtlil          1            110 282cefc5a68cd367daee
1_2_yosys                 .v             42            153 9eaaba1fabff70a46490
1_2_yosys                 .sdc                             5b140c6f6c0f8c23ed0f
1_synth                   .odb            0            202 daec19e5eac924d0dc61
1_synth                   .sdc                             97009b6b5bd858428bbd
2_1_floorplan             .odb            7            264 a76d972178f1724e4e39
2_1_floorplan             .sdc                             97009b6b5bd858428bbd
2_2_floorplan_macro       .odb           19            294 ab50013dc2abbb5affaa
2_3_floorplan_tapcell     .odb            0            154 52eaea13c39d55a45d37
2_4_floorplan_pdn         .odb            1            199 446f5b0470dce1b5e06a
3_1_place_gp_skip_io      .odb            8            251 f95b03d7b93510c1cb58
3_2_place_iop             .odb            0            182 b62c53cbab32fc9f018c
3_3_place_gp              .odb          124            754 7b994c17b58092658d88
3_4_place_resized         .odb           44            393 9aac595ff5c0391e8d57
3_5_place_dp              .odb           19            407 74e8d5ff4570528b33cc
4_1_cts                   .odb           47            432 42c71e551cf8538bfa7e
5_1_grt                   .odb           56           1048 bfc05d0d56c6f765142f
5_1_grt                   .sdc                             3c90b3a2498aed7ac2f6
5_2_route                 .odb          145           4187 7c72742e300e8fc6b186
5_3_fillcell              .odb            1            362 e36d0736c6c1a2628ac3
6_1_fill                  .odb            0            233 e36d0736c6c1a2628ac3
6_1_fill                  .sdc                             3c90b3a2498aed7ac2f6
6_1_merge                                 3            611                  N/A
6_report                                 44           1010                  N/A
Total                                   561           4187                     
mkdir -p /tmp/workspace/scripts-Private_test-fr_cugr_cmp-1-/reports/nangate45/bp_fe/base
echo ./designs/nangate45/bp_fe_top > /tmp/workspace/scripts-Private_test-fr_cugr_cmp-1-/reports/nangate45/bp_fe/base/design-dir.txt
/usr/bin/python3 /OpenROAD-flow-scripts/flow/util/genMetrics.py -d bp_fe \
    -p nangate45 \
    -v base \
    --logs /tmp/workspace/scripts-Private_test-fr_cugr_cmp-1-/logs/nangate45/bp_fe/base \
    --reports /tmp/workspace/scripts-Private_test-fr_cugr_cmp-1-/reports/nangate45/bp_fe/base \
    --results /tmp/workspace/scripts-Private_test-fr_cugr_cmp-1-/results/nangate45/bp_fe/base \
    -o /tmp/workspace/scripts-Private_test-fr_cugr_cmp-1-/reports/nangate45/bp_fe/base/metadata.json 2>&1 \
    | tee /tmp/workspace/scripts-Private_test-fr_cugr_cmp-1-/reports/nangate45/bp_fe/base/metadata-generate.log
[WARN] not a git repo: /OpenROAD-flow-scripts/flow/util/../
[WARN] not a git repo: ./platforms/nangate45
[WARN] Tag globalroute__timing__clock__slack not found in /tmp/workspace/scripts-Private_test-fr_cugr_cmp-1-/logs/nangate45/bp_fe/base/5_1_grt.log. Will use N/A.
[WARN] Overwriting Tag synth__runtime__total
[WARN] Overwriting Tag synth__cpu__total
[WARN] Overwriting Tag synth__mem__peak
[WARN] Overwriting Tag finish__runtime__total
[WARN] Overwriting Tag finish__cpu__total
[WARN] Overwriting Tag finish__mem__peak
/usr/bin/python3 /OpenROAD-flow-scripts/flow/util/checkMetadata.py \
    -m /tmp/workspace/scripts-Private_test-fr_cugr_cmp-1-/reports/nangate45/bp_fe/base/metadata.json \
    -r ./designs/nangate45/bp_fe_top/rules-base.json 2>&1 \
    | tee /tmp/workspace/scripts-Private_test-fr_cugr_cmp-1-/reports/nangate45/bp_fe/base/metadata-check.log
[INFO] synth__canonical_netlist__hash pass test: 282cefc5a68cd367daee839a554276fd42914ae4 == 282cefc5a68cd367daee839a554276fd42914ae4
[INFO] synth__netlist__hash pass test: 9eaaba1fabff70a46490a76689ec642d3112ab3c == 9eaaba1fabff70a46490a76689ec642d3112ab3c
[INFO] synth__design__instance__area__stdcell pass test: 52960.1 <= 60900
[INFO] constraints__clocks__count pass test: 2 == 2
[INFO] placeopt__design__instance__area pass test: 216469 <= 244991
[INFO] placeopt__design__instance__count__stdcell pass test: 36100 <= 38771
[INFO] detailedplace__design__violations pass test: 0 == 0
[INFO] cts__design__instance__count__setup_buffer pass test: 92 <= 3371
[INFO] cts__design__instance__count__hold_buffer pass test: 0 <= 3371
[INFO] cts__timing__setup__ws pass test: -0.0130844 >= -0.09
[INFO] cts__timing__setup__tns pass test: -0.0210694 >= -0.369
[INFO] cts__timing__hold__ws pass test: 0.0794983 >= 0
[INFO] cts__timing__hold__tns pass test: 0 >= 0
[INFO] globalroute__antenna_diodes_count pass test: 0 <= 0
[INFO] globalroute__timing__setup__ws pass test: -0.00947553 >= -0.09
[INFO] globalroute__timing__setup__tns pass test: -0.0118132 >= -0.36
[INFO] globalroute__timing__hold__ws pass test: 0.0865049 >= 0
[INFO] globalroute__timing__hold__tns pass test: 0 >= 0
[INFO] detailedroute__route__wirelength pass test: 1639833 <= 1673870
[INFO] detailedroute__route__drc_errors pass test: 0 <= 0
[INFO] detailedroute__antenna__violating__nets pass test: 0 <= 0
[INFO] detailedroute__antenna_diodes_count pass test: 0 <= 5
[INFO] finish__timing__setup__ws pass test: -0.0634535 >= -0.131
[INFO] finish__timing__setup__tns pass test: -1.86745 >= -5.17
[INFO] finish__timing__hold__ws pass test: 0.0875935 >= -0.002
[INFO] finish__timing__hold__tns pass test: 0 >= -0.003
[INFO] finish__design__instance__area pass test: 218526 <= 247483
Metadata check warnings: 0
All metadata rules passed (27 rules)
/OpenROAD-flow-scripts/flow/util/makeIssue.sh /tmp/workspace/scripts-Private_test-fr_cugr_cmp-1-/final_report
Creating issue for target final_report in /tmp/workspace/scripts-Private_test-fr_cugr_cmp-1-
Archiving issue to /tmp/workspace/scripts-Private_test-fr_cugr_cmp-1-/final_report_bp_fe_nangate45_base_2026-08-20_04-25.tar.gz
Using gzip to compress tar file
tar: Removing leading `/' from member names
tar: Removing leading `/' from hard link targets
