rm -f /tmp/workspace/scripts-Private_test-fr_cugr_cmp-1-/results/nangate45/dynamic_node/base/1_* /tmp/workspace/scripts-Private_test-fr_cugr_cmp-1-/results/nangate45/dynamic_node/base/mem*.json
rm -rf /tmp/workspace/scripts-Private_test-fr_cugr_cmp-1-/results/nangate45/dynamic_node/base/memories
rm -f /tmp/workspace/scripts-Private_test-fr_cugr_cmp-1-/reports/nangate45/dynamic_node/base/synth_*
rm -f /tmp/workspace/scripts-Private_test-fr_cugr_cmp-1-/logs/nangate45/dynamic_node/base/1_*
rm -f 
rm -f /tmp/workspace/scripts-Private_test-fr_cugr_cmp-1-/results/nangate45/dynamic_node/base/clock_period.txt
rm -f /tmp/workspace/scripts-Private_test-fr_cugr_cmp-1-/results/nangate45/dynamic_node/base/2_*floorplan*.odb /tmp/workspace/scripts-Private_test-fr_cugr_cmp-1-/results/nangate45/dynamic_node/base/2_floorplan.sdc /tmp/workspace/scripts-Private_test-fr_cugr_cmp-1-/results/nangate45/dynamic_node/base/2_*.v /tmp/workspace/scripts-Private_test-fr_cugr_cmp-1-/results/nangate45/dynamic_node/base/2_*.def
rm -f /tmp/workspace/scripts-Private_test-fr_cugr_cmp-1-/reports/nangate45/dynamic_node/base/2_*
rm -f /tmp/workspace/scripts-Private_test-fr_cugr_cmp-1-/logs/nangate45/dynamic_node/base/2_*
rm -f /tmp/workspace/scripts-Private_test-fr_cugr_cmp-1-/results/nangate45/dynamic_node/base/3_*place*.odb
rm -f /tmp/workspace/scripts-Private_test-fr_cugr_cmp-1-/results/nangate45/dynamic_node/base/3_place.sdc
rm -f /tmp/workspace/scripts-Private_test-fr_cugr_cmp-1-/results/nangate45/dynamic_node/base/3_*.def /tmp/workspace/scripts-Private_test-fr_cugr_cmp-1-/results/nangate45/dynamic_node/base/3_*.v
rm -f /tmp/workspace/scripts-Private_test-fr_cugr_cmp-1-/reports/nangate45/dynamic_node/base/3_*
rm -f /tmp/workspace/scripts-Private_test-fr_cugr_cmp-1-/logs/nangate45/dynamic_node/base/3_*
rm -rf /tmp/workspace/scripts-Private_test-fr_cugr_cmp-1-/results/nangate45/dynamic_node/base/4_*cts*.odb /tmp/workspace/scripts-Private_test-fr_cugr_cmp-1-/results/nangate45/dynamic_node/base/4_cts.sdc /tmp/workspace/scripts-Private_test-fr_cugr_cmp-1-/results/nangate45/dynamic_node/base/4_*.v /tmp/workspace/scripts-Private_test-fr_cugr_cmp-1-/results/nangate45/dynamic_node/base/4_*.def
rm -f  /tmp/workspace/scripts-Private_test-fr_cugr_cmp-1-/reports/nangate45/dynamic_node/base/4_*
rm -rf /tmp/workspace/scripts-Private_test-fr_cugr_cmp-1-/logs/nangate45/dynamic_node/base/4_*
rm -rf /tmp/workspace/scripts-Private_test-fr_cugr_cmp-1-/results/nangate45/dynamic_node/base/route.guide /tmp/workspace/scripts-Private_test-fr_cugr_cmp-1-/results/nangate45/dynamic_node/base/output_guide.mod /tmp/workspace/scripts-Private_test-fr_cugr_cmp-1-/results/nangate45/dynamic_node/base/updated_clks.sdc
rm -rf /tmp/workspace/scripts-Private_test-fr_cugr_cmp-1-/results/nangate45/dynamic_node/base/5_*.odb /tmp/workspace/scripts-Private_test-fr_cugr_cmp-1-/results/nangate45/dynamic_node/base/5_route.sdc /tmp/workspace/scripts-Private_test-fr_cugr_cmp-1-/results/nangate45/dynamic_node/base/5_*.def /tmp/workspace/scripts-Private_test-fr_cugr_cmp-1-/results/nangate45/dynamic_node/base/5_*.v
rm -f  /tmp/workspace/scripts-Private_test-fr_cugr_cmp-1-/reports/nangate45/dynamic_node/base/5_*
rm -f  /tmp/workspace/scripts-Private_test-fr_cugr_cmp-1-/logs/nangate45/dynamic_node/base/5_*
rm -rf /tmp/workspace/scripts-Private_test-fr_cugr_cmp-1-/results/nangate45/dynamic_node/base/6_*.gds /tmp/workspace/scripts-Private_test-fr_cugr_cmp-1-/results/nangate45/dynamic_node/base/6_*.oas /tmp/workspace/scripts-Private_test-fr_cugr_cmp-1-/results/nangate45/dynamic_node/base/6_*.odb /tmp/workspace/scripts-Private_test-fr_cugr_cmp-1-/results/nangate45/dynamic_node/base/6_*.v /tmp/workspace/scripts-Private_test-fr_cugr_cmp-1-/results/nangate45/dynamic_node/base/6_*.def /tmp/workspace/scripts-Private_test-fr_cugr_cmp-1-/results/nangate45/dynamic_node/base/6_*.sdc /tmp/workspace/scripts-Private_test-fr_cugr_cmp-1-/results/nangate45/dynamic_node/base/6_*.spef
rm -rf /tmp/workspace/scripts-Private_test-fr_cugr_cmp-1-/reports/nangate45/dynamic_node/base/6_*.rpt
rm -f  /tmp/workspace/scripts-Private_test-fr_cugr_cmp-1-/logs/nangate45/dynamic_node/base/6_*
rm -f /tmp/workspace/scripts-Private_test-fr_cugr_cmp-1-/reports/nangate45/dynamic_node/base/design-dir.txt
rm -f /tmp/workspace/scripts-Private_test-fr_cugr_cmp-1-/reports/nangate45/dynamic_node/base/metadata*.*
rm -f /tmp/workspace/scripts-Private_test-fr_cugr_cmp-1-/results/nangate45/dynamic_node/base/dynamic_node_top_wrap.lib /tmp/workspace/scripts-Private_test-fr_cugr_cmp-1-/results/nangate45/dynamic_node/base/dynamic_node_top_wrap.lef
rm -rf /tmp/workspace/scripts-Private_test-fr_cugr_cmp-1-/objects/nangate45/dynamic_node/base
make: Nothing to be done for 'clean_metadata'.
OpenROAD 26Q3-1464-gb22abfea20 
Features included (+) or not (-): +GPU +GUI +Python
This program is licensed under the BSD-3 license. See the LICENSE file for details.
Components of this program may be licensed under more restrictive licenses which must be honored.
[INFO ORD-0030] Using 30 thread(s).
mkdir -p /tmp/workspace/scripts-Private_test-fr_cugr_cmp-1-/objects/nangate45/dynamic_node/base
/OpenROAD-flow-scripts/flow/scripts/flow.sh 1_synth synth_syn
Running synth_syn.tcl, stage 1_synth
read_liberty ./platforms/nangate45/lib/NangateOpenCellLibrary_typical.lib
read_lef ./platforms/nangate45/lef/NangateOpenCellLibrary.tech.lef
[INFO ODB-0227] LEF file: ./platforms/nangate45/lef/NangateOpenCellLibrary.tech.lef, created 22 layers, 27 vias
read_lef ./platforms/nangate45/lef/NangateOpenCellLibrary.macro.mod.lef
[INFO ODB-0227] LEF file: ./platforms/nangate45/lef/NangateOpenCellLibrary.macro.mod.lef, created 135 library cells
set_dont_use "TAPCELL_X1 FILLCELL_X1 AOI211_X1 OAI211_X1"
sv_elaborate -D SYNTHESIS --compat=vcs --ignore-assertions --no-implicit-memories --top dynamic_node_top_wrap /OpenROAD-flow-scripts/flow/designs/src/dynamic_node/dynamic_node.pickle.v --std=1364-2005
Top level design units:
    dynamic_node_top_wrap

Build succeeded: 0 errors, 0 warnings
syn::stats
  adc: 45 cells, 1195 bits
  and: 145 cells, 145 bits
  dff: 121 cells, 2245 bits
  eq: 70 cells, 70 bits
  input: 20 cells, 362 bits
  mux: 2223 cells, 2223 bits
  name (tentative): 1531 cells, 0 bits
  not: 1129 cells, 1133 bits
  or: 109 cells, 109 bits
  output: 16 cells, 0 bits
  shl: 5 cells, 2048 bits
  slt: 10 cells, 10 bits
  ult: 30 cells, 30 bits
  ushr: 262 cells, 15710 bits
  total: 5716 cells, 25280 bits
synthesize
[INFO SYN-0056] liveness: replaced 0 register bits, 0 combinational bits
[INFO SYN-0020] abc_roundtrip: exported 31764 ANDs, 2607 CIs, 2569 COs
[1;37msyn     [0m : i/o =   2607/   2569  [1;36mand =   31764[0m  [1;35mlev =   34[0m [1;35m(9.22)[0m  mem = 0.44 MB
Simulating 4 words for 10 rounds. SAT solving with 1000000 conflicts.
cst =   31764  cls =      0  lit =   31764  unused =    2607  proof =     0
cst =     396  cls =    960  lit =    1578  unused =   31833  proof =     0
cst =     327  cls =    292  lit =     755  unused =   33324  proof =     0
cst =     307  cls =    270  lit =     712  unused =   33389  proof =     0
cst =     300  cls =    274  lit =     696  unused =   33401  proof =     0
cst =     298  cls =    273  lit =     692  unused =   33406  proof =     0
cst =     291  cls =    275  lit =     678  unused =   33418  proof =     0
cst =     289  cls =    272  lit =     672  unused =   33427  proof =     0
[1;37msyn     [0m : i/o =   2607/    345  [1;36mand =    6332[0m  [1;35mlev =   26[0m [1;35m(11.37)[0m  mem = 0.12 MB
SAT solver statistics:
CO =      345  AND =     6332  Conf = 1000000  MinVar =  2000  MinCalls =   200
Unsat calls    229  ( 66.38 %)   Ave conf =      4.2   Time =     0.01 sec ( 27.37 %)
Sat   calls    116  ( 33.62 %)   Ave conf =      0.6   Time =     0.01 sec ( 51.16 %)
Undef calls      0  (  0.00 %)   Ave conf =      0.0   Time =     0.00 sec (  0.00 %)
Total time =     0.02 sec
  1 : P =    196. D =     19. F =     0. M =       0. And =   31368. Time =     0.03 sec
[1;37msyn     [0m : i/o =   2607/    137  [1;36mand =    5129[0m  [1;35mlev =   28[0m [1;35m(16.23)[0m  mem = 0.10 MB
SAT solver statistics:
CO =      137  AND =     5129  Conf = 1000000  MinVar =  2000  MinCalls =   200
Unsat calls     35  ( 25.55 %)   Ave conf =      2.8   Time =     0.00 sec (  6.33 %)
Sat   calls    102  ( 74.45 %)   Ave conf =      0.7   Time =     0.01 sec ( 77.71 %)
Undef calls      0  (  0.00 %)   Ave conf =      0.0   Time =     0.00 sec (  0.00 %)
Total time =     0.02 sec
  2 : P =      0. D =      7. F =     0. M =       0. And =   31368. Time =     0.02 sec
[1;37msyn     [0m : i/o =   2607/    175  [1;36mand =    5343[0m  [1;35mlev =   31[0m [1;35m(17.95)[0m  mem = 0.10 MB
SAT solver statistics:
CO =      175  AND =     5343  Conf = 1000000  MinVar =  2000  MinCalls =   200
Unsat calls     29  ( 16.57 %)   Ave conf =      3.0   Time =     0.00 sec (  4.27 %)
Sat   calls    146  ( 83.43 %)   Ave conf =      1.4   Time =     0.02 sec ( 82.85 %)
Undef calls      0  (  0.00 %)   Ave conf =      0.0   Time =     0.00 sec (  0.00 %)
Total time =     0.03 sec
  3 : P =      0. D =     13. F =     0. M =       0. And =   31368. Time =     0.03 sec
[1;37msyn     [0m : i/o =   2607/    120  [1;36mand =    5345[0m  [1;35mlev =   32[0m [1;35m(20.38)[0m  mem = 0.10 MB
SAT solver statistics:
CO =      120  AND =     5345  Conf = 1000000  MinVar =  2000  MinCalls =   200
Unsat calls     28  ( 23.33 %)   Ave conf =      3.1   Time =     0.00 sec (  4.76 %)
Sat   calls     92  ( 76.67 %)   Ave conf =      1.6   Time =     0.01 sec ( 78.85 %)
Undef calls      0  (  0.00 %)   Ave conf =      0.0   Time =     0.00 sec (  0.00 %)
Total time =     0.02 sec
  4 : P =     12. D =     21. F =     0. M =       0. And =   31356. Time =     0.02 sec
[1;37msyn     [0m : i/o =   2607/     39  [1;36mand =    5073[0m  [1;35mlev =   32[0m [1;35m(24.72)[0m  mem = 0.10 MB
SAT solver statistics:
CO =       39  AND =     5073  Conf = 1000000  MinVar =  2000  MinCalls =   200
Unsat calls     14  ( 35.90 %)   Ave conf =      3.8   Time =     0.00 sec ( 10.09 %)
Sat   calls     25  ( 64.10 %)   Ave conf =      2.7   Time =     0.00 sec ( 58.78 %)
Undef calls      0  (  0.00 %)   Ave conf =      0.0   Time =     0.00 sec (  0.00 %)
Total time =     0.01 sec
  5 : P =     11. D =     13. F =     0. M =       0. And =   31335. Time =     0.01 sec
[1;37msyn     [0m : i/o =   2607/     10  [1;36mand =    4436[0m  [1;35mlev =   28[0m [1;35m(24.90)[0m  mem = 0.09 MB
SAT solver statistics:
CO =       10  AND =     4436  Conf = 1000000  MinVar =  2000  MinCalls =   200
Unsat calls      2  ( 20.00 %)   Ave conf =      5.5   Time =     0.00 sec (  2.20 %)
Sat   calls      8  ( 80.00 %)   Ave conf =      3.8   Time =     0.00 sec ( 37.58 %)
Undef calls      0  (  0.00 %)   Ave conf =      0.0   Time =     0.00 sec (  0.00 %)
Total time =     0.00 sec
  6 : P =      2. D =      8. F =     0. M =       0. And =   31333. Time =     0.01 sec
[1;37msyn     [0m : i/o =   2607/      0  [1;36mand =       0[0m  [1;35mlev =    0[0m [1;35m(-nan)[0m  mem = 0.04 MB
Considered all available candidate equivalences.
Performed 302 SAT calls: P = 221  D = 81  F = 0
NBeg = 31764. NEnd = 31333. (Gain =   1.36 %).  RBeg = 0. REnd = 0. (Gain =   0.00 %).
Sim  =     0.02 sec ( 11.33 %)
Sat  =     0.09 sec ( 65.14 %)
Pat  =     0.01 sec (  4.27 %)
Time =     0.13 sec
[INFO SYN-0023] abc_roundtrip: after ABC: 31333 ANDs, 2607 CIs, 2569 COs
[INFO SYN-0020] abc_roundtrip: exported 31333 ANDs, 2607 CIs, 2565 COs
[1;37msyn     [0m : i/o =   2607/   2565  [1;36mand =   31333[0m  [1;35mlev =   34[0m [1;35m(9.22)[0m  mem = 0.44 MB
Starting:  syn             : pi =  2607  po =  2565  and =   31333  lev =  34
Rewrite:   syn             : pi =  2607  po =  2565  and =   17101  lev =  33
Refactor:  syn             : pi =  2607  po =  2565  and =   16994  lev =  33
Balance:   syn             : pi =  2607  po =  2565  and =   16937  lev =  29
Rewrite:   syn             : pi =  2607  po =  2565  and =   16884  lev =  29
RewriteZ:  syn             : pi =  2607  po =  2565  and =   16826  lev =  29
Balance:   syn             : pi =  2607  po =  2565  and =   16813  lev =  28
RefactorZ: syn             : pi =  2607  po =  2565  and =   16780  lev =  28
RewriteZ:  syn             : pi =  2607  po =  2565  and =   16748  lev =  28
Balance:   syn             : pi =  2607  po =  2565  and =   16747  lev =  28
Starting:  syn             : pi =  2607  po =  2565  and =   16747  lev =  28
Rewrite:   syn             : pi =  2607  po =  2565  and =   16743  lev =  29
Refactor:  syn             : pi =  2607  po =  2565  and =   16737  lev =  29
Balance:   syn             : pi =  2607  po =  2565  and =   16737  lev =  29
Rewrite:   syn             : pi =  2607  po =  2565  and =   16737  lev =  29
RewriteZ:  syn             : pi =  2607  po =  2565  and =   16734  lev =  29
Balance:   syn             : pi =  2607  po =  2565  and =   16734  lev =  29
RefactorZ: syn             : pi =  2607  po =  2565  and =   16732  lev =  29
RewriteZ:  syn             : pi =  2607  po =  2565  and =   16717  lev =  29
Balance:   syn             : pi =  2607  po =  2565  and =   16717  lev =  29
Starting:  syn             : pi =  2607  po =  2565  and =   17903  lev =  22
Rewrite:   syn             : pi =  2607  po =  2565  and =   16862  lev =  28
Refactor:  syn             : pi =  2607  po =  2565  and =   16758  lev =  28
Balance:   syn             : pi =  2607  po =  2565  and =   16757  lev =  26
Rewrite:   syn             : pi =  2607  po =  2565  and =   16753  lev =  26
RewriteZ:  syn             : pi =  2607  po =  2565  and =   16748  lev =  26
Balance:   syn             : pi =  2607  po =  2565  and =   16638  lev =  26
RefactorZ: syn             : pi =  2607  po =  2565  and =   16637  lev =  26
RewriteZ:  syn             : pi =  2607  po =  2565  and =   16630  lev =  26
Balance:   syn             : pi =  2607  po =  2565  and =   16629  lev =  26
Starting:  syn             : pi =  2607  po =  2565  and =   16629  lev =  26
Rewrite:   syn             : pi =  2607  po =  2565  and =   16612  lev =  28
Refactor:  syn             : pi =  2607  po =  2565  and =   16611  lev =  28
Balance:   syn             : pi =  2607  po =  2565  and =   16611  lev =  28
Rewrite:   syn             : pi =  2607  po =  2565  and =   16611  lev =  28
RewriteZ:  syn             : pi =  2607  po =  2565  and =   16610  lev =  28
Balance:   syn             : pi =  2607  po =  2565  and =   16600  lev =  27
RefactorZ: syn             : pi =  2607  po =  2565  and =   16598  lev =  27
RewriteZ:  syn             : pi =  2607  po =  2565  and =   16597  lev =  27
Balance:   syn             : pi =  2607  po =  2565  and =   16592  lev =  27
Starting:  syn             : pi =  2607  po =  2565  and =   16592  lev =  27
Rewrite:   syn             : pi =  2607  po =  2565  and =   16589  lev =  27
Refactor:  syn             : pi =  2607  po =  2565  and =   16589  lev =  27
Balance:   syn             : pi =  2607  po =  2565  and =   16589  lev =  27
Rewrite:   syn             : pi =  2607  po =  2565  and =   16589  lev =  27
RewriteZ:  syn             : pi =  2607  po =  2565  and =   16587  lev =  27
Balance:   syn             : pi =  2607  po =  2565  and =   16585  lev =  27
RefactorZ: syn             : pi =  2607  po =  2565  and =   16585  lev =  27
RewriteZ:  syn             : pi =  2607  po =  2565  and =   16583  lev =  27
Balance:   syn             : pi =  2607  po =  2565  and =   16583  lev =  27
[1;37msyn     [0m : i/o =   2607/   2565  [1;36mand =   16583[0m  [1;35mlev =   27[0m [1;35m(5.96)[0m  mem = 0.27 MB
[INFO SYN-0023] abc_roundtrip: after ABC: 16583 ANDs, 2607 CIs, 2565 COs
[INFO SYN-0017] mapCombinationals: done
[INFO SYN-0040] gatefusion: 9 fusions applied, area delta -6.3840
[INFO SYN-0044]   -AND2_X1 4
[INFO SYN-0044]   -AOI21_X1 1
[INFO SYN-0044]   -AOI221_X1 3
[INFO SYN-0044]   -OAI21_X1 5
[INFO SYN-0044]   -OR2_X1 5
[INFO SYN-0045]   +AOI22_X1 1
[INFO SYN-0045]   +AOI222_X1 3
[INFO SYN-0045]   +OAI22_X1 5
  input: 20 cells, 362 bits
  name (tentative): 487 cells, 0 bits
  not: 283 cells, 283 bits
  output: 16 cells, 0 bits
  target: AND2_X1: 118 cells, 118 bits, area 125.552
  target: AND3_X1: 10 cells, 10 bits, area 13.3
  target: AND4_X1: 7 cells, 7 bits, area 11.172
  target: AOI21_X1: 672 cells, 672 bits, area 715.011
  target: AOI221_X1: 467 cells, 467 bits, area 745.334
  target: AOI222_X1: 70 cells, 70 bits, area 148.96
  target: AOI22_X1: 276 cells, 276 bits, area 367.079
  target: DFF_X1: 2245 cells, 4490 bits, area 10152
  target: INV_X1: 88 cells, 88 bits, area 46.816
  target: MUX2_X1: 2054 cells, 2054 bits, area 3824.64
  target: NAND2_X1: 1256 cells, 1256 bits, area 1002.27
  target: NAND3_X1: 121 cells, 121 bits, area 128.744
  target: NAND4_X1: 33 cells, 33 bits, area 43.89
  target: NOR2_X1: 923 cells, 923 bits, area 736.548
  target: NOR3_X1: 66 cells, 66 bits, area 70.224
  target: NOR4_X1: 40 cells, 40 bits, area 53.2
  target: OAI21_X1: 803 cells, 803 bits, area 854.399
  target: OAI221_X1: 84 cells, 84 bits, area 134.064
  target: OAI222_X1: 84 cells, 84 bits, area 178.752
  target: OAI22_X1: 189 cells, 189 bits, area 251.37
  target: OAI33_X1: 9 cells, 9 bits, area 16.758
  target: OR2_X1: 107 cells, 107 bits, area 113.848
  target: OR3_X1: 16 cells, 16 bits, area 21.28
  target: OR4_X1: 8 cells, 8 bits, area 12.768
  target: XNOR2_X1: 26 cells, 26 bits, area 41.496
  target: XOR2_X1: 44 cells, 44 bits, area 70.224
  total: 10622 cells, 12706 bits, area 19879.6
[INFO SYN-0031] Export to ODB: created 9816 instances, 9490 nets, 693 ports
read_sdc /OpenROAD-flow-scripts/flow/designs/nangate45/dynamic_node/constraint.sdc
repair_design -pre_placement
[WARNING EST-0027] no estimated parasitics. Using wire load models.
Iteration |   Area    | Resized | Buffers | Nets repaired | Remaining
---------------------------------------------------------------------
        0 |     +9.0% |       0 |     325 |           759 |     12748
    final |     +9.0% |       0 |     325 |           759 |         0
---------------------------------------------------------------------
[INFO RSZ-0038] Inserted 325 buffers in 759 nets.
[INFO RSZ-0504] Runtime: 2.25s
Report metrics stage 1, synth...

==========================================================================
synth report_design_area
--------------------------------------------------------------------------
Design area 21669 um^2 100% utilization.
write_db /tmp/workspace/scripts-Private_test-fr_cugr_cmp-1-/results/nangate45/dynamic_node/base/1_synth.odb
write_sdc -no_timestamp /tmp/workspace/scripts-Private_test-fr_cugr_cmp-1-/results/nangate45/dynamic_node/base/1_synth.sdc
Elapsed time: 0:07.62[h:]min:sec. CPU time: user 10.42 sys 8.64 (250%). Peak memory: 170420KB.
Log                       Ext     Elapsed/s Peak Memory/MB sha1sum result [0:20)
1_synth                   .v              7            166 bf511380872af6e7b13b
1_synth                   .odb                             f84349152aaf7c4be63b
1_synth                   .sdc                             5aa320eed88e393418f5
/OpenROAD-flow-scripts/flow/scripts/flow.sh 2_1_floorplan floorplan
Running floorplan.tcl, stage 2_1_floorplan
read_liberty ./platforms/nangate45/lib/NangateOpenCellLibrary_typical.lib
read_db -hier /tmp/workspace/scripts-Private_test-fr_cugr_cmp-1-/results/nangate45/dynamic_node/base/1_synth.odb
[WARNING ORD-0012] Hierarchical flow (-hier) is currently in development and may cause multiple issues. Do not use in production environments.
read_sdc /tmp/workspace/scripts-Private_test-fr_cugr_cmp-1-/results/nangate45/dynamic_node/base/1_synth.sdc
source ./platforms/nangate45/setRC.tcl

==========================================================================
Floorplan check_setup
--------------------------------------------------------------------------
number instances in verilog is 10141
[INFO IFP-0107] Defining die area using utilization: 40.00% and aspect ratio: 1.
[WARNING IFP-0028] Core area lower left (5.000, 5.000) snapped to (5.130, 5.600).
[INFO IFP-0001] Added 165 rows of 1224 site FreePDK45_38x28_10R_NP_162NW_34O.
[INFO IFP-0100] Die BBox:  (  0.000  0.000 ) ( 242.750 242.750 ) um
[INFO IFP-0101] Core BBox: (  5.130  5.600 ) ( 237.690 236.600 ) um
[INFO IFP-0102] Core area:                        53721.360 um^2
[INFO IFP-0103] Total instances area:             21668.892 um^2
[INFO IFP-0104] Effective utilization:                0.403
[INFO IFP-0105] Number of instances:                  10141
source ./platforms/nangate45/make_tracks.tcl
source ./platforms/nangate45/fastroute.tcl
Repair tie lo fanout...
Repair tie hi fanout...
replace_arith_modules -path_count 1000 -target setup -slack_threshold 0.0
[INFO RSZ-0151] Starting arithmetic module replacement to optimize 'setup' target
[INFO RSZ-0152] Analyzing 1000 critical paths with slack < 0.00
[INFO RSZ-0153] Identified 1 violating endpoints
[INFO RSZ-0154] Identified 0 critical arithmetic instances
repair_timing -setup_margin 0 -hold_margin 0 -repair_tns 100 -setup -skip_last_gasp -sequence unbuffer,sizeup,swap,vt_swap -verbose
[WARNING EST-0027] no estimated parasitics. Using wire load models.
[INFO RSZ-0100] Repair move sequence: UnbufferMove SizeUpMove SwapPinsMove 
[INFO RSZ-0094] Found 1 endpoints with setup violations.
[INFO RSZ-0099] Repairing 1 out of 1 (100.00%) violating endpoints...
   Iter   | Removed | Resized | Inserted | Cloned |  Pin  |   Area   |    WNS   |   StTNS    |   EnTNS    |  Viol  |  Worst  
          | Buffers |  Gates  | Buffers  |  Gates | Swaps |          |          |            |            | Endpts | St/EnPt 
------------------------------------------------------------------------------------------------------------------------------
       0* |       0 |       0 |        0 |      0 |     0 |    +0.0% |   -0.046 |       -0.1 |       -0.0 |      1 | thanksIn_P
       8* |       0 |       7 |        0 |      0 |     0 |    +0.0% |    0.005 |        0.0 |        0.0 |      1 | thanksIn_P
       8* |       0 |       7 |        0 |      0 |     0 |    +0.0% |    0.005 |        0.0 |        0.0 |      1 | thanksIn_P
    final |       0 |       7 |        0 |      0 |     0 |    +0.0% |    0.005 |        0.0 |        0.0 |      0 | thanksIn_P
------------------------------------------------------------------------------------------------------------------------------
[INFO RSZ-0051] Resized 7 instances: 7 up, 0 up match, 0 down, 0 VT
[INFO RSZ-0505] Runtime: 0.38s
Default units for flow
 time 1ns
 capacitance 1fF
 resistance 1kohm
 voltage 1v
 current 1mA
 power 1nW
 distance 1um
   Layer   | Unit Resistance | Unit Capacitance 
           |       (kohm/um) |          (fF/um)
------------------------------------------------
    metal1 |        5.43e-03 |         7.42e-02
    metal2 |        3.57e-03 |         8.34e-02
    metal3 |        3.57e-03 |         1.04e-01
    metal4 |        1.50e-03 |         1.19e-01
    metal5 |        1.50e-03 |         1.09e-01
    metal6 |        1.50e-03 |         1.14e-01
    metal7 |        1.88e-04 |         1.17e-01
    metal8 |        1.88e-04 |         9.45e-02
    metal9 |        3.75e-05 |         1.06e-01
   metal10 |        3.75e-05 |         7.37e-01
------------------------------------------------

   Layer   | Via Resistance 
           |         (kohm) 
----------------------------
      via1 |       5.00e-03 
      via2 |       5.00e-03 
      via3 |       5.00e-03 
      via4 |       3.00e-03 
      via5 |       3.00e-03 
      via6 |       3.00e-03 
      via7 |       1.00e-03 
      via8 |       1.00e-03 
      via9 |       5.00e-04 
----------------------------
Report metrics stage 2, floorplan final...

==========================================================================
floorplan final report_design_area
--------------------------------------------------------------------------
Design area 21674 um^2 40% utilization.
write_db /tmp/workspace/scripts-Private_test-fr_cugr_cmp-1-/results/nangate45/dynamic_node/base/2_1_floorplan.odb
write_sdc -no_timestamp /tmp/workspace/scripts-Private_test-fr_cugr_cmp-1-/results/nangate45/dynamic_node/base/2_1_floorplan.sdc
Elapsed time: 0:03.54[h:]min:sec. CPU time: user 4.66 sys 0.84 (155%). Peak memory: 176936KB.
Log                       Ext     Elapsed/s Peak Memory/MB sha1sum result [0:20)
2_1_floorplan             .odb            3            172 d05cfc71c726b9b54785
2_1_floorplan             .sdc                             5aa320eed88e393418f5
/OpenROAD-flow-scripts/flow/scripts/flow.sh 2_2_floorplan_macro macro_place
Running macro_place.tcl, stage 2_2_floorplan_macro
read_liberty ./platforms/nangate45/lib/NangateOpenCellLibrary_typical.lib
read_db -hier /tmp/workspace/scripts-Private_test-fr_cugr_cmp-1-/results/nangate45/dynamic_node/base/2_1_floorplan.odb
[WARNING ORD-0012] Hierarchical flow (-hier) is currently in development and may cause multiple issues. Do not use in production environments.
read_sdc /tmp/workspace/scripts-Private_test-fr_cugr_cmp-1-/results/nangate45/dynamic_node/base/2_1_floorplan.sdc
source ./platforms/nangate45/setRC.tcl
No macros found: Skipping macro_placement
Design area 21674 um^2 40% utilization.
write_db /tmp/workspace/scripts-Private_test-fr_cugr_cmp-1-/results/nangate45/dynamic_node/base/2_2_floorplan_macro.odb
Elapsed time: 0:00.39[h:]min:sec. CPU time: user 0.33 sys 0.06 (100%). Peak memory: 131408KB.
Log                       Ext     Elapsed/s Peak Memory/MB sha1sum result [0:20)
2_2_floorplan_macro       .odb            0            128 d05cfc71c726b9b54785
/OpenROAD-flow-scripts/flow/scripts/flow.sh 2_3_floorplan_tapcell tapcell
Running tapcell.tcl, stage 2_3_floorplan_tapcell
read_liberty ./platforms/nangate45/lib/NangateOpenCellLibrary_typical.lib
read_db -hier /tmp/workspace/scripts-Private_test-fr_cugr_cmp-1-/results/nangate45/dynamic_node/base/2_2_floorplan_macro.odb
[WARNING ORD-0012] Hierarchical flow (-hier) is currently in development and may cause multiple issues. Do not use in production environments.
read_sdc /tmp/workspace/scripts-Private_test-fr_cugr_cmp-1-/results/nangate45/dynamic_node/base/2_1_floorplan.sdc
source ./platforms/nangate45/setRC.tcl
[INFO TAP-0004] Inserted 330 endcaps.
[INFO TAP-0005] Inserted 83 tapcells.
Design area 21784 um^2 41% utilization.
write_db /tmp/workspace/scripts-Private_test-fr_cugr_cmp-1-/results/nangate45/dynamic_node/base/2_3_floorplan_tapcell.odb
Elapsed time: 0:00.38[h:]min:sec. CPU time: user 0.33 sys 0.06 (100%). Peak memory: 127084KB.
Log                       Ext     Elapsed/s Peak Memory/MB sha1sum result [0:20)
2_3_floorplan_tapcell     .odb            0            124 70ee3d3589561e9cf293
/OpenROAD-flow-scripts/flow/scripts/flow.sh 2_4_floorplan_pdn pdn
Running pdn.tcl, stage 2_4_floorplan_pdn
read_liberty ./platforms/nangate45/lib/NangateOpenCellLibrary_typical.lib
read_db -hier /tmp/workspace/scripts-Private_test-fr_cugr_cmp-1-/results/nangate45/dynamic_node/base/2_3_floorplan_tapcell.odb
[WARNING ORD-0012] Hierarchical flow (-hier) is currently in development and may cause multiple issues. Do not use in production environments.
read_sdc /tmp/workspace/scripts-Private_test-fr_cugr_cmp-1-/results/nangate45/dynamic_node/base/2_1_floorplan.sdc
source ./platforms/nangate45/setRC.tcl
[WARNING PDN-1051] No instances found for grid (CORE_macro_grid_1).
[WARNING PDN-1051] No instances found for grid (CORE_macro_grid_2).
[INFO PDN-0001] Inserting grid: grid
[INFO PDN-0500] Runtime: 0.01s
Design area 21784 um^2 41% utilization.
write_db /tmp/workspace/scripts-Private_test-fr_cugr_cmp-1-/results/nangate45/dynamic_node/base/2_4_floorplan_pdn.odb
Elapsed time: 0:00.43[h:]min:sec. CPU time: user 0.36 sys 0.07 (100%). Peak memory: 137224KB.
Log                       Ext     Elapsed/s Peak Memory/MB sha1sum result [0:20)
2_4_floorplan_pdn         .odb            0            134 31a3994b36b4e3434380
cp /tmp/workspace/scripts-Private_test-fr_cugr_cmp-1-/results/nangate45/dynamic_node/base/2_4_floorplan_pdn.odb /tmp/workspace/scripts-Private_test-fr_cugr_cmp-1-/results/nangate45/dynamic_node/base/2_floorplan.odb
cp /tmp/workspace/scripts-Private_test-fr_cugr_cmp-1-/results/nangate45/dynamic_node/base/2_1_floorplan.sdc /tmp/workspace/scripts-Private_test-fr_cugr_cmp-1-/results/nangate45/dynamic_node/base/2_floorplan.sdc
/OpenROAD-flow-scripts/flow/scripts/flow.sh 3_1_place_gp_skip_io global_place_skip_io
Running global_place_skip_io.tcl, stage 3_1_place_gp_skip_io
read_liberty ./platforms/nangate45/lib/NangateOpenCellLibrary_typical.lib
read_db -hier /tmp/workspace/scripts-Private_test-fr_cugr_cmp-1-/results/nangate45/dynamic_node/base/2_floorplan.odb
[WARNING ORD-0012] Hierarchical flow (-hier) is currently in development and may cause multiple issues. Do not use in production environments.
read_sdc /tmp/workspace/scripts-Private_test-fr_cugr_cmp-1-/results/nangate45/dynamic_node/base/2_floorplan.sdc
source ./platforms/nangate45/setRC.tcl
[INFO GPL-0022] Initialize gpl and calculate uniform density.
Placement density is 0.5699999904632569, computed from PLACE_DENSITY_LB_ADDON  0.20 and lower bound 0.44999998807907104
global_placement -skip_io -density 0.5699999904632569 -pad_left 0 -pad_right 0
[INFO GPL-0001] ---- Initialize GPL Main Data Structures
[INFO GPL-0002] DBU: 2000
[INFO GPL-0003] SiteSize: (  0.190  1.400 ) um
[INFO GPL-0004] CoreBBox: (  5.130  5.600 ) ( 237.690 236.600 ) um
[INFO GPL-0016] Core area:                   53721.360 um^2
[INFO GPL-0036] Movable instances area:      21673.946 um^2
[INFO GPL-0037] Total instances area:        21783.804 um^2
[INFO GPL-0035] Pin density area adjust:      2119.693 um^2
[INFO GPL-0032] ---- Initialize Region: Top-level
[INFO GPL-0006] Number of instances:             10554
[INFO GPL-0007] Movable instances:               10141
[INFO GPL-0008] Fixed instances:                   413
[INFO GPL-0009] Dummy instances:                     0
[INFO GPL-0010] Number of nets:                  12748
[INFO GPL-0011] Number of pins:                  39408
[INFO GPL-0012] Die BBox:       (  0.000  0.000 ) ( 242.750 242.750 ) um
[INFO GPL-0013] Placement BBox: (  5.130  5.600 ) ( 237.690 236.600 ) um
[INFO GPL-0014] Region name: top-level.
[INFO GPL-0015] Region area:                 53721.360 um^2
[INFO GPL-0017] Fixed instances area:          109.858 um^2
[INFO GPL-0018] Movable instances area:      23793.639 um^2
[INFO GPL-0019] Utilization:                    44.382 %
[INFO GPL-0020] Standard cells area:         23793.639 um^2
[INFO GPL-0021] Large instances area:            0.000 um^2
[INFO GPL-0005] ---- Execute Conjugate Gradient Initial Placement.
[INFO GPL-0051] Source of initial instance position counters:
	Odb location = 325	Core center = 9816	Region center = 0
[INFO GPL-0033] ---- Initialize Nesterov Region: Top-level
[INFO GPL-0023] Placement target density:       0.5700
[INFO GPL-0024] Movable insts average area:      2.346 um^2
[INFO GPL-0025] Ideal bin area:                  4.116 um^2
[INFO GPL-0026] Ideal bin count:                 13050
[INFO GPL-0027] Total bin area:              53721.360 um^2
[INFO GPL-0028] Bin count (X, Y):          64 ,     64
[INFO GPL-0029] Bin size (W * H):       3.634 *  3.609 um
[INFO GPL-0030] Number of bins:                   4096
[INFO GPL-0084] ---- Execute Nesterov Global Placement.
[INFO GPL-0031] HPWL: Half-Perimeter Wirelength
Iteration | Overflow |     HPWL (um) |  HPWL(%) |   Penalty | Group
---------------------------------------------------------------
        0 |   0.9779 |  6.680857e+04 |   +0.00% |  3.14e-14 |      
       10 |   0.9798 |  1.804980e+04 |  -72.98% |  5.11e-14 |      
       20 |   0.9839 |  1.318422e+04 |  -26.96% |  8.32e-14 |      
       30 |   0.9876 |  1.104579e+04 |  -16.22% |  1.36e-13 |      
       40 |   0.9910 |  9.992137e+03 |   -9.54% |  2.21e-13 |      
       50 |   0.9901 |  1.011711e+04 |   +1.25% |  3.60e-13 |      
       60 |   0.9878 |  1.110267e+04 |   +9.74% |  5.86e-13 |      
       70 |   0.9837 |  1.297692e+04 |  +16.88% |  9.54e-13 |      
       80 |   0.9760 |  1.567999e+04 |  +20.83% |  1.55e-12 |      
       90 |   0.9672 |  1.909529e+04 |  +21.78% |  2.53e-12 |      
      100 |   0.9560 |  2.264758e+04 |  +18.60% |  4.11e-12 |      
      110 |   0.9405 |  2.617222e+04 |  +15.56% |  6.70e-12 |      
      120 |   0.9232 |  3.028229e+04 |  +15.70% |  1.09e-11 |      
      130 |   0.8991 |  3.517258e+04 |  +16.15% |  1.77e-11 |      
      140 |   0.8755 |  4.049315e+04 |  +15.13% |  2.89e-11 |      
      150 |   0.8421 |  4.622181e+04 |  +14.15% |  4.69e-11 |      
      160 |   0.8056 |  5.186434e+04 |  +12.21% |  7.64e-11 |      
      170 |   0.7714 |  5.740269e+04 |  +10.68% |  1.24e-10 |      
      180 |   0.7274 |  6.286808e+04 |   +9.52% |  2.02e-10 |      
      190 |   0.6845 |  6.800743e+04 |   +8.17% |  3.29e-10 |      
      200 |   0.6352 |  7.261609e+04 |   +6.78% |  5.35e-10 |      
      210 |   0.5881 |  7.645172e+04 |   +5.28% |  8.71e-10 |      
      220 |   0.5419 |  7.913776e+04 |   +3.51% |  1.42e-09 |      
      230 |   0.5029 |  8.067972e+04 |   +1.95% |  2.31e-09 |      
      240 |   0.4570 |  8.014829e+04 |   -0.66% |  3.76e-09 |      
      250 |   0.4266 |  7.872048e+04 |   -1.78% |  6.13e-09 |      
      260 |   0.3940 |  7.726784e+04 |   -1.85% |  9.98e-09 |      
      270 |   0.3489 |  7.725580e+04 |   -0.02% |  1.63e-08 |      
      280 |   0.3210 |  7.693829e+04 |   -0.41% |  2.42e-08 |      
      290 |   0.2991 |  7.597171e+04 |   -1.26% |  3.56e-08 |      
      300 |   0.2671 |  7.559354e+04 |   -0.50% |  5.25e-08 |      
      310 |   0.2450 |  7.522409e+04 |   -0.49% |  7.73e-08 |      
      320 |   0.2206 |  7.493625e+04 |   -0.38% |  1.14e-07 |      
      330 |   0.2010 |  7.459888e+04 |   -0.45% |  1.68e-07 |      
      340 |   0.1793 |  7.461815e+04 |   +0.03% |  2.47e-07 |      
      350 |   0.1606 |  7.482639e+04 |   +0.28% |  3.64e-07 |      
      360 |   0.1384 |  7.505467e+04 |   +0.31% |  5.36e-07 |      
      370 |   0.1160 |  7.551592e+04 |   +0.61% |  7.90e-07 |      
      377 |   0.0991 |  7.585036e+04 |          |  1.08e-06 |      
---------------------------------------------------------------
[INFO GPL-1001] Global placement finished at iteration 377
[INFO GPL-1002] Placed Cell Area            23793.6390
[INFO GPL-1003] Available Free Area         53611.5020
[INFO GPL-1004] Minimum Feasible Density        0.4500 (cell_area / free_area)
[INFO GPL-1006]   Suggested Target Densities:
[INFO GPL-1007]     - For 90% usage of free space: 0.4931
[INFO GPL-1008]     - For 80% usage of free space: 0.5548
[INFO GPL-1009]     - For 50% usage of free space: 0.8876
[INFO GPL-1014] Final placement area: 23793.64 (+0.00%)
Design area 21784 um^2 41% utilization.
write_db /tmp/workspace/scripts-Private_test-fr_cugr_cmp-1-/results/nangate45/dynamic_node/base/3_1_place_gp_skip_io.odb
Elapsed time: 0:01.94[h:]min:sec. CPU time: user 45.59 sys 0.09 (2353%). Peak memory: 150836KB.
Log                       Ext     Elapsed/s Peak Memory/MB sha1sum result [0:20)
3_1_place_gp_skip_io      .odb            1            147 9e92c370c9c09b4a02ac
/OpenROAD-flow-scripts/flow/scripts/flow.sh 3_2_place_iop io_placement
Running io_placement.tcl, stage 3_2_place_iop
read_liberty ./platforms/nangate45/lib/NangateOpenCellLibrary_typical.lib
read_db -hier /tmp/workspace/scripts-Private_test-fr_cugr_cmp-1-/results/nangate45/dynamic_node/base/3_1_place_gp_skip_io.odb
[WARNING ORD-0012] Hierarchical flow (-hier) is currently in development and may cause multiple issues. Do not use in production environments.
read_sdc /tmp/workspace/scripts-Private_test-fr_cugr_cmp-1-/results/nangate45/dynamic_node/base/2_floorplan.sdc
source ./platforms/nangate45/setRC.tcl
place_pins -hor_layers metal5 -ver_layers metal6
Found 0 macro blocks.
Using 2 tracks default min distance between IO pins.
[INFO PPL-0001] Number of available slots 1720
[INFO PPL-0002] Number of I/O             693
[INFO PPL-0003] Number of I/O w/sink      693
[INFO PPL-0004] Number of I/O w/o sink    0
[INFO PPL-0005] Slots per section         200
[INFO PPL-0008] Successfully assigned pins to sections.
[INFO PPL-0012] I/O nets HPWL: 57665.32 um.
Design area 21784 um^2 41% utilization.
write_db /tmp/workspace/scripts-Private_test-fr_cugr_cmp-1-/results/nangate45/dynamic_node/base/3_2_place_iop.odb
Elapsed time: 0:00.48[h:]min:sec. CPU time: user 0.43 sys 0.06 (100%). Peak memory: 134876KB.
Log                       Ext     Elapsed/s Peak Memory/MB sha1sum result [0:20)
3_2_place_iop             .odb            0            131 f6547aca26f05ddc3593
/OpenROAD-flow-scripts/flow/scripts/flow.sh 3_3_place_gp global_place
Running global_place.tcl, stage 3_3_place_gp
read_liberty ./platforms/nangate45/lib/NangateOpenCellLibrary_typical.lib
read_db -hier /tmp/workspace/scripts-Private_test-fr_cugr_cmp-1-/results/nangate45/dynamic_node/base/3_2_place_iop.odb
[WARNING ORD-0012] Hierarchical flow (-hier) is currently in development and may cause multiple issues. Do not use in production environments.
read_sdc /tmp/workspace/scripts-Private_test-fr_cugr_cmp-1-/results/nangate45/dynamic_node/base/2_floorplan.sdc
source ./platforms/nangate45/setRC.tcl
[INFO RSZ-0026] Removed 325 buffers.
Perform port buffering...
[INFO RSZ-0027] Inserted 361 BUF_X1 input buffers.
[INFO RSZ-0028] Inserted 331 BUF_X1 output buffers.
[INFO GPL-0022] Initialize gpl and calculate uniform density.
Placement density is 0.5540000057220459, computed from PLACE_DENSITY_LB_ADDON  0.20 and lower bound 0.4300000071525574
global_placement -density 0.5540000057220459 -pad_left 0 -pad_right 0 -routability_driven -timing_driven -force_center_initial_place -min_phi_coef 0.95 -max_phi_coef 1.05
[INFO GPL-0001] ---- Initialize GPL Main Data Structures
[INFO GPL-0002] DBU: 2000
[INFO GPL-0003] SiteSize: (  0.190  1.400 ) um
[INFO GPL-0004] CoreBBox: (  5.130  5.600 ) ( 237.690 236.600 ) um
[INFO GPL-0016] Core area:                   53721.360 um^2
[INFO GPL-0036] Movable instances area:      20904.142 um^2
[INFO GPL-0037] Total instances area:        21014.000 um^2
[INFO GPL-0035] Pin density area adjust:      1820.404 um^2
[INFO GPL-0032] ---- Initialize Region: Top-level
[INFO GPL-0006] Number of instances:             10921
[INFO GPL-0007] Movable instances:               10508
[INFO GPL-0008] Fixed instances:                   413
[INFO GPL-0009] Dummy instances:                     0
[INFO GPL-0010] Number of nets:                  13115
[INFO GPL-0011] Number of pins:                  40835
[INFO GPL-0012] Die BBox:       (  0.000  0.000 ) ( 242.750 242.750 ) um
[INFO GPL-0013] Placement BBox: (  5.130  5.600 ) ( 237.690 236.600 ) um
[INFO GPL-0014] Region name: top-level.
[INFO GPL-0015] Region area:                 53721.360 um^2
[INFO GPL-0017] Fixed instances area:          109.858 um^2
[INFO GPL-0018] Movable instances area:      22724.546 um^2
[INFO GPL-0019] Utilization:                    42.387 %
[INFO GPL-0020] Standard cells area:         22724.546 um^2
[INFO GPL-0021] Large instances area:            0.000 um^2
[INFO GPL-0005] ---- Execute Conjugate Gradient Initial Placement.
[INFO GPL-0051] Source of initial instance position counters:
	Odb location = 0	Core center = 10508	Region center = 0
[InitialPlace]  Iter: 1 conjugate gradient residual: 0.00008811 HPWL: 336708749
[InitialPlace]  Iter: 2 conjugate gradient residual: 0.00006743 HPWL: 307782468
[InitialPlace]  Iter: 3 conjugate gradient residual: 0.00017713 HPWL: 297258404
[InitialPlace]  Iter: 4 conjugate gradient residual: 0.00030162 HPWL: 288827672
[InitialPlace]  Iter: 5 conjugate gradient residual: 0.00032823 HPWL: 282338497
[InitialPlace]  Iter: 6 conjugate gradient residual: 0.00018732 HPWL: 279592864
[InitialPlace]  Iter: 7 conjugate gradient residual: 0.00020765 HPWL: 277340080
[InitialPlace]  Iter: 8 conjugate gradient residual: 0.00017809 HPWL: 276582459
[InitialPlace]  Iter: 9 conjugate gradient residual: 0.00020200 HPWL: 275556852
[InitialPlace]  Iter: 10 conjugate gradient residual: 0.00019090 HPWL: 275207258
[InitialPlace]  Iter: 11 conjugate gradient residual: 0.00019775 HPWL: 274700235
[InitialPlace]  Iter: 12 conjugate gradient residual: 0.00017670 HPWL: 274284044
[InitialPlace]  Iter: 13 conjugate gradient residual: 0.00017584 HPWL: 274364573
[InitialPlace]  Iter: 14 conjugate gradient residual: 0.00018825 HPWL: 274115645
[InitialPlace]  Iter: 15 conjugate gradient residual: 0.00012557 HPWL: 274044127
[InitialPlace]  Iter: 16 conjugate gradient residual: 0.00011081 HPWL: 274076592
[InitialPlace]  Iter: 17 conjugate gradient residual: 0.00014081 HPWL: 273950960
[InitialPlace]  Iter: 18 conjugate gradient residual: 0.00008723 HPWL: 273919329
[InitialPlace]  Iter: 19 conjugate gradient residual: 0.00010723 HPWL: 273794623
[InitialPlace]  Iter: 20 conjugate gradient residual: 0.00006539 HPWL: 274059998
[INFO GPL-0033] ---- Initialize Nesterov Region: Top-level
[INFO GPL-0023] Placement target density:       0.5540
[INFO GPL-0024] Movable insts average area:      2.163 um^2
[INFO GPL-0025] Ideal bin area:                  3.904 um^2
[INFO GPL-0026] Ideal bin count:                 13762
[INFO GPL-0027] Total bin area:              53721.360 um^2
[INFO GPL-0028] Bin count (X, Y):          64 ,     64
[INFO GPL-0029] Bin size (W * H):       3.634 *  3.609 um
[INFO GPL-0030] Number of bins:                   4096
[INFO GPL-0084] ---- Execute Nesterov Global Placement.
[INFO GPL-0031] HPWL: Half-Perimeter Wirelength
Iteration | Overflow |     HPWL (um) |  HPWL(%) |   Penalty | Group
---------------------------------------------------------------
        0 |   0.8626 |  1.039549e+05 |   +0.00% |  1.93e-14 |      
       10 |   0.8027 |  1.210940e+05 |  +16.49% |  3.12e-14 |      
       20 |   0.7837 |  1.240761e+05 |   +2.46% |  5.08e-14 |      
       30 |   0.7649 |  1.266985e+05 |   +2.11% |  8.27e-14 |      
       40 |   0.7563 |  1.278469e+05 |   +0.91% |  1.35e-13 |      
       50 |   0.7549 |  1.280639e+05 |   +0.17% |  2.19e-13 |      
       60 |   0.7588 |  1.280003e+05 |   -0.05% |  3.57e-13 |      
       70 |   0.7599 |  1.280849e+05 |   +0.07% |  5.82e-13 |      
       80 |   0.7580 |  1.282400e+05 |   +0.12% |  9.48e-13 |      
       90 |   0.7556 |  1.283250e+05 |   +0.07% |  1.54e-12 |      
      100 |   0.7539 |  1.283035e+05 |   -0.02% |  2.52e-12 |      
      110 |   0.7532 |  1.282319e+05 |   -0.06% |  4.10e-12 |      
      120 |   0.7520 |  1.281983e+05 |   -0.03% |  6.68e-12 |      
      130 |   0.7492 |  1.283020e+05 |   +0.08% |  1.09e-11 |      
      140 |   0.7417 |  1.285729e+05 |   +0.21% |  1.77e-11 |      
      150 |   0.7319 |  1.289928e+05 |   +0.33% |  2.89e-11 |      
      160 |   0.7172 |  1.295985e+05 |   +0.47% |  4.70e-11 |      
      170 |   0.6950 |  1.303804e+05 |   +0.60% |  7.65e-11 |      
      180 |   0.6652 |  1.306645e+05 |   +0.22% |  1.25e-10 |      
      190 |   0.6320 |  1.302037e+05 |   -0.35% |  2.03e-10 |      
[INFO GPL-0100] Timing-driven iteration 1/2, virtual: false.
[INFO GPL-0101]    Iter: 191, overflow: 0.632, keep resizer changes at: 1, HPWL: 260407404
Iteration |   Area    | Resized | Buffers | Nets repaired | Remaining
---------------------------------------------------------------------
        0 |     +0.0% |       0 |       0 |             0 |     13115
    final |     +1.9% |      73 |     156 |            92 |         0
---------------------------------------------------------------------
[INFO RSZ-0034] Found 75 slew violations.
[INFO RSZ-0036] Found 84 capacitance violations.
[INFO RSZ-0039] Resized 73 instances.
[INFO RSZ-0038] Inserted 156 buffers in 92 nets.
   Iter   |    Area   | Removed | Inserted |   Pins
          |           | Buffers | Buffers  | Remaining
-------------------------------------------------------
        0 |     +0.0% |       0 |        0 |     12753
     1200 |     +0.1% |       4 |       38 |     11553
     2400 |     +0.6% |       4 |      157 |     10353
     3600 |     +0.6% |       4 |      157 |      9153
     4800 |     +0.9% |      10 |      245 |      7953
     6000 |     +1.2% |      48 |      376 |      6753
     7200 |     +1.4% |      87 |      443 |      5553
     8400 |     +1.9% |     143 |      612 |      4353
     9600 |     +2.0% |     150 |      640 |      3153
    10800 |     +2.1% |     152 |      653 |      1953
    12000 |     +2.1% |     155 |      672 |       753
    final |     +2.2% |     156 |      680 |         0
-------------------------------------------------------
[INFO GPL-0106] Timing-driven: worst slack 8.302692e-12
[INFO GPL-0107] Timing-driven: repair_design delta area: 849.670 um^2 (+3.74%)
[INFO GPL-0108] Timing-driven: repair_design, gpl delta gcells: 680 (+6.47%)
[INFO GPL-0109] Timing-driven: repair_design, gcells created: 836, deleted: 156
[INFO GPL-0110] Timing-driven: new target density: 0.56984866
Iteration | Overflow |     HPWL (um) |  HPWL(%) |   Penalty | Group
---------------------------------------------------------------
      200 |   0.6220 |  1.475462e+05 |  +13.32% |  3.29e-10 |      
      210 |   0.6256 |  1.434096e+05 |   -2.80% |  5.36e-10 |      
      220 |   0.6051 |  1.437139e+05 |   +0.21% |  8.74e-10 |      
[INFO GPL-0038] Routability snapshot saved at iter = 223
      222 |   0.5983 |  1.438207e+05 |          |           |      
      230 |   0.5540 |  1.435693e+05 |   -0.10% |  1.42e-09 |      
      240 |   0.4975 |  1.426456e+05 |   -0.64% |  2.32e-09 |      
      250 |   0.4611 |  1.418569e+05 |   -0.55% |  3.78e-09 |      
      260 |   0.4246 |  1.423827e+05 |   +0.37% |  6.15e-09 |      
      270 |   0.3897 |  1.420941e+05 |   -0.20% |  1.00e-08 |      
      280 |   0.3483 |  1.415773e+05 |   -0.36% |  1.63e-08 |      
      290 |   0.3190 |  1.412592e+05 |   -0.22% |  2.43e-08 |      
[INFO GPL-0040] Routability iteration: 1
[WARNING GRT-0281] Net clk has a large fanout of 2246 terminals.
[INFO GPL-0041] Total routing overflow: 0.0000
[INFO GPL-0042] Number of overflowed tiles: 0 (0.00%)
[INFO GPL-0043] Average top 0.5% routing congestion: 0.8722
[INFO GPL-0044] Average top 1.0% routing congestion: 0.8425
[INFO GPL-0045] Average top 2.0% routing congestion: 0.8103
[INFO GPL-0046] Average top 5.0% routing congestion: 0.7660
[INFO GPL-0047] Routability iteration weighted routing congestion: 0.8574
[INFO GPL-0050] Weighted routing congestion is lower than target routing congestion(1.0100), end routability optimization.
[INFO GPL-0090] Routability finished. Target routing congestion achieved succesfully.
Iteration | Overflow |     HPWL (um) |  HPWL(%) |   Penalty | Group
---------------------------------------------------------------
      300 |   0.2902 |  1.410828e+05 |   -0.12% |  3.58e-08 |      
      310 |   0.2575 |  1.406155e+05 |   -0.33% |  5.27e-08 |      
      320 |   0.2360 |  1.405443e+05 |   -0.05% |  7.76e-08 |      
      330 |   0.2149 |  1.405504e+05 |   +0.00% |  1.14e-07 |      
[INFO GPL-0100] Timing-driven iteration 2/2, virtual: false.
[INFO GPL-0101]    Iter: 338, overflow: 0.195, keep resizer changes at: 1, HPWL: 280978103
Iteration |   Area    | Resized | Buffers | Nets repaired | Remaining
---------------------------------------------------------------------
        0 |     +0.0% |       0 |       0 |             0 |     13795
    final |     +0.2% |       0 |      19 |            19 |         0
---------------------------------------------------------------------
[INFO RSZ-0036] Found 19 capacitance violations.
[INFO RSZ-0038] Inserted 19 buffers in 19 nets.
   Iter   |    Area   | Removed | Inserted |   Pins
          |           | Buffers | Buffers  | Remaining
-------------------------------------------------------
        0 |     +0.0% |       0 |        0 |     12753
     1200 |     -0.1% |      39 |       16 |     11553
     2400 |     -0.6% |     158 |       22 |     10353
     3600 |     -0.6% |     158 |       22 |      9153
     4800 |     -0.8% |     247 |       40 |      7953
     6000 |     -0.9% |     386 |      148 |      6753
     7200 |     -0.9% |     459 |      220 |      5553
     8400 |     -1.2% |     631 |      333 |      4353
     9600 |     -1.3% |     659 |      357 |      3153
    10800 |     -1.3% |     672 |      364 |      1953
    12000 |     -1.3% |     691 |      374 |       753
    final |     -1.3% |     699 |      379 |         0
-------------------------------------------------------
[INFO GPL-0106] Timing-driven: worst slack 1.9135471e-11
[INFO GPL-0107] Timing-driven: repair_design delta area: -260.680 um^2 (-1.11%)
[INFO GPL-0108] Timing-driven: repair_design, gpl delta gcells: -301 (-2.69%)
[INFO GPL-0109] Timing-driven: repair_design, gcells created: 398, deleted: 699
[INFO GPL-0110] Timing-driven: new target density: 0.5649863
Iteration | Overflow |     HPWL (um) |  HPWL(%) |   Penalty | Group
---------------------------------------------------------------
      340 |   0.1898 |  1.453834e+05 |   +3.44% |  1.68e-07 |      
      350 |   0.1703 |  1.439395e+05 |   -0.99% |  2.48e-07 |      
      360 |   0.1403 |  1.437076e+05 |   -0.16% |  3.65e-07 |      
      370 |   0.1238 |  1.435541e+05 |   -0.11% |  5.38e-07 |      
      380 |   0.1045 |  1.435824e+05 |   +0.02% |  7.93e-07 |      
      382 |   0.0999 |  1.435404e+05 |          |  8.90e-07 |      
---------------------------------------------------------------
[INFO GPL-1001] Global placement finished at iteration 382
[INFO GPL-1017] Routability mode iteration count: 74
[INFO GPL-1005] Routability final weighted congestion: 0.8231
[INFO GPL-1002] Placed Cell Area            23313.5355
[INFO GPL-1003] Available Free Area         53611.5020
[INFO GPL-1004] Minimum Feasible Density        0.4300 (cell_area / free_area)
[INFO GPL-1006]   Suggested Target Densities:
[INFO GPL-1007]     - For 90% usage of free space: 0.4832
[INFO GPL-1008]     - For 80% usage of free space: 0.5436
[INFO GPL-1009]     - For 50% usage of free space: 0.8697
[INFO GPL-1011] Original area (um^2): 22724.55
[INFO GPL-1012] Total routability artificial inflation: 0.00 (+0.00%)
[INFO GPL-1013] Total timing-driven delta area: 588.99 (+2.59%)
[INFO GPL-1014] Final placement area: 23313.54 (+2.59%)
Took 14 seconds: global_placement -density 0.5540000057220459 -pad_left 0 -pad_right 0 -routability_driven -timing_driven -force_center_initial_place -min_phi_coef 0.95 -max_phi_coef 1.05
estimate_parasitics -placement
Report metrics stage 3, global place...

==========================================================================
global place report_design_area
--------------------------------------------------------------------------
Design area 21617 um^2 40% utilization.
write_db /tmp/workspace/scripts-Private_test-fr_cugr_cmp-1-/results/nangate45/dynamic_node/base/3_3_place_gp.odb
Elapsed time: 0:17.52[h:]min:sec. CPU time: user 93.96 sys 16.04 (627%). Peak memory: 494356KB.
Log                       Ext     Elapsed/s Peak Memory/MB sha1sum result [0:20)
3_3_place_gp              .odb           17            482 4b84cf9be405d9479b49
/OpenROAD-flow-scripts/flow/scripts/flow.sh 3_4_place_resized resize
Running resize.tcl, stage 3_4_place_resized
read_liberty ./platforms/nangate45/lib/NangateOpenCellLibrary_typical.lib
read_db -hier /tmp/workspace/scripts-Private_test-fr_cugr_cmp-1-/results/nangate45/dynamic_node/base/3_3_place_gp.odb
[WARNING ORD-0012] Hierarchical flow (-hier) is currently in development and may cause multiple issues. Do not use in production environments.
read_sdc /tmp/workspace/scripts-Private_test-fr_cugr_cmp-1-/results/nangate45/dynamic_node/base/2_floorplan.sdc
source ./platforms/nangate45/setRC.tcl
estimate_parasitics -placement
replace_arith_modules -path_count 1000 -target setup -slack_threshold 0.0
[INFO RSZ-0151] Starting arithmetic module replacement to optimize 'setup' target
[INFO RSZ-0152] Analyzing 1000 critical paths with slack < 0.00
[INFO RSZ-0153] Identified 0 violating endpoints
[INFO RSZ-0154] Identified 0 critical arithmetic instances
[INFO GPL-0083] Execute incremental mode global placement.
[INFO GPL-0001] ---- Initialize GPL Main Data Structures
[INFO GPL-0002] DBU: 2000
[INFO GPL-0003] SiteSize: (  0.190  1.400 ) um
[INFO GPL-0004] CoreBBox: (  5.130  5.600 ) ( 237.690 236.600 ) um
[INFO GPL-0016] Core area:                   53721.360 um^2
[INFO GPL-0036] Movable instances area:      21507.430 um^2
[INFO GPL-0037] Total instances area:        21617.288 um^2
[INFO GPL-0035] Pin density area adjust:      1837.528 um^2
[INFO GPL-0032] ---- Initialize Region: Top-level
[INFO GPL-0006] Number of instances:             11300
[INFO GPL-0007] Movable instances:               10887
[INFO GPL-0008] Fixed instances:                   413
[INFO GPL-0009] Dummy instances:                     0
[INFO GPL-0010] Number of nets:                  13494
[INFO GPL-0011] Number of pins:                  41593
[INFO GPL-0012] Die BBox:       (  0.000  0.000 ) ( 242.750 242.750 ) um
[INFO GPL-0013] Placement BBox: (  5.130  5.600 ) ( 237.690 236.600 ) um
[INFO GPL-0014] Region name: top-level.
[INFO GPL-0015] Region area:                 53721.360 um^2
[INFO GPL-0017] Fixed instances area:          109.858 um^2
[INFO GPL-0018] Movable instances area:      23344.958 um^2
[INFO GPL-0019] Utilization:                    43.545 %
[INFO GPL-0020] Standard cells area:         23344.958 um^2
[INFO GPL-0021] Large instances area:            0.000 um^2
[INFO GPL-0154] Identified 10887 placed instances
[INFO GPL-0155] Identified 0 not placed instances
[INFO GPL-0156] Identified all instances as placed. Skipping incremental mode
Perform buffer insertion and gate resizing...
repair_design -verbose
Iteration |   Area    | Resized | Buffers | Nets repaired | Remaining
---------------------------------------------------------------------
        0 |     +0.0% |       0 |       0 |             0 |     13494
     1000 |     +0.0% |       0 |       1 |             1 |     12494
     2000 |     +0.0% |       0 |       1 |             1 |     11494
     3000 |     +0.0% |       0 |       1 |             1 |     10494
     4000 |     +0.0% |       0 |       1 |             1 |      9494
     5000 |     +0.0% |       0 |       1 |             1 |      8494
     6000 |     +0.0% |       0 |       1 |             1 |      7494
     7000 |     +0.0% |       0 |       4 |             4 |      6494
     8000 |     +0.0% |       0 |       5 |             5 |      5494
     9000 |     +0.0% |       0 |       5 |             5 |      4494
    10000 |     +0.0% |       0 |       5 |             5 |      3494
    11000 |     +0.0% |       0 |       5 |             5 |      2494
    12000 |     +0.0% |       0 |       5 |             5 |      1494
    13000 |     +0.0% |       0 |       5 |             5 |       494
    final |     +0.0% |       0 |       5 |             5 |         0
---------------------------------------------------------------------
[INFO RSZ-0036] Found 5 capacitance violations.
[INFO RSZ-0038] Inserted 5 buffers in 5 nets.
[INFO RSZ-0504] Runtime: 0.76s
Floating nets: 
Report metrics stage 3, resizer...

==========================================================================
resizer report_design_area
--------------------------------------------------------------------------
Design area 21626 um^2 40% utilization.
Instance count before 11300, after 11305
Pin count before 40900, after 40910
write_db /tmp/workspace/scripts-Private_test-fr_cugr_cmp-1-/results/nangate45/dynamic_node/base/3_4_place_resized.odb
Elapsed time: 0:06.46[h:]min:sec. CPU time: user 9.38 sys 5.01 (222%). Peak memory: 187240KB.
Log                       Ext     Elapsed/s Peak Memory/MB sha1sum result [0:20)
3_4_place_resized         .odb            6            182 5f4cb399acf296f0c934
/OpenROAD-flow-scripts/flow/scripts/flow.sh 3_5_place_dp detail_place
Running detail_place.tcl, stage 3_5_place_dp
read_liberty ./platforms/nangate45/lib/NangateOpenCellLibrary_typical.lib
read_db -hier /tmp/workspace/scripts-Private_test-fr_cugr_cmp-1-/results/nangate45/dynamic_node/base/3_4_place_resized.odb
[WARNING ORD-0012] Hierarchical flow (-hier) is currently in development and may cause multiple issues. Do not use in production environments.
read_sdc /tmp/workspace/scripts-Private_test-fr_cugr_cmp-1-/results/nangate45/dynamic_node/base/2_floorplan.sdc
source ./platforms/nangate45/setRC.tcl
detailed_placement
[INFO DPL-0006] Core area: 53721.36 um^2
[INFO DPL-0007] Movable instances area: 21516.21 um^2
[INFO DPL-0008] Fixed instances area within core: 109.86 um^2
[INFO DPL-0009] Utilization: 40.3%
[INFO DPL-0005] Diamond search max displacement: +/- 500 sites horizontally, +/- 100 rows vertically.
[INFO DPL-1102] Legalizing using negotiation legalizer.
[INFO DPL-1103] Negotiation base search window: +/-20 sites horizontally, +/-5 rows vertically 
	Automatic search window extension enabled.
	Search window extendable up to the max displacement cap of +/-500 sites, +/-100 rows near walls.
[INFO DPL-1104] NegotiationLegalizer DRC penalty: 5.
[INFO DPL-0392] Negotiation cell height distribution (1 unique row-count(s)):
[INFO DPL-0393]   height 1 row(s): 11305 cells
          |      Total |  Illegal |  Illegal
Iteration | Violations |    Cells |    Sites
---------------------------------------------
        0 |        100 |        24 |        76
        1 |          0 |         0 |         0
Negotiation phase 1 converged at iteration 1.
[INFO DPL-0500] Runtime: 0.11s
Placement Analysis
---------------------------------
total displacement      18200.5 u
average displacement        1.6 u
max displacement           10.3 u
original HPWL          143750.0 u
legalized HPWL         161422.8 u
delta HPWL                   12 %

improve_placement -max_displacement "5 1"
Detailed placement improvement.
[INFO DPL-0401] Setting random seed to 1.
[INFO DPL-0402] Setting maximum displacement 5 1 to 14000 2800 units.
[INFO DPL-0320] Collected 1106 fixed cells.
[INFO DPL-0318] Collected 10892 single height cells.
[INFO DPL-0321] Collected 0 wide cells.
[INFO DPL-0322] Image (10260, 11200) - (475380, 473200)
[INFO DPL-0310] Assigned 10892 cells into segments.  Movement in X-direction is 0.000000, movement in Y-direction is 0.000000.
[INFO DPL-0313] Found 0 cells in wrong regions.
[INFO DPL-0315] Found 0 row alignment problems.
[INFO DPL-0314] Found 0 site alignment problems.
[INFO DPL-0311] Found 0 overlaps between adjacent cells.
[INFO DPL-0312] Found 0 edge spacing violations and 0 padding violations.
[INFO DPL-0303] Running algorithm for independent set matching.
[INFO DPL-0300] Set matching objective is wirelength.
[INFO DPL-0301] Pass   1 of matching; objective is 3.226896e+08.
[INFO DPL-0302] End of matching; objective is 3.215828e+08, improvement is 0.34 percent.
[INFO DPL-0303] Running algorithm for global swaps.
[INFO DPL-0306] Pass   1 of global swaps; hpwl is 3.148676e+08.
[INFO DPL-0306] Pass   2 of global swaps; hpwl is 3.132989e+08.
[INFO DPL-0307] End of global swaps; objective is 3.132989e+08, improvement is 2.58 percent.
[INFO DPL-0303] Running algorithm for vertical swaps.
[INFO DPL-0308] Pass   1 of vertical swaps; hpwl is 3.114189e+08.
[INFO DPL-0309] End of vertical swaps; objective is 3.114189e+08, improvement is 0.60 percent.
[INFO DPL-0303] Running algorithm for reordering.
[INFO DPL-0304] Pass   1 of reordering; objective is 3.110230e+08.
[INFO DPL-0305] End of reordering; objective is 3.110230e+08, improvement is 0.13 percent.
[INFO DPL-0303] Running algorithm for random improvement.
[INFO DPL-0324] Random improver is using random generator.
[INFO DPL-0325] Random improver is using hpwl objective.
[INFO DPL-0326] Random improver cost string is (a).
[INFO DPL-0332] End of pass, Generator random called 217840 times.
[INFO DPL-0335] Generator random, Cumulative attempts 217840, swaps 23534, moves 74884 since last reset.
[INFO DPL-0333] End of pass, Objective hpwl, Initial cost 3.086930e+08, Scratch cost 3.038390e+08, Incremental cost 3.038390e+08, Mismatch? N
[INFO DPL-0338] End of pass, Total cost is 3.038390e+08.
[INFO DPL-0327] Pass   1 of random improver; improvement in cost is 1.57 percent.
[INFO DPL-0332] End of pass, Generator random called 217840 times.
[INFO DPL-0335] Generator random, Cumulative attempts 435680, swaps 46622, moves 148670 since last reset.
[INFO DPL-0333] End of pass, Objective hpwl, Initial cost 3.038390e+08, Scratch cost 3.022350e+08, Incremental cost 3.022350e+08, Mismatch? N
[INFO DPL-0338] End of pass, Total cost is 3.022350e+08.
[INFO DPL-0327] Pass   2 of random improver; improvement in cost is 0.53 percent.
[INFO DPL-0328] End of random improver; improvement is 2.092059 percent.
[INFO DPL-0380] Cell flipping.
[INFO DPL-0382] Changed 0 cell orientations for row compatibility.
[INFO DPL-0383] Performed 4085 cell flips.
[INFO DPL-0384] End of flipping; objective is 2.983973e+08, improvement is 2.03 percent.
[INFO DPL-0313] Found 0 cells in wrong regions.
[INFO DPL-0315] Found 0 row alignment problems.
[INFO DPL-0314] Found 0 site alignment problems.
[INFO DPL-0311] Found 0 overlaps between adjacent cells.
[INFO DPL-0312] Found 0 edge spacing violations and 0 padding violations.
Detailed Improvement Results
------------------------------------------
Original HPWL           161422.8 u (   76792.6,    84630.2)
Final HPWL              149345.4 u (   74564.7,    74780.7)
Delta HPWL                  -7.5 % (      -2.9,      -11.6)

optimize_mirroring
[INFO DPL-0020] Mirrored 475 instances
[INFO DPL-0021] HPWL before          149345.4 u
[INFO DPL-0022] HPWL after           149280.0 u
[INFO DPL-0023] HPWL delta               -0.0 %
[INFO FLW-0012] Placement violations .
estimate_parasitics -placement
Report metrics stage 3, detailed place...

==========================================================================
detailed place report_design_area
--------------------------------------------------------------------------
Design area 21626 um^2 40% utilization.
write_db /tmp/workspace/scripts-Private_test-fr_cugr_cmp-1-/results/nangate45/dynamic_node/base/3_5_place_dp.odb
write_sdc -no_timestamp /tmp/workspace/scripts-Private_test-fr_cugr_cmp-1-/results/nangate45/dynamic_node/base/3_place.sdc
Elapsed time: 0:08.36[h:]min:sec. CPU time: user 11.49 sys 5.25 (200%). Peak memory: 199672KB.
Log                       Ext     Elapsed/s Peak Memory/MB sha1sum result [0:20)
3_5_place_dp              .odb            8            194 1e05ed018d3adf55a3f8
cp /tmp/workspace/scripts-Private_test-fr_cugr_cmp-1-/results/nangate45/dynamic_node/base/3_5_place_dp.odb /tmp/workspace/scripts-Private_test-fr_cugr_cmp-1-/results/nangate45/dynamic_node/base/3_place.odb
/OpenROAD-flow-scripts/flow/scripts/flow.sh 4_1_cts cts
Running cts.tcl, stage 4_1_cts
read_liberty ./platforms/nangate45/lib/NangateOpenCellLibrary_typical.lib
read_db -hier /tmp/workspace/scripts-Private_test-fr_cugr_cmp-1-/results/nangate45/dynamic_node/base/3_place.odb
[WARNING ORD-0012] Hierarchical flow (-hier) is currently in development and may cause multiple issues. Do not use in production environments.
read_sdc /tmp/workspace/scripts-Private_test-fr_cugr_cmp-1-/results/nangate45/dynamic_node/base/3_place.sdc
source ./platforms/nangate45/setRC.tcl
clock_tree_synthesis -sink_clustering_enable -repair_clock_nets
[INFO CTS-0050] Root buffer is CLKBUF_X3.
[INFO CTS-0051] Sink buffer is CLKBUF_X3.
[INFO CTS-0052] The following clock buffers will be used for CTS:
                    CLKBUF_X3
[INFO CTS-0049] Characterization buffer is CLKBUF_X3.
[INFO CTS-0007] Net "clk" found for clock "clk".
[INFO CTS-0010]  Clock net "clk" has 2245 sinks.
[INFO CTS-0008] TritonCTS found 1 clock nets.
[INFO CTS-0097] Characterization used 1 buffer(s) types.
[INFO CTS-0201] 0 blockages from hard placement blockages and placed macros will be used.
[INFO CTS-0027] Generating H-Tree topology for net clk.
[INFO CTS-0028]  Total number of sinks: 2245.
[INFO CTS-0090]  Sinks will be clustered based on buffer max cap.
[INFO CTS-0030]  Number of static layers: 0.
[INFO CTS-0020]  Wire segment unit: 14000  dbu (7 um).
[INFO CTS-0206] Best clustering solution was found from max clustering size of 9 and max clustering diameter of 29.
[INFO CTS-0019]  Total number of sinks after clustering: 317.
[INFO CTS-0024]  Normalized sink region: [(1.75071, 1.22929), (33.1109, 29.2446)].
[INFO CTS-0025]     Width:  31.3602.
[INFO CTS-0026]     Height: 28.0153.
 Level 1
    Direction: Horizontal
    Sinks per sub-region: 159
    Sub-region size: 15.6801 X 28.0153
[INFO CTS-0034]     Segment length (rounded): 8.
 Level 2
    Direction: Vertical
    Sinks per sub-region: 80
    Sub-region size: 15.6801 X 14.0077
[INFO CTS-0034]     Segment length (rounded): 8.
 Level 3
    Direction: Horizontal
    Sinks per sub-region: 40
    Sub-region size: 7.8400 X 14.0077
[INFO CTS-0034]     Segment length (rounded): 4.
 Level 4
    Direction: Vertical
    Sinks per sub-region: 20
    Sub-region size: 7.8400 X 7.0038
[INFO CTS-0034]     Segment length (rounded): 4.
 Level 5
    Direction: Horizontal
    Sinks per sub-region: 10
    Sub-region size: 3.9200 X 7.0038
[INFO CTS-0034]     Segment length (rounded): 2.
[INFO CTS-0038]  Stop criterion found. Sink region hpwl is smaller than max wirelength (591.189 um) and max number of sinks is 15.
[INFO CTS-0035]  Number of sinks covered: 317.
[INFO CTS-0018]     Created 366 clock buffers.
[INFO CTS-0012]     Minimum number of buffers in the clock path: 4.
[INFO CTS-0013]     Maximum number of buffers in the clock path: 4.
[INFO CTS-0015]     Created 366 clock nets.
[INFO CTS-0016]     Fanout distribution for the current clock = 4:3, 5:13, 6:47, 7:156, 8:95, 9:16, 10:9, 11:4, 12:5, 13:1..
[INFO CTS-0017]     Max level of the clock tree: 5.
[INFO CTS-0098] Clock net "clk"
[INFO CTS-0099]  Sinks 2494
[INFO CTS-0100]  Leaf buffers 317
[INFO CTS-0101]  Average sink wire length 362.96 um
[INFO CTS-0102]  Path depth 3 - 4
[INFO CTS-0207]  Dummy loads inserted 249
[INFO CTS-0500] Runtime: 1.36s
estimate_parasitics -placement
detailed_placement
[INFO DPL-0006] Core area: 53721.36 um^2
[INFO DPL-0007] Movable instances area: 22187.86 um^2
[INFO DPL-0008] Fixed instances area within core: 109.86 um^2
[INFO DPL-0009] Utilization: 41.5%
[INFO DPL-0005] Diamond search max displacement: +/- 500 sites horizontally, +/- 100 rows vertically.
[INFO DPL-1102] Legalizing using negotiation legalizer.
[INFO DPL-1103] Negotiation base search window: +/-20 sites horizontally, +/-5 rows vertically 
	Automatic search window extension enabled.
	Search window extendable up to the max displacement cap of +/-500 sites, +/-100 rows near walls.
[INFO DPL-1104] NegotiationLegalizer DRC penalty: 5.
[INFO DPL-0392] Negotiation cell height distribution (1 unique row-count(s)):
[INFO DPL-0393]   height 1 row(s): 11920 cells
          |      Total |  Illegal |  Illegal
Iteration | Violations |    Cells |    Sites
---------------------------------------------
        0 |         12 |         6 |         6
        1 |          0 |         0 |         0
Negotiation phase 1 converged at iteration 1.
[INFO DPL-0500] Runtime: 0.08s
Placement Analysis
---------------------------------
total displacement       7090.2 u
average displacement        0.6 u
max displacement           11.8 u
original HPWL          158090.3 u
legalized HPWL         161978.7 u
delta HPWL                    2 %

estimate_parasitics -placement
repair_timing -setup_margin 0 -hold_margin 0 -repair_tns 100 -verbose
[INFO RSZ-0100] Repair move sequence: UnbufferMove SizeUpMove SwapPinsMove BufferMove CloneMove SplitLoadMove 
[INFO RSZ-0098] No setup violations found
[INFO RSZ-0505] Runtime: 0.42s
[INFO RSZ-0033] No hold violations found.
[INFO RSZ-0506] Runtime: 0.09s
Repair timing output passed lec test
detailed_placement
[INFO DPL-0006] Core area: 53721.36 um^2
[INFO DPL-0007] Movable instances area: 22187.86 um^2
[INFO DPL-0008] Fixed instances area within core: 109.86 um^2
[INFO DPL-0009] Utilization: 41.5%
[INFO DPL-0005] Diamond search max displacement: +/- 500 sites horizontally, +/- 100 rows vertically.
[INFO DPL-1102] Legalizing using negotiation legalizer.
[INFO DPL-1103] Negotiation base search window: +/-20 sites horizontally, +/-5 rows vertically 
	Automatic search window extension enabled.
	Search window extendable up to the max displacement cap of +/-500 sites, +/-100 rows near walls.
[INFO DPL-1104] NegotiationLegalizer DRC penalty: 5.
[INFO DPL-0392] Negotiation cell height distribution (1 unique row-count(s)):
[INFO DPL-0393]   height 1 row(s): 11920 cells
[INFO DPL-0500] Runtime: 0.06s
Placement Analysis
---------------------------------
total displacement          0.0 u
average displacement        0.0 u
max displacement            0.0 u
original HPWL          161978.7 u
legalized HPWL         161978.7 u
delta HPWL                    0 %

estimate_parasitics -placement
Report metrics stage 4, cts final...

==========================================================================
cts final report_design_area
--------------------------------------------------------------------------
Design area 22298 um^2 42% utilization.
write_db /tmp/workspace/scripts-Private_test-fr_cugr_cmp-1-/results/nangate45/dynamic_node/base/4_1_cts.odb
write_sdc -no_timestamp /tmp/workspace/scripts-Private_test-fr_cugr_cmp-1-/results/nangate45/dynamic_node/base/4_cts.sdc
Elapsed time: 0:09.55[h:]min:sec. CPU time: user 15.84 sys 11.29 (284%). Peak memory: 215404KB.
Log                       Ext     Elapsed/s Peak Memory/MB sha1sum result [0:20)
4_1_cts                   .odb            9            210 4ce1485ac5d070eb3d23
cp /tmp/workspace/scripts-Private_test-fr_cugr_cmp-1-/results/nangate45/dynamic_node/base/4_1_cts.odb /tmp/workspace/scripts-Private_test-fr_cugr_cmp-1-/results/nangate45/dynamic_node/base/4_cts.odb
/OpenROAD-flow-scripts/flow/scripts/flow.sh 5_1_grt global_route
Running global_route.tcl, stage 5_1_grt
read_liberty ./platforms/nangate45/lib/NangateOpenCellLibrary_typical.lib
read_db -hier /tmp/workspace/scripts-Private_test-fr_cugr_cmp-1-/results/nangate45/dynamic_node/base/4_cts.odb
[WARNING ORD-0012] Hierarchical flow (-hier) is currently in development and may cause multiple issues. Do not use in production environments.
read_sdc /tmp/workspace/scripts-Private_test-fr_cugr_cmp-1-/results/nangate45/dynamic_node/base/4_cts.sdc
source ./platforms/nangate45/setRC.tcl
pin_access
[INFO DRT-0149] Reading tech and libs.

Units:                2000
Number of layers:     21
Number of macros:     135
Number of vias:       33
Number of viarulegen: 19

[INFO DRT-0150] Reading design.
[WARNING DRT-0120] Large net net2102 has 133 pins which may impact routing performance. Consider optimization.
[WARNING DRT-0120] Large net net2033 has 120 pins which may impact routing performance. Consider optimization.
[WARNING DRT-0120] Large net net2032 has 138 pins which may impact routing performance. Consider optimization.

Design:                   dynamic_node_top_wrap
Die area:                 ( 0 0 ) ( 485500 485500 )
Number of track patterns: 20
Number of DEF vias:       0
Number of components:     11920
Number of terminals:      695
Number of snets:          2
Number of nets:           13865

[INFO DRT-0167] List of default vias:
  Layer via2
    default via: via2_5
  Layer via3
    default via: via3_2
  Layer via4
    default via: via4_0
  Layer via5
    default via: via5_0
  Layer via6
    default via: via6_0
  Layer via7
    default via: via7_0
  Layer via8
    default via: via8_0
  Layer via9
    default via: via9_0
[INFO DRT-0162] Library cell analysis.
[INFO DRT-0163] Instance analysis.
[INFO DRT-0164] Number of unique instances = 124.
[INFO DRT-0168] Init region query.
[INFO DRT-0024]   Complete active.
[INFO DRT-0024]   Complete Fr_VIA.
[INFO DRT-0024]   Complete metal1.
[INFO DRT-0024]   Complete via1.
[INFO DRT-0024]   Complete metal2.
[INFO DRT-0024]   Complete via2.
[INFO DRT-0024]   Complete metal3.
[INFO DRT-0024]   Complete via3.
[INFO DRT-0024]   Complete metal4.
[INFO DRT-0024]   Complete via4.
[INFO DRT-0024]   Complete metal5.
[INFO DRT-0024]   Complete via5.
[INFO DRT-0024]   Complete metal6.
[INFO DRT-0024]   Complete via6.
[INFO DRT-0024]   Complete metal7.
[INFO DRT-0024]   Complete via7.
[INFO DRT-0024]   Complete metal8.
[INFO DRT-0024]   Complete via8.
[INFO DRT-0024]   Complete metal9.
[INFO DRT-0024]   Complete via9.
[INFO DRT-0024]   Complete metal10.
[INFO DRT-0033] active shape region query size = 0.
[INFO DRT-0033] FR_VIA shape region query size = 0.
[INFO DRT-0033] metal1 shape region query size = 246026.
[INFO DRT-0033] via1 shape region query size = 2241.
[INFO DRT-0033] metal2 shape region query size = 1494.
[INFO DRT-0033] via2 shape region query size = 2241.
[INFO DRT-0033] metal3 shape region query size = 1494.
[INFO DRT-0033] via3 shape region query size = 2241.
[INFO DRT-0033] metal4 shape region query size = 828.
[INFO DRT-0033] via4 shape region query size = 720.
[INFO DRT-0033] metal5 shape region query size = 461.
[INFO DRT-0033] via5 shape region query size = 720.
[INFO DRT-0033] metal6 shape region query size = 520.
[INFO DRT-0033] via6 shape region query size = 288.
[INFO DRT-0033] metal7 shape region query size = 104.
[INFO DRT-0033] via7 shape region query size = 0.
[INFO DRT-0033] metal8 shape region query size = 0.
[INFO DRT-0033] via8 shape region query size = 0.
[INFO DRT-0033] metal9 shape region query size = 0.
[INFO DRT-0033] via9 shape region query size = 0.
[INFO DRT-0033] metal10 shape region query size = 0.
[INFO DRT-0165] Start pin access.
[INFO DRT-0078]   Complete 729 pins.
[INFO DRT-0079]   Complete 100 unique inst patterns.
[INFO DRT-0081]   Complete 124 unique inst patterns.
[INFO DRT-0084]   Complete 7070 groups.
#scanned instances     = 11920
#unique  instances     = 124
#stdCellGenAp          = 4385
#stdCellValidPlanarAp  = 0
#stdCellValidViaAp     = 3081
#stdCellPinNoAp        = 0
#stdCellPinCnt         = 41891
#instTermValidViaApCnt = 0
#macroGenAp            = 0
#macroValidPlanarAp    = 0
#macroValidViaAp       = 0
#macroNoAp             = 0
[INFO DRT-0166] Complete pin access.
[INFO DRT-0267] cpu time = 00:01:59, elapsed time = 00:00:04, memory = 167.58 (MB), peak = 166.08 (MB)
global_route -congestion_report_file /tmp/workspace/scripts-Private_test-fr_cugr_cmp-1-/reports/nangate45/dynamic_node/base/congestion.rpt -congestion_iterations 30 -congestion_report_iter_step 5 -verbose
[INFO GRT-0020] Min routing layer: metal2
[INFO GRT-0021] Max routing layer: metal10
[INFO GRT-0022] Global adjustment: 0%
[INFO GRT-0023] Grid origin: (0, 0)
[INFO GRT-0088] Layer metal1  Track-Pitch = 0.1400  line-2-Via Pitch: 0.1350
[INFO GRT-0088] Layer metal2  Track-Pitch = 0.1900  line-2-Via Pitch: 0.1400
[INFO GRT-0088] Layer metal3  Track-Pitch = 0.1400  line-2-Via Pitch: 0.1400
[INFO GRT-0088] Layer metal4  Track-Pitch = 0.2800  line-2-Via Pitch: 0.2800
[INFO GRT-0088] Layer metal5  Track-Pitch = 0.2800  line-2-Via Pitch: 0.2800
[INFO GRT-0088] Layer metal6  Track-Pitch = 0.2800  line-2-Via Pitch: 0.2800
[INFO GRT-0088] Layer metal7  Track-Pitch = 0.8000  line-2-Via Pitch: 0.8000
[INFO GRT-0088] Layer metal8  Track-Pitch = 0.8000  line-2-Via Pitch: 0.8000
[INFO GRT-0088] Layer metal9  Track-Pitch = 1.6000  line-2-Via Pitch: 1.6000
[INFO GRT-0088] Layer metal10 Track-Pitch = 1.6000  line-2-Via Pitch: 1.6000
[INFO GRT-0003] Macros: 0
[INFO GRT-0004] Blockages: 0
[INFO GRT-0019] Found 367 clock nets.
[INFO GRT-0001] Minimum degree: 2
[INFO GRT-0002] Maximum degree: 138

[INFO GRT-0053] Routing resources analysis:
          Routing      Original      Derated      Resource
Layer     Direction    Resources     Resources    Reduction (%)
---------------------------------------------------------------
metal1     Horizontal          0             0          0.00%
metal2     Vertical       105066         49330          53.05%
metal3     Horizontal     144878         71074          50.94%
metal4     Vertical        71279         50511          29.14%
metal5     Horizontal      72437         51105          29.45%
metal6     Vertical        72671         51315          29.39%
metal7     Horizontal      22418         15606          30.39%
metal8     Vertical        25452         18312          28.05%
metal9     Horizontal      12684          7140          43.71%
metal10    Vertical        12684          7140          43.71%
---------------------------------------------------------------

[INFO GRT-0101] Running extra iterations to remove congestion.
[INFO GRT-0102] Start extra iteration 1/30
[INFO GRT-0197] Via related to pin nodes: 73160
[INFO GRT-0198] Via related Steiner nodes: 1712
[INFO GRT-0199] Via filling finished.
[INFO GRT-0111] Final number of vias: 94241
[INFO GRT-0112] Final usage 3D: 353800

[INFO GRT-0096] Final congestion report:
Layer         Resource        Demand        Usage (%)    Max H / Max V / Total Congestion
---------------------------------------------------------------------------------------
metal1               0             0            0.00%             0 /  0 /  0
metal2           49330         22021           44.64%             0 /  0 /  0
metal3           71074         27491           38.68%             0 /  0 /  0
metal4           50511         11535           22.84%             0 /  0 /  0
metal5           51105          6996           13.69%             0 /  0 /  0
metal6           51315          2887            5.63%             0 /  0 /  0
metal7           15606           147            0.94%             0 /  0 /  0
metal8           18312             0            0.00%             0 /  0 /  0
metal9            7140             0            0.00%             0 /  0 /  0
metal10           7140             0            0.00%             0 /  0 /  0
---------------------------------------------------------------------------------------
Total           321533         71077           22.11%             0 /  0 /  0

[INFO GRT-0018] Total wirelength: 5860398 um
[INFO GRT-0014] Routed nets: 11620
[INFO GRT-0303] Global routing runtime = 00:00:01
[WARNING STA-0450] virtual clock vclk can not be propagated.
estimate_parasitics -global_routing
Perform buffer insertion and gate resizing...
repair_design -verbose
Iteration |   Area    | Resized | Buffers | Nets repaired | Remaining
---------------------------------------------------------------------
        0 |     +0.0% |       0 |       0 |             0 |     14114
     1000 |     +0.0% |       0 |       0 |             1 |     13114
     2000 |     +0.0% |       0 |       0 |             1 |     12114
     3000 |     +0.0% |       0 |       0 |             1 |     11114
     4000 |     +0.0% |       0 |       0 |             1 |     10114
     5000 |     +0.0% |       0 |       0 |             1 |      9114
     6000 |     +0.0% |       0 |       0 |             1 |      8114
     7000 |     +0.0% |       0 |       0 |             3 |      7114
     8000 |     +0.0% |       0 |       0 |             3 |      6114
[WARNING RSZ-0104] Net n1389 only has one pin. Check if it is intended to be dangling.
[WARNING RSZ-0104] Net n1386 only has one pin. Check if it is intended to be dangling.
[WARNING RSZ-0104] Net n1383 only has one pin. Check if it is intended to be dangling.
[WARNING RSZ-0104] Net n1378 only has one pin. Check if it is intended to be dangling.
[WARNING RSZ-0104] Net n1376 only has one pin. Check if it is intended to be dangling.
[WARNING RSZ-0104] Net n1372 only has one pin. Check if it is intended to be dangling.
[WARNING RSZ-0104] Net n1369 only has one pin. Check if it is intended to be dangling.
[WARNING RSZ-0104] Net n1365 only has one pin. Check if it is intended to be dangling.
[WARNING RSZ-0104] Net n1363 only has one pin. Check if it is intended to be dangling.
[WARNING RSZ-0104] Net n1359 only has one pin. Check if it is intended to be dangling.
[WARNING RSZ-0104] Net n1356 only has one pin. Check if it is intended to be dangling.
[WARNING RSZ-0104] Net n1352 only has one pin. Check if it is intended to be dangling.
[WARNING RSZ-0104] Net n9459 only has one pin. Check if it is intended to be dangling.
[WARNING RSZ-0104] Net n9455 only has one pin. Check if it is intended to be dangling.
[WARNING RSZ-0104] Net n9453 only has one pin. Check if it is intended to be dangling.
[WARNING RSZ-0104] Net n138 only has one pin. Check if it is intended to be dangling.
[WARNING RSZ-0104] Net n9440 only has one pin. Check if it is intended to be dangling.
[WARNING RSZ-0104] Net n9438 only has one pin. Check if it is intended to be dangling.
[WARNING RSZ-0104] Net n1348 only has one pin. Check if it is intended to be dangling.
[WARNING RSZ-0104] Net n9431 only has one pin. Check if it is intended to be dangling.
[WARNING RSZ-0104] Net n9428 only has one pin. Check if it is intended to be dangling.
[WARNING RSZ-0104] Net n9422 only has one pin. Check if it is intended to be dangling.
[WARNING RSZ-0104] Net n1345 only has one pin. Check if it is intended to be dangling.
[WARNING RSZ-0104] Net n1343 only has one pin. Check if it is intended to be dangling.
[WARNING RSZ-0104] Net n9389 only has one pin. Check if it is intended to be dangling.
[WARNING RSZ-0104] Net n9387 only has one pin. Check if it is intended to be dangling.
[WARNING RSZ-0104] Net n9385 only has one pin. Check if it is intended to be dangling.
[WARNING RSZ-0104] Net n1340 only has one pin. Check if it is intended to be dangling.
[WARNING RSZ-0104] Net n1338 only has one pin. Check if it is intended to be dangling.
[WARNING RSZ-0104] Net n9362 only has one pin. Check if it is intended to be dangling.
[WARNING RSZ-0104] Net n9359 only has one pin. Check if it is intended to be dangling.
[WARNING RSZ-0104] Net n9356 only has one pin. Check if it is intended to be dangling.
[WARNING RSZ-0104] Net n9353 only has one pin. Check if it is intended to be dangling.
[WARNING RSZ-0104] Net n1335 only has one pin. Check if it is intended to be dangling.
[WARNING RSZ-0104] Net n9350 only has one pin. Check if it is intended to be dangling.
[WARNING RSZ-0104] Net n9348 only has one pin. Check if it is intended to be dangling.
[WARNING RSZ-0104] Net n9346 only has one pin. Check if it is intended to be dangling.
[WARNING RSZ-0104] Net n9339 only has one pin. Check if it is intended to be dangling.
[WARNING RSZ-0104] Net n1331 only has one pin. Check if it is intended to be dangling.
[WARNING RSZ-0104] Net n9307 only has one pin. Check if it is intended to be dangling.
[WARNING RSZ-0104] Net n9305 only has one pin. Check if it is intended to be dangling.
[WARNING RSZ-0104] Net n9303 only has one pin. Check if it is intended to be dangling.
[WARNING RSZ-0104] Net n1326 only has one pin. Check if it is intended to be dangling.
[WARNING RSZ-0104] Net n9281 only has one pin. Check if it is intended to be dangling.
[WARNING RSZ-0104] Net n9279 only has one pin. Check if it is intended to be dangling.
[WARNING RSZ-0104] Net n9277 only has one pin. Check if it is intended to be dangling.
[WARNING RSZ-0104] Net n1323 only has one pin. Check if it is intended to be dangling.
[WARNING RSZ-0104] Net n9253 only has one pin. Check if it is intended to be dangling.
[WARNING RSZ-0104] Net n9250 only has one pin. Check if it is intended to be dangling.
[WARNING RSZ-0104] Net n9247 only has one pin. Check if it is intended to be dangling.
[WARNING RSZ-0104] Net n9244 only has one pin. Check if it is intended to be dangling.
[WARNING RSZ-0104] Net n9241 only has one pin. Check if it is intended to be dangling.
[WARNING RSZ-0104] Net n1320 only has one pin. Check if it is intended to be dangling.
[WARNING RSZ-0104] Net n135 only has one pin. Check if it is intended to be dangling.
[WARNING RSZ-0104] Net n9238 only has one pin. Check if it is intended to be dangling.
[WARNING RSZ-0104] Net n9236 only has one pin. Check if it is intended to be dangling.
[WARNING RSZ-0104] Net n9228 only has one pin. Check if it is intended to be dangling.
[WARNING RSZ-0104] Net n1317 only has one pin. Check if it is intended to be dangling.
[WARNING RSZ-0104] Net n9194 only has one pin. Check if it is intended to be dangling.
[WARNING RSZ-0104] Net n1313 only has one pin. Check if it is intended to be dangling.
[WARNING RSZ-0104] Net n9192 only has one pin. Check if it is intended to be dangling.
[WARNING RSZ-0104] Net n9190 only has one pin. Check if it is intended to be dangling.
[WARNING RSZ-0104] Net n1310 only has one pin. Check if it is intended to be dangling.
[WARNING RSZ-0104] Net n9166 only has one pin. Check if it is intended to be dangling.
[WARNING RSZ-0104] Net n9163 only has one pin. Check if it is intended to be dangling.
[WARNING RSZ-0104] Net n9160 only has one pin. Check if it is intended to be dangling.
[WARNING RSZ-0104] Net n9157 only has one pin. Check if it is intended to be dangling.
[WARNING RSZ-0104] Net n9154 only has one pin. Check if it is intended to be dangling.
[WARNING RSZ-0104] Net n9151 only has one pin. Check if it is intended to be dangling.
[WARNING RSZ-0104] Net n9149 only has one pin. Check if it is intended to be dangling.
[WARNING RSZ-0104] Net n1307 only has one pin. Check if it is intended to be dangling.
[WARNING RSZ-0104] Net n9143 only has one pin. Check if it is intended to be dangling.
[WARNING RSZ-0104] Net n1304 only has one pin. Check if it is intended to be dangling.
[WARNING RSZ-0104] Net n9110 only has one pin. Check if it is intended to be dangling.
[WARNING RSZ-0104] Net n1298 only has one pin. Check if it is intended to be dangling.
[WARNING RSZ-0104] Net n9107 only has one pin. Check if it is intended to be dangling.
[WARNING RSZ-0104] Net n9104 only has one pin. Check if it is intended to be dangling.
[WARNING RSZ-0104] Net n9101 only has one pin. Check if it is intended to be dangling.
[WARNING RSZ-0104] Net n9098 only has one pin. Check if it is intended to be dangling.
[WARNING RSZ-0104] Net n9095 only has one pin. Check if it is intended to be dangling.
[WARNING RSZ-0104] Net n9093 only has one pin. Check if it is intended to be dangling.
[WARNING RSZ-0104] Net n9087 only has one pin. Check if it is intended to be dangling.
[WARNING RSZ-0104] Net n1295 only has one pin. Check if it is intended to be dangling.
[WARNING RSZ-0104] Net n1291 only has one pin. Check if it is intended to be dangling.
[WARNING RSZ-0104] Net n9056 only has one pin. Check if it is intended to be dangling.
[WARNING RSZ-0104] Net n9054 only has one pin. Check if it is intended to be dangling.
[WARNING RSZ-0104] Net n9052 only has one pin. Check if it is intended to be dangling.
[WARNING RSZ-0104] Net n1288 only has one pin. Check if it is intended to be dangling.
[WARNING RSZ-0104] Net n1283 only has one pin. Check if it is intended to be dangling.
[WARNING RSZ-0104] Net n1280 only has one pin. Check if it is intended to be dangling.
[WARNING RSZ-0104] Net n131 only has one pin. Check if it is intended to be dangling.
[WARNING RSZ-0104] Net n1277 only has one pin. Check if it is intended to be dangling.
[WARNING RSZ-0104] Net n1274 only has one pin. Check if it is intended to be dangling.
[WARNING RSZ-0104] Net n1269 only has one pin. Check if it is intended to be dangling.
[WARNING RSZ-0104] Net n129 only has one pin. Check if it is intended to be dangling.
[WARNING RSZ-0104] Net n1265 only has one pin. Check if it is intended to be dangling.
[WARNING RSZ-0104] Net n1262 only has one pin. Check if it is intended to be dangling.
[WARNING RSZ-0104] Net n1260 only has one pin. Check if it is intended to be dangling.
[WARNING RSZ-0104] Net n1257 only has one pin. Check if it is intended to be dangling.
[WARNING RSZ-0104] Net n1255 only has one pin. Check if it is intended to be dangling.
[WARNING RSZ-0104] Net n1252 only has one pin. Check if it is intended to be dangling.
[WARNING RSZ-0104] Net n14 only has one pin. Check if it is intended to be dangling.
[WARNING RSZ-0104] Net n1248 only has one pin. Check if it is intended to be dangling.
[WARNING RSZ-0104] Net n1244 only has one pin. Check if it is intended to be dangling.
[WARNING RSZ-0104] Net n1242 only has one pin. Check if it is intended to be dangling.
[WARNING RSZ-0104] Net n1238 only has one pin. Check if it is intended to be dangling.
[WARNING RSZ-0104] Net n1235 only has one pin. Check if it is intended to be dangling.
[WARNING RSZ-0104] Net n1230 only has one pin. Check if it is intended to be dangling.
[WARNING RSZ-0104] Net n1227 only has one pin. Check if it is intended to be dangling.
[WARNING RSZ-0104] Net n1224 only has one pin. Check if it is intended to be dangling.
[WARNING RSZ-0104] Net n1222 only has one pin. Check if it is intended to be dangling.
[WARNING RSZ-0104] Net n125 only has one pin. Check if it is intended to be dangling.
[WARNING RSZ-0104] Net n1217 only has one pin. Check if it is intended to be dangling.
[WARNING RSZ-0104] Net n1214 only has one pin. Check if it is intended to be dangling.
[WARNING RSZ-0104] Net n1211 only has one pin. Check if it is intended to be dangling.
[WARNING RSZ-0104] Net n1208 only has one pin. Check if it is intended to be dangling.
[WARNING RSZ-0104] Net n1204 only has one pin. Check if it is intended to be dangling.
[WARNING RSZ-0104] Net n1201 only has one pin. Check if it is intended to be dangling.
[WARNING RSZ-0104] Net n1198 only has one pin. Check if it is intended to be dangling.
[WARNING RSZ-0104] Net n1195 only has one pin. Check if it is intended to be dangling.
[WARNING RSZ-0104] Net n122 only has one pin. Check if it is intended to be dangling.
[WARNING RSZ-0104] Net n1189 only has one pin. Check if it is intended to be dangling.
[WARNING RSZ-0104] Net n1186 only has one pin. Check if it is intended to be dangling.
[WARNING RSZ-0104] Net n1182 only has one pin. Check if it is intended to be dangling.
[WARNING RSZ-0104] Net n1179 only has one pin. Check if it is intended to be dangling.
[WARNING RSZ-0104] Net n1174 only has one pin. Check if it is intended to be dangling.
[WARNING RSZ-0104] Net n1171 only has one pin. Check if it is intended to be dangling.
[WARNING RSZ-0104] Net n1167 only has one pin. Check if it is intended to be dangling.
[WARNING RSZ-0104] Net n1164 only has one pin. Check if it is intended to be dangling.
[WARNING RSZ-0104] Net n1159 only has one pin. Check if it is intended to be dangling.
[WARNING RSZ-0104] Net n1157 only has one pin. Check if it is intended to be dangling.
[WARNING RSZ-0104] Net n1153 only has one pin. Check if it is intended to be dangling.
[WARNING RSZ-0104] Net n1150 only has one pin. Check if it is intended to be dangling.
[WARNING RSZ-0104] Net n1146 only has one pin. Check if it is intended to be dangling.
[WARNING RSZ-0104] Net n1144 only has one pin. Check if it is intended to be dangling.
[WARNING RSZ-0104] Net n1140 only has one pin. Check if it is intended to be dangling.
[WARNING RSZ-0104] Net n117 only has one pin. Check if it is intended to be dangling.
[WARNING RSZ-0104] Net n1137 only has one pin. Check if it is intended to be dangling.
[WARNING RSZ-0104] Net n1133 only has one pin. Check if it is intended to be dangling.
[WARNING RSZ-0104] Net n1129 only has one pin. Check if it is intended to be dangling.
[WARNING RSZ-0104] Net n1126 only has one pin. Check if it is intended to be dangling.
[WARNING RSZ-0104] Net n1124 only has one pin. Check if it is intended to be dangling.
[WARNING RSZ-0104] Net n1121 only has one pin. Check if it is intended to be dangling.
[WARNING RSZ-0104] Net n1119 only has one pin. Check if it is intended to be dangling.
[WARNING RSZ-0104] Net n1116 only has one pin. Check if it is intended to be dangling.
[WARNING RSZ-0104] Net n1112 only has one pin. Check if it is intended to be dangling.
[WARNING RSZ-0104] Net n114 only has one pin. Check if it is intended to be dangling.
[WARNING RSZ-0104] Net n12 only has one pin. Check if it is intended to be dangling.
[WARNING RSZ-0104] Net n1105 only has one pin. Check if it is intended to be dangling.
[WARNING RSZ-0104] Net n1102 only has one pin. Check if it is intended to be dangling.
[WARNING RSZ-0104] Net n1098 only has one pin. Check if it is intended to be dangling.
[WARNING RSZ-0104] Net n1095 only has one pin. Check if it is intended to be dangling.
[WARNING RSZ-0104] Net n1090 only has one pin. Check if it is intended to be dangling.
[WARNING RSZ-0104] Net n1087 only has one pin. Check if it is intended to be dangling.
[WARNING RSZ-0104] Net n1084 only has one pin. Check if it is intended to be dangling.
[WARNING RSZ-0104] Net n111 only has one pin. Check if it is intended to be dangling.
[WARNING RSZ-0104] Net n1081 only has one pin. Check if it is intended to be dangling.
[WARNING RSZ-0104] Net n1075 only has one pin. Check if it is intended to be dangling.
[WARNING RSZ-0104] Net n1072 only has one pin. Check if it is intended to be dangling.
[WARNING RSZ-0104] Net n1068 only has one pin. Check if it is intended to be dangling.
[WARNING RSZ-0104] Net n1065 only has one pin. Check if it is intended to be dangling.
[WARNING RSZ-0104] Net n1060 only has one pin. Check if it is intended to be dangling.
[WARNING RSZ-0104] Net n1057 only has one pin. Check if it is intended to be dangling.
[WARNING RSZ-0104] Net n108 only has one pin. Check if it is intended to be dangling.
[WARNING RSZ-0104] Net n1054 only has one pin. Check if it is intended to be dangling.
[WARNING RSZ-0104] Net n1051 only has one pin. Check if it is intended to be dangling.
[WARNING RSZ-0104] Net n1046 only has one pin. Check if it is intended to be dangling.
[WARNING RSZ-0104] Net n1044 only has one pin. Check if it is intended to be dangling.
[WARNING RSZ-0104] Net n1040 only has one pin. Check if it is intended to be dangling.
[WARNING RSZ-0104] Net n1037 only has one pin. Check if it is intended to be dangling.
[WARNING RSZ-0104] Net n1033 only has one pin. Check if it is intended to be dangling.
[WARNING RSZ-0104] Net n1031 only has one pin. Check if it is intended to be dangling.
[WARNING RSZ-0104] Net n1027 only has one pin. Check if it is intended to be dangling.
[WARNING RSZ-0104] Net n1024 only has one pin. Check if it is intended to be dangling.
[WARNING RSZ-0104] Net n1020 only has one pin. Check if it is intended to be dangling.
[WARNING RSZ-0104] Net n1016 only has one pin. Check if it is intended to be dangling.
[WARNING RSZ-0104] Net n104 only has one pin. Check if it is intended to be dangling.
[WARNING RSZ-0104] Net n1013 only has one pin. Check if it is intended to be dangling.
[WARNING RSZ-0104] Net n1011 only has one pin. Check if it is intended to be dangling.
[WARNING RSZ-0104] Net n1008 only has one pin. Check if it is intended to be dangling.
[WARNING RSZ-0104] Net n1006 only has one pin. Check if it is intended to be dangling.
[WARNING RSZ-0104] Net n1003 only has one pin. Check if it is intended to be dangling.
[WARNING RSZ-0104] Net n999 only has one pin. Check if it is intended to be dangling.
[WARNING RSZ-0104] Net n994 only has one pin. Check if it is intended to be dangling.
[WARNING RSZ-0104] Net n991 only has one pin. Check if it is intended to be dangling.
[WARNING RSZ-0104] Net n988 only has one pin. Check if it is intended to be dangling.
[WARNING RSZ-0104] Net n101 only has one pin. Check if it is intended to be dangling.
[WARNING RSZ-0104] Net n985 only has one pin. Check if it is intended to be dangling.
[WARNING RSZ-0104] Net n981 only has one pin. Check if it is intended to be dangling.
[WARNING RSZ-0104] Net n978 only has one pin. Check if it is intended to be dangling.
[WARNING RSZ-0104] Net n975 only has one pin. Check if it is intended to be dangling.
[WARNING RSZ-0104] Net n972 only has one pin. Check if it is intended to be dangling.
[WARNING RSZ-0104] Net n966 only has one pin. Check if it is intended to be dangling.
[WARNING RSZ-0104] Net n963 only has one pin. Check if it is intended to be dangling.
[WARNING RSZ-0104] Net n959 only has one pin. Check if it is intended to be dangling.
[WARNING RSZ-0104] Net n98 only has one pin. Check if it is intended to be dangling.
[WARNING RSZ-0104] Net n8717 only has one pin. Check if it is intended to be dangling.
[WARNING RSZ-0104] Net n8715 only has one pin. Check if it is intended to be dangling.
[WARNING RSZ-0104] Net n8712 only has one pin. Check if it is intended to be dangling.
[WARNING RSZ-0104] Net n8708 only has one pin. Check if it is intended to be dangling.
[WARNING RSZ-0104] Net n956 only has one pin. Check if it is intended to be dangling.
[WARNING RSZ-0104] Net n8684 only has one pin. Check if it is intended to be dangling.
[WARNING RSZ-0104] Net n8682 only has one pin. Check if it is intended to be dangling.
[WARNING RSZ-0104] Net n951 only has one pin. Check if it is intended to be dangling.
[WARNING RSZ-0104] Net n8667 only has one pin. Check if it is intended to be dangling.
[WARNING RSZ-0104] Net n8665 only has one pin. Check if it is intended to be dangling.
[WARNING RSZ-0104] Net n948 only has one pin. Check if it is intended to be dangling.
[WARNING RSZ-0104] Net n8650 only has one pin. Check if it is intended to be dangling.
[WARNING RSZ-0104] Net n8648 only has one pin. Check if it is intended to be dangling.
[WARNING RSZ-0104] Net n945 only has one pin. Check if it is intended to be dangling.
[WARNING RSZ-0104] Net n96 only has one pin. Check if it is intended to be dangling.
[WARNING RSZ-0104] Net n8633 only has one pin. Check if it is intended to be dangling.
[WARNING RSZ-0104] Net n8631 only has one pin. Check if it is intended to be dangling.
[WARNING RSZ-0104] Net n942 only has one pin. Check if it is intended to be dangling.
[WARNING RSZ-0104] Net n937 only has one pin. Check if it is intended to be dangling.
[WARNING RSZ-0104] Net n935 only has one pin. Check if it is intended to be dangling.
[WARNING RSZ-0104] Net n931 only has one pin. Check if it is intended to be dangling.
[WARNING RSZ-0104] Net n928 only has one pin. Check if it is intended to be dangling.
[WARNING RSZ-0104] Net n924 only has one pin. Check if it is intended to be dangling.
[WARNING RSZ-0104] Net n922 only has one pin. Check if it is intended to be dangling.
[WARNING RSZ-0104] Net n8473 only has one pin. Check if it is intended to be dangling.
[WARNING RSZ-0104] Net n8467 only has one pin. Check if it is intended to be dangling.
[WARNING RSZ-0104] Net n8464 only has one pin. Check if it is intended to be dangling.
[WARNING RSZ-0104] Net n8458 only has one pin. Check if it is intended to be dangling.
[WARNING RSZ-0104] Net n8453 only has one pin. Check if it is intended to be dangling.
[WARNING RSZ-0104] Net n8451 only has one pin. Check if it is intended to be dangling.
[WARNING RSZ-0104] Net n8443 only has one pin. Check if it is intended to be dangling.
[WARNING RSZ-0104] Net n918 only has one pin. Check if it is intended to be dangling.
[WARNING RSZ-0104] Net n8436 only has one pin. Check if it is intended to be dangling.
[WARNING RSZ-0104] Net n8431 only has one pin. Check if it is intended to be dangling.
[WARNING RSZ-0104] Net n8429 only has one pin. Check if it is intended to be dangling.
[WARNING RSZ-0104] Net n8421 only has one pin. Check if it is intended to be dangling.
[WARNING RSZ-0104] Net n8419 only has one pin. Check if it is intended to be dangling.
[WARNING RSZ-0104] Net n8416 only has one pin. Check if it is intended to be dangling.
[WARNING RSZ-0104] Net n915 only has one pin. Check if it is intended to be dangling.
[WARNING RSZ-0104] Net n8413 only has one pin. Check if it is intended to be dangling.
[WARNING RSZ-0104] Net n8405 only has one pin. Check if it is intended to be dangling.
[WARNING RSZ-0104] Net n8403 only has one pin. Check if it is intended to be dangling.
[WARNING RSZ-0104] Net n8402 only has one pin. Check if it is intended to be dangling.
[WARNING RSZ-0104] Net n8401 only has one pin. Check if it is intended to be dangling.
[WARNING RSZ-0104] Net n8400 only has one pin. Check if it is intended to be dangling.
[WARNING RSZ-0104] Net n8395 only has one pin. Check if it is intended to be dangling.
[WARNING RSZ-0104] Net n8390 only has one pin. Check if it is intended to be dangling.
[WARNING RSZ-0104] Net n8388 only has one pin. Check if it is intended to be dangling.
[WARNING RSZ-0104] Net n8384 only has one pin. Check if it is intended to be dangling.
[WARNING RSZ-0104] Net n8382 only has one pin. Check if it is intended to be dangling.
[WARNING RSZ-0104] Net n911 only has one pin. Check if it is intended to be dangling.
[WARNING RSZ-0104] Net n909 only has one pin. Check if it is intended to be dangling.
[WARNING RSZ-0104] Net n905 only has one pin. Check if it is intended to be dangling.
[WARNING RSZ-0104] Net n902 only has one pin. Check if it is intended to be dangling.
[WARNING RSZ-0104] Net n8300 only has one pin. Check if it is intended to be dangling.
[WARNING RSZ-0104] Net n8298 only has one pin. Check if it is intended to be dangling.
[WARNING RSZ-0104] Net n8295 only has one pin. Check if it is intended to be dangling.
[WARNING RSZ-0104] Net n8292 only has one pin. Check if it is intended to be dangling.
[WARNING RSZ-0104] Net n8289 only has one pin. Check if it is intended to be dangling.
[WARNING RSZ-0104] Net n8287 only has one pin. Check if it is intended to be dangling.
[WARNING RSZ-0104] Net n8283 only has one pin. Check if it is intended to be dangling.
[WARNING RSZ-0104] Net n8281 only has one pin. Check if it is intended to be dangling.
[WARNING RSZ-0104] Net n8274 only has one pin. Check if it is intended to be dangling.
[WARNING RSZ-0104] Net n897 only has one pin. Check if it is intended to be dangling.
[WARNING RSZ-0104] Net n8272 only has one pin. Check if it is intended to be dangling.
[WARNING RSZ-0104] Net n8268 only has one pin. Check if it is intended to be dangling.
[WARNING RSZ-0104] Net n8266 only has one pin. Check if it is intended to be dangling.
[WARNING RSZ-0104] Net n894 only has one pin. Check if it is intended to be dangling.
[WARNING RSZ-0104] Net n891 only has one pin. Check if it is intended to be dangling.
[WARNING RSZ-0104] Net n889 only has one pin. Check if it is intended to be dangling.
[WARNING RSZ-0104] Net n8178 only has one pin. Check if it is intended to be dangling.
[WARNING RSZ-0104] Net n8176 only has one pin. Check if it is intended to be dangling.
[WARNING RSZ-0104] Net n8173 only has one pin. Check if it is intended to be dangling.
[WARNING RSZ-0104] Net n8170 only has one pin. Check if it is intended to be dangling.
[WARNING RSZ-0104] Net n8167 only has one pin. Check if it is intended to be dangling.
[WARNING RSZ-0104] Net n8165 only has one pin. Check if it is intended to be dangling.
[WARNING RSZ-0104] Net n8161 only has one pin. Check if it is intended to be dangling.
[WARNING RSZ-0104] Net n8159 only has one pin. Check if it is intended to be dangling.
[WARNING RSZ-0104] Net n882 only has one pin. Check if it is intended to be dangling.
[WARNING RSZ-0104] Net n879 only has one pin. Check if it is intended to be dangling.
[WARNING RSZ-0104] Net n90 only has one pin. Check if it is intended to be dangling.
[WARNING RSZ-0104] Net n875 only has one pin. Check if it is intended to be dangling.
[WARNING RSZ-0104] Net n872 only has one pin. Check if it is intended to be dangling.
[WARNING RSZ-0104] Net n8066 only has one pin. Check if it is intended to be dangling.
[WARNING RSZ-0104] Net n8064 only has one pin. Check if it is intended to be dangling.
[WARNING RSZ-0104] Net n8061 only has one pin. Check if it is intended to be dangling.
[WARNING RSZ-0104] Net n8058 only has one pin. Check if it is intended to be dangling.
[WARNING RSZ-0104] Net n867 only has one pin. Check if it is intended to be dangling.
[WARNING RSZ-0104] Net n8024 only has one pin. Check if it is intended to be dangling.
[WARNING RSZ-0104] Net n864 only has one pin. Check if it is intended to be dangling.
[WARNING RSZ-0104] Net n8018 only has one pin. Check if it is intended to be dangling.
[WARNING RSZ-0104] Net n8013 only has one pin. Check if it is intended to be dangling.
[WARNING RSZ-0104] Net n8005 only has one pin. Check if it is intended to be dangling.
[WARNING RSZ-0104] Net n8002 only has one pin. Check if it is intended to be dangling.
[WARNING RSZ-0104] Net n7998 only has one pin. Check if it is intended to be dangling.
[WARNING RSZ-0104] Net n7995 only has one pin. Check if it is intended to be dangling.
[WARNING RSZ-0104] Net n861 only has one pin. Check if it is intended to be dangling.
[WARNING RSZ-0104] Net n7991 only has one pin. Check if it is intended to be dangling.
[WARNING RSZ-0104] Net n7983 only has one pin. Check if it is intended to be dangling.
[WARNING RSZ-0104] Net n7980 only has one pin. Check if it is intended to be dangling.
[WARNING RSZ-0104] Net n7972 only has one pin. Check if it is intended to be dangling.
[WARNING RSZ-0104] Net n858 only has one pin. Check if it is intended to be dangling.
[WARNING RSZ-0104] Net n7968 only has one pin. Check if it is intended to be dangling.
[WARNING RSZ-0104] Net n7961 only has one pin. Check if it is intended to be dangling.
[WARNING RSZ-0104] Net n7957 only has one pin. Check if it is intended to be dangling.
[WARNING RSZ-0104] Net n7951 only has one pin. Check if it is intended to be dangling.
[WARNING RSZ-0104] Net n7946 only has one pin. Check if it is intended to be dangling.
[WARNING RSZ-0104] Net n7941 only has one pin. Check if it is intended to be dangling.
[WARNING RSZ-0104] Net n7938 only has one pin. Check if it is intended to be dangling.
[WARNING RSZ-0104] Net n7935 only has one pin. Check if it is intended to be dangling.
[WARNING RSZ-0104] Net n7932 only has one pin. Check if it is intended to be dangling.
[WARNING RSZ-0104] Net n7928 only has one pin. Check if it is intended to be dangling.
[WARNING RSZ-0104] Net n7925 only has one pin. Check if it is intended to be dangling.
[WARNING RSZ-0104] Net n7922 only has one pin. Check if it is intended to be dangling.
[WARNING RSZ-0104] Net n7919 only has one pin. Check if it is intended to be dangling.
[WARNING RSZ-0104] Net n7914 only has one pin. Check if it is intended to be dangling.
[WARNING RSZ-0104] Net n7911 only has one pin. Check if it is intended to be dangling.
[WARNING RSZ-0104] Net n7908 only has one pin. Check if it is intended to be dangling.
[WARNING RSZ-0104] Net n7905 only has one pin. Check if it is intended to be dangling.
[WARNING RSZ-0104] Net n7902 only has one pin. Check if it is intended to be dangling.
[WARNING RSZ-0104] Net n852 only has one pin. Check if it is intended to be dangling.
[WARNING RSZ-0104] Net n7899 only has one pin. Check if it is intended to be dangling.
[WARNING RSZ-0104] Net n7894 only has one pin. Check if it is intended to be dangling.
[WARNING RSZ-0104] Net n7892 only has one pin. Check if it is intended to be dangling.
[WARNING RSZ-0104] Net n7889 only has one pin. Check if it is intended to be dangling.
[WARNING RSZ-0104] Net n7886 only has one pin. Check if it is intended to be dangling.
[WARNING RSZ-0104] Net n7883 only has one pin. Check if it is intended to be dangling.
[WARNING RSZ-0104] Net n7881 only has one pin. Check if it is intended to be dangling.
[WARNING RSZ-0104] Net n7877 only has one pin. Check if it is intended to be dangling.
[WARNING RSZ-0104] Net n7875 only has one pin. Check if it is intended to be dangling.
[WARNING RSZ-0104] Net n849 only has one pin. Check if it is intended to be dangling.
[WARNING RSZ-0104] Net n87 only has one pin. Check if it is intended to be dangling.
[WARNING RSZ-0104] Net n7871 only has one pin. Check if it is intended to be dangling.
[WARNING RSZ-0104] Net n7869 only has one pin. Check if it is intended to be dangling.
[WARNING RSZ-0104] Net n7867 only has one pin. Check if it is intended to be dangling.
[WARNING RSZ-0104] Net n7864 only has one pin. Check if it is intended to be dangling.
[WARNING RSZ-0104] Net n7862 only has one pin. Check if it is intended to be dangling.
[WARNING RSZ-0104] Net n7860 only has one pin. Check if it is intended to be dangling.
[WARNING RSZ-0104] Net n7856 only has one pin. Check if it is intended to be dangling.
[WARNING RSZ-0104] Net n7854 only has one pin. Check if it is intended to be dangling.
[WARNING RSZ-0104] Net n7852 only has one pin. Check if it is intended to be dangling.
[WARNING RSZ-0104] Net n7849 only has one pin. Check if it is intended to be dangling.
[WARNING RSZ-0104] Net n7847 only has one pin. Check if it is intended to be dangling.
[WARNING RSZ-0104] Net n7845 only has one pin. Check if it is intended to be dangling.
[WARNING RSZ-0104] Net n7841 only has one pin. Check if it is intended to be dangling.
[WARNING RSZ-0104] Net n7839 only has one pin. Check if it is intended to be dangling.
[WARNING RSZ-0104] Net n7834 only has one pin. Check if it is intended to be dangling.
[WARNING RSZ-0104] Net n7831 only has one pin. Check if it is intended to be dangling.
[WARNING RSZ-0104] Net n7829 only has one pin. Check if it is intended to be dangling.
[WARNING RSZ-0104] Net n845 only has one pin. Check if it is intended to be dangling.
[WARNING RSZ-0104] Net n842 only has one pin. Check if it is intended to be dangling.
[WARNING RSZ-0104] Net n837 only has one pin. Check if it is intended to be dangling.
[WARNING RSZ-0104] Net n834 only has one pin. Check if it is intended to be dangling.
[WARNING RSZ-0104] Net n831 only has one pin. Check if it is intended to be dangling.
[WARNING RSZ-0104] Net n828 only has one pin. Check if it is intended to be dangling.
[WARNING RSZ-0104] Net n823 only has one pin. Check if it is intended to be dangling.
[WARNING RSZ-0104] Net n821 only has one pin. Check if it is intended to be dangling.
[WARNING RSZ-0104] Net n817 only has one pin. Check if it is intended to be dangling.
[WARNING RSZ-0104] Net n814 only has one pin. Check if it is intended to be dangling.
[WARNING RSZ-0104] Net n810 only has one pin. Check if it is intended to be dangling.
[WARNING RSZ-0104] Net n7628 only has one pin. Check if it is intended to be dangling.
[WARNING RSZ-0104] Net n7626 only has one pin. Check if it is intended to be dangling.
[WARNING RSZ-0104] Net n7624 only has one pin. Check if it is intended to be dangling.
     9000 |     +0.0% |       0 |       1 |             4 |      5114
[WARNING RSZ-0104] Net n808 only has one pin. Check if it is intended to be dangling.
[WARNING RSZ-0104] Net n83 only has one pin. Check if it is intended to be dangling.
[WARNING RSZ-0104] Net n804 only has one pin. Check if it is intended to be dangling.
[WARNING RSZ-0104] Net n801 only has one pin. Check if it is intended to be dangling.
[WARNING RSZ-0104] Net n797 only has one pin. Check if it is intended to be dangling.
[WARNING RSZ-0104] Net n81 only has one pin. Check if it is intended to be dangling.
[WARNING RSZ-0104] Net n793 only has one pin. Check if it is intended to be dangling.
[WARNING RSZ-0104] Net n790 only has one pin. Check if it is intended to be dangling.
[WARNING RSZ-0104] Net n788 only has one pin. Check if it is intended to be dangling.
[WARNING RSZ-0104] Net n785 only has one pin. Check if it is intended to be dangling.
[WARNING RSZ-0104] Net n783 only has one pin. Check if it is intended to be dangling.
[WARNING RSZ-0104] Net n780 only has one pin. Check if it is intended to be dangling.
[WARNING RSZ-0104] Net n776 only has one pin. Check if it is intended to be dangling.
[WARNING RSZ-0104] Net n7429 only has one pin. Check if it is intended to be dangling.
[WARNING RSZ-0104] Net n7427 only has one pin. Check if it is intended to be dangling.
[WARNING RSZ-0104] Net n7424 only has one pin. Check if it is intended to be dangling.
[WARNING RSZ-0104] Net n771 only has one pin. Check if it is intended to be dangling.
[WARNING RSZ-0104] Net n768 only has one pin. Check if it is intended to be dangling.
[WARNING RSZ-0104] Net n765 only has one pin. Check if it is intended to be dangling.
[WARNING RSZ-0104] Net n762 only has one pin. Check if it is intended to be dangling.
[WARNING RSZ-0104] Net n758 only has one pin. Check if it is intended to be dangling.
[WARNING RSZ-0104] Net n755 only has one pin. Check if it is intended to be dangling.
[WARNING RSZ-0104] Net n752 only has one pin. Check if it is intended to be dangling.
[WARNING RSZ-0104] Net n77 only has one pin. Check if it is intended to be dangling.
[WARNING RSZ-0104] Net n749 only has one pin. Check if it is intended to be dangling.
[WARNING RSZ-0104] Net n743 only has one pin. Check if it is intended to be dangling.
[WARNING RSZ-0104] Net n740 only has one pin. Check if it is intended to be dangling.
[WARNING RSZ-0104] Net n7259 only has one pin. Check if it is intended to be dangling.
[WARNING RSZ-0104] Net n7256 only has one pin. Check if it is intended to be dangling.
[WARNING RSZ-0104] Net n7253 only has one pin. Check if it is intended to be dangling.
[WARNING RSZ-0104] Net n75 only has one pin. Check if it is intended to be dangling.
[WARNING RSZ-0104] Net n736 only has one pin. Check if it is intended to be dangling.
[WARNING RSZ-0104] Net n733 only has one pin. Check if it is intended to be dangling.
[WARNING RSZ-0104] Net n728 only has one pin. Check if it is intended to be dangling.
[WARNING RSZ-0104] Net n725 only has one pin. Check if it is intended to be dangling.
[WARNING RSZ-0104] Net n721 only has one pin. Check if it is intended to be dangling.
[WARNING RSZ-0104] Net n718 only has one pin. Check if it is intended to be dangling.
[WARNING RSZ-0104] Net n7117 only has one pin. Check if it is intended to be dangling.
[WARNING RSZ-0104] Net n7114 only has one pin. Check if it is intended to be dangling.
[WARNING RSZ-0104] Net n7111 only has one pin. Check if it is intended to be dangling.
[WARNING RSZ-0104] Net n713 only has one pin. Check if it is intended to be dangling.
[WARNING RSZ-0104] Net n7106 only has one pin. Check if it is intended to be dangling.
[WARNING RSZ-0104] Net n7104 only has one pin. Check if it is intended to be dangling.
[WARNING RSZ-0104] Net n7100 only has one pin. Check if it is intended to be dangling.
[WARNING RSZ-0104] Net n7097 only has one pin. Check if it is intended to be dangling.
[WARNING RSZ-0104] Net n711 only has one pin. Check if it is intended to be dangling.
[WARNING RSZ-0104] Net n7093 only has one pin. Check if it is intended to be dangling.
[WARNING RSZ-0104] Net n7091 only has one pin. Check if it is intended to be dangling.
[WARNING RSZ-0104] Net n7087 only has one pin. Check if it is intended to be dangling.
[WARNING RSZ-0104] Net n7084 only has one pin. Check if it is intended to be dangling.
[WARNING RSZ-0104] Net n7080 only has one pin. Check if it is intended to be dangling.
[WARNING RSZ-0104] Net n7078 only has one pin. Check if it is intended to be dangling.
[WARNING RSZ-0104] Net n7074 only has one pin. Check if it is intended to be dangling.
[WARNING RSZ-0104] Net n7071 only has one pin. Check if it is intended to be dangling.
[WARNING RSZ-0104] Net n7066 only has one pin. Check if it is intended to be dangling.
[WARNING RSZ-0104] Net n7063 only has one pin. Check if it is intended to be dangling.
[WARNING RSZ-0104] Net n7060 only has one pin. Check if it is intended to be dangling.
[WARNING RSZ-0104] Net n7058 only has one pin. Check if it is intended to be dangling.
[WARNING RSZ-0104] Net n707 only has one pin. Check if it is intended to be dangling.
[WARNING RSZ-0104] Net n7053 only has one pin. Check if it is intended to be dangling.
[WARNING RSZ-0104] Net n7050 only has one pin. Check if it is intended to be dangling.
[WARNING RSZ-0104] Net n7047 only has one pin. Check if it is intended to be dangling.
[WARNING RSZ-0104] Net n7044 only has one pin. Check if it is intended to be dangling.
[WARNING RSZ-0104] Net n7040 only has one pin. Check if it is intended to be dangling.
[WARNING RSZ-0104] Net n7037 only has one pin. Check if it is intended to be dangling.
[WARNING RSZ-0104] Net n7034 only has one pin. Check if it is intended to be dangling.
[WARNING RSZ-0104] Net n7031 only has one pin. Check if it is intended to be dangling.
[WARNING RSZ-0104] Net n704 only has one pin. Check if it is intended to be dangling.
[WARNING RSZ-0104] Net n7025 only has one pin. Check if it is intended to be dangling.
[WARNING RSZ-0104] Net n7022 only has one pin. Check if it is intended to be dangling.
[WARNING RSZ-0104] Net n7018 only has one pin. Check if it is intended to be dangling.
[WARNING RSZ-0104] Net n7015 only has one pin. Check if it is intended to be dangling.
[WARNING RSZ-0104] Net n7010 only has one pin. Check if it is intended to be dangling.
[WARNING RSZ-0104] Net n7007 only has one pin. Check if it is intended to be dangling.
[WARNING RSZ-0104] Net n7003 only has one pin. Check if it is intended to be dangling.
[WARNING RSZ-0104] Net n7000 only has one pin. Check if it is intended to be dangling.
[WARNING RSZ-0104] Net n6995 only has one pin. Check if it is intended to be dangling.
[WARNING RSZ-0104] Net n6992 only has one pin. Check if it is intended to be dangling.
[WARNING RSZ-0104] Net n6989 only has one pin. Check if it is intended to be dangling.
[WARNING RSZ-0104] Net n6986 only has one pin. Check if it is intended to be dangling.
[WARNING RSZ-0104] Net n700 only has one pin. Check if it is intended to be dangling.
[WARNING RSZ-0104] Net n6982 only has one pin. Check if it is intended to be dangling.
[WARNING RSZ-0104] Net n6979 only has one pin. Check if it is intended to be dangling.
[WARNING RSZ-0104] Net n6976 only has one pin. Check if it is intended to be dangling.
[WARNING RSZ-0104] Net n6973 only has one pin. Check if it is intended to be dangling.
[WARNING RSZ-0104] Net n698 only has one pin. Check if it is intended to be dangling.
[WARNING RSZ-0104] Net n6968 only has one pin. Check if it is intended to be dangling.
[WARNING RSZ-0104] Net n6965 only has one pin. Check if it is intended to be dangling.
[WARNING RSZ-0104] Net n6962 only has one pin. Check if it is intended to be dangling.
[WARNING RSZ-0104] Net n6959 only has one pin. Check if it is intended to be dangling.
[WARNING RSZ-0104] Net n6955 only has one pin. Check if it is intended to be dangling.
[WARNING RSZ-0104] Net n6952 only has one pin. Check if it is intended to be dangling.
[WARNING RSZ-0104] Net n6949 only has one pin. Check if it is intended to be dangling.
[WARNING RSZ-0104] Net n6946 only has one pin. Check if it is intended to be dangling.
[WARNING RSZ-0104] Net n6940 only has one pin. Check if it is intended to be dangling.
[WARNING RSZ-0104] Net n6938 only has one pin. Check if it is intended to be dangling.
[WARNING RSZ-0104] Net n6934 only has one pin. Check if it is intended to be dangling.
[WARNING RSZ-0104] Net n6931 only has one pin. Check if it is intended to be dangling.
[WARNING RSZ-0104] Net n694 only has one pin. Check if it is intended to be dangling.
[WARNING RSZ-0104] Net n6927 only has one pin. Check if it is intended to be dangling.
[WARNING RSZ-0104] Net n6925 only has one pin. Check if it is intended to be dangling.
[WARNING RSZ-0104] Net n6921 only has one pin. Check if it is intended to be dangling.
[WARNING RSZ-0104] Net n6918 only has one pin. Check if it is intended to be dangling.
[WARNING RSZ-0104] Net n6914 only has one pin. Check if it is intended to be dangling.
[WARNING RSZ-0104] Net n6912 only has one pin. Check if it is intended to be dangling.
[WARNING RSZ-0104] Net n6908 only has one pin. Check if it is intended to be dangling.
[WARNING RSZ-0104] Net n6905 only has one pin. Check if it is intended to be dangling.
[WARNING RSZ-0104] Net n691 only has one pin. Check if it is intended to be dangling.
[WARNING RSZ-0104] Net n6900 only has one pin. Check if it is intended to be dangling.
[WARNING RSZ-0104] Net n6897 only has one pin. Check if it is intended to be dangling.
[WARNING RSZ-0104] Net n6894 only has one pin. Check if it is intended to be dangling.
[WARNING RSZ-0104] Net n6892 only has one pin. Check if it is intended to be dangling.
[WARNING RSZ-0104] Net n6887 only has one pin. Check if it is intended to be dangling.
[WARNING RSZ-0104] Net n6885 only has one pin. Check if it is intended to be dangling.
[WARNING RSZ-0104] Net n6881 only has one pin. Check if it is intended to be dangling.
[WARNING RSZ-0104] Net n6878 only has one pin. Check if it is intended to be dangling.
[WARNING RSZ-0104] Net n6874 only has one pin. Check if it is intended to be dangling.
[WARNING RSZ-0104] Net n6872 only has one pin. Check if it is intended to be dangling.
[WARNING RSZ-0104] Net n6868 only has one pin. Check if it is intended to be dangling.
[WARNING RSZ-0104] Net n6865 only has one pin. Check if it is intended to be dangling.
[WARNING RSZ-0104] Net n6861 only has one pin. Check if it is intended to be dangling.
[WARNING RSZ-0104] Net n6859 only has one pin. Check if it is intended to be dangling.
[WARNING RSZ-0104] Net n687 only has one pin. Check if it is intended to be dangling.
[WARNING RSZ-0104] Net n6855 only has one pin. Check if it is intended to be dangling.
[WARNING RSZ-0104] Net n6852 only has one pin. Check if it is intended to be dangling.
[WARNING RSZ-0104] Net n6847 only has one pin. Check if it is intended to be dangling.
[WARNING RSZ-0104] Net n6844 only has one pin. Check if it is intended to be dangling.
[WARNING RSZ-0104] Net n6841 only has one pin. Check if it is intended to be dangling.
[WARNING RSZ-0104] Net n6839 only has one pin. Check if it is intended to be dangling.
[WARNING RSZ-0104] Net n6834 only has one pin. Check if it is intended to be dangling.
[WARNING RSZ-0104] Net n6831 only has one pin. Check if it is intended to be dangling.
[WARNING RSZ-0104] Net n6828 only has one pin. Check if it is intended to be dangling.
[WARNING RSZ-0104] Net n6825 only has one pin. Check if it is intended to be dangling.
[WARNING RSZ-0104] Net n6821 only has one pin. Check if it is intended to be dangling.
[WARNING RSZ-0104] Net n6818 only has one pin. Check if it is intended to be dangling.
[WARNING RSZ-0104] Net n683 only has one pin. Check if it is intended to be dangling.
[WARNING RSZ-0104] Net n6815 only has one pin. Check if it is intended to be dangling.
[WARNING RSZ-0104] Net n6812 only has one pin. Check if it is intended to be dangling.
[WARNING RSZ-0104] Net n6806 only has one pin. Check if it is intended to be dangling.
[WARNING RSZ-0104] Net n6803 only has one pin. Check if it is intended to be dangling.
[WARNING RSZ-0104] Net n6799 only has one pin. Check if it is intended to be dangling.
[WARNING RSZ-0104] Net n6796 only has one pin. Check if it is intended to be dangling.
[WARNING RSZ-0104] Net n6791 only has one pin. Check if it is intended to be dangling.
[WARNING RSZ-0104] Net n680 only has one pin. Check if it is intended to be dangling.
[WARNING RSZ-0104] Net n6788 only has one pin. Check if it is intended to be dangling.
[WARNING RSZ-0104] Net n6785 only has one pin. Check if it is intended to be dangling.
[WARNING RSZ-0104] Net n6782 only has one pin. Check if it is intended to be dangling.
[WARNING RSZ-0104] Net n6777 only has one pin. Check if it is intended to be dangling.
[WARNING RSZ-0104] Net n678 only has one pin. Check if it is intended to be dangling.
[WARNING RSZ-0104] Net n6775 only has one pin. Check if it is intended to be dangling.
[WARNING RSZ-0104] Net n6771 only has one pin. Check if it is intended to be dangling.
[WARNING RSZ-0104] Net n6768 only has one pin. Check if it is intended to be dangling.
[WARNING RSZ-0104] Net n6764 only has one pin. Check if it is intended to be dangling.
[WARNING RSZ-0104] Net n6762 only has one pin. Check if it is intended to be dangling.
[WARNING RSZ-0104] Net n6758 only has one pin. Check if it is intended to be dangling.
[WARNING RSZ-0104] Net n6755 only has one pin. Check if it is intended to be dangling.
[WARNING RSZ-0104] Net n6751 only has one pin. Check if it is intended to be dangling.
[WARNING RSZ-0104] Net n6749 only has one pin. Check if it is intended to be dangling.
[WARNING RSZ-0104] Net n6745 only has one pin. Check if it is intended to be dangling.
[WARNING RSZ-0104] Net n6742 only has one pin. Check if it is intended to be dangling.
[WARNING RSZ-0104] Net n6737 only has one pin. Check if it is intended to be dangling.
[WARNING RSZ-0104] Net n6734 only has one pin. Check if it is intended to be dangling.
[WARNING RSZ-0104] Net n674 only has one pin. Check if it is intended to be dangling.
[WARNING RSZ-0104] Net n6731 only has one pin. Check if it is intended to be dangling.
[WARNING RSZ-0104] Net n6729 only has one pin. Check if it is intended to be dangling.
[WARNING RSZ-0104] Net n6724 only has one pin. Check if it is intended to be dangling.
[WARNING RSZ-0104] Net n6721 only has one pin. Check if it is intended to be dangling.
[WARNING RSZ-0104] Net n672 only has one pin. Check if it is intended to be dangling.
[WARNING RSZ-0104] Net n6718 only has one pin. Check if it is intended to be dangling.
[WARNING RSZ-0104] Net n6715 only has one pin. Check if it is intended to be dangling.
[WARNING RSZ-0104] Net n6711 only has one pin. Check if it is intended to be dangling.
[WARNING RSZ-0104] Net n6708 only has one pin. Check if it is intended to be dangling.
[WARNING RSZ-0104] Net n6705 only has one pin. Check if it is intended to be dangling.
[WARNING RSZ-0104] Net n6702 only has one pin. Check if it is intended to be dangling.
[WARNING RSZ-0104] Net n6696 only has one pin. Check if it is intended to be dangling.
[WARNING RSZ-0104] Net n6693 only has one pin. Check if it is intended to be dangling.
[WARNING RSZ-0104] Net n669 only has one pin. Check if it is intended to be dangling.
[WARNING RSZ-0104] Net n6689 only has one pin. Check if it is intended to be dangling.
[WARNING RSZ-0104] Net n6686 only has one pin. Check if it is intended to be dangling.
[WARNING RSZ-0104] Net n6681 only has one pin. Check if it is intended to be dangling.
[WARNING RSZ-0104] Net n6678 only has one pin. Check if it is intended to be dangling.
[WARNING RSZ-0104] Net n69 only has one pin. Check if it is intended to be dangling.
[WARNING RSZ-0104] Net n6674 only has one pin. Check if it is intended to be dangling.
[WARNING RSZ-0104] Net n6671 only has one pin. Check if it is intended to be dangling.
[WARNING RSZ-0104] Net n6666 only has one pin. Check if it is intended to be dangling.
[WARNING RSZ-0104] Net n6662 only has one pin. Check if it is intended to be dangling.
[WARNING RSZ-0104] Net n6659 only has one pin. Check if it is intended to be dangling.
[WARNING RSZ-0104] Net n6657 only has one pin. Check if it is intended to be dangling.
[WARNING RSZ-0104] Net n6654 only has one pin. Check if it is intended to be dangling.
[WARNING RSZ-0104] Net n6652 only has one pin. Check if it is intended to be dangling.
[WARNING RSZ-0104] Net n665 only has one pin. Check if it is intended to be dangling.
[WARNING RSZ-0104] Net n6649 only has one pin. Check if it is intended to be dangling.
[WARNING RSZ-0104] Net n6645 only has one pin. Check if it is intended to be dangling.
[WARNING RSZ-0104] Net n6641 only has one pin. Check if it is intended to be dangling.
[WARNING RSZ-0104] Net n6639 only has one pin. Check if it is intended to be dangling.
[WARNING RSZ-0104] Net n6635 only has one pin. Check if it is intended to be dangling.
[WARNING RSZ-0104] Net n6632 only has one pin. Check if it is intended to be dangling.
[WARNING RSZ-0104] Net n6627 only has one pin. Check if it is intended to be dangling.
[WARNING RSZ-0104] Net n6624 only has one pin. Check if it is intended to be dangling.
[WARNING RSZ-0104] Net n6621 only has one pin. Check if it is intended to be dangling.
[WARNING RSZ-0104] Net n6619 only has one pin. Check if it is intended to be dangling.
[WARNING RSZ-0104] Net n6614 only has one pin. Check if it is intended to be dangling.
[WARNING RSZ-0104] Net n6611 only has one pin. Check if it is intended to be dangling.
[WARNING RSZ-0104] Net n6608 only has one pin. Check if it is intended to be dangling.
[WARNING RSZ-0104] Net n6605 only has one pin. Check if it is intended to be dangling.
[WARNING RSZ-0104] Net n6601 only has one pin. Check if it is intended to be dangling.
[WARNING RSZ-0104] Net n6598 only has one pin. Check if it is intended to be dangling.
[WARNING RSZ-0104] Net n6595 only has one pin. Check if it is intended to be dangling.
[WARNING RSZ-0104] Net n660 only has one pin. Check if it is intended to be dangling.
[WARNING RSZ-0104] Net n6592 only has one pin. Check if it is intended to be dangling.
[WARNING RSZ-0104] Net n6586 only has one pin. Check if it is intended to be dangling.
[WARNING RSZ-0104] Net n6583 only has one pin. Check if it is intended to be dangling.
[WARNING RSZ-0104] Net n6579 only has one pin. Check if it is intended to be dangling.
[WARNING RSZ-0104] Net n6576 only has one pin. Check if it is intended to be dangling.
[WARNING RSZ-0104] Net n6571 only has one pin. Check if it is intended to be dangling.
[WARNING RSZ-0104] Net n6568 only has one pin. Check if it is intended to be dangling.
[WARNING RSZ-0104] Net n657 only has one pin. Check if it is intended to be dangling.
[WARNING RSZ-0104] Net n6565 only has one pin. Check if it is intended to be dangling.
[WARNING RSZ-0104] Net n6562 only has one pin. Check if it is intended to be dangling.
[WARNING RSZ-0104] Net n6557 only has one pin. Check if it is intended to be dangling.
[WARNING RSZ-0104] Net n6555 only has one pin. Check if it is intended to be dangling.
[WARNING RSZ-0104] Net n6551 only has one pin. Check if it is intended to be dangling.
[WARNING RSZ-0104] Net n6548 only has one pin. Check if it is intended to be dangling.
[WARNING RSZ-0104] Net n6544 only has one pin. Check if it is intended to be dangling.
[WARNING RSZ-0104] Net n6542 only has one pin. Check if it is intended to be dangling.
[WARNING RSZ-0104] Net n654 only has one pin. Check if it is intended to be dangling.
[WARNING RSZ-0104] Net n6538 only has one pin. Check if it is intended to be dangling.
[WARNING RSZ-0104] Net n6535 only has one pin. Check if it is intended to be dangling.
[WARNING RSZ-0104] Net n6531 only has one pin. Check if it is intended to be dangling.
[WARNING RSZ-0104] Net n6529 only has one pin. Check if it is intended to be dangling.
[WARNING RSZ-0104] Net n6525 only has one pin. Check if it is intended to be dangling.
[WARNING RSZ-0104] Net n6522 only has one pin. Check if it is intended to be dangling.
[WARNING RSZ-0104] Net n6517 only has one pin. Check if it is intended to be dangling.
[WARNING RSZ-0104] Net n6514 only has one pin. Check if it is intended to be dangling.
[WARNING RSZ-0104] Net n6511 only has one pin. Check if it is intended to be dangling.
[WARNING RSZ-0104] Net n651 only has one pin. Check if it is intended to be dangling.
[WARNING RSZ-0104] Net n6509 only has one pin. Check if it is intended to be dangling.
[WARNING RSZ-0104] Net n6504 only has one pin. Check if it is intended to be dangling.
[WARNING RSZ-0104] Net n6501 only has one pin. Check if it is intended to be dangling.
[WARNING RSZ-0104] Net n6498 only has one pin. Check if it is intended to be dangling.
[WARNING RSZ-0104] Net n6495 only has one pin. Check if it is intended to be dangling.
[WARNING RSZ-0104] Net n6491 only has one pin. Check if it is intended to be dangling.
[WARNING RSZ-0104] Net n6488 only has one pin. Check if it is intended to be dangling.
[WARNING RSZ-0104] Net n6485 only has one pin. Check if it is intended to be dangling.
[WARNING RSZ-0104] Net n6482 only has one pin. Check if it is intended to be dangling.
[WARNING RSZ-0104] Net n6476 only has one pin. Check if it is intended to be dangling.
[WARNING RSZ-0104] Net n6473 only has one pin. Check if it is intended to be dangling.
[WARNING RSZ-0104] Net n6469 only has one pin. Check if it is intended to be dangling.
[WARNING RSZ-0104] Net n647 only has one pin. Check if it is intended to be dangling.
[WARNING RSZ-0104] Net n6466 only has one pin. Check if it is intended to be dangling.
[WARNING RSZ-0104] Net n6461 only has one pin. Check if it is intended to be dangling.
[WARNING RSZ-0104] Net n6458 only has one pin. Check if it is intended to be dangling.
[WARNING RSZ-0104] Net n6454 only has one pin. Check if it is intended to be dangling.
[WARNING RSZ-0104] Net n6451 only has one pin. Check if it is intended to be dangling.
[WARNING RSZ-0104] Net n6445 only has one pin. Check if it is intended to be dangling.
[WARNING RSZ-0104] Net n644 only has one pin. Check if it is intended to be dangling.
[WARNING RSZ-0104] Net n6442 only has one pin. Check if it is intended to be dangling.
[WARNING RSZ-0104] Net n6438 only has one pin. Check if it is intended to be dangling.
[WARNING RSZ-0104] Net n6435 only has one pin. Check if it is intended to be dangling.
[WARNING RSZ-0104] Net n6431 only has one pin. Check if it is intended to be dangling.
[WARNING RSZ-0104] Net n6428 only has one pin. Check if it is intended to be dangling.
[WARNING RSZ-0104] Net n6425 only has one pin. Check if it is intended to be dangling.
[WARNING RSZ-0104] Net n6422 only has one pin. Check if it is intended to be dangling.
[WARNING RSZ-0104] Net n6417 only has one pin. Check if it is intended to be dangling.
[WARNING RSZ-0104] Net n641 only has one pin. Check if it is intended to be dangling.
[WARNING RSZ-0104] Net n6414 only has one pin. Check if it is intended to be dangling.
[WARNING RSZ-0104] Net n6411 only has one pin. Check if it is intended to be dangling.
[WARNING RSZ-0104] Net n6408 only has one pin. Check if it is intended to be dangling.
[WARNING RSZ-0104] Net n6404 only has one pin. Check if it is intended to be dangling.
[WARNING RSZ-0104] Net n6401 only has one pin. Check if it is intended to be dangling.
[WARNING RSZ-0104] Net n66 only has one pin. Check if it is intended to be dangling.
[WARNING RSZ-0104] Net n6398 only has one pin. Check if it is intended to be dangling.
[WARNING RSZ-0104] Net n6395 only has one pin. Check if it is intended to be dangling.
[WARNING RSZ-0104] Net n6389 only has one pin. Check if it is intended to be dangling.
[WARNING RSZ-0104] Net n6387 only has one pin. Check if it is intended to be dangling.
[WARNING RSZ-0104] Net n638 only has one pin. Check if it is intended to be dangling.
[WARNING RSZ-0104] Net n6383 only has one pin. Check if it is intended to be dangling.
[WARNING RSZ-0104] Net n6380 only has one pin. Check if it is intended to be dangling.
[WARNING RSZ-0104] Net n6376 only has one pin. Check if it is intended to be dangling.
[WARNING RSZ-0104] Net n6374 only has one pin. Check if it is intended to be dangling.
[WARNING RSZ-0104] Net n6370 only has one pin. Check if it is intended to be dangling.
[WARNING RSZ-0104] Net n6367 only has one pin. Check if it is intended to be dangling.
[WARNING RSZ-0104] Net n6363 only has one pin. Check if it is intended to be dangling.
[WARNING RSZ-0104] Net n6361 only has one pin. Check if it is intended to be dangling.
[WARNING RSZ-0104] Net n6357 only has one pin. Check if it is intended to be dangling.
[WARNING RSZ-0104] Net n6354 only has one pin. Check if it is intended to be dangling.
[WARNING RSZ-0104] Net n6349 only has one pin. Check if it is intended to be dangling.
[WARNING RSZ-0104] Net n6346 only has one pin. Check if it is intended to be dangling.
[WARNING RSZ-0104] Net n6343 only has one pin. Check if it is intended to be dangling.
[WARNING RSZ-0104] Net n6341 only has one pin. Check if it is intended to be dangling.
[WARNING RSZ-0104] Net n6336 only has one pin. Check if it is intended to be dangling.
[WARNING RSZ-0104] Net n6334 only has one pin. Check if it is intended to be dangling.
[WARNING RSZ-0104] Net n6330 only has one pin. Check if it is intended to be dangling.
[WARNING RSZ-0104] Net n6327 only has one pin. Check if it is intended to be dangling.
[WARNING RSZ-0104] Net n6323 only has one pin. Check if it is intended to be dangling.
[WARNING RSZ-0104] Net n6321 only has one pin. Check if it is intended to be dangling.
[WARNING RSZ-0104] Net n6317 only has one pin. Check if it is intended to be dangling.
[WARNING RSZ-0104] Net n632 only has one pin. Check if it is intended to be dangling.
[WARNING RSZ-0104] Net n6314 only has one pin. Check if it is intended to be dangling.
[WARNING RSZ-0104] Net n6310 only has one pin. Check if it is intended to be dangling.
[WARNING RSZ-0104] Net n6308 only has one pin. Check if it is intended to be dangling.
[WARNING RSZ-0104] Net n6304 only has one pin. Check if it is intended to be dangling.
[WARNING RSZ-0104] Net n6301 only has one pin. Check if it is intended to be dangling.
[WARNING RSZ-0104] Net n6296 only has one pin. Check if it is intended to be dangling.
[WARNING RSZ-0104] Net n6293 only has one pin. Check if it is intended to be dangling.
[WARNING RSZ-0104] Net n6290 only has one pin. Check if it is intended to be dangling.
[WARNING RSZ-0104] Net n6288 only has one pin. Check if it is intended to be dangling.
[WARNING RSZ-0104] Net n629 only has one pin. Check if it is intended to be dangling.
[WARNING RSZ-0104] Net n6283 only has one pin. Check if it is intended to be dangling.
[WARNING RSZ-0104] Net n6280 only has one pin. Check if it is intended to be dangling.
[WARNING RSZ-0104] Net n6277 only has one pin. Check if it is intended to be dangling.
[WARNING RSZ-0104] Net n6274 only has one pin. Check if it is intended to be dangling.
[WARNING RSZ-0104] Net n6270 only has one pin. Check if it is intended to be dangling.
[WARNING RSZ-0104] Net n6267 only has one pin. Check if it is intended to be dangling.
[WARNING RSZ-0104] Net n6264 only has one pin. Check if it is intended to be dangling.
[WARNING RSZ-0104] Net n6261 only has one pin. Check if it is intended to be dangling.
[WARNING RSZ-0104] Net n6255 only has one pin. Check if it is intended to be dangling.
[WARNING RSZ-0104] Net n6252 only has one pin. Check if it is intended to be dangling.
[WARNING RSZ-0104] Net n6248 only has one pin. Check if it is intended to be dangling.
[WARNING RSZ-0104] Net n625 only has one pin. Check if it is intended to be dangling.
[WARNING RSZ-0104] Net n6245 only has one pin. Check if it is intended to be dangling.
[WARNING RSZ-0104] Net n6240 only has one pin. Check if it is intended to be dangling.
[WARNING RSZ-0104] Net n6237 only has one pin. Check if it is intended to be dangling.
[WARNING RSZ-0104] Net n6234 only has one pin. Check if it is intended to be dangling.
[WARNING RSZ-0104] Net n6231 only has one pin. Check if it is intended to be dangling.
[WARNING RSZ-0104] Net n6226 only has one pin. Check if it is intended to be dangling.
[WARNING RSZ-0104] Net n6224 only has one pin. Check if it is intended to be dangling.
[WARNING RSZ-0104] Net n6220 only has one pin. Check if it is intended to be dangling.
[WARNING RSZ-0104] Net n622 only has one pin. Check if it is intended to be dangling.
[WARNING RSZ-0104] Net n6217 only has one pin. Check if it is intended to be dangling.
[WARNING RSZ-0104] Net n6213 only has one pin. Check if it is intended to be dangling.
[WARNING RSZ-0104] Net n6211 only has one pin. Check if it is intended to be dangling.
[WARNING RSZ-0104] Net n6207 only has one pin. Check if it is intended to be dangling.
[WARNING RSZ-0104] Net n6204 only has one pin. Check if it is intended to be dangling.
[WARNING RSZ-0104] Net n6200 only has one pin. Check if it is intended to be dangling.
[WARNING RSZ-0104] Net n6196 only has one pin. Check if it is intended to be dangling.
[WARNING RSZ-0104] Net n6193 only has one pin. Check if it is intended to be dangling.
[WARNING RSZ-0104] Net n6191 only has one pin. Check if it is intended to be dangling.
[WARNING RSZ-0104] Net n6188 only has one pin. Check if it is intended to be dangling.
[WARNING RSZ-0104] Net n6186 only has one pin. Check if it is intended to be dangling.
[WARNING RSZ-0104] Net n6183 only has one pin. Check if it is intended to be dangling.
[WARNING RSZ-0104] Net n6179 only has one pin. Check if it is intended to be dangling.
[WARNING RSZ-0104] Net n6174 only has one pin. Check if it is intended to be dangling.
[WARNING RSZ-0104] Net n6171 only has one pin. Check if it is intended to be dangling.
[WARNING RSZ-0104] Net n6168 only has one pin. Check if it is intended to be dangling.
[WARNING RSZ-0104] Net n6165 only has one pin. Check if it is intended to be dangling.
[WARNING RSZ-0104] Net n617 only has one pin. Check if it is intended to be dangling.
[WARNING RSZ-0104] Net n6161 only has one pin. Check if it is intended to be dangling.
[WARNING RSZ-0104] Net n6158 only has one pin. Check if it is intended to be dangling.
[WARNING RSZ-0104] Net n6155 only has one pin. Check if it is intended to be dangling.
[WARNING RSZ-0104] Net n6152 only has one pin. Check if it is intended to be dangling.
[WARNING RSZ-0104] Net n6146 only has one pin. Check if it is intended to be dangling.
[WARNING RSZ-0104] Net n6143 only has one pin. Check if it is intended to be dangling.
[WARNING RSZ-0104] Net n6139 only has one pin. Check if it is intended to be dangling.
[WARNING RSZ-0104] Net n6136 only has one pin. Check if it is intended to be dangling.
[WARNING RSZ-0104] Net n614 only has one pin. Check if it is intended to be dangling.
[WARNING RSZ-0104] Net n6131 only has one pin. Check if it is intended to be dangling.
[WARNING RSZ-0104] Net n6128 only has one pin. Check if it is intended to be dangling.
[WARNING RSZ-0104] Net n6124 only has one pin. Check if it is intended to be dangling.
[WARNING RSZ-0104] Net n6121 only has one pin. Check if it is intended to be dangling.
[WARNING RSZ-0104] Net n6116 only has one pin. Check if it is intended to be dangling.
[WARNING RSZ-0104] Net n6114 only has one pin. Check if it is intended to be dangling.
[WARNING RSZ-0104] Net n6110 only has one pin. Check if it is intended to be dangling.
[WARNING RSZ-0104] Net n6107 only has one pin. Check if it is intended to be dangling.
[WARNING RSZ-0104] Net n6103 only has one pin. Check if it is intended to be dangling.
[WARNING RSZ-0104] Net n6101 only has one pin. Check if it is intended to be dangling.
[WARNING RSZ-0104] Net n6097 only has one pin. Check if it is intended to be dangling.
[WARNING RSZ-0104] Net n6094 only has one pin. Check if it is intended to be dangling.
[WARNING RSZ-0104] Net n610 only has one pin. Check if it is intended to be dangling.
[WARNING RSZ-0104] Net n6090 only has one pin. Check if it is intended to be dangling.
[WARNING RSZ-0104] Net n6086 only has one pin. Check if it is intended to be dangling.
[WARNING RSZ-0104] Net n6083 only has one pin. Check if it is intended to be dangling.
[WARNING RSZ-0104] Net n6081 only has one pin. Check if it is intended to be dangling.
[WARNING RSZ-0104] Net n6078 only has one pin. Check if it is intended to be dangling.
[WARNING RSZ-0104] Net n6076 only has one pin. Check if it is intended to be dangling.
[WARNING RSZ-0104] Net n6073 only has one pin. Check if it is intended to be dangling.
[WARNING RSZ-0104] Net n6069 only has one pin. Check if it is intended to be dangling.
[WARNING RSZ-0104] Net n607 only has one pin. Check if it is intended to be dangling.
[WARNING RSZ-0104] Net n6064 only has one pin. Check if it is intended to be dangling.
[WARNING RSZ-0104] Net n6061 only has one pin. Check if it is intended to be dangling.
[WARNING RSZ-0104] Net n6058 only has one pin. Check if it is intended to be dangling.
[WARNING RSZ-0104] Net n6055 only has one pin. Check if it is intended to be dangling.
[WARNING RSZ-0104] Net n6051 only has one pin. Check if it is intended to be dangling.
[WARNING RSZ-0104] Net n6048 only has one pin. Check if it is intended to be dangling.
[WARNING RSZ-0104] Net n6045 only has one pin. Check if it is intended to be dangling.
[WARNING RSZ-0104] Net n6042 only has one pin. Check if it is intended to be dangling.
[WARNING RSZ-0104] Net n6036 only has one pin. Check if it is intended to be dangling.
[WARNING RSZ-0104] Net n6033 only has one pin. Check if it is intended to be dangling.
[WARNING RSZ-0104] Net n6029 only has one pin. Check if it is intended to be dangling.
[WARNING RSZ-0104] Net n6026 only has one pin. Check if it is intended to be dangling.
[WARNING RSZ-0104] Net n6021 only has one pin. Check if it is intended to be dangling.
[WARNING RSZ-0104] Net n6018 only has one pin. Check if it is intended to be dangling.
[WARNING RSZ-0104] Net n6015 only has one pin. Check if it is intended to be dangling.
[WARNING RSZ-0104] Net n6012 only has one pin. Check if it is intended to be dangling.
[WARNING RSZ-0104] Net n6007 only has one pin. Check if it is intended to be dangling.
[WARNING RSZ-0104] Net n6005 only has one pin. Check if it is intended to be dangling.
[WARNING RSZ-0104] Net n6001 only has one pin. Check if it is intended to be dangling.
[WARNING RSZ-0104] Net n5998 only has one pin. Check if it is intended to be dangling.
[WARNING RSZ-0104] Net n602 only has one pin. Check if it is intended to be dangling.
[WARNING RSZ-0104] Net n5994 only has one pin. Check if it is intended to be dangling.
[WARNING RSZ-0104] Net n5992 only has one pin. Check if it is intended to be dangling.
[WARNING RSZ-0104] Net n5988 only has one pin. Check if it is intended to be dangling.
[WARNING RSZ-0104] Net n5985 only has one pin. Check if it is intended to be dangling.
[WARNING RSZ-0104] Net n600 only has one pin. Check if it is intended to be dangling.
[WARNING RSZ-0104] Net n62 only has one pin. Check if it is intended to be dangling.
[WARNING RSZ-0104] Net n5981 only has one pin. Check if it is intended to be dangling.
[WARNING RSZ-0104] Net n5977 only has one pin. Check if it is intended to be dangling.
[WARNING RSZ-0104] Net n5974 only has one pin. Check if it is intended to be dangling.
[WARNING RSZ-0104] Net n5972 only has one pin. Check if it is intended to be dangling.
[WARNING RSZ-0104] Net n5969 only has one pin. Check if it is intended to be dangling.
[WARNING RSZ-0104] Net n5967 only has one pin. Check if it is intended to be dangling.
[WARNING RSZ-0104] Net n5964 only has one pin. Check if it is intended to be dangling.
[WARNING RSZ-0104] Net n5960 only has one pin. Check if it is intended to be dangling.
[WARNING RSZ-0104] Net n5955 only has one pin. Check if it is intended to be dangling.
[WARNING RSZ-0104] Net n5952 only has one pin. Check if it is intended to be dangling.
[WARNING RSZ-0104] Net n5949 only has one pin. Check if it is intended to be dangling.
[WARNING RSZ-0104] Net n5946 only has one pin. Check if it is intended to be dangling.
[WARNING RSZ-0104] Net n5942 only has one pin. Check if it is intended to be dangling.
[WARNING RSZ-0104] Net n5939 only has one pin. Check if it is intended to be dangling.
[WARNING RSZ-0104] Net n596 only has one pin. Check if it is intended to be dangling.
[WARNING RSZ-0104] Net n5936 only has one pin. Check if it is intended to be dangling.
[WARNING RSZ-0104] Net n5933 only has one pin. Check if it is intended to be dangling.
[WARNING RSZ-0104] Net n5927 only has one pin. Check if it is intended to be dangling.
[WARNING RSZ-0104] Net n5924 only has one pin. Check if it is intended to be dangling.
[WARNING RSZ-0104] Net n5920 only has one pin. Check if it is intended to be dangling.
[WARNING RSZ-0104] Net n5917 only has one pin. Check if it is intended to be dangling.
[WARNING RSZ-0104] Net n5912 only has one pin. Check if it is intended to be dangling.
[WARNING RSZ-0104] Net n593 only has one pin. Check if it is intended to be dangling.
[WARNING RSZ-0104] Net n5909 only has one pin. Check if it is intended to be dangling.
[WARNING RSZ-0104] Net n5906 only has one pin. Check if it is intended to be dangling.
[WARNING RSZ-0104] Net n5903 only has one pin. Check if it is intended to be dangling.
[WARNING RSZ-0104] Net n5898 only has one pin. Check if it is intended to be dangling.
[WARNING RSZ-0104] Net n5896 only has one pin. Check if it is intended to be dangling.
[WARNING RSZ-0104] Net n5892 only has one pin. Check if it is intended to be dangling.
[WARNING RSZ-0104] Net n5889 only has one pin. Check if it is intended to be dangling.
[WARNING RSZ-0104] Net n5885 only has one pin. Check if it is intended to be dangling.
[WARNING RSZ-0104] Net n5883 only has one pin. Check if it is intended to be dangling.
[WARNING RSZ-0104] Net n5879 only has one pin. Check if it is intended to be dangling.
[WARNING RSZ-0104] Net n5876 only has one pin. Check if it is intended to be dangling.
[WARNING RSZ-0104] Net n5872 only has one pin. Check if it is intended to be dangling.
[WARNING RSZ-0104] Net n5870 only has one pin. Check if it is intended to be dangling.
[WARNING RSZ-0104] Net n589 only has one pin. Check if it is intended to be dangling.
[WARNING RSZ-0104] Net n5866 only has one pin. Check if it is intended to be dangling.
[WARNING RSZ-0104] Net n5863 only has one pin. Check if it is intended to be dangling.
[WARNING RSZ-0104] Net n5858 only has one pin. Check if it is intended to be dangling.
[WARNING RSZ-0104] Net n587 only has one pin. Check if it is intended to be dangling.
[WARNING RSZ-0104] Net n5855 only has one pin. Check if it is intended to be dangling.
[WARNING RSZ-0104] Net n5852 only has one pin. Check if it is intended to be dangling.
[WARNING RSZ-0104] Net n5850 only has one pin. Check if it is intended to be dangling.
[WARNING RSZ-0104] Net n5845 only has one pin. Check if it is intended to be dangling.
[WARNING RSZ-0104] Net n5842 only has one pin. Check if it is intended to be dangling.
[WARNING RSZ-0104] Net n60 only has one pin. Check if it is intended to be dangling.
[WARNING RSZ-0104] Net n5839 only has one pin. Check if it is intended to be dangling.
[WARNING RSZ-0104] Net n5836 only has one pin. Check if it is intended to be dangling.
[WARNING RSZ-0104] Net n5832 only has one pin. Check if it is intended to be dangling.
[WARNING RSZ-0104] Net n5829 only has one pin. Check if it is intended to be dangling.
[WARNING RSZ-0104] Net n5826 only has one pin. Check if it is intended to be dangling.
[WARNING RSZ-0104] Net n5823 only has one pin. Check if it is intended to be dangling.
[WARNING RSZ-0104] Net n5817 only has one pin. Check if it is intended to be dangling.
[WARNING RSZ-0104] Net n5814 only has one pin. Check if it is intended to be dangling.
[WARNING RSZ-0104] Net n583 only has one pin. Check if it is intended to be dangling.
[WARNING RSZ-0104] Net n5810 only has one pin. Check if it is intended to be dangling.
[WARNING RSZ-0104] Net n5807 only has one pin. Check if it is intended to be dangling.
[WARNING RSZ-0104] Net n5802 only has one pin. Check if it is intended to be dangling.
[WARNING RSZ-0104] Net n5799 only has one pin. Check if it is intended to be dangling.
[WARNING RSZ-0104] Net n5796 only has one pin. Check if it is intended to be dangling.
[WARNING RSZ-0104] Net n5793 only has one pin. Check if it is intended to be dangling.
[WARNING RSZ-0104] Net n5788 only has one pin. Check if it is intended to be dangling.
[WARNING RSZ-0104] Net n580 only has one pin. Check if it is intended to be dangling.
[WARNING RSZ-0104] Net n5786 only has one pin. Check if it is intended to be dangling.
[WARNING RSZ-0104] Net n5782 only has one pin. Check if it is intended to be dangling.
[WARNING RSZ-0104] Net n5779 only has one pin. Check if it is intended to be dangling.
[WARNING RSZ-0104] Net n5775 only has one pin. Check if it is intended to be dangling.
[WARNING RSZ-0104] Net n5773 only has one pin. Check if it is intended to be dangling.
[WARNING RSZ-0104] Net n5769 only has one pin. Check if it is intended to be dangling.
[WARNING RSZ-0104] Net n5766 only has one pin. Check if it is intended to be dangling.
[WARNING RSZ-0104] Net n5762 only has one pin. Check if it is intended to be dangling.
[WARNING RSZ-0104] Net n5758 only has one pin. Check if it is intended to be dangling.
[WARNING RSZ-0104] Net n5755 only has one pin. Check if it is intended to be dangling.
[WARNING RSZ-0104] Net n5753 only has one pin. Check if it is intended to be dangling.
[WARNING RSZ-0104] Net n5750 only has one pin. Check if it is intended to be dangling.
[WARNING RSZ-0104] Net n5748 only has one pin. Check if it is intended to be dangling.
[WARNING RSZ-0104] Net n5745 only has one pin. Check if it is intended to be dangling.
[WARNING RSZ-0104] Net n576 only has one pin. Check if it is intended to be dangling.
[WARNING RSZ-0104] Net n5741 only has one pin. Check if it is intended to be dangling.
[WARNING RSZ-0104] Net n5736 only has one pin. Check if it is intended to be dangling.
[WARNING RSZ-0104] Net n5733 only has one pin. Check if it is intended to be dangling.
[WARNING RSZ-0104] Net n5730 only has one pin. Check if it is intended to be dangling.
[WARNING RSZ-0104] Net n574 only has one pin. Check if it is intended to be dangling.
[WARNING RSZ-0104] Net n5727 only has one pin. Check if it is intended to be dangling.
[WARNING RSZ-0104] Net n5723 only has one pin. Check if it is intended to be dangling.
[WARNING RSZ-0104] Net n5720 only has one pin. Check if it is intended to be dangling.
[WARNING RSZ-0104] Net n5717 only has one pin. Check if it is intended to be dangling.
[WARNING RSZ-0104] Net n5714 only has one pin. Check if it is intended to be dangling.
[WARNING RSZ-0104] Net n5708 only has one pin. Check if it is intended to be dangling.
[WARNING RSZ-0104] Net n5705 only has one pin. Check if it is intended to be dangling.
[WARNING RSZ-0104] Net n5701 only has one pin. Check if it is intended to be dangling.
[WARNING RSZ-0104] Net n5698 only has one pin. Check if it is intended to be dangling.
[WARNING RSZ-0104] Net n5693 only has one pin. Check if it is intended to be dangling.
[WARNING RSZ-0104] Net n5690 only has one pin. Check if it is intended to be dangling.
    10000 |     +0.0% |       0 |       1 |             4 |      4114
[WARNING RSZ-0104] Net n570 only has one pin. Check if it is intended to be dangling.
[WARNING RSZ-0104] Net n5686 only has one pin. Check if it is intended to be dangling.
[WARNING RSZ-0104] Net n5683 only has one pin. Check if it is intended to be dangling.
[WARNING RSZ-0104] Net n5678 only has one pin. Check if it is intended to be dangling.
[WARNING RSZ-0104] Net n5676 only has one pin. Check if it is intended to be dangling.
[WARNING RSZ-0104] Net n5672 only has one pin. Check if it is intended to be dangling.
[WARNING RSZ-0104] Net n5669 only has one pin. Check if it is intended to be dangling.
[WARNING RSZ-0104] Net n5665 only has one pin. Check if it is intended to be dangling.
[WARNING RSZ-0104] Net n5663 only has one pin. Check if it is intended to be dangling.
[WARNING RSZ-0104] Net n567 only has one pin. Check if it is intended to be dangling.
[WARNING RSZ-0104] Net n5659 only has one pin. Check if it is intended to be dangling.
[WARNING RSZ-0104] Net n5656 only has one pin. Check if it is intended to be dangling.
[WARNING RSZ-0104] Net n5652 only has one pin. Check if it is intended to be dangling.
[WARNING RSZ-0104] Net n5650 only has one pin. Check if it is intended to be dangling.
[WARNING RSZ-0104] Net n5646 only has one pin. Check if it is intended to be dangling.
[WARNING RSZ-0104] Net n5643 only has one pin. Check if it is intended to be dangling.
[WARNING RSZ-0104] Net n5638 only has one pin. Check if it is intended to be dangling.
[WARNING RSZ-0104] Net n5635 only has one pin. Check if it is intended to be dangling.
[WARNING RSZ-0104] Net n5632 only has one pin. Check if it is intended to be dangling.
[WARNING RSZ-0104] Net n5630 only has one pin. Check if it is intended to be dangling.
[WARNING RSZ-0104] Net n5625 only has one pin. Check if it is intended to be dangling.
[WARNING RSZ-0104] Net n5622 only has one pin. Check if it is intended to be dangling.
[WARNING RSZ-0104] Net n5619 only has one pin. Check if it is intended to be dangling.
[WARNING RSZ-0104] Net n5616 only has one pin. Check if it is intended to be dangling.
[WARNING RSZ-0104] Net n5612 only has one pin. Check if it is intended to be dangling.
[WARNING RSZ-0104] Net n5609 only has one pin. Check if it is intended to be dangling.
[WARNING RSZ-0104] Net n5606 only has one pin. Check if it is intended to be dangling.
[WARNING RSZ-0104] Net n562 only has one pin. Check if it is intended to be dangling.
[WARNING RSZ-0104] Net n5603 only has one pin. Check if it is intended to be dangling.
[WARNING RSZ-0104] Net n5597 only has one pin. Check if it is intended to be dangling.
[WARNING RSZ-0104] Net n5594 only has one pin. Check if it is intended to be dangling.
[WARNING RSZ-0104] Net n5590 only has one pin. Check if it is intended to be dangling.
[WARNING RSZ-0104] Net n5587 only has one pin. Check if it is intended to be dangling.
[WARNING RSZ-0104] Net n5582 only has one pin. Check if it is intended to be dangling.
[WARNING RSZ-0104] Net n5579 only has one pin. Check if it is intended to be dangling.
[WARNING RSZ-0104] Net n559 only has one pin. Check if it is intended to be dangling.
[WARNING RSZ-0104] Net n5576 only has one pin. Check if it is intended to be dangling.
[WARNING RSZ-0104] Net n5573 only has one pin. Check if it is intended to be dangling.
[WARNING RSZ-0104] Net n5568 only has one pin. Check if it is intended to be dangling.
[WARNING RSZ-0104] Net n5566 only has one pin. Check if it is intended to be dangling.
[WARNING RSZ-0104] Net n7 only has one pin. Check if it is intended to be dangling.
[WARNING RSZ-0104] Net n5562 only has one pin. Check if it is intended to be dangling.
[WARNING RSZ-0104] Net n5559 only has one pin. Check if it is intended to be dangling.
[WARNING RSZ-0104] Net n5555 only has one pin. Check if it is intended to be dangling.
[WARNING RSZ-0104] Net n5553 only has one pin. Check if it is intended to be dangling.
[WARNING RSZ-0104] Net n556 only has one pin. Check if it is intended to be dangling.
[WARNING RSZ-0104] Net n5549 only has one pin. Check if it is intended to be dangling.
[WARNING RSZ-0104] Net n5546 only has one pin. Check if it is intended to be dangling.
[WARNING RSZ-0104] Net n5542 only has one pin. Check if it is intended to be dangling.
[WARNING RSZ-0104] Net n5538 only has one pin. Check if it is intended to be dangling.
[WARNING RSZ-0104] Net n554 only has one pin. Check if it is intended to be dangling.
[WARNING RSZ-0104] Net n5535 only has one pin. Check if it is intended to be dangling.
[WARNING RSZ-0104] Net n5533 only has one pin. Check if it is intended to be dangling.
[WARNING RSZ-0104] Net n5530 only has one pin. Check if it is intended to be dangling.
[WARNING RSZ-0104] Net n5528 only has one pin. Check if it is intended to be dangling.
[WARNING RSZ-0104] Net n5525 only has one pin. Check if it is intended to be dangling.
[WARNING RSZ-0104] Net n5521 only has one pin. Check if it is intended to be dangling.
[WARNING RSZ-0104] Net n5516 only has one pin. Check if it is intended to be dangling.
[WARNING RSZ-0104] Net n5513 only has one pin. Check if it is intended to be dangling.
[WARNING RSZ-0104] Net n5510 only has one pin. Check if it is intended to be dangling.
[WARNING RSZ-0104] Net n5507 only has one pin. Check if it is intended to be dangling.
[WARNING RSZ-0104] Net n5503 only has one pin. Check if it is intended to be dangling.
[WARNING RSZ-0104] Net n5500 only has one pin. Check if it is intended to be dangling.
[WARNING RSZ-0104] Net n5497 only has one pin. Check if it is intended to be dangling.
[WARNING RSZ-0104] Net n5494 only has one pin. Check if it is intended to be dangling.
[WARNING RSZ-0104] Net n5488 only has one pin. Check if it is intended to be dangling.
[WARNING RSZ-0104] Net n5485 only has one pin. Check if it is intended to be dangling.
[WARNING RSZ-0104] Net n5481 only has one pin. Check if it is intended to be dangling.
[WARNING RSZ-0104] Net n549 only has one pin. Check if it is intended to be dangling.
[WARNING RSZ-0104] Net n5478 only has one pin. Check if it is intended to be dangling.
[WARNING RSZ-0104] Net n5473 only has one pin. Check if it is intended to be dangling.
[WARNING RSZ-0104] Net n5470 only has one pin. Check if it is intended to be dangling.
[WARNING RSZ-0104] Net n5466 only has one pin. Check if it is intended to be dangling.
[WARNING RSZ-0104] Net n5463 only has one pin. Check if it is intended to be dangling.
[WARNING RSZ-0104] Net n5458 only has one pin. Check if it is intended to be dangling.
[WARNING RSZ-0104] Net n5456 only has one pin. Check if it is intended to be dangling.
[WARNING RSZ-0104] Net n546 only has one pin. Check if it is intended to be dangling.
[WARNING RSZ-0104] Net n5452 only has one pin. Check if it is intended to be dangling.
[WARNING RSZ-0104] Net n5449 only has one pin. Check if it is intended to be dangling.
[WARNING RSZ-0104] Net n5445 only has one pin. Check if it is intended to be dangling.
[WARNING RSZ-0104] Net n5443 only has one pin. Check if it is intended to be dangling.
[WARNING RSZ-0104] Net n5439 only has one pin. Check if it is intended to be dangling.
[WARNING RSZ-0104] Net n5436 only has one pin. Check if it is intended to be dangling.
[WARNING RSZ-0104] Net n5432 only has one pin. Check if it is intended to be dangling.
[WARNING RSZ-0104] Net n5428 only has one pin. Check if it is intended to be dangling.
[WARNING RSZ-0104] Net n5425 only has one pin. Check if it is intended to be dangling.
[WARNING RSZ-0104] Net n543 only has one pin. Check if it is intended to be dangling.
[WARNING RSZ-0104] Net n56 only has one pin. Check if it is intended to be dangling.
[WARNING RSZ-0104] Net n5423 only has one pin. Check if it is intended to be dangling.
[WARNING RSZ-0104] Net n5420 only has one pin. Check if it is intended to be dangling.
[WARNING RSZ-0104] Net n5418 only has one pin. Check if it is intended to be dangling.
[WARNING RSZ-0104] Net n5415 only has one pin. Check if it is intended to be dangling.
[WARNING RSZ-0104] Net n5411 only has one pin. Check if it is intended to be dangling.
[WARNING RSZ-0104] Net n5406 only has one pin. Check if it is intended to be dangling.
[WARNING RSZ-0104] Net n5403 only has one pin. Check if it is intended to be dangling.
[WARNING RSZ-0104] Net n5400 only has one pin. Check if it is intended to be dangling.
[WARNING RSZ-0104] Net n5397 only has one pin. Check if it is intended to be dangling.
[WARNING RSZ-0104] Net n540 only has one pin. Check if it is intended to be dangling.
[WARNING RSZ-0104] Net n5393 only has one pin. Check if it is intended to be dangling.
[WARNING RSZ-0104] Net n5390 only has one pin. Check if it is intended to be dangling.
[WARNING RSZ-0104] Net n5387 only has one pin. Check if it is intended to be dangling.
[WARNING RSZ-0104] Net n5384 only has one pin. Check if it is intended to be dangling.
[WARNING RSZ-0104] Net n5378 only has one pin. Check if it is intended to be dangling.
[WARNING RSZ-0104] Net n5375 only has one pin. Check if it is intended to be dangling.
[WARNING RSZ-0104] Net n5371 only has one pin. Check if it is intended to be dangling.
[WARNING RSZ-0104] Net n5368 only has one pin. Check if it is intended to be dangling.
[WARNING RSZ-0104] Net n5363 only has one pin. Check if it is intended to be dangling.
[WARNING RSZ-0104] Net n5360 only has one pin. Check if it is intended to be dangling.
[WARNING RSZ-0104] Net n5356 only has one pin. Check if it is intended to be dangling.
[WARNING RSZ-0104] Net n536 only has one pin. Check if it is intended to be dangling.
[WARNING RSZ-0104] Net n5353 only has one pin. Check if it is intended to be dangling.
[WARNING RSZ-0104] Net n5348 only has one pin. Check if it is intended to be dangling.
[WARNING RSZ-0104] Net n5346 only has one pin. Check if it is intended to be dangling.
[WARNING RSZ-0104] Net n5342 only has one pin. Check if it is intended to be dangling.
[WARNING RSZ-0104] Net n5339 only has one pin. Check if it is intended to be dangling.
[WARNING RSZ-0104] Net n5335 only has one pin. Check if it is intended to be dangling.
[WARNING RSZ-0104] Net n5333 only has one pin. Check if it is intended to be dangling.
[WARNING RSZ-0104] Net n5329 only has one pin. Check if it is intended to be dangling.
[WARNING RSZ-0104] Net n533 only has one pin. Check if it is intended to be dangling.
[WARNING RSZ-0104] Net n5326 only has one pin. Check if it is intended to be dangling.
[WARNING RSZ-0104] Net n5322 only has one pin. Check if it is intended to be dangling.
[WARNING RSZ-0104] Net n5318 only has one pin. Check if it is intended to be dangling.
[WARNING RSZ-0104] Net n5315 only has one pin. Check if it is intended to be dangling.
[WARNING RSZ-0104] Net n5313 only has one pin. Check if it is intended to be dangling.
[WARNING RSZ-0104] Net n5310 only has one pin. Check if it is intended to be dangling.
[WARNING RSZ-0104] Net n5308 only has one pin. Check if it is intended to be dangling.
[WARNING RSZ-0104] Net n5305 only has one pin. Check if it is intended to be dangling.
[WARNING RSZ-0104] Net n5301 only has one pin. Check if it is intended to be dangling.
[WARNING RSZ-0104] Net n530 only has one pin. Check if it is intended to be dangling.
[WARNING RSZ-0104] Net n5296 only has one pin. Check if it is intended to be dangling.
[WARNING RSZ-0104] Net n5293 only has one pin. Check if it is intended to be dangling.
[WARNING RSZ-0104] Net n5290 only has one pin. Check if it is intended to be dangling.
[WARNING RSZ-0104] Net n5287 only has one pin. Check if it is intended to be dangling.
[WARNING RSZ-0104] Net n54 only has one pin. Check if it is intended to be dangling.
[WARNING RSZ-0104] Net n5283 only has one pin. Check if it is intended to be dangling.
[WARNING RSZ-0104] Net n5280 only has one pin. Check if it is intended to be dangling.
[WARNING RSZ-0104] Net n5277 only has one pin. Check if it is intended to be dangling.
[WARNING RSZ-0104] Net n5274 only has one pin. Check if it is intended to be dangling.
[WARNING RSZ-0104] Net n527 only has one pin. Check if it is intended to be dangling.
[WARNING RSZ-0104] Net n5268 only has one pin. Check if it is intended to be dangling.
[WARNING RSZ-0104] Net n5265 only has one pin. Check if it is intended to be dangling.
[WARNING RSZ-0104] message limit (1000) reached. This message will no longer print.
    11000 |     +0.0% |       0 |       1 |             4 |      3114
    12000 |     +0.0% |       0 |       1 |             4 |      2114
    13000 |     +0.0% |       0 |       1 |             4 |      1114
    14000 |     +0.0% |       0 |       1 |             4 |       114
    final |     +0.0% |       0 |       1 |             4 |         0
---------------------------------------------------------------------
[INFO RSZ-0036] Found 4 capacitance violations.
[INFO RSZ-0038] Inserted 1 buffers in 4 nets.
[INFO RSZ-0504] Runtime: 1.87s
global_route -start_incremental
detailed_placement
[INFO DPL-0006] Core area: 53721.36 um^2
[INFO DPL-0007] Movable instances area: 22189.19 um^2
[INFO DPL-0008] Fixed instances area within core: 109.86 um^2
[INFO DPL-0009] Utilization: 41.5%
[INFO DPL-0005] Diamond search max displacement: +/- 500 sites horizontally, +/- 100 rows vertically.
[INFO DPL-1102] Legalizing using negotiation legalizer.
[INFO DPL-1103] Negotiation base search window: +/-20 sites horizontally, +/-5 rows vertically 
	Automatic search window extension enabled.
	Search window extendable up to the max displacement cap of +/-500 sites, +/-100 rows near walls.
[INFO DPL-1104] NegotiationLegalizer DRC penalty: 5.
[INFO DPL-0392] Negotiation cell height distribution (1 unique row-count(s)):
[INFO DPL-0393]   height 1 row(s): 11921 cells
          |      Total |  Illegal |  Illegal
Iteration | Violations |    Cells |    Sites
---------------------------------------------
        0 |          0 |         0 |         0
Negotiation phase 1 converged at iteration 0.
[INFO DPL-0500] Runtime: 0.05s
Placement Analysis
---------------------------------
total displacement          2.8 u
average displacement        0.0 u
max displacement            2.8 u
original HPWL          162025.1 u
legalized HPWL         162029.2 u
delta HPWL                    0 %

global_route -end_incremental -congestion_report_file /tmp/workspace/scripts-Private_test-fr_cugr_cmp-1-/reports/nangate45/dynamic_node/base/congestion_post_repair_design.rpt
Repair setup and hold violations...
estimate_parasitics -global_routing
repair_timing -setup_margin 0 -hold_margin 0 -repair_tns 100 -verbose
[INFO RSZ-0100] Repair move sequence: UnbufferMove SizeUpMove SwapPinsMove BufferMove CloneMove SplitLoadMove 
[INFO RSZ-0094] Found 1 endpoints with setup violations.
[INFO RSZ-0099] Repairing 1 out of 1 (100.00%) violating endpoints...
   Iter   | Removed | Resized | Inserted | Cloned |  Pin  |   Area   |    WNS   |   StTNS    |   EnTNS    |  Viol  |  Worst  
          | Buffers |  Gates  | Buffers  |  Gates | Swaps |          |          |            |            | Endpts | St/EnPt 
------------------------------------------------------------------------------------------------------------------------------
       0* |       0 |       0 |        0 |      0 |     0 |    +0.0% |   -0.016 |       -0.0 |       -0.0 |      1 | thanksIn_P
      10* |       0 |       7 |        4 |      0 |     1 |    +0.0% |   -0.002 |       -0.0 |       -0.0 |      1 | thanksIn_P
      11* |       0 |       8 |        4 |      0 |     1 |    +0.0% |    0.003 |        0.0 |        0.0 |      1 | thanksIn_P
      11* |       0 |       8 |        4 |      0 |     1 |    +0.0% |    0.003 |        0.0 |        0.0 |      1 | thanksIn_P
    final |       0 |       8 |        4 |      0 |     1 |    +0.0% |    0.003 |        0.0 |        0.0 |      0 | thanksIn_P
------------------------------------------------------------------------------------------------------------------------------
[INFO RSZ-0040] Inserted 4 buffers.
[INFO RSZ-0051] Resized 8 instances: 8 up, 0 up match, 0 down, 0 VT
[INFO RSZ-0043] Swapped pins on 1 instances.
[INFO RSZ-0505] Runtime: 1.19s
[INFO RSZ-0033] No hold violations found.
[INFO RSZ-0506] Runtime: 0.06s
global_route -start_incremental
detailed_placement
[INFO DPL-0006] Core area: 53721.36 um^2
[INFO DPL-0007] Movable instances area: 22198.76 um^2
[INFO DPL-0008] Fixed instances area within core: 109.86 um^2
[INFO DPL-0009] Utilization: 41.5%
[INFO DPL-0005] Diamond search max displacement: +/- 500 sites horizontally, +/- 100 rows vertically.
[INFO DPL-1102] Legalizing using negotiation legalizer.
[INFO DPL-1103] Negotiation base search window: +/-20 sites horizontally, +/-5 rows vertically 
	Automatic search window extension enabled.
	Search window extendable up to the max displacement cap of +/-500 sites, +/-100 rows near walls.
[INFO DPL-1104] NegotiationLegalizer DRC penalty: 5.
[INFO DPL-0392] Negotiation cell height distribution (1 unique row-count(s)):
[INFO DPL-0393]   height 1 row(s): 11925 cells
          |      Total |  Illegal |  Illegal
Iteration | Violations |    Cells |    Sites
---------------------------------------------
        0 |          0 |         0 |         0
Negotiation phase 1 converged at iteration 0.
[INFO DPL-0500] Runtime: 0.06s
Placement Analysis
---------------------------------
total displacement         21.1 u
average displacement        0.0 u
max displacement            6.0 u
original HPWL          162035.7 u
legalized HPWL         162063.6 u
delta HPWL                    0 %

check_placement -verbose
global_route -end_incremental -congestion_report_file /tmp/workspace/scripts-Private_test-fr_cugr_cmp-1-/reports/nangate45/dynamic_node/base/congestion_post_repair_timing.rpt
estimate_parasitics -global_routing
global_route -start_incremental
global_route -end_incremental -congestion_report_file /tmp/workspace/scripts-Private_test-fr_cugr_cmp-1-/reports/nangate45/dynamic_node/base/congestion_post_recover_power.rpt
Repair antennas...
[WARNING GRT-0246] No diode with LEF class CORE ANTENNACELL found.
[INFO ANT-0002] Found 0 net violations.
[INFO ANT-0001] Found 0 pin violations.
Estimate parasitics...
estimate_parasitics -global_routing
Report metrics stage 5, global route...

==========================================================================
global route report_design_area
--------------------------------------------------------------------------
Design area 22309 um^2 42% utilization.
[INFO FLW-0007] clock clk period 6.000000
[WARNING FLW-0010] more than one clock found. Skipping sdc update.
[INFO FLW-0011] Path endpoint path count 5070
write_db /tmp/workspace/scripts-Private_test-fr_cugr_cmp-1-/results/nangate45/dynamic_node/base/5_1_grt.odb
write_sdc -no_timestamp /tmp/workspace/scripts-Private_test-fr_cugr_cmp-1-/results/nangate45/dynamic_node/base/5_1_grt.sdc
Elapsed time: 0:17.57[h:]min:sec. CPU time: user 179.42 sys 12.69 (1093%). Peak memory: 485056KB.
Log                       Ext     Elapsed/s Peak Memory/MB sha1sum result [0:20)
5_1_grt                   .odb           17            473 17dd272bd67e5db988c5
5_1_grt                   .sdc                             7997dc0f2c01c6315e2d
/OpenROAD-flow-scripts/flow/scripts/flow.sh 5_2_route detail_route
Running detail_route.tcl, stage 5_2_route
read_liberty ./platforms/nangate45/lib/NangateOpenCellLibrary_typical.lib
read_db -hier /tmp/workspace/scripts-Private_test-fr_cugr_cmp-1-/results/nangate45/dynamic_node/base/5_1_grt.odb
[WARNING ORD-0012] Hierarchical flow (-hier) is currently in development and may cause multiple issues. Do not use in production environments.
read_sdc /tmp/workspace/scripts-Private_test-fr_cugr_cmp-1-/results/nangate45/dynamic_node/base/5_1_grt.sdc
source ./platforms/nangate45/setRC.tcl
[WARNING STA-0450] virtual clock vclk can not be propagated.
detailed_route -output_drc /tmp/workspace/scripts-Private_test-fr_cugr_cmp-1-/reports/nangate45/dynamic_node/base/5_route_drc.rpt -output_maze /tmp/workspace/scripts-Private_test-fr_cugr_cmp-1-/results/nangate45/dynamic_node/base/maze.log -droute_end_iter 64 -verbose 1 -drc_report_iter_step 5
[INFO DRT-0149] Reading tech and libs.

Units:                2000
Number of layers:     21
Number of macros:     135
Number of vias:       33
Number of viarulegen: 19

[INFO DRT-0150] Reading design.
[WARNING DRT-0120] Large net net2102 has 133 pins which may impact routing performance. Consider optimization.
[WARNING DRT-0120] Large net net2033 has 120 pins which may impact routing performance. Consider optimization.
[WARNING DRT-0120] Large net net2032 has 138 pins which may impact routing performance. Consider optimization.

Design:                   dynamic_node_top_wrap
Die area:                 ( 0 0 ) ( 485500 485500 )
Number of track patterns: 20
Number of DEF vias:       0
Number of components:     11925
Number of terminals:      695
Number of snets:          2
Number of nets:           13870

[INFO DRT-0167] List of default vias:
  Layer via2
    default via: via2_5
  Layer via3
    default via: via3_2
  Layer via4
    default via: via4_0
  Layer via5
    default via: via5_0
  Layer via6
    default via: via6_0
  Layer via7
    default via: via7_0
  Layer via8
    default via: via8_0
  Layer via9
    default via: via9_0
[INFO DRT-0162] Library cell analysis.
[INFO DRT-0163] Instance analysis.
[INFO DRT-0164] Number of unique instances = 125.
[INFO DRT-0168] Init region query.
[INFO DRT-0024]   Complete active.
[INFO DRT-0024]   Complete Fr_VIA.
[INFO DRT-0024]   Complete metal1.
[INFO DRT-0024]   Complete via1.
[INFO DRT-0024]   Complete metal2.
[INFO DRT-0024]   Complete via2.
[INFO DRT-0024]   Complete metal3.
[INFO DRT-0024]   Complete via3.
[INFO DRT-0024]   Complete metal4.
[INFO DRT-0024]   Complete via4.
[INFO DRT-0024]   Complete metal5.
[INFO DRT-0024]   Complete via5.
[INFO DRT-0024]   Complete metal6.
[INFO DRT-0024]   Complete via6.
[INFO DRT-0024]   Complete metal7.
[INFO DRT-0024]   Complete via7.
[INFO DRT-0024]   Complete metal8.
[INFO DRT-0024]   Complete via8.
[INFO DRT-0024]   Complete metal9.
[INFO DRT-0024]   Complete via9.
[INFO DRT-0024]   Complete metal10.
[INFO DRT-0033] active shape region query size = 0.
[INFO DRT-0033] FR_VIA shape region query size = 0.
[INFO DRT-0033] metal1 shape region query size = 246127.
[INFO DRT-0033] via1 shape region query size = 2241.
[INFO DRT-0033] metal2 shape region query size = 1494.
[INFO DRT-0033] via2 shape region query size = 2241.
[INFO DRT-0033] metal3 shape region query size = 1494.
[INFO DRT-0033] via3 shape region query size = 2241.
[INFO DRT-0033] metal4 shape region query size = 828.
[INFO DRT-0033] via4 shape region query size = 720.
[INFO DRT-0033] metal5 shape region query size = 461.
[INFO DRT-0033] via5 shape region query size = 720.
[INFO DRT-0033] metal6 shape region query size = 520.
[INFO DRT-0033] via6 shape region query size = 288.
[INFO DRT-0033] metal7 shape region query size = 104.
[INFO DRT-0033] via7 shape region query size = 0.
[INFO DRT-0033] metal8 shape region query size = 0.
[INFO DRT-0033] via8 shape region query size = 0.
[INFO DRT-0033] metal9 shape region query size = 0.
[INFO DRT-0033] via9 shape region query size = 0.
[INFO DRT-0033] metal10 shape region query size = 0.
[INFO DRT-0165] Start pin access.
[INFO DRT-0078]   Complete 736 pins.
[INFO DRT-0079]   Complete 100 unique inst patterns.
[INFO DRT-0081]   Complete 125 unique inst patterns.
[INFO DRT-0084]   Complete 7074 groups.
#scanned instances     = 11925
#unique  instances     = 125
#stdCellGenAp          = 4440
#stdCellValidPlanarAp  = 0
#stdCellValidViaAp     = 3104
#stdCellPinNoAp        = 0
#stdCellPinCnt         = 41901
#instTermValidViaApCnt = 0
#macroGenAp            = 0
#macroValidPlanarAp    = 0
#macroValidViaAp       = 0
#macroNoAp             = 0
[INFO DRT-0166] Complete pin access.
[INFO DRT-0267] cpu time = 00:01:59, elapsed time = 00:00:04, memory = 347.09 (MB), peak = 345.71 (MB)
[INFO DRT-0156] guideIn read 100000 guides.

[INFO DRT-0157] Number of guides:     101796

[INFO DRT-0169] Post process guides.
[INFO DRT-0176] GCELLGRID X 0 DO 85 STEP 5700 ;
[INFO DRT-0177] GCELLGRID Y 0 DO 85 STEP 5700 ;
[INFO DRT-0026]   Complete 100000 origin guides.
[INFO DRT-0028]   Complete active.
[INFO DRT-0028]   Complete Fr_VIA.
[INFO DRT-0028]   Complete metal1.
[INFO DRT-0028]   Complete via1.
[INFO DRT-0028]   Complete metal2.
[INFO DRT-0028]   Complete via2.
[INFO DRT-0028]   Complete metal3.
[INFO DRT-0028]   Complete via3.
[INFO DRT-0028]   Complete metal4.
[INFO DRT-0028]   Complete via4.
[INFO DRT-0028]   Complete metal5.
[INFO DRT-0028]   Complete via5.
[INFO DRT-0028]   Complete metal6.
[INFO DRT-0028]   Complete via6.
[INFO DRT-0028]   Complete metal7.
[INFO DRT-0028]   Complete via7.
[INFO DRT-0028]   Complete metal8.
[INFO DRT-0028]   Complete via8.
[INFO DRT-0028]   Complete metal9.
[INFO DRT-0028]   Complete via9.
[INFO DRT-0028]   Complete metal10.
[INFO DRT-0178] Init guide query.
[INFO DRT-0035]   Complete active (guide).
[INFO DRT-0035]   Complete Fr_VIA (guide).
[INFO DRT-0035]   Complete metal1 (guide).
[INFO DRT-0035]   Complete via1 (guide).
[INFO DRT-0035]   Complete metal2 (guide).
[INFO DRT-0035]   Complete via2 (guide).
[INFO DRT-0035]   Complete metal3 (guide).
[INFO DRT-0035]   Complete via3 (guide).
[INFO DRT-0035]   Complete metal4 (guide).
[INFO DRT-0035]   Complete via4 (guide).
[INFO DRT-0035]   Complete metal5 (guide).
[INFO DRT-0035]   Complete via5 (guide).
[INFO DRT-0035]   Complete metal6 (guide).
[INFO DRT-0035]   Complete via6 (guide).
[INFO DRT-0035]   Complete metal7 (guide).
[INFO DRT-0035]   Complete via7 (guide).
[INFO DRT-0035]   Complete metal8 (guide).
[INFO DRT-0035]   Complete via8 (guide).
[INFO DRT-0035]   Complete metal9 (guide).
[INFO DRT-0035]   Complete via9 (guide).
[INFO DRT-0035]   Complete metal10 (guide).
[INFO DRT-0036] active guide region query size = 0.
[INFO DRT-0036] FR_VIA guide region query size = 0.
[INFO DRT-0036] metal1 guide region query size = 33283.
[INFO DRT-0036] via1 guide region query size = 0.
[INFO DRT-0036] metal2 guide region query size = 29137.
[INFO DRT-0036] via2 guide region query size = 0.
[INFO DRT-0036] metal3 guide region query size = 16555.
[INFO DRT-0036] via3 guide region query size = 0.
[INFO DRT-0036] metal4 guide region query size = 3469.
[INFO DRT-0036] via4 guide region query size = 0.
[INFO DRT-0036] metal5 guide region query size = 1766.
[INFO DRT-0036] via5 guide region query size = 0.
[INFO DRT-0036] metal6 guide region query size = 566.
[INFO DRT-0036] via6 guide region query size = 0.
[INFO DRT-0036] metal7 guide region query size = 11.
[INFO DRT-0036] via7 guide region query size = 0.
[INFO DRT-0036] metal8 guide region query size = 0.
[INFO DRT-0036] via8 guide region query size = 0.
[INFO DRT-0036] metal9 guide region query size = 0.
[INFO DRT-0036] via9 guide region query size = 0.
[INFO DRT-0036] metal10 guide region query size = 0.
[INFO DRT-0179] Init gr pin query.
[INFO DRT-0267] cpu time = 00:00:00, elapsed time = 00:00:00, memory = 381.52 (MB), peak = 378.02 (MB)
[INFO DRT-0245] skipped writing guide updates to database.
[INFO DRT-0181] Start track assignment.
[INFO DRT-0184] Done with 33172 vertical wires in 2 frboxes and 51615 horizontal wires in 2 frboxes.
[INFO DRT-0186] Done with 9441 vertical wires in 2 frboxes and 11023 horizontal wires in 2 frboxes.
[INFO DRT-0182] Complete track assignment.
[INFO DRT-0267] cpu time = 00:00:05, elapsed time = 00:00:03, memory = 664.43 (MB), peak = 660.76 (MB)
[INFO DRT-0187] Start routing data preparation.
[INFO DRT-0267] cpu time = 00:00:00, elapsed time = 00:00:00, memory = 664.43 (MB), peak = 660.76 (MB)
[INFO DRT-0194] Start detail routing.
[INFO DRT-0195] Start 0th optimization iteration.
    Completing 10% with 0 violations.
    elapsed time = 00:00:00, memory = 1167.37 (MB).
    Completing 20% with 0 violations.
    elapsed time = 00:00:01, memory = 1211.30 (MB).
    Completing 30% with 401 violations.
    elapsed time = 00:00:04, memory = 1290.39 (MB).
    Completing 40% with 401 violations.
    elapsed time = 00:00:05, memory = 1505.75 (MB).
    Completing 50% with 401 violations.
    elapsed time = 00:00:06, memory = 1480.12 (MB).
    Completing 60% with 889 violations.
    elapsed time = 00:00:08, memory = 1626.89 (MB).
    Completing 70% with 889 violations.
    elapsed time = 00:00:09, memory = 1693.18 (MB).
    Completing 80% with 1406 violations.
    elapsed time = 00:00:14, memory = 1732.64 (MB).
    Completing 90% with 1406 violations.
    elapsed time = 00:00:16, memory = 1969.43 (MB).
    Completing 100% with 1994 violations.
    elapsed time = 00:00:19, memory = 1776.00 (MB).
[INFO DRT-0199]   Number of violations = 2731.
Viol/Layer      metal1   via1 metal2   via2 metal3   via3 metal4   via4 metal5 metal6
Cut Spacing          0      1      0      7      0      0      0      6      0      0
Metal Spacing        0      0    197      0     38      0      2      0      5      0
Recheck              3      0    425      0    278      0     21      0     10      0
Short                0      1   1398      1    312      1     17      0      5      3
[INFO DRT-0267] cpu time = 00:03:28, elapsed time = 00:00:20, memory = 2262.93 (MB), peak = 2259.86 (MB)
Total wire length = 207709 um.
Total wire length on LAYER metal1 = 0 um.
Total wire length on LAYER metal2 = 67081 um.
Total wire length on LAYER metal3 = 81876 um.
Total wire length on LAYER metal4 = 31979 um.
Total wire length on LAYER metal5 = 18538 um.
Total wire length on LAYER metal6 = 8030 um.
Total wire length on LAYER metal7 = 201 um.
Total wire length on LAYER metal8 = 0 um.
Total wire length on LAYER metal9 = 0 um.
Total wire length on LAYER metal10 = 0 um.
Total number of vias = 87944.
Up-via summary (total 87944):

----------------
 active        0
 metal1    39851
 metal2    40459
 metal3     4626
 metal4     2272
 metal5      710
 metal6       26
 metal7        0
 metal8        0
 metal9        0
----------------
       87944


[INFO DRT-0195] Start 1st optimization iteration.
    Completing 10% with 2731 violations.
    elapsed time = 00:00:00, memory = 2458.74 (MB).
    Completing 20% with 2731 violations.
    elapsed time = 00:00:01, memory = 2480.93 (MB).
    Completing 30% with 2278 violations.
    elapsed time = 00:00:04, memory = 2381.77 (MB).
    Completing 40% with 2278 violations.
    elapsed time = 00:00:05, memory = 2469.91 (MB).
    Completing 50% with 2278 violations.
    elapsed time = 00:00:05, memory = 2482.59 (MB).
    Completing 60% with 1803 violations.
    elapsed time = 00:00:09, memory = 2577.21 (MB).
    Completing 70% with 1803 violations.
    elapsed time = 00:00:10, memory = 2615.91 (MB).
    Completing 80% with 1479 violations.
    elapsed time = 00:00:16, memory = 2634.25 (MB).
    Completing 90% with 1479 violations.
    elapsed time = 00:00:18, memory = 2652.50 (MB).
    Completing 100% with 1081 violations.
    elapsed time = 00:00:23, memory = 2580.48 (MB).
[INFO DRT-0199]   Number of violations = 1081.
Viol/Layer        via1 metal2   via2 metal3 metal4   via4
Cut Spacing          7      0      1      0      0      1
Metal Spacing        0    220      0      7      2      0
Short                0    776      0     62      5      0
[INFO DRT-0267] cpu time = 00:03:08, elapsed time = 00:00:24, memory = 2582.14 (MB), peak = 2659.19 (MB)
Total wire length = 206530 um.
Total wire length on LAYER metal1 = 0 um.
Total wire length on LAYER metal2 = 66634 um.
Total wire length on LAYER metal3 = 81516 um.
Total wire length on LAYER metal4 = 31947 um.
Total wire length on LAYER metal5 = 18249 um.
Total wire length on LAYER metal6 = 7984 um.
Total wire length on LAYER metal7 = 199 um.
Total wire length on LAYER metal8 = 0 um.
Total wire length on LAYER metal9 = 0 um.
Total wire length on LAYER metal10 = 0 um.
Total number of vias = 87027.
Up-via summary (total 87027):

----------------
 active        0
 metal1    39857
 metal2    39739
 metal3     4546
 metal4     2192
 metal5      681
 metal6       12
 metal7        0
 metal8        0
 metal9        0
----------------
       87027


[INFO DRT-0195] Start 2nd optimization iteration.
    Completing 10% with 1081 violations.
    elapsed time = 00:00:00, memory = 2582.14 (MB).
    Completing 20% with 1081 violations.
    elapsed time = 00:00:01, memory = 2625.73 (MB).
    Completing 30% with 1048 violations.
    elapsed time = 00:00:04, memory = 2617.34 (MB).
    Completing 40% with 1048 violations.
    elapsed time = 00:00:04, memory = 2617.34 (MB).
    Completing 50% with 1048 violations.
    elapsed time = 00:00:06, memory = 2725.49 (MB).
    Completing 60% with 1020 violations.
    elapsed time = 00:00:08, memory = 2649.42 (MB).
    Completing 70% with 1020 violations.
    elapsed time = 00:00:10, memory = 2684.59 (MB).
    Completing 80% with 993 violations.
    elapsed time = 00:00:12, memory = 2651.45 (MB).
    Completing 90% with 993 violations.
    elapsed time = 00:00:13, memory = 2653.46 (MB).
    Completing 100% with 970 violations.
    elapsed time = 00:00:17, memory = 2665.57 (MB).
[INFO DRT-0199]   Number of violations = 970.
Viol/Layer        via1 metal2   via2 metal3   via4
Cut Spacing          1      0      7      0      1
Metal Spacing        0    186      0      7      0
Short                0    714      0     54      0
[INFO DRT-0267] cpu time = 00:02:24, elapsed time = 00:00:18, memory = 2668.48 (MB), peak = 2722.00 (MB)
Total wire length = 206223 um.
Total wire length on LAYER metal1 = 0 um.
Total wire length on LAYER metal2 = 66398 um.
Total wire length on LAYER metal3 = 81451 um.
Total wire length on LAYER metal4 = 31919 um.
Total wire length on LAYER metal5 = 18281 um.
Total wire length on LAYER metal6 = 7974 um.
Total wire length on LAYER metal7 = 198 um.
Total wire length on LAYER metal8 = 0 um.
Total wire length on LAYER metal9 = 0 um.
Total wire length on LAYER metal10 = 0 um.
Total number of vias = 86855.
Up-via summary (total 86855):

----------------
 active        0
 metal1    39859
 metal2    39551
 metal3     4581
 metal4     2176
 metal5      676
 metal6       12
 metal7        0
 metal8        0
 metal9        0
----------------
       86855


[INFO DRT-0195] Start 3rd optimization iteration.
    Completing 10% with 970 violations.
    elapsed time = 00:00:00, memory = 2668.48 (MB).
    Completing 20% with 970 violations.
    elapsed time = 00:00:00, memory = 2668.48 (MB).
    Completing 30% with 794 violations.
    elapsed time = 00:00:03, memory = 2685.75 (MB).
    Completing 40% with 794 violations.
    elapsed time = 00:00:03, memory = 2685.75 (MB).
    Completing 50% with 794 violations.
    elapsed time = 00:00:04, memory = 2719.72 (MB).
    Completing 60% with 701 violations.
    elapsed time = 00:00:11, memory = 2688.87 (MB).
    Completing 70% with 701 violations.
    elapsed time = 00:00:12, memory = 2753.48 (MB).
    Completing 80% with 352 violations.
    elapsed time = 00:00:15, memory = 2696.96 (MB).
    Completing 90% with 352 violations.
    elapsed time = 00:00:15, memory = 2732.79 (MB).
    Completing 100% with 84 violations.
    elapsed time = 00:00:17, memory = 2707.55 (MB).
[INFO DRT-0199]   Number of violations = 84.
Viol/Layer      metal2 metal3
Metal Spacing       10      2
Short               50     22
[INFO DRT-0267] cpu time = 00:01:16, elapsed time = 00:00:17, memory = 2707.55 (MB), peak = 2760.39 (MB)
Total wire length = 206244 um.
Total wire length on LAYER metal1 = 0 um.
Total wire length on LAYER metal2 = 65475 um.
Total wire length on LAYER metal3 = 81685 um.
Total wire length on LAYER metal4 = 32711 um.
Total wire length on LAYER metal5 = 18219 um.
Total wire length on LAYER metal6 = 7953 um.
Total wire length on LAYER metal7 = 198 um.
Total wire length on LAYER metal8 = 0 um.
Total wire length on LAYER metal9 = 0 um.
Total wire length on LAYER metal10 = 0 um.
Total number of vias = 87495.
Up-via summary (total 87495):

----------------
 active        0
 metal1    39860
 metal2    39888
 metal3     4904
 metal4     2154
 metal5      677
 metal6       12
 metal7        0
 metal8        0
 metal9        0
----------------
       87495


[INFO DRT-0195] Start 4th guides tiles iteration.
    Completing 10% with 84 violations.
    elapsed time = 00:00:00, memory = 2763.12 (MB).
    Completing 20% with 84 violations.
    elapsed time = 00:00:00, memory = 2763.12 (MB).
    Completing 30% with 84 violations.
    elapsed time = 00:00:00, memory = 2763.12 (MB).
    Completing 40% with 84 violations.
    elapsed time = 00:00:00, memory = 2763.12 (MB).
    Completing 50% with 9 violations.
    elapsed time = 00:00:02, memory = 2707.56 (MB).
    Completing 60% with 9 violations.
    elapsed time = 00:00:02, memory = 2707.56 (MB).
    Completing 70% with 9 violations.
    elapsed time = 00:00:02, memory = 2707.56 (MB).
    Completing 80% with 9 violations.
    elapsed time = 00:00:02, memory = 2707.56 (MB).
    Completing 90% with 9 violations.
    elapsed time = 00:00:02, memory = 2707.56 (MB).
    Completing 100% with 4 violations.
    elapsed time = 00:00:04, memory = 2707.56 (MB).
[INFO DRT-0199]   Number of violations = 4.
Viol/Layer      metal2 metal3
Metal Spacing        1      0
Short                1      2
[INFO DRT-0267] cpu time = 00:00:07, elapsed time = 00:00:04, memory = 2707.56 (MB), peak = 2760.39 (MB)
Total wire length = 206244 um.
Total wire length on LAYER metal1 = 0 um.
Total wire length on LAYER metal2 = 65470 um.
Total wire length on LAYER metal3 = 81703 um.
Total wire length on LAYER metal4 = 32711 um.
Total wire length on LAYER metal5 = 18208 um.
Total wire length on LAYER metal6 = 7952 um.
Total wire length on LAYER metal7 = 198 um.
Total wire length on LAYER metal8 = 0 um.
Total wire length on LAYER metal9 = 0 um.
Total wire length on LAYER metal10 = 0 um.
Total number of vias = 87521.
Up-via summary (total 87521):

----------------
 active        0
 metal1    39860
 metal2    39899
 metal3     4918
 metal4     2155
 metal5      677
 metal6       12
 metal7        0
 metal8        0
 metal9        0
----------------
       87521


[INFO DRT-0195] Start 5th guides tiles iteration.
    Completing 100% with 0 violations.
    elapsed time = 00:00:00, memory = 2707.56 (MB).
[INFO DRT-0199]   Number of violations = 0.
[INFO DRT-0267] cpu time = 00:00:00, elapsed time = 00:00:00, memory = 2707.68 (MB), peak = 2760.39 (MB)
Total wire length = 206241 um.
Total wire length on LAYER metal1 = 0 um.
Total wire length on LAYER metal2 = 65471 um.
Total wire length on LAYER metal3 = 81723 um.
Total wire length on LAYER metal4 = 32709 um.
Total wire length on LAYER metal5 = 18186 um.
Total wire length on LAYER metal6 = 7952 um.
Total wire length on LAYER metal7 = 198 um.
Total wire length on LAYER metal8 = 0 um.
Total wire length on LAYER metal9 = 0 um.
Total wire length on LAYER metal10 = 0 um.
Total number of vias = 87519.
Up-via summary (total 87519):

----------------
 active        0
 metal1    39860
 metal2    39902
 metal3     4915
 metal4     2153
 metal5      677
 metal6       12
 metal7        0
 metal8        0
 metal9        0
----------------
       87519


[INFO DRT-0198] Complete detail routing.
Total wire length = 206241 um.
Total wire length on LAYER metal1 = 0 um.
Total wire length on LAYER metal2 = 65471 um.
Total wire length on LAYER metal3 = 81723 um.
Total wire length on LAYER metal4 = 32709 um.
Total wire length on LAYER metal5 = 18186 um.
Total wire length on LAYER metal6 = 7952 um.
Total wire length on LAYER metal7 = 198 um.
Total wire length on LAYER metal8 = 0 um.
Total wire length on LAYER metal9 = 0 um.
Total wire length on LAYER metal10 = 0 um.
Total number of vias = 87519.
Up-via summary (total 87519):

----------------
 active        0
 metal1    39860
 metal2    39902
 metal3     4915
 metal4     2153
 metal5      677
 metal6       12
 metal7        0
 metal8        0
 metal9        0
----------------
       87519


[INFO DRT-0267] cpu time = 00:10:26, elapsed time = 00:01:25, memory = 2707.68 (MB), peak = 2760.39 (MB)

[INFO DRT-0180] Post processing.
[INFO DRT-0501] Runtime: 93.94s
Took 94 seconds: detailed_route -output_drc /tmp/workspace/scripts-Private_test-fr_cugr_cmp-1-/reports/nangate45/dynamic_node/base/5_route_drc.rpt -output_maze /tmp/workspace/scripts-Private_test-fr_cugr_cmp-1-/results/nangate45/dynamic_node/base/maze.log -droute_end_iter 64 -verbose 1 -drc_report_iter_step 5
[WARNING GRT-0246] No diode with LEF class CORE ANTENNACELL found.
[INFO ANT-0002] Found 0 net violations.
[INFO ANT-0001] Found 0 pin violations.
[INFO ANT-0002] Found 0 net violations.
[INFO ANT-0001] Found 0 pin violations.
Design area 22309 um^2 42% utilization.
write_db /tmp/workspace/scripts-Private_test-fr_cugr_cmp-1-/results/nangate45/dynamic_node/base/5_2_route.odb
Elapsed time: 1:35.97[h:]min:sec. CPU time: user 770.71 sys 2.38 (805%). Peak memory: 2826636KB.
Log                       Ext     Elapsed/s Peak Memory/MB sha1sum result [0:20)
5_2_route                 .odb           95           2760 510e4a759746797795d5
/OpenROAD-flow-scripts/flow/scripts/flow.sh 5_3_fillcell fillcell
Running fillcell.tcl, stage 5_3_fillcell
read_liberty ./platforms/nangate45/lib/NangateOpenCellLibrary_typical.lib
read_db -hier /tmp/workspace/scripts-Private_test-fr_cugr_cmp-1-/results/nangate45/dynamic_node/base/5_2_route.odb
[WARNING ORD-0012] Hierarchical flow (-hier) is currently in development and may cause multiple issues. Do not use in production environments.
read_sdc /tmp/workspace/scripts-Private_test-fr_cugr_cmp-1-/results/nangate45/dynamic_node/base/5_1_grt.sdc
source ./platforms/nangate45/setRC.tcl
[WARNING STA-0450] virtual clock vclk can not be propagated.
filler_placement "FILLCELL_X1 FILLCELL_X2 FILLCELL_X4 FILLCELL_X8 FILLCELL_X16 FILLCELL_X32"
[INFO DPL-0001] Placed 15698 filler instances.
Design area 22309 um^2 42% utilization.
write_db /tmp/workspace/scripts-Private_test-fr_cugr_cmp-1-/results/nangate45/dynamic_node/base/5_3_fillcell.odb
Elapsed time: 0:00.61[h:]min:sec. CPU time: user 0.53 sys 0.08 (100%). Peak memory: 174132KB.
Log                       Ext     Elapsed/s Peak Memory/MB sha1sum result [0:20)
5_3_fillcell              .odb            0            170 b1062883012519d7a53d
cp /tmp/workspace/scripts-Private_test-fr_cugr_cmp-1-/results/nangate45/dynamic_node/base/5_3_fillcell.odb /tmp/workspace/scripts-Private_test-fr_cugr_cmp-1-/results/nangate45/dynamic_node/base/5_route.odb
cp /tmp/workspace/scripts-Private_test-fr_cugr_cmp-1-/results/nangate45/dynamic_node/base/5_1_grt.sdc /tmp/workspace/scripts-Private_test-fr_cugr_cmp-1-/results/nangate45/dynamic_node/base/5_route.sdc
/OpenROAD-flow-scripts/flow/scripts/flow.sh 6_1_fill density_fill
Running density_fill.tcl, stage 6_1_fill
read_liberty ./platforms/nangate45/lib/NangateOpenCellLibrary_typical.lib
read_db -hier /tmp/workspace/scripts-Private_test-fr_cugr_cmp-1-/results/nangate45/dynamic_node/base/5_route.odb
[WARNING ORD-0012] Hierarchical flow (-hier) is currently in development and may cause multiple issues. Do not use in production environments.
read_sdc /tmp/workspace/scripts-Private_test-fr_cugr_cmp-1-/results/nangate45/dynamic_node/base/5_route.sdc
source ./platforms/nangate45/setRC.tcl
exec cp /tmp/workspace/scripts-Private_test-fr_cugr_cmp-1-/results/nangate45/dynamic_node/base/5_route.odb /tmp/workspace/scripts-Private_test-fr_cugr_cmp-1-/results/nangate45/dynamic_node/base/6_1_fill.odb
Elapsed time: 0:00.45[h:]min:sec. CPU time: user 0.36 sys 0.08 (100%). Peak memory: 147964KB.
Log                       Ext     Elapsed/s Peak Memory/MB sha1sum result [0:20)
6_1_fill                  .odb            0            144 b1062883012519d7a53d
cp /tmp/workspace/scripts-Private_test-fr_cugr_cmp-1-/results/nangate45/dynamic_node/base/5_route.sdc /tmp/workspace/scripts-Private_test-fr_cugr_cmp-1-/results/nangate45/dynamic_node/base/6_1_fill.sdc
/OpenROAD-flow-scripts/flow/scripts/flow.sh 6_report final_report
Running final_report.tcl, stage 6_report
read_liberty ./platforms/nangate45/lib/NangateOpenCellLibrary_typical.lib
read_db -hier /tmp/workspace/scripts-Private_test-fr_cugr_cmp-1-/results/nangate45/dynamic_node/base/6_1_fill.odb
[WARNING ORD-0012] Hierarchical flow (-hier) is currently in development and may cause multiple issues. Do not use in production environments.
read_sdc /tmp/workspace/scripts-Private_test-fr_cugr_cmp-1-/results/nangate45/dynamic_node/base/6_1_fill.sdc
source ./platforms/nangate45/setRC.tcl
[WARNING STA-0450] virtual clock vclk can not be propagated.
write_db /tmp/workspace/scripts-Private_test-fr_cugr_cmp-1-/results/nangate45/dynamic_node/base/6_final.odb
write_sdc -no_timestamp /tmp/workspace/scripts-Private_test-fr_cugr_cmp-1-/results/nangate45/dynamic_node/base/6_final.sdc
Deleted 0 routing obstructions
[INFO RCX-0431] Defined process_corner X with ext_model_index 0
[INFO RCX-0029] Defined extraction corner X
[WARNING RCX-0514] The ext_model_file option is deprecated. Use set_extraction_rules_file command instead.
[INFO RCX-0435] Reading extraction model file ./platforms/nangate45/rcx_patterns.rules ...
[INFO RCX-0436] RC segment generation dynamic_node_top_wrap (max_merge_res 50.0) ...
[INFO RCX-0040] Final 51075 rc segments
[INFO RCX-0439] Coupling Cap extraction dynamic_node_top_wrap ...
[INFO RCX-0440] Coupling threshhold is 0.1000 fF, coupling capacitance less than 0.1000 fF will be grounded.
[INFO RCX-0442] 48% of 86042 wires extracted
[INFO RCX-0442] 100% of 86042 wires extracted
[INFO RCX-0045] Extract 13870 nets, 62700 rsegs, 62700 caps, 138331 ccs
[INFO RCX-0443] 13870 nets finished
[INFO PSM-0040] All shapes on net VDD are connected.
########## IR report #################
Net              : VDD
Corner           : default
Total power      : 9.35e-03 W
Supply voltage   : 1.10e+00 V
Worstcase voltage: 1.10e+00 V
Average voltage  : 1.10e+00 V
Average IR drop  : 1.10e-03 V
Worstcase IR drop: 2.83e-03 V
Percentage drop  : 0.26 %
######################################
[INFO PSM-0040] All shapes on net VSS are connected.
########## IR report #################
Net              : VSS
Corner           : default
Total power      : 9.35e-03 W
Supply voltage   : 0.00e+00 V
Worstcase voltage: 1.76e-03 V
Average voltage  : 9.45e-04 V
Average IR drop  : 9.45e-04 V
Worstcase IR drop: 1.76e-03 V
Percentage drop  : 0.16 %
######################################
Cell type report:                       Count       Area
  Fill cell                             15698   31412.74
  Tap cell                                413     109.86
  Clock buffer                            513     607.28
  Timing Repair Buffer                   1081    1058.95
  Inverter                                 88      56.66
  Clock inverter                          102      64.37
  Sequential cell                        2245   10160.40
  Multi-Input combinational cell         7483   10251.11
  Total                                 27623   53721.36
Report metrics stage 6, finish...

==========================================================================
finish report_design_area
--------------------------------------------------------------------------
Design area 22309 um^2 42% utilization.
[WARNING GUI-0076] QStandardPaths: XDG_RUNTIME_DIR not set, defaulting to '/tmp/runtime-root'
Elapsed time: 0:13.88[h:]min:sec. CPU time: user 18.23 sys 6.61 (178%). Peak memory: 435592KB.
Log                       Ext     Elapsed/s Peak Memory/MB sha1sum result [0:20)
6_report                                 13            425                  N/A
cp ./platforms/nangate45/lef/NangateOpenCellLibrary.tech.lef /tmp/workspace/scripts-Private_test-fr_cugr_cmp-1-/objects/nangate45/dynamic_node/base/klayout_tech.lef
/usr/bin/python3 /OpenROAD-flow-scripts/flow/util/generate_klayout_tech.py \
	--template ./platforms/nangate45/FreePDK45.lyt \
	--output /tmp/workspace/scripts-Private_test-fr_cugr_cmp-1-/objects/nangate45/dynamic_node/base/klayout.lyt \
	--lef-files /tmp/workspace/scripts-Private_test-fr_cugr_cmp-1-/objects/nangate45/dynamic_node/base/klayout_tech.lef ./platforms/nangate45/lef/NangateOpenCellLibrary.macro.mod.lef   \
	--map-files 
/usr/bin/python3 /OpenROAD-flow-scripts/flow/scripts/run_command.py --log /tmp/workspace/scripts-Private_test-fr_cugr_cmp-1-/logs/nangate45/dynamic_node/base/6_1_merge.log --tee -- \
        /OpenROAD-flow-scripts/flow/scripts/klayout.sh -zz -rd design_name=dynamic_node_top_wrap \
        -rd in_def=/tmp/workspace/scripts-Private_test-fr_cugr_cmp-1-/results/nangate45/dynamic_node/base/6_final.def \
        -rd in_files="./platforms/nangate45/gds/NangateOpenCellLibrary.gds  " \
        -rd seal_file="" \
        -rd out_file=/tmp/workspace/scripts-Private_test-fr_cugr_cmp-1-/results/nangate45/dynamic_node/base/6_1_merged.gds \
        -rd tech_file=/tmp/workspace/scripts-Private_test-fr_cugr_cmp-1-/objects/nangate45/dynamic_node/base/klayout.lyt \
        -rd layer_map= \
        -r /OpenROAD-flow-scripts/flow/util/def2stream.py
KLayout 0.30.7
Warning: DEF UNITS does not match reader DBU (DEF UNITS is 100 and corresponds to a DBU of 0.01, but reader DBU is set to 0.0001) (line=5, cell=, file=6_final.def)
[INFO] Reporting cells prior to loading DEF ...
	./platforms/nangate45/gds/NangateOpenCellLibrary.gds
[INFO] GDS_ALLOW_EMPTY=fakeram.*
[INFO] All LEF cells have matching GDS/OAS cells
[INFO] No orphan cells in the final layout
Elapsed time: 0:02.07[h:]min:sec. CPU time: user 1.82 sys 0.24 (99%). Peak memory: 486248KB.
cp /tmp/workspace/scripts-Private_test-fr_cugr_cmp-1-/results/nangate45/dynamic_node/base/6_1_merged.gds /tmp/workspace/scripts-Private_test-fr_cugr_cmp-1-/results/nangate45/dynamic_node/base/6_final.gds
/tmp/workspace/scripts-Private_test-fr_cugr_cmp-1-/logs/nangate45/dynamic_node/base
Log                       Ext     Elapsed/s Peak Memory/MB sha1sum result [0:20)
1_synth                   .v              7            166 bf511380872af6e7b13b
1_synth                   .odb                             f84349152aaf7c4be63b
1_synth                   .sdc                             5aa320eed88e393418f5
2_1_floorplan             .odb            3            172 d05cfc71c726b9b54785
2_1_floorplan             .sdc                             5aa320eed88e393418f5
2_2_floorplan_macro       .odb            0            128 d05cfc71c726b9b54785
2_3_floorplan_tapcell     .odb            0            124 70ee3d3589561e9cf293
2_4_floorplan_pdn         .odb            0            134 31a3994b36b4e3434380
3_1_place_gp_skip_io      .odb            1            147 9e92c370c9c09b4a02ac
3_2_place_iop             .odb            0            131 f6547aca26f05ddc3593
3_3_place_gp              .odb           17            482 4b84cf9be405d9479b49
3_4_place_resized         .odb            6            182 5f4cb399acf296f0c934
3_5_place_dp              .odb            8            194 1e05ed018d3adf55a3f8
4_1_cts                   .odb            9            210 4ce1485ac5d070eb3d23
5_1_grt                   .odb           17            473 17dd272bd67e5db988c5
5_1_grt                   .sdc                             7997dc0f2c01c6315e2d
5_2_route                 .odb           95           2760 510e4a759746797795d5
5_3_fillcell              .odb            0            170 b1062883012519d7a53d
6_1_fill                  .odb            0            144 b1062883012519d7a53d
6_1_fill                  .sdc                             7997dc0f2c01c6315e2d
6_1_merge                                 2            474                  N/A
6_report                                 13            425                  N/A
Total                                   178           2760                     
mkdir -p /tmp/workspace/scripts-Private_test-fr_cugr_cmp-1-/reports/nangate45/dynamic_node/base
echo ./designs/nangate45/dynamic_node > /tmp/workspace/scripts-Private_test-fr_cugr_cmp-1-/reports/nangate45/dynamic_node/base/design-dir.txt
/usr/bin/python3 /OpenROAD-flow-scripts/flow/util/genMetrics.py -d dynamic_node \
    -p nangate45 \
    -v base \
    --logs /tmp/workspace/scripts-Private_test-fr_cugr_cmp-1-/logs/nangate45/dynamic_node/base \
    --reports /tmp/workspace/scripts-Private_test-fr_cugr_cmp-1-/reports/nangate45/dynamic_node/base \
    --results /tmp/workspace/scripts-Private_test-fr_cugr_cmp-1-/results/nangate45/dynamic_node/base \
    -o /tmp/workspace/scripts-Private_test-fr_cugr_cmp-1-/reports/nangate45/dynamic_node/base/metadata.json 2>&1 \
    | tee /tmp/workspace/scripts-Private_test-fr_cugr_cmp-1-/reports/nangate45/dynamic_node/base/metadata-generate.log
[WARN] not a git repo: /OpenROAD-flow-scripts/flow/util/../
[WARN] not a git repo: ./platforms/nangate45
[WARN] Tag globalroute__timing__clock__slack not found in /tmp/workspace/scripts-Private_test-fr_cugr_cmp-1-/logs/nangate45/dynamic_node/base/5_1_grt.log. Will use N/A.
[WARN] Overwriting Tag finish__runtime__total
[WARN] Overwriting Tag finish__cpu__total
[WARN] Overwriting Tag finish__mem__peak
/usr/bin/python3 /OpenROAD-flow-scripts/flow/util/checkMetadata.py \
    -m /tmp/workspace/scripts-Private_test-fr_cugr_cmp-1-/reports/nangate45/dynamic_node/base/metadata.json \
    -r ./designs/nangate45/dynamic_node/rules-base.json 2>&1 \
    | tee /tmp/workspace/scripts-Private_test-fr_cugr_cmp-1-/reports/nangate45/dynamic_node/base/metadata-check.log
[INFO] synth__canonical_netlist__hash pass test: N/A == N/A
[INFO] synth__netlist__hash pass test: N/A == N/A
[INFO] synth__design__instance__area__stdcell pass test: 21668.9 <= 24000
[INFO] constraints__clocks__count pass test: 2 == 2
[INFO] placeopt__design__instance__area pass test: 21626.1 <= 25239
[INFO] placeopt__design__instance__count__stdcell pass test: 11305 <= 12066
[INFO] detailedplace__design__violations pass test: 0 == 0
[INFO] cts__design__instance__count__setup_buffer pass test: 0 <= 1049
[INFO] cts__design__instance__count__hold_buffer pass test: 0 <= 1049
[INFO] cts__timing__setup__ws pass test: 0.0124922 >= -0.362
[INFO] cts__timing__setup__tns pass test: 0 >= -1.45
[INFO] cts__timing__hold__ws pass test: 0.102674 >= -0.3
[INFO] cts__timing__hold__tns pass test: 0 >= -1.2
[INFO] globalroute__antenna_diodes_count pass test: 0 <= 100
[INFO] globalroute__timing__setup__ws pass test: 0.00328015 >= -0.38
[INFO] globalroute__timing__setup__tns pass test: 0 >= -1.49
[INFO] globalroute__timing__hold__ws pass test: 0.104844 >= -0.3
[INFO] globalroute__timing__hold__tns pass test: 0 >= -1.2
[INFO] detailedroute__route__wirelength pass test: 206241 <= 208117
[INFO] detailedroute__route__drc_errors pass test: 0 <= 0
[INFO] detailedroute__antenna__violating__nets pass test: 0 <= 0
[INFO] detailedroute__antenna_diodes_count pass test: 0 <= 100
[INFO] finish__timing__setup__ws pass test: 0.0386814 >= -0.344
[INFO] finish__timing__setup__tns pass test: 0 >= -1.32
[INFO] finish__timing__hold__ws pass test: 0.102526 >= -0.3
[INFO] finish__timing__hold__tns pass test: 0 >= -1.2
[INFO] finish__design__instance__area pass test: 22308.6 <= 26188
Metadata check warnings: 0
All metadata rules passed (27 rules)
/OpenROAD-flow-scripts/flow/util/makeIssue.sh /tmp/workspace/scripts-Private_test-fr_cugr_cmp-1-/final_report
Creating issue for target final_report in /tmp/workspace/scripts-Private_test-fr_cugr_cmp-1-
Archiving issue to /tmp/workspace/scripts-Private_test-fr_cugr_cmp-1-/final_report_dynamic_node_nangate45_base_2026-08-20_04-19.tar.gz
Using gzip to compress tar file
tar: Removing leading `/' from member names
tar: Removing leading `/' from hard link targets
