rm -f /tmp/workspace/scripts-Private_test-fr_cugr_cmp-1-/results/nangate45/tinyRocket/base/1_* /tmp/workspace/scripts-Private_test-fr_cugr_cmp-1-/results/nangate45/tinyRocket/base/mem*.json
rm -rf /tmp/workspace/scripts-Private_test-fr_cugr_cmp-1-/results/nangate45/tinyRocket/base/memories
rm -f /tmp/workspace/scripts-Private_test-fr_cugr_cmp-1-/reports/nangate45/tinyRocket/base/synth_*
rm -f /tmp/workspace/scripts-Private_test-fr_cugr_cmp-1-/logs/nangate45/tinyRocket/base/1_*
rm -f 
rm -f /tmp/workspace/scripts-Private_test-fr_cugr_cmp-1-/results/nangate45/tinyRocket/base/clock_period.txt
rm -f /tmp/workspace/scripts-Private_test-fr_cugr_cmp-1-/results/nangate45/tinyRocket/base/2_*floorplan*.odb /tmp/workspace/scripts-Private_test-fr_cugr_cmp-1-/results/nangate45/tinyRocket/base/2_floorplan.sdc /tmp/workspace/scripts-Private_test-fr_cugr_cmp-1-/results/nangate45/tinyRocket/base/2_*.v /tmp/workspace/scripts-Private_test-fr_cugr_cmp-1-/results/nangate45/tinyRocket/base/2_*.def
rm -f /tmp/workspace/scripts-Private_test-fr_cugr_cmp-1-/reports/nangate45/tinyRocket/base/2_*
rm -f /tmp/workspace/scripts-Private_test-fr_cugr_cmp-1-/logs/nangate45/tinyRocket/base/2_*
rm -f /tmp/workspace/scripts-Private_test-fr_cugr_cmp-1-/results/nangate45/tinyRocket/base/3_*place*.odb
rm -f /tmp/workspace/scripts-Private_test-fr_cugr_cmp-1-/results/nangate45/tinyRocket/base/3_place.sdc
rm -f /tmp/workspace/scripts-Private_test-fr_cugr_cmp-1-/results/nangate45/tinyRocket/base/3_*.def /tmp/workspace/scripts-Private_test-fr_cugr_cmp-1-/results/nangate45/tinyRocket/base/3_*.v
rm -f /tmp/workspace/scripts-Private_test-fr_cugr_cmp-1-/reports/nangate45/tinyRocket/base/3_*
rm -f /tmp/workspace/scripts-Private_test-fr_cugr_cmp-1-/logs/nangate45/tinyRocket/base/3_*
rm -rf /tmp/workspace/scripts-Private_test-fr_cugr_cmp-1-/results/nangate45/tinyRocket/base/4_*cts*.odb /tmp/workspace/scripts-Private_test-fr_cugr_cmp-1-/results/nangate45/tinyRocket/base/4_cts.sdc /tmp/workspace/scripts-Private_test-fr_cugr_cmp-1-/results/nangate45/tinyRocket/base/4_*.v /tmp/workspace/scripts-Private_test-fr_cugr_cmp-1-/results/nangate45/tinyRocket/base/4_*.def
rm -f  /tmp/workspace/scripts-Private_test-fr_cugr_cmp-1-/reports/nangate45/tinyRocket/base/4_*
rm -rf /tmp/workspace/scripts-Private_test-fr_cugr_cmp-1-/logs/nangate45/tinyRocket/base/4_*
rm -rf /tmp/workspace/scripts-Private_test-fr_cugr_cmp-1-/results/nangate45/tinyRocket/base/route.guide /tmp/workspace/scripts-Private_test-fr_cugr_cmp-1-/results/nangate45/tinyRocket/base/output_guide.mod /tmp/workspace/scripts-Private_test-fr_cugr_cmp-1-/results/nangate45/tinyRocket/base/updated_clks.sdc
rm -rf /tmp/workspace/scripts-Private_test-fr_cugr_cmp-1-/results/nangate45/tinyRocket/base/5_*.odb /tmp/workspace/scripts-Private_test-fr_cugr_cmp-1-/results/nangate45/tinyRocket/base/5_route.sdc /tmp/workspace/scripts-Private_test-fr_cugr_cmp-1-/results/nangate45/tinyRocket/base/5_*.def /tmp/workspace/scripts-Private_test-fr_cugr_cmp-1-/results/nangate45/tinyRocket/base/5_*.v
rm -f  /tmp/workspace/scripts-Private_test-fr_cugr_cmp-1-/reports/nangate45/tinyRocket/base/5_*
rm -f  /tmp/workspace/scripts-Private_test-fr_cugr_cmp-1-/logs/nangate45/tinyRocket/base/5_*
rm -rf /tmp/workspace/scripts-Private_test-fr_cugr_cmp-1-/results/nangate45/tinyRocket/base/6_*.gds /tmp/workspace/scripts-Private_test-fr_cugr_cmp-1-/results/nangate45/tinyRocket/base/6_*.oas /tmp/workspace/scripts-Private_test-fr_cugr_cmp-1-/results/nangate45/tinyRocket/base/6_*.odb /tmp/workspace/scripts-Private_test-fr_cugr_cmp-1-/results/nangate45/tinyRocket/base/6_*.v /tmp/workspace/scripts-Private_test-fr_cugr_cmp-1-/results/nangate45/tinyRocket/base/6_*.def /tmp/workspace/scripts-Private_test-fr_cugr_cmp-1-/results/nangate45/tinyRocket/base/6_*.sdc /tmp/workspace/scripts-Private_test-fr_cugr_cmp-1-/results/nangate45/tinyRocket/base/6_*.spef
rm -rf /tmp/workspace/scripts-Private_test-fr_cugr_cmp-1-/reports/nangate45/tinyRocket/base/6_*.rpt
rm -f  /tmp/workspace/scripts-Private_test-fr_cugr_cmp-1-/logs/nangate45/tinyRocket/base/6_*
rm -f /tmp/workspace/scripts-Private_test-fr_cugr_cmp-1-/reports/nangate45/tinyRocket/base/design-dir.txt
rm -f /tmp/workspace/scripts-Private_test-fr_cugr_cmp-1-/reports/nangate45/tinyRocket/base/metadata*.*
rm -f /tmp/workspace/scripts-Private_test-fr_cugr_cmp-1-/results/nangate45/tinyRocket/base/RocketTile.lib /tmp/workspace/scripts-Private_test-fr_cugr_cmp-1-/results/nangate45/tinyRocket/base/RocketTile.lef
rm -rf /tmp/workspace/scripts-Private_test-fr_cugr_cmp-1-/objects/nangate45/tinyRocket/base
make: Nothing to be done for 'clean_metadata'.
mkdir -p /tmp/workspace/scripts-Private_test-fr_cugr_cmp-1-/results/nangate45/tinyRocket/base/
echo 1.2 > /tmp/workspace/scripts-Private_test-fr_cugr_cmp-1-/results/nangate45/tinyRocket/base/clock_period.txt
/OpenROAD-flow-scripts/flow/scripts/synth.sh /OpenROAD-flow-scripts/flow/scripts/synth_canonicalize.tcl /tmp/workspace/scripts-Private_test-fr_cugr_cmp-1-/logs/nangate45/tinyRocket/base/1_1_yosys_canonicalize.log
Using ABC speed script.
Extracting clock period from SDC file: /tmp/workspace/scripts-Private_test-fr_cugr_cmp-1-/results/nangate45/tinyRocket/base/clock_period.txt
Setting clock period to 1.2
1. Executing Liberty frontend: ./platforms/nangate45/lib/NangateOpenCellLibrary_typical.lib
2. Executing Liberty frontend: /OpenROAD-flow-scripts/flow/designs/nangate45/tinyRocket/fakeram45_1024x32.lib
3. Executing Liberty frontend: /OpenROAD-flow-scripts/flow/designs/nangate45/tinyRocket/fakeram45_64x32.lib
4. Executing Liberty frontend: ./platforms/nangate45/lib/NangateOpenCellLibrary_typical.lib
5. Executing Liberty frontend: /OpenROAD-flow-scripts/flow/designs/nangate45/tinyRocket/fakeram45_1024x32.lib
6. Executing Liberty frontend: /OpenROAD-flow-scripts/flow/designs/nangate45/tinyRocket/fakeram45_64x32.lib
7. Executing Verilog-2005 frontend: /OpenROAD-flow-scripts/flow/designs/src/tinyRocket/AsyncResetReg.v
8. Executing Verilog-2005 frontend: /OpenROAD-flow-scripts/flow/designs/src/tinyRocket/ClockDivider2.v
9. Executing Verilog-2005 frontend: /OpenROAD-flow-scripts/flow/designs/src/tinyRocket/ClockDivider3.v
10. Executing Verilog-2005 frontend: /OpenROAD-flow-scripts/flow/designs/src/tinyRocket/plusarg_reader.v
11. Executing Verilog-2005 frontend: /OpenROAD-flow-scripts/flow/designs/src/tinyRocket/freechips.rocketchip.system.TinyConfig.v
12. Executing Verilog-2005 frontend: /OpenROAD-flow-scripts/flow/designs/nangate45/tinyRocket/freechips.rocketchip.system.TinyConfig.v
13. Executing Verilog-2005 frontend: ./platforms/nangate45/cells_clkgate.v
14. Executing HIERARCHY pass (managing design hierarchy).
15. Executing AST frontend in derive mode using pre-parsed AST for module `\RocketTile'.
15.1. Analyzing design hierarchy..
15.2. Executing AST frontend in derive mode using pre-parsed AST for module `\Rocket'.
15.3. Executing AST frontend in derive mode using pre-parsed AST for module `\PTW'.
15.4. Executing AST frontend in derive mode using pre-parsed AST for module `\HellaCacheArbiter'.
15.5. Executing AST frontend in derive mode using pre-parsed AST for module `\IntSyncCrossingSink_2'.
15.6. Executing AST frontend in derive mode using pre-parsed AST for module `\IntSyncCrossingSink_1'.
15.7. Executing AST frontend in derive mode using pre-parsed AST for module `\IntSyncCrossingSink'.
15.8. Executing AST frontend in derive mode using pre-parsed AST for module `\TLBuffer_11'.
15.9. Executing AST frontend in derive mode using pre-parsed AST for module `\TLBuffer_10'.
15.10. Executing AST frontend in derive mode using pre-parsed AST for module `\TLFragmenter_5'.
15.11. Executing AST frontend in derive mode using pre-parsed AST for module `\ScratchpadSlavePort'.
15.12. Executing AST frontend in derive mode using pre-parsed AST for module `\Frontend'.
15.13. Executing AST frontend in derive mode using pre-parsed AST for module `\DCache'.
15.14. Executing AST frontend in derive mode using pre-parsed AST for module `\IntXbar_4'.
15.15. Executing AST frontend in derive mode using pre-parsed AST for module `\TLXbar_9'.
15.16. Executing AST frontend in derive mode using pre-parsed AST for module `\TLXbar_8'.
15.17. Analyzing design hierarchy..
15.18. Executing AST frontend in derive mode using pre-parsed AST for module `\TLMonitor_36'.
15.19. Executing AST frontend in derive mode using pre-parsed AST for module `\TLMonitor_35'.
15.20. Executing AST frontend in derive mode using pre-parsed AST for module `\AMOALU'.
15.21. Executing AST frontend in derive mode using pre-parsed AST for module `\TLB'.
15.22. Executing AST frontend in derive mode using pre-parsed AST for module `\DCacheModuleanon3'.
15.23. Executing AST frontend in derive mode using pre-parsed AST for module `\DCacheDataArray'.
15.24. Executing AST frontend in derive mode using pre-parsed AST for module `\DCacheModuleanon2'.
15.25. Executing AST frontend in derive mode using pre-parsed AST for module `\TLB_1'.
15.26. Executing AST frontend in derive mode using pre-parsed AST for module `\ShiftQueue'.
15.27. Executing AST frontend in derive mode using pre-parsed AST for module `\ICache'.
15.28. Executing AST frontend in derive mode using pre-parsed AST for module `\Repeater_5'.
15.29. Executing AST frontend in derive mode using pre-parsed AST for module `\Queue_39'.
15.30. Executing AST frontend in derive mode using pre-parsed AST for module `\Queue_38'.
15.31. Executing AST frontend in derive mode using pre-parsed AST for module `\TLMonitor_37'.
15.32. Executing AST frontend in derive mode using pre-parsed AST for module `\Queue_41'.
15.33. Executing AST frontend in derive mode using pre-parsed AST for module `\Queue_40'.
15.34. Executing AST frontend in derive mode using pre-parsed AST for module `\SynchronizerShiftReg_w1_d3'.
15.35. Executing AST frontend in derive mode using pre-parsed AST for module `\PlusArgTimeout'.
15.36. Executing AST frontend in derive mode using pre-parsed AST for module `\MulDiv'.
15.37. Executing AST frontend in derive mode using pre-parsed AST for module `\ALU'.
15.38. Executing AST frontend in derive mode using pre-parsed AST for module `\BreakpointUnit'.
15.39. Executing AST frontend in derive mode using pre-parsed AST for module `\CSRFile'.
15.40. Executing AST frontend in derive mode using pre-parsed AST for module `\IBuf'.
15.41. Analyzing design hierarchy..
15.42. Executing AST frontend in derive mode using pre-parsed AST for module `\RVCExpander'.
15.43. Executing AST frontend in derive mode using pre-parsed AST for module `\plusarg_reader'.
15.44. Executing AST frontend in derive mode using pre-parsed AST for module `\plusarg_reader'.
15.45. Executing AST frontend in derive mode using pre-parsed AST for module `\data_arrays_0_0'.
15.46. Executing AST frontend in derive mode using pre-parsed AST for module `\tag_array'.
15.47. Executing AST frontend in derive mode using pre-parsed AST for module `\PMPChecker'.
15.48. Executing AST frontend in derive mode using pre-parsed AST for module `\data_arrays_0'.
15.49. Analyzing design hierarchy..
15.50. Executing AST frontend in derive mode using pre-parsed AST for module `\data_arrays_0_ext'.
15.51. Executing AST frontend in derive mode using pre-parsed AST for module `\tag_array_ext'.
15.52. Executing AST frontend in derive mode using pre-parsed AST for module `\data_arrays_0_0_ext'.
/OpenROAD-flow-scripts/flow/designs/nangate45/tinyRocket/freechips.rocketchip.system.TinyConfig.v:101: Warning: Range select out of bounds on signal `\RW0_wmask': Setting result bit to undef.
15.53. Analyzing design hierarchy..
15.54. Analyzing design hierarchy..
16. Executing OPT_CLEAN pass (remove unused cells and wires).
Warning: Ignoring module TLMonitor_37 because it contains processes (run 'proc' command first).
Warning: Ignoring module Queue_38 because it contains processes (run 'proc' command first).
Warning: Ignoring module Queue_39 because it contains processes (run 'proc' command first).
Warning: Ignoring module Repeater_5 because it contains processes (run 'proc' command first).
Warning: Ignoring module ICache because it contains processes (run 'proc' command first).
Warning: Ignoring module ShiftQueue because it contains processes (run 'proc' command first).
Warning: Ignoring module TLMonitor_35 because it contains processes (run 'proc' command first).
Warning: Ignoring module TLMonitor_36 because it contains processes (run 'proc' command first).
Warning: Ignoring module TLXbar_8 because it contains processes (run 'proc' command first).
Warning: Ignoring module DCache because it contains processes (run 'proc' command first).
Warning: Ignoring module Frontend because it contains processes (run 'proc' command first).
Warning: Ignoring module ScratchpadSlavePort because it contains processes (run 'proc' command first).
Warning: Ignoring module TLFragmenter_5 because it contains processes (run 'proc' command first).
Warning: Ignoring module HellaCacheArbiter because it contains processes (run 'proc' command first).
Warning: Ignoring module Rocket because it contains processes (run 'proc' command first).
Warning: Ignoring module tag_array_ext because it contains processes (run 'proc' command first).
Warning: Ignoring module IBuf because it contains processes (run 'proc' command first).
Warning: Ignoring module CSRFile because it contains processes (run 'proc' command first).
Warning: Ignoring module MulDiv because it contains processes (run 'proc' command first).
Warning: Ignoring module PlusArgTimeout because it contains processes (run 'proc' command first).
Warning: Ignoring module SynchronizerShiftReg_w1_d3 because it contains processes (run 'proc' command first).
Warning: Ignoring module Queue_40 because it contains processes (run 'proc' command first).
Warning: Ignoring module Queue_41 because it contains processes (run 'proc' command first).
17. Executing RTLIL backend.
Warnings: 24 unique messages, 26 total
End of script. Logfile hash: c049e6fffe, time: 0.72s, user: 0.66s, system: 0.05s, MEM: 210.76 MB peak
Yosys 0.68+post (git sha1 UNKNOWN, Release, GNU /usr/local/bin/wrapped-cc/g++ 11.4.0)
Time spent: 67% 14x read_verilog (0 sec), 20% 1x hierarchy (0 sec), ...
Elapsed time: 0:00.73[h:]min:sec. CPU time: user 0.68 sys 0.05 (99%). Peak memory: 215820KB.
Log                       Ext     Elapsed/s Peak Memory/MB sha1sum result [0:20)
1_1_yosys_canonicalize    .rtlil          0            210 ad4afc4105509c55f767
/OpenROAD-flow-scripts/flow/scripts/synth.sh /OpenROAD-flow-scripts/flow/scripts/synth.tcl /tmp/workspace/scripts-Private_test-fr_cugr_cmp-1-/logs/nangate45/tinyRocket/base/1_2_yosys.log
Using ABC speed script.
Extracting clock period from SDC file: /tmp/workspace/scripts-Private_test-fr_cugr_cmp-1-/results/nangate45/tinyRocket/base/clock_period.txt
Setting clock period to 1.2
1. Executing RTLIL frontend.
2. Executing HIERARCHY pass (managing design hierarchy).
2.1. Analyzing design hierarchy..
2.2. Analyzing design hierarchy..
3. Executing SYNTH pass.
3.1. Executing HIERARCHY pass (managing design hierarchy).
3.1.1. Analyzing design hierarchy..
3.1.2. Analyzing design hierarchy..
3.2. Executing PROC pass (convert processes to netlists).
3.2.1. Executing PROC_CLEAN pass (remove empty switches from decision trees).
3.2.2. Executing PROC_RMDEAD pass (remove dead branches from decision trees).
3.2.3. Executing PROC_PRUNE pass (remove redundant assignments in processes).
3.2.4. Executing PROC_INIT pass (extract init attributes).
3.2.5. Executing PROC_ARST pass (detect async resets in processes).
3.2.6. Executing PROC_ROM pass (convert switches to ROMs).
3.2.7. Executing PROC_MUX pass (convert decision trees to multiplexers).
3.2.8. Executing PROC_DLATCH pass (convert process syncs to latches).
3.2.9. Executing PROC_DFF pass (convert process syncs to FFs).
3.2.10. Executing PROC_MEMWR pass (convert process memory writes to cells).
3.2.11. Executing PROC_CLEAN pass (remove empty switches from decision trees).
3.2.12. Executing OPT_EXPR pass (perform const folding).
3.3. Executing OPT_EXPR pass (perform const folding).
3.4. Executing OPT_CLEAN pass (remove unused cells and wires).
3.5. Executing CHECK pass (checking for obvious problems).
3.6. Executing OPT pass (performing simple optimizations).
3.6.1. Executing OPT_EXPR pass (perform const folding).
3.6.2. Executing OPT_MERGE pass (detect identical cells).
3.6.3. Executing OPT_MUXTREE pass (detect dead branches in mux trees).
3.6.4. Executing OPT_REDUCE pass (consolidate $*mux and $reduce_* inputs).
3.6.5. Executing OPT_MERGE pass (detect identical cells).
3.6.6. Executing OPT_DFF pass (perform DFF optimizations).
3.6.7. Executing OPT_CLEAN pass (remove unused cells and wires).
3.6.8. Executing OPT_EXPR pass (perform const folding).
3.6.9. Rerunning OPT passes. (Maybe there is more to do..)
3.6.10. Executing OPT_MUXTREE pass (detect dead branches in mux trees).
3.6.11. Executing OPT_REDUCE pass (consolidate $*mux and $reduce_* inputs).
3.6.12. Executing OPT_MERGE pass (detect identical cells).
3.6.13. Executing OPT_DFF pass (perform DFF optimizations).
3.6.14. Executing OPT_CLEAN pass (remove unused cells and wires).
3.6.15. Executing OPT_EXPR pass (perform const folding).
3.6.16. Finished fast OPT passes. (There is nothing left to do.)
3.7. Executing FSM pass (extract and optimize FSM).
3.7.1. Executing FSM_DETECT pass (finding FSMs in design).
3.7.2. Executing FSM_EXTRACT pass (extracting FSM from design).
3.7.3. Executing FSM_OPT pass (simple optimizations of FSMs).
3.7.4. Executing OPT_CLEAN pass (remove unused cells and wires).
3.7.5. Executing FSM_OPT pass (simple optimizations of FSMs).
3.7.6. Executing FSM_RECODE pass (re-assigning FSM state encoding).
3.7.7. Executing FSM_INFO pass (dumping all available information on FSM cells).
3.7.8. Executing FSM_MAP pass (mapping FSMs to basic logic).
3.8. Executing OPT pass (performing simple optimizations).
3.8.1. Executing OPT_EXPR pass (perform const folding).
3.8.2. Executing OPT_MERGE pass (detect identical cells).
3.8.3. Executing OPT_MUXTREE pass (detect dead branches in mux trees).
3.8.4. Executing OPT_REDUCE pass (consolidate $*mux and $reduce_* inputs).
3.8.5. Executing OPT_MERGE pass (detect identical cells).
3.8.6. Executing OPT_DFF pass (perform DFF optimizations).
3.8.7. Executing OPT_CLEAN pass (remove unused cells and wires).
3.8.8. Executing OPT_EXPR pass (perform const folding).
3.8.9. Rerunning OPT passes. (Maybe there is more to do..)
3.8.10. Executing OPT_MUXTREE pass (detect dead branches in mux trees).
3.8.11. Executing OPT_REDUCE pass (consolidate $*mux and $reduce_* inputs).
3.8.12. Executing OPT_MERGE pass (detect identical cells).
3.8.13. Executing OPT_DFF pass (perform DFF optimizations).
3.8.14. Executing OPT_CLEAN pass (remove unused cells and wires).
3.8.15. Executing OPT_EXPR pass (perform const folding).
3.8.16. Rerunning OPT passes. (Maybe there is more to do..)
3.8.17. Executing OPT_MUXTREE pass (detect dead branches in mux trees).
3.8.18. Executing OPT_REDUCE pass (consolidate $*mux and $reduce_* inputs).
3.8.19. Executing OPT_MERGE pass (detect identical cells).
3.8.20. Executing OPT_DFF pass (perform DFF optimizations).
3.8.21. Executing OPT_CLEAN pass (remove unused cells and wires).
3.8.22. Executing OPT_EXPR pass (perform const folding).
3.8.23. Finished fast OPT passes. (There is nothing left to do.)
3.9. Executing WREDUCE pass (reducing word size of cells).
3.10. Executing PEEPOPT pass (run peephole optimizers).
3.11. Executing OPT_CLEAN pass (remove unused cells and wires).
3.12. Executing ALUMACC pass (create $alu and $macc cells).
3.13. Executing SHARE pass (SAT-based resource sharing).
3.14. Executing OPT pass (performing simple optimizations).
3.14.1. Executing OPT_EXPR pass (perform const folding).
3.14.2. Executing OPT_MERGE pass (detect identical cells).
3.14.3. Executing OPT_MUXTREE pass (detect dead branches in mux trees).
3.14.4. Executing OPT_REDUCE pass (consolidate $*mux and $reduce_* inputs).
3.14.5. Executing OPT_MERGE pass (detect identical cells).
3.14.6. Executing OPT_DFF pass (perform DFF optimizations).
3.14.7. Executing OPT_CLEAN pass (remove unused cells and wires).
3.14.8. Executing OPT_EXPR pass (perform const folding).
3.14.9. Rerunning OPT passes. (Maybe there is more to do..)
3.14.10. Executing OPT_MUXTREE pass (detect dead branches in mux trees).
3.14.11. Executing OPT_REDUCE pass (consolidate $*mux and $reduce_* inputs).
3.14.12. Executing OPT_MERGE pass (detect identical cells).
3.14.13. Executing OPT_DFF pass (perform DFF optimizations).
3.14.14. Executing OPT_CLEAN pass (remove unused cells and wires).
3.14.15. Executing OPT_EXPR pass (perform const folding).
3.14.16. Finished fast OPT passes. (There is nothing left to do.)
3.15. Executing MEMORY pass.
3.15.1. Executing OPT_MEM pass (optimize memories).
3.15.2. Executing OPT_MEM_PRIORITY pass (removing unnecessary memory write priority relations).
3.15.3. Executing OPT_MEM_FEEDBACK pass (finding memory read-to-write feedback paths).
3.15.4. Executing MEMORY_BMUX2ROM pass (converting muxes to ROMs).
3.15.5. Executing MEMORY_DFF pass (merging $dff cells to $memrd).
3.15.6. Executing OPT_CLEAN pass (remove unused cells and wires).
3.15.7. Executing MEMORY_SHARE pass (consolidating $memrd/$memwr cells).
3.15.8. Executing OPT_MEM_WIDEN pass (optimize memories where all ports are wide).
3.15.9. Executing OPT_CLEAN pass (remove unused cells and wires).
3.15.10. Executing MEMORY_COLLECT pass (generating $mem cells).
3.16. Executing OPT_CLEAN pass (remove unused cells and wires).
Keep modules above estimated size of
      5000 gate equivalents
4. Executing CELLMATCH pass. (match cells)
Warning: Ignoring blackbox module fakeram45_1024x32.
Warning: Ignoring blackbox module CLKGATE_X8.
Warning: Ignoring blackbox module CLKGATE_X4.
Warning: Ignoring blackbox module CLKGATE_X2.
Warning: Ignoring blackbox module CLKGATE_X1.
Warning: Ignoring blackbox module CLKGATETST_X8.
Warning: Ignoring blackbox module CLKGATETST_X4.
Warning: Ignoring blackbox module CLKGATETST_X2.
Warning: Ignoring blackbox module CLKGATETST_X1.
Warning: Ignoring blackbox module fakeram45_64x32.
5. Executing KEEP_HIERARCHY pass.
6. Executing SYNTH pass.
6.1. Executing PROC pass (convert processes to netlists).
6.1.1. Executing PROC_CLEAN pass (remove empty switches from decision trees).
6.1.2. Executing PROC_RMDEAD pass (remove dead branches from decision trees).
6.1.3. Executing PROC_PRUNE pass (remove redundant assignments in processes).
6.1.4. Executing PROC_INIT pass (extract init attributes).
6.1.5. Executing PROC_ARST pass (detect async resets in processes).
6.1.6. Executing PROC_ROM pass (convert switches to ROMs).
6.1.7. Executing PROC_MUX pass (convert decision trees to multiplexers).
6.1.8. Executing PROC_DLATCH pass (convert process syncs to latches).
6.1.9. Executing PROC_DFF pass (convert process syncs to FFs).
6.1.10. Executing PROC_MEMWR pass (convert process memory writes to cells).
6.1.11. Executing PROC_CLEAN pass (remove empty switches from decision trees).
6.1.12. Executing OPT_EXPR pass (perform const folding).
6.2. Executing CHECK pass (checking for obvious problems).
6.3. Executing FLATTEN pass (flatten design).
6.4. Executing OPT_EXPR pass (perform const folding).
6.5. Executing OPT_CLEAN pass (remove unused cells and wires).
6.6. Executing CHECK pass (checking for obvious problems).
6.7. Executing OPT pass (performing simple optimizations).
6.7.1. Executing OPT_EXPR pass (perform const folding).
6.7.2. Executing OPT_MERGE pass (detect identical cells).
6.7.3. Executing OPT_MUXTREE pass (detect dead branches in mux trees).
6.7.4. Executing OPT_REDUCE pass (consolidate $*mux and $reduce_* inputs).
6.7.5. Executing OPT_MERGE pass (detect identical cells).
6.7.6. Executing OPT_DFF pass (perform DFF optimizations).
6.7.7. Executing OPT_CLEAN pass (remove unused cells and wires).
6.7.8. Executing OPT_EXPR pass (perform const folding).
6.7.9. Rerunning OPT passes. (Maybe there is more to do..)
6.7.10. Executing OPT_MUXTREE pass (detect dead branches in mux trees).
6.7.11. Executing OPT_REDUCE pass (consolidate $*mux and $reduce_* inputs).
6.7.12. Executing OPT_MERGE pass (detect identical cells).
6.7.13. Executing OPT_DFF pass (perform DFF optimizations).
6.7.14. Executing OPT_CLEAN pass (remove unused cells and wires).
6.7.15. Executing OPT_EXPR pass (perform const folding).
6.7.16. Finished fast OPT passes. (There is nothing left to do.)
6.8. Executing FSM pass (extract and optimize FSM).
6.8.1. Executing FSM_DETECT pass (finding FSMs in design).
6.8.2. Executing FSM_EXTRACT pass (extracting FSM from design).
6.8.3. Executing FSM_OPT pass (simple optimizations of FSMs).
6.8.4. Executing OPT_CLEAN pass (remove unused cells and wires).
6.8.5. Executing FSM_OPT pass (simple optimizations of FSMs).
6.8.6. Executing FSM_RECODE pass (re-assigning FSM state encoding).
6.8.7. Executing FSM_INFO pass (dumping all available information on FSM cells).
6.8.8. Executing FSM_MAP pass (mapping FSMs to basic logic).
6.9. Executing OPT pass (performing simple optimizations).
6.9.1. Executing OPT_EXPR pass (perform const folding).
6.9.2. Executing OPT_MERGE pass (detect identical cells).
6.9.3. Executing OPT_MUXTREE pass (detect dead branches in mux trees).
6.9.4. Executing OPT_REDUCE pass (consolidate $*mux and $reduce_* inputs).
6.9.5. Executing OPT_MERGE pass (detect identical cells).
6.9.6. Executing OPT_DFF pass (perform DFF optimizations).
6.9.7. Executing OPT_CLEAN pass (remove unused cells and wires).
6.9.8. Executing OPT_EXPR pass (perform const folding).
6.9.9. Rerunning OPT passes. (Maybe there is more to do..)
6.9.10. Executing OPT_MUXTREE pass (detect dead branches in mux trees).
6.9.11. Executing OPT_REDUCE pass (consolidate $*mux and $reduce_* inputs).
6.9.12. Executing OPT_MERGE pass (detect identical cells).
6.9.13. Executing OPT_DFF pass (perform DFF optimizations).
6.9.14. Executing OPT_CLEAN pass (remove unused cells and wires).
6.9.15. Executing OPT_EXPR pass (perform const folding).
6.9.16. Finished fast OPT passes. (There is nothing left to do.)
6.10. Executing WREDUCE pass (reducing word size of cells).
6.11. Executing PEEPOPT pass (run peephole optimizers).
6.12. Executing OPT_CLEAN pass (remove unused cells and wires).
6.13. Executing ALUMACC pass (create $alu and $macc cells).
6.14. Executing SHARE pass (SAT-based resource sharing).
6.15. Executing OPT pass (performing simple optimizations).
6.15.1. Executing OPT_EXPR pass (perform const folding).
6.15.2. Executing OPT_MERGE pass (detect identical cells).
6.15.3. Executing OPT_MUXTREE pass (detect dead branches in mux trees).
6.15.4. Executing OPT_REDUCE pass (consolidate $*mux and $reduce_* inputs).
6.15.5. Executing OPT_MERGE pass (detect identical cells).
6.15.6. Executing OPT_DFF pass (perform DFF optimizations).
6.15.7. Executing OPT_CLEAN pass (remove unused cells and wires).
6.15.8. Executing OPT_EXPR pass (perform const folding).
6.15.9. Finished fast OPT passes. (There is nothing left to do.)
6.16. Executing MEMORY pass.
6.16.1. Executing OPT_MEM pass (optimize memories).
6.16.2. Executing OPT_MEM_PRIORITY pass (removing unnecessary memory write priority relations).
6.16.3. Executing OPT_MEM_FEEDBACK pass (finding memory read-to-write feedback paths).
6.16.4. Executing MEMORY_BMUX2ROM pass (converting muxes to ROMs).
6.16.5. Executing MEMORY_DFF pass (merging $dff cells to $memrd).
6.16.6. Executing OPT_CLEAN pass (remove unused cells and wires).
6.16.7. Executing MEMORY_SHARE pass (consolidating $memrd/$memwr cells).
6.16.8. Executing OPT_MEM_WIDEN pass (optimize memories where all ports are wide).
6.16.9. Executing OPT_CLEAN pass (remove unused cells and wires).
6.16.10. Executing MEMORY_COLLECT pass (generating $mem cells).
6.17. Executing OPT_CLEAN pass (remove unused cells and wires).
7. Executing SYNTH pass.
7.1. Executing OPT pass (performing simple optimizations).
7.1.1. Executing OPT_EXPR pass (perform const folding).
7.1.2. Executing OPT_MERGE pass (detect identical cells).
7.1.3. Executing OPT_DFF pass (perform DFF optimizations).
7.1.4. Executing OPT_CLEAN pass (remove unused cells and wires).
7.1.5. Rerunning OPT passes. (Removed registers in this run.)
7.1.6. Executing OPT_EXPR pass (perform const folding).
7.1.7. Executing OPT_MERGE pass (detect identical cells).
7.1.8. Executing OPT_DFF pass (perform DFF optimizations).
7.1.9. Executing OPT_CLEAN pass (remove unused cells and wires).
7.1.10. Rerunning OPT passes. (Removed registers in this run.)
7.1.11. Executing OPT_EXPR pass (perform const folding).
7.1.12. Executing OPT_MERGE pass (detect identical cells).
7.1.13. Executing OPT_DFF pass (perform DFF optimizations).
7.1.14. Executing OPT_CLEAN pass (remove unused cells and wires).
7.1.15. Rerunning OPT passes. (Removed registers in this run.)
7.1.16. Executing OPT_EXPR pass (perform const folding).
7.1.17. Executing OPT_MERGE pass (detect identical cells).
7.1.18. Executing OPT_DFF pass (perform DFF optimizations).
7.1.19. Executing OPT_CLEAN pass (remove unused cells and wires).
7.1.20. Rerunning OPT passes. (Removed registers in this run.)
7.1.21. Executing OPT_EXPR pass (perform const folding).
7.1.22. Executing OPT_MERGE pass (detect identical cells).
7.1.23. Executing OPT_DFF pass (perform DFF optimizations).
7.1.24. Executing OPT_CLEAN pass (remove unused cells and wires).
7.1.25. Rerunning OPT passes. (Removed registers in this run.)
7.1.26. Executing OPT_EXPR pass (perform const folding).
7.1.27. Executing OPT_MERGE pass (detect identical cells).
7.1.28. Executing OPT_DFF pass (perform DFF optimizations).
7.1.29. Executing OPT_CLEAN pass (remove unused cells and wires).
7.1.30. Rerunning OPT passes. (Removed registers in this run.)
7.1.31. Executing OPT_EXPR pass (perform const folding).
7.1.32. Executing OPT_MERGE pass (detect identical cells).
7.1.33. Executing OPT_DFF pass (perform DFF optimizations).
7.1.34. Executing OPT_CLEAN pass (remove unused cells and wires).
7.1.35. Rerunning OPT passes. (Removed registers in this run.)
7.1.36. Executing OPT_EXPR pass (perform const folding).
7.1.37. Executing OPT_MERGE pass (detect identical cells).
7.1.38. Executing OPT_DFF pass (perform DFF optimizations).
7.1.39. Executing OPT_CLEAN pass (remove unused cells and wires).
7.1.40. Rerunning OPT passes. (Removed registers in this run.)
7.1.41. Executing OPT_EXPR pass (perform const folding).
7.1.42. Executing OPT_MERGE pass (detect identical cells).
7.1.43. Executing OPT_DFF pass (perform DFF optimizations).
7.1.44. Executing OPT_CLEAN pass (remove unused cells and wires).
7.1.45. Finished fast OPT passes.
7.2. Executing MEMORY_MAP pass (converting memories to logic and flip-flops).
7.3. Executing OPT pass (performing simple optimizations).
7.3.1. Executing OPT_EXPR pass (perform const folding).
7.3.2. Executing OPT_MERGE pass (detect identical cells).
7.3.3. Executing OPT_MUXTREE pass (detect dead branches in mux trees).
7.3.4. Executing OPT_REDUCE pass (consolidate $*mux and $reduce_* inputs).
7.3.5. Executing OPT_MERGE pass (detect identical cells).
7.3.6. Executing OPT_SHARE pass.
7.3.7. Executing OPT_DFF pass (perform DFF optimizations).
7.3.8. Executing OPT_CLEAN pass (remove unused cells and wires).
7.3.9. Executing OPT_EXPR pass (perform const folding).
7.3.10. Rerunning OPT passes. (Maybe there is more to do..)
7.3.11. Executing OPT_MUXTREE pass (detect dead branches in mux trees).
7.3.12. Executing OPT_REDUCE pass (consolidate $*mux and $reduce_* inputs).
7.3.13. Executing OPT_MERGE pass (detect identical cells).
7.3.14. Executing OPT_SHARE pass.
7.3.15. Executing OPT_DFF pass (perform DFF optimizations).
7.3.16. Executing OPT_CLEAN pass (remove unused cells and wires).
7.3.17. Executing OPT_EXPR pass (perform const folding).
7.3.18. Rerunning OPT passes. (Maybe there is more to do..)
7.3.19. Executing OPT_MUXTREE pass (detect dead branches in mux trees).
7.3.20. Executing OPT_REDUCE pass (consolidate $*mux and $reduce_* inputs).
7.3.21. Executing OPT_MERGE pass (detect identical cells).
7.3.22. Executing OPT_SHARE pass.
7.3.23. Executing OPT_DFF pass (perform DFF optimizations).
7.3.24. Executing OPT_CLEAN pass (remove unused cells and wires).
7.3.25. Executing OPT_EXPR pass (perform const folding).
7.3.26. Rerunning OPT passes. (Maybe there is more to do..)
7.3.27. Executing OPT_MUXTREE pass (detect dead branches in mux trees).
7.3.28. Executing OPT_REDUCE pass (consolidate $*mux and $reduce_* inputs).
7.3.29. Executing OPT_MERGE pass (detect identical cells).
7.3.30. Executing OPT_SHARE pass.
7.3.31. Executing OPT_DFF pass (perform DFF optimizations).
7.3.32. Executing OPT_CLEAN pass (remove unused cells and wires).
7.3.33. Executing OPT_EXPR pass (perform const folding).
7.3.34. Finished fast OPT passes. (There is nothing left to do.)
7.4. Executing TECHMAP pass (map to technology primitives).
7.4.1. Executing Verilog-2005 frontend: /OpenROAD-flow-scripts/tools/install/yosys/bin/../share/yosys/techmap.v
7.4.2. Executing Verilog-2005 frontend: /OpenROAD-flow-scripts/flow/platforms/common/lcu_kogge_stone.v
7.4.3. Continuing TECHMAP pass.
7.5. Executing OPT pass (performing simple optimizations).
7.5.1. Executing OPT_EXPR pass (perform const folding).
7.5.2. Executing OPT_MERGE pass (detect identical cells).
7.5.3. Executing OPT_DFF pass (perform DFF optimizations).
7.5.4. Executing OPT_CLEAN pass (remove unused cells and wires).
7.5.5. Finished fast OPT passes.
7.6. Executing HIERARCHY pass (managing design hierarchy).
7.6.1. Analyzing design hierarchy..
7.6.2. Analyzing design hierarchy..
7.7. Printing statistics.
7.8. Executing CHECK pass (checking for obvious problems).
8. Executing OPT pass (performing simple optimizations).
8.1. Executing OPT_EXPR pass (perform const folding).
8.2. Executing OPT_MERGE pass (detect identical cells).
8.3. Executing OPT_MUXTREE pass (detect dead branches in mux trees).
8.4. Executing OPT_REDUCE pass (consolidate $*mux and $reduce_* inputs).
8.5. Executing OPT_MERGE pass (detect identical cells).
8.6. Executing OPT_DFF pass (perform DFF optimizations).
8.7. Executing OPT_CLEAN pass (remove unused cells and wires).
8.8. Executing OPT_EXPR pass (perform const folding).
8.9. Rerunning OPT passes. (Maybe there is more to do..)
8.10. Executing OPT_MUXTREE pass (detect dead branches in mux trees).
8.11. Executing OPT_REDUCE pass (consolidate $*mux and $reduce_* inputs).
8.12. Executing OPT_MERGE pass (detect identical cells).
8.13. Executing OPT_DFF pass (perform DFF optimizations).
8.14. Executing OPT_CLEAN pass (remove unused cells and wires).
8.15. Executing OPT_EXPR pass (perform const folding).
8.16. Rerunning OPT passes. (Maybe there is more to do..)
8.17. Executing OPT_MUXTREE pass (detect dead branches in mux trees).
8.18. Executing OPT_REDUCE pass (consolidate $*mux and $reduce_* inputs).
8.19. Executing OPT_MERGE pass (detect identical cells).
8.20. Executing OPT_DFF pass (perform DFF optimizations).
8.21. Executing OPT_CLEAN pass (remove unused cells and wires).
8.22. Executing OPT_EXPR pass (perform const folding).
8.23. Finished fast OPT passes. (There is nothing left to do.)
9. Executing EXTRACT_FA pass (find and extract full/half adders).
10. Executing TECHMAP pass (map to technology primitives).
10.1. Executing Verilog-2005 frontend: ./platforms/nangate45/cells_adders.v
10.2. Continuing TECHMAP pass.
11. Executing TECHMAP pass (map to technology primitives).
11.1. Executing Verilog-2005 frontend: /OpenROAD-flow-scripts/tools/install/yosys/bin/../share/yosys/techmap.v
11.2. Continuing TECHMAP pass.
12. Executing OPT pass (performing simple optimizations).
12.1. Executing OPT_EXPR pass (perform const folding).
12.2. Executing OPT_MERGE pass (detect identical cells).
12.3. Executing OPT_DFF pass (perform DFF optimizations).
12.4. Executing OPT_CLEAN pass (remove unused cells and wires).
12.5. Finished fast OPT passes.
13. Executing DFFLEGALIZE pass (convert FFs to types supported by the target).
14. Executing TECHMAP pass (map to technology primitives).
14.1. Executing Verilog-2005 frontend: ./platforms/nangate45/cells_latch.v
14.2. Continuing TECHMAP pass.
15. Executing DFFLIBMAP pass (mapping DFF cells to sequential cells from liberty file).
15.1. Executing DFFLEGALIZE pass (convert FFs to types supported by the target).
16. Executing OPT pass (performing simple optimizations).
16.1. Executing OPT_EXPR pass (perform const folding).
16.2. Executing OPT_MERGE pass (detect identical cells).
16.3. Executing OPT_MUXTREE pass (detect dead branches in mux trees).
16.4. Executing OPT_REDUCE pass (consolidate $*mux and $reduce_* inputs).
16.5. Executing OPT_MERGE pass (detect identical cells).
16.6. Executing OPT_DFF pass (perform DFF optimizations).
16.7. Executing OPT_CLEAN pass (remove unused cells and wires).
16.8. Executing OPT_EXPR pass (perform const folding).
16.9. Rerunning OPT passes. (Maybe there is more to do..)
16.10. Executing OPT_MUXTREE pass (detect dead branches in mux trees).
16.11. Executing OPT_REDUCE pass (consolidate $*mux and $reduce_* inputs).
16.12. Executing OPT_MERGE pass (detect identical cells).
16.13. Executing OPT_DFF pass (perform DFF optimizations).
16.14. Executing OPT_CLEAN pass (remove unused cells and wires).
16.15. Executing OPT_EXPR pass (perform const folding).
16.16. Finished fast OPT passes. (There is nothing left to do.)
17. Executing SETUNDEF pass (replace undef values with defined constants).
abc -script /OpenROAD-flow-scripts/flow/scripts/abc_speed.script -liberty ./platforms/nangate45/lib/NangateOpenCellLibrary_typical.lib -liberty /OpenROAD-flow-scripts/flow/designs/nangate45/tinyRocket/fakeram45_1024x32.lib -liberty /OpenROAD-flow-scripts/flow/designs/nangate45/tinyRocket/fakeram45_64x32.lib -dont_use TAPCELL_X1 -dont_use FILLCELL_X1 -dont_use AOI211_X1 -dont_use OAI211_X1 -constr /tmp/workspace/scripts-Private_test-fr_cugr_cmp-1-/objects/nangate45/tinyRocket/base/abc.constr -D 1.2
18. Executing ABC pass (technology mapping using ABC).
18.1. Extracting gate netlist of module `\CSRFile' to `<abc-temp-dir>/input.blif'..
18.1.1. Executed ABC.
18.1.2. Re-integrating ABC results.
18.2. Extracting gate netlist of module `\DCache' to `<abc-temp-dir>/input.blif'..
18.2.1. Executed ABC.
18.2.2. Re-integrating ABC results.
18.3. Extracting gate netlist of module `\Frontend' to `<abc-temp-dir>/input.blif'..
18.3.1. Executed ABC.
18.3.2. Re-integrating ABC results.
18.4. Extracting gate netlist of module `\MulDiv' to `<abc-temp-dir>/input.blif'..
18.4.1. Executed ABC.
18.4.2. Re-integrating ABC results.
18.5. Extracting gate netlist of module `\Rocket' to `<abc-temp-dir>/input.blif'..
18.5.1. Executed ABC.
18.5.2. Re-integrating ABC results.
18.6. Extracting gate netlist of module `\RocketTile' to `<abc-temp-dir>/input.blif'..
18.6.1. Executed ABC.
18.6.2. Re-integrating ABC results.
Took 21 seconds: abc -script /OpenROAD-flow-scripts/flow/scripts/abc_speed.script -liberty ./platforms/nangate45/lib/NangateOpenCellLibrary_typical.lib -liberty /OpenROAD-flow-scripts/flow/designs/nangate45/tinyRocket/fakeram45_1024x32.lib -liberty /OpenROAD-flow-scripts/flow/designs/nangate45/tinyRocket/fakeram45_64x32.lib -dont_use TAPCELL_X1 -dont_use FILLCELL_X1 -dont_use AOI211_X1 -dont_use OAI211_X1 -constr /tmp/workspace/scripts-Private_test-fr_cugr_cmp-1-/objects/nangate45/tinyRocket/base/abc.constr -D 1.2
19. Executing SPLITNETS pass (splitting up multi-bit signals).
20. Executing OPT_CLEAN pass (remove unused cells and wires).
21. Executing HILOMAP pass (mapping to constant drivers).
22. Executing INSBUF pass (insert buffer cells for connected wires).
23. Executing CHECK pass (checking for obvious problems).
24. Printing statistics.
25. Executing CHECK pass (checking for obvious problems).
26. Executing Verilog backend.
26.1. Executing BMUXMAP pass.
26.2. Executing DEMUXMAP pass.
Warnings: 10 unique messages, 10 total
End of script. Logfile hash: cbbee61fd5, time: 31.69s, user: 10.64s, system: 0.20s, MEM: 145.70 MB peak
Yosys 0.68+post (git sha1 UNKNOWN, Release, GNU /usr/local/bin/wrapped-cc/g++ 11.4.0)
Time spent: 66% 1x abc (21 sec), 11% 1x extract_fa (3 sec), ...
Elapsed time: 0:31.73[h:]min:sec. CPU time: user 31.88 sys 0.25 (101%). Peak memory: 150276KB.
Log                       Ext     Elapsed/s Peak Memory/MB sha1sum result [0:20)
1_2_yosys                 .v             31            146 cd592143e54b8e419e2d
cp /OpenROAD-flow-scripts/flow/designs/nangate45/tinyRocket/constraint.sdc /tmp/workspace/scripts-Private_test-fr_cugr_cmp-1-/results/nangate45/tinyRocket/base/1_2_yosys.sdc
touch -r /OpenROAD-flow-scripts/flow/designs/nangate45/tinyRocket/constraint.sdc /tmp/workspace/scripts-Private_test-fr_cugr_cmp-1-/results/nangate45/tinyRocket/base/1_2_yosys.sdc
OpenROAD 26Q3-1464-gb22abfea20 
Features included (+) or not (-): +GPU +GUI +Python
This program is licensed under the BSD-3 license. See the LICENSE file for details.
Components of this program may be licensed under more restrictive licenses which must be honored.
[INFO ORD-0030] Using 32 thread(s).
mkdir -p /tmp/workspace/scripts-Private_test-fr_cugr_cmp-1-/objects/nangate45/tinyRocket/base
/OpenROAD-flow-scripts/flow/scripts/flow.sh 1_synth synth_odb
Running synth_odb.tcl, stage 1_synth
read_liberty ./platforms/nangate45/lib/NangateOpenCellLibrary_typical.lib
read_liberty /OpenROAD-flow-scripts/flow/designs/nangate45/tinyRocket/fakeram45_1024x32.lib
read_liberty /OpenROAD-flow-scripts/flow/designs/nangate45/tinyRocket/fakeram45_64x32.lib
[INFO ODB-0227] LEF file: ./platforms/nangate45/lef/NangateOpenCellLibrary.tech.lef, created 22 layers, 27 vias
[INFO ODB-0227] LEF file: ./platforms/nangate45/lef/NangateOpenCellLibrary.macro.mod.lef, created 135 library cells
[INFO ODB-0227] LEF file: /OpenROAD-flow-scripts/flow/designs/nangate45/tinyRocket/fakeram45_1024x32.lef, created 1 library cells
[INFO ODB-0227] LEF file: /OpenROAD-flow-scripts/flow/designs/nangate45/tinyRocket/fakeram45_64x32.lef, created 1 library cells
link_design RocketTile
read_sdc /tmp/workspace/scripts-Private_test-fr_cugr_cmp-1-/results/nangate45/tinyRocket/base/1_2_yosys.sdc
source ./platforms/nangate45/setRC.tcl
eliminate_dead_logic
Removed 738 unused instances and 860 unused nets.
Design area 53426 um^2 100% utilization.
write_db /tmp/workspace/scripts-Private_test-fr_cugr_cmp-1-/results/nangate45/tinyRocket/base/1_synth.odb
write_sdc -no_timestamp /tmp/workspace/scripts-Private_test-fr_cugr_cmp-1-/results/nangate45/tinyRocket/base/1_synth.sdc
Elapsed time: 0:00.56[h:]min:sec. CPU time: user 0.52 sys 0.04 (100%). Peak memory: 192228KB.
Log                       Ext     Elapsed/s Peak Memory/MB sha1sum result [0:20)
1_synth                   .odb            0            187 d65e7df61e2f668ee6a0
1_synth                   .sdc                             934708da7bde60b348d4
/OpenROAD-flow-scripts/flow/scripts/flow.sh 2_1_floorplan floorplan
Running floorplan.tcl, stage 2_1_floorplan
read_liberty ./platforms/nangate45/lib/NangateOpenCellLibrary_typical.lib
read_liberty /OpenROAD-flow-scripts/flow/designs/nangate45/tinyRocket/fakeram45_1024x32.lib
read_liberty /OpenROAD-flow-scripts/flow/designs/nangate45/tinyRocket/fakeram45_64x32.lib
read_db /tmp/workspace/scripts-Private_test-fr_cugr_cmp-1-/results/nangate45/tinyRocket/base/1_synth.odb
read_sdc /tmp/workspace/scripts-Private_test-fr_cugr_cmp-1-/results/nangate45/tinyRocket/base/1_synth.sdc
source ./platforms/nangate45/setRC.tcl
Master fakeram45_1024x32 is loaded but not used in the design

==========================================================================
Floorplan check_setup
--------------------------------------------------------------------------
Warning: There are 136 input ports missing set_input_delay.
Warning: There are 124 output ports missing set_output_delay.
Warning: There are 125 unconstrained endpoints.
number instances in verilog is 27624
[INFO IFP-0107] Defining die area using utilization: 60.00% and aspect ratio: 1.
[WARNING IFP-0028] Core area lower left (2.000, 2.000) snapped to (2.090, 2.800).
[INFO IFP-0001] Added 212 rows of 1570 site FreePDK45_38x28_10R_NP_162NW_34O.
[INFO IFP-0100] Die BBox:  (  0.000  0.000 ) ( 302.400 302.400 ) um
[INFO IFP-0101] Core BBox: (  2.090  2.800 ) ( 300.390 299.600 ) um
[INFO IFP-0102] Core area:                        88535.440 um^2
[INFO IFP-0103] Total instances area:             53426.100 um^2
[INFO IFP-0104] Effective utilization:                0.603
[INFO IFP-0105] Number of instances:                  27624
source ./platforms/nangate45/make_tracks.tcl
source ./platforms/nangate45/fastroute.tcl
Repair tie lo fanout...
[INFO RSZ-0042] Inserted 72 tie LOGIC0_X1 instances.
Repair tie hi fanout...
[INFO RSZ-0042] Inserted 25 tie LOGIC1_X1 instances.
repair_timing -setup_margin 0 -hold_margin 0 -repair_tns 100 -setup -skip_last_gasp -sequence unbuffer,sizeup,swap,vt_swap -verbose
[WARNING EST-0027] no estimated parasitics. Using wire load models.
[INFO RSZ-0100] Repair move sequence: UnbufferMove SizeUpMove SwapPinsMove 
[INFO RSZ-0094] Found 670 endpoints with setup violations.
[INFO RSZ-0099] Repairing 670 out of 670 (100.00%) violating endpoints...
   Iter   | Removed | Resized | Inserted | Cloned |  Pin  |   Area   |    WNS   |   StTNS    |   EnTNS    |  Viol  |  Worst  
          | Buffers |  Gates  | Buffers  |  Gates | Swaps |          |          |            |            | Endpts | St/EnPt 
------------------------------------------------------------------------------------------------------------------------------
       0* |       0 |       0 |        0 |      0 |     0 |    +0.0% |   -0.301 |      -20.7 |     -105.9 |    670 | frontend/fq._T_2_4_data\[0\]$_DFFE_PP_/D
      10* |       0 |       8 |        0 |      0 |     1 |    +0.0% |   -0.269 |      -18.6 |      -99.0 |    670 | frontend/fq._T_2_1_data\[10\]$_DFFE_PP_/D
      20* |       0 |      18 |        0 |      0 |     1 |    +0.0% |   -0.260 |      -18.0 |      -97.6 |    670 | frontend/fq._T_2_3_data\[10\]$_DFFE_PP_/D
      30* |       0 |      28 |        0 |      0 |     1 |    +0.0% |   -0.228 |      -16.2 |      -78.8 |    670 | dcache/s1_req_addr\[30\]$_DFFE_PP_/D
      40* |       0 |      38 |        0 |      0 |     1 |    +0.0% |   -0.205 |      -14.5 |      -70.2 |    670 | core/div/remainder\[64\]$_SDFFE_PP0P_/D
      50* |       0 |      47 |        0 |      0 |     2 |    +0.0% |   -0.189 |      -13.6 |      -69.7 |    670 | core/div/remainder\[57\]$_SDFFE_PP0P_/D
      60* |       0 |      57 |        0 |      0 |     2 |    +0.0% |   -0.185 |      -13.2 |      -68.2 |    670 | core/div/remainder\[64\]$_SDFFE_PP0P_/D
      70* |       0 |      67 |        0 |      0 |     2 |    +0.0% |   -0.179 |      -12.5 |      -67.0 |    670 | frontend/fq._T_2_4_data\[21\]$_DFFE_PP_/D
      80* |       0 |      74 |        0 |      0 |     5 |    +0.1% |   -0.173 |      -12.2 |      -64.2 |    670 | frontend/fq._T_2_0_data\[0\]$_DFFE_PP_/D
      90* |       0 |      83 |        0 |      0 |     6 |    +0.1% |   -0.167 |      -11.7 |      -60.2 |    670 | core/div/remainder\[64\]$_SDFFE_PP0P_/D
     100* |       0 |      91 |        0 |      0 |     8 |    +0.1% |   -0.167 |      -11.4 |      -61.0 |    670 | frontend/fq._T_2_1_data\[0\]$_DFFE_PP_/D
     110* |       0 |      98 |        0 |      0 |    11 |    +0.1% |   -0.172 |      -11.7 |      -60.0 |    670 | core/div/remainder\[62\]$_SDFFE_PP0P_/D
     120* |       0 |     106 |        0 |      0 |    13 |    +0.1% |   -0.162 |      -11.5 |      -59.9 |    670 | core/div/remainder\[62\]$_SDFFE_PP0P_/D
     130* |       0 |     115 |        0 |      0 |    14 |    +0.1% |   -0.161 |      -11.4 |      -59.2 |    670 | core/div/remainder\[62\]$_SDFFE_PP0P_/D
     140* |       0 |     123 |        0 |      0 |    16 |    +0.1% |   -0.156 |      -10.8 |      -55.6 |    670 | core/div/remainder\[61\]$_SDFFE_PP0P_/D
     150* |       0 |     131 |        0 |      0 |    18 |    +0.1% |   -0.148 |       -9.7 |      -55.3 |    670 | dcache/s1_req_addr\[30\]$_DFFE_PP_/D
     160* |       0 |     140 |        0 |      0 |    19 |    +0.1% |   -0.142 |       -9.1 |      -54.2 |    670 | frontend/fq._T_2_1_data\[0\]$_DFFE_PP_/D
     170* |       0 |     148 |        0 |      0 |    21 |    +0.1% |   -0.139 |       -9.0 |      -50.4 |    670 | core/div/remainder\[64\]$_SDFFE_PP0P_/D
     180* |       0 |     150 |        0 |      0 |    29 |    +0.2% |   -0.136 |       -8.9 |      -50.3 |    670 | core/div/remainder\[64\]$_SDFFE_PP0P_/D
     190* |       0 |     158 |        0 |      0 |    31 |    +0.2% |   -0.136 |       -8.2 |      -49.9 |    670 | frontend/fq._T_2_1_data\[0\]$_DFFE_PP_/D
     200* |       0 |     166 |        0 |      0 |    33 |    +0.2% |   -0.132 |       -8.1 |      -44.0 |    670 | core/div/remainder\[64\]$_SDFFE_PP0P_/D
     210* |       0 |     172 |        0 |      0 |    37 |    +0.2% |   -0.128 |       -8.0 |      -44.0 |    670 | core/div/remainder\[64\]$_SDFFE_PP0P_/D
     220* |       0 |     178 |        0 |      0 |    41 |    +0.2% |   -0.129 |       -8.0 |      -44.0 |    670 | core/div/remainder\[57\]$_SDFFE_PP0P_/D
     230* |       0 |     182 |        0 |      0 |    47 |    +0.2% |   -0.141 |       -8.1 |      -44.0 |    670 | core/div/remainder\[61\]$_SDFFE_PP0P_/D
     240* |       0 |     187 |        0 |      0 |    52 |    +0.2% |   -0.130 |       -7.9 |      -44.0 |    670 | core/div/remainder\[64\]$_SDFFE_PP0P_/D
     250* |       0 |     191 |        0 |      0 |    58 |    +0.2% |   -0.127 |       -7.8 |      -44.8 |    670 | frontend/fq._T_2_4_data\[10\]$_DFFE_PP_/D
     260* |       0 |     197 |        0 |      0 |    62 |    +0.2% |   -0.124 |       -7.7 |      -42.6 |    670 | core/div/remainder\[57\]$_SDFFE_PP0P_/D
     270* |       0 |     204 |        0 |      0 |    65 |    +0.2% |   -0.126 |       -7.8 |      -42.9 |    670 | core/div/remainder\[64\]$_SDFFE_PP0P_/D
     276* |       0 |     209 |        0 |      0 |    66 |    +0.2% |   -0.121 |       -7.2 |      -41.8 |    670 | core/div/remainder\[57\]$_SDFFE_PP0P_/D
     280* |       0 |     211 |        0 |      0 |    67 |    +0.2% |   -0.121 |       -7.2 |      -41.5 |    670 | core/div/remainder\[57\]$_SDFFE_PP0P_/D
     290* |       0 |     217 |        0 |      0 |    71 |    +0.3% |   -0.121 |       -7.3 |      -40.4 |    670 | core/div/remainder\[57\]$_SDFFE_PP0P_/D
     295* |       0 |     217 |        0 |      0 |    71 |    +0.3% |   -0.121 |       -7.3 |      -40.4 |    670 | core/div/remainder\[57\]$_SDFFE_PP0P_/D
     300* |       0 |     220 |        0 |      0 |    72 |    +0.3% |   -0.127 |       -7.3 |      -42.4 |    670 | frontend/fq._T_2_4_data\[21\]$_DFFE_PP_/D
     307* |       0 |     222 |        0 |      0 |    72 |    +0.3% |   -0.121 |       -7.3 |      -42.1 |    670 | core/div/remainder\[57\]$_SDFFE_PP0P_/D
     310* |       0 |     224 |        0 |      0 |    72 |    +0.3% |   -0.126 |       -7.3 |      -43.2 |    670 | frontend/fq._T_2_0_data\[0\]$_DFFE_PP_/D
     313* |       0 |     222 |        0 |      0 |    72 |    +0.3% |   -0.121 |       -7.3 |      -42.1 |    670 | core/div/remainder\[57\]$_SDFFE_PP0P_/D
     319* |       0 |     222 |        0 |      0 |    72 |    +0.3% |   -0.121 |       -7.3 |      -42.1 |    670 | core/div/remainder\[57\]$_SDFFE_PP0P_/D
     320* |       0 |     222 |        0 |      0 |    72 |    +0.3% |   -0.121 |       -7.3 |      -42.1 |    670 | core/div/remainder\[57\]$_SDFFE_PP0P_/D
     325* |       0 |     222 |        0 |      0 |    72 |    +0.3% |   -0.121 |       -7.3 |      -42.1 |    670 | core/div/remainder\[57\]$_SDFFE_PP0P_/D
     330* |       0 |     226 |        0 |      0 |    72 |    +0.3% |   -0.126 |       -7.3 |      -42.5 |    670 | frontend/fq._T_2_0_data\[0\]$_DFFE_PP_/D
     331* |       0 |     222 |        0 |      0 |    72 |    +0.3% |   -0.121 |       -7.3 |      -42.1 |    670 | core/div/remainder\[57\]$_SDFFE_PP0P_/D
     337* |       0 |     222 |        0 |      0 |    72 |    +0.3% |   -0.121 |       -7.3 |      -42.1 |    670 | core/div/remainder\[57\]$_SDFFE_PP0P_/D
     340* |       0 |     224 |        0 |      0 |    72 |    +0.3% |   -0.126 |       -7.3 |      -43.2 |    670 | frontend/fq._T_2_0_data\[0\]$_DFFE_PP_/D
     343* |       0 |     222 |        0 |      0 |    72 |    +0.3% |   -0.121 |       -7.3 |      -42.1 |    670 | core/div/remainder\[57\]$_SDFFE_PP0P_/D
     349* |       0 |     222 |        0 |      0 |    72 |    +0.3% |   -0.121 |       -7.3 |      -42.1 |    670 | core/div/remainder\[57\]$_SDFFE_PP0P_/D
     350* |       0 |     222 |        0 |      0 |    72 |    +0.3% |   -0.121 |       -7.3 |      -42.1 |    670 | core/div/remainder\[57\]$_SDFFE_PP0P_/D
     355* |       0 |     222 |        0 |      0 |    72 |    +0.3% |   -0.121 |       -7.3 |      -42.1 |    670 | core/div/remainder\[57\]$_SDFFE_PP0P_/D
     360* |       0 |     226 |        0 |      0 |    72 |    +0.3% |   -0.126 |       -7.3 |      -42.5 |    670 | frontend/fq._T_2_0_data\[0\]$_DFFE_PP_/D
     361* |       0 |     222 |        0 |      0 |    72 |    +0.3% |   -0.121 |       -7.3 |      -42.1 |    670 | core/div/remainder\[57\]$_SDFFE_PP0P_/D
     367* |       0 |     222 |        0 |      0 |    72 |    +0.3% |   -0.121 |       -7.3 |      -42.1 |    670 | core/div/remainder\[57\]$_SDFFE_PP0P_/D
     370* |       0 |     224 |        0 |      0 |    72 |    +0.3% |   -0.121 |       -7.3 |      -42.2 |    670 | core/div/remainder\[57\]$_SDFFE_PP0P_/D
     377* |       0 |     226 |        0 |      0 |    72 |    +0.3% |   -0.121 |       -7.2 |      -42.0 |    670 | core/div/remainder\[57\]$_SDFFE_PP0P_/D
     380* |       0 |     228 |        0 |      0 |    72 |    +0.3% |   -0.126 |       -7.3 |      -43.0 |    670 | frontend/fq._T_2_0_data\[0\]$_DFFE_PP_/D
     383* |       0 |     226 |        0 |      0 |    72 |    +0.3% |   -0.121 |       -7.2 |      -42.0 |    670 | core/div/remainder\[57\]$_SDFFE_PP0P_/D
     389* |       0 |     226 |        0 |      0 |    72 |    +0.3% |   -0.121 |       -7.2 |      -42.0 |    670 | core/div/remainder\[57\]$_SDFFE_PP0P_/D
     390* |       0 |     226 |        0 |      0 |    72 |    +0.3% |   -0.121 |       -7.2 |      -42.0 |    670 | core/div/remainder\[57\]$_SDFFE_PP0P_/D
     395* |       0 |     226 |        0 |      0 |    72 |    +0.3% |   -0.121 |       -7.2 |      -42.0 |    670 | core/div/remainder\[57\]$_SDFFE_PP0P_/D
     400* |       0 |     230 |        0 |      0 |    72 |    +0.3% |   -0.126 |       -7.3 |      -42.3 |    670 | frontend/fq._T_2_0_data\[0\]$_DFFE_PP_/D
     401* |       0 |     226 |        0 |      0 |    72 |    +0.3% |   -0.121 |       -7.2 |      -42.0 |    670 | core/div/remainder\[57\]$_SDFFE_PP0P_/D
     407* |       0 |     226 |        0 |      0 |    72 |    +0.3% |   -0.121 |       -7.2 |      -42.0 |    670 | core/div/remainder\[57\]$_SDFFE_PP0P_/D
     410* |       0 |     228 |        0 |      0 |    72 |    +0.3% |   -0.126 |       -7.3 |      -43.0 |    670 | frontend/fq._T_2_0_data\[0\]$_DFFE_PP_/D
     413* |       0 |     226 |        0 |      0 |    72 |    +0.3% |   -0.121 |       -7.2 |      -42.0 |    670 | core/div/remainder\[57\]$_SDFFE_PP0P_/D
     419* |       0 |     226 |        0 |      0 |    72 |    +0.3% |   -0.121 |       -7.2 |      -42.0 |    670 | core/div/remainder\[57\]$_SDFFE_PP0P_/D
     420* |       0 |     226 |        0 |      0 |    72 |    +0.3% |   -0.121 |       -7.2 |      -42.0 |    670 | core/div/remainder\[57\]$_SDFFE_PP0P_/D
     425* |       0 |     226 |        0 |      0 |    72 |    +0.3% |   -0.121 |       -7.2 |      -42.0 |    670 | core/div/remainder\[57\]$_SDFFE_PP0P_/D
     430* |       0 |     230 |        0 |      0 |    72 |    +0.3% |   -0.126 |       -7.3 |      -42.3 |    670 | frontend/fq._T_2_0_data\[0\]$_DFFE_PP_/D
     431* |       0 |     226 |        0 |      0 |    72 |    +0.3% |   -0.121 |       -7.2 |      -42.0 |    670 | core/div/remainder\[57\]$_SDFFE_PP0P_/D
     437* |       0 |     226 |        0 |      0 |    72 |    +0.3% |   -0.121 |       -7.2 |      -42.0 |    670 | core/div/remainder\[57\]$_SDFFE_PP0P_/D
     440* |       0 |     228 |        0 |      0 |    72 |    +0.3% |   -0.126 |       -7.3 |      -43.0 |    670 | frontend/fq._T_2_0_data\[0\]$_DFFE_PP_/D
     443* |       0 |     226 |        0 |      0 |    72 |    +0.3% |   -0.121 |       -7.2 |      -42.0 |    670 | core/div/remainder\[57\]$_SDFFE_PP0P_/D
     449* |       0 |     226 |        0 |      0 |    72 |    +0.3% |   -0.121 |       -7.2 |      -42.0 |    670 | core/div/remainder\[57\]$_SDFFE_PP0P_/D
     450* |       0 |     226 |        0 |      0 |    72 |    +0.3% |   -0.121 |       -7.2 |      -42.0 |    670 | core/div/remainder\[57\]$_SDFFE_PP0P_/D
     455* |       0 |     226 |        0 |      0 |    72 |    +0.3% |   -0.121 |       -7.2 |      -42.0 |    670 | core/div/remainder\[57\]$_SDFFE_PP0P_/D
     460* |       0 |     230 |        0 |      0 |    72 |    +0.3% |   -0.126 |       -7.3 |      -42.3 |    670 | frontend/fq._T_2_0_data\[0\]$_DFFE_PP_/D
     461* |       0 |     226 |        0 |      0 |    72 |    +0.3% |   -0.121 |       -7.2 |      -42.0 |    670 | core/div/remainder\[57\]$_SDFFE_PP0P_/D
     467* |       0 |     226 |        0 |      0 |    72 |    +0.3% |   -0.121 |       -7.2 |      -42.0 |    670 | core/div/remainder\[57\]$_SDFFE_PP0P_/D
     470* |       0 |     228 |        0 |      0 |    72 |    +0.3% |   -0.126 |       -7.3 |      -43.0 |    670 | frontend/fq._T_2_0_data\[0\]$_DFFE_PP_/D
     473* |       0 |     226 |        0 |      0 |    72 |    +0.3% |   -0.121 |       -7.2 |      -42.0 |    670 | core/div/remainder\[57\]$_SDFFE_PP0P_/D
     479* |       0 |     226 |        0 |      0 |    72 |    +0.3% |   -0.121 |       -7.2 |      -42.0 |    670 | core/div/remainder\[57\]$_SDFFE_PP0P_/D
     480* |       0 |     226 |        0 |      0 |    72 |    +0.3% |   -0.121 |       -7.2 |      -42.0 |    670 | core/div/remainder\[57\]$_SDFFE_PP0P_/D
     487* |       0 |     228 |        0 |      0 |    72 |    +0.3% |   -0.121 |       -7.2 |      -42.0 |    670 | core/div/remainder\[57\]$_SDFFE_PP0P_/D
     490* |       0 |     230 |        0 |      0 |    72 |    +0.3% |   -0.126 |       -7.3 |      -43.0 |    670 | frontend/fq._T_2_0_data\[0\]$_DFFE_PP_/D
     493* |       0 |     228 |        0 |      0 |    72 |    +0.3% |   -0.121 |       -7.2 |      -42.0 |    670 | core/div/remainder\[57\]$_SDFFE_PP0P_/D
     499* |       0 |     228 |        0 |      0 |    72 |    +0.3% |   -0.121 |       -7.2 |      -42.0 |    670 | core/div/remainder\[57\]$_SDFFE_PP0P_/D
     500* |       0 |     228 |        0 |      0 |    72 |    +0.3% |   -0.121 |       -7.2 |      -42.0 |    670 | core/div/remainder\[57\]$_SDFFE_PP0P_/D
     505* |       0 |     228 |        0 |      0 |    72 |    +0.3% |   -0.121 |       -7.2 |      -42.0 |    670 | core/div/remainder\[57\]$_SDFFE_PP0P_/D
     510* |       0 |     232 |        0 |      0 |    72 |    +0.3% |   -0.126 |       -7.3 |      -42.3 |    670 | frontend/fq._T_2_0_data\[0\]$_DFFE_PP_/D
     511* |       0 |     228 |        0 |      0 |    72 |    +0.3% |   -0.121 |       -7.2 |      -42.0 |    670 | core/div/remainder\[57\]$_SDFFE_PP0P_/D
     517* |       0 |     228 |        0 |      0 |    72 |    +0.3% |   -0.121 |       -7.2 |      -42.0 |    670 | core/div/remainder\[57\]$_SDFFE_PP0P_/D
     520* |       0 |     230 |        0 |      0 |    72 |    +0.3% |   -0.126 |       -7.3 |      -43.0 |    670 | frontend/fq._T_2_0_data\[0\]$_DFFE_PP_/D
     523* |       0 |     228 |        0 |      0 |    72 |    +0.3% |   -0.121 |       -7.2 |      -42.0 |    670 | core/div/remainder\[57\]$_SDFFE_PP0P_/D
     529* |       0 |     228 |        0 |      0 |    72 |    +0.3% |   -0.121 |       -7.2 |      -42.0 |    670 | core/div/remainder\[57\]$_SDFFE_PP0P_/D
     530* |       0 |     228 |        0 |      0 |    72 |    +0.3% |   -0.121 |       -7.2 |      -42.0 |    670 | core/div/remainder\[57\]$_SDFFE_PP0P_/D
     535* |       0 |     228 |        0 |      0 |    72 |    +0.3% |   -0.121 |       -7.2 |      -42.0 |    670 | core/div/remainder\[57\]$_SDFFE_PP0P_/D
     540* |       0 |     232 |        0 |      0 |    72 |    +0.3% |   -0.126 |       -7.3 |      -42.3 |    670 | frontend/fq._T_2_0_data\[0\]$_DFFE_PP_/D
     541* |       0 |     228 |        0 |      0 |    72 |    +0.3% |   -0.121 |       -7.2 |      -42.0 |    670 | core/div/remainder\[57\]$_SDFFE_PP0P_/D
     548* |       0 |     229 |        0 |      0 |    72 |    +0.3% |   -0.121 |       -7.2 |      -42.0 |    670 | core/div/remainder\[57\]$_SDFFE_PP0P_/D
     550* |       0 |     230 |        0 |      0 |    72 |    +0.3% |   -0.126 |       -7.3 |      -43.6 |    670 | frontend/fq._T_2_0_data\[0\]$_DFFE_PP_/D
     554* |       0 |     229 |        0 |      0 |    72 |    +0.3% |   -0.121 |       -7.2 |      -42.0 |    670 | core/div/remainder\[57\]$_SDFFE_PP0P_/D
     560* |       0 |     234 |        0 |      0 |    72 |    +0.3% |   -0.126 |       -7.3 |      -42.3 |    670 | frontend/fq._T_2_0_data\[0\]$_DFFE_PP_/D
     560* |       0 |     229 |        0 |      0 |    72 |    +0.3% |   -0.121 |       -7.2 |      -42.0 |    670 | core/div/remainder\[57\]$_SDFFE_PP0P_/D
     566* |       0 |     229 |        0 |      0 |    72 |    +0.3% |   -0.121 |       -7.2 |      -42.0 |    670 | core/div/remainder\[57\]$_SDFFE_PP0P_/D
     570* |       0 |     232 |        0 |      0 |    72 |    +0.3% |   -0.126 |       -7.3 |      -42.4 |    670 | frontend/fq._T_2_0_data\[0\]$_DFFE_PP_/D
     572* |       0 |     229 |        0 |      0 |    72 |    +0.3% |   -0.121 |       -7.2 |      -42.0 |    670 | core/div/remainder\[57\]$_SDFFE_PP0P_/D
     578* |       0 |     229 |        0 |      0 |    72 |    +0.3% |   -0.121 |       -7.2 |      -42.0 |    670 | core/div/remainder\[57\]$_SDFFE_PP0P_/D
     580* |       0 |     230 |        0 |      0 |    72 |    +0.3% |   -0.126 |       -7.3 |      -43.6 |    670 | frontend/fq._T_2_0_data\[0\]$_DFFE_PP_/D
     584* |       0 |     229 |        0 |      0 |    72 |    +0.3% |   -0.121 |       -7.2 |      -42.0 |    670 | core/div/remainder\[57\]$_SDFFE_PP0P_/D
     590* |       0 |     234 |        0 |      0 |    72 |    +0.3% |   -0.126 |       -7.3 |      -42.3 |    670 | frontend/fq._T_2_0_data\[0\]$_DFFE_PP_/D
     590* |       0 |     229 |        0 |      0 |    72 |    +0.3% |   -0.121 |       -7.2 |      -42.0 |    670 | core/div/remainder\[57\]$_SDFFE_PP0P_/D
     596* |       0 |     229 |        0 |      0 |    72 |    +0.3% |   -0.121 |       -7.2 |      -42.0 |    670 | core/div/remainder\[57\]$_SDFFE_PP0P_/D
     600* |       0 |     232 |        0 |      0 |    72 |    +0.3% |   -0.121 |       -7.2 |      -41.9 |    670 | core/div/remainder\[57\]$_SDFFE_PP0P_/D
     610* |       0 |     241 |        0 |      0 |    73 |    +0.3% |   -0.121 |       -6.8 |      -41.8 |    670 | core/div/remainder\[57\]$_SDFFE_PP0P_/D
     620* |       0 |     248 |        0 |      0 |    76 |    +0.3% |   -0.121 |       -6.2 |      -41.7 |    670 | core/div/remainder\[57\]$_SDFFE_PP0P_/D
     630* |       0 |     257 |        0 |      0 |    77 |    +0.4% |   -0.121 |       -6.1 |      -41.6 |    670 | core/div/remainder\[57\]$_SDFFE_PP0P_/D
     640* |       0 |     264 |        0 |      0 |    80 |    +0.4% |   -0.121 |       -6.0 |      -41.6 |    670 | core/div/remainder\[57\]$_SDFFE_PP0P_/D
     650* |       0 |     270 |        0 |      0 |    84 |    +0.4% |   -0.121 |       -6.2 |      -41.6 |    670 | core/div/remainder\[57\]$_SDFFE_PP0P_/D
     659* |       0 |     264 |        0 |      0 |    80 |    +0.4% |   -0.121 |       -6.0 |      -41.6 |    670 | core/div/remainder\[57\]$_SDFFE_PP0P_/D
     660* |       0 |     264 |        0 |      0 |    80 |    +0.4% |   -0.121 |       -6.0 |      -41.6 |    670 | core/div/remainder\[57\]$_SDFFE_PP0P_/D
     670* |       0 |     273 |        0 |      0 |    81 |    +0.4% |   -0.129 |       -6.0 |      -44.4 |    670 | frontend/fq._T_2_0_data\[0\]$_DFFE_PP_/D
     674* |       0 |     267 |        0 |      0 |    80 |    +0.4% |   -0.121 |       -6.0 |      -41.6 |    670 | core/div/remainder\[57\]$_SDFFE_PP0P_/D
     680* |       0 |     272 |        0 |      0 |    80 |    +0.4% |   -0.125 |       -6.0 |      -43.6 |    670 | frontend/fq._T_2_0_data\[0\]$_DFFE_PP_/D
     686* |       0 |     267 |        0 |      0 |    80 |    +0.4% |   -0.121 |       -6.0 |      -41.6 |    670 | core/div/remainder\[57\]$_SDFFE_PP0P_/D
     690* |       0 |     270 |        0 |      0 |    80 |    +0.4% |   -0.123 |       -6.0 |      -42.6 |    670 | frontend/fq._T_2_0_data\[0\]$_DFFE_PP_/D
     699* |       0 |     268 |        0 |      0 |    80 |    +0.4% |   -0.121 |       -6.0 |      -41.6 |    670 | core/div/remainder\[57\]$_SDFFE_PP0P_/D
     700* |       0 |     268 |        0 |      0 |    80 |    +0.4% |   -0.121 |       -6.0 |      -41.6 |    670 | core/div/remainder\[57\]$_SDFFE_PP0P_/D
     710* |       0 |     278 |        0 |      0 |    80 |    +0.4% |   -0.129 |       -6.0 |      -43.9 |    670 | frontend/fq._T_2_0_data\[0\]$_DFFE_PP_/D
     711* |       0 |     268 |        0 |      0 |    80 |    +0.4% |   -0.121 |       -6.0 |      -41.6 |    670 | core/div/remainder\[57\]$_SDFFE_PP0P_/D
     720* |       0 |     276 |        0 |      0 |    80 |    +0.4% |   -0.129 |       -6.0 |      -44.0 |    670 | frontend/fq._T_2_0_data\[0\]$_DFFE_PP_/D
     723* |       0 |     268 |        0 |      0 |    80 |    +0.4% |   -0.121 |       -6.0 |      -41.6 |    670 | core/div/remainder\[57\]$_SDFFE_PP0P_/D
     730* |       0 |     274 |        0 |      0 |    80 |    +0.4% |   -0.129 |       -6.0 |      -45.2 |    670 | frontend/fq._T_2_0_data\[0\]$_DFFE_PP_/D
     735* |       0 |     268 |        0 |      0 |    80 |    +0.4% |   -0.121 |       -6.0 |      -41.6 |    670 | core/div/remainder\[57\]$_SDFFE_PP0P_/D
     740* |       0 |     272 |        0 |      0 |    80 |    +0.4% |   -0.123 |       -6.0 |      -42.9 |    670 | frontend/fq._T_2_0_data\[0\]$_DFFE_PP_/D
     747* |       0 |     268 |        0 |      0 |    80 |    +0.4% |   -0.121 |       -6.0 |      -41.6 |    670 | core/div/remainder\[57\]$_SDFFE_PP0P_/D
     750* |       0 |     270 |        0 |      0 |    80 |    +0.4% |   -0.123 |       -6.0 |      -42.6 |    670 | frontend/fq._T_2_0_data\[0\]$_DFFE_PP_/D
     759* |       0 |     268 |        0 |      0 |    80 |    +0.4% |   -0.121 |       -6.0 |      -41.6 |    670 | core/div/remainder\[57\]$_SDFFE_PP0P_/D
     760* |       0 |     268 |        0 |      0 |    80 |    +0.4% |   -0.121 |       -6.0 |      -41.6 |    670 | core/div/remainder\[57\]$_SDFFE_PP0P_/D
     770* |       0 |     278 |        0 |      0 |    80 |    +0.4% |   -0.129 |       -6.0 |      -43.9 |    670 | frontend/fq._T_2_0_data\[0\]$_DFFE_PP_/D
     771* |       0 |     268 |        0 |      0 |    80 |    +0.4% |   -0.121 |       -6.0 |      -41.6 |    670 | core/div/remainder\[57\]$_SDFFE_PP0P_/D
     780* |       0 |     276 |        0 |      0 |    80 |    +0.4% |   -0.129 |       -6.0 |      -44.0 |    670 | frontend/fq._T_2_0_data\[0\]$_DFFE_PP_/D
     783* |       0 |     268 |        0 |      0 |    80 |    +0.4% |   -0.121 |       -6.0 |      -41.6 |    670 | core/div/remainder\[57\]$_SDFFE_PP0P_/D
     790* |       0 |     274 |        0 |      0 |    80 |    +0.4% |   -0.129 |       -6.0 |      -45.2 |    670 | frontend/fq._T_2_0_data\[0\]$_DFFE_PP_/D
     795* |       0 |     268 |        0 |      0 |    80 |    +0.4% |   -0.121 |       -6.0 |      -41.6 |    670 | core/div/remainder\[57\]$_SDFFE_PP0P_/D
     800* |       0 |     272 |        0 |      0 |    80 |    +0.4% |   -0.123 |       -6.0 |      -42.9 |    670 | frontend/fq._T_2_0_data\[0\]$_DFFE_PP_/D
     807* |       0 |     268 |        0 |      0 |    80 |    +0.4% |   -0.121 |       -6.0 |      -41.6 |    670 | core/div/remainder\[57\]$_SDFFE_PP0P_/D
     810* |       0 |     270 |        0 |      0 |    80 |    +0.4% |   -0.123 |       -6.0 |      -42.6 |    670 | frontend/fq._T_2_0_data\[0\]$_DFFE_PP_/D
     819* |       0 |     268 |        0 |      0 |    80 |    +0.4% |   -0.121 |       -6.0 |      -41.6 |    670 | core/div/remainder\[57\]$_SDFFE_PP0P_/D
     820* |       0 |     268 |        0 |      0 |    80 |    +0.4% |   -0.121 |       -6.0 |      -41.6 |    670 | core/div/remainder\[57\]$_SDFFE_PP0P_/D
     830* |       0 |     278 |        0 |      0 |    80 |    +0.4% |   -0.129 |       -6.0 |      -43.9 |    670 | frontend/fq._T_2_0_data\[0\]$_DFFE_PP_/D
     832* |       0 |     269 |        0 |      0 |    80 |    +0.4% |   -0.121 |       -6.0 |      -41.6 |    670 | core/div/remainder\[57\]$_SDFFE_PP0P_/D
     840* |       0 |     276 |        0 |      0 |    80 |    +0.4% |   -0.129 |       -6.0 |      -44.6 |    670 | frontend/fq._T_2_0_data\[0\]$_DFFE_PP_/D
     844* |       0 |     269 |        0 |      0 |    80 |    +0.4% |   -0.121 |       -6.0 |      -41.6 |    670 | core/div/remainder\[57\]$_SDFFE_PP0P_/D
     850* |       0 |     274 |        0 |      0 |    80 |    +0.4% |   -0.125 |       -6.0 |      -43.6 |    670 | frontend/fq._T_2_0_data\[0\]$_DFFE_PP_/D
     856* |       0 |     269 |        0 |      0 |    80 |    +0.4% |   -0.121 |       -6.0 |      -41.6 |    670 | core/div/remainder\[57\]$_SDFFE_PP0P_/D
     860* |       0 |     272 |        0 |      0 |    80 |    +0.4% |   -0.123 |       -6.0 |      -42.7 |    670 | frontend/fq._T_2_0_data\[0\]$_DFFE_PP_/D
     868* |       0 |     269 |        0 |      0 |    80 |    +0.4% |   -0.121 |       -6.0 |      -41.6 |    670 | core/div/remainder\[57\]$_SDFFE_PP0P_/D
     870* |       0 |     270 |        0 |      0 |    80 |    +0.4% |   -0.122 |       -6.0 |      -41.8 |    670 | frontend/fq._T_2_0_data\[0\]$_DFFE_PP_/D
     880* |       0 |     280 |        0 |      0 |    80 |    +0.4% |   -0.129 |       -6.0 |      -43.8 |    670 | frontend/fq._T_2_0_data\[0\]$_DFFE_PP_/D
     880* |       0 |     269 |        0 |      0 |    80 |    +0.4% |   -0.121 |       -6.0 |      -41.6 |    670 | core/div/remainder\[57\]$_SDFFE_PP0P_/D
     890* |       0 |     278 |        0 |      0 |    80 |    +0.4% |   -0.129 |       -6.0 |      -43.9 |    670 | frontend/fq._T_2_0_data\[0\]$_DFFE_PP_/D
     892* |       0 |     269 |        0 |      0 |    80 |    +0.4% |   -0.121 |       -6.0 |      -41.6 |    670 | core/div/remainder\[57\]$_SDFFE_PP0P_/D
     900* |       0 |     276 |        0 |      0 |    80 |    +0.4% |   -0.129 |       -6.0 |      -44.6 |    670 | frontend/fq._T_2_0_data\[0\]$_DFFE_PP_/D
     904* |       0 |     269 |        0 |      0 |    80 |    +0.4% |   -0.121 |       -6.0 |      -41.6 |    670 | core/div/remainder\[57\]$_SDFFE_PP0P_/D
     910* |       0 |     274 |        0 |      0 |    80 |    +0.4% |   -0.125 |       -6.0 |      -43.6 |    670 | frontend/fq._T_2_0_data\[0\]$_DFFE_PP_/D
     916* |       0 |     269 |        0 |      0 |    80 |    +0.4% |   -0.121 |       -6.0 |      -41.6 |    670 | core/div/remainder\[57\]$_SDFFE_PP0P_/D
     920* |       0 |     272 |        0 |      0 |    80 |    +0.4% |   -0.123 |       -6.0 |      -42.7 |    670 | frontend/fq._T_2_0_data\[0\]$_DFFE_PP_/D
     928* |       0 |     269 |        0 |      0 |    80 |    +0.4% |   -0.121 |       -6.0 |      -41.6 |    670 | core/div/remainder\[57\]$_SDFFE_PP0P_/D
     930* |       0 |     270 |        0 |      0 |    80 |    +0.4% |   -0.122 |       -6.0 |      -41.8 |    670 | frontend/fq._T_2_0_data\[0\]$_DFFE_PP_/D
     940* |       0 |     280 |        0 |      0 |    80 |    +0.4% |   -0.129 |       -6.0 |      -43.8 |    670 | frontend/fq._T_2_0_data\[0\]$_DFFE_PP_/D
     940* |       0 |     269 |        0 |      0 |    80 |    +0.4% |   -0.121 |       -6.0 |      -41.6 |    670 | core/div/remainder\[57\]$_SDFFE_PP0P_/D
     950* |       0 |     278 |        0 |      0 |    80 |    +0.4% |   -0.129 |       -6.0 |      -43.9 |    670 | frontend/fq._T_2_0_data\[0\]$_DFFE_PP_/D
     952* |       0 |     269 |        0 |      0 |    80 |    +0.4% |   -0.121 |       -6.0 |      -41.6 |    670 | core/div/remainder\[57\]$_SDFFE_PP0P_/D
     960* |       0 |     276 |        0 |      0 |    80 |    +0.4% |   -0.129 |       -6.0 |      -44.6 |    670 | frontend/fq._T_2_0_data\[0\]$_DFFE_PP_/D
     964* |       0 |     269 |        0 |      0 |    80 |    +0.4% |   -0.121 |       -6.0 |      -41.6 |    670 | core/div/remainder\[57\]$_SDFFE_PP0P_/D
     970* |       0 |     274 |        0 |      0 |    80 |    +0.4% |   -0.125 |       -6.0 |      -43.6 |    670 | frontend/fq._T_2_0_data\[0\]$_DFFE_PP_/D
     976* |       0 |     269 |        0 |      0 |    80 |    +0.4% |   -0.121 |       -6.0 |      -41.6 |    670 | core/div/remainder\[57\]$_SDFFE_PP0P_/D
     980* |       0 |     272 |        0 |      0 |    80 |    +0.4% |   -0.123 |       -6.0 |      -42.7 |    670 | frontend/fq._T_2_0_data\[0\]$_DFFE_PP_/D
     988* |       0 |     269 |        0 |      0 |    80 |    +0.4% |   -0.121 |       -6.0 |      -41.6 |    670 | core/div/remainder\[57\]$_SDFFE_PP0P_/D
     990* |       0 |     270 |        0 |      0 |    80 |    +0.4% |   -0.122 |       -6.0 |      -41.8 |    670 | frontend/fq._T_2_0_data\[0\]$_DFFE_PP_/D
    1000* |       0 |     280 |        0 |      0 |    80 |    +0.4% |   -0.129 |       -6.0 |      -43.8 |    670 | frontend/fq._T_2_0_data\[0\]$_DFFE_PP_/D
    1000* |       0 |     269 |        0 |      0 |    80 |    +0.4% |   -0.121 |       -6.0 |      -41.6 |    670 | core/div/remainder\[57\]$_SDFFE_PP0P_/D
    1010* |       0 |     278 |        0 |      0 |    80 |    +0.4% |   -0.129 |       -6.0 |      -43.9 |    670 | frontend/fq._T_2_0_data\[0\]$_DFFE_PP_/D
    1012* |       0 |     269 |        0 |      0 |    80 |    +0.4% |   -0.121 |       -6.0 |      -41.6 |    670 | core/div/remainder\[57\]$_SDFFE_PP0P_/D
    1020* |       0 |     276 |        0 |      0 |    80 |    +0.4% |   -0.129 |       -6.0 |      -44.6 |    670 | frontend/fq._T_2_0_data\[0\]$_DFFE_PP_/D
    1024* |       0 |     269 |        0 |      0 |    80 |    +0.4% |   -0.121 |       -6.0 |      -41.6 |    670 | core/div/remainder\[57\]$_SDFFE_PP0P_/D
    1030* |       0 |     274 |        0 |      0 |    80 |    +0.4% |   -0.125 |       -6.0 |      -43.6 |    670 | frontend/fq._T_2_0_data\[0\]$_DFFE_PP_/D
    1036* |       0 |     269 |        0 |      0 |    80 |    +0.4% |   -0.121 |       -6.0 |      -41.6 |    670 | core/div/remainder\[57\]$_SDFFE_PP0P_/D
    1040* |       0 |     272 |        0 |      0 |    80 |    +0.4% |   -0.123 |       -6.0 |      -42.6 |    670 | frontend/fq._T_2_0_data\[0\]$_DFFE_PP_/D
    1049* |       0 |     270 |        0 |      0 |    80 |    +0.4% |   -0.121 |       -6.0 |      -41.6 |    670 | core/div/remainder\[57\]$_SDFFE_PP0P_/D
    1050* |       0 |     270 |        0 |      0 |    80 |    +0.4% |   -0.121 |       -6.0 |      -41.6 |    670 | core/div/remainder\[57\]$_SDFFE_PP0P_/D
    1060* |       0 |     280 |        0 |      0 |    80 |    +0.4% |   -0.129 |       -6.0 |      -43.9 |    670 | frontend/fq._T_2_0_data\[0\]$_DFFE_PP_/D
    1061* |       0 |     270 |        0 |      0 |    80 |    +0.4% |   -0.121 |       -6.0 |      -41.6 |    670 | core/div/remainder\[57\]$_SDFFE_PP0P_/D
    1070* |       0 |     278 |        0 |      0 |    80 |    +0.4% |   -0.129 |       -6.0 |      -44.0 |    670 | frontend/fq._T_2_0_data\[0\]$_DFFE_PP_/D
    1073* |       0 |     270 |        0 |      0 |    80 |    +0.4% |   -0.121 |       -6.0 |      -41.6 |    670 | core/div/remainder\[57\]$_SDFFE_PP0P_/D
    1080* |       0 |     276 |        0 |      0 |    80 |    +0.4% |   -0.129 |       -6.0 |      -45.2 |    670 | frontend/fq._T_2_0_data\[0\]$_DFFE_PP_/D
    1085* |       0 |     270 |        0 |      0 |    80 |    +0.4% |   -0.121 |       -6.0 |      -41.6 |    670 | core/div/remainder\[57\]$_SDFFE_PP0P_/D
    1090* |       0 |     274 |        0 |      0 |    80 |    +0.4% |   -0.123 |       -6.0 |      -42.9 |    670 | frontend/fq._T_2_0_data\[0\]$_DFFE_PP_/D
    1097* |       0 |     270 |        0 |      0 |    80 |    +0.4% |   -0.121 |       -6.0 |      -41.6 |    670 | core/div/remainder\[57\]$_SDFFE_PP0P_/D
    1100* |       0 |     272 |        0 |      0 |    80 |    +0.4% |   -0.123 |       -6.0 |      -42.6 |    670 | frontend/fq._T_2_0_data\[0\]$_DFFE_PP_/D
    1109* |       0 |     270 |        0 |      0 |    80 |    +0.4% |   -0.121 |       -6.0 |      -41.6 |    670 | core/div/remainder\[57\]$_SDFFE_PP0P_/D
    1110* |       0 |     270 |        0 |      0 |    80 |    +0.4% |   -0.121 |       -6.0 |      -41.6 |    670 | core/div/remainder\[57\]$_SDFFE_PP0P_/D
    1120* |       0 |     280 |        0 |      0 |    80 |    +0.4% |   -0.129 |       -6.0 |      -43.9 |    670 | frontend/fq._T_2_0_data\[0\]$_DFFE_PP_/D
    1121* |       0 |     270 |        0 |      0 |    80 |    +0.4% |   -0.121 |       -6.0 |      -41.6 |    670 | core/div/remainder\[57\]$_SDFFE_PP0P_/D
    1130* |       0 |     278 |        0 |      0 |    80 |    +0.4% |   -0.129 |       -6.0 |      -44.0 |    670 | frontend/fq._T_2_0_data\[0\]$_DFFE_PP_/D
    1133* |       0 |     270 |        0 |      0 |    80 |    +0.4% |   -0.121 |       -6.0 |      -41.6 |    670 | core/div/remainder\[57\]$_SDFFE_PP0P_/D
    1140* |       0 |     276 |        0 |      0 |    80 |    +0.4% |   -0.129 |       -6.0 |      -45.2 |    670 | frontend/fq._T_2_0_data\[0\]$_DFFE_PP_/D
    1145* |       0 |     270 |        0 |      0 |    80 |    +0.4% |   -0.121 |       -6.0 |      -41.6 |    670 | core/div/remainder\[57\]$_SDFFE_PP0P_/D
    1150* |       0 |     274 |        0 |      0 |    80 |    +0.4% |   -0.123 |       -6.0 |      -42.9 |    670 | frontend/fq._T_2_0_data\[0\]$_DFFE_PP_/D
    1157* |       0 |     270 |        0 |      0 |    80 |    +0.4% |   -0.121 |       -6.0 |      -41.6 |    670 | core/div/remainder\[57\]$_SDFFE_PP0P_/D
    1160* |       0 |     272 |        0 |      0 |    80 |    +0.4% |   -0.123 |       -6.0 |      -42.6 |    670 | frontend/fq._T_2_0_data\[0\]$_DFFE_PP_/D
    1168* |       0 |     270 |        0 |      0 |    80 |    +0.4% |   -0.121 |       -6.0 |      -41.6 |    670 | core/div/remainder\[57\]$_SDFFE_PP0P_/D
    1170* |       0 |     271 |        0 |      0 |    80 |    +0.4% |   -0.122 |       -6.0 |      -41.8 |    670 | frontend/fq._T_2_0_data\[0\]$_DFFE_PP_/D
    1179* |       0 |     270 |        0 |      0 |    80 |    +0.4% |   -0.121 |       -6.0 |      -41.6 |    670 | core/div/remainder\[57\]$_SDFFE_PP0P_/D
    1180* |       0 |     270 |        0 |      0 |    80 |    +0.4% |   -0.121 |       -6.0 |      -41.6 |    670 | core/div/remainder\[57\]$_SDFFE_PP0P_/D
    1190* |       0 |     280 |        0 |      0 |    80 |    +0.4% |   -0.129 |       -6.0 |      -43.7 |    670 | frontend/fq._T_2_0_data\[0\]$_DFFE_PP_/D
    1190* |       0 |     270 |        0 |      0 |    80 |    +0.4% |   -0.121 |       -6.0 |      -41.6 |    670 | core/div/remainder\[57\]$_SDFFE_PP0P_/D
    1200* |       0 |     279 |        0 |      0 |    80 |    +0.4% |   -0.129 |       -6.0 |      -43.8 |    670 | frontend/fq._T_2_0_data\[0\]$_DFFE_PP_/D
    1200* |       0 |     270 |        0 |      0 |    80 |    +0.4% |   -0.121 |       -6.0 |      -41.6 |    670 | core/div/remainder\[57\]$_SDFFE_PP0P_/D
    1210* |       0 |     279 |        0 |      0 |    80 |    +0.4% |   -0.129 |       -6.0 |      -43.8 |    670 | frontend/fq._T_2_0_data\[0\]$_DFFE_PP_/D
    1211* |       0 |     270 |        0 |      0 |    80 |    +0.4% |   -0.121 |       -6.0 |      -41.6 |    670 | core/div/remainder\[57\]$_SDFFE_PP0P_/D
    1220* |       0 |     278 |        0 |      0 |    80 |    +0.4% |   -0.129 |       -6.0 |      -43.8 |    670 | frontend/fq._T_2_0_data\[0\]$_DFFE_PP_/D
    1222* |       0 |     270 |        0 |      0 |    80 |    +0.4% |   -0.121 |       -6.0 |      -41.6 |    670 | core/div/remainder\[57\]$_SDFFE_PP0P_/D
    1230* |       0 |     277 |        0 |      0 |    80 |    +0.4% |   -0.129 |       -6.0 |      -43.9 |    670 | frontend/fq._T_2_0_data\[0\]$_DFFE_PP_/D
    1233* |       0 |     270 |        0 |      0 |    80 |    +0.4% |   -0.121 |       -6.0 |      -41.6 |    670 | core/div/remainder\[57\]$_SDFFE_PP0P_/D
    1240* |       0 |     276 |        0 |      0 |    80 |    +0.4% |   -0.129 |       -6.0 |      -44.5 |    670 | frontend/fq._T_2_0_data\[0\]$_DFFE_PP_/D
    1244* |       0 |     270 |        0 |      0 |    80 |    +0.4% |   -0.121 |       -6.0 |      -41.6 |    670 | core/div/remainder\[57\]$_SDFFE_PP0P_/D
    1250* |       0 |     275 |        0 |      0 |    80 |    +0.4% |   -0.129 |       -6.0 |      -45.1 |    670 | frontend/fq._T_2_0_data\[0\]$_DFFE_PP_/D
    1255* |       0 |     270 |        0 |      0 |    80 |    +0.4% |   -0.121 |       -6.0 |      -41.6 |    670 | core/div/remainder\[57\]$_SDFFE_PP0P_/D
    1260* |       0 |     274 |        0 |      0 |    80 |    +0.4% |   -0.121 |       -6.0 |      -39.7 |    670 | core/div/remainder\[57\]$_SDFFE_PP0P_/D
    1270* |       0 |     283 |        0 |      0 |    81 |    +0.4% |   -0.126 |       -6.0 |      -43.5 |    670 | frontend/fq._T_2_4_data\[0\]$_DFFE_PP_/D
    1274* |       0 |     287 |        0 |      0 |    81 |    +0.4% |   -0.121 |       -6.0 |      -40.9 |    670 | core/div/remainder\[57\]$_SDFFE_PP0P_/D
    1277* |       0 |     289 |        0 |      0 |    81 |    +0.4% |   -0.121 |       -6.0 |      -41.0 |    670 | core/div/remainder\[57\]$_SDFFE_PP0P_/D
    1280* |       0 |     291 |        0 |      0 |    81 |    +0.5% |   -0.121 |       -6.0 |      -41.1 |    670 | core/div/remainder\[57\]$_SDFFE_PP0P_/D
    1281* |       0 |     292 |        0 |      0 |    81 |    +0.5% |   -0.121 |       -6.0 |      -41.1 |    670 | core/div/remainder\[57\]$_SDFFE_PP0P_/D
    1282* |       0 |     292 |        0 |      0 |    81 |    +0.5% |   -0.121 |       -6.0 |      -41.1 |    670 | core/div/remainder\[57\]$_SDFFE_PP0P_/D
    1283* |       0 |     292 |        0 |      0 |    81 |    +0.5% |   -0.121 |       -6.0 |      -41.1 |    670 | core/div/remainder\[57\]$_SDFFE_PP0P_/D
    1284* |       0 |     292 |        0 |      0 |    81 |    +0.5% |   -0.121 |       -6.0 |      -41.1 |    670 | core/div/remainder\[57\]$_SDFFE_PP0P_/D
    1285* |       0 |     292 |        0 |      0 |    81 |    +0.5% |   -0.121 |       -6.0 |      -41.1 |    670 | core/div/remainder\[57\]$_SDFFE_PP0P_/D
    1286* |       0 |     292 |        0 |      0 |    81 |    +0.5% |   -0.121 |       -6.0 |      -41.1 |    670 | core/div/remainder\[57\]$_SDFFE_PP0P_/D
    1287* |       0 |     292 |        0 |      0 |    81 |    +0.5% |   -0.121 |       -6.0 |      -41.1 |    670 | core/div/remainder\[57\]$_SDFFE_PP0P_/D
    1288* |       0 |     292 |        0 |      0 |    81 |    +0.5% |   -0.121 |       -6.0 |      -41.1 |    670 | core/div/remainder\[57\]$_SDFFE_PP0P_/D
    1289* |       0 |     292 |        0 |      0 |    81 |    +0.5% |   -0.121 |       -6.0 |      -41.1 |    670 | core/div/remainder\[57\]$_SDFFE_PP0P_/D
    1290* |       0 |     292 |        0 |      0 |    81 |    +0.5% |   -0.121 |       -6.0 |      -41.1 |    670 | core/div/remainder\[57\]$_SDFFE_PP0P_/D
    1290* |       0 |     292 |        0 |      0 |    81 |    +0.5% |   -0.121 |       -6.0 |      -41.1 |    670 | core/div/remainder\[57\]$_SDFFE_PP0P_/D
    1291* |       0 |     292 |        0 |      0 |    81 |    +0.5% |   -0.121 |       -6.0 |      -41.1 |    670 | core/div/remainder\[57\]$_SDFFE_PP0P_/D
    1294* |       0 |     294 |        0 |      0 |    81 |    +0.5% |   -0.121 |       -6.0 |      -41.1 |    670 | core/div/remainder\[57\]$_SDFFE_PP0P_/D
    1295* |       0 |     294 |        0 |      0 |    81 |    +0.5% |   -0.121 |       -6.0 |      -41.1 |    670 | core/div/remainder\[57\]$_SDFFE_PP0P_/D
    1296* |       0 |     294 |        0 |      0 |    81 |    +0.5% |   -0.121 |       -6.0 |      -41.1 |    670 | core/div/remainder\[57\]$_SDFFE_PP0P_/D
    1297* |       0 |     294 |        0 |      0 |    81 |    +0.5% |   -0.121 |       -6.0 |      -41.1 |    670 | core/div/remainder\[57\]$_SDFFE_PP0P_/D
    1298* |       0 |     294 |        0 |      0 |    81 |    +0.5% |   -0.121 |       -6.0 |      -41.1 |    670 | core/div/remainder\[57\]$_SDFFE_PP0P_/D
    1299* |       0 |     294 |        0 |      0 |    81 |    +0.5% |   -0.121 |       -6.0 |      -41.1 |    670 | core/div/remainder\[57\]$_SDFFE_PP0P_/D
    1300* |       0 |     294 |        0 |      0 |    81 |    +0.5% |   -0.121 |       -6.0 |      -41.1 |    670 | core/div/remainder\[57\]$_SDFFE_PP0P_/D
    1300* |       0 |     294 |        0 |      0 |    81 |    +0.5% |   -0.121 |       -6.0 |      -41.1 |    670 | core/div/remainder\[57\]$_SDFFE_PP0P_/D
    1301* |       0 |     294 |        0 |      0 |    81 |    +0.5% |   -0.121 |       -6.0 |      -41.1 |    670 | core/div/remainder\[57\]$_SDFFE_PP0P_/D
    1302* |       0 |     294 |        0 |      0 |    81 |    +0.5% |   -0.121 |       -6.0 |      -41.1 |    670 | core/div/remainder\[57\]$_SDFFE_PP0P_/D
    1303* |       0 |     294 |        0 |      0 |    81 |    +0.5% |   -0.121 |       -6.0 |      -41.1 |    670 | core/div/remainder\[57\]$_SDFFE_PP0P_/D
    1304* |       0 |     294 |        0 |      0 |    81 |    +0.5% |   -0.121 |       -6.0 |      -41.1 |    670 | core/div/remainder\[57\]$_SDFFE_PP0P_/D
    1305* |       0 |     294 |        0 |      0 |    81 |    +0.5% |   -0.121 |       -6.0 |      -41.1 |    670 | core/div/remainder\[57\]$_SDFFE_PP0P_/D
    1306* |       0 |     294 |        0 |      0 |    81 |    +0.5% |   -0.121 |       -6.0 |      -41.1 |    670 | core/div/remainder\[57\]$_SDFFE_PP0P_/D
    1307* |       0 |     294 |        0 |      0 |    81 |    +0.5% |   -0.121 |       -6.0 |      -41.1 |    670 | core/div/remainder\[57\]$_SDFFE_PP0P_/D
    1308* |       0 |     294 |        0 |      0 |    81 |    +0.5% |   -0.121 |       -6.0 |      -41.1 |    670 | core/div/remainder\[57\]$_SDFFE_PP0P_/D
    1309* |       0 |     294 |        0 |      0 |    81 |    +0.5% |   -0.121 |       -6.0 |      -41.1 |    670 | core/div/remainder\[57\]$_SDFFE_PP0P_/D
    1310* |       0 |     294 |        0 |      0 |    81 |    +0.5% |   -0.121 |       -6.0 |      -41.1 |    670 | core/div/remainder\[57\]$_SDFFE_PP0P_/D
    1310* |       0 |     294 |        0 |      0 |    81 |    +0.5% |   -0.121 |       -6.0 |      -41.1 |    670 | core/div/remainder\[57\]$_SDFFE_PP0P_/D
    1311* |       0 |     294 |        0 |      0 |    81 |    +0.5% |   -0.121 |       -6.0 |      -41.1 |    670 | core/div/remainder\[57\]$_SDFFE_PP0P_/D
    1314* |       0 |     296 |        0 |      0 |    81 |    +0.5% |   -0.121 |       -6.0 |      -41.1 |    670 | core/div/remainder\[57\]$_SDFFE_PP0P_/D
    1315* |       0 |     296 |        0 |      0 |    81 |    +0.5% |   -0.121 |       -6.0 |      -41.1 |    670 | core/div/remainder\[57\]$_SDFFE_PP0P_/D
    1316* |       0 |     296 |        0 |      0 |    81 |    +0.5% |   -0.121 |       -6.0 |      -41.1 |    670 | core/div/remainder\[57\]$_SDFFE_PP0P_/D
    1317* |       0 |     296 |        0 |      0 |    81 |    +0.5% |   -0.121 |       -6.0 |      -41.1 |    670 | core/div/remainder\[57\]$_SDFFE_PP0P_/D
    1318* |       0 |     296 |        0 |      0 |    81 |    +0.5% |   -0.121 |       -6.0 |      -41.1 |    670 | core/div/remainder\[57\]$_SDFFE_PP0P_/D
    1319* |       0 |     296 |        0 |      0 |    81 |    +0.5% |   -0.121 |       -6.0 |      -41.1 |    670 | core/div/remainder\[57\]$_SDFFE_PP0P_/D
    1320* |       0 |     296 |        0 |      0 |    81 |    +0.5% |   -0.121 |       -6.0 |      -41.1 |    670 | core/div/remainder\[57\]$_SDFFE_PP0P_/D
    1320* |       0 |     296 |        0 |      0 |    81 |    +0.5% |   -0.121 |       -6.0 |      -41.1 |    670 | core/div/remainder\[57\]$_SDFFE_PP0P_/D
    1321* |       0 |     296 |        0 |      0 |    81 |    +0.5% |   -0.121 |       -6.0 |      -41.1 |    670 | core/div/remainder\[57\]$_SDFFE_PP0P_/D
    1322* |       0 |     296 |        0 |      0 |    81 |    +0.5% |   -0.121 |       -6.0 |      -41.1 |    670 | core/div/remainder\[57\]$_SDFFE_PP0P_/D
    1323* |       0 |     296 |        0 |      0 |    81 |    +0.5% |   -0.121 |       -6.0 |      -41.1 |    670 | core/div/remainder\[57\]$_SDFFE_PP0P_/D
    1324* |       0 |     296 |        0 |      0 |    81 |    +0.5% |   -0.121 |       -6.0 |      -41.1 |    670 | core/div/remainder\[57\]$_SDFFE_PP0P_/D
    1325* |       0 |     296 |        0 |      0 |    81 |    +0.5% |   -0.121 |       -6.0 |      -41.1 |    670 | core/div/remainder\[57\]$_SDFFE_PP0P_/D
    1326* |       0 |     296 |        0 |      0 |    81 |    +0.5% |   -0.121 |       -6.0 |      -41.1 |    670 | core/div/remainder\[57\]$_SDFFE_PP0P_/D
    1327* |       0 |     296 |        0 |      0 |    81 |    +0.5% |   -0.121 |       -6.0 |      -41.1 |    670 | core/div/remainder\[57\]$_SDFFE_PP0P_/D
    1328* |       0 |     296 |        0 |      0 |    81 |    +0.5% |   -0.121 |       -6.0 |      -41.1 |    670 | core/div/remainder\[57\]$_SDFFE_PP0P_/D
    1329* |       0 |     296 |        0 |      0 |    81 |    +0.5% |   -0.121 |       -6.0 |      -41.1 |    670 | core/div/remainder\[57\]$_SDFFE_PP0P_/D
    1330* |       0 |     296 |        0 |      0 |    81 |    +0.5% |   -0.121 |       -6.0 |      -41.1 |    670 | core/div/remainder\[57\]$_SDFFE_PP0P_/D
    1330* |       0 |     296 |        0 |      0 |    81 |    +0.5% |   -0.121 |       -6.0 |      -41.1 |    670 | core/div/remainder\[57\]$_SDFFE_PP0P_/D
    1331* |       0 |     296 |        0 |      0 |    81 |    +0.5% |   -0.121 |       -6.0 |      -41.1 |    670 | core/div/remainder\[57\]$_SDFFE_PP0P_/D
    1332* |       0 |     296 |        0 |      0 |    81 |    +0.5% |   -0.121 |       -6.0 |      -41.1 |    670 | core/div/remainder\[57\]$_SDFFE_PP0P_/D
    1340* |       0 |     303 |        0 |      0 |    81 |    +0.5% |   -0.121 |       -6.0 |      -41.2 |    670 | core/div/remainder\[57\]$_SDFFE_PP0P_/D
    1348* |       0 |     309 |        0 |      0 |    83 |    +0.5% |   -0.121 |       -6.0 |      -40.6 |    670 | core/div/remainder\[57\]$_SDFFE_PP0P_/D
    1350* |       0 |     310 |        0 |      0 |    83 |    +0.5% |   -0.121 |       -6.0 |      -40.6 |    670 | core/div/remainder\[57\]$_SDFFE_PP0P_/D
    1351* |       0 |     311 |        0 |      0 |    83 |    +0.5% |   -0.121 |       -6.0 |      -40.7 |    670 | core/div/remainder\[57\]$_SDFFE_PP0P_/D
    1355* |       0 |     314 |        0 |      0 |    83 |    +0.5% |   -0.121 |       -6.0 |      -40.8 |    670 | core/div/remainder\[57\]$_SDFFE_PP0P_/D
    1356* |       0 |     314 |        0 |      0 |    83 |    +0.5% |   -0.121 |       -6.0 |      -40.8 |    670 | core/div/remainder\[57\]$_SDFFE_PP0P_/D
    1357* |       0 |     314 |        0 |      0 |    83 |    +0.5% |   -0.121 |       -6.0 |      -40.8 |    670 | core/div/remainder\[57\]$_SDFFE_PP0P_/D
    1358* |       0 |     314 |        0 |      0 |    83 |    +0.5% |   -0.121 |       -6.0 |      -40.8 |    670 | core/div/remainder\[57\]$_SDFFE_PP0P_/D
    1359* |       0 |     314 |        0 |      0 |    83 |    +0.5% |   -0.121 |       -6.0 |      -40.8 |    670 | core/div/remainder\[57\]$_SDFFE_PP0P_/D
    1360* |       0 |     314 |        0 |      0 |    83 |    +0.5% |   -0.121 |       -6.0 |      -40.8 |    670 | core/div/remainder\[57\]$_SDFFE_PP0P_/D
    1360* |       0 |     314 |        0 |      0 |    83 |    +0.5% |   -0.121 |       -6.0 |      -40.8 |    670 | core/div/remainder\[57\]$_SDFFE_PP0P_/D
    1361* |       0 |     314 |        0 |      0 |    83 |    +0.5% |   -0.121 |       -6.0 |      -40.8 |    670 | core/div/remainder\[57\]$_SDFFE_PP0P_/D
    1362* |       0 |     314 |        0 |      0 |    83 |    +0.5% |   -0.121 |       -6.0 |      -40.8 |    670 | core/div/remainder\[57\]$_SDFFE_PP0P_/D
    1363* |       0 |     314 |        0 |      0 |    83 |    +0.5% |   -0.121 |       -6.0 |      -40.8 |    670 | core/div/remainder\[57\]$_SDFFE_PP0P_/D
    1364* |       0 |     314 |        0 |      0 |    83 |    +0.5% |   -0.121 |       -6.0 |      -40.8 |    670 | core/div/remainder\[57\]$_SDFFE_PP0P_/D
    1365* |       0 |     314 |        0 |      0 |    83 |    +0.5% |   -0.121 |       -6.0 |      -40.8 |    670 | core/div/remainder\[57\]$_SDFFE_PP0P_/D
    1368* |       0 |     316 |        0 |      0 |    83 |    +0.5% |   -0.121 |       -6.0 |      -40.8 |    670 | core/div/remainder\[57\]$_SDFFE_PP0P_/D
    1369* |       0 |     316 |        0 |      0 |    83 |    +0.5% |   -0.121 |       -6.0 |      -40.8 |    670 | core/div/remainder\[57\]$_SDFFE_PP0P_/D
    1370* |       0 |     316 |        0 |      0 |    83 |    +0.5% |   -0.121 |       -6.0 |      -40.8 |    670 | core/div/remainder\[57\]$_SDFFE_PP0P_/D
    1370* |       0 |     316 |        0 |      0 |    83 |    +0.5% |   -0.121 |       -6.0 |      -40.8 |    670 | core/div/remainder\[57\]$_SDFFE_PP0P_/D
    1371* |       0 |     316 |        0 |      0 |    83 |    +0.5% |   -0.121 |       -6.0 |      -40.8 |    670 | core/div/remainder\[57\]$_SDFFE_PP0P_/D
    1372* |       0 |     316 |        0 |      0 |    83 |    +0.5% |   -0.121 |       -6.0 |      -40.8 |    670 | core/div/remainder\[57\]$_SDFFE_PP0P_/D
    1373* |       0 |     316 |        0 |      0 |    83 |    +0.5% |   -0.121 |       -6.0 |      -40.8 |    670 | core/div/remainder\[57\]$_SDFFE_PP0P_/D
    1374* |       0 |     316 |        0 |      0 |    83 |    +0.5% |   -0.121 |       -6.0 |      -40.8 |    670 | core/div/remainder\[57\]$_SDFFE_PP0P_/D
    1375* |       0 |     316 |        0 |      0 |    83 |    +0.5% |   -0.121 |       -6.0 |      -40.8 |    670 | core/div/remainder\[57\]$_SDFFE_PP0P_/D
    1376* |       0 |     316 |        0 |      0 |    83 |    +0.5% |   -0.121 |       -6.0 |      -40.8 |    670 | core/div/remainder\[57\]$_SDFFE_PP0P_/D
    1377* |       0 |     316 |        0 |      0 |    83 |    +0.5% |   -0.121 |       -6.0 |      -40.8 |    670 | core/div/remainder\[57\]$_SDFFE_PP0P_/D
    1378* |       0 |     316 |        0 |      0 |    83 |    +0.5% |   -0.121 |       -6.0 |      -40.8 |    670 | core/div/remainder\[57\]$_SDFFE_PP0P_/D
    1379* |       0 |     316 |        0 |      0 |    83 |    +0.5% |   -0.121 |       -6.0 |      -40.8 |    670 | core/div/remainder\[57\]$_SDFFE_PP0P_/D
    1380* |       0 |     316 |        0 |      0 |    83 |    +0.5% |   -0.121 |       -6.0 |      -40.8 |    670 | core/div/remainder\[57\]$_SDFFE_PP0P_/D
    1380* |       0 |     316 |        0 |      0 |    83 |    +0.5% |   -0.121 |       -6.0 |      -40.8 |    670 | core/div/remainder\[57\]$_SDFFE_PP0P_/D
    1381* |       0 |     316 |        0 |      0 |    83 |    +0.5% |   -0.121 |       -6.0 |      -40.8 |    670 | core/div/remainder\[57\]$_SDFFE_PP0P_/D
    1382* |       0 |     316 |        0 |      0 |    83 |    +0.5% |   -0.121 |       -6.0 |      -40.8 |    670 | core/div/remainder\[57\]$_SDFFE_PP0P_/D
    1383* |       0 |     316 |        0 |      0 |    83 |    +0.5% |   -0.121 |       -6.0 |      -40.8 |    670 | core/div/remainder\[57\]$_SDFFE_PP0P_/D
    1384* |       0 |     316 |        0 |      0 |    83 |    +0.5% |   -0.121 |       -6.0 |      -40.8 |    670 | core/div/remainder\[57\]$_SDFFE_PP0P_/D
    1385* |       0 |     316 |        0 |      0 |    83 |    +0.5% |   -0.121 |       -6.0 |      -40.8 |    670 | core/div/remainder\[57\]$_SDFFE_PP0P_/D
    1388* |       0 |     318 |        0 |      0 |    83 |    +0.5% |   -0.121 |       -6.0 |      -40.8 |    670 | core/div/remainder\[57\]$_SDFFE_PP0P_/D
    1389* |       0 |     318 |        0 |      0 |    83 |    +0.5% |   -0.121 |       -6.0 |      -40.8 |    670 | core/div/remainder\[57\]$_SDFFE_PP0P_/D
    1390* |       0 |     318 |        0 |      0 |    83 |    +0.5% |   -0.121 |       -6.0 |      -40.8 |    670 | core/div/remainder\[57\]$_SDFFE_PP0P_/D
    1390* |       0 |     318 |        0 |      0 |    83 |    +0.5% |   -0.121 |       -6.0 |      -40.8 |    670 | core/div/remainder\[57\]$_SDFFE_PP0P_/D
    1391* |       0 |     318 |        0 |      0 |    83 |    +0.5% |   -0.121 |       -6.0 |      -40.8 |    670 | core/div/remainder\[57\]$_SDFFE_PP0P_/D
    1392* |       0 |     318 |        0 |      0 |    83 |    +0.5% |   -0.121 |       -6.0 |      -40.8 |    670 | core/div/remainder\[57\]$_SDFFE_PP0P_/D
    1393* |       0 |     318 |        0 |      0 |    83 |    +0.5% |   -0.121 |       -6.0 |      -40.8 |    670 | core/div/remainder\[57\]$_SDFFE_PP0P_/D
    1394* |       0 |     318 |        0 |      0 |    83 |    +0.5% |   -0.121 |       -6.0 |      -40.8 |    670 | core/div/remainder\[57\]$_SDFFE_PP0P_/D
    1395* |       0 |     318 |        0 |      0 |    83 |    +0.5% |   -0.121 |       -6.0 |      -40.8 |    670 | core/div/remainder\[57\]$_SDFFE_PP0P_/D
    1396* |       0 |     318 |        0 |      0 |    83 |    +0.5% |   -0.121 |       -6.0 |      -40.8 |    670 | core/div/remainder\[57\]$_SDFFE_PP0P_/D
    1397* |       0 |     318 |        0 |      0 |    83 |    +0.5% |   -0.121 |       -6.0 |      -40.8 |    670 | core/div/remainder\[57\]$_SDFFE_PP0P_/D
    1398* |       0 |     318 |        0 |      0 |    83 |    +0.5% |   -0.121 |       -6.0 |      -40.8 |    670 | core/div/remainder\[57\]$_SDFFE_PP0P_/D
    1399* |       0 |     318 |        0 |      0 |    83 |    +0.5% |   -0.121 |       -6.0 |      -40.8 |    670 | core/div/remainder\[57\]$_SDFFE_PP0P_/D
    1400* |       0 |     318 |        0 |      0 |    83 |    +0.5% |   -0.121 |       -6.0 |      -40.8 |    670 | core/div/remainder\[57\]$_SDFFE_PP0P_/D
    1400* |       0 |     318 |        0 |      0 |    83 |    +0.5% |   -0.121 |       -6.0 |      -40.8 |    670 | core/div/remainder\[57\]$_SDFFE_PP0P_/D
    1401* |       0 |     318 |        0 |      0 |    83 |    +0.5% |   -0.121 |       -6.0 |      -40.8 |    670 | core/div/remainder\[57\]$_SDFFE_PP0P_/D
    1402* |       0 |     318 |        0 |      0 |    83 |    +0.5% |   -0.121 |       -6.0 |      -40.8 |    670 | core/div/remainder\[57\]$_SDFFE_PP0P_/D
    1403* |       0 |     318 |        0 |      0 |    83 |    +0.5% |   -0.121 |       -6.0 |      -40.8 |    670 | core/div/remainder\[57\]$_SDFFE_PP0P_/D
    1404* |       0 |     318 |        0 |      0 |    83 |    +0.5% |   -0.121 |       -6.0 |      -40.8 |    670 | core/div/remainder\[57\]$_SDFFE_PP0P_/D
    1405* |       0 |     318 |        0 |      0 |    83 |    +0.5% |   -0.121 |       -6.0 |      -40.8 |    670 | core/div/remainder\[57\]$_SDFFE_PP0P_/D
    1406* |       0 |     318 |        0 |      0 |    83 |    +0.5% |   -0.121 |       -6.0 |      -40.8 |    670 | core/div/remainder\[57\]$_SDFFE_PP0P_/D
    1409* |       0 |     319 |        0 |      0 |    83 |    +0.5% |   -0.121 |       -6.0 |      -40.8 |    670 | core/div/remainder\[57\]$_SDFFE_PP0P_/D
    1410* |       0 |     319 |        0 |      0 |    83 |    +0.5% |   -0.121 |       -6.0 |      -40.8 |    670 | core/div/remainder\[57\]$_SDFFE_PP0P_/D
    1411* |       0 |     319 |        0 |      0 |    83 |    +0.5% |   -0.121 |       -6.0 |      -40.8 |    670 | core/div/remainder\[57\]$_SDFFE_PP0P_/D
    1413* |       0 |     319 |        0 |      0 |    83 |    +0.5% |   -0.121 |       -6.0 |      -40.8 |    670 | core/div/remainder\[57\]$_SDFFE_PP0P_/D
    1415* |       0 |     319 |        0 |      0 |    83 |    +0.5% |   -0.121 |       -6.0 |      -40.8 |    670 | core/div/remainder\[57\]$_SDFFE_PP0P_/D
    1417* |       0 |     319 |        0 |      0 |    83 |    +0.5% |   -0.121 |       -6.0 |      -40.8 |    670 | core/div/remainder\[57\]$_SDFFE_PP0P_/D
    1419* |       0 |     319 |        0 |      0 |    83 |    +0.5% |   -0.121 |       -6.0 |      -40.8 |    670 | core/div/remainder\[57\]$_SDFFE_PP0P_/D
    1420* |       0 |     319 |        0 |      0 |    83 |    +0.5% |   -0.121 |       -6.0 |      -40.8 |    670 | core/div/remainder\[57\]$_SDFFE_PP0P_/D
    1421* |       0 |     319 |        0 |      0 |    83 |    +0.5% |   -0.121 |       -6.0 |      -40.8 |    670 | core/div/remainder\[57\]$_SDFFE_PP0P_/D
    1423* |       0 |     319 |        0 |      0 |    83 |    +0.5% |   -0.121 |       -6.0 |      -40.8 |    670 | core/div/remainder\[57\]$_SDFFE_PP0P_/D
    1425* |       0 |     319 |        0 |      0 |    83 |    +0.5% |   -0.121 |       -6.0 |      -40.8 |    670 | core/div/remainder\[57\]$_SDFFE_PP0P_/D
    1427* |       0 |     319 |        0 |      0 |    83 |    +0.5% |   -0.121 |       -6.0 |      -40.8 |    670 | core/div/remainder\[57\]$_SDFFE_PP0P_/D
    1428* |       0 |     319 |        0 |      0 |    83 |    +0.5% |   -0.121 |       -6.0 |      -40.8 |    670 | core/div/remainder\[57\]$_SDFFE_PP0P_/D
    1429* |       0 |     319 |        0 |      0 |    83 |    +0.5% |   -0.121 |       -6.0 |      -40.8 |    670 | core/div/remainder\[57\]$_SDFFE_PP0P_/D
    1430* |       0 |     319 |        0 |      0 |    83 |    +0.5% |   -0.121 |       -6.0 |      -40.8 |    670 | core/div/remainder\[57\]$_SDFFE_PP0P_/D
    1440* |       0 |     328 |        0 |      0 |    84 |    +0.6% |   -0.130 |       -6.1 |      -42.2 |    670 | frontend/fq._T_2_1_data\[10\]$_DFFE_PP_/D
    1441* |       0 |     319 |        0 |      0 |    83 |    +0.5% |   -0.121 |       -6.0 |      -40.8 |    670 | core/div/remainder\[57\]$_SDFFE_PP0P_/D
    1450* |       0 |     327 |        0 |      0 |    83 |    +0.6% |   -0.131 |       -6.1 |      -42.7 |    670 | frontend/fq._T_2_1_data\[10\]$_DFFE_PP_/D
    1451* |       0 |     319 |        0 |      0 |    83 |    +0.5% |   -0.121 |       -6.0 |      -40.8 |    670 | core/div/remainder\[57\]$_SDFFE_PP0P_/D
    1460* |       0 |     327 |        0 |      0 |    83 |    +0.6% |   -0.131 |       -6.1 |      -42.7 |    670 | frontend/fq._T_2_1_data\[10\]$_DFFE_PP_/D
    1461* |       0 |     319 |        0 |      0 |    83 |    +0.5% |   -0.121 |       -6.0 |      -40.8 |    670 | core/div/remainder\[57\]$_SDFFE_PP0P_/D
    1470* |       0 |     327 |        0 |      0 |    83 |    +0.6% |   -0.131 |       -6.1 |      -42.7 |    670 | frontend/fq._T_2_1_data\[10\]$_DFFE_PP_/D
    1471* |       0 |     319 |        0 |      0 |    83 |    +0.5% |   -0.121 |       -6.0 |      -40.8 |    670 | core/div/remainder\[57\]$_SDFFE_PP0P_/D
    1480* |       0 |     327 |        0 |      0 |    83 |    +0.6% |   -0.131 |       -6.1 |      -42.7 |    670 | frontend/fq._T_2_1_data\[10\]$_DFFE_PP_/D
    1481* |       0 |     319 |        0 |      0 |    83 |    +0.5% |   -0.121 |       -6.0 |      -40.8 |    670 | core/div/remainder\[57\]$_SDFFE_PP0P_/D
    1490* |       0 |     327 |        0 |      0 |    83 |    +0.6% |   -0.131 |       -6.1 |      -42.7 |    670 | frontend/fq._T_2_1_data\[10\]$_DFFE_PP_/D
    1491* |       0 |     319 |        0 |      0 |    83 |    +0.5% |   -0.121 |       -6.0 |      -40.8 |    670 | core/div/remainder\[57\]$_SDFFE_PP0P_/D
    1500* |       0 |     327 |        0 |      0 |    83 |    +0.6% |   -0.131 |       -6.1 |      -42.7 |    670 | frontend/fq._T_2_1_data\[10\]$_DFFE_PP_/D
    1500* |       0 |     319 |        0 |      0 |    83 |    +0.5% |   -0.121 |       -6.0 |      -40.8 |    670 | core/div/remainder\[57\]$_SDFFE_PP0P_/D
    1510* |       0 |     328 |        0 |      0 |    83 |    +0.6% |   -0.131 |       -6.1 |      -42.8 |    670 | frontend/fq._T_2_1_data\[10\]$_DFFE_PP_/D
    1510* |       0 |     319 |        0 |      0 |    83 |    +0.5% |   -0.121 |       -6.0 |      -40.8 |    670 | core/div/remainder\[57\]$_SDFFE_PP0P_/D
    1520* |       0 |     328 |        0 |      0 |    83 |    +0.6% |   -0.131 |       -6.1 |      -42.8 |    670 | frontend/fq._T_2_1_data\[10\]$_DFFE_PP_/D
    1520* |       0 |     319 |        0 |      0 |    83 |    +0.5% |   -0.121 |       -6.0 |      -40.8 |    670 | core/div/remainder\[57\]$_SDFFE_PP0P_/D
    1530* |       0 |     328 |        0 |      0 |    83 |    +0.6% |   -0.131 |       -6.1 |      -42.8 |    670 | frontend/fq._T_2_1_data\[10\]$_DFFE_PP_/D
    1530* |       0 |     319 |        0 |      0 |    83 |    +0.5% |   -0.121 |       -6.0 |      -40.8 |    670 | core/div/remainder\[57\]$_SDFFE_PP0P_/D
    1540* |       0 |     328 |        0 |      0 |    83 |    +0.6% |   -0.131 |       -6.1 |      -42.8 |    670 | frontend/fq._T_2_1_data\[10\]$_DFFE_PP_/D
    1540* |       0 |     319 |        0 |      0 |    83 |    +0.5% |   -0.121 |       -6.0 |      -40.8 |    670 | core/div/remainder\[57\]$_SDFFE_PP0P_/D
    1550* |       0 |     328 |        0 |      0 |    83 |    +0.6% |   -0.131 |       -6.1 |      -42.8 |    670 | frontend/fq._T_2_1_data\[10\]$_DFFE_PP_/D
    1550* |       0 |     319 |        0 |      0 |    83 |    +0.5% |   -0.121 |       -6.0 |      -40.8 |    670 | core/div/remainder\[57\]$_SDFFE_PP0P_/D
    1560* |       0 |     328 |        0 |      0 |    83 |    +0.6% |   -0.131 |       -6.1 |      -42.8 |    670 | frontend/fq._T_2_1_data\[10\]$_DFFE_PP_/D
    1560* |       0 |     319 |        0 |      0 |    83 |    +0.5% |   -0.121 |       -6.0 |      -40.8 |    670 | core/div/remainder\[57\]$_SDFFE_PP0P_/D
    1570* |       0 |     328 |        0 |      0 |    83 |    +0.6% |   -0.131 |       -6.1 |      -42.8 |    670 | frontend/fq._T_2_1_data\[10\]$_DFFE_PP_/D
    1570* |       0 |     319 |        0 |      0 |    83 |    +0.5% |   -0.121 |       -6.0 |      -40.8 |    670 | core/div/remainder\[57\]$_SDFFE_PP0P_/D
    1580* |       0 |     328 |        0 |      0 |    83 |    +0.6% |   -0.131 |       -6.1 |      -42.8 |    670 | frontend/fq._T_2_1_data\[10\]$_DFFE_PP_/D
    1580* |       0 |     319 |        0 |      0 |    83 |    +0.5% |   -0.121 |       -6.0 |      -40.8 |    670 | core/div/remainder\[57\]$_SDFFE_PP0P_/D
    1590* |       0 |     328 |        0 |      0 |    83 |    +0.6% |   -0.131 |       -6.1 |      -42.8 |    670 | frontend/fq._T_2_1_data\[10\]$_DFFE_PP_/D
    1590* |       0 |     319 |        0 |      0 |    83 |    +0.5% |   -0.121 |       -6.0 |      -40.8 |    670 | core/div/remainder\[57\]$_SDFFE_PP0P_/D
    1600* |       0 |     328 |        0 |      0 |    83 |    +0.6% |   -0.131 |       -6.1 |      -42.8 |    670 | frontend/fq._T_2_1_data\[10\]$_DFFE_PP_/D
    1600* |       0 |     319 |        0 |      0 |    83 |    +0.5% |   -0.121 |       -6.0 |      -40.8 |    670 | core/div/remainder\[57\]$_SDFFE_PP0P_/D
    1600* |       0 |     319 |        0 |      0 |    83 |    +0.5% |   -0.121 |       -6.0 |      -40.8 |    670 | core/div/remainder\[57\]$_SDFFE_PP0P_/D
    final |       0 |     319 |        0 |      0 |    83 |    +0.5% |   -0.121 |       -6.0 |      -40.8 |    579 | core/div/remainder\[57\]$_SDFFE_PP0P_/D
------------------------------------------------------------------------------------------------------------------------------
[INFO RSZ-0051] Resized 319 instances: 319 up, 0 up match, 0 down, 0 VT
[INFO RSZ-0043] Swapped pins on 83 instances.
[WARNING RSZ-0062] Unable to repair all setup violations.
[INFO RSZ-0505] Runtime: 33.72s
Took 33 seconds: repair_timing -setup_margin 0 -hold_margin 0 -repair_tns 100 -setup -skip_last_gasp -sequence unbuffer,sizeup,swap,vt_swap -verbose
Default units for flow
 time 1ns
 capacitance 1fF
 resistance 1kohm
 voltage 1v
 current 1mA
 power 1nW
 distance 1um
   Layer   | Unit Resistance | Unit Capacitance 
           |       (kohm/um) |          (fF/um)
------------------------------------------------
    metal1 |        5.43e-03 |         7.42e-02
    metal2 |        3.57e-03 |         8.34e-02
    metal3 |        3.57e-03 |         1.04e-01
    metal4 |        1.50e-03 |         1.19e-01
    metal5 |        1.50e-03 |         1.09e-01
    metal6 |        1.50e-03 |         1.14e-01
    metal7 |        1.88e-04 |         1.17e-01
    metal8 |        1.88e-04 |         9.45e-02
    metal9 |        3.75e-05 |         1.06e-01
   metal10 |        3.75e-05 |         7.37e-01
------------------------------------------------

   Layer   | Via Resistance 
           |         (kohm) 
----------------------------
      via1 |       5.00e-03 
      via2 |       5.00e-03 
      via3 |       5.00e-03 
      via4 |       3.00e-03 
      via5 |       3.00e-03 
      via6 |       3.00e-03 
      via7 |       1.00e-03 
      via8 |       1.00e-03 
      via9 |       5.00e-04 
----------------------------
Report metrics stage 2, floorplan final...

==========================================================================
floorplan final report_design_area
--------------------------------------------------------------------------
Design area 53767 um^2 61% utilization.
write_db /tmp/workspace/scripts-Private_test-fr_cugr_cmp-1-/results/nangate45/tinyRocket/base/2_1_floorplan.odb
write_sdc -no_timestamp /tmp/workspace/scripts-Private_test-fr_cugr_cmp-1-/results/nangate45/tinyRocket/base/2_1_floorplan.sdc
Elapsed time: 0:36.79[h:]min:sec. CPU time: user 71.88 sys 62.55 (365%). Peak memory: 239124KB.
Log                       Ext     Elapsed/s Peak Memory/MB sha1sum result [0:20)
2_1_floorplan             .odb           36            233 2fde00b0aca97967690e
2_1_floorplan             .sdc                             934708da7bde60b348d4
/OpenROAD-flow-scripts/flow/scripts/flow.sh 2_2_floorplan_macro macro_place
Running macro_place.tcl, stage 2_2_floorplan_macro
read_liberty ./platforms/nangate45/lib/NangateOpenCellLibrary_typical.lib
read_liberty /OpenROAD-flow-scripts/flow/designs/nangate45/tinyRocket/fakeram45_1024x32.lib
read_liberty /OpenROAD-flow-scripts/flow/designs/nangate45/tinyRocket/fakeram45_64x32.lib
read_db /tmp/workspace/scripts-Private_test-fr_cugr_cmp-1-/results/nangate45/tinyRocket/base/2_1_floorplan.odb
read_sdc /tmp/workspace/scripts-Private_test-fr_cugr_cmp-1-/results/nangate45/tinyRocket/base/2_1_floorplan.sdc
source ./platforms/nangate45/setRC.tcl
rtl_macro_placer -max_num_level 2 -halo_width 22.4 -halo_height 15.12 -min_ar 0.33 -area_weight 0.1 -wirelength_weight 100.0 -outline_weight 100.0 -boundary_weight 50.0 -notch_weight 50.0 -report_directory /tmp/workspace/scripts-Private_test-fr_cugr_cmp-1-/objects/nangate45/tinyRocket/base/rtlmp -fence_lx 0.0 -fence_ly 0.0 -fence_ux 0.0 -fence_uy 0.0 -target_util 0.75
[WARNING MPL-0074] -halo_width/-halo_height are deprecated, use the set_macro_base_halo command instead.
Die Area: (0.00, 0.00) (302.40, 302.40),  Floorplan Area: (2.09, 2.80) (300.39, 299.60)
	Number of std cell instances: 27712
	Area of std cell instances: 51285.86
	Number of macros: 2
	Macros to be placed: 2
	Area of macros: 2481.25
	Base halo (L, B, R, T): (22.40, 15.12, 22.40, 15.12)
	Area of macros with halos: 5282.08
	Area of std cell instances + Area of macros: 53767.11
	Floorplan area: 88535.44
	Design Utilization: 0.61
	Floorplan Utilization: 0.60
	Manufacturing Grid: 10

[INFO MPL-0500] Runtime: 1.11s
Design area 53767 um^2 61% utilization.
write_db /tmp/workspace/scripts-Private_test-fr_cugr_cmp-1-/results/nangate45/tinyRocket/base/2_2_floorplan_macro.odb
Elapsed time: 0:01.41[h:]min:sec. CPU time: user 9.93 sys 0.04 (707%). Peak memory: 163636KB.
Log                       Ext     Elapsed/s Peak Memory/MB sha1sum result [0:20)
2_2_floorplan_macro       .odb            1            159 6ab8ec45946b3006de4b
/OpenROAD-flow-scripts/flow/scripts/flow.sh 2_3_floorplan_tapcell tapcell
Running tapcell.tcl, stage 2_3_floorplan_tapcell
read_liberty ./platforms/nangate45/lib/NangateOpenCellLibrary_typical.lib
read_liberty /OpenROAD-flow-scripts/flow/designs/nangate45/tinyRocket/fakeram45_1024x32.lib
read_liberty /OpenROAD-flow-scripts/flow/designs/nangate45/tinyRocket/fakeram45_64x32.lib
read_db /tmp/workspace/scripts-Private_test-fr_cugr_cmp-1-/results/nangate45/tinyRocket/base/2_2_floorplan_macro.odb
read_sdc /tmp/workspace/scripts-Private_test-fr_cugr_cmp-1-/results/nangate45/tinyRocket/base/2_1_floorplan.sdc
source ./platforms/nangate45/setRC.tcl
[INFO ODB-0303] The initial 212 rows (332840 sites) were cut with 2 shapes for a total of 304 rows (321064 sites).
[INFO TAP-0004] Inserted 608 endcaps.
[INFO TAP-0005] Inserted 191 tapcells.
Design area 53980 um^2 61% utilization.
write_db /tmp/workspace/scripts-Private_test-fr_cugr_cmp-1-/results/nangate45/tinyRocket/base/2_3_floorplan_tapcell.odb
Elapsed time: 0:00.28[h:]min:sec. CPU time: user 0.26 sys 0.02 (100%). Peak memory: 145232KB.
Log                       Ext     Elapsed/s Peak Memory/MB sha1sum result [0:20)
2_3_floorplan_tapcell     .odb            0            141 4e696f3c9976e5af50f1
/OpenROAD-flow-scripts/flow/scripts/flow.sh 2_4_floorplan_pdn pdn
Running pdn.tcl, stage 2_4_floorplan_pdn
read_liberty ./platforms/nangate45/lib/NangateOpenCellLibrary_typical.lib
read_liberty /OpenROAD-flow-scripts/flow/designs/nangate45/tinyRocket/fakeram45_1024x32.lib
read_liberty /OpenROAD-flow-scripts/flow/designs/nangate45/tinyRocket/fakeram45_64x32.lib
read_db /tmp/workspace/scripts-Private_test-fr_cugr_cmp-1-/results/nangate45/tinyRocket/base/2_3_floorplan_tapcell.odb
read_sdc /tmp/workspace/scripts-Private_test-fr_cugr_cmp-1-/results/nangate45/tinyRocket/base/2_1_floorplan.sdc
source ./platforms/nangate45/setRC.tcl
[WARNING PDN-1051] No instances found for grid (CORE_macro_grid_2).
[INFO PDN-0001] Inserting grid: grid
[INFO PDN-0001] Inserting grid: CORE_macro_grid_1 - dcache/data.data_arrays_0.data_arrays_0_ext.mem
[INFO PDN-0001] Inserting grid: CORE_macro_grid_1 - frontend/icache.data_arrays_0.data_arrays_0_0_ext.mem
[INFO PDN-0500] Runtime: 0.02s
Design area 53980 um^2 61% utilization.
write_db /tmp/workspace/scripts-Private_test-fr_cugr_cmp-1-/results/nangate45/tinyRocket/base/2_4_floorplan_pdn.odb
Elapsed time: 0:00.50[h:]min:sec. CPU time: user 0.47 sys 0.04 (100%). Peak memory: 178956KB.
Log                       Ext     Elapsed/s Peak Memory/MB sha1sum result [0:20)
2_4_floorplan_pdn         .odb            0            174 fd8dc6427950770616df
cp /tmp/workspace/scripts-Private_test-fr_cugr_cmp-1-/results/nangate45/tinyRocket/base/2_4_floorplan_pdn.odb /tmp/workspace/scripts-Private_test-fr_cugr_cmp-1-/results/nangate45/tinyRocket/base/2_floorplan.odb
cp /tmp/workspace/scripts-Private_test-fr_cugr_cmp-1-/results/nangate45/tinyRocket/base/2_1_floorplan.sdc /tmp/workspace/scripts-Private_test-fr_cugr_cmp-1-/results/nangate45/tinyRocket/base/2_floorplan.sdc
/OpenROAD-flow-scripts/flow/scripts/flow.sh 3_1_place_gp_skip_io global_place_skip_io
Running global_place_skip_io.tcl, stage 3_1_place_gp_skip_io
read_liberty ./platforms/nangate45/lib/NangateOpenCellLibrary_typical.lib
read_liberty /OpenROAD-flow-scripts/flow/designs/nangate45/tinyRocket/fakeram45_1024x32.lib
read_liberty /OpenROAD-flow-scripts/flow/designs/nangate45/tinyRocket/fakeram45_64x32.lib
read_db /tmp/workspace/scripts-Private_test-fr_cugr_cmp-1-/results/nangate45/tinyRocket/base/2_floorplan.odb
read_sdc /tmp/workspace/scripts-Private_test-fr_cugr_cmp-1-/results/nangate45/tinyRocket/base/2_floorplan.sdc
source ./platforms/nangate45/setRC.tcl
global_placement -skip_io -density 0.75 -pad_left 0 -pad_right 0
[INFO GPL-0001] ---- Initialize GPL Main Data Structures
[INFO GPL-0002] DBU: 2000
[INFO GPL-0003] SiteSize: (  0.190  1.400 ) um
[INFO GPL-0004] CoreBBox: (  2.090  2.800 ) ( 300.390 299.600 ) um
[INFO GPL-0016] Core area:                   88535.440 um^2
[INFO GPL-0036] Movable instances area:      51285.864 um^2
[INFO GPL-0037] Total instances area:        54059.978 um^2
[INFO GPL-0035] Pin density area adjust:      3783.427 um^2
[INFO GPL-0032] ---- Initialize Region: Top-level
[INFO GPL-0006] Number of instances:             28785
[INFO GPL-0007] Movable instances:               27712
[INFO GPL-0008] Fixed instances:                   801
[INFO GPL-0009] Dummy instances:                   272
[INFO GPL-0010] Number of nets:                  33644
[INFO GPL-0011] Number of pins:                 101812
[INFO GPL-0012] Die BBox:       (  0.000  0.000 ) ( 302.400 302.400 ) um
[INFO GPL-0013] Placement BBox: (  2.090  2.800 ) ( 300.390 299.600 ) um
[INFO GPL-0014] Region name: top-level.
[INFO GPL-0015] Region area:                 88535.440 um^2
[INFO GPL-0017] Fixed instances area:         5858.650 um^2
[INFO GPL-0018] Movable instances area:      55069.291 um^2
[INFO GPL-0019] Utilization:                    66.608 %
[INFO GPL-0020] Standard cells area:         55069.291 um^2
[INFO GPL-0021] Large instances area:            0.000 um^2
[INFO GPL-0005] ---- Execute Conjugate Gradient Initial Placement.
[INFO GPL-0051] Source of initial instance position counters:
	Odb location = 27712	Core center = 0	Region center = 0
[INFO GPL-0033] ---- Initialize Nesterov Region: Top-level
[INFO GPL-0023] Placement target density:       0.7500
[INFO GPL-0024] Movable insts average area:      1.987 um^2
[INFO GPL-0025] Ideal bin area:                  2.650 um^2
[INFO GPL-0026] Ideal bin count:                 33414
[INFO GPL-0027] Total bin area:              88535.440 um^2
[INFO GPL-0028] Bin count (X, Y):         128 ,    128
[INFO GPL-0029] Bin size (W * H):       2.330 *  2.319 um
[INFO GPL-0030] Number of bins:                  16384
[INFO GPL-0084] ---- Execute Nesterov Global Placement.
[INFO GPL-0031] HPWL: Half-Perimeter Wirelength
Iteration | Overflow |     HPWL (um) |  HPWL(%) |   Penalty | Group
---------------------------------------------------------------
        0 |   0.9741 |  3.445954e+05 |   +0.00% |  1.77e-14 |      
       10 |   0.9014 |  2.847200e+05 |  -17.38% |  2.85e-14 |      
       20 |   0.8822 |  2.154915e+05 |  -24.31% |  4.65e-14 |      
       30 |   0.8860 |  1.810001e+05 |  -16.01% |  7.57e-14 |      
       40 |   0.8992 |  1.561311e+05 |  -13.74% |  1.23e-13 |      
       50 |   0.9201 |  1.377600e+05 |  -11.77% |  2.01e-13 |      
       60 |   0.9361 |  1.255176e+05 |   -8.89% |  3.27e-13 |      
       70 |   0.9430 |  1.172311e+05 |   -6.60% |  5.33e-13 |      
       80 |   0.9489 |  1.138180e+05 |   -2.91% |  8.69e-13 |      
       90 |   0.9496 |  1.132797e+05 |   -0.47% |  1.41e-12 |      
      100 |   0.9497 |  1.157203e+05 |   +2.15% |  2.30e-12 |      
      110 |   0.9470 |  1.216754e+05 |   +5.15% |  3.75e-12 |      
      120 |   0.9396 |  1.293762e+05 |   +6.33% |  6.09e-12 |      
      130 |   0.9281 |  1.395978e+05 |   +7.90% |  9.90e-12 |      
      140 |   0.9127 |  1.529799e+05 |   +9.59% |  1.61e-11 |      
      150 |   0.8919 |  1.698867e+05 |  +11.05% |  2.61e-11 |      
      160 |   0.8646 |  1.897627e+05 |  +11.70% |  4.24e-11 |      
      170 |   0.8342 |  2.121203e+05 |  +11.78% |  6.86e-11 |      
      180 |   0.7998 |  2.391715e+05 |  +12.75% |  1.11e-10 |      
      190 |   0.7662 |  2.686562e+05 |  +12.33% |  1.80e-10 |      
      200 |   0.7334 |  2.883653e+05 |   +7.34% |  2.92e-10 |      
      210 |   0.6928 |  3.031070e+05 |   +5.11% |  4.74e-10 |      
      220 |   0.6571 |  3.185262e+05 |   +5.09% |  7.69e-10 |      
      230 |   0.6177 |  3.366370e+05 |   +5.69% |  1.25e-09 |      
      240 |   0.5753 |  3.413536e+05 |   +1.40% |  2.03e-09 |      
      250 |   0.5284 |  3.553566e+05 |   +4.10% |  3.30e-09 |      
      260 |   0.4815 |  3.599439e+05 |   +1.29% |  5.36e-09 |      
      270 |   0.4377 |  3.686707e+05 |   +2.42% |  8.72e-09 |      
      280 |   0.3933 |  3.712039e+05 |   +0.69% |  1.42e-08 |      
      290 |   0.3501 |  3.749350e+05 |   +1.01% |  2.31e-08 |      
      300 |   0.3104 |  3.768227e+05 |   +0.50% |  3.47e-08 |      
      310 |   0.2775 |  3.784085e+05 |   +0.42% |  5.11e-08 |      
      320 |   0.2432 |  3.797608e+05 |   +0.36% |  7.53e-08 |      
      330 |   0.2147 |  3.810319e+05 |   +0.33% |  1.11e-07 |      
      340 |   0.1880 |  3.820877e+05 |   +0.28% |  1.63e-07 |      
      350 |   0.1620 |  3.829086e+05 |   +0.21% |  2.41e-07 |      
      360 |   0.1403 |  3.837315e+05 |   +0.21% |  3.54e-07 |      
      370 |   0.1216 |  3.844238e+05 |   +0.18% |  5.22e-07 |      
      380 |   0.1035 |  3.850548e+05 |   +0.16% |  7.69e-07 |      
      383 |   0.0990 |  3.852207e+05 |          |  8.98e-07 |      
---------------------------------------------------------------
[INFO GPL-1001] Global placement finished at iteration 383
[INFO GPL-1002] Placed Cell Area            55069.2912
[INFO GPL-1003] Available Free Area         82676.7900
[INFO GPL-1004] Minimum Feasible Density        0.6700 (cell_area / free_area)
[INFO GPL-1006]   Suggested Target Densities:
[INFO GPL-1007]     - For 90% usage of free space: 0.7401
[INFO GPL-1008]     - For 80% usage of free space: 0.8326
[INFO GPL-1014] Final placement area: 55069.29 (+0.00%)
Design area 53980 um^2 61% utilization.
write_db /tmp/workspace/scripts-Private_test-fr_cugr_cmp-1-/results/nangate45/tinyRocket/base/3_1_place_gp_skip_io.odb
Elapsed time: 0:02.81[h:]min:sec. CPU time: user 79.48 sys 0.04 (2827%). Peak memory: 195896KB.
Log                       Ext     Elapsed/s Peak Memory/MB sha1sum result [0:20)
3_1_place_gp_skip_io      .odb            2            191 afae2f507b430702c8f3
/OpenROAD-flow-scripts/flow/scripts/flow.sh 3_2_place_iop io_placement
Running io_placement.tcl, stage 3_2_place_iop
read_liberty ./platforms/nangate45/lib/NangateOpenCellLibrary_typical.lib
read_liberty /OpenROAD-flow-scripts/flow/designs/nangate45/tinyRocket/fakeram45_1024x32.lib
read_liberty /OpenROAD-flow-scripts/flow/designs/nangate45/tinyRocket/fakeram45_64x32.lib
read_db /tmp/workspace/scripts-Private_test-fr_cugr_cmp-1-/results/nangate45/tinyRocket/base/3_1_place_gp_skip_io.odb
read_sdc /tmp/workspace/scripts-Private_test-fr_cugr_cmp-1-/results/nangate45/tinyRocket/base/2_floorplan.sdc
source ./platforms/nangate45/setRC.tcl
place_pins -hor_layers metal5 -ver_layers metal6
Found 2 macro blocks.
Using 2 tracks default min distance between IO pins.
[INFO PPL-0001] Number of available slots 2144
[INFO PPL-0002] Number of I/O             269
[INFO PPL-0003] Number of I/O w/sink      263
[INFO PPL-0004] Number of I/O w/o sink    6
[INFO PPL-0005] Slots per section         200
[INFO PPL-0008] Successfully assigned pins to sections.
[INFO PPL-0012] I/O nets HPWL: 10407.69 um.
Design area 53980 um^2 61% utilization.
write_db /tmp/workspace/scripts-Private_test-fr_cugr_cmp-1-/results/nangate45/tinyRocket/base/3_2_place_iop.odb
Elapsed time: 0:00.30[h:]min:sec. CPU time: user 0.29 sys 0.02 (100%). Peak memory: 162372KB.
Log                       Ext     Elapsed/s Peak Memory/MB sha1sum result [0:20)
3_2_place_iop             .odb            0            158 f7307c627aaaf5501e4f
/OpenROAD-flow-scripts/flow/scripts/flow.sh 3_3_place_gp global_place
Running global_place.tcl, stage 3_3_place_gp
read_liberty ./platforms/nangate45/lib/NangateOpenCellLibrary_typical.lib
read_liberty /OpenROAD-flow-scripts/flow/designs/nangate45/tinyRocket/fakeram45_1024x32.lib
read_liberty /OpenROAD-flow-scripts/flow/designs/nangate45/tinyRocket/fakeram45_64x32.lib
read_db /tmp/workspace/scripts-Private_test-fr_cugr_cmp-1-/results/nangate45/tinyRocket/base/3_2_place_iop.odb
read_sdc /tmp/workspace/scripts-Private_test-fr_cugr_cmp-1-/results/nangate45/tinyRocket/base/2_floorplan.sdc
source ./platforms/nangate45/setRC.tcl
[INFO RSZ-0026] Removed 2381 buffers.
Perform port buffering...
[INFO RSZ-0027] Inserted 130 BUF_X1 input buffers.
[INFO RSZ-0028] Inserted 124 BUF_X1 output buffers.
global_placement -density 0.75 -pad_left 0 -pad_right 0 -routability_driven -timing_driven -force_center_initial_place -min_phi_coef 0.95 -max_phi_coef 1.05
[INFO GPL-0001] ---- Initialize GPL Main Data Structures
[INFO GPL-0002] DBU: 2000
[INFO GPL-0003] SiteSize: (  0.190  1.400 ) um
[INFO GPL-0004] CoreBBox: (  2.090  2.800 ) ( 300.390 299.600 ) um
[INFO GPL-0016] Core area:                   88535.440 um^2
[INFO GPL-0036] Movable instances area:      49079.926 um^2
[INFO GPL-0037] Total instances area:        51854.040 um^2
[INFO GPL-0035] Pin density area adjust:      3771.906 um^2
[INFO GPL-0032] ---- Initialize Region: Top-level
[INFO GPL-0006] Number of instances:             26658
[INFO GPL-0007] Movable instances:               25585
[INFO GPL-0008] Fixed instances:                   801
[INFO GPL-0009] Dummy instances:                   272
[INFO GPL-0010] Number of nets:                  31517
[INFO GPL-0011] Number of pins:                  97827
[INFO GPL-0012] Die BBox:       (  0.000  0.000 ) ( 302.400 302.400 ) um
[INFO GPL-0013] Placement BBox: (  2.090  2.800 ) ( 300.390 299.600 ) um
[INFO GPL-0014] Region name: top-level.
[INFO GPL-0015] Region area:                 88535.440 um^2
[INFO GPL-0017] Fixed instances area:         5858.650 um^2
[INFO GPL-0018] Movable instances area:      52851.832 um^2
[INFO GPL-0019] Utilization:                    63.926 %
[INFO GPL-0020] Standard cells area:         52851.832 um^2
[INFO GPL-0021] Large instances area:            0.000 um^2
[INFO GPL-0005] ---- Execute Conjugate Gradient Initial Placement.
[INFO GPL-0051] Source of initial instance position counters:
	Odb location = 0	Core center = 25585	Region center = 0
[InitialPlace]  Iter: 1 conjugate gradient residual: 0.07684589 HPWL: 876654595
[InitialPlace]  Iter: 2 conjugate gradient residual: 0.00182233 HPWL: 376411700
[InitialPlace]  Iter: 3 conjugate gradient residual: 0.00034509 HPWL: 351534989
[InitialPlace]  Iter: 4 conjugate gradient residual: 0.00047755 HPWL: 343171778
[InitialPlace]  Iter: 5 conjugate gradient residual: 0.00022810 HPWL: 339049246
[InitialPlace]  Iter: 6 conjugate gradient residual: 0.00010889 HPWL: 336122492
[InitialPlace]  Iter: 7 conjugate gradient residual: 0.00013414 HPWL: 333303448
[InitialPlace]  Iter: 8 conjugate gradient residual: 0.00010346 HPWL: 331984828
[InitialPlace]  Iter: 9 conjugate gradient residual: 0.00009764 HPWL: 330540988
[InitialPlace]  Iter: 10 conjugate gradient residual: 0.00006398 HPWL: 330163751
[InitialPlace]  Iter: 11 conjugate gradient residual: 0.00006113 HPWL: 329224749
[InitialPlace]  Iter: 12 conjugate gradient residual: 0.00005163 HPWL: 328974859
[InitialPlace]  Iter: 13 conjugate gradient residual: 0.00004706 HPWL: 328156651
[InitialPlace]  Iter: 14 conjugate gradient residual: 0.00004349 HPWL: 328128108
[InitialPlace]  Iter: 15 conjugate gradient residual: 0.00003629 HPWL: 327396154
[InitialPlace]  Iter: 16 conjugate gradient residual: 0.00003221 HPWL: 327433789
[InitialPlace]  Iter: 17 conjugate gradient residual: 0.00003031 HPWL: 326835344
[InitialPlace]  Iter: 18 conjugate gradient residual: 0.00005961 HPWL: 326959396
[InitialPlace]  Iter: 19 conjugate gradient residual: 0.00003158 HPWL: 326377651
[InitialPlace]  Iter: 20 conjugate gradient residual: 0.00003306 HPWL: 326543261
[INFO GPL-0033] ---- Initialize Nesterov Region: Top-level
[INFO GPL-0023] Placement target density:       0.7500
[INFO GPL-0024] Movable insts average area:      2.066 um^2
[INFO GPL-0025] Ideal bin area:                  2.754 um^2
[INFO GPL-0026] Ideal bin count:                 32144
[INFO GPL-0027] Total bin area:              88535.440 um^2
[INFO GPL-0028] Bin count (X, Y):         128 ,    128
[INFO GPL-0029] Bin size (W * H):       2.330 *  2.319 um
[INFO GPL-0030] Number of bins:                  16384
[INFO GPL-0084] ---- Execute Nesterov Global Placement.
[INFO GPL-0031] HPWL: Half-Perimeter Wirelength
Iteration | Overflow |     HPWL (um) |  HPWL(%) |   Penalty | Group
---------------------------------------------------------------
        0 |   0.9790 |  6.408889e+04 |   +0.00% |  2.84e-16 |      
       10 |   0.9661 |  7.735519e+04 |  +20.70% |  4.61e-16 |      
       20 |   0.9611 |  8.028780e+04 |   +3.79% |  7.50e-16 |      
       30 |   0.9551 |  8.305577e+04 |   +3.45% |  1.22e-15 |      
       40 |   0.9528 |  8.502134e+04 |   +2.37% |  1.99e-15 |      
       50 |   0.9521 |  8.645189e+04 |   +1.68% |  3.24e-15 |      
       60 |   0.9507 |  8.731521e+04 |   +1.00% |  5.27e-15 |      
       70 |   0.9493 |  8.755550e+04 |   +0.28% |  8.59e-15 |      
       80 |   0.9483 |  8.718470e+04 |   -0.42% |  1.40e-14 |      
       90 |   0.9478 |  8.652316e+04 |   -0.76% |  2.28e-14 |      
      100 |   0.9471 |  8.604933e+04 |   -0.55% |  3.71e-14 |      
      110 |   0.9459 |  8.601067e+04 |   -0.04% |  6.04e-14 |      
      120 |   0.9451 |  8.639098e+04 |   +0.44% |  9.84e-14 |      
      130 |   0.9434 |  8.703687e+04 |   +0.75% |  1.60e-13 |      
      140 |   0.9428 |  8.799989e+04 |   +1.11% |  2.61e-13 |      
      150 |   0.9405 |  8.945655e+04 |   +1.66% |  4.25e-13 |      
      160 |   0.9388 |  9.171674e+04 |   +2.53% |  6.92e-13 |      
      170 |   0.9362 |  9.520634e+04 |   +3.80% |  1.13e-12 |      
      180 |   0.9317 |  1.003139e+05 |   +5.36% |  1.83e-12 |      
      190 |   0.9252 |  1.072852e+05 |   +6.95% |  2.98e-12 |      
      200 |   0.9154 |  1.165795e+05 |   +8.66% |  4.85e-12 |      
      210 |   0.9037 |  1.285581e+05 |  +10.28% |  7.88e-12 |      
      220 |   0.8882 |  1.437697e+05 |  +11.83% |  1.28e-11 |      
      230 |   0.8687 |  1.621068e+05 |  +12.75% |  2.07e-11 |      
      240 |   0.8452 |  1.826595e+05 |  +12.68% |  3.36e-11 |      
      250 |   0.8185 |  2.032211e+05 |  +11.26% |  5.46e-11 |      
      260 |   0.7871 |  2.255340e+05 |  +10.98% |  8.84e-11 |      
      270 |   0.7538 |  2.456632e+05 |   +8.93% |  1.43e-10 |      
      280 |   0.7191 |  2.593588e+05 |   +5.57% |  2.33e-10 |      
      290 |   0.6814 |  2.734267e+05 |   +5.42% |  3.78e-10 |      
      300 |   0.6452 |  2.833556e+05 |   +3.63% |  6.15e-10 |      
[INFO GPL-0100] Timing-driven iteration 1/2, virtual: false.
[INFO GPL-0101]    Iter: 304, overflow: 0.634, keep resizer changes at: 1, HPWL: 573337270
Iteration |   Area    | Resized | Buffers | Nets repaired | Remaining
---------------------------------------------------------------------
        0 |     +0.0% |       0 |       0 |             0 |     31517
    final |     +1.3% |     164 |     295 |           307 |         0
---------------------------------------------------------------------
[INFO RSZ-0034] Found 181 slew violations.
[INFO RSZ-0036] Found 212 capacitance violations.
[INFO RSZ-0039] Resized 164 instances.
[INFO RSZ-0038] Inserted 295 buffers in 307 nets.
   Iter   |    Area   | Removed | Inserted |   Pins
          |           | Buffers | Buffers  | Remaining
-------------------------------------------------------
        0 |     +0.0% |       0 |        0 |     31236
     3100 |     +0.8% |      15 |      238 |     28136
     6200 |     +1.0% |      20 |      384 |     25036
     9300 |     +1.4% |      35 |      625 |     21936
    12400 |     +1.8% |     143 |     1020 |     18836
    15500 |     +2.3% |     166 |     1381 |     15736
    18600 |     +2.4% |     180 |     1470 |     12636
    21700 |     +2.5% |     206 |     1577 |      9536
    24800 |     +2.6% |     250 |     1712 |      6436
    27900 |     +2.9% |     287 |     1952 |      3336
    31000 |     +2.9% |     288 |     1954 |       236
    final |     +2.9% |     295 |     1963 |         0
-------------------------------------------------------
[INFO GPL-0106] Timing-driven: worst slack -1.8438229e-10
[INFO GPL-0107] Timing-driven: repair_design delta area: 2200.125 um^2 (+4.16%)
[INFO GPL-0108] Timing-driven: repair_design, gpl delta gcells: 1963 (+7.67%)
[INFO GPL-0109] Timing-driven: repair_design, gcells created: 2258, deleted: 295
[INFO GPL-0110] Timing-driven: new target density: 0.77661115
Iteration | Overflow |     HPWL (um) |  HPWL(%) |   Penalty | Group
---------------------------------------------------------------
      310 |   0.6054 |  3.189841e+05 |  +12.57% |  9.93e-10 |      
[INFO GPL-0038] Routability snapshot saved at iter = 313
      312 |   0.5996 |  3.190829e+05 |          |           |      
      320 |   0.5790 |  3.183185e+05 |   -0.21% |  1.62e-09 |      
      330 |   0.5437 |  3.242473e+05 |   +1.86% |  2.63e-09 |      
      340 |   0.4947 |  3.380064e+05 |   +4.24% |  4.27e-09 |      
      350 |   0.4492 |  3.462076e+05 |   +2.43% |  6.95e-09 |      
      360 |   0.4049 |  3.541358e+05 |   +2.29% |  1.13e-08 |      
      370 |   0.3604 |  3.569242e+05 |   +0.79% |  1.84e-08 |      
      380 |   0.3257 |  3.577940e+05 |   +0.24% |  2.82e-08 |      
[INFO GPL-0040] Routability iteration: 1
[WARNING GRT-0281] Net clock has a large fanout of 3916 terminals.
[INFO GPL-0041] Total routing overflow: 36.4513
[INFO GPL-0042] Number of overflowed tiles: 305 (2.71%)
[INFO GPL-0043] Average top 0.5% routing congestion: 1.2769
[INFO GPL-0044] Average top 1.0% routing congestion: 1.2220
[INFO GPL-0045] Average top 2.0% routing congestion: 1.1547
[INFO GPL-0046] Average top 5.0% routing congestion: 1.0430
[INFO GPL-0047] Routability iteration weighted routing congestion: 1.2494
[INFO GPL-0048] Routing congestion (1.2494) lower than previous minimum (1e+30). Updating minimum.
[INFO GPL-0086] Inflated area:                 942.015 um^2 (+1.71%)
[INFO GPL-0052] Placement target density:       0.7766
[INFO GPL-0076] Removing fillers, count: Before: 4382, After: 3932 (-10.27%)
[INFO GPL-0077] Filler area (um^2)     : Before: 9155.763, After: 8215.469 (-10.27%)
[INFO GPL-0078] Removed fillers count: 450, area removed: 940.224 um^2. Remaining area to be compensated by modifying density: 1.791 um^2
[INFO GPL-0058] White space area:            82676.790 um^2 (+0.00%)
[INFO GPL-0059] Movable instances area:      64207.720 um^2 (+0.00%)
[INFO GPL-0060] Total filler area:            8215.469 um^2 (-10.27%)
[INFO GPL-0061] Total non-inflated area:     64209.441 um^2 (+0.00%)
[INFO GPL-0062] Total inflated area:         65151.455 um^2 (+0.00%)
[INFO GPL-0063] New Target Density:             0.7766
[INFO GPL-0087] Routability end iteration: increase inflation and revert back to snapshot.
Iteration | Overflow |     HPWL (um) |  HPWL(%) |   Penalty | Group
---------------------------------------------------------------
      390 |   0.5975 |  3.179809e+05 |  -11.13% |  1.24e-09 |      
      400 |   0.5693 |  3.222449e+05 |   +1.34% |  1.83e-09 |      
      410 |   0.5357 |  3.313787e+05 |   +2.83% |  2.69e-09 |      
      420 |   0.5001 |  3.412645e+05 |   +2.98% |  3.96e-09 |      
      430 |   0.4637 |  3.463469e+05 |   +1.49% |  5.82e-09 |      
      440 |   0.4284 |  3.518424e+05 |   +1.59% |  8.57e-09 |      
      450 |   0.3916 |  3.545350e+05 |   +0.77% |  1.26e-08 |      
      460 |   0.3608 |  3.565821e+05 |   +0.58% |  1.86e-08 |      
      470 |   0.3281 |  3.608063e+05 |   +1.18% |  2.73e-08 |      
[INFO GPL-0040] Routability iteration: 2
[INFO GPL-0041] Total routing overflow: 26.7334
[INFO GPL-0042] Number of overflowed tiles: 310 (2.76%)
[INFO GPL-0043] Average top 0.5% routing congestion: 1.1747
[INFO GPL-0044] Average top 1.0% routing congestion: 1.1480
[INFO GPL-0045] Average top 2.0% routing congestion: 1.1102
[INFO GPL-0046] Average top 5.0% routing congestion: 1.0286
[INFO GPL-0047] Routability iteration weighted routing congestion: 1.1614
[INFO GPL-0048] Routing congestion (1.1614) lower than previous minimum (1.249). Updating minimum.
[INFO GPL-0086] Inflated area:                 554.970 um^2 (+0.99%)
[INFO GPL-0052] Placement target density:       0.7766
[INFO GPL-0076] Removing fillers, count: Before: 3932, After: 3667 (-6.74%)
[INFO GPL-0077] Filler area (um^2)     : Before: 8215.469, After: 7661.781 (-6.74%)
[INFO GPL-0078] Removed fillers count: 265, area removed: 553.687 um^2. Remaining area to be compensated by modifying density: 1.282 um^2
[INFO GPL-0058] White space area:            82676.790 um^2 (+0.00%)
[INFO GPL-0059] Movable instances area:      64207.720 um^2 (+0.00%)
[INFO GPL-0060] Total filler area:            7661.781 um^2 (-6.74%)
[INFO GPL-0061] Total non-inflated area:     64210.723 um^2 (+0.00%)
[INFO GPL-0062] Total inflated area:         64765.692 um^2 (+0.00%)
[INFO GPL-0063] New Target Density:             0.7766
[INFO GPL-0087] Routability end iteration: increase inflation and revert back to snapshot.
Iteration | Overflow |     HPWL (um) |  HPWL(%) |   Penalty | Group
---------------------------------------------------------------
      480 |   0.6067 |  3.193957e+05 |  -11.48% |  1.15e-09 |      
      490 |   0.5763 |  3.234364e+05 |   +1.27% |  1.69e-09 |      
      500 |   0.5416 |  3.319597e+05 |   +2.64% |  2.49e-09 |      
      510 |   0.5070 |  3.428785e+05 |   +3.29% |  3.66e-09 |      
      520 |   0.4713 |  3.491539e+05 |   +1.83% |  5.38e-09 |      
      530 |   0.4367 |  3.537645e+05 |   +1.32% |  7.93e-09 |      
      540 |   0.3975 |  3.581142e+05 |   +1.23% |  1.17e-08 |      
      550 |   0.3676 |  3.597378e+05 |   +0.45% |  1.72e-08 |      
      560 |   0.3328 |  3.639856e+05 |   +1.18% |  2.53e-08 |      
      570 |   0.3034 |  3.662787e+05 |   +0.63% |  3.72e-08 |      
[INFO GPL-0040] Routability iteration: 3
[INFO GPL-0041] Total routing overflow: 18.6968
[INFO GPL-0042] Number of overflowed tiles: 292 (2.60%)
[INFO GPL-0043] Average top 0.5% routing congestion: 1.1416
[INFO GPL-0044] Average top 1.0% routing congestion: 1.1139
[INFO GPL-0045] Average top 2.0% routing congestion: 1.0796
[INFO GPL-0046] Average top 5.0% routing congestion: 1.0132
[INFO GPL-0047] Routability iteration weighted routing congestion: 1.1278
[INFO GPL-0048] Routing congestion (1.1278) lower than previous minimum (1.161). Updating minimum.
[INFO GPL-0086] Inflated area:                 381.303 um^2 (+0.67%)
[INFO GPL-0052] Placement target density:       0.7766
[INFO GPL-0076] Removing fillers, count: Before: 3667, After: 3485 (-4.96%)
[INFO GPL-0077] Filler area (um^2)     : Before: 7661.781, After: 7281.513 (-4.96%)
[INFO GPL-0078] Removed fillers count: 182, area removed: 380.268 um^2. Remaining area to be compensated by modifying density: 1.035 um^2
[INFO GPL-0058] White space area:            82676.790 um^2 (+0.00%)
[INFO GPL-0059] Movable instances area:      64207.720 um^2 (+0.00%)
[INFO GPL-0060] Total filler area:            7281.513 um^2 (-4.96%)
[INFO GPL-0061] Total non-inflated area:     64211.758 um^2 (+0.00%)
[INFO GPL-0062] Total inflated area:         64593.061 um^2 (+0.00%)
[INFO GPL-0063] New Target Density:             0.7766
[INFO GPL-0087] Routability end iteration: increase inflation and revert back to snapshot.
Iteration | Overflow |     HPWL (um) |  HPWL(%) |   Penalty | Group
---------------------------------------------------------------
      580 |   0.5827 |  3.236568e+05 |  -11.64% |  1.57e-09 |      
      590 |   0.5484 |  3.316498e+05 |   +2.47% |  2.30e-09 |      
      600 |   0.5143 |  3.433768e+05 |   +3.54% |  3.39e-09 |      
      610 |   0.4795 |  3.506805e+05 |   +2.13% |  4.98e-09 |      
      620 |   0.4436 |  3.549897e+05 |   +1.23% |  7.33e-09 |      
      630 |   0.4047 |  3.600835e+05 |   +1.43% |  1.08e-08 |      
      640 |   0.3763 |  3.615813e+05 |   +0.42% |  1.59e-08 |      
      650 |   0.3377 |  3.662412e+05 |   +1.29% |  2.34e-08 |      
      660 |   0.3100 |  3.686740e+05 |   +0.66% |  3.44e-08 |      
[INFO GPL-0040] Routability iteration: 4
[INFO GPL-0041] Total routing overflow: 14.0211
[INFO GPL-0042] Number of overflowed tiles: 285 (2.54%)
[INFO GPL-0043] Average top 0.5% routing congestion: 1.1189
[INFO GPL-0044] Average top 1.0% routing congestion: 1.0916
[INFO GPL-0045] Average top 2.0% routing congestion: 1.0608
[INFO GPL-0046] Average top 5.0% routing congestion: 1.0063
[INFO GPL-0047] Routability iteration weighted routing congestion: 1.1052
[INFO GPL-0048] Routing congestion (1.1052) lower than previous minimum (1.128). Updating minimum.
[INFO GPL-0086] Inflated area:                 269.462 um^2 (+0.47%)
[INFO GPL-0052] Placement target density:       0.7766
[INFO GPL-0076] Removing fillers, count: Before: 3485, After: 3357 (-3.67%)
[INFO GPL-0077] Filler area (um^2)     : Before: 7281.513, After: 7014.071 (-3.67%)
[INFO GPL-0078] Removed fillers count: 128, area removed: 267.442 um^2. Remaining area to be compensated by modifying density: 2.021 um^2
[INFO GPL-0058] White space area:            82676.790 um^2 (+0.00%)
[INFO GPL-0059] Movable instances area:      64207.720 um^2 (+0.00%)
[INFO GPL-0060] Total filler area:            7014.071 um^2 (-3.67%)
[INFO GPL-0061] Total non-inflated area:     64213.778 um^2 (+0.00%)
[INFO GPL-0062] Total inflated area:         64483.240 um^2 (+0.00%)
[INFO GPL-0063] New Target Density:             0.7766
[INFO GPL-0087] Routability end iteration: increase inflation and revert back to snapshot.
Iteration | Overflow |     HPWL (um) |  HPWL(%) |   Penalty | Group
---------------------------------------------------------------
      670 |   0.5897 |  3.228015e+05 |  -12.44% |  1.45e-09 |      
      680 |   0.5555 |  3.309711e+05 |   +2.53% |  2.13e-09 |      
      690 |   0.5213 |  3.427489e+05 |   +3.56% |  3.13e-09 |      
      700 |   0.4873 |  3.513216e+05 |   +2.50% |  4.61e-09 |      
      710 |   0.4515 |  3.557999e+05 |   +1.27% |  6.78e-09 |      
      720 |   0.4132 |  3.611212e+05 |   +1.50% |  9.99e-09 |      
      730 |   0.3801 |  3.629125e+05 |   +0.50% |  1.47e-08 |      
      740 |   0.3440 |  3.673998e+05 |   +1.24% |  2.16e-08 |      
      750 |   0.3172 |  3.703088e+05 |   +0.79% |  3.19e-08 |      
[INFO GPL-0040] Routability iteration: 5
[INFO GPL-0041] Total routing overflow: 11.2253
[INFO GPL-0042] Number of overflowed tiles: 247 (2.20%)
[INFO GPL-0043] Average top 0.5% routing congestion: 1.1041
[INFO GPL-0044] Average top 1.0% routing congestion: 1.0779
[INFO GPL-0045] Average top 2.0% routing congestion: 1.0496
[INFO GPL-0046] Average top 5.0% routing congestion: 0.9985
[INFO GPL-0047] Routability iteration weighted routing congestion: 1.0910
[INFO GPL-0048] Routing congestion (1.0910) lower than previous minimum (1.105). Updating minimum.
[INFO GPL-0086] Inflated area:                 210.761 um^2 (+0.37%)
[INFO GPL-0052] Placement target density:       0.7766
[INFO GPL-0076] Removing fillers, count: Before: 3357, After: 3257 (-2.98%)
[INFO GPL-0077] Filler area (um^2)     : Before: 7014.071, After: 6805.133 (-2.98%)
[INFO GPL-0078] Removed fillers count: 100, area removed: 208.939 um^2. Remaining area to be compensated by modifying density: 1.823 um^2
[INFO GPL-0058] White space area:            82676.790 um^2 (+0.00%)
[INFO GPL-0059] Movable instances area:      64207.720 um^2 (+0.00%)
[INFO GPL-0060] Total filler area:            6805.133 um^2 (-2.98%)
[INFO GPL-0061] Total non-inflated area:     64215.601 um^2 (+0.00%)
[INFO GPL-0062] Total inflated area:         64426.362 um^2 (+0.00%)
[INFO GPL-0063] New Target Density:             0.7766
[INFO GPL-0087] Routability end iteration: increase inflation and revert back to snapshot.
Iteration | Overflow |     HPWL (um) |  HPWL(%) |   Penalty | Group
---------------------------------------------------------------
      760 |   0.5983 |  3.210574e+05 |  -13.30% |  1.34e-09 |      
      770 |   0.5623 |  3.301461e+05 |   +2.83% |  1.97e-09 |      
      780 |   0.5272 |  3.415532e+05 |   +3.46% |  2.90e-09 |      
      790 |   0.4933 |  3.513619e+05 |   +2.87% |  4.27e-09 |      
      800 |   0.4584 |  3.565146e+05 |   +1.47% |  6.28e-09 |      
      810 |   0.4215 |  3.615825e+05 |   +1.42% |  9.24e-09 |      
      820 |   0.3862 |  3.637632e+05 |   +0.60% |  1.36e-08 |      
      830 |   0.3521 |  3.680422e+05 |   +1.18% |  2.00e-08 |      
      840 |   0.3237 |  3.713784e+05 |   +0.91% |  2.95e-08 |      
[INFO GPL-0040] Routability iteration: 6
[INFO GPL-0041] Total routing overflow: 9.3433
[INFO GPL-0042] Number of overflowed tiles: 226 (2.01%)
[INFO GPL-0043] Average top 0.5% routing congestion: 1.0963
[INFO GPL-0044] Average top 1.0% routing congestion: 1.0695
[INFO GPL-0045] Average top 2.0% routing congestion: 1.0415
[INFO GPL-0046] Average top 5.0% routing congestion: 0.9922
[INFO GPL-0047] Routability iteration weighted routing congestion: 1.0829
[INFO GPL-0048] Routing congestion (1.0829) lower than previous minimum (1.091). Updating minimum.
[INFO GPL-0086] Inflated area:                 162.990 um^2 (+0.28%)
[INFO GPL-0052] Placement target density:       0.7766
[INFO GPL-0076] Removing fillers, count: Before: 3257, After: 3179 (-2.39%)
[INFO GPL-0077] Filler area (um^2)     : Before: 6805.133, After: 6642.160 (-2.39%)
[INFO GPL-0078] Removed fillers count: 78, area removed: 162.972 um^2. Remaining area to be compensated by modifying density: 0.018 um^2
[INFO GPL-0058] White space area:            82676.790 um^2 (+0.00%)
[INFO GPL-0059] Movable instances area:      64207.720 um^2 (+0.00%)
[INFO GPL-0060] Total filler area:            6642.160 um^2 (-2.39%)
[INFO GPL-0061] Total non-inflated area:     64215.619 um^2 (+0.00%)
[INFO GPL-0062] Total inflated area:         64378.609 um^2 (+0.00%)
[INFO GPL-0063] New Target Density:             0.7766
[INFO GPL-0087] Routability end iteration: increase inflation and revert back to snapshot.
Iteration | Overflow |     HPWL (um) |  HPWL(%) |   Penalty | Group
---------------------------------------------------------------
      850 |   0.6078 |  3.173416e+05 |  -14.55% |  1.24e-09 |      
      860 |   0.5689 |  3.291744e+05 |   +3.73% |  1.83e-09 |      
      870 |   0.5324 |  3.400553e+05 |   +3.31% |  2.69e-09 |      
      880 |   0.4993 |  3.508483e+05 |   +3.17% |  3.95e-09 |      
      890 |   0.4658 |  3.568003e+05 |   +1.70% |  5.81e-09 |      
      900 |   0.4298 |  3.615031e+05 |   +1.32% |  8.55e-09 |      
      910 |   0.3925 |  3.642723e+05 |   +0.77% |  1.26e-08 |      
      920 |   0.3619 |  3.681555e+05 |   +1.07% |  1.85e-08 |      
      930 |   0.3257 |  3.721534e+05 |   +1.09% |  2.73e-08 |      
[INFO GPL-0040] Routability iteration: 7
[INFO GPL-0041] Total routing overflow: 8.1487
[INFO GPL-0042] Number of overflowed tiles: 206 (1.83%)
[INFO GPL-0043] Average top 0.5% routing congestion: 1.0905
[INFO GPL-0044] Average top 1.0% routing congestion: 1.0629
[INFO GPL-0045] Average top 2.0% routing congestion: 1.0359
[INFO GPL-0046] Average top 5.0% routing congestion: 0.9885
[INFO GPL-0047] Routability iteration weighted routing congestion: 1.0767
[INFO GPL-0048] Routing congestion (1.0767) lower than previous minimum (1.083). Updating minimum.
[INFO GPL-0086] Inflated area:                 143.141 um^2 (+0.25%)
[INFO GPL-0052] Placement target density:       0.7766
[INFO GPL-0076] Removing fillers, count: Before: 3179, After: 3111 (-2.14%)
[INFO GPL-0077] Filler area (um^2)     : Before: 6642.160, After: 6500.082 (-2.14%)
[INFO GPL-0078] Removed fillers count: 68, area removed: 142.078 um^2. Remaining area to be compensated by modifying density: 1.063 um^2
[INFO GPL-0058] White space area:            82676.790 um^2 (+0.00%)
[INFO GPL-0059] Movable instances area:      64207.720 um^2 (+0.00%)
[INFO GPL-0060] Total filler area:            6500.082 um^2 (-2.14%)
[INFO GPL-0061] Total non-inflated area:     64216.682 um^2 (+0.00%)
[INFO GPL-0062] Total inflated area:         64359.823 um^2 (+0.00%)
[INFO GPL-0063] New Target Density:             0.7766
[INFO GPL-0087] Routability end iteration: increase inflation and revert back to snapshot.
Iteration | Overflow |     HPWL (um) |  HPWL(%) |   Penalty | Group
---------------------------------------------------------------
      940 |   0.6155 |  3.160008e+05 |  -15.09% |  1.15e-09 |      
      950 |   0.5766 |  3.280696e+05 |   +3.82% |  1.69e-09 |      
      960 |   0.5397 |  3.382254e+05 |   +3.10% |  2.49e-09 |      
      970 |   0.5066 |  3.499347e+05 |   +3.46% |  3.65e-09 |      
      980 |   0.4729 |  3.568259e+05 |   +1.97% |  5.38e-09 |      
      990 |   0.4383 |  3.612266e+05 |   +1.23% |  7.91e-09 |      
     1000 |   0.3985 |  3.647473e+05 |   +0.97% |  1.17e-08 |      
     1010 |   0.3702 |  3.678485e+05 |   +0.85% |  1.72e-08 |      
     1020 |   0.3315 |  3.726172e+05 |   +1.30% |  2.52e-08 |      
     1030 |   0.3033 |  3.742242e+05 |   +0.43% |  3.72e-08 |      
[INFO GPL-0040] Routability iteration: 8
[INFO GPL-0041] Total routing overflow: 8.0467
[INFO GPL-0042] Number of overflowed tiles: 199 (1.77%)
[INFO GPL-0043] Average top 0.5% routing congestion: 1.0885
[INFO GPL-0044] Average top 1.0% routing congestion: 1.0621
[INFO GPL-0045] Average top 2.0% routing congestion: 1.0354
[INFO GPL-0046] Average top 5.0% routing congestion: 0.9868
[INFO GPL-0047] Routability iteration weighted routing congestion: 1.0753
[INFO GPL-0048] Routing congestion (1.0753) lower than previous minimum (1.077). Updating minimum.
[INFO GPL-0086] Inflated area:                 128.839 um^2 (+0.22%)
[INFO GPL-0052] Placement target density:       0.7766
[INFO GPL-0076] Removing fillers, count: Before: 3111, After: 3050 (-1.96%)
[INFO GPL-0077] Filler area (um^2)     : Before: 6500.082, After: 6372.630 (-1.96%)
[INFO GPL-0078] Removed fillers count: 61, area removed: 127.453 um^2. Remaining area to be compensated by modifying density: 1.387 um^2
[INFO GPL-0058] White space area:            82676.790 um^2 (+0.00%)
[INFO GPL-0059] Movable instances area:      64207.720 um^2 (+0.00%)
[INFO GPL-0060] Total filler area:            6372.630 um^2 (-1.96%)
[INFO GPL-0061] Total non-inflated area:     64218.069 um^2 (+0.00%)
[INFO GPL-0062] Total inflated area:         64346.908 um^2 (+0.00%)
[INFO GPL-0063] New Target Density:             0.7766
[INFO GPL-0087] Routability end iteration: increase inflation and revert back to snapshot.
Iteration | Overflow |     HPWL (um) |  HPWL(%) |   Penalty | Group
---------------------------------------------------------------
     1040 |   0.5842 |  3.267005e+05 |  -12.70% |  1.56e-09 |      
     1050 |   0.5465 |  3.363361e+05 |   +2.95% |  2.30e-09 |      
     1060 |   0.5138 |  3.486479e+05 |   +3.66% |  3.38e-09 |      
     1070 |   0.4805 |  3.565440e+05 |   +2.26% |  4.98e-09 |      
     1080 |   0.4451 |  3.609160e+05 |   +1.23% |  7.32e-09 |      
     1090 |   0.4058 |  3.651895e+05 |   +1.18% |  1.08e-08 |      
     1100 |   0.3764 |  3.674089e+05 |   +0.61% |  1.59e-08 |      
     1110 |   0.3372 |  3.729909e+05 |   +1.52% |  2.34e-08 |      
     1120 |   0.3115 |  3.747717e+05 |   +0.48% |  3.44e-08 |      
[INFO GPL-0040] Routability iteration: 9
[INFO GPL-0041] Total routing overflow: 6.5811
[INFO GPL-0042] Number of overflowed tiles: 177 (1.58%)
[INFO GPL-0043] Average top 0.5% routing congestion: 1.0781
[INFO GPL-0044] Average top 1.0% routing congestion: 1.0532
[INFO GPL-0045] Average top 2.0% routing congestion: 1.0278
[INFO GPL-0046] Average top 5.0% routing congestion: 0.9812
[INFO GPL-0047] Routability iteration weighted routing congestion: 1.0656
[INFO GPL-0048] Routing congestion (1.0656) lower than previous minimum (1.075). Updating minimum.
[INFO GPL-0086] Inflated area:                  99.847 um^2 (+0.17%)
[INFO GPL-0052] Placement target density:       0.7766
[INFO GPL-0076] Removing fillers, count: Before: 3050, After: 3003 (-1.54%)
[INFO GPL-0077] Filler area (um^2)     : Before: 6372.630, After: 6274.428 (-1.54%)
[INFO GPL-0078] Removed fillers count: 47, area removed: 98.201 um^2. Remaining area to be compensated by modifying density: 1.645 um^2
[INFO GPL-0058] White space area:            82676.790 um^2 (+0.00%)
[INFO GPL-0059] Movable instances area:      64207.720 um^2 (+0.00%)
[INFO GPL-0060] Total filler area:            6274.428 um^2 (-1.54%)
[INFO GPL-0061] Total non-inflated area:     64219.714 um^2 (+0.00%)
[INFO GPL-0062] Total inflated area:         64319.561 um^2 (+0.00%)
[INFO GPL-0063] New Target Density:             0.7766
[INFO GPL-0087] Routability end iteration: increase inflation and revert back to snapshot.
Iteration | Overflow |     HPWL (um) |  HPWL(%) |   Penalty | Group
---------------------------------------------------------------
     1130 |   0.5966 |  3.228867e+05 |  -13.84% |  1.39e-09 |      
     1140 |   0.5577 |  3.333554e+05 |   +3.24% |  2.05e-09 |      
     1150 |   0.5238 |  3.454263e+05 |   +3.62% |  3.01e-09 |      
     1160 |   0.4909 |  3.552562e+05 |   +2.85% |  4.43e-09 |      
     1170 |   0.4569 |  3.602562e+05 |   +1.41% |  6.52e-09 |      
     1180 |   0.4184 |  3.650507e+05 |   +1.33% |  9.60e-09 |      
     1190 |   0.3832 |  3.669954e+05 |   +0.53% |  1.41e-08 |      
     1200 |   0.3495 |  3.723069e+05 |   +1.45% |  2.08e-08 |      
     1210 |   0.3188 |  3.752431e+05 |   +0.79% |  3.06e-08 |      
[INFO GPL-0040] Routability iteration: 10
[INFO GPL-0041] Total routing overflow: 5.7586
[INFO GPL-0042] Number of overflowed tiles: 161 (1.43%)
[INFO GPL-0043] Average top 0.5% routing congestion: 1.0733
[INFO GPL-0044] Average top 1.0% routing congestion: 1.0480
[INFO GPL-0045] Average top 2.0% routing congestion: 1.0233
[INFO GPL-0046] Average top 5.0% routing congestion: 0.9776
[INFO GPL-0047] Routability iteration weighted routing congestion: 1.0607
[INFO GPL-0048] Routing congestion (1.0607) lower than previous minimum (1.066). Updating minimum.
[INFO GPL-0086] Inflated area:                  79.115 um^2 (+0.14%)
[INFO GPL-0052] Placement target density:       0.7766
[INFO GPL-0076] Removing fillers, count: Before: 3003, After: 2966 (-1.23%)
[INFO GPL-0077] Filler area (um^2)     : Before: 6274.428, After: 6197.121 (-1.23%)
[INFO GPL-0078] Removed fillers count: 37, area removed: 77.307 um^2. Remaining area to be compensated by modifying density: 1.808 um^2
[INFO GPL-0058] White space area:            82676.790 um^2 (+0.00%)
[INFO GPL-0059] Movable instances area:      64207.720 um^2 (+0.00%)
[INFO GPL-0060] Total filler area:            6197.121 um^2 (-1.23%)
[INFO GPL-0061] Total non-inflated area:     64221.522 um^2 (+0.00%)
[INFO GPL-0062] Total inflated area:         64300.637 um^2 (+0.00%)
[INFO GPL-0063] New Target Density:             0.7766
[INFO GPL-0087] Routability end iteration: increase inflation and revert back to snapshot.
Iteration | Overflow |     HPWL (um) |  HPWL(%) |   Penalty | Group
---------------------------------------------------------------
     1220 |   0.6107 |  3.170289e+05 |  -15.51% |  1.24e-09 |      
     1230 |   0.5685 |  3.311765e+05 |   +4.46% |  1.83e-09 |      
     1240 |   0.5316 |  3.425245e+05 |   +3.43% |  2.68e-09 |      
     1250 |   0.5000 |  3.536390e+05 |   +3.24% |  3.95e-09 |      
     1260 |   0.4659 |  3.598533e+05 |   +1.76% |  5.81e-09 |      
     1270 |   0.4303 |  3.642361e+05 |   +1.22% |  8.55e-09 |      
     1280 |   0.3931 |  3.669444e+05 |   +0.74% |  1.26e-08 |      
     1290 |   0.3625 |  3.709942e+05 |   +1.10% |  1.85e-08 |      
     1300 |   0.3280 |  3.755065e+05 |   +1.22% |  2.73e-08 |      
[INFO GPL-0040] Routability iteration: 11
[INFO GPL-0041] Total routing overflow: 5.9671
[INFO GPL-0042] Number of overflowed tiles: 156 (1.39%)
[INFO GPL-0043] Average top 0.5% routing congestion: 1.0762
[INFO GPL-0044] Average top 1.0% routing congestion: 1.0501
[INFO GPL-0045] Average top 2.0% routing congestion: 1.0242
[INFO GPL-0046] Average top 5.0% routing congestion: 0.9793
[INFO GPL-0047] Routability iteration weighted routing congestion: 1.0631
[INFO GPL-0049] Routing congestion (1.0631) higher than minimum (1.0607). Consecutive non-improvement count: 1.
[INFO GPL-0086] Inflated area:                  84.828 um^2 (+0.15%)
[INFO GPL-0052] Placement target density:       0.7766
[INFO GPL-0076] Removing fillers, count: Before: 2966, After: 2926 (-1.35%)
[INFO GPL-0077] Filler area (um^2)     : Before: 6197.121, After: 6113.546 (-1.35%)
[INFO GPL-0078] Removed fillers count: 40, area removed: 83.575 um^2. Remaining area to be compensated by modifying density: 1.253 um^2
[INFO GPL-0058] White space area:            82676.790 um^2 (+0.00%)
[INFO GPL-0059] Movable instances area:      64207.720 um^2 (+0.00%)
[INFO GPL-0060] Total filler area:            6113.546 um^2 (-1.35%)
[INFO GPL-0061] Total non-inflated area:     64222.774 um^2 (+0.00%)
[INFO GPL-0062] Total inflated area:         64307.602 um^2 (+0.00%)
[INFO GPL-0063] New Target Density:             0.7766
[INFO GPL-0087] Routability end iteration: increase inflation and revert back to snapshot.
Iteration | Overflow |     HPWL (um) |  HPWL(%) |   Penalty | Group
---------------------------------------------------------------
     1310 |   0.6182 |  3.156698e+05 |  -15.93% |  1.15e-09 |      
     1320 |   0.5768 |  3.296407e+05 |   +4.43% |  1.69e-09 |      
     1330 |   0.5390 |  3.403399e+05 |   +3.25% |  2.48e-09 |      
     1340 |   0.5064 |  3.522920e+05 |   +3.51% |  3.65e-09 |      
     1350 |   0.4732 |  3.595365e+05 |   +2.06% |  5.37e-09 |      
     1360 |   0.4384 |  3.636593e+05 |   +1.15% |  7.91e-09 |      
     1370 |   0.3997 |  3.670627e+05 |   +0.94% |  1.16e-08 |      
     1380 |   0.3710 |  3.702845e+05 |   +0.88% |  1.71e-08 |      
     1390 |   0.3334 |  3.755675e+05 |   +1.43% |  2.52e-08 |      
     1400 |   0.3048 |  3.768245e+05 |   +0.33% |  3.72e-08 |      
[INFO GPL-0040] Routability iteration: 12
[INFO GPL-0041] Total routing overflow: 5.0249
[INFO GPL-0042] Number of overflowed tiles: 147 (1.31%)
[INFO GPL-0043] Average top 0.5% routing congestion: 1.0682
[INFO GPL-0044] Average top 1.0% routing congestion: 1.0433
[INFO GPL-0045] Average top 2.0% routing congestion: 1.0194
[INFO GPL-0046] Average top 5.0% routing congestion: 0.9763
[INFO GPL-0047] Routability iteration weighted routing congestion: 1.0558
[INFO GPL-0048] Routing congestion (1.0558) lower than previous minimum (1.061). Updating minimum.
[INFO GPL-0086] Inflated area:                  53.827 um^2 (+0.09%)
[INFO GPL-0052] Placement target density:       0.7766
[INFO GPL-0076] Removing fillers, count: Before: 2926, After: 2901 (-0.85%)
[INFO GPL-0077] Filler area (um^2)     : Before: 6113.546, After: 6061.311 (-0.85%)
[INFO GPL-0078] Removed fillers count: 25, area removed: 52.235 um^2. Remaining area to be compensated by modifying density: 1.593 um^2
[INFO GPL-0058] White space area:            82676.790 um^2 (+0.00%)
[INFO GPL-0059] Movable instances area:      64207.720 um^2 (+0.00%)
[INFO GPL-0060] Total filler area:            6061.311 um^2 (-0.85%)
[INFO GPL-0061] Total non-inflated area:     64224.367 um^2 (+0.00%)
[INFO GPL-0062] Total inflated area:         64278.194 um^2 (+0.00%)
[INFO GPL-0063] New Target Density:             0.7766
[INFO GPL-0087] Routability end iteration: increase inflation and revert back to snapshot.
Iteration | Overflow |     HPWL (um) |  HPWL(%) |   Penalty | Group
---------------------------------------------------------------
     1410 |   0.5888 |  3.262196e+05 |  -13.43% |  1.51e-09 |      
     1420 |   0.5502 |  3.365941e+05 |   +3.18% |  2.21e-09 |      
     1430 |   0.5174 |  3.491983e+05 |   +3.74% |  3.25e-09 |      
     1440 |   0.4851 |  3.580562e+05 |   +2.54% |  4.78e-09 |      
     1450 |   0.4497 |  3.624968e+05 |   +1.24% |  7.04e-09 |      
     1460 |   0.4103 |  3.669315e+05 |   +1.22% |  1.04e-08 |      
     1470 |   0.3803 |  3.690093e+05 |   +0.57% |  1.53e-08 |      
     1480 |   0.3423 |  3.747459e+05 |   +1.55% |  2.25e-08 |      
     1490 |   0.3139 |  3.768344e+05 |   +0.56% |  3.31e-08 |      
[INFO GPL-0040] Routability iteration: 13
[INFO GPL-0041] Total routing overflow: 4.6758
[INFO GPL-0042] Number of overflowed tiles: 135 (1.20%)
[INFO GPL-0043] Average top 0.5% routing congestion: 1.0666
[INFO GPL-0044] Average top 1.0% routing congestion: 1.0408
[INFO GPL-0045] Average top 2.0% routing congestion: 1.0163
[INFO GPL-0046] Average top 5.0% routing congestion: 0.9753
[INFO GPL-0047] Routability iteration weighted routing congestion: 1.0537
[INFO GPL-0048] Routing congestion (1.0537) lower than previous minimum (1.056). Updating minimum.
[INFO GPL-0086] Inflated area:                  51.391 um^2 (+0.09%)
[INFO GPL-0052] Placement target density:       0.7766
[INFO GPL-0076] Removing fillers, count: Before: 2901, After: 2877 (-0.83%)
[INFO GPL-0077] Filler area (um^2)     : Before: 6061.311, After: 6011.166 (-0.83%)
[INFO GPL-0078] Removed fillers count: 24, area removed: 50.145 um^2. Remaining area to be compensated by modifying density: 1.246 um^2
[INFO GPL-0058] White space area:            82676.790 um^2 (+0.00%)
[INFO GPL-0059] Movable instances area:      64207.720 um^2 (+0.00%)
[INFO GPL-0060] Total filler area:            6011.166 um^2 (-0.83%)
[INFO GPL-0061] Total non-inflated area:     64225.613 um^2 (+0.00%)
[INFO GPL-0062] Total inflated area:         64277.003 um^2 (+0.00%)
[INFO GPL-0063] New Target Density:             0.7766
[INFO GPL-0087] Routability end iteration: increase inflation and revert back to snapshot.
Iteration | Overflow |     HPWL (um) |  HPWL(%) |   Penalty | Group
---------------------------------------------------------------
     1500 |   0.6021 |  3.220622e+05 |  -14.53% |  1.34e-09 |      
     1510 |   0.5610 |  3.340241e+05 |   +3.71% |  1.97e-09 |      
     1520 |   0.5264 |  3.461165e+05 |   +3.62% |  2.90e-09 |      
     1530 |   0.4943 |  3.565400e+05 |   +3.01% |  4.26e-09 |      
     1540 |   0.4597 |  3.619523e+05 |   +1.52% |  6.27e-09 |      
     1550 |   0.4229 |  3.664074e+05 |   +1.23% |  9.23e-09 |      
     1560 |   0.3859 |  3.685238e+05 |   +0.58% |  1.36e-08 |      
     1570 |   0.3539 |  3.734732e+05 |   +1.34% |  2.00e-08 |      
     1580 |   0.3223 |  3.770537e+05 |   +0.96% |  2.95e-08 |      
[INFO GPL-0040] Routability iteration: 14
[INFO GPL-0041] Total routing overflow: 6.0806
[INFO GPL-0042] Number of overflowed tiles: 139 (1.24%)
[INFO GPL-0043] Average top 0.5% routing congestion: 1.0813
[INFO GPL-0044] Average top 1.0% routing congestion: 1.0526
[INFO GPL-0045] Average top 2.0% routing congestion: 1.0240
[INFO GPL-0046] Average top 5.0% routing congestion: 0.9775
[INFO GPL-0047] Routability iteration weighted routing congestion: 1.0669
[INFO GPL-0049] Routing congestion (1.0669) higher than minimum (1.0537). Consecutive non-improvement count: 1.
[INFO GPL-0086] Inflated area:                  90.724 um^2 (+0.16%)
[INFO GPL-0052] Placement target density:       0.7766
[INFO GPL-0076] Removing fillers, count: Before: 2877, After: 2834 (-1.49%)
[INFO GPL-0077] Filler area (um^2)     : Before: 6011.166, After: 5921.322 (-1.49%)
[INFO GPL-0078] Removed fillers count: 43, area removed: 89.844 um^2. Remaining area to be compensated by modifying density: 0.881 um^2
[INFO GPL-0058] White space area:            82676.790 um^2 (+0.00%)
[INFO GPL-0059] Movable instances area:      64207.720 um^2 (+0.00%)
[INFO GPL-0060] Total filler area:            5921.322 um^2 (-1.49%)
[INFO GPL-0061] Total non-inflated area:     64226.493 um^2 (+0.00%)
[INFO GPL-0062] Total inflated area:         64317.218 um^2 (+0.00%)
[INFO GPL-0063] New Target Density:             0.7766
[INFO GPL-0087] Routability end iteration: increase inflation and revert back to snapshot.
Iteration | Overflow |     HPWL (um) |  HPWL(%) |   Penalty | Group
---------------------------------------------------------------
     1590 |   0.6157 |  3.157069e+05 |  -16.27% |  1.19e-09 |      
     1600 |   0.5731 |  3.312178e+05 |   +4.91% |  1.76e-09 |      
     1610 |   0.5352 |  3.425051e+05 |   +3.41% |  2.58e-09 |      
     1620 |   0.5037 |  3.543194e+05 |   +3.45% |  3.80e-09 |      
     1630 |   0.4703 |  3.612731e+05 |   +1.96% |  5.58e-09 |      
     1640 |   0.4355 |  3.654937e+05 |   +1.17% |  8.22e-09 |      
     1650 |   0.3974 |  3.684369e+05 |   +0.81% |  1.21e-08 |      
     1660 |   0.3672 |  3.720715e+05 |   +0.99% |  1.78e-08 |      
     1670 |   0.3315 |  3.769042e+05 |   +1.30% |  2.62e-08 |      
     1680 |   0.3007 |  3.780343e+05 |   +0.30% |  3.86e-08 |      
[INFO GPL-0040] Routability iteration: 15
[INFO GPL-0041] Total routing overflow: 5.2909
[INFO GPL-0042] Number of overflowed tiles: 134 (1.19%)
[INFO GPL-0043] Average top 0.5% routing congestion: 1.0743
[INFO GPL-0044] Average top 1.0% routing congestion: 1.0463
[INFO GPL-0045] Average top 2.0% routing congestion: 1.0183
[INFO GPL-0046] Average top 5.0% routing congestion: 0.9733
[INFO GPL-0047] Routability iteration weighted routing congestion: 1.0603
[INFO GPL-0049] Routing congestion (1.0603) higher than minimum (1.0537). Consecutive non-improvement count: 2.
[INFO GPL-0086] Inflated area:                  65.893 um^2 (+0.11%)
[INFO GPL-0052] Placement target density:       0.7766
[INFO GPL-0076] Removing fillers, count: Before: 2834, After: 2803 (-1.09%)
[INFO GPL-0077] Filler area (um^2)     : Before: 5921.322, After: 5856.551 (-1.09%)
[INFO GPL-0078] Removed fillers count: 31, area removed: 64.771 um^2. Remaining area to be compensated by modifying density: 1.122 um^2
[INFO GPL-0058] White space area:            82676.790 um^2 (+0.00%)
[INFO GPL-0059] Movable instances area:      64207.720 um^2 (+0.00%)
[INFO GPL-0060] Total filler area:            5856.551 um^2 (-1.09%)
[INFO GPL-0061] Total non-inflated area:     64227.615 um^2 (+0.00%)
[INFO GPL-0062] Total inflated area:         64293.508 um^2 (+0.00%)
[INFO GPL-0063] New Target Density:             0.7766
[INFO GPL-0087] Routability end iteration: increase inflation and revert back to snapshot.
Iteration | Overflow |     HPWL (um) |  HPWL(%) |   Penalty | Group
---------------------------------------------------------------
     1690 |   0.5849 |  3.285525e+05 |  -13.09% |  1.56e-09 |      
     1700 |   0.5462 |  3.391430e+05 |   +3.22% |  2.30e-09 |      
     1710 |   0.5136 |  3.518256e+05 |   +3.74% |  3.38e-09 |      
     1720 |   0.4809 |  3.602821e+05 |   +2.40% |  4.97e-09 |      
     1730 |   0.4461 |  3.644661e+05 |   +1.16% |  7.32e-09 |      
     1740 |   0.4068 |  3.685600e+05 |   +1.12% |  1.08e-08 |      
     1750 |   0.3769 |  3.708256e+05 |   +0.61% |  1.59e-08 |      
     1760 |   0.3387 |  3.765476e+05 |   +1.54% |  2.33e-08 |      
     1770 |   0.3109 |  3.783596e+05 |   +0.48% |  3.44e-08 |      
[INFO GPL-0040] Routability iteration: 16
[INFO GPL-0041] Total routing overflow: 4.0785
[INFO GPL-0042] Number of overflowed tiles: 108 (0.96%)
[INFO GPL-0043] Average top 0.5% routing congestion: 1.0625
[INFO GPL-0044] Average top 1.0% routing congestion: 1.0361
[INFO GPL-0045] Average top 2.0% routing congestion: 1.0112
[INFO GPL-0046] Average top 5.0% routing congestion: 0.9697
[INFO GPL-0047] Routability iteration weighted routing congestion: 1.0493
[INFO GPL-0048] Routing congestion (1.0493) lower than previous minimum (1.054). Updating minimum.
[INFO GPL-0086] Inflated area:                  36.696 um^2 (+0.06%)
[INFO GPL-0052] Placement target density:       0.7766
[INFO GPL-0076] Removing fillers, count: Before: 2803, After: 2786 (-0.61%)
[INFO GPL-0077] Filler area (um^2)     : Before: 5856.551, After: 5821.031 (-0.61%)
[INFO GPL-0078] Removed fillers count: 17, area removed: 35.520 um^2. Remaining area to be compensated by modifying density: 1.176 um^2
[INFO GPL-0058] White space area:            82676.790 um^2 (+0.00%)
[INFO GPL-0059] Movable instances area:      64207.720 um^2 (+0.00%)
[INFO GPL-0060] Total filler area:            5821.031 um^2 (-0.61%)
[INFO GPL-0061] Total non-inflated area:     64228.792 um^2 (+0.00%)
[INFO GPL-0062] Total inflated area:         64265.487 um^2 (+0.00%)
[INFO GPL-0063] New Target Density:             0.7766
[INFO GPL-0087] Routability end iteration: increase inflation and revert back to snapshot.
Iteration | Overflow |     HPWL (um) |  HPWL(%) |   Penalty | Group
---------------------------------------------------------------
     1780 |   0.5985 |  3.237943e+05 |  -14.42% |  1.39e-09 |      
     1790 |   0.5570 |  3.356768e+05 |   +3.67% |  2.05e-09 |      
     1800 |   0.5226 |  3.481716e+05 |   +3.72% |  3.01e-09 |      
     1810 |   0.4913 |  3.583700e+05 |   +2.93% |  4.43e-09 |      
     1820 |   0.4569 |  3.633895e+05 |   +1.40% |  6.52e-09 |      
     1830 |   0.4186 |  3.680293e+05 |   +1.28% |  9.59e-09 |      
     1840 |   0.3836 |  3.699209e+05 |   +0.51% |  1.41e-08 |      
     1850 |   0.3496 |  3.753585e+05 |   +1.47% |  2.08e-08 |      
     1860 |   0.3186 |  3.784668e+05 |   +0.83% |  3.06e-08 |      
[INFO GPL-0040] Routability iteration: 17
[INFO GPL-0041] Total routing overflow: 3.6142
[INFO GPL-0042] Number of overflowed tiles: 97 (0.86%)
[INFO GPL-0043] Average top 0.5% routing congestion: 1.0584
[INFO GPL-0044] Average top 1.0% routing congestion: 1.0316
[INFO GPL-0045] Average top 2.0% routing congestion: 1.0074
[INFO GPL-0046] Average top 5.0% routing congestion: 0.9669
[INFO GPL-0047] Routability iteration weighted routing congestion: 1.0450
[INFO GPL-0048] Routing congestion (1.0450) lower than previous minimum (1.049). Updating minimum.
[INFO GPL-0086] Inflated area:                  30.571 um^2 (+0.05%)
[INFO GPL-0052] Placement target density:       0.7766
[INFO GPL-0076] Removing fillers, count: Before: 2786, After: 2772 (-0.50%)
[INFO GPL-0077] Filler area (um^2)     : Before: 5821.031, After: 5791.780 (-0.50%)
[INFO GPL-0078] Removed fillers count: 14, area removed: 29.251 um^2. Remaining area to be compensated by modifying density: 1.320 um^2
[INFO GPL-0058] White space area:            82676.790 um^2 (+0.00%)
[INFO GPL-0059] Movable instances area:      64207.720 um^2 (+0.00%)
[INFO GPL-0060] Total filler area:            5791.780 um^2 (-0.50%)
[INFO GPL-0061] Total non-inflated area:     64230.112 um^2 (+0.00%)
[INFO GPL-0062] Total inflated area:         64260.683 um^2 (+0.00%)
[INFO GPL-0063] New Target Density:             0.7766
[INFO GPL-0087] Routability end iteration: increase inflation and revert back to snapshot.
Iteration | Overflow |     HPWL (um) |  HPWL(%) |   Penalty | Group
---------------------------------------------------------------
     1870 |   0.6132 |  3.167704e+05 |  -16.30% |  1.24e-09 |      
     1880 |   0.5683 |  3.330828e+05 |   +5.15% |  1.82e-09 |      
     1890 |   0.5308 |  3.448723e+05 |   +3.54% |  2.68e-09 |      
     1900 |   0.4997 |  3.563845e+05 |   +3.34% |  3.94e-09 |      
     1910 |   0.4663 |  3.626692e+05 |   +1.76% |  5.80e-09 |      
     1920 |   0.4317 |  3.669461e+05 |   +1.18% |  8.54e-09 |      
     1930 |   0.3932 |  3.694970e+05 |   +0.70% |  1.26e-08 |      
     1940 |   0.3625 |  3.737590e+05 |   +1.15% |  1.85e-08 |      
     1950 |   0.3285 |  3.783046e+05 |   +1.22% |  2.73e-08 |      
     1960 |   0.2982 |  3.792869e+05 |   +0.26% |  4.01e-08 |      
[INFO GPL-0040] Routability iteration: 18
[INFO GPL-0041] Total routing overflow: 3.8906
[INFO GPL-0042] Number of overflowed tiles: 104 (0.93%)
[INFO GPL-0043] Average top 0.5% routing congestion: 1.0615
[INFO GPL-0044] Average top 1.0% routing congestion: 1.0343
[INFO GPL-0045] Average top 2.0% routing congestion: 1.0081
[INFO GPL-0046] Average top 5.0% routing congestion: 0.9661
[INFO GPL-0047] Routability iteration weighted routing congestion: 1.0479
[INFO GPL-0049] Routing congestion (1.0479) higher than minimum (1.0450). Consecutive non-improvement count: 1.
[INFO GPL-0086] Inflated area:                  31.042 um^2 (+0.05%)
[INFO GPL-0052] Placement target density:       0.7766
[INFO GPL-0076] Removing fillers, count: Before: 2772, After: 2758 (-0.51%)
[INFO GPL-0077] Filler area (um^2)     : Before: 5791.780, After: 5762.529 (-0.51%)
[INFO GPL-0078] Removed fillers count: 14, area removed: 29.251 um^2. Remaining area to be compensated by modifying density: 1.790 um^2
[INFO GPL-0058] White space area:            82676.790 um^2 (+0.00%)
[INFO GPL-0059] Movable instances area:      64207.720 um^2 (+0.00%)
[INFO GPL-0060] Total filler area:            5762.529 um^2 (-0.51%)
[INFO GPL-0061] Total non-inflated area:     64231.902 um^2 (+0.00%)
[INFO GPL-0062] Total inflated area:         64262.943 um^2 (+0.00%)
[INFO GPL-0063] New Target Density:             0.7766
[INFO GPL-0087] Routability end iteration: increase inflation and revert back to snapshot.
Iteration | Overflow |     HPWL (um) |  HPWL(%) |   Penalty | Group
---------------------------------------------------------------
     1970 |   0.5810 |  3.298106e+05 |  -13.04% |  1.63e-09 |      
     1980 |   0.5420 |  3.406717e+05 |   +3.29% |  2.39e-09 |      
     1990 |   0.5107 |  3.532482e+05 |   +3.69% |  3.51e-09 |      
     2000 |   0.4775 |  3.613586e+05 |   +2.30% |  5.17e-09 |      
     2010 |   0.4432 |  3.655162e+05 |   +1.15% |  7.61e-09 |      
     2020 |   0.4043 |  3.691281e+05 |   +0.99% |  1.12e-08 |      
     2030 |   0.3753 |  3.718592e+05 |   +0.74% |  1.65e-08 |      
     2040 |   0.3368 |  3.775241e+05 |   +1.52% |  2.43e-08 |      
     2050 |   0.3080 |  3.788940e+05 |   +0.36% |  3.57e-08 |      
[INFO GPL-0040] Routability iteration: 19
[INFO GPL-0041] Total routing overflow: 4.3176
[INFO GPL-0042] Number of overflowed tiles: 113 (1.01%)
[INFO GPL-0043] Average top 0.5% routing congestion: 1.0661
[INFO GPL-0044] Average top 1.0% routing congestion: 1.0382
[INFO GPL-0045] Average top 2.0% routing congestion: 1.0108
[INFO GPL-0046] Average top 5.0% routing congestion: 0.9687
[INFO GPL-0047] Routability iteration weighted routing congestion: 1.0522
[INFO GPL-0049] Routing congestion (1.0522) higher than minimum (1.0450). Consecutive non-improvement count: 2.
[INFO GPL-0086] Inflated area:                  43.538 um^2 (+0.07%)
[INFO GPL-0052] Placement target density:       0.7766
[INFO GPL-0076] Removing fillers, count: Before: 2758, After: 2738 (-0.73%)
[INFO GPL-0077] Filler area (um^2)     : Before: 5762.529, After: 5720.741 (-0.73%)
[INFO GPL-0078] Removed fillers count: 20, area removed: 41.788 um^2. Remaining area to be compensated by modifying density: 1.750 um^2
[INFO GPL-0058] White space area:            82676.790 um^2 (+0.00%)
[INFO GPL-0059] Movable instances area:      64207.720 um^2 (+0.00%)
[INFO GPL-0060] Total filler area:            5720.741 um^2 (-0.73%)
[INFO GPL-0061] Total non-inflated area:     64233.652 um^2 (+0.00%)
[INFO GPL-0062] Total inflated area:         64277.189 um^2 (+0.00%)
[INFO GPL-0063] New Target Density:             0.7766
[INFO GPL-0087] Routability end iteration: increase inflation and revert back to snapshot.
Iteration | Overflow |     HPWL (um) |  HPWL(%) |   Penalty | Group
---------------------------------------------------------------
     2060 |   0.5938 |  3.259539e+05 |  -13.97% |  1.45e-09 |      
     2070 |   0.5535 |  3.375641e+05 |   +3.56% |  2.13e-09 |      
     2080 |   0.5196 |  3.502213e+05 |   +3.75% |  3.13e-09 |      
     2090 |   0.4884 |  3.598378e+05 |   +2.75% |  4.60e-09 |      
     2100 |   0.4533 |  3.645601e+05 |   +1.31% |  6.77e-09 |      
     2110 |   0.4133 |  3.691280e+05 |   +1.25% |  9.97e-09 |      
     2120 |   0.3806 |  3.710423e+05 |   +0.52% |  1.47e-08 |      
     2130 |   0.3448 |  3.767310e+05 |   +1.53% |  2.16e-08 |      
     2140 |   0.3159 |  3.793860e+05 |   +0.70% |  3.18e-08 |      
[INFO GPL-0040] Routability iteration: 20
[INFO GPL-0041] Total routing overflow: 4.5556
[INFO GPL-0042] Number of overflowed tiles: 108 (0.96%)
[INFO GPL-0043] Average top 0.5% routing congestion: 1.0696
[INFO GPL-0044] Average top 1.0% routing congestion: 1.0402
[INFO GPL-0045] Average top 2.0% routing congestion: 1.0117
[INFO GPL-0046] Average top 5.0% routing congestion: 0.9685
[INFO GPL-0047] Routability iteration weighted routing congestion: 1.0549
[INFO GPL-0049] Routing congestion (1.0549) higher than minimum (1.0450). Consecutive non-improvement count: 3.
[INFO GPL-0086] Inflated area:                  47.149 um^2 (+0.08%)
[INFO GPL-0052] Placement target density:       0.7766
[INFO GPL-0076] Removing fillers, count: Before: 2738, After: 2716 (-0.80%)
[INFO GPL-0077] Filler area (um^2)     : Before: 5720.741, After: 5674.774 (-0.80%)
[INFO GPL-0078] Removed fillers count: 22, area removed: 45.967 um^2. Remaining area to be compensated by modifying density: 1.182 um^2
[INFO GPL-0054] No improvement in routing congestion for 3 consecutive iterations (limit is 3).
[INFO GPL-0055] Reverting inflation values and target density from the iteration with minimum observed routing congestion.
[INFO GPL-0056] Minimum observed routing congestion: 1.0450
[INFO GPL-0057] Target density at minimum routing congestion: 0.7766
[INFO GPL-0080] Restoring 70 previously removed fillers.
[INFO GPL-0081] Number of fillers before restoration 2716 and after 2786 . Relative change: +2.58%%
[INFO GPL-0082] Total filler area before restoration 5674.77 and after 5821.03 (um^2). Relative change: +2.58%%
[INFO GPL-0089] Routability finished. Reverting to minimal observed routing congestion, could not reach target.
Iteration | Overflow |     HPWL (um) |  HPWL(%) |   Penalty | Group
---------------------------------------------------------------
     2150 |   0.6071 |  3.192153e+05 |  -15.86% |  1.29e-09 |      
     2160 |   0.5650 |  3.334205e+05 |   +4.45% |  1.90e-09 |      
     2170 |   0.5278 |  3.454802e+05 |   +3.62% |  2.79e-09 |      
     2180 |   0.4963 |  3.567001e+05 |   +3.25% |  4.10e-09 |      
     2190 |   0.4629 |  3.626162e+05 |   +1.66% |  6.03e-09 |      
     2200 |   0.4273 |  3.671568e+05 |   +1.25% |  8.88e-09 |      
     2210 |   0.3897 |  3.694141e+05 |   +0.61% |  1.31e-08 |      
     2220 |   0.3581 |  3.740710e+05 |   +1.26% |  1.92e-08 |      
     2230 |   0.3253 |  3.782127e+05 |   +1.11% |  2.83e-08 |      
     2240 |   0.2933 |  3.792345e+05 |   +0.27% |  4.17e-08 |      
     2250 |   0.2614 |  3.796380e+05 |   +0.11% |  6.15e-08 |      
     2260 |   0.2327 |  3.815579e+05 |   +0.51% |  9.05e-08 |      
     2270 |   0.2038 |  3.807057e+05 |   -0.22% |  1.33e-07 |      
[INFO GPL-0100] Timing-driven iteration 2/2, virtual: false.
[INFO GPL-0101]    Iter: 2275, overflow: 0.194, keep resizer changes at: 1, HPWL: 760619316
Iteration |   Area    | Resized | Buffers | Nets repaired | Remaining
---------------------------------------------------------------------
        0 |     +0.0% |       0 |       0 |             0 |     33480
    final |     +0.3% |       1 |      88 |            89 |         0
---------------------------------------------------------------------
[INFO RSZ-0034] Found 2 slew violations.
[INFO RSZ-0036] Found 88 capacitance violations.
[INFO RSZ-0039] Resized 1 instances.
[INFO RSZ-0038] Inserted 88 buffers in 89 nets.
   Iter   |    Area   | Removed | Inserted |   Pins
          |           | Buffers | Buffers  | Remaining
-------------------------------------------------------
        0 |     +0.0% |       0 |        0 |     31236
     3100 |     -0.2% |     238 |      216 |     28136
     6200 |     -0.3% |     387 |      314 |     25036
     9300 |     -0.3% |     633 |      529 |     21936
    12400 |     -0.3% |    1057 |      988 |     18836
    15500 |     -0.2% |    1427 |     1367 |     15736
    18600 |     -0.3% |    1519 |     1433 |     12636
    21700 |     -0.3% |    1639 |     1560 |      9536
    24800 |     -0.3% |    1794 |     1712 |      6436
    27900 |     -0.2% |    2039 |     2066 |      3336
    31000 |     -0.2% |    2042 |     2068 |       236
    final |     -0.2% |    2051 |     2077 |         0
-------------------------------------------------------
[INFO GPL-0106] Timing-driven: worst slack -1.4541784e-10
[INFO GPL-0107] Timing-driven: repair_design delta area: -199.224 um^2 (-0.34%)
[INFO GPL-0108] Timing-driven: repair_design, gpl delta gcells: 114 (+0.41%)
[INFO GPL-0109] Timing-driven: repair_design, gcells created: 2165, deleted: 2051
[INFO GPL-0110] Timing-driven: new target density: 0.77572817
Iteration | Overflow |     HPWL (um) |  HPWL(%) |   Penalty | Group
---------------------------------------------------------------
     2280 |   0.1845 |  3.948999e+05 |   +3.73% |  1.96e-07 |      
     2290 |   0.1602 |  3.915473e+05 |   -0.85% |  2.88e-07 |      
     2300 |   0.1382 |  3.900737e+05 |   -0.38% |  4.25e-07 |      
     2310 |   0.1194 |  3.892390e+05 |   -0.21% |  6.26e-07 |      
     2320 |   0.1019 |  3.888174e+05 |   -0.11% |  9.22e-07 |      
     2322 |   0.0983 |  3.888099e+05 |          |  1.04e-06 |      
---------------------------------------------------------------
[INFO GPL-1001] Global placement finished at iteration 2322
[INFO GPL-1017] Routability mode iteration count: 1906
[INFO GPL-1005] Routability final weighted congestion: 1.0640
[INFO GPL-1002] Placed Cell Area            58208.5363
[INFO GPL-1003] Available Free Area         82676.7900
[INFO GPL-1004] Minimum Feasible Density        0.6400 (cell_area / free_area)
[INFO GPL-1006]   Suggested Target Densities:
[INFO GPL-1007]     - For 90% usage of free space: 0.7823
[INFO GPL-1008]     - For 80% usage of free space: 0.8801
[INFO GPL-1011] Original area (um^2): 52851.83
[INFO GPL-1012] Total routability artificial inflation: 3355.80 (+6.35%)
[INFO GPL-1013] Total timing-driven delta area: 2000.90 (+3.79%)
[INFO GPL-1014] Final placement area: 58208.54 (+10.14%)
Took 35 seconds: global_placement -density 0.75 -pad_left 0 -pad_right 0 -routability_driven -timing_driven -force_center_initial_place -min_phi_coef 0.95 -max_phi_coef 1.05
estimate_parasitics -placement
Report metrics stage 3, global place...

==========================================================================
global place report_design_area
--------------------------------------------------------------------------
Design area 54071 um^2 61% utilization.
write_db /tmp/workspace/scripts-Private_test-fr_cugr_cmp-1-/results/nangate45/tinyRocket/base/3_3_place_gp.odb
Elapsed time: 0:39.13[h:]min:sec. CPU time: user 544.14 sys 38.84 (1489%). Peak memory: 640992KB.
Log                       Ext     Elapsed/s Peak Memory/MB sha1sum result [0:20)
3_3_place_gp              .odb           39            625 13a2f28950ce6882a26b
/OpenROAD-flow-scripts/flow/scripts/flow.sh 3_4_place_resized resize
Running resize.tcl, stage 3_4_place_resized
read_liberty ./platforms/nangate45/lib/NangateOpenCellLibrary_typical.lib
read_liberty /OpenROAD-flow-scripts/flow/designs/nangate45/tinyRocket/fakeram45_1024x32.lib
read_liberty /OpenROAD-flow-scripts/flow/designs/nangate45/tinyRocket/fakeram45_64x32.lib
read_db /tmp/workspace/scripts-Private_test-fr_cugr_cmp-1-/results/nangate45/tinyRocket/base/3_3_place_gp.odb
read_sdc /tmp/workspace/scripts-Private_test-fr_cugr_cmp-1-/results/nangate45/tinyRocket/base/2_floorplan.sdc
source ./platforms/nangate45/setRC.tcl
estimate_parasitics -placement
Perform buffer insertion and gate resizing...
repair_design -verbose
Iteration |   Area    | Resized | Buffers | Nets repaired | Remaining
---------------------------------------------------------------------
        0 |     +0.0% |       0 |       0 |             0 |     33594
     1000 |     +0.0% |       0 |       0 |             0 |     32594
     2000 |     +0.0% |       0 |       0 |             0 |     31594
     3000 |     +0.0% |       0 |       0 |             0 |     30594
     4000 |     +0.0% |       0 |       0 |             0 |     29594
     5000 |     +0.0% |       0 |       0 |             0 |     28594
     6000 |     +0.0% |       0 |       1 |             1 |     27594
     7000 |     +0.0% |       0 |       1 |             1 |     26594
     8000 |     +0.0% |       0 |       2 |             2 |     25594
     9000 |     +0.0% |       0 |       3 |             3 |     24594
    10000 |     +0.0% |       0 |       4 |             4 |     23594
    11000 |     +0.0% |       0 |      11 |            11 |     22594
    12000 |     +0.0% |       0 |      12 |            12 |     21594
    13000 |     +0.0% |       0 |      12 |            12 |     20594
    14000 |     +0.0% |       0 |      13 |            13 |     19594
    15000 |     +0.0% |       0 |      15 |            15 |     18594
    16000 |     +0.1% |       0 |      18 |            18 |     17594
    17000 |     +0.1% |       0 |      18 |            18 |     16594
    18000 |     +0.1% |       0 |      20 |            20 |     15594
    19000 |     +0.1% |       0 |      20 |            20 |     14594
    20000 |     +0.1% |       0 |      20 |            20 |     13594
    21000 |     +0.1% |       0 |      20 |            20 |     12594
    22000 |     +0.1% |       0 |      20 |            20 |     11594
    23000 |     +0.1% |       0 |      21 |            21 |     10594
    24000 |     +0.1% |       0 |      22 |            22 |      9594
    25000 |     +0.1% |       0 |      25 |            25 |      8594
    26000 |     +0.1% |       0 |      25 |            25 |      7594
    27000 |     +0.1% |       0 |      26 |            26 |      6594
    28000 |     +0.1% |       0 |      26 |            26 |      5594
    29000 |     +0.1% |       0 |      26 |            26 |      4594
    30000 |     +0.1% |       0 |      26 |            26 |      3594
    31000 |     +0.1% |       0 |      26 |            26 |      2594
    32000 |     +0.1% |       0 |      26 |            26 |      1594
    33000 |     +0.1% |       0 |      26 |            26 |       594
    final |     +0.1% |       0 |      27 |            27 |         0
---------------------------------------------------------------------
[INFO RSZ-0036] Found 27 capacitance violations.
[INFO RSZ-0038] Inserted 27 buffers in 27 nets.
[INFO RSZ-0504] Runtime: 1.51s
Floating nets: 
Report metrics stage 3, resizer...

==========================================================================
resizer report_design_area
--------------------------------------------------------------------------
Design area 54115 um^2 61% utilization.
Instance count before 28463, after 28490
Pin count before 101712, after 101766
write_db /tmp/workspace/scripts-Private_test-fr_cugr_cmp-1-/results/nangate45/tinyRocket/base/3_4_place_resized.odb
Elapsed time: 0:07.60[h:]min:sec. CPU time: user 10.79 sys 9.77 (270%). Peak memory: 260404KB.
Log                       Ext     Elapsed/s Peak Memory/MB sha1sum result [0:20)
3_4_place_resized         .odb            7            254 94b7423bb0148b467c77
/OpenROAD-flow-scripts/flow/scripts/flow.sh 3_5_place_dp detail_place
Running detail_place.tcl, stage 3_5_place_dp
read_liberty ./platforms/nangate45/lib/NangateOpenCellLibrary_typical.lib
read_liberty /OpenROAD-flow-scripts/flow/designs/nangate45/tinyRocket/fakeram45_1024x32.lib
read_liberty /OpenROAD-flow-scripts/flow/designs/nangate45/tinyRocket/fakeram45_64x32.lib
read_db /tmp/workspace/scripts-Private_test-fr_cugr_cmp-1-/results/nangate45/tinyRocket/base/3_4_place_resized.odb
read_sdc /tmp/workspace/scripts-Private_test-fr_cugr_cmp-1-/results/nangate45/tinyRocket/base/2_floorplan.sdc
source ./platforms/nangate45/setRC.tcl
detailed_placement
[INFO DPL-0006] Core area: 88535.44 um^2
[INFO DPL-0007] Movable instances area: 51420.99 um^2
[INFO DPL-0008] Fixed instances area within core: 2693.78 um^2
[INFO DPL-0009] Utilization: 61.1%
[INFO DPL-0005] Diamond search max displacement: +/- 500 sites horizontally, +/- 100 rows vertically.
[INFO DPL-1102] Legalizing using negotiation legalizer.
[INFO DPL-1103] Negotiation base search window: +/-20 sites horizontally, +/-5 rows vertically 
	Automatic search window extension enabled.
	Search window extendable up to the max displacement cap of +/-500 sites, +/-100 rows near walls.
[INFO DPL-1104] NegotiationLegalizer DRC penalty: 5.
[INFO DPL-0392] Negotiation cell height distribution (2 unique row-count(s)):
[INFO DPL-0393]   height 1 row(s): 28488 cells
[INFO DPL-0393]   height 44 row(s): 2 cells
          |      Total |  Illegal |  Illegal
Iteration | Violations |    Cells |    Sites
---------------------------------------------
        0 |        858 |       266 |       592
        1 |         47 |        11 |        36
        2 |         16 |         2 |        14
        3 |          0 |         0 |         0
Negotiation phase 1 converged at iteration 3.
[INFO DPL-0500] Runtime: 0.26s
Placement Analysis
---------------------------------
total displacement      45384.0 u
average displacement        1.6 u
max displacement           11.4 u
original HPWL          389857.1 u
legalized HPWL         433906.8 u
delta HPWL                   11 %

improve_placement -max_displacement "5 1"
Detailed placement improvement.
[INFO DPL-0401] Setting random seed to 1.
[INFO DPL-0402] Setting maximum displacement 5 1 to 14000 2800 units.
[INFO DPL-0320] Collected 1160 fixed cells.
[INFO DPL-0318] Collected 27689 single height cells.
[INFO DPL-0321] Collected 0 wide cells.
[INFO DPL-0322] Image (4180, 5600) - (600780, 599200)
[INFO DPL-0310] Assigned 27689 cells into segments.  Movement in X-direction is 0.000000, movement in Y-direction is 0.000000.
[INFO DPL-0313] Found 0 cells in wrong regions.
[INFO DPL-0315] Found 0 row alignment problems.
[INFO DPL-0314] Found 0 site alignment problems.
[INFO DPL-0311] Found 0 overlaps between adjacent cells.
[INFO DPL-0312] Found 0 edge spacing violations and 0 padding violations.
[INFO DPL-0303] Running algorithm for independent set matching.
[INFO DPL-0300] Set matching objective is wirelength.
[INFO DPL-0301] Pass   1 of matching; objective is 8.485651e+08.
[INFO DPL-0302] End of matching; objective is 8.473295e+08, improvement is 0.15 percent.
[INFO DPL-0303] Running algorithm for global swaps.
[INFO DPL-0306] Pass   1 of global swaps; hpwl is 8.333772e+08.
[INFO DPL-0306] Pass   2 of global swaps; hpwl is 8.307650e+08.
[INFO DPL-0307] End of global swaps; objective is 8.307650e+08, improvement is 1.95 percent.
[INFO DPL-0303] Running algorithm for vertical swaps.
[INFO DPL-0308] Pass   1 of vertical swaps; hpwl is 8.268277e+08.
[INFO DPL-0309] End of vertical swaps; objective is 8.268277e+08, improvement is 0.47 percent.
[INFO DPL-0303] Running algorithm for reordering.
[INFO DPL-0304] Pass   1 of reordering; objective is 8.247975e+08.
[INFO DPL-0305] End of reordering; objective is 8.247975e+08, improvement is 0.25 percent.
[INFO DPL-0303] Running algorithm for random improvement.
[INFO DPL-0324] Random improver is using random generator.
[INFO DPL-0325] Random improver is using hpwl objective.
[INFO DPL-0326] Random improver cost string is (a).
[INFO DPL-0332] End of pass, Generator random called 553780 times.
[INFO DPL-0335] Generator random, Cumulative attempts 553780, swaps 95873, moves 119754 since last reset.
[INFO DPL-0333] End of pass, Objective hpwl, Initial cost 8.228521e+08, Scratch cost 8.120830e+08, Incremental cost 8.120830e+08, Mismatch? N
[INFO DPL-0338] End of pass, Total cost is 8.120830e+08.
[INFO DPL-0327] Pass   1 of random improver; improvement in cost is 1.31 percent.
[INFO DPL-0332] End of pass, Generator random called 553780 times.
[INFO DPL-0335] Generator random, Cumulative attempts 1107560, swaps 186807, moves 241194 since last reset.
[INFO DPL-0333] End of pass, Objective hpwl, Initial cost 8.120830e+08, Scratch cost 8.080131e+08, Incremental cost 8.080131e+08, Mismatch? N
[INFO DPL-0338] End of pass, Total cost is 8.080131e+08.
[INFO DPL-0327] Pass   2 of random improver; improvement in cost is 0.50 percent.
[INFO DPL-0328] End of random improver; improvement is 1.803357 percent.
[INFO DPL-0380] Cell flipping.
[INFO DPL-0382] Changed 0 cell orientations for row compatibility.
[INFO DPL-0383] Performed 9020 cell flips.
[INFO DPL-0384] End of flipping; objective is 7.973732e+08, improvement is 1.55 percent.
[INFO DPL-0313] Found 0 cells in wrong regions.
[INFO DPL-0315] Found 0 row alignment problems.
[INFO DPL-0314] Found 0 site alignment problems.
[INFO DPL-0311] Found 0 overlaps between adjacent cells.
[INFO DPL-0312] Found 0 edge spacing violations and 0 padding violations.
Detailed Improvement Results
------------------------------------------
Original HPWL           433906.8 u (  216678.5,   217228.3)
Final HPWL              408779.5 u (  210880.7,   197898.8)
Delta HPWL                  -5.8 % (      -2.7,       -8.9)

Took 5 seconds: improve_placement -max_displacement "5 1"
optimize_mirroring
[INFO DPL-0020] Mirrored 1447 instances
[INFO DPL-0021] HPWL before          408779.5 u
[INFO DPL-0022] HPWL after           408561.4 u
[INFO DPL-0023] HPWL delta               -0.1 %
[INFO FLW-0012] Placement violations .
estimate_parasitics -placement
Report metrics stage 3, detailed place...

==========================================================================
detailed place report_design_area
--------------------------------------------------------------------------
Design area 54115 um^2 61% utilization.
write_db /tmp/workspace/scripts-Private_test-fr_cugr_cmp-1-/results/nangate45/tinyRocket/base/3_5_place_dp.odb
write_sdc -no_timestamp /tmp/workspace/scripts-Private_test-fr_cugr_cmp-1-/results/nangate45/tinyRocket/base/3_place.sdc
Elapsed time: 0:12.49[h:]min:sec. CPU time: user 15.36 sys 10.88 (210%). Peak memory: 385792KB.
Log                       Ext     Elapsed/s Peak Memory/MB sha1sum result [0:20)
3_5_place_dp              .odb           12            376 653ee0d932602143a926
cp /tmp/workspace/scripts-Private_test-fr_cugr_cmp-1-/results/nangate45/tinyRocket/base/3_5_place_dp.odb /tmp/workspace/scripts-Private_test-fr_cugr_cmp-1-/results/nangate45/tinyRocket/base/3_place.odb
/OpenROAD-flow-scripts/flow/scripts/flow.sh 4_1_cts cts
Running cts.tcl, stage 4_1_cts
read_liberty ./platforms/nangate45/lib/NangateOpenCellLibrary_typical.lib
read_liberty /OpenROAD-flow-scripts/flow/designs/nangate45/tinyRocket/fakeram45_1024x32.lib
read_liberty /OpenROAD-flow-scripts/flow/designs/nangate45/tinyRocket/fakeram45_64x32.lib
read_db /tmp/workspace/scripts-Private_test-fr_cugr_cmp-1-/results/nangate45/tinyRocket/base/3_place.odb
read_sdc /tmp/workspace/scripts-Private_test-fr_cugr_cmp-1-/results/nangate45/tinyRocket/base/3_place.sdc
source ./platforms/nangate45/setRC.tcl
clock_tree_synthesis -sink_clustering_enable -repair_clock_nets
[INFO CTS-0050] Root buffer is CLKBUF_X3.
[INFO CTS-0051] Sink buffer is CLKBUF_X3.
[INFO CTS-0052] The following clock buffers will be used for CTS:
                    CLKBUF_X3
[INFO CTS-0049] Characterization buffer is CLKBUF_X3.
[INFO CTS-0007] Net "clock" found for clock "core_clock".
[INFO CTS-0011]  Clock net "clock" for macros has 2 sinks.
[INFO CTS-0011]  Clock net "clock_regs" for registers has 3913 sinks.
[INFO CTS-0008] TritonCTS found 2 clock nets.
[INFO CTS-0097] Characterization used 1 buffer(s) types.
[INFO CTS-0201] 2 blockages from hard placement blockages and placed macros will be used.
[INFO CTS-0027] Generating H-Tree topology for net clock.
[INFO CTS-0028]  Total number of sinks: 2.
[INFO CTS-0029]  Macro  sinks will be clustered in groups of up to 4 and with maximum cluster diameter of 123.2 um.
[INFO CTS-0030]  Number of static layers: 0.
[INFO CTS-0020]  Wire segment unit: 14000  dbu (7 um).
[INFO CTS-0023]  Original sink region: [(49050, 16100), (555910, 119140)].
[INFO CTS-0024]  Normalized sink region: [(3.50357, 1.15), (39.7079, 8.51)].
[INFO CTS-0025]     Width:  36.2043.
[INFO CTS-0026]     Height: 7.3600.
 Level 1
    Direction: Horizontal
    Sinks per sub-region: 1
    Sub-region size: 18.1021 X 7.3600
[INFO CTS-0034]     Segment length (rounded): 10.
[INFO CTS-0038]  Stop criterion found. Sink region hpwl is smaller than max wirelength (591.189 um) and max number of sinks is 15.
[INFO CTS-0035]  Number of sinks covered: 2.
[INFO CTS-0201] 2 blockages from hard placement blockages and placed macros will be used.
[INFO CTS-0027] Generating H-Tree topology for net clock_regs.
[INFO CTS-0028]  Total number of sinks: 3913.
[INFO CTS-0090]  Sinks will be clustered based on buffer max cap.
[INFO CTS-0030]  Number of static layers: 0.
[INFO CTS-0020]  Wire segment unit: 14000  dbu (7 um).
[INFO CTS-0206] Best clustering solution was found from max clustering size of 9 and max clustering diameter of 104.
[INFO CTS-0019]  Total number of sinks after clustering: 554.
[INFO CTS-0024]  Normalized sink region: [(0.963571, 0.805612), (42.3429, 42.6374)].
[INFO CTS-0025]     Width:  41.3793.
[INFO CTS-0026]     Height: 41.8318.
 Level 1
    Direction: Vertical
    Sinks per sub-region: 277
    Sub-region size: 41.3793 X 20.9159
[INFO CTS-0034]     Segment length (rounded): 10.
 Level 2
    Direction: Horizontal
    Sinks per sub-region: 139
    Sub-region size: 20.6896 X 20.9159
[INFO CTS-0034]     Segment length (rounded): 10.
 Level 3
    Direction: Vertical
    Sinks per sub-region: 70
    Sub-region size: 20.6896 X 10.4579
[INFO CTS-0034]     Segment length (rounded): 6.
 Level 4
    Direction: Horizontal
    Sinks per sub-region: 35
    Sub-region size: 10.3448 X 10.4579
[INFO CTS-0034]     Segment length (rounded): 6.
 Level 5
    Direction: Vertical
    Sinks per sub-region: 18
    Sub-region size: 10.3448 X 5.2290
[INFO CTS-0034]     Segment length (rounded): 2.
 Level 6
    Direction: Horizontal
    Sinks per sub-region: 9
    Sub-region size: 5.1724 X 5.2290
[INFO CTS-0034]     Segment length (rounded): 2.
[INFO CTS-0038]  Stop criterion found. Sink region hpwl is smaller than max wirelength (591.189 um) and max number of sinks is 15.
[INFO CTS-0035]  Number of sinks covered: 554.
[INFO CTS-0018]     Created 3 clock buffers.
[INFO CTS-0012]     Minimum number of buffers in the clock path: 2.
[INFO CTS-0013]     Maximum number of buffers in the clock path: 2.
[INFO CTS-0015]     Created 3 clock nets.
[INFO CTS-0016]     Fanout distribution for the current clock = 1:2..
[INFO CTS-0017]     Max level of the clock tree: 1.
[INFO CTS-0018]     Created 623 clock buffers.
[INFO CTS-0012]     Minimum number of buffers in the clock path: 4.
[INFO CTS-0013]     Maximum number of buffers in the clock path: 4.
[INFO CTS-0015]     Created 623 clock nets.
[INFO CTS-0016]     Fanout distribution for the current clock = 2:2, 3:6, 4:11, 5:17, 6:91, 7:264, 8:179, 9:26, 10:7, 11:6, 12:3, 13:3, 15:3..
[INFO CTS-0017]     Max level of the clock tree: 6.
[INFO CTS-0098] Clock net "clock"
[INFO CTS-0099]  Sinks 2
[INFO CTS-0100]  Leaf buffers 0
[INFO CTS-0101]  Average sink wire length 333.31 um
[INFO CTS-0102]  Path depth 2 - 2
[INFO CTS-0207]  Dummy loads inserted 0
[INFO CTS-0098] Clock net "clock_regs"
[INFO CTS-0099]  Sinks 4364
[INFO CTS-0100]  Leaf buffers 554
[INFO CTS-0101]  Average sink wire length 220.70 um
[INFO CTS-0102]  Path depth 3 - 4
[INFO CTS-0207]  Dummy loads inserted 451
[INFO CTS-0033] Balancing latency for clock core_clock
[INFO CTS-0036]  inserted 6 delay buffers
[INFO CTS-0037] Total number of delay buffers: 6
[INFO CTS-0500] Runtime: 1.91s
estimate_parasitics -placement
detailed_placement
[INFO DPL-0006] Core area: 88535.44 um^2
[INFO DPL-0007] Movable instances area: 52626.50 um^2
[INFO DPL-0008] Fixed instances area within core: 2693.78 um^2
[INFO DPL-0009] Utilization: 62.5%
[INFO DPL-0005] Diamond search max displacement: +/- 500 sites horizontally, +/- 100 rows vertically.
[INFO DPL-1102] Legalizing using negotiation legalizer.
[INFO DPL-1103] Negotiation base search window: +/-20 sites horizontally, +/-5 rows vertically 
	Automatic search window extension enabled.
	Search window extendable up to the max displacement cap of +/-500 sites, +/-100 rows near walls.
[INFO DPL-1104] NegotiationLegalizer DRC penalty: 5.
[INFO DPL-0392] Negotiation cell height distribution (2 unique row-count(s)):
[INFO DPL-0393]   height 1 row(s): 29572 cells
[INFO DPL-0393]   height 44 row(s): 2 cells
          |      Total |  Illegal |  Illegal
Iteration | Violations |    Cells |    Sites
---------------------------------------------
        0 |        391 |       111 |       280
        1 |         33 |         5 |        28
        2 |         13 |         3 |        10
        3 |          0 |         0 |         0
Negotiation phase 1 converged at iteration 3.
[INFO DPL-0500] Runtime: 0.20s
Placement Analysis
---------------------------------
total displacement      15100.1 u
average displacement        0.5 u
max displacement           11.2 u
original HPWL          423862.1 u
legalized HPWL         431547.2 u
delta HPWL                    2 %

estimate_parasitics -placement
repair_timing -setup_margin 0 -hold_margin 0 -repair_tns 100 -verbose
[INFO RSZ-0100] Repair move sequence: UnbufferMove SizeUpMove SwapPinsMove BufferMove CloneMove SplitLoadMove 
[INFO RSZ-0094] Found 608 endpoints with setup violations.
[INFO RSZ-0099] Repairing 608 out of 608 (100.00%) violating endpoints...
   Iter   | Removed | Resized | Inserted | Cloned |  Pin  |   Area   |    WNS   |   StTNS    |   EnTNS    |  Viol  |  Worst  
          | Buffers |  Gates  | Buffers  |  Gates | Swaps |          |          |            |            | Endpts | St/EnPt 
------------------------------------------------------------------------------------------------------------------------------
       0* |       0 |       0 |        0 |      0 |     0 |    +0.0% |   -0.157 |       -6.1 |      -47.7 |    608 | core/div/remainder\[64\]$_SDFFE_PP0P_/D
      10* |       0 |       1 |        5 |      0 |     4 |    +0.0% |   -0.149 |       -6.0 |      -47.6 |    608 | core/div/remainder\[62\]$_SDFFE_PP0P_/D
      20* |       0 |       2 |        7 |      1 |    10 |    +0.0% |   -0.161 |       -5.8 |      -47.8 |    608 | core/div/remainder\[64\]$_SDFFE_PP0P_/D
      30* |       0 |       2 |       14 |      1 |    15 |    +0.0% |   -0.169 |       -6.1 |      -48.1 |    608 | core/div/remainder\[65\]$_SDFFE_PP0P_/D
      38* |       0 |       1 |        6 |      0 |     6 |    +0.0% |   -0.145 |       -5.8 |      -47.5 |    608 | core/div/remainder\[62\]$_SDFFE_PP0P_/D
      40* |       0 |       1 |        6 |      1 |     6 |    +0.0% |   -0.157 |       -5.8 |      -47.8 |    608 | core/div/remainder\[64\]$_SDFFE_PP0P_/D
      50* |       0 |       6 |        7 |      1 |    10 |    +0.0% |   -0.146 |       -5.7 |      -47.6 |    608 | core/div/remainder\[64\]$_SDFFE_PP0P_/D
      60* |       0 |       9 |        7 |      1 |    17 |    +0.0% |   -0.154 |       -5.8 |      -47.7 |    608 | core/div/remainder\[57\]$_SDFFE_PP0P_/D
      66* |       0 |       1 |        6 |      0 |     6 |    +0.0% |   -0.145 |       -5.8 |      -47.5 |    608 | core/div/remainder\[62\]$_SDFFE_PP0P_/D
      70* |       0 |       3 |        6 |      1 |     6 |    +0.0% |   -0.151 |       -5.8 |      -47.7 |    608 | core/div/remainder\[64\]$_SDFFE_PP0P_/D
      80* |       0 |       8 |        6 |      1 |    11 |    +0.0% |   -0.154 |       -5.5 |      -47.6 |    608 | core/div/remainder\[64\]$_SDFFE_PP0P_/D
      90* |       0 |      12 |       11 |      1 |    16 |    +0.0% |   -0.154 |       -5.5 |      -47.7 |    608 | core/div/remainder\[64\]$_SDFFE_PP0P_/D
     100* |       0 |      14 |       14 |      1 |    21 |    +0.0% |   -0.155 |       -5.5 |      -47.6 |    608 | core/div/remainder\[62\]$_SDFFE_PP0P_/D
     110* |       0 |      14 |       15 |      1 |    30 |    +0.0% |   -0.155 |       -5.4 |      -47.6 |    608 | core/div/remainder\[62\]$_SDFFE_PP0P_/D
     117* |       0 |       1 |        6 |      0 |     6 |    +0.0% |   -0.145 |       -5.8 |      -47.5 |    608 | core/div/remainder\[62\]$_SDFFE_PP0P_/D
     120* |       0 |       1 |        7 |      1 |     6 |    +0.0% |   -0.152 |       -5.7 |      -47.8 |    608 | core/div/remainder\[64\]$_SDFFE_PP0P_/D
     130* |       0 |       6 |        9 |      1 |     9 |    +0.0% |   -0.151 |       -5.8 |      -47.7 |    608 | core/div/remainder\[64\]$_SDFFE_PP0P_/D
     133* |       0 |       1 |        7 |      0 |     6 |    +0.0% |   -0.145 |       -5.7 |      -47.5 |    608 | core/div/remainder\[62\]$_SDFFE_PP0P_/D
     140* |       0 |       6 |        7 |      1 |     6 |    +0.0% |   -0.147 |       -5.5 |      -47.6 |    608 | core/div/remainder\[64\]$_SDFFE_PP0P_/D
     150* |       0 |      10 |        8 |      1 |    11 |    +0.0% |   -0.154 |       -5.6 |      -47.6 |    608 | core/div/remainder\[64\]$_SDFFE_PP0P_/D
     160* |       0 |      14 |       10 |      1 |    15 |    +0.0% |   -0.154 |       -5.6 |      -47.6 |    608 | core/div/remainder\[64\]$_SDFFE_PP0P_/D
     170* |       0 |      19 |       13 |      1 |    18 |    +0.1% |   -0.156 |       -5.6 |      -47.6 |    608 | core/div/remainder\[62\]$_SDFFE_PP0P_/D
     180* |       0 |      20 |       17 |      1 |    25 |    +0.1% |   -0.156 |       -5.5 |      -47.6 |    608 | core/div/remainder\[62\]$_SDFFE_PP0P_/D
     184* |       0 |       1 |        7 |      0 |     6 |    +0.0% |   -0.145 |       -5.7 |      -47.5 |    608 | core/div/remainder\[62\]$_SDFFE_PP0P_/D
     190* |       0 |       2 |        8 |      0 |     9 |    +0.0% |   -0.151 |       -5.7 |      -47.5 |    608 | core/div/remainder\[57\]$_SDFFE_PP0P_/D
     200* |       0 |       2 |       14 |      0 |    15 |    +0.0% |   -0.148 |       -5.8 |      -47.6 |    608 | core/div/remainder\[62\]$_SDFFE_PP0P_/D
     210* |       0 |       5 |       16 |      0 |    20 |    +0.0% |   -0.148 |       -5.9 |      -47.6 |    608 | core/div/remainder\[62\]$_SDFFE_PP0P_/D
     219* |       0 |       1 |        8 |      0 |     6 |    +0.0% |   -0.145 |       -5.7 |      -47.5 |    608 | core/div/remainder\[62\]$_SDFFE_PP0P_/D
     220* |       0 |       1 |        8 |      0 |     6 |    +0.0% |   -0.145 |       -5.7 |      -47.5 |    608 | core/div/remainder\[62\]$_SDFFE_PP0P_/D
     230* |       0 |       5 |        9 |      0 |    11 |    +0.0% |   -0.145 |       -5.7 |      -47.5 |    608 | core/div/remainder\[62\]$_SDFFE_PP0P_/D
     233* |       0 |       1 |        8 |      0 |     6 |    +0.0% |   -0.145 |       -5.7 |      -47.5 |    608 | core/div/remainder\[62\]$_SDFFE_PP0P_/D
     240* |       0 |       6 |        8 |      1 |     6 |    +0.0% |   -0.147 |       -5.5 |      -47.6 |    608 | core/div/remainder\[64\]$_SDFFE_PP0P_/D
     250* |       0 |      14 |        8 |      1 |     8 |    +0.0% |   -0.151 |       -5.4 |      -47.7 |    608 | core/div/remainder\[57\]$_SDFFE_PP0P_/D
     260* |       0 |      21 |       10 |      1 |     9 |    +0.1% |   -0.165 |       -5.6 |      -47.8 |    608 | core/div/remainder\[57\]$_SDFFE_PP0P_/D
     270* |       0 |      26 |       10 |      1 |    14 |    +0.1% |   -0.165 |       -5.6 |      -47.7 |    608 | core/div/remainder\[57\]$_SDFFE_PP0P_/D
     275* |       0 |       1 |        8 |      0 |     6 |    +0.0% |   -0.145 |       -5.7 |      -47.5 |    608 | core/div/remainder\[62\]$_SDFFE_PP0P_/D
     280* |       0 |       3 |        9 |      0 |     7 |    +0.0% |   -0.146 |       -5.8 |      -47.6 |    608 | core/div/remainder\[64\]$_SDFFE_PP0P_/D
     290* |       1 |       5 |       14 |      0 |    10 |    +0.0% |   -0.145 |       -5.8 |      -47.5 |    608 | core/div/remainder\[64\]$_SDFFE_PP0P_/D
     300* |       6 |       5 |       19 |      0 |    10 |    +0.0% |   -0.145 |       -5.8 |      -47.5 |    608 | core/div/remainder\[64\]$_SDFFE_PP0P_/D
     310* |      11 |       5 |       24 |      0 |    10 |    +0.0% |   -0.145 |       -5.8 |      -47.5 |    608 | core/div/remainder\[64\]$_SDFFE_PP0P_/D
     320* |      16 |       5 |       29 |      0 |    10 |    +0.0% |   -0.145 |       -5.8 |      -47.5 |    608 | core/div/remainder\[64\]$_SDFFE_PP0P_/D
     330* |      21 |       5 |       34 |      0 |    10 |    +0.0% |   -0.145 |       -5.8 |      -47.5 |    608 | core/div/remainder\[64\]$_SDFFE_PP0P_/D
     336* |       0 |       5 |       12 |      0 |     9 |    +0.0% |   -0.145 |       -5.8 |      -47.5 |    608 | core/div/remainder\[64\]$_SDFFE_PP0P_/D
     340* |       0 |       7 |       12 |      0 |    10 |    +0.0% |   -0.146 |       -5.8 |      -47.5 |    608 | core/div/remainder\[64\]$_SDFFE_PP0P_/D
     350* |       0 |      14 |       13 |      0 |    12 |    +0.0% |   -0.147 |       -5.9 |      -47.5 |    608 | core/div/remainder\[64\]$_SDFFE_PP0P_/D
     352* |       0 |       9 |       13 |      0 |    10 |    +0.0% |   -0.144 |       -5.8 |      -47.5 |    608 | core/div/remainder\[64\]$_SDFFE_PP0P_/D
     359* |       0 |       9 |       13 |      0 |    11 |    +0.0% |   -0.144 |       -5.8 |      -47.5 |    608 | core/div/remainder\[64\]$_SDFFE_PP0P_/D
     360* |       0 |       9 |       13 |      0 |    11 |    +0.0% |   -0.144 |       -5.8 |      -47.5 |    608 | core/div/remainder\[64\]$_SDFFE_PP0P_/D
     370* |       0 |      12 |       16 |      0 |    15 |    +0.0% |   -0.144 |       -5.8 |      -54.9 |    608 | core/div/remainder\[64\]$_SDFFE_PP0P_/D
     380* |       0 |      13 |       24 |      0 |    19 |    +0.1% |   -0.144 |       -5.7 |      -44.2 |    608 | core/div/remainder\[64\]$_SDFFE_PP0P_/D
     390* |       0 |      17 |       27 |      1 |    21 |    +0.1% |   -0.144 |       -5.7 |      -44.3 |    608 | core/div/remainder\[64\]$_SDFFE_PP0P_/D
     400* |       0 |      25 |       30 |      1 |    21 |    +0.1% |   -0.144 |       -5.7 |      -44.8 |    608 | core/div/remainder\[64\]$_SDFFE_PP0P_/D
     410* |       0 |      31 |       31 |      1 |    24 |    +0.1% |   -0.144 |       -5.7 |      -44.0 |    608 | core/div/remainder\[64\]$_SDFFE_PP0P_/D
     420* |       0 |      38 |       32 |      1 |    26 |    +0.1% |   -0.144 |       -5.7 |      -42.1 |    608 | core/div/remainder\[64\]$_SDFFE_PP0P_/D
     430* |       0 |      43 |       33 |      2 |    29 |    +0.1% |   -0.144 |       -5.7 |      -41.4 |    608 | core/div/remainder\[64\]$_SDFFE_PP0P_/D
     440* |       0 |      48 |       36 |      3 |    30 |    +0.1% |   -0.144 |       -5.7 |      -40.3 |    608 | core/div/remainder\[64\]$_SDFFE_PP0P_/D
     450* |       0 |      56 |       36 |      3 |    32 |    +0.2% |   -0.144 |       -5.7 |      -38.0 |    608 | core/div/remainder\[64\]$_SDFFE_PP0P_/D
     460* |       0 |      59 |       42 |      4 |    33 |    +0.2% |   -0.144 |       -5.7 |      -40.9 |    608 | core/div/remainder\[64\]$_SDFFE_PP0P_/D
     470* |       0 |      65 |       44 |      4 |    35 |    +0.2% |   -0.144 |       -5.6 |      -36.6 |    608 | core/div/remainder\[64\]$_SDFFE_PP0P_/D
     480* |       0 |      72 |       44 |      4 |    38 |    +0.2% |   -0.144 |       -5.6 |      -34.5 |    608 | core/div/remainder\[64\]$_SDFFE_PP0P_/D
     490* |       0 |      81 |       44 |      4 |    39 |    +0.2% |   -0.144 |       -5.6 |      -35.8 |    608 | core/div/remainder\[64\]$_SDFFE_PP0P_/D
     500* |       0 |      88 |       46 |      4 |    40 |    +0.2% |   -0.144 |       -5.6 |      -31.5 |    608 | core/div/remainder\[64\]$_SDFFE_PP0P_/D
     510* |       0 |      97 |       47 |      4 |    40 |    +0.2% |   -0.144 |       -5.6 |      -30.4 |    608 | core/div/remainder\[64\]$_SDFFE_PP0P_/D
     520* |       0 |     105 |       48 |      4 |    41 |    +0.3% |   -0.144 |       -5.6 |      -31.4 |    608 | core/div/remainder\[64\]$_SDFFE_PP0P_/D
     524* |       0 |      99 |       47 |      4 |    40 |    +0.2% |   -0.144 |       -5.6 |      -30.3 |    608 | core/div/remainder\[64\]$_SDFFE_PP0P_/D
     530* |       0 |     102 |       47 |      4 |    42 |    +0.2% |   -0.149 |       -5.7 |      -30.3 |    608 | core/div/remainder\[64\]$_SDFFE_PP0P_/D
     540* |       0 |     109 |       49 |      4 |    43 |    +0.3% |   -0.147 |       -5.7 |      -30.3 |    608 | core/div/remainder\[64\]$_SDFFE_PP0P_/D
     545* |       0 |      99 |       47 |      4 |    41 |    +0.2% |   -0.144 |       -5.6 |      -30.3 |    608 | core/div/remainder\[64\]$_SDFFE_PP0P_/D
     550* |       0 |     101 |       47 |      4 |    43 |    +0.2% |   -0.146 |       -5.7 |      -30.3 |    608 | core/div/remainder\[62\]$_SDFFE_PP0P_/D
     552* |       0 |      99 |       47 |      4 |    41 |    +0.2% |   -0.144 |       -5.6 |      -30.3 |    608 | core/div/remainder\[64\]$_SDFFE_PP0P_/D
     560* |       0 |     104 |       49 |      4 |    41 |    +0.3% |   -0.144 |       -5.6 |      -32.8 |    608 | core/div/remainder\[64\]$_SDFFE_PP0P_/D
     569* |       0 |      99 |       47 |      4 |    41 |    +0.2% |   -0.144 |       -5.6 |      -30.3 |    608 | core/div/remainder\[64\]$_SDFFE_PP0P_/D
     570* |       0 |      99 |       47 |      4 |    41 |    +0.2% |   -0.144 |       -5.6 |      -30.3 |    608 | core/div/remainder\[64\]$_SDFFE_PP0P_/D
     580* |       0 |     107 |       49 |      4 |    41 |    +0.3% |   -0.144 |       -5.6 |      -31.1 |    608 | core/div/remainder\[64\]$_SDFFE_PP0P_/D
     588* |       0 |     113 |       49 |      6 |    41 |    +0.3% |   -0.144 |       -5.6 |      -30.8 |    608 | core/div/remainder\[64\]$_SDFFE_PP0P_/D
     590* |       0 |     113 |       49 |      7 |    41 |    +0.3% |   -0.144 |       -5.6 |      -31.1 |    608 | core/div/remainder\[64\]$_SDFFE_PP0P_/D
     595* |       0 |     113 |       50 |      8 |    41 |    +0.3% |   -0.144 |       -5.6 |      -31.8 |    608 | core/div/remainder\[64\]$_SDFFE_PP0P_/D
     599* |       0 |     113 |       50 |      8 |    41 |    +0.3% |   -0.144 |       -5.6 |      -31.8 |    608 | core/div/remainder\[64\]$_SDFFE_PP0P_/D
     600* |       0 |     113 |       50 |      8 |    41 |    +0.3% |   -0.144 |       -5.6 |      -31.8 |    608 | core/div/remainder\[64\]$_SDFFE_PP0P_/D
     605* |       0 |     117 |       50 |      8 |    42 |    +0.3% |   -0.144 |       -5.6 |      -30.9 |    608 | core/div/remainder\[64\]$_SDFFE_PP0P_/D
     610* |       0 |     118 |       52 |      9 |    43 |    +0.3% |   -0.144 |       -5.6 |      -31.5 |    608 | core/div/remainder\[64\]$_SDFFE_PP0P_/D
     618* |       0 |     118 |       50 |      8 |    42 |    +0.3% |   -0.144 |       -5.6 |      -31.1 |    608 | core/div/remainder\[64\]$_SDFFE_PP0P_/D
     620* |       0 |     119 |       50 |      8 |    42 |    +0.3% |   -0.144 |       -5.6 |      -31.2 |    608 | core/div/remainder\[64\]$_SDFFE_PP0P_/D
     624* |       0 |     119 |       51 |      9 |    42 |    +0.3% |   -0.144 |       -5.6 |      -31.3 |    608 | core/div/remainder\[64\]$_SDFFE_PP0P_/D
     630* |       0 |     123 |       51 |     10 |    42 |    +0.3% |   -0.152 |       -5.5 |      -31.5 |    608 | core/div/remainder\[64\]$_SDFFE_PP0P_/D
     640* |       0 |     131 |       51 |     10 |    44 |    +0.3% |   -0.157 |       -5.6 |      -31.6 |    608 | core/div/remainder\[64\]$_SDFFE_PP0P_/D
     650* |       0 |     135 |       56 |     10 |    46 |    +0.3% |   -0.154 |       -5.6 |      -31.6 |    608 | core/div/remainder\[64\]$_SDFFE_PP0P_/D
     660* |       0 |     141 |       56 |     10 |    50 |    +0.4% |   -0.162 |       -5.8 |      -31.7 |    608 | core/div/remainder\[57\]$_SDFFE_PP0P_/D
     670* |       0 |     149 |       58 |     10 |    51 |    +0.4% |   -0.162 |       -5.9 |      -31.7 |    608 | core/div/remainder\[57\]$_SDFFE_PP0P_/D
     675* |       0 |     119 |       51 |      9 |    42 |    +0.3% |   -0.144 |       -5.6 |      -31.3 |    608 | core/div/remainder\[64\]$_SDFFE_PP0P_/D
     676* |       0 |     119 |       51 |      9 |    42 |    +0.3% |   -0.144 |       -5.6 |      -31.3 |    608 | core/div/remainder\[64\]$_SDFFE_PP0P_/D
     680* |       0 |     120 |       51 |     11 |    42 |    +0.3% |   -0.144 |       -5.7 |      -31.6 |    608 | core/div/remainder\[64\]$_SDFFE_PP0P_/D
     680* |       0 |     119 |       51 |      9 |    42 |    +0.3% |   -0.144 |       -5.6 |      -31.3 |    608 | core/div/remainder\[64\]$_SDFFE_PP0P_/D
     684* |       0 |     119 |       51 |      9 |    42 |    +0.3% |   -0.144 |       -5.6 |      -31.3 |    608 | core/div/remainder\[64\]$_SDFFE_PP0P_/D
     688* |       0 |     119 |       51 |      9 |    42 |    +0.3% |   -0.144 |       -5.6 |      -31.3 |    608 | core/div/remainder\[64\]$_SDFFE_PP0P_/D
     690* |       0 |     119 |       51 |     10 |    42 |    +0.3% |   -0.144 |       -5.7 |      -31.5 |    608 | core/div/remainder\[64\]$_SDFFE_PP0P_/D
     692* |       0 |     119 |       51 |      9 |    42 |    +0.3% |   -0.144 |       -5.6 |      -31.3 |    608 | core/div/remainder\[64\]$_SDFFE_PP0P_/D
     693* |       0 |     119 |       51 |      9 |    42 |    +0.3% |   -0.144 |       -5.6 |      -31.3 |    608 | core/div/remainder\[64\]$_SDFFE_PP0P_/D
     694* |       0 |     119 |       51 |      9 |    42 |    +0.3% |   -0.144 |       -5.6 |      -31.3 |    608 | core/div/remainder\[64\]$_SDFFE_PP0P_/D
     695* |       0 |     119 |       51 |      9 |    42 |    +0.3% |   -0.144 |       -5.6 |      -31.3 |    608 | core/div/remainder\[64\]$_SDFFE_PP0P_/D
     697* |       0 |     119 |       51 |     10 |    42 |    +0.3% |   -0.144 |       -5.7 |      -31.5 |    608 | core/div/remainder\[64\]$_SDFFE_PP0P_/D
     700* |       0 |     120 |       51 |     11 |    42 |    +0.3% |   -0.144 |       -5.7 |      -31.6 |    608 | core/div/remainder\[64\]$_SDFFE_PP0P_/D
     700* |       0 |     120 |       51 |     10 |    42 |    +0.3% |   -0.144 |       -5.7 |      -31.5 |    608 | core/div/remainder\[64\]$_SDFFE_PP0P_/D
     701* |       0 |     120 |       51 |     10 |    42 |    +0.3% |   -0.144 |       -5.7 |      -31.5 |    608 | core/div/remainder\[64\]$_SDFFE_PP0P_/D
     703* |       0 |     120 |       51 |     10 |    42 |    +0.3% |   -0.144 |       -5.7 |      -31.5 |    608 | core/div/remainder\[64\]$_SDFFE_PP0P_/D
     706* |       0 |     122 |       51 |     10 |    42 |    +0.3% |   -0.144 |       -5.7 |      -31.6 |    608 | core/div/remainder\[64\]$_SDFFE_PP0P_/D
     708* |       0 |     122 |       51 |     10 |    42 |    +0.3% |   -0.144 |       -5.7 |      -31.6 |    608 | core/div/remainder\[64\]$_SDFFE_PP0P_/D
     710* |       0 |     122 |       51 |     11 |    42 |    +0.3% |   -0.144 |       -5.7 |      -32.3 |    608 | core/div/remainder\[64\]$_SDFFE_PP0P_/D
     717* |       0 |     122 |       51 |     10 |    42 |    +0.3% |   -0.144 |       -5.7 |      -31.6 |    608 | core/div/remainder\[64\]$_SDFFE_PP0P_/D
     718* |       0 |     122 |       51 |     10 |    42 |    +0.3% |   -0.144 |       -5.7 |      -31.6 |    608 | core/div/remainder\[64\]$_SDFFE_PP0P_/D
     719* |       0 |     122 |       51 |     10 |    42 |    +0.3% |   -0.144 |       -5.7 |      -31.6 |    608 | core/div/remainder\[64\]$_SDFFE_PP0P_/D
     720* |       0 |     122 |       51 |     10 |    42 |    +0.3% |   -0.144 |       -5.7 |      -31.6 |    608 | core/div/remainder\[64\]$_SDFFE_PP0P_/D
     720* |       0 |     122 |       51 |     10 |    42 |    +0.3% |   -0.144 |       -5.7 |      -31.6 |    608 | core/div/remainder\[64\]$_SDFFE_PP0P_/D
     721* |       0 |     122 |       51 |     10 |    42 |    +0.3% |   -0.144 |       -5.7 |      -31.6 |    608 | core/div/remainder\[64\]$_SDFFE_PP0P_/D
     730* |       0 |     127 |       53 |     12 |    42 |    +0.4% |   -0.144 |       -5.7 |      -31.6 |    608 | core/div/remainder\[64\]$_SDFFE_PP0P_/D
     730* |       0 |     122 |       51 |     10 |    42 |    +0.3% |   -0.144 |       -5.7 |      -31.6 |    608 | core/div/remainder\[64\]$_SDFFE_PP0P_/D
     731* |       0 |     122 |       51 |     10 |    42 |    +0.3% |   -0.144 |       -5.7 |      -31.6 |    608 | core/div/remainder\[64\]$_SDFFE_PP0P_/D
     732* |       0 |     122 |       51 |     10 |    42 |    +0.3% |   -0.144 |       -5.7 |      -31.6 |    608 | core/div/remainder\[64\]$_SDFFE_PP0P_/D
     740* |       0 |     126 |       53 |     12 |    42 |    +0.3% |   -0.144 |       -5.7 |      -31.4 |    608 | core/div/remainder\[64\]$_SDFFE_PP0P_/D
     741* |       0 |     122 |       51 |     10 |    42 |    +0.3% |   -0.144 |       -5.7 |      -31.6 |    608 | core/div/remainder\[64\]$_SDFFE_PP0P_/D
     742* |       0 |     122 |       51 |     10 |    42 |    +0.3% |   -0.144 |       -5.7 |      -31.6 |    608 | core/div/remainder\[64\]$_SDFFE_PP0P_/D
     743* |       0 |     122 |       51 |     10 |    42 |    +0.3% |   -0.144 |       -5.7 |      -31.6 |    608 | core/div/remainder\[64\]$_SDFFE_PP0P_/D
     744* |       0 |     122 |       51 |     10 |    42 |    +0.3% |   -0.144 |       -5.7 |      -31.6 |    608 | core/div/remainder\[64\]$_SDFFE_PP0P_/D
     745* |       0 |     122 |       51 |     10 |    42 |    +0.3% |   -0.144 |       -5.7 |      -31.6 |    608 | core/div/remainder\[64\]$_SDFFE_PP0P_/D
     746* |       0 |     122 |       51 |     10 |    42 |    +0.3% |   -0.144 |       -5.7 |      -31.6 |    608 | core/div/remainder\[64\]$_SDFFE_PP0P_/D
     750* |       0 |     125 |       51 |     10 |    42 |    +0.3% |   -0.144 |       -5.7 |      -31.7 |    608 | core/div/remainder\[64\]$_SDFFE_PP0P_/D
     751* |       0 |     125 |       51 |     10 |    42 |    +0.3% |   -0.144 |       -5.7 |      -31.7 |    608 | core/div/remainder\[64\]$_SDFFE_PP0P_/D
     760* |       0 |     130 |       53 |     12 |    42 |    +0.4% |   -0.144 |       -5.7 |      -31.7 |    608 | core/div/remainder\[64\]$_SDFFE_PP0P_/D
     760* |       0 |     125 |       51 |     10 |    42 |    +0.3% |   -0.144 |       -5.7 |      -31.7 |    608 | core/div/remainder\[64\]$_SDFFE_PP0P_/D
     762* |       0 |     125 |       51 |     10 |    42 |    +0.3% |   -0.144 |       -5.7 |      -31.7 |    608 | core/div/remainder\[64\]$_SDFFE_PP0P_/D
     763* |       0 |     125 |       51 |     10 |    42 |    +0.3% |   -0.144 |       -5.7 |      -31.7 |    608 | core/div/remainder\[64\]$_SDFFE_PP0P_/D
     764* |       0 |     125 |       51 |     10 |    42 |    +0.3% |   -0.144 |       -5.7 |      -31.7 |    608 | core/div/remainder\[64\]$_SDFFE_PP0P_/D
     766* |       0 |     126 |       51 |     10 |    42 |    +0.3% |   -0.144 |       -5.7 |      -31.7 |    608 | core/div/remainder\[64\]$_SDFFE_PP0P_/D
     767* |       0 |     126 |       51 |     10 |    42 |    +0.3% |   -0.144 |       -5.7 |      -31.7 |    608 | core/div/remainder\[64\]$_SDFFE_PP0P_/D
     770* |       0 |     127 |       52 |     10 |    42 |    +0.3% |   -0.144 |       -5.7 |      -31.7 |    608 | core/div/remainder\[64\]$_SDFFE_PP0P_/D
     775* |       0 |     128 |       54 |     12 |    43 |    +0.4% |   -0.144 |       -5.7 |      -31.9 |    608 | core/div/remainder\[64\]$_SDFFE_PP0P_/D
     776* |       0 |     128 |       54 |     12 |    43 |    +0.4% |   -0.144 |       -5.7 |      -31.9 |    608 | core/div/remainder\[64\]$_SDFFE_PP0P_/D
     777* |       0 |     128 |       54 |     12 |    43 |    +0.4% |   -0.144 |       -5.7 |      -31.9 |    608 | core/div/remainder\[64\]$_SDFFE_PP0P_/D
     779* |       0 |     128 |       54 |     12 |    43 |    +0.4% |   -0.144 |       -5.7 |      -31.9 |    608 | core/div/remainder\[64\]$_SDFFE_PP0P_/D
     780* |       0 |     128 |       54 |     12 |    43 |    +0.4% |   -0.144 |       -5.7 |      -31.9 |    608 | core/div/remainder\[64\]$_SDFFE_PP0P_/D
     789* |       0 |     128 |       54 |     12 |    43 |    +0.4% |   -0.144 |       -5.7 |      -31.9 |    608 | core/div/remainder\[64\]$_SDFFE_PP0P_/D
     790* |       0 |     128 |       54 |     12 |    43 |    +0.4% |   -0.144 |       -5.7 |      -31.9 |    608 | core/div/remainder\[64\]$_SDFFE_PP0P_/D
     791* |       0 |     128 |       54 |     12 |    43 |    +0.4% |   -0.144 |       -5.7 |      -31.9 |    608 | core/div/remainder\[64\]$_SDFFE_PP0P_/D
     800* |       0 |     133 |       56 |     14 |    43 |    +0.4% |   -0.144 |       -5.7 |      -32.0 |    608 | core/div/remainder\[64\]$_SDFFE_PP0P_/D
     801* |       0 |     128 |       54 |     12 |    43 |    +0.4% |   -0.144 |       -5.7 |      -31.9 |    608 | core/div/remainder\[64\]$_SDFFE_PP0P_/D
     802* |       0 |     128 |       54 |     12 |    43 |    +0.4% |   -0.144 |       -5.7 |      -31.9 |    608 | core/div/remainder\[64\]$_SDFFE_PP0P_/D
     806* |       0 |     130 |       54 |     13 |    43 |    +0.4% |   -0.144 |       -5.7 |      -32.2 |    608 | core/div/remainder\[64\]$_SDFFE_PP0P_/D
     807* |       0 |     130 |       54 |     13 |    43 |    +0.4% |   -0.144 |       -5.7 |      -32.2 |    608 | core/div/remainder\[64\]$_SDFFE_PP0P_/D
     810* |       0 |     130 |       56 |     14 |    43 |    +0.4% |   -0.144 |       -5.7 |      -32.3 |    608 | core/div/remainder\[64\]$_SDFFE_PP0P_/D
     817* |       0 |     130 |       54 |     13 |    43 |    +0.4% |   -0.144 |       -5.7 |      -32.2 |    608 | core/div/remainder\[64\]$_SDFFE_PP0P_/D
     819* |       0 |     131 |       54 |     13 |    43 |    +0.4% |   -0.144 |       -5.7 |      -32.3 |    608 | core/div/remainder\[64\]$_SDFFE_PP0P_/D
     820* |       0 |     131 |       54 |     13 |    43 |    +0.4% |   -0.144 |       -5.7 |      -32.3 |    608 | core/div/remainder\[64\]$_SDFFE_PP0P_/D
     820* |       0 |     131 |       54 |     13 |    43 |    +0.4% |   -0.144 |       -5.7 |      -32.3 |    608 | core/div/remainder\[64\]$_SDFFE_PP0P_/D
     829* |       0 |     131 |       54 |     13 |    43 |    +0.4% |   -0.144 |       -5.7 |      -32.3 |    608 | core/div/remainder\[64\]$_SDFFE_PP0P_/D
     830* |       0 |     131 |       54 |     13 |    43 |    +0.4% |   -0.144 |       -5.7 |      -32.3 |    608 | core/div/remainder\[64\]$_SDFFE_PP0P_/D
     830* |       0 |     131 |       54 |     13 |    43 |    +0.4% |   -0.144 |       -5.7 |      -32.3 |    608 | core/div/remainder\[64\]$_SDFFE_PP0P_/D
     831* |       0 |     131 |       54 |     13 |    43 |    +0.4% |   -0.144 |       -5.7 |      -32.3 |    608 | core/div/remainder\[64\]$_SDFFE_PP0P_/D
     840* |       0 |     136 |       56 |     15 |    43 |    +0.4% |   -0.144 |       -5.7 |      -32.3 |    608 | core/div/remainder\[64\]$_SDFFE_PP0P_/D
     840* |       0 |     131 |       54 |     13 |    43 |    +0.4% |   -0.144 |       -5.7 |      -32.3 |    608 | core/div/remainder\[64\]$_SDFFE_PP0P_/D
     850* |       0 |     136 |       56 |     16 |    43 |    +0.4% |   -0.144 |       -5.7 |      -32.3 |    608 | core/div/remainder\[64\]$_SDFFE_PP0P_/D
     850* |       0 |     136 |       56 |     14 |    43 |    +0.4% |   -0.144 |       -5.7 |      -32.1 |    608 | core/div/remainder\[64\]$_SDFFE_PP0P_/D
     856* |       0 |     137 |       56 |     14 |    43 |    +0.4% |   -0.144 |       -5.7 |      -32.1 |    608 | core/div/remainder\[64\]$_SDFFE_PP0P_/D
     860* |       0 |     138 |       57 |     15 |    43 |    +0.4% |   -0.144 |       -5.6 |      -32.1 |    608 | core/div/remainder\[64\]$_SDFFE_PP0P_/D
     860* |       0 |     138 |       57 |     15 |    43 |    +0.4% |   -0.144 |       -5.6 |      -32.1 |    608 | core/div/remainder\[64\]$_SDFFE_PP0P_/D
     864* |       0 |     139 |       57 |     17 |    43 |    +0.5% |   -0.144 |       -5.6 |      -32.6 |    608 | core/div/remainder\[64\]$_SDFFE_PP0P_/D
     867* |       0 |     140 |       57 |     17 |    44 |    +0.5% |   -0.144 |       -5.6 |      -32.5 |    608 | core/div/remainder\[64\]$_SDFFE_PP0P_/D
     868* |       0 |     140 |       57 |     17 |    44 |    +0.5% |   -0.144 |       -5.6 |      -32.5 |    608 | core/div/remainder\[64\]$_SDFFE_PP0P_/D
     869* |       0 |     140 |       57 |     17 |    44 |    +0.5% |   -0.144 |       -5.6 |      -32.5 |    608 | core/div/remainder\[64\]$_SDFFE_PP0P_/D
     870* |       0 |     140 |       57 |     17 |    44 |    +0.5% |   -0.144 |       -5.6 |      -32.5 |    608 | core/div/remainder\[64\]$_SDFFE_PP0P_/D
     870* |       0 |     140 |       57 |     17 |    44 |    +0.5% |   -0.144 |       -5.6 |      -32.5 |    608 | core/div/remainder\[64\]$_SDFFE_PP0P_/D
     873* |       0 |     141 |       57 |     17 |    44 |    +0.5% |   -0.144 |       -5.6 |      -32.6 |    608 | core/div/remainder\[64\]$_SDFFE_PP0P_/D
     875* |       0 |     141 |       57 |     17 |    45 |    +0.5% |   -0.144 |       -5.6 |      -32.5 |    608 | core/div/remainder\[64\]$_SDFFE_PP0P_/D
     876* |       0 |     141 |       57 |     17 |    45 |    +0.5% |   -0.144 |       -5.6 |      -32.5 |    608 | core/div/remainder\[64\]$_SDFFE_PP0P_/D
     878* |       0 |     141 |       57 |     17 |    45 |    +0.5% |   -0.144 |       -5.6 |      -32.5 |    608 | core/div/remainder\[64\]$_SDFFE_PP0P_/D
     879* |       0 |     141 |       57 |     17 |    45 |    +0.5% |   -0.144 |       -5.6 |      -32.5 |    608 | core/div/remainder\[64\]$_SDFFE_PP0P_/D
     880* |       0 |     141 |       57 |     17 |    45 |    +0.5% |   -0.144 |       -5.6 |      -32.5 |    608 | core/div/remainder\[64\]$_SDFFE_PP0P_/D
     880* |       0 |     141 |       57 |     17 |    45 |    +0.5% |   -0.144 |       -5.6 |      -32.5 |    608 | core/div/remainder\[64\]$_SDFFE_PP0P_/D
     881* |       0 |     141 |       57 |     17 |    45 |    +0.5% |   -0.144 |       -5.6 |      -32.5 |    608 | core/div/remainder\[64\]$_SDFFE_PP0P_/D
     883* |       0 |     141 |       57 |     17 |    45 |    +0.5% |   -0.144 |       -5.6 |      -32.5 |    608 | core/div/remainder\[64\]$_SDFFE_PP0P_/D
     884* |       0 |     141 |       57 |     17 |    45 |    +0.5% |   -0.144 |       -5.6 |      -32.5 |    608 | core/div/remainder\[64\]$_SDFFE_PP0P_/D
     885* |       0 |     141 |       57 |     17 |    45 |    +0.5% |   -0.144 |       -5.6 |      -32.5 |    608 | core/div/remainder\[64\]$_SDFFE_PP0P_/D
     886* |       0 |     141 |       57 |     17 |    45 |    +0.5% |   -0.144 |       -5.6 |      -32.5 |    608 | core/div/remainder\[64\]$_SDFFE_PP0P_/D
     887* |       0 |     141 |       57 |     17 |    45 |    +0.5% |   -0.144 |       -5.6 |      -32.5 |    608 | core/div/remainder\[64\]$_SDFFE_PP0P_/D
     888* |       0 |     141 |       57 |     17 |    45 |    +0.5% |   -0.144 |       -5.6 |      -32.5 |    608 | core/div/remainder\[64\]$_SDFFE_PP0P_/D
     890* |       0 |     142 |       57 |     17 |    45 |    +0.5% |   -0.144 |       -5.6 |      -32.6 |    608 | core/div/remainder\[64\]$_SDFFE_PP0P_/D
     892* |       0 |     141 |       57 |     17 |    45 |    +0.5% |   -0.144 |       -5.6 |      -32.5 |    608 | core/div/remainder\[64\]$_SDFFE_PP0P_/D
     893* |       0 |     141 |       57 |     17 |    45 |    +0.5% |   -0.144 |       -5.6 |      -32.5 |    608 | core/div/remainder\[64\]$_SDFFE_PP0P_/D
     895* |       0 |     142 |       57 |     17 |    45 |    +0.5% |   -0.144 |       -5.6 |      -32.5 |    608 | core/div/remainder\[64\]$_SDFFE_PP0P_/D
     896* |       0 |     142 |       57 |     17 |    45 |    +0.5% |   -0.144 |       -5.6 |      -32.5 |    608 | core/div/remainder\[64\]$_SDFFE_PP0P_/D
     897* |       0 |     142 |       57 |     17 |    45 |    +0.5% |   -0.144 |       -5.6 |      -32.5 |    608 | core/div/remainder\[64\]$_SDFFE_PP0P_/D
     898* |       0 |     142 |       57 |     17 |    45 |    +0.5% |   -0.144 |       -5.6 |      -32.5 |    608 | core/div/remainder\[64\]$_SDFFE_PP0P_/D
     899* |       0 |     142 |       57 |     17 |    45 |    +0.5% |   -0.144 |       -5.6 |      -32.5 |    608 | core/div/remainder\[64\]$_SDFFE_PP0P_/D
     900* |       0 |     142 |       57 |     17 |    45 |    +0.5% |   -0.144 |       -5.6 |      -32.5 |    608 | core/div/remainder\[64\]$_SDFFE_PP0P_/D
     900* |       0 |     142 |       57 |     17 |    45 |    +0.5% |   -0.144 |       -5.6 |      -32.5 |    608 | core/div/remainder\[64\]$_SDFFE_PP0P_/D
     901* |       0 |     142 |       57 |     17 |    45 |    +0.5% |   -0.144 |       -5.6 |      -32.5 |    608 | core/div/remainder\[64\]$_SDFFE_PP0P_/D
     902* |       0 |     142 |       57 |     17 |    45 |    +0.5% |   -0.144 |       -5.6 |      -32.5 |    608 | core/div/remainder\[64\]$_SDFFE_PP0P_/D
     903* |       0 |     142 |       57 |     17 |    45 |    +0.5% |   -0.144 |       -5.6 |      -32.5 |    608 | core/div/remainder\[64\]$_SDFFE_PP0P_/D
     904* |       0 |     142 |       57 |     17 |    45 |    +0.5% |   -0.144 |       -5.6 |      -32.5 |    608 | core/div/remainder\[64\]$_SDFFE_PP0P_/D
     906* |       0 |     142 |       57 |     17 |    45 |    +0.5% |   -0.144 |       -5.6 |      -32.5 |    608 | core/div/remainder\[64\]$_SDFFE_PP0P_/D
     907* |       0 |     142 |       57 |     17 |    45 |    +0.5% |   -0.144 |       -5.6 |      -32.5 |    608 | core/div/remainder\[64\]$_SDFFE_PP0P_/D
     909* |       0 |     142 |       57 |     17 |    45 |    +0.5% |   -0.144 |       -5.6 |      -32.5 |    608 | core/div/remainder\[64\]$_SDFFE_PP0P_/D
     910* |       0 |     142 |       57 |     17 |    45 |    +0.5% |   -0.144 |       -5.6 |      -32.5 |    608 | core/div/remainder\[64\]$_SDFFE_PP0P_/D
     910* |       0 |     142 |       57 |     17 |    45 |    +0.5% |   -0.144 |       -5.6 |      -32.5 |    608 | core/div/remainder\[64\]$_SDFFE_PP0P_/D
     911* |       0 |     142 |       57 |     17 |    45 |    +0.5% |   -0.144 |       -5.6 |      -32.5 |    608 | core/div/remainder\[64\]$_SDFFE_PP0P_/D
     912* |       0 |     142 |       57 |     17 |    45 |    +0.5% |   -0.144 |       -5.6 |      -32.5 |    608 | core/div/remainder\[64\]$_SDFFE_PP0P_/D
     913* |       0 |     142 |       57 |     17 |    45 |    +0.5% |   -0.144 |       -5.6 |      -32.5 |    608 | core/div/remainder\[64\]$_SDFFE_PP0P_/D
     916* |       0 |     143 |       57 |     18 |    45 |    +0.5% |   -0.144 |       -5.6 |      -32.5 |    608 | core/div/remainder\[64\]$_SDFFE_PP0P_/D
     918* |       0 |     143 |       57 |     18 |    45 |    +0.5% |   -0.144 |       -5.6 |      -32.5 |    608 | core/div/remainder\[64\]$_SDFFE_PP0P_/D
     919* |       0 |     143 |       57 |     18 |    45 |    +0.5% |   -0.144 |       -5.6 |      -32.5 |    608 | core/div/remainder\[64\]$_SDFFE_PP0P_/D
     920* |       0 |     143 |       57 |     18 |    45 |    +0.5% |   -0.144 |       -5.6 |      -32.5 |    608 | core/div/remainder\[64\]$_SDFFE_PP0P_/D
     920* |       0 |     143 |       57 |     18 |    45 |    +0.5% |   -0.144 |       -5.6 |      -32.5 |    608 | core/div/remainder\[64\]$_SDFFE_PP0P_/D
     921* |       0 |     143 |       57 |     18 |    45 |    +0.5% |   -0.144 |       -5.6 |      -32.5 |    608 | core/div/remainder\[64\]$_SDFFE_PP0P_/D
     922* |       0 |     143 |       57 |     18 |    45 |    +0.5% |   -0.144 |       -5.6 |      -32.5 |    608 | core/div/remainder\[64\]$_SDFFE_PP0P_/D
     923* |       0 |     143 |       57 |     18 |    45 |    +0.5% |   -0.144 |       -5.6 |      -32.5 |    608 | core/div/remainder\[64\]$_SDFFE_PP0P_/D
     928* |       0 |     145 |       57 |     19 |    45 |    +0.5% |   -0.144 |       -5.6 |      -32.4 |    608 | core/div/remainder\[64\]$_SDFFE_PP0P_/D
     929* |       0 |     145 |       57 |     19 |    45 |    +0.5% |   -0.144 |       -5.6 |      -32.4 |    608 | core/div/remainder\[64\]$_SDFFE_PP0P_/D
     930* |       0 |     145 |       57 |     19 |    45 |    +0.5% |   -0.144 |       -5.6 |      -32.4 |    608 | core/div/remainder\[64\]$_SDFFE_PP0P_/D
     930* |       0 |     145 |       57 |     19 |    45 |    +0.5% |   -0.144 |       -5.6 |      -32.4 |    608 | core/div/remainder\[64\]$_SDFFE_PP0P_/D
     933* |       0 |     147 |       57 |     19 |    45 |    +0.5% |   -0.144 |       -5.6 |      -32.7 |    608 | core/div/remainder\[64\]$_SDFFE_PP0P_/D
     934* |       0 |     147 |       57 |     19 |    45 |    +0.5% |   -0.144 |       -5.6 |      -32.7 |    608 | core/div/remainder\[64\]$_SDFFE_PP0P_/D
     935* |       0 |     147 |       57 |     19 |    45 |    +0.5% |   -0.144 |       -5.6 |      -32.7 |    608 | core/div/remainder\[64\]$_SDFFE_PP0P_/D
     937* |       0 |     147 |       57 |     19 |    45 |    +0.5% |   -0.144 |       -5.6 |      -32.7 |    608 | core/div/remainder\[64\]$_SDFFE_PP0P_/D
     940* |       0 |     148 |       57 |     20 |    45 |    +0.6% |   -0.144 |       -5.6 |      -32.9 |    608 | core/div/remainder\[64\]$_SDFFE_PP0P_/D
     941* |       0 |     147 |       57 |     19 |    45 |    +0.5% |   -0.144 |       -5.6 |      -32.7 |    608 | core/div/remainder\[64\]$_SDFFE_PP0P_/D
     942* |       0 |     147 |       57 |     19 |    45 |    +0.5% |   -0.144 |       -5.6 |      -32.7 |    608 | core/div/remainder\[64\]$_SDFFE_PP0P_/D
     944* |       0 |     147 |       57 |     19 |    45 |    +0.5% |   -0.144 |       -5.6 |      -32.7 |    608 | core/div/remainder\[64\]$_SDFFE_PP0P_/D
     945* |       0 |     147 |       57 |     19 |    45 |    +0.5% |   -0.144 |       -5.6 |      -32.7 |    608 | core/div/remainder\[64\]$_SDFFE_PP0P_/D
     946* |       0 |     147 |       57 |     19 |    45 |    +0.5% |   -0.144 |       -5.6 |      -32.7 |    608 | core/div/remainder\[64\]$_SDFFE_PP0P_/D
     948* |       0 |     147 |       57 |     19 |    45 |    +0.5% |   -0.144 |       -5.6 |      -32.7 |    608 | core/div/remainder\[64\]$_SDFFE_PP0P_/D
     949* |       0 |     147 |       57 |     19 |    45 |    +0.5% |   -0.144 |       -5.6 |      -32.7 |    608 | core/div/remainder\[64\]$_SDFFE_PP0P_/D
     950* |       0 |     147 |       57 |     19 |    45 |    +0.5% |   -0.144 |       -5.6 |      -32.7 |    608 | core/div/remainder\[64\]$_SDFFE_PP0P_/D
     950* |       0 |     147 |       57 |     19 |    45 |    +0.5% |   -0.144 |       -5.6 |      -32.7 |    608 | core/div/remainder\[64\]$_SDFFE_PP0P_/D
     952* |       0 |     147 |       57 |     19 |    45 |    +0.5% |   -0.144 |       -5.6 |      -32.7 |    608 | core/div/remainder\[64\]$_SDFFE_PP0P_/D
     953* |       0 |     147 |       57 |     19 |    45 |    +0.5% |   -0.144 |       -5.6 |      -32.7 |    608 | core/div/remainder\[64\]$_SDFFE_PP0P_/D
     954* |       0 |     147 |       57 |     19 |    45 |    +0.5% |   -0.144 |       -5.6 |      -32.7 |    608 | core/div/remainder\[64\]$_SDFFE_PP0P_/D
     956* |       0 |     147 |       57 |     19 |    45 |    +0.5% |   -0.144 |       -5.6 |      -32.7 |    608 | core/div/remainder\[64\]$_SDFFE_PP0P_/D
     957* |       0 |     147 |       57 |     19 |    45 |    +0.5% |   -0.144 |       -5.6 |      -32.7 |    608 | core/div/remainder\[64\]$_SDFFE_PP0P_/D
     959* |       0 |     147 |       57 |     19 |    45 |    +0.5% |   -0.144 |       -5.6 |      -32.7 |    608 | core/div/remainder\[64\]$_SDFFE_PP0P_/D
     960* |       0 |     147 |       57 |     19 |    45 |    +0.5% |   -0.144 |       -5.6 |      -32.7 |    608 | core/div/remainder\[64\]$_SDFFE_PP0P_/D
     961* |       0 |     147 |       57 |     19 |    45 |    +0.5% |   -0.144 |       -5.6 |      -32.7 |    608 | core/div/remainder\[64\]$_SDFFE_PP0P_/D
     963* |       0 |     147 |       57 |     19 |    45 |    +0.5% |   -0.144 |       -5.6 |      -32.7 |    608 | core/div/remainder\[64\]$_SDFFE_PP0P_/D
     964* |       0 |     147 |       57 |     19 |    45 |    +0.5% |   -0.144 |       -5.6 |      -32.7 |    608 | core/div/remainder\[64\]$_SDFFE_PP0P_/D
     966* |       0 |     147 |       57 |     19 |    45 |    +0.5% |   -0.144 |       -5.6 |      -32.7 |    608 | core/div/remainder\[64\]$_SDFFE_PP0P_/D
     968* |       0 |     147 |       57 |     19 |    45 |    +0.5% |   -0.144 |       -5.6 |      -32.7 |    608 | core/div/remainder\[64\]$_SDFFE_PP0P_/D
     970* |       0 |     147 |       57 |     20 |    45 |    +0.5% |   -0.144 |       -5.6 |      -32.8 |    608 | core/div/remainder\[64\]$_SDFFE_PP0P_/D
     970* |       0 |     147 |       57 |     19 |    45 |    +0.5% |   -0.144 |       -5.6 |      -32.7 |    608 | core/div/remainder\[64\]$_SDFFE_PP0P_/D
     971* |       0 |     147 |       57 |     19 |    45 |    +0.5% |   -0.144 |       -5.6 |      -32.7 |    608 | core/div/remainder\[64\]$_SDFFE_PP0P_/D
     972* |       0 |     147 |       57 |     19 |    45 |    +0.5% |   -0.144 |       -5.6 |      -32.7 |    608 | core/div/remainder\[64\]$_SDFFE_PP0P_/D
     973* |       0 |     147 |       57 |     19 |    45 |    +0.5% |   -0.144 |       -5.6 |      -32.7 |    608 | core/div/remainder\[64\]$_SDFFE_PP0P_/D
     974* |       0 |     147 |       57 |     19 |    45 |    +0.5% |   -0.144 |       -5.6 |      -32.7 |    608 | core/div/remainder\[64\]$_SDFFE_PP0P_/D
     978* |       0 |     148 |       57 |     20 |    45 |    +0.6% |   -0.144 |       -5.6 |      -32.9 |    608 | core/div/remainder\[64\]$_SDFFE_PP0P_/D
     979* |       0 |     148 |       57 |     20 |    45 |    +0.6% |   -0.144 |       -5.6 |      -32.9 |    608 | core/div/remainder\[64\]$_SDFFE_PP0P_/D
     980* |       0 |     148 |       57 |     20 |    45 |    +0.6% |   -0.144 |       -5.6 |      -32.9 |    608 | core/div/remainder\[64\]$_SDFFE_PP0P_/D
     980* |       0 |     148 |       57 |     20 |    45 |    +0.6% |   -0.144 |       -5.6 |      -32.9 |    608 | core/div/remainder\[64\]$_SDFFE_PP0P_/D
     981* |       0 |     148 |       57 |     20 |    45 |    +0.6% |   -0.144 |       -5.6 |      -32.9 |    608 | core/div/remainder\[64\]$_SDFFE_PP0P_/D
     987* |       0 |     153 |       57 |     20 |    45 |    +0.6% |   -0.144 |       -5.7 |      -27.2 |    608 | core/div/remainder\[64\]$_SDFFE_PP0P_/D
     989* |       0 |     153 |       57 |     21 |    45 |    +0.6% |   -0.144 |       -5.7 |      -27.3 |    608 | core/div/remainder\[64\]$_SDFFE_PP0P_/D
     990* |       0 |     153 |       57 |     21 |    45 |    +0.6% |   -0.144 |       -5.7 |      -27.3 |    608 | core/div/remainder\[64\]$_SDFFE_PP0P_/D
     990* |       0 |     153 |       57 |     21 |    45 |    +0.6% |   -0.144 |       -5.7 |      -27.3 |    608 | core/div/remainder\[64\]$_SDFFE_PP0P_/D
     991* |       0 |     153 |       57 |     21 |    45 |    +0.6% |   -0.144 |       -5.7 |      -27.3 |    608 | core/div/remainder\[64\]$_SDFFE_PP0P_/D
     992* |       0 |     153 |       57 |     21 |    45 |    +0.6% |   -0.144 |       -5.7 |      -27.3 |    608 | core/div/remainder\[64\]$_SDFFE_PP0P_/D
     993* |       0 |     153 |       57 |     21 |    45 |    +0.6% |   -0.144 |       -5.7 |      -27.3 |    608 | core/div/remainder\[64\]$_SDFFE_PP0P_/D
     994* |       0 |     153 |       57 |     21 |    45 |    +0.6% |   -0.144 |       -5.7 |      -27.3 |    608 | core/div/remainder\[64\]$_SDFFE_PP0P_/D
     996* |       0 |     153 |       57 |     22 |    45 |    +0.6% |   -0.144 |       -5.7 |      -27.4 |    608 | core/div/remainder\[64\]$_SDFFE_PP0P_/D
     997* |       0 |     153 |       57 |     22 |    45 |    +0.6% |   -0.144 |       -5.7 |      -27.4 |    608 | core/div/remainder\[64\]$_SDFFE_PP0P_/D
     998* |       0 |     153 |       57 |     22 |    45 |    +0.6% |   -0.144 |       -5.7 |      -27.4 |    608 | core/div/remainder\[64\]$_SDFFE_PP0P_/D
     999* |       0 |     153 |       57 |     22 |    45 |    +0.6% |   -0.144 |       -5.7 |      -27.4 |    608 | core/div/remainder\[64\]$_SDFFE_PP0P_/D
    1000* |       0 |     153 |       57 |     22 |    45 |    +0.6% |   -0.144 |       -5.7 |      -27.4 |    608 | core/div/remainder\[64\]$_SDFFE_PP0P_/D
    1000* |       0 |     153 |       57 |     22 |    45 |    +0.6% |   -0.144 |       -5.7 |      -27.4 |    608 | core/div/remainder\[64\]$_SDFFE_PP0P_/D
    1001* |       0 |     153 |       57 |     22 |    45 |    +0.6% |   -0.144 |       -5.7 |      -27.4 |    608 | core/div/remainder\[64\]$_SDFFE_PP0P_/D
    1002* |       0 |     153 |       57 |     22 |    45 |    +0.6% |   -0.144 |       -5.7 |      -27.4 |    608 | core/div/remainder\[64\]$_SDFFE_PP0P_/D
    1003* |       0 |     153 |       57 |     22 |    45 |    +0.6% |   -0.144 |       -5.7 |      -27.4 |    608 | core/div/remainder\[64\]$_SDFFE_PP0P_/D
    1007* |       0 |     156 |       57 |     22 |    45 |    +0.6% |   -0.144 |       -5.7 |      -27.4 |    608 | core/div/remainder\[64\]$_SDFFE_PP0P_/D
    1008* |       0 |     156 |       57 |     22 |    45 |    +0.6% |   -0.144 |       -5.7 |      -27.4 |    608 | core/div/remainder\[64\]$_SDFFE_PP0P_/D
    1009* |       0 |     156 |       57 |     22 |    45 |    +0.6% |   -0.144 |       -5.7 |      -27.4 |    608 | core/div/remainder\[64\]$_SDFFE_PP0P_/D
    1010* |       0 |     156 |       57 |     22 |    45 |    +0.6% |   -0.144 |       -5.7 |      -27.4 |    608 | core/div/remainder\[64\]$_SDFFE_PP0P_/D
    1010* |       0 |     156 |       57 |     22 |    45 |    +0.6% |   -0.144 |       -5.7 |      -27.4 |    608 | core/div/remainder\[64\]$_SDFFE_PP0P_/D
    1011* |       0 |     156 |       57 |     22 |    45 |    +0.6% |   -0.144 |       -5.7 |      -27.4 |    608 | core/div/remainder\[64\]$_SDFFE_PP0P_/D
    1020* |       0 |     162 |       57 |     22 |    47 |    +0.6% |   -0.144 |       -5.7 |      -27.3 |    608 | core/div/remainder\[64\]$_SDFFE_PP0P_/D
    1030* |       0 |     168 |       59 |     22 |    49 |    +0.6% |   -0.142 |       -5.5 |      -27.2 |    608 | core/div/remainder\[62\]$_SDFFE_PP0P_/D
    1040* |       0 |     176 |       59 |     22 |    51 |    +0.6% |   -0.142 |       -5.5 |      -27.1 |    608 | core/div/remainder\[62\]$_SDFFE_PP0P_/D
    1050* |       1 |     180 |       61 |     22 |    54 |    +0.6% |   -0.142 |       -5.5 |      -27.1 |    608 | core/div/remainder\[62\]$_SDFFE_PP0P_/D
    1054* |       1 |     179 |       60 |     22 |    53 |    +0.6% |   -0.142 |       -5.5 |      -27.1 |    608 | core/div/remainder\[62\]$_SDFFE_PP0P_/D
    1055* |       1 |     179 |       60 |     22 |    53 |    +0.6% |   -0.142 |       -5.5 |      -27.1 |    608 | core/div/remainder\[62\]$_SDFFE_PP0P_/D
    1056* |       1 |     179 |       60 |     22 |    53 |    +0.6% |   -0.142 |       -5.5 |      -27.1 |    608 | core/div/remainder\[62\]$_SDFFE_PP0P_/D
    1057* |       1 |     179 |       60 |     22 |    53 |    +0.6% |   -0.142 |       -5.5 |      -27.1 |    608 | core/div/remainder\[62\]$_SDFFE_PP0P_/D
    1058* |       1 |     179 |       60 |     22 |    53 |    +0.6% |   -0.142 |       -5.5 |      -27.1 |    608 | core/div/remainder\[62\]$_SDFFE_PP0P_/D
    1059* |       1 |     179 |       60 |     22 |    53 |    +0.6% |   -0.142 |       -5.5 |      -27.1 |    608 | core/div/remainder\[62\]$_SDFFE_PP0P_/D
    1060* |       1 |     179 |       60 |     22 |    53 |    +0.6% |   -0.142 |       -5.5 |      -27.1 |    608 | core/div/remainder\[62\]$_SDFFE_PP0P_/D
    1060* |       1 |     179 |       60 |     22 |    53 |    +0.6% |   -0.142 |       -5.5 |      -27.1 |    608 | core/div/remainder\[62\]$_SDFFE_PP0P_/D
    1061* |       1 |     179 |       60 |     22 |    53 |    +0.6% |   -0.142 |       -5.5 |      -27.1 |    608 | core/div/remainder\[62\]$_SDFFE_PP0P_/D
    1062* |       1 |     179 |       60 |     22 |    53 |    +0.6% |   -0.142 |       -5.5 |      -27.1 |    608 | core/div/remainder\[62\]$_SDFFE_PP0P_/D
    1064* |       1 |     180 |       60 |     22 |    53 |    +0.6% |   -0.142 |       -5.6 |      -27.1 |    608 | core/div/remainder\[62\]$_SDFFE_PP0P_/D
    1065* |       1 |     180 |       60 |     22 |    53 |    +0.6% |   -0.142 |       -5.6 |      -27.1 |    608 | core/div/remainder\[62\]$_SDFFE_PP0P_/D
    1066* |       1 |     180 |       60 |     22 |    53 |    +0.6% |   -0.142 |       -5.6 |      -27.1 |    608 | core/div/remainder\[62\]$_SDFFE_PP0P_/D
    1067* |       1 |     180 |       60 |     22 |    53 |    +0.6% |   -0.142 |       -5.6 |      -27.1 |    608 | core/div/remainder\[62\]$_SDFFE_PP0P_/D
    1070* |       1 |     181 |       60 |     23 |    53 |    +0.6% |   -0.142 |       -5.6 |      -27.4 |    608 | core/div/remainder\[62\]$_SDFFE_PP0P_/D
    1072* |       1 |     181 |       60 |     22 |    53 |    +0.6% |   -0.142 |       -5.6 |      -27.2 |    608 | core/div/remainder\[62\]$_SDFFE_PP0P_/D
    1073* |       1 |     181 |       60 |     22 |    53 |    +0.6% |   -0.142 |       -5.6 |      -27.2 |    608 | core/div/remainder\[62\]$_SDFFE_PP0P_/D
    1074* |       1 |     181 |       60 |     22 |    53 |    +0.6% |   -0.142 |       -5.6 |      -27.2 |    608 | core/div/remainder\[62\]$_SDFFE_PP0P_/D
    1079* |       1 |     183 |       60 |     24 |    53 |    +0.7% |   -0.142 |       -5.6 |      -27.6 |    608 | core/div/remainder\[62\]$_SDFFE_PP0P_/D
    1080* |       1 |     183 |       60 |     24 |    53 |    +0.7% |   -0.142 |       -5.6 |      -27.6 |    608 | core/div/remainder\[62\]$_SDFFE_PP0P_/D
    1080* |       1 |     183 |       60 |     24 |    53 |    +0.7% |   -0.142 |       -5.6 |      -27.6 |    608 | core/div/remainder\[62\]$_SDFFE_PP0P_/D
    1081* |       1 |     183 |       60 |     24 |    53 |    +0.7% |   -0.142 |       -5.6 |      -27.6 |    608 | core/div/remainder\[62\]$_SDFFE_PP0P_/D
    1082* |       1 |     183 |       60 |     24 |    53 |    +0.7% |   -0.142 |       -5.6 |      -27.6 |    608 | core/div/remainder\[62\]$_SDFFE_PP0P_/D
    1083* |       1 |     183 |       60 |     24 |    53 |    +0.7% |   -0.142 |       -5.6 |      -27.6 |    608 | core/div/remainder\[62\]$_SDFFE_PP0P_/D
    1087* |       1 |     183 |       60 |     24 |    53 |    +0.7% |   -0.142 |       -5.6 |      -27.6 |    608 | core/div/remainder\[62\]$_SDFFE_PP0P_/D
    1088* |       1 |     183 |       60 |     24 |    53 |    +0.7% |   -0.142 |       -5.6 |      -27.6 |    608 | core/div/remainder\[62\]$_SDFFE_PP0P_/D
    1089* |       1 |     183 |       60 |     24 |    53 |    +0.7% |   -0.142 |       -5.6 |      -27.6 |    608 | core/div/remainder\[62\]$_SDFFE_PP0P_/D
    1090* |       1 |     183 |       60 |     24 |    53 |    +0.7% |   -0.142 |       -5.6 |      -27.6 |    608 | core/div/remainder\[62\]$_SDFFE_PP0P_/D
    1093* |       1 |     183 |       60 |     24 |    53 |    +0.7% |   -0.142 |       -5.6 |      -27.6 |    608 | core/div/remainder\[62\]$_SDFFE_PP0P_/D
    1094* |       1 |     183 |       60 |     24 |    53 |    +0.7% |   -0.142 |       -5.6 |      -27.6 |    608 | core/div/remainder\[62\]$_SDFFE_PP0P_/D
    1098* |       1 |     183 |       60 |     24 |    53 |    +0.7% |   -0.142 |       -5.6 |      -27.6 |    608 | core/div/remainder\[62\]$_SDFFE_PP0P_/D
    1099* |       1 |     183 |       60 |     24 |    53 |    +0.7% |   -0.142 |       -5.6 |      -27.6 |    608 | core/div/remainder\[62\]$_SDFFE_PP0P_/D
    1100* |       1 |     183 |       60 |     24 |    53 |    +0.7% |   -0.142 |       -5.6 |      -27.6 |    608 | core/div/remainder\[62\]$_SDFFE_PP0P_/D
    1100* |       1 |     183 |       60 |     24 |    53 |    +0.7% |   -0.142 |       -5.6 |      -27.6 |    608 | core/div/remainder\[62\]$_SDFFE_PP0P_/D
    1104* |       1 |     183 |       60 |     24 |    53 |    +0.7% |   -0.142 |       -5.6 |      -27.6 |    608 | core/div/remainder\[62\]$_SDFFE_PP0P_/D
    1108* |       1 |     183 |       60 |     24 |    53 |    +0.7% |   -0.142 |       -5.6 |      -27.6 |    608 | core/div/remainder\[62\]$_SDFFE_PP0P_/D
    1110* |       1 |     184 |       60 |     24 |    53 |    +0.7% |   -0.142 |       -5.6 |      -27.6 |    608 | core/div/remainder\[62\]$_SDFFE_PP0P_/D
    1110* |       1 |     183 |       60 |     24 |    53 |    +0.7% |   -0.142 |       -5.6 |      -27.6 |    608 | core/div/remainder\[62\]$_SDFFE_PP0P_/D
    1114* |       1 |     183 |       60 |     24 |    53 |    +0.7% |   -0.142 |       -5.6 |      -27.6 |    608 | core/div/remainder\[62\]$_SDFFE_PP0P_/D
    1116* |       1 |     183 |       60 |     24 |    53 |    +0.7% |   -0.142 |       -5.6 |      -27.6 |    608 | core/div/remainder\[62\]$_SDFFE_PP0P_/D
    1120* |       1 |     184 |       64 |     25 |    53 |    +0.7% |   -0.142 |       -5.6 |      -27.6 |    608 | core/div/remainder\[62\]$_SDFFE_PP0P_/D
    1121* |       1 |     183 |       60 |     24 |    53 |    +0.7% |   -0.142 |       -5.6 |      -27.6 |    608 | core/div/remainder\[62\]$_SDFFE_PP0P_/D
    1125* |       1 |     183 |       60 |     24 |    53 |    +0.7% |   -0.142 |       -5.6 |      -27.6 |    608 | core/div/remainder\[62\]$_SDFFE_PP0P_/D
    1127* |       1 |     183 |       60 |     24 |    53 |    +0.7% |   -0.142 |       -5.6 |      -27.6 |    608 | core/div/remainder\[62\]$_SDFFE_PP0P_/D
    1129* |       1 |     183 |       60 |     24 |    53 |    +0.7% |   -0.142 |       -5.6 |      -27.6 |    608 | core/div/remainder\[62\]$_SDFFE_PP0P_/D
    1130* |       1 |     183 |       60 |     24 |    53 |    +0.7% |   -0.142 |       -5.6 |      -27.6 |    608 | core/div/remainder\[62\]$_SDFFE_PP0P_/D
    1134* |       1 |     183 |       60 |     24 |    53 |    +0.7% |   -0.142 |       -5.6 |      -27.6 |    608 | core/div/remainder\[62\]$_SDFFE_PP0P_/D
    1135* |       1 |     183 |       60 |     24 |    53 |    +0.7% |   -0.142 |       -5.6 |      -27.6 |    608 | core/div/remainder\[62\]$_SDFFE_PP0P_/D
    1136* |       1 |     183 |       60 |     24 |    53 |    +0.7% |   -0.142 |       -5.6 |      -27.6 |    608 | core/div/remainder\[62\]$_SDFFE_PP0P_/D
    1138* |       1 |     184 |       60 |     24 |    53 |    +0.7% |   -0.142 |       -5.6 |      -27.6 |    608 | core/div/remainder\[62\]$_SDFFE_PP0P_/D
    1139* |       1 |     184 |       60 |     24 |    53 |    +0.7% |   -0.142 |       -5.6 |      -27.6 |    608 | core/div/remainder\[62\]$_SDFFE_PP0P_/D
    1140* |       1 |     184 |       60 |     24 |    53 |    +0.7% |   -0.142 |       -5.6 |      -27.6 |    608 | core/div/remainder\[62\]$_SDFFE_PP0P_/D
    1140* |       1 |     184 |       60 |     24 |    53 |    +0.7% |   -0.142 |       -5.6 |      -27.6 |    608 | core/div/remainder\[62\]$_SDFFE_PP0P_/D
    1141* |       1 |     184 |       60 |     24 |    53 |    +0.7% |   -0.142 |       -5.6 |      -27.6 |    608 | core/div/remainder\[62\]$_SDFFE_PP0P_/D
    1142* |       1 |     184 |       60 |     24 |    53 |    +0.7% |   -0.142 |       -5.6 |      -27.6 |    608 | core/div/remainder\[62\]$_SDFFE_PP0P_/D
    1143* |       1 |     184 |       60 |     24 |    53 |    +0.7% |   -0.142 |       -5.6 |      -27.6 |    608 | core/div/remainder\[62\]$_SDFFE_PP0P_/D
    1148* |       1 |     187 |       60 |     25 |    53 |    +0.7% |   -0.142 |       -5.6 |      -27.8 |    608 | core/div/remainder\[62\]$_SDFFE_PP0P_/D
    1149* |       1 |     187 |       60 |     25 |    53 |    +0.7% |   -0.142 |       -5.6 |      -27.8 |    608 | core/div/remainder\[62\]$_SDFFE_PP0P_/D
    1150* |       1 |     187 |       60 |     25 |    53 |    +0.7% |   -0.142 |       -5.6 |      -27.8 |    608 | core/div/remainder\[62\]$_SDFFE_PP0P_/D
    1151* |       1 |     188 |       60 |     25 |    53 |    +0.7% |   -0.142 |       -5.6 |      -27.8 |    608 | core/div/remainder\[62\]$_SDFFE_PP0P_/D
    1152* |       1 |     188 |       60 |     25 |    53 |    +0.7% |   -0.142 |       -5.6 |      -27.8 |    608 | core/div/remainder\[62\]$_SDFFE_PP0P_/D
    1153* |       1 |     188 |       60 |     25 |    53 |    +0.7% |   -0.142 |       -5.6 |      -27.8 |    608 | core/div/remainder\[62\]$_SDFFE_PP0P_/D
    1154* |       1 |     188 |       60 |     25 |    53 |    +0.7% |   -0.142 |       -5.6 |      -27.8 |    608 | core/div/remainder\[62\]$_SDFFE_PP0P_/D
    1155* |       1 |     188 |       60 |     25 |    53 |    +0.7% |   -0.142 |       -5.6 |      -27.8 |    608 | core/div/remainder\[62\]$_SDFFE_PP0P_/D
    1156* |       1 |     188 |       60 |     25 |    53 |    +0.7% |   -0.142 |       -5.6 |      -27.8 |    608 | core/div/remainder\[62\]$_SDFFE_PP0P_/D
    1157* |       1 |     188 |       60 |     25 |    53 |    +0.7% |   -0.142 |       -5.6 |      -27.8 |    608 | core/div/remainder\[62\]$_SDFFE_PP0P_/D
    1158* |       1 |     188 |       60 |     25 |    53 |    +0.7% |   -0.142 |       -5.6 |      -27.8 |    608 | core/div/remainder\[62\]$_SDFFE_PP0P_/D
    1159* |       1 |     188 |       60 |     25 |    53 |    +0.7% |   -0.142 |       -5.6 |      -27.8 |    608 | core/div/remainder\[62\]$_SDFFE_PP0P_/D
    1160* |       1 |     188 |       60 |     25 |    53 |    +0.7% |   -0.142 |       -5.6 |      -27.8 |    608 | core/div/remainder\[62\]$_SDFFE_PP0P_/D
    1160* |       1 |     188 |       60 |     25 |    53 |    +0.7% |   -0.142 |       -5.6 |      -27.8 |    608 | core/div/remainder\[62\]$_SDFFE_PP0P_/D
    1165* |       1 |     188 |       60 |     25 |    53 |    +0.7% |   -0.142 |       -5.6 |      -27.8 |    608 | core/div/remainder\[62\]$_SDFFE_PP0P_/D
    1166* |       1 |     188 |       60 |     25 |    53 |    +0.7% |   -0.142 |       -5.6 |      -27.8 |    608 | core/div/remainder\[62\]$_SDFFE_PP0P_/D
    1169* |       1 |     190 |       60 |     25 |    53 |    +0.7% |   -0.142 |       -5.6 |      -27.8 |    608 | core/div/remainder\[62\]$_SDFFE_PP0P_/D
    1170* |       1 |     190 |       60 |     25 |    53 |    +0.7% |   -0.142 |       -5.6 |      -27.8 |    608 | core/div/remainder\[62\]$_SDFFE_PP0P_/D
    1170* |       1 |     190 |       60 |     25 |    53 |    +0.7% |   -0.142 |       -5.6 |      -27.8 |    608 | core/div/remainder\[62\]$_SDFFE_PP0P_/D
    1171* |       1 |     190 |       60 |     25 |    53 |    +0.7% |   -0.142 |       -5.6 |      -27.8 |    608 | core/div/remainder\[62\]$_SDFFE_PP0P_/D
    1177* |       1 |     191 |       60 |     25 |    53 |    +0.7% |   -0.142 |       -5.6 |      -27.8 |    608 | core/div/remainder\[62\]$_SDFFE_PP0P_/D
    1178* |       1 |     191 |       60 |     25 |    53 |    +0.7% |   -0.142 |       -5.6 |      -27.8 |    608 | core/div/remainder\[62\]$_SDFFE_PP0P_/D
    1180* |       1 |     191 |       62 |     25 |    53 |    +0.7% |   -0.142 |       -5.6 |      -28.1 |    608 | core/div/remainder\[62\]$_SDFFE_PP0P_/D
    1183* |       1 |     191 |       60 |     25 |    53 |    +0.7% |   -0.142 |       -5.6 |      -27.8 |    608 | core/div/remainder\[62\]$_SDFFE_PP0P_/D
    1184* |       1 |     191 |       60 |     25 |    53 |    +0.7% |   -0.142 |       -5.6 |      -27.8 |    608 | core/div/remainder\[62\]$_SDFFE_PP0P_/D
    1189* |       1 |     191 |       60 |     25 |    53 |    +0.7% |   -0.142 |       -5.6 |      -27.8 |    608 | core/div/remainder\[62\]$_SDFFE_PP0P_/D
    1190* |       1 |     191 |       60 |     25 |    53 |    +0.7% |   -0.142 |       -5.6 |      -27.8 |    608 | core/div/remainder\[62\]$_SDFFE_PP0P_/D
    1190* |       1 |     191 |       60 |     25 |    53 |    +0.7% |   -0.142 |       -5.6 |      -27.8 |    608 | core/div/remainder\[62\]$_SDFFE_PP0P_/D
    1195* |       1 |     191 |       60 |     25 |    53 |    +0.7% |   -0.142 |       -5.6 |      -27.8 |    608 | core/div/remainder\[62\]$_SDFFE_PP0P_/D
    1200* |       1 |     193 |       62 |     26 |    53 |    +0.7% |   -0.142 |       -5.6 |      -28.1 |    608 | core/div/remainder\[62\]$_SDFFE_PP0P_/D
    1200* |       1 |     191 |       60 |     25 |    53 |    +0.7% |   -0.142 |       -5.6 |      -27.8 |    608 | core/div/remainder\[62\]$_SDFFE_PP0P_/D
    1200* |       1 |     191 |       60 |     25 |    53 |    +0.7% |   -0.142 |       -5.6 |      -27.8 |    608 | core/div/remainder\[62\]$_SDFFE_PP0P_/D
    1200+ |       1 |     191 |       60 |     25 |    53 |    +0.7% |   -0.142 |       -5.6 |      -27.8 |    442 | core/div/remainder\[62\]$_SDFFE_PP0P_/D
    1203+ |       1 |     192 |       60 |     25 |    54 |    +0.7% |   -0.141 |       -5.6 |      -27.8 |    442 | core/div/remainder\[64\]$_SDFFE_PP0P_/D
    1204+ |       1 |     192 |       60 |     25 |    54 |    +0.7% |   -0.141 |       -5.6 |      -27.8 |    442 | core/div/remainder\[64\]$_SDFFE_PP0P_/D
    1206+ |       1 |     193 |       60 |     25 |    54 |    +0.7% |   -0.141 |       -5.5 |      -27.8 |    442 | core/div/remainder\[64\]$_SDFFE_PP0P_/D
    1207+ |       1 |     193 |       60 |     25 |    54 |    +0.7% |   -0.141 |       -5.5 |      -27.8 |    442 | core/div/remainder\[64\]$_SDFFE_PP0P_/D
    1208+ |       1 |     193 |       60 |     25 |    54 |    +0.7% |   -0.141 |       -5.5 |      -27.8 |    442 | core/div/remainder\[64\]$_SDFFE_PP0P_/D
    1210+ |       1 |     194 |       60 |     25 |    54 |    +0.7% |   -0.141 |       -5.5 |      -27.8 |    442 | core/div/remainder\[64\]$_SDFFE_PP0P_/D
    1210+ |       1 |     194 |       60 |     25 |    54 |    +0.7% |   -0.141 |       -5.5 |      -27.8 |    442 | core/div/remainder\[64\]$_SDFFE_PP0P_/D
    1211+ |       1 |     194 |       60 |     25 |    54 |    +0.7% |   -0.141 |       -5.5 |      -27.8 |    442 | core/div/remainder\[64\]$_SDFFE_PP0P_/D
    1212+ |       1 |     194 |       60 |     25 |    54 |    +0.7% |   -0.141 |       -5.5 |      -27.8 |    442 | core/div/remainder\[64\]$_SDFFE_PP0P_/D
    1214+ |       1 |     194 |       60 |     25 |    55 |    +0.7% |   -0.141 |       -5.5 |      -27.8 |    442 | core/div/remainder\[64\]$_SDFFE_PP0P_/D
    1215+ |       1 |     194 |       60 |     25 |    55 |    +0.7% |   -0.141 |       -5.5 |      -27.8 |    442 | core/div/remainder\[64\]$_SDFFE_PP0P_/D
    1217+ |       1 |     195 |       60 |     25 |    55 |    +0.7% |   -0.141 |       -5.5 |      -27.8 |    442 | core/div/remainder\[64\]$_SDFFE_PP0P_/D
    1218+ |       1 |     195 |       60 |     25 |    55 |    +0.7% |   -0.141 |       -5.5 |      -27.8 |    442 | core/div/remainder\[64\]$_SDFFE_PP0P_/D
    1219+ |       1 |     195 |       60 |     25 |    55 |    +0.7% |   -0.141 |       -5.5 |      -27.8 |    442 | core/div/remainder\[64\]$_SDFFE_PP0P_/D
    1220+ |       1 |     195 |       60 |     25 |    55 |    +0.7% |   -0.141 |       -5.5 |      -27.8 |    442 | core/div/remainder\[64\]$_SDFFE_PP0P_/D
    1220+ |       1 |     195 |       60 |     25 |    55 |    +0.7% |   -0.141 |       -5.5 |      -27.8 |    442 | core/div/remainder\[64\]$_SDFFE_PP0P_/D
    1221+ |       1 |     195 |       60 |     25 |    55 |    +0.7% |   -0.141 |       -5.5 |      -27.8 |    442 | core/div/remainder\[64\]$_SDFFE_PP0P_/D
    1222+ |       1 |     195 |       60 |     25 |    55 |    +0.7% |   -0.141 |       -5.5 |      -27.8 |    442 | core/div/remainder\[64\]$_SDFFE_PP0P_/D
    1223+ |       1 |     195 |       60 |     25 |    55 |    +0.7% |   -0.141 |       -5.5 |      -27.8 |    442 | core/div/remainder\[64\]$_SDFFE_PP0P_/D
    1224+ |       1 |     195 |       60 |     25 |    55 |    +0.7% |   -0.141 |       -5.5 |      -27.8 |    442 | core/div/remainder\[64\]$_SDFFE_PP0P_/D
    1228+ |       1 |     196 |       60 |     25 |    57 |    +0.7% |   -0.141 |       -5.5 |      -27.8 |    442 | core/div/remainder\[64\]$_SDFFE_PP0P_/D
    1229+ |       1 |     196 |       60 |     25 |    57 |    +0.7% |   -0.141 |       -5.5 |      -27.8 |    442 | core/div/remainder\[64\]$_SDFFE_PP0P_/D
    1230+ |       1 |     196 |       60 |     25 |    57 |    +0.7% |   -0.141 |       -5.5 |      -27.8 |    442 | core/div/remainder\[64\]$_SDFFE_PP0P_/D
    1230+ |       1 |     196 |       60 |     25 |    57 |    +0.7% |   -0.141 |       -5.5 |      -27.8 |    442 | core/div/remainder\[64\]$_SDFFE_PP0P_/D
    1231+ |       1 |     196 |       60 |     25 |    57 |    +0.7% |   -0.141 |       -5.5 |      -27.8 |    442 | core/div/remainder\[64\]$_SDFFE_PP0P_/D
    1232+ |       1 |     196 |       60 |     25 |    57 |    +0.7% |   -0.141 |       -5.5 |      -27.8 |    442 | core/div/remainder\[64\]$_SDFFE_PP0P_/D
    1233+ |       1 |     196 |       60 |     25 |    57 |    +0.7% |   -0.141 |       -5.5 |      -27.8 |    442 | core/div/remainder\[64\]$_SDFFE_PP0P_/D
    1235+ |       1 |     197 |       60 |     25 |    57 |    +0.7% |   -0.141 |       -5.5 |      -27.7 |    442 | core/div/remainder\[64\]$_SDFFE_PP0P_/D
    1236+ |       1 |     197 |       60 |     25 |    57 |    +0.7% |   -0.141 |       -5.5 |      -27.7 |    442 | core/div/remainder\[64\]$_SDFFE_PP0P_/D
    1237+ |       1 |     197 |       60 |     25 |    57 |    +0.7% |   -0.141 |       -5.5 |      -27.7 |    442 | core/div/remainder\[64\]$_SDFFE_PP0P_/D
    1238+ |       1 |     197 |       60 |     25 |    57 |    +0.7% |   -0.141 |       -5.5 |      -27.7 |    442 | core/div/remainder\[64\]$_SDFFE_PP0P_/D
    1239+ |       1 |     197 |       60 |     25 |    57 |    +0.7% |   -0.141 |       -5.5 |      -27.7 |    442 | core/div/remainder\[64\]$_SDFFE_PP0P_/D
    1240+ |       1 |     197 |       60 |     25 |    57 |    +0.7% |   -0.141 |       -5.5 |      -27.7 |    442 | core/div/remainder\[64\]$_SDFFE_PP0P_/D
    1240+ |       1 |     197 |       60 |     25 |    57 |    +0.7% |   -0.141 |       -5.5 |      -27.7 |    442 | core/div/remainder\[64\]$_SDFFE_PP0P_/D
    1241+ |       1 |     197 |       60 |     25 |    57 |    +0.7% |   -0.141 |       -5.5 |      -27.7 |    442 | core/div/remainder\[64\]$_SDFFE_PP0P_/D
    1242+ |       1 |     197 |       60 |     25 |    57 |    +0.7% |   -0.141 |       -5.5 |      -27.7 |    442 | core/div/remainder\[64\]$_SDFFE_PP0P_/D
    1243+ |       1 |     197 |       60 |     25 |    57 |    +0.7% |   -0.141 |       -5.5 |      -27.7 |    442 | core/div/remainder\[64\]$_SDFFE_PP0P_/D
    1244+ |       1 |     197 |       60 |     25 |    57 |    +0.7% |   -0.141 |       -5.5 |      -27.7 |    442 | core/div/remainder\[64\]$_SDFFE_PP0P_/D
    1245+ |       1 |     197 |       60 |     25 |    57 |    +0.7% |   -0.141 |       -5.5 |      -27.7 |    442 | core/div/remainder\[64\]$_SDFFE_PP0P_/D
    1246+ |       1 |     197 |       60 |     25 |    57 |    +0.7% |   -0.141 |       -5.5 |      -27.7 |    442 | core/div/remainder\[64\]$_SDFFE_PP0P_/D
    1247+ |       1 |     197 |       60 |     25 |    57 |    +0.7% |   -0.141 |       -5.5 |      -27.7 |    442 | core/div/remainder\[64\]$_SDFFE_PP0P_/D
    1248+ |       1 |     197 |       60 |     25 |    57 |    +0.7% |   -0.141 |       -5.5 |      -27.7 |    442 | core/div/remainder\[64\]$_SDFFE_PP0P_/D
    1249+ |       1 |     197 |       60 |     25 |    57 |    +0.7% |   -0.141 |       -5.5 |      -27.7 |    442 | core/div/remainder\[64\]$_SDFFE_PP0P_/D
    1250+ |       1 |     197 |       60 |     25 |    57 |    +0.7% |   -0.141 |       -5.5 |      -27.7 |    442 | core/div/remainder\[64\]$_SDFFE_PP0P_/D
    1250+ |       1 |     197 |       60 |     25 |    57 |    +0.7% |   -0.141 |       -5.5 |      -27.7 |    442 | core/div/remainder\[64\]$_SDFFE_PP0P_/D
    1251+ |       1 |     197 |       60 |     25 |    57 |    +0.7% |   -0.141 |       -5.5 |      -27.7 |    442 | core/div/remainder\[64\]$_SDFFE_PP0P_/D
    1252+ |       1 |     197 |       60 |     25 |    57 |    +0.7% |   -0.141 |       -5.5 |      -27.7 |    442 | core/div/remainder\[64\]$_SDFFE_PP0P_/D
    1253+ |       1 |     197 |       60 |     25 |    57 |    +0.7% |   -0.141 |       -5.5 |      -27.7 |    442 | core/div/remainder\[64\]$_SDFFE_PP0P_/D
    1254+ |       1 |     197 |       60 |     25 |    57 |    +0.7% |   -0.141 |       -5.5 |      -27.7 |    442 | core/div/remainder\[64\]$_SDFFE_PP0P_/D
    1255+ |       1 |     197 |       60 |     25 |    57 |    +0.7% |   -0.141 |       -5.5 |      -27.7 |    442 | core/div/remainder\[64\]$_SDFFE_PP0P_/D
    1256+ |       1 |     197 |       60 |     25 |    57 |    +0.7% |   -0.141 |       -5.5 |      -27.7 |    442 | core/div/remainder\[64\]$_SDFFE_PP0P_/D
    1257+ |       1 |     197 |       60 |     25 |    57 |    +0.7% |   -0.141 |       -5.5 |      -27.7 |    442 | core/div/remainder\[64\]$_SDFFE_PP0P_/D
    1258+ |       1 |     197 |       60 |     25 |    57 |    +0.7% |   -0.141 |       -5.5 |      -27.7 |    442 | core/div/remainder\[64\]$_SDFFE_PP0P_/D
    1259+ |       1 |     197 |       60 |     25 |    57 |    +0.7% |   -0.141 |       -5.5 |      -27.7 |    442 | core/div/remainder\[64\]$_SDFFE_PP0P_/D
    1260+ |       1 |     197 |       60 |     25 |    57 |    +0.7% |   -0.141 |       -5.5 |      -27.7 |    442 | core/div/remainder\[64\]$_SDFFE_PP0P_/D
    1260+ |       1 |     197 |       60 |     25 |    57 |    +0.7% |   -0.141 |       -5.5 |      -27.7 |    442 | core/div/remainder\[64\]$_SDFFE_PP0P_/D
    1261+ |       1 |     197 |       60 |     25 |    57 |    +0.7% |   -0.141 |       -5.5 |      -27.7 |    442 | core/div/remainder\[64\]$_SDFFE_PP0P_/D
    1262+ |       1 |     197 |       60 |     25 |    57 |    +0.7% |   -0.141 |       -5.5 |      -27.7 |    442 | core/div/remainder\[64\]$_SDFFE_PP0P_/D
    1263+ |       1 |     197 |       60 |     25 |    57 |    +0.7% |   -0.141 |       -5.5 |      -27.7 |    442 | core/div/remainder\[64\]$_SDFFE_PP0P_/D
    1264+ |       1 |     197 |       60 |     25 |    57 |    +0.7% |   -0.141 |       -5.5 |      -27.7 |    442 | core/div/remainder\[64\]$_SDFFE_PP0P_/D
    1265+ |       1 |     197 |       60 |     25 |    57 |    +0.7% |   -0.141 |       -5.5 |      -27.7 |    442 | core/div/remainder\[64\]$_SDFFE_PP0P_/D
    1266+ |       1 |     197 |       60 |     25 |    57 |    +0.7% |   -0.141 |       -5.5 |      -27.7 |    442 | core/div/remainder\[64\]$_SDFFE_PP0P_/D
    1267+ |       1 |     197 |       60 |     25 |    57 |    +0.7% |   -0.141 |       -5.5 |      -27.7 |    442 | core/div/remainder\[64\]$_SDFFE_PP0P_/D
    1268+ |       1 |     197 |       60 |     25 |    57 |    +0.7% |   -0.141 |       -5.5 |      -27.7 |    442 | core/div/remainder\[64\]$_SDFFE_PP0P_/D
    1269+ |       1 |     197 |       60 |     25 |    57 |    +0.7% |   -0.141 |       -5.5 |      -27.7 |    442 | core/div/remainder\[64\]$_SDFFE_PP0P_/D
    1270+ |       1 |     197 |       60 |     25 |    57 |    +0.7% |   -0.141 |       -5.5 |      -27.7 |    442 | core/div/remainder\[64\]$_SDFFE_PP0P_/D
    1270+ |       1 |     197 |       60 |     25 |    57 |    +0.7% |   -0.141 |       -5.5 |      -27.7 |    442 | core/div/remainder\[64\]$_SDFFE_PP0P_/D
    1271+ |       1 |     197 |       60 |     25 |    57 |    +0.7% |   -0.141 |       -5.5 |      -27.7 |    442 | core/div/remainder\[64\]$_SDFFE_PP0P_/D
    1272+ |       1 |     197 |       60 |     25 |    57 |    +0.7% |   -0.141 |       -5.5 |      -27.7 |    442 | core/div/remainder\[64\]$_SDFFE_PP0P_/D
    1273+ |       1 |     197 |       60 |     25 |    57 |    +0.7% |   -0.141 |       -5.5 |      -27.7 |    442 | core/div/remainder\[64\]$_SDFFE_PP0P_/D
    1274+ |       1 |     197 |       60 |     25 |    57 |    +0.7% |   -0.141 |       -5.5 |      -27.7 |    442 | core/div/remainder\[64\]$_SDFFE_PP0P_/D
    1275+ |       1 |     197 |       60 |     25 |    57 |    +0.7% |   -0.141 |       -5.5 |      -27.7 |    442 | core/div/remainder\[64\]$_SDFFE_PP0P_/D
    1276+ |       1 |     197 |       60 |     25 |    57 |    +0.7% |   -0.141 |       -5.5 |      -27.7 |    442 | core/div/remainder\[64\]$_SDFFE_PP0P_/D
    1277+ |       1 |     197 |       60 |     25 |    57 |    +0.7% |   -0.141 |       -5.5 |      -27.7 |    442 | core/div/remainder\[64\]$_SDFFE_PP0P_/D
    1278+ |       1 |     197 |       60 |     25 |    57 |    +0.7% |   -0.141 |       -5.5 |      -27.7 |    442 | core/div/remainder\[64\]$_SDFFE_PP0P_/D
    1279+ |       1 |     197 |       60 |     25 |    57 |    +0.7% |   -0.141 |       -5.5 |      -27.7 |    442 | core/div/remainder\[64\]$_SDFFE_PP0P_/D
    1280+ |       1 |     197 |       60 |     25 |    57 |    +0.7% |   -0.141 |       -5.5 |      -27.7 |    442 | core/div/remainder\[64\]$_SDFFE_PP0P_/D
    1280+ |       1 |     197 |       60 |     25 |    57 |    +0.7% |   -0.141 |       -5.5 |      -27.7 |    442 | core/div/remainder\[64\]$_SDFFE_PP0P_/D
    1281+ |       1 |     197 |       60 |     25 |    57 |    +0.7% |   -0.141 |       -5.5 |      -27.7 |    442 | core/div/remainder\[64\]$_SDFFE_PP0P_/D
    1282+ |       1 |     197 |       60 |     25 |    57 |    +0.7% |   -0.141 |       -5.5 |      -27.7 |    442 | core/div/remainder\[64\]$_SDFFE_PP0P_/D
    1283+ |       1 |     197 |       60 |     25 |    57 |    +0.7% |   -0.141 |       -5.5 |      -27.7 |    442 | core/div/remainder\[64\]$_SDFFE_PP0P_/D
    1284+ |       1 |     197 |       60 |     25 |    57 |    +0.7% |   -0.141 |       -5.5 |      -27.7 |    442 | core/div/remainder\[64\]$_SDFFE_PP0P_/D
    1285+ |       1 |     197 |       60 |     25 |    57 |    +0.7% |   -0.141 |       -5.5 |      -27.7 |    442 | core/div/remainder\[64\]$_SDFFE_PP0P_/D
    1286+ |       1 |     197 |       60 |     25 |    57 |    +0.7% |   -0.141 |       -5.5 |      -27.7 |    442 | core/div/remainder\[64\]$_SDFFE_PP0P_/D
    1287+ |       1 |     197 |       60 |     25 |    57 |    +0.7% |   -0.141 |       -5.5 |      -27.7 |    442 | core/div/remainder\[64\]$_SDFFE_PP0P_/D
    1288+ |       1 |     197 |       60 |     25 |    57 |    +0.7% |   -0.141 |       -5.5 |      -27.7 |    442 | core/div/remainder\[64\]$_SDFFE_PP0P_/D
    1289+ |       1 |     197 |       60 |     25 |    57 |    +0.7% |   -0.141 |       -5.5 |      -27.7 |    442 | core/div/remainder\[64\]$_SDFFE_PP0P_/D
    1290+ |       1 |     197 |       60 |     25 |    57 |    +0.7% |   -0.141 |       -5.5 |      -27.7 |    442 | core/div/remainder\[64\]$_SDFFE_PP0P_/D
    1290+ |       1 |     197 |       60 |     25 |    57 |    +0.7% |   -0.141 |       -5.5 |      -27.7 |    442 | core/div/remainder\[64\]$_SDFFE_PP0P_/D
    1291+ |       1 |     197 |       60 |     25 |    57 |    +0.7% |   -0.141 |       -5.5 |      -27.7 |    442 | core/div/remainder\[64\]$_SDFFE_PP0P_/D
    1292+ |       1 |     197 |       60 |     25 |    57 |    +0.7% |   -0.141 |       -5.5 |      -27.7 |    442 | core/div/remainder\[64\]$_SDFFE_PP0P_/D
    1293+ |       1 |     197 |       60 |     25 |    57 |    +0.7% |   -0.141 |       -5.5 |      -27.7 |    442 | core/div/remainder\[64\]$_SDFFE_PP0P_/D
    1294+ |       1 |     197 |       60 |     25 |    57 |    +0.7% |   -0.141 |       -5.5 |      -27.7 |    442 | core/div/remainder\[64\]$_SDFFE_PP0P_/D
    1295+ |       1 |     197 |       60 |     25 |    57 |    +0.7% |   -0.141 |       -5.5 |      -27.7 |    442 | core/div/remainder\[64\]$_SDFFE_PP0P_/D
    1296+ |       1 |     197 |       60 |     25 |    57 |    +0.7% |   -0.141 |       -5.5 |      -27.7 |    442 | core/div/remainder\[64\]$_SDFFE_PP0P_/D
    1297+ |       1 |     197 |       60 |     25 |    57 |    +0.7% |   -0.141 |       -5.5 |      -27.7 |    442 | core/div/remainder\[64\]$_SDFFE_PP0P_/D
    1298+ |       1 |     197 |       60 |     25 |    57 |    +0.7% |   -0.141 |       -5.5 |      -27.7 |    442 | core/div/remainder\[64\]$_SDFFE_PP0P_/D
    1299+ |       1 |     197 |       60 |     25 |    57 |    +0.7% |   -0.141 |       -5.5 |      -27.7 |    442 | core/div/remainder\[64\]$_SDFFE_PP0P_/D
    1300+ |       1 |     197 |       60 |     25 |    57 |    +0.7% |   -0.141 |       -5.5 |      -27.7 |    442 | core/div/remainder\[64\]$_SDFFE_PP0P_/D
    1301+ |       1 |     197 |       60 |     25 |    57 |    +0.7% |   -0.141 |       -5.5 |      -27.7 |    442 | core/div/remainder\[64\]$_SDFFE_PP0P_/D
    1302+ |       1 |     197 |       60 |     25 |    57 |    +0.7% |   -0.141 |       -5.5 |      -27.7 |    442 | core/div/remainder\[64\]$_SDFFE_PP0P_/D
    1303+ |       1 |     197 |       60 |     25 |    57 |    +0.7% |   -0.141 |       -5.5 |      -27.7 |    442 | core/div/remainder\[64\]$_SDFFE_PP0P_/D
    1304+ |       1 |     197 |       60 |     25 |    57 |    +0.7% |   -0.141 |       -5.5 |      -27.7 |    442 | core/div/remainder\[64\]$_SDFFE_PP0P_/D
    1305+ |       1 |     197 |       60 |     25 |    57 |    +0.7% |   -0.141 |       -5.5 |      -27.7 |    442 | core/div/remainder\[64\]$_SDFFE_PP0P_/D
    1306+ |       1 |     197 |       60 |     25 |    57 |    +0.7% |   -0.141 |       -5.5 |      -27.7 |    442 | core/div/remainder\[64\]$_SDFFE_PP0P_/D
    1307+ |       1 |     197 |       60 |     25 |    57 |    +0.7% |   -0.141 |       -5.5 |      -27.7 |    442 | core/div/remainder\[64\]$_SDFFE_PP0P_/D
    1308+ |       1 |     197 |       60 |     25 |    57 |    +0.7% |   -0.141 |       -5.5 |      -27.7 |    442 | core/div/remainder\[64\]$_SDFFE_PP0P_/D
    1309+ |       1 |     197 |       60 |     25 |    57 |    +0.7% |   -0.141 |       -5.5 |      -27.7 |    442 | core/div/remainder\[64\]$_SDFFE_PP0P_/D
    1310+ |       1 |     197 |       60 |     25 |    57 |    +0.7% |   -0.141 |       -5.5 |      -27.7 |    442 | core/div/remainder\[64\]$_SDFFE_PP0P_/D
    1310+ |       1 |     197 |       60 |     25 |    57 |    +0.7% |   -0.141 |       -5.5 |      -27.7 |    442 | core/div/remainder\[64\]$_SDFFE_PP0P_/D
    1311+ |       1 |     197 |       60 |     25 |    57 |    +0.7% |   -0.141 |       -5.5 |      -27.7 |    442 | core/div/remainder\[64\]$_SDFFE_PP0P_/D
    1312+ |       1 |     197 |       60 |     25 |    57 |    +0.7% |   -0.141 |       -5.5 |      -27.7 |    442 | core/div/remainder\[64\]$_SDFFE_PP0P_/D
    1313+ |       1 |     197 |       60 |     25 |    57 |    +0.7% |   -0.141 |       -5.5 |      -27.7 |    442 | core/div/remainder\[64\]$_SDFFE_PP0P_/D
    1314+ |       1 |     197 |       60 |     25 |    57 |    +0.7% |   -0.141 |       -5.5 |      -27.7 |    442 | core/div/remainder\[64\]$_SDFFE_PP0P_/D
    1315+ |       1 |     197 |       60 |     25 |    57 |    +0.7% |   -0.141 |       -5.5 |      -27.7 |    442 | core/div/remainder\[64\]$_SDFFE_PP0P_/D
    1316+ |       1 |     197 |       60 |     25 |    57 |    +0.7% |   -0.141 |       -5.5 |      -27.7 |    442 | core/div/remainder\[64\]$_SDFFE_PP0P_/D
    1317+ |       1 |     197 |       60 |     25 |    57 |    +0.7% |   -0.141 |       -5.5 |      -27.7 |    442 | core/div/remainder\[64\]$_SDFFE_PP0P_/D
    1318+ |       1 |     197 |       60 |     25 |    57 |    +0.7% |   -0.141 |       -5.5 |      -27.7 |    442 | core/div/remainder\[64\]$_SDFFE_PP0P_/D
    1319+ |       1 |     197 |       60 |     25 |    57 |    +0.7% |   -0.141 |       -5.5 |      -27.7 |    442 | core/div/remainder\[64\]$_SDFFE_PP0P_/D
    1320+ |       1 |     197 |       60 |     25 |    57 |    +0.7% |   -0.141 |       -5.5 |      -27.7 |    442 | core/div/remainder\[64\]$_SDFFE_PP0P_/D
    1320+ |       1 |     197 |       60 |     25 |    57 |    +0.7% |   -0.141 |       -5.5 |      -27.7 |    442 | core/div/remainder\[64\]$_SDFFE_PP0P_/D
    1321+ |       1 |     197 |       60 |     25 |    57 |    +0.7% |   -0.141 |       -5.5 |      -27.7 |    442 | core/div/remainder\[64\]$_SDFFE_PP0P_/D
    1322+ |       1 |     197 |       60 |     25 |    57 |    +0.7% |   -0.141 |       -5.5 |      -27.7 |    442 | core/div/remainder\[64\]$_SDFFE_PP0P_/D
    1323+ |       1 |     197 |       60 |     25 |    57 |    +0.7% |   -0.141 |       -5.5 |      -27.7 |    442 | core/div/remainder\[64\]$_SDFFE_PP0P_/D
    1324+ |       1 |     197 |       60 |     25 |    57 |    +0.7% |   -0.141 |       -5.5 |      -27.7 |    442 | core/div/remainder\[64\]$_SDFFE_PP0P_/D
    1325+ |       1 |     197 |       60 |     25 |    57 |    +0.7% |   -0.141 |       -5.5 |      -27.7 |    442 | core/div/remainder\[64\]$_SDFFE_PP0P_/D
    1326+ |       1 |     197 |       60 |     25 |    57 |    +0.7% |   -0.141 |       -5.5 |      -27.7 |    442 | core/div/remainder\[64\]$_SDFFE_PP0P_/D
    1327+ |       1 |     197 |       60 |     25 |    57 |    +0.7% |   -0.141 |       -5.5 |      -27.7 |    442 | core/div/remainder\[64\]$_SDFFE_PP0P_/D
    1328+ |       1 |     197 |       60 |     25 |    57 |    +0.7% |   -0.141 |       -5.5 |      -27.7 |    442 | core/div/remainder\[64\]$_SDFFE_PP0P_/D
    1329+ |       1 |     197 |       60 |     25 |    57 |    +0.7% |   -0.141 |       -5.5 |      -27.7 |    442 | core/div/remainder\[64\]$_SDFFE_PP0P_/D
    1330+ |       1 |     197 |       60 |     25 |    57 |    +0.7% |   -0.141 |       -5.5 |      -27.7 |    442 | core/div/remainder\[64\]$_SDFFE_PP0P_/D
    1330+ |       1 |     197 |       60 |     25 |    57 |    +0.7% |   -0.141 |       -5.5 |      -27.7 |    442 | core/div/remainder\[64\]$_SDFFE_PP0P_/D
    1331+ |       1 |     197 |       60 |     25 |    57 |    +0.7% |   -0.141 |       -5.5 |      -27.7 |    442 | core/div/remainder\[64\]$_SDFFE_PP0P_/D
    1332+ |       1 |     197 |       60 |     25 |    57 |    +0.7% |   -0.141 |       -5.5 |      -27.7 |    442 | core/div/remainder\[64\]$_SDFFE_PP0P_/D
    1333+ |       1 |     197 |       60 |     25 |    57 |    +0.7% |   -0.141 |       -5.5 |      -27.7 |    442 | core/div/remainder\[64\]$_SDFFE_PP0P_/D
    1334+ |       1 |     197 |       60 |     25 |    57 |    +0.7% |   -0.141 |       -5.5 |      -27.7 |    442 | core/div/remainder\[64\]$_SDFFE_PP0P_/D
    1335+ |       1 |     197 |       60 |     25 |    57 |    +0.7% |   -0.141 |       -5.5 |      -27.7 |    442 | core/div/remainder\[64\]$_SDFFE_PP0P_/D
    1336+ |       1 |     197 |       60 |     25 |    57 |    +0.7% |   -0.141 |       -5.5 |      -27.7 |    442 | core/div/remainder\[64\]$_SDFFE_PP0P_/D
    1337+ |       1 |     197 |       60 |     25 |    57 |    +0.7% |   -0.141 |       -5.5 |      -27.7 |    442 | core/div/remainder\[64\]$_SDFFE_PP0P_/D
    1338+ |       1 |     197 |       60 |     25 |    57 |    +0.7% |   -0.141 |       -5.5 |      -27.7 |    442 | core/div/remainder\[64\]$_SDFFE_PP0P_/D
    1339+ |       1 |     197 |       60 |     25 |    57 |    +0.7% |   -0.141 |       -5.5 |      -27.7 |    442 | core/div/remainder\[64\]$_SDFFE_PP0P_/D
    1340+ |       1 |     197 |       60 |     25 |    57 |    +0.7% |   -0.141 |       -5.5 |      -27.7 |    442 | core/div/remainder\[64\]$_SDFFE_PP0P_/D
    1340+ |       1 |     197 |       60 |     25 |    57 |    +0.7% |   -0.141 |       -5.5 |      -27.7 |    442 | core/div/remainder\[64\]$_SDFFE_PP0P_/D
    1341+ |       1 |     197 |       60 |     25 |    57 |    +0.7% |   -0.141 |       -5.5 |      -27.7 |    442 | core/div/remainder\[64\]$_SDFFE_PP0P_/D
    1342+ |       1 |     197 |       60 |     25 |    57 |    +0.7% |   -0.141 |       -5.5 |      -27.7 |    442 | core/div/remainder\[64\]$_SDFFE_PP0P_/D
    1343+ |       1 |     197 |       60 |     25 |    57 |    +0.7% |   -0.141 |       -5.5 |      -27.7 |    442 | core/div/remainder\[64\]$_SDFFE_PP0P_/D
    1344+ |       1 |     197 |       60 |     25 |    57 |    +0.7% |   -0.141 |       -5.5 |      -27.7 |    442 | core/div/remainder\[64\]$_SDFFE_PP0P_/D
    1345+ |       1 |     197 |       60 |     25 |    57 |    +0.7% |   -0.141 |       -5.5 |      -27.7 |    442 | core/div/remainder\[64\]$_SDFFE_PP0P_/D
    1346+ |       1 |     197 |       60 |     25 |    57 |    +0.7% |   -0.141 |       -5.5 |      -27.7 |    442 | core/div/remainder\[64\]$_SDFFE_PP0P_/D
    1347+ |       1 |     197 |       60 |     25 |    57 |    +0.7% |   -0.141 |       -5.5 |      -27.7 |    442 | core/div/remainder\[64\]$_SDFFE_PP0P_/D
    1348+ |       1 |     197 |       60 |     25 |    57 |    +0.7% |   -0.141 |       -5.5 |      -27.7 |    442 | core/div/remainder\[64\]$_SDFFE_PP0P_/D
    1349+ |       1 |     197 |       60 |     25 |    57 |    +0.7% |   -0.141 |       -5.5 |      -27.7 |    442 | core/div/remainder\[64\]$_SDFFE_PP0P_/D
    1350+ |       1 |     197 |       60 |     25 |    57 |    +0.7% |   -0.141 |       -5.5 |      -27.7 |    442 | core/div/remainder\[64\]$_SDFFE_PP0P_/D
    1350+ |       1 |     197 |       60 |     25 |    57 |    +0.7% |   -0.141 |       -5.5 |      -27.7 |    442 | core/div/remainder\[64\]$_SDFFE_PP0P_/D
    1351+ |       1 |     197 |       60 |     25 |    57 |    +0.7% |   -0.141 |       -5.5 |      -27.7 |    442 | core/div/remainder\[64\]$_SDFFE_PP0P_/D
    1352+ |       1 |     197 |       60 |     25 |    57 |    +0.7% |   -0.141 |       -5.5 |      -27.7 |    442 | core/div/remainder\[64\]$_SDFFE_PP0P_/D
    1353+ |       1 |     197 |       60 |     25 |    57 |    +0.7% |   -0.141 |       -5.5 |      -27.7 |    442 | core/div/remainder\[64\]$_SDFFE_PP0P_/D
    1354+ |       1 |     197 |       60 |     25 |    57 |    +0.7% |   -0.141 |       -5.5 |      -27.7 |    442 | core/div/remainder\[64\]$_SDFFE_PP0P_/D
    1355+ |       1 |     197 |       60 |     25 |    57 |    +0.7% |   -0.141 |       -5.5 |      -27.7 |    442 | core/div/remainder\[64\]$_SDFFE_PP0P_/D
    1356+ |       1 |     197 |       60 |     25 |    57 |    +0.7% |   -0.141 |       -5.5 |      -27.7 |    442 | core/div/remainder\[64\]$_SDFFE_PP0P_/D
    1357+ |       1 |     197 |       60 |     25 |    57 |    +0.7% |   -0.141 |       -5.5 |      -27.7 |    442 | core/div/remainder\[64\]$_SDFFE_PP0P_/D
    1358+ |       1 |     197 |       60 |     25 |    57 |    +0.7% |   -0.141 |       -5.5 |      -27.7 |    442 | core/div/remainder\[64\]$_SDFFE_PP0P_/D
    1359+ |       1 |     197 |       60 |     25 |    57 |    +0.7% |   -0.141 |       -5.5 |      -27.7 |    442 | core/div/remainder\[64\]$_SDFFE_PP0P_/D
    1360+ |       1 |     197 |       60 |     25 |    57 |    +0.7% |   -0.141 |       -5.5 |      -27.7 |    442 | core/div/remainder\[64\]$_SDFFE_PP0P_/D
    1360+ |       1 |     197 |       60 |     25 |    57 |    +0.7% |   -0.141 |       -5.5 |      -27.7 |    442 | core/div/remainder\[64\]$_SDFFE_PP0P_/D
    1361+ |       1 |     197 |       60 |     25 |    57 |    +0.7% |   -0.141 |       -5.5 |      -27.7 |    442 | core/div/remainder\[64\]$_SDFFE_PP0P_/D
    1362+ |       1 |     197 |       60 |     25 |    57 |    +0.7% |   -0.141 |       -5.5 |      -27.7 |    442 | core/div/remainder\[64\]$_SDFFE_PP0P_/D
    1363+ |       1 |     197 |       60 |     25 |    57 |    +0.7% |   -0.141 |       -5.5 |      -27.7 |    442 | core/div/remainder\[64\]$_SDFFE_PP0P_/D
    1364+ |       1 |     197 |       60 |     25 |    57 |    +0.7% |   -0.141 |       -5.5 |      -27.7 |    442 | core/div/remainder\[64\]$_SDFFE_PP0P_/D
    1365+ |       1 |     197 |       60 |     25 |    57 |    +0.7% |   -0.141 |       -5.5 |      -27.7 |    442 | core/div/remainder\[64\]$_SDFFE_PP0P_/D
    1366+ |       1 |     197 |       60 |     25 |    57 |    +0.7% |   -0.141 |       -5.5 |      -27.7 |    442 | core/div/remainder\[64\]$_SDFFE_PP0P_/D
    1367+ |       1 |     197 |       60 |     25 |    57 |    +0.7% |   -0.141 |       -5.5 |      -27.7 |    442 | core/div/remainder\[64\]$_SDFFE_PP0P_/D
    1368+ |       1 |     197 |       60 |     25 |    57 |    +0.7% |   -0.141 |       -5.5 |      -27.7 |    442 | core/div/remainder\[64\]$_SDFFE_PP0P_/D
    1369+ |       1 |     197 |       60 |     25 |    57 |    +0.7% |   -0.141 |       -5.5 |      -27.7 |    442 | core/div/remainder\[64\]$_SDFFE_PP0P_/D
    1370+ |       1 |     197 |       60 |     25 |    57 |    +0.7% |   -0.141 |       -5.5 |      -27.7 |    442 | core/div/remainder\[64\]$_SDFFE_PP0P_/D
    1370+ |       1 |     197 |       60 |     25 |    57 |    +0.7% |   -0.141 |       -5.5 |      -27.7 |    442 | core/div/remainder\[64\]$_SDFFE_PP0P_/D
    1371+ |       1 |     197 |       60 |     25 |    57 |    +0.7% |   -0.141 |       -5.5 |      -27.7 |    442 | core/div/remainder\[64\]$_SDFFE_PP0P_/D
    1372+ |       1 |     197 |       60 |     25 |    57 |    +0.7% |   -0.141 |       -5.5 |      -27.7 |    442 | core/div/remainder\[64\]$_SDFFE_PP0P_/D
    1373+ |       1 |     197 |       60 |     25 |    57 |    +0.7% |   -0.141 |       -5.5 |      -27.7 |    442 | core/div/remainder\[64\]$_SDFFE_PP0P_/D
    1374+ |       1 |     197 |       60 |     25 |    57 |    +0.7% |   -0.141 |       -5.5 |      -27.7 |    442 | core/div/remainder\[64\]$_SDFFE_PP0P_/D
    1375+ |       1 |     197 |       60 |     25 |    57 |    +0.7% |   -0.141 |       -5.5 |      -27.7 |    442 | core/div/remainder\[64\]$_SDFFE_PP0P_/D
    1376+ |       1 |     197 |       60 |     25 |    57 |    +0.7% |   -0.141 |       -5.5 |      -27.7 |    442 | core/div/remainder\[64\]$_SDFFE_PP0P_/D
    1378+ |       1 |     198 |       60 |     25 |    57 |    +0.7% |   -0.141 |       -5.5 |      -27.7 |    442 | core/div/remainder\[64\]$_SDFFE_PP0P_/D
    1379+ |       1 |     198 |       60 |     25 |    57 |    +0.7% |   -0.141 |       -5.5 |      -27.7 |    442 | core/div/remainder\[64\]$_SDFFE_PP0P_/D
    1380+ |       1 |     198 |       60 |     25 |    57 |    +0.7% |   -0.141 |       -5.5 |      -27.7 |    442 | core/div/remainder\[64\]$_SDFFE_PP0P_/D
    1380+ |       1 |     198 |       60 |     25 |    57 |    +0.7% |   -0.141 |       -5.5 |      -27.7 |    442 | core/div/remainder\[64\]$_SDFFE_PP0P_/D
    1381+ |       1 |     198 |       60 |     25 |    57 |    +0.7% |   -0.141 |       -5.5 |      -27.7 |    442 | core/div/remainder\[64\]$_SDFFE_PP0P_/D
    1382+ |       1 |     198 |       60 |     25 |    57 |    +0.7% |   -0.141 |       -5.5 |      -27.7 |    442 | core/div/remainder\[64\]$_SDFFE_PP0P_/D
    1383+ |       1 |     198 |       60 |     25 |    57 |    +0.7% |   -0.141 |       -5.5 |      -27.7 |    442 | core/div/remainder\[64\]$_SDFFE_PP0P_/D
    1384+ |       1 |     198 |       60 |     25 |    57 |    +0.7% |   -0.141 |       -5.5 |      -27.7 |    442 | core/div/remainder\[64\]$_SDFFE_PP0P_/D
    1385+ |       1 |     198 |       60 |     25 |    57 |    +0.7% |   -0.141 |       -5.5 |      -27.7 |    442 | core/div/remainder\[64\]$_SDFFE_PP0P_/D
    1386+ |       1 |     198 |       60 |     25 |    57 |    +0.7% |   -0.141 |       -5.5 |      -27.7 |    442 | core/div/remainder\[64\]$_SDFFE_PP0P_/D
    1387+ |       1 |     198 |       60 |     25 |    57 |    +0.7% |   -0.141 |       -5.5 |      -27.7 |    442 | core/div/remainder\[64\]$_SDFFE_PP0P_/D
    1388+ |       1 |     198 |       60 |     25 |    57 |    +0.7% |   -0.141 |       -5.5 |      -27.7 |    442 | core/div/remainder\[64\]$_SDFFE_PP0P_/D
    1389+ |       1 |     198 |       60 |     25 |    57 |    +0.7% |   -0.141 |       -5.5 |      -27.7 |    442 | core/div/remainder\[64\]$_SDFFE_PP0P_/D
    1390+ |       1 |     198 |       60 |     25 |    57 |    +0.7% |   -0.141 |       -5.5 |      -27.7 |    442 | core/div/remainder\[64\]$_SDFFE_PP0P_/D
    1390+ |       1 |     198 |       60 |     25 |    57 |    +0.7% |   -0.141 |       -5.5 |      -27.7 |    442 | core/div/remainder\[64\]$_SDFFE_PP0P_/D
    1391+ |       1 |     198 |       60 |     25 |    57 |    +0.7% |   -0.141 |       -5.5 |      -27.7 |    442 | core/div/remainder\[64\]$_SDFFE_PP0P_/D
    1392+ |       1 |     198 |       60 |     25 |    57 |    +0.7% |   -0.141 |       -5.5 |      -27.7 |    442 | core/div/remainder\[64\]$_SDFFE_PP0P_/D
    1393+ |       1 |     198 |       60 |     25 |    57 |    +0.7% |   -0.141 |       -5.5 |      -27.7 |    442 | core/div/remainder\[64\]$_SDFFE_PP0P_/D
    1394+ |       1 |     198 |       60 |     25 |    57 |    +0.7% |   -0.141 |       -5.5 |      -27.7 |    442 | core/div/remainder\[64\]$_SDFFE_PP0P_/D
    1395+ |       1 |     198 |       60 |     25 |    57 |    +0.7% |   -0.141 |       -5.5 |      -27.7 |    442 | core/div/remainder\[64\]$_SDFFE_PP0P_/D
    1396+ |       1 |     198 |       60 |     25 |    57 |    +0.7% |   -0.141 |       -5.5 |      -27.7 |    442 | core/div/remainder\[64\]$_SDFFE_PP0P_/D
    1397+ |       1 |     198 |       60 |     25 |    57 |    +0.7% |   -0.141 |       -5.5 |      -27.7 |    442 | core/div/remainder\[64\]$_SDFFE_PP0P_/D
    1398+ |       1 |     198 |       60 |     25 |    57 |    +0.7% |   -0.141 |       -5.5 |      -27.7 |    442 | core/div/remainder\[64\]$_SDFFE_PP0P_/D
    1399+ |       1 |     198 |       60 |     25 |    57 |    +0.7% |   -0.141 |       -5.5 |      -27.7 |    442 | core/div/remainder\[64\]$_SDFFE_PP0P_/D
    1400+ |       1 |     198 |       60 |     25 |    57 |    +0.7% |   -0.141 |       -5.5 |      -27.7 |    442 | core/div/remainder\[64\]$_SDFFE_PP0P_/D
    final |       1 |     198 |       60 |     25 |    57 |    +0.7% |   -0.141 |       -5.5 |      -27.7 |    442 | core/div/remainder\[64\]$_SDFFE_PP0P_/D
------------------------------------------------------------------------------------------------------------------------------
[INFO RSZ-0059] Removed 1 buffers.
[INFO RSZ-0045] Inserted 60 buffers, 1 to split loads.
[INFO RSZ-0051] Resized 198 instances: 198 up, 0 up match, 0 down, 0 VT
[INFO RSZ-0043] Swapped pins on 57 instances.
[INFO RSZ-0049] Cloned 25 instances.
[WARNING RSZ-0062] Unable to repair all setup violations.
[INFO RSZ-0505] Runtime: 22.01s
[INFO RSZ-0033] No hold violations found.
[INFO RSZ-0506] Runtime: 0.02s
Took 22 seconds: repair_timing -setup_margin 0 -hold_margin 0 -repair_tns 100 -verbose
Repair timing output passed lec test
detailed_placement
[INFO DPL-0006] Core area: 88535.44 um^2
[INFO DPL-0007] Movable instances area: 53018.59 um^2
[INFO DPL-0008] Fixed instances area within core: 2693.78 um^2
[INFO DPL-0009] Utilization: 62.9%
[INFO DPL-0005] Diamond search max displacement: +/- 500 sites horizontally, +/- 100 rows vertically.
[INFO DPL-1102] Legalizing using negotiation legalizer.
[INFO DPL-1103] Negotiation base search window: +/-20 sites horizontally, +/-5 rows vertically 
	Automatic search window extension enabled.
	Search window extendable up to the max displacement cap of +/-500 sites, +/-100 rows near walls.
[INFO DPL-1104] NegotiationLegalizer DRC penalty: 5.
[INFO DPL-0392] Negotiation cell height distribution (2 unique row-count(s)):
[INFO DPL-0393]   height 1 row(s): 29656 cells
[INFO DPL-0393]   height 44 row(s): 2 cells
          |      Total |  Illegal |  Illegal
Iteration | Violations |    Cells |    Sites
---------------------------------------------
        0 |        780 |       124 |       656
        1 |        459 |        62 |       397
        2 |        499 |        58 |       441
        3 |        403 |        35 |       368
        4 |        289 |        27 |       262
        5 |        233 |        24 |       209
        6 |        110 |        14 |        96
        7 |         78 |        11 |        67
        8 |        114 |        10 |       104
        9 |         64 |         9 |        55
       10 |         68 |         8 |        60
       12 |          0 |         0 |         0
Negotiation phase 1 converged at iteration 12.
[INFO DPL-0500] Runtime: 0.29s
Placement Analysis
---------------------------------
total displacement       1320.4 u
average displacement        0.0 u
max displacement           21.4 u
original HPWL          433249.7 u
legalized HPWL         434822.1 u
delta HPWL                    0 %

estimate_parasitics -placement
Report metrics stage 4, cts final...

==========================================================================
cts final report_design_area
--------------------------------------------------------------------------
Design area 55712 um^2 63% utilization.
write_db /tmp/workspace/scripts-Private_test-fr_cugr_cmp-1-/results/nangate45/tinyRocket/base/4_1_cts.odb
write_sdc -no_timestamp /tmp/workspace/scripts-Private_test-fr_cugr_cmp-1-/results/nangate45/tinyRocket/base/4_cts.sdc
Elapsed time: 0:43.00[h:]min:sec. CPU time: user 64.74 sys 47.73 (261%). Peak memory: 431236KB.
Log                       Ext     Elapsed/s Peak Memory/MB sha1sum result [0:20)
4_1_cts                   .odb           43            421 2da98a39c25f862709bc
cp /tmp/workspace/scripts-Private_test-fr_cugr_cmp-1-/results/nangate45/tinyRocket/base/4_1_cts.odb /tmp/workspace/scripts-Private_test-fr_cugr_cmp-1-/results/nangate45/tinyRocket/base/4_cts.odb
/OpenROAD-flow-scripts/flow/scripts/flow.sh 5_1_grt global_route
Running global_route.tcl, stage 5_1_grt
read_liberty ./platforms/nangate45/lib/NangateOpenCellLibrary_typical.lib
read_liberty /OpenROAD-flow-scripts/flow/designs/nangate45/tinyRocket/fakeram45_1024x32.lib
read_liberty /OpenROAD-flow-scripts/flow/designs/nangate45/tinyRocket/fakeram45_64x32.lib
read_db /tmp/workspace/scripts-Private_test-fr_cugr_cmp-1-/results/nangate45/tinyRocket/base/4_cts.odb
read_sdc /tmp/workspace/scripts-Private_test-fr_cugr_cmp-1-/results/nangate45/tinyRocket/base/4_cts.sdc
source ./platforms/nangate45/setRC.tcl
pin_access
[INFO DRT-0149] Reading tech and libs.

Units:                2000
Number of layers:     21
Number of macros:     137
Number of vias:       36
Number of viarulegen: 19

[INFO DRT-0150] Reading design.
[WARNING DRT-0120] Large net core/net4282 has 129 pins which may impact routing performance. Consider optimization.
[WARNING DRT-0120] Large net core/net3315 has 168 pins which may impact routing performance. Consider optimization.

Design:                   RocketTile
Die area:                 ( 0 0 ) ( 604800 604800 )
Number of track patterns: 20
Number of DEF vias:       0
Number of components:     29658
Number of terminals:      271
Number of snets:          2
Number of nets:           34338

[INFO DRT-0167] List of default vias:
  Layer via2
    default via: via2_5
  Layer via3
    default via: via3_2
  Layer via4
    default via: via4_0
  Layer via5
    default via: via5_0
  Layer via6
    default via: via6_0
  Layer via7
    default via: via7_0
  Layer via8
    default via: via8_0
  Layer via9
    default via: via9_0
[INFO DRT-0162] Library cell analysis.
[INFO DRT-0163] Instance analysis.
[INFO DRT-0164] Number of unique instances = 171.
[INFO DRT-0168] Init region query.
[INFO DRT-0024]   Complete active.
[INFO DRT-0024]   Complete Fr_VIA.
[INFO DRT-0024]   Complete metal1.
[INFO DRT-0024]   Complete via1.
[INFO DRT-0024]   Complete metal2.
[INFO DRT-0024]   Complete via2.
[INFO DRT-0024]   Complete metal3.
[INFO DRT-0024]   Complete via3.
[INFO DRT-0024]   Complete metal4.
[INFO DRT-0024]   Complete via4.
[INFO DRT-0024]   Complete metal5.
[INFO DRT-0024]   Complete via5.
[INFO DRT-0024]   Complete metal6.
[INFO DRT-0024]   Complete via6.
[INFO DRT-0024]   Complete metal7.
[INFO DRT-0024]   Complete via7.
[INFO DRT-0024]   Complete metal8.
[INFO DRT-0024]   Complete via8.
[INFO DRT-0024]   Complete metal9.
[INFO DRT-0024]   Complete via9.
[INFO DRT-0024]   Complete metal10.
[INFO DRT-0033] active shape region query size = 0.
[INFO DRT-0033] FR_VIA shape region query size = 0.
[INFO DRT-0033] metal1 shape region query size = 598711.
[INFO DRT-0033] via1 shape region query size = 3522.
[INFO DRT-0033] metal2 shape region query size = 2350.
[INFO DRT-0033] via2 shape region query size = 3522.
[INFO DRT-0033] metal3 shape region query size = 2772.
[INFO DRT-0033] via3 shape region query size = 3522.
[INFO DRT-0033] metal4 shape region query size = 1407.
[INFO DRT-0033] via4 shape region query size = 1328.
[INFO DRT-0033] metal5 shape region query size = 413.
[INFO DRT-0033] via5 shape region query size = 1532.
[INFO DRT-0033] metal6 shape region query size = 520.
[INFO DRT-0033] via6 shape region query size = 600.
[INFO DRT-0033] metal7 shape region query size = 170.
[INFO DRT-0033] via7 shape region query size = 0.
[INFO DRT-0033] metal8 shape region query size = 0.
[INFO DRT-0033] via8 shape region query size = 0.
[INFO DRT-0033] metal9 shape region query size = 0.
[INFO DRT-0033] via9 shape region query size = 0.
[INFO DRT-0033] metal10 shape region query size = 0.
[INFO DRT-0165] Start pin access.
[INFO DRT-0076]   Complete 1000 pins.
[INFO DRT-0078]   Complete 1218 pins.
[INFO DRT-0079]   Complete 100 unique inst patterns.
[INFO DRT-0081]   Complete 169 unique inst patterns.
[INFO DRT-0082]   Complete 10000 groups.
[INFO DRT-0084]   Complete 16252 groups.
#scanned instances     = 29658
#unique  instances     = 171
#stdCellGenAp          = 6422
#stdCellValidPlanarAp  = 0
#stdCellValidViaAp     = 4367
#stdCellPinNoAp        = 0
#stdCellPinCnt         = 103444
#instTermValidViaApCnt = 0
#macroGenAp            = 210
#macroValidPlanarAp    = 210
#macroValidViaAp       = 0
#macroNoAp             = 0
[INFO DRT-0166] Complete pin access.
[INFO DRT-0267] cpu time = 00:04:00, elapsed time = 00:00:08, memory = 237.12 (MB), peak = 242.26 (MB)
Took 9 seconds: pin_access
global_route -congestion_report_file /tmp/workspace/scripts-Private_test-fr_cugr_cmp-1-/reports/nangate45/tinyRocket/base/congestion.rpt -congestion_iterations 30 -congestion_report_iter_step 5 -verbose
[INFO GRT-0020] Min routing layer: metal2
[INFO GRT-0021] Max routing layer: metal10
[INFO GRT-0022] Global adjustment: 0%
[INFO GRT-0023] Grid origin: (0, 0)
[INFO GRT-0088] Layer metal1  Track-Pitch = 0.1400  line-2-Via Pitch: 0.1350
[INFO GRT-0088] Layer metal2  Track-Pitch = 0.1900  line-2-Via Pitch: 0.1400
[INFO GRT-0088] Layer metal3  Track-Pitch = 0.1400  line-2-Via Pitch: 0.1400
[INFO GRT-0088] Layer metal4  Track-Pitch = 0.2800  line-2-Via Pitch: 0.2800
[INFO GRT-0088] Layer metal5  Track-Pitch = 0.2800  line-2-Via Pitch: 0.2800
[INFO GRT-0088] Layer metal6  Track-Pitch = 0.2800  line-2-Via Pitch: 0.2800
[INFO GRT-0088] Layer metal7  Track-Pitch = 0.8000  line-2-Via Pitch: 0.8000
[INFO GRT-0088] Layer metal8  Track-Pitch = 0.8000  line-2-Via Pitch: 0.8000
[INFO GRT-0088] Layer metal9  Track-Pitch = 1.6000  line-2-Via Pitch: 1.6000
[INFO GRT-0088] Layer metal10 Track-Pitch = 1.6000  line-2-Via Pitch: 1.6000
[INFO GRT-0003] Macros: 2
[INFO GRT-0004] Blockages: 236
[INFO GRT-0019] Found 634 clock nets.
[INFO GRT-0001] Minimum degree: 2
[INFO GRT-0002] Maximum degree: 168

[INFO GRT-0053] Routing resources analysis:
          Routing      Original      Derated      Resource
Layer     Direction    Resources     Resources    Reduction (%)
---------------------------------------------------------------
metal1     Horizontal          0             0          0.00%
metal2     Vertical       158454         74490          52.99%
metal3     Horizontal     218199        107217          50.86%
metal4     Vertical       107484         76065          29.23%
metal5     Horizontal     112300         79184          29.49%
metal6     Vertical       112506         79384          29.44%
metal7     Horizontal      34545         24360          29.48%
metal8     Vertical        39585         28455          28.12%
metal9     Horizontal      19740         11130          43.62%
metal10    Vertical        19740         11130          43.62%
---------------------------------------------------------------

[INFO GRT-0101] Running extra iterations to remove congestion.
[INFO GRT-0102] Start extra iteration 1/30
[INFO GRT-0197] Via related to pin nodes: 183201
[INFO GRT-0198] Via related Steiner nodes: 3761
[INFO GRT-0199] Via filling finished.
[INFO GRT-0111] Final number of vias: 235293
[INFO GRT-0112] Final usage 3D: 883590

[INFO GRT-0096] Final congestion report:
Layer         Resource        Demand        Usage (%)    Max H / Max V / Total Congestion
---------------------------------------------------------------------------------------
metal1               0             0            0.00%             0 /  0 /  0
metal2           74490         49758           66.80%             0 /  0 /  0
metal3          107217         61861           57.70%             0 /  0 /  0
metal4           76065         31036           40.80%             0 /  0 /  0
metal5           79184         25095           31.69%             0 /  0 /  0
metal6           79384          7179            9.04%             0 /  0 /  0
metal7           24360          2459           10.09%             0 /  0 /  0
metal8           28455            15            0.05%             0 /  0 /  0
metal9           11130           308            2.77%             0 /  0 /  0
metal10          11130             0            0.00%             0 /  0 /  0
---------------------------------------------------------------------------------------
Total           491415        177711           36.16%             0 /  0 /  0

[INFO GRT-0018] Total wirelength: 724207 um
[INFO GRT-0014] Routed nets: 29924
[INFO GRT-0303] Global routing runtime = 00:00:01
estimate_parasitics -global_routing
Perform buffer insertion and gate resizing...
repair_design -verbose
Iteration |   Area    | Resized | Buffers | Nets repaired | Remaining
---------------------------------------------------------------------
        0 |     +0.0% |       0 |       0 |             0 |     34789
     1000 |     +0.0% |       0 |       0 |             0 |     33789
     2000 |     +0.0% |       0 |       0 |             0 |     32789
     3000 |     +0.0% |       0 |       0 |             0 |     31789
     4000 |     +0.0% |       0 |       0 |             0 |     30789
     5000 |     +0.0% |       0 |       0 |             0 |     29789
     6000 |     +0.0% |       0 |       0 |             0 |     28789
[WARNING RSZ-0104] Net core/_10493_ only has one pin. Check if it is intended to be dangling.
     7000 |     +0.0% |       0 |       0 |             0 |     27789
     8000 |     +0.0% |       0 |       2 |             4 |     26789
[WARNING RSZ-0104] Net _2135_ only has one pin. Check if it is intended to be dangling.
     9000 |     +0.0% |       0 |       2 |             4 |     25789
[WARNING RSZ-0104] Net _2133_ only has one pin. Check if it is intended to be dangling.
[WARNING RSZ-0104] Net core/csr/_T_311\[28\] only has one pin. Check if it is intended to be dangling.
[WARNING RSZ-0104] Net core/csr/_T_311\[22\] only has one pin. Check if it is intended to be dangling.
[WARNING RSZ-0104] Net core/csr/_T_311\[26\] only has one pin. Check if it is intended to be dangling.
[WARNING RSZ-0104] Net core/csr/_T_311\[24\] only has one pin. Check if it is intended to be dangling.
    10000 |     +0.0% |       0 |       2 |             4 |     24789
[WARNING RSZ-0104] Net core/csr/_T_347\[28\] only has one pin. Check if it is intended to be dangling.
[WARNING RSZ-0104] Net core/csr/_T_293\[27\] only has one pin. Check if it is intended to be dangling.
[WARNING RSZ-0104] Net core/csr/_T_347\[29\] only has one pin. Check if it is intended to be dangling.
[WARNING RSZ-0104] Net core/csr/_T_302\[28\] only has one pin. Check if it is intended to be dangling.
[WARNING RSZ-0104] Net core/csr/_T_293\[25\] only has one pin. Check if it is intended to be dangling.
[WARNING RSZ-0104] Net core/csr/_T_293\[26\] only has one pin. Check if it is intended to be dangling.
[WARNING RSZ-0104] Net core/csr/_T_311\[18\] only has one pin. Check if it is intended to be dangling.
[WARNING RSZ-0104] Net core/csr/_T_311\[27\] only has one pin. Check if it is intended to be dangling.
[WARNING RSZ-0104] Net core/csr/_T_293\[23\] only has one pin. Check if it is intended to be dangling.
[WARNING RSZ-0104] Net core/csr/_T_347\[27\] only has one pin. Check if it is intended to be dangling.
[WARNING RSZ-0104] Net core/csr/_T_311\[20\] only has one pin. Check if it is intended to be dangling.
[WARNING RSZ-0104] Net core/csr/_T_347\[25\] only has one pin. Check if it is intended to be dangling.
[WARNING RSZ-0104] Net core/csr/_T_347\[26\] only has one pin. Check if it is intended to be dangling.
[WARNING RSZ-0104] Net core/csr/_T_320\[23\] only has one pin. Check if it is intended to be dangling.
[WARNING RSZ-0104] Net core/csr/_T_320\[27\] only has one pin. Check if it is intended to be dangling.
[WARNING RSZ-0104] Net core/csr/_T_347\[23\] only has one pin. Check if it is intended to be dangling.
[WARNING RSZ-0104] Net core/csr/_T_302\[24\] only has one pin. Check if it is intended to be dangling.
[WARNING RSZ-0104] Net core/csr/_T_302\[26\] only has one pin. Check if it is intended to be dangling.
[WARNING RSZ-0104] Net core/csr/_T_311\[25\] only has one pin. Check if it is intended to be dangling.
[WARNING RSZ-0104] Net core/csr/_T_311\[16\] only has one pin. Check if it is intended to be dangling.
[WARNING RSZ-0104] Net core/csr/_T_347\[24\] only has one pin. Check if it is intended to be dangling.
[WARNING RSZ-0104] Net core/csr/_T_338\[26\] only has one pin. Check if it is intended to be dangling.
    11000 |     +0.0% |       0 |       2 |             5 |     23789
[WARNING RSZ-0104] Net core/_10495_ only has one pin. Check if it is intended to be dangling.
[WARNING RSZ-0104] Net core/csr/_T_284\[23\] only has one pin. Check if it is intended to be dangling.
[WARNING RSZ-0104] Net core/csr/_T_284\[25\] only has one pin. Check if it is intended to be dangling.
[WARNING RSZ-0104] Net core/csr/_T_284\[27\] only has one pin. Check if it is intended to be dangling.
[WARNING RSZ-0104] Net core/csr/_T_284\[29\] only has one pin. Check if it is intended to be dangling.
[WARNING RSZ-0104] Net core/csr/_T_284\[26\] only has one pin. Check if it is intended to be dangling.
[WARNING RSZ-0104] Net core/csr/_T_284\[28\] only has one pin. Check if it is intended to be dangling.
[WARNING RSZ-0104] Net core/csr/_T_347\[22\] only has one pin. Check if it is intended to be dangling.
[WARNING RSZ-0104] Net core/csr/_T_347\[20\] only has one pin. Check if it is intended to be dangling.
[WARNING RSZ-0104] Net core/csr/_T_293\[19\] only has one pin. Check if it is intended to be dangling.
[WARNING RSZ-0104] Net core/csr/_T_338\[22\] only has one pin. Check if it is intended to be dangling.
[WARNING RSZ-0104] Net core/csr/_T_293\[24\] only has one pin. Check if it is intended to be dangling.
[WARNING RSZ-0104] Net core/csr/_T_347\[12\] only has one pin. Check if it is intended to be dangling.
[WARNING RSZ-0104] Net core/csr/_T_293\[21\] only has one pin. Check if it is intended to be dangling.
[WARNING RSZ-0104] Net core/csr/_T_293\[20\] only has one pin. Check if it is intended to be dangling.
[WARNING RSZ-0104] Net core/csr/_T_347\[19\] only has one pin. Check if it is intended to be dangling.
[WARNING RSZ-0104] Net core/csr/_T_338\[16\] only has one pin. Check if it is intended to be dangling.
[WARNING RSZ-0104] Net core/csr/_T_338\[24\] only has one pin. Check if it is intended to be dangling.
[WARNING RSZ-0104] Net core/csr/_T_329\[27\] only has one pin. Check if it is intended to be dangling.
[WARNING RSZ-0104] Net core/csr/_T_329\[28\] only has one pin. Check if it is intended to be dangling.
[WARNING RSZ-0104] Net core/csr/_T_311\[19\] only has one pin. Check if it is intended to be dangling.
[WARNING RSZ-0104] Net core/csr/_T_347\[21\] only has one pin. Check if it is intended to be dangling.
[WARNING RSZ-0104] Net core/csr/_T_302\[12\] only has one pin. Check if it is intended to be dangling.
[WARNING RSZ-0104] Net core/csr/_T_302\[29\] only has one pin. Check if it is intended to be dangling.
[WARNING RSZ-0104] Net core/csr/_T_311\[14\] only has one pin. Check if it is intended to be dangling.
[WARNING RSZ-0104] Net core/csr/_T_302\[14\] only has one pin. Check if it is intended to be dangling.
[WARNING RSZ-0104] Net core/csr/_T_302\[15\] only has one pin. Check if it is intended to be dangling.
[WARNING RSZ-0104] Net core/csr/_T_302\[16\] only has one pin. Check if it is intended to be dangling.
[WARNING RSZ-0104] Net core/csr/_T_302\[20\] only has one pin. Check if it is intended to be dangling.
[WARNING RSZ-0104] Net core/csr/_T_320\[28\] only has one pin. Check if it is intended to be dangling.
[WARNING RSZ-0104] Net core/csr/_T_320\[29\] only has one pin. Check if it is intended to be dangling.
[WARNING RSZ-0104] Net core/csr/_T_320\[24\] only has one pin. Check if it is intended to be dangling.
[WARNING RSZ-0104] Net core/csr/_T_320\[25\] only has one pin. Check if it is intended to be dangling.
[WARNING RSZ-0104] Net core/csr/_T_302\[22\] only has one pin. Check if it is intended to be dangling.
[WARNING RSZ-0104] Net core/csr/_T_320\[26\] only has one pin. Check if it is intended to be dangling.
[WARNING RSZ-0104] Net core/csr/_T_320\[21\] only has one pin. Check if it is intended to be dangling.
[WARNING RSZ-0104] Net core/csr/_T_347\[15\] only has one pin. Check if it is intended to be dangling.
[WARNING RSZ-0104] Net core/csr/_T_302\[25\] only has one pin. Check if it is intended to be dangling.
[WARNING RSZ-0104] Net core/csr/_T_338\[28\] only has one pin. Check if it is intended to be dangling.
[WARNING RSZ-0104] Net core/csr/_T_302\[27\] only has one pin. Check if it is intended to be dangling.
[WARNING RSZ-0104] Net core/csr/_T_293\[18\] only has one pin. Check if it is intended to be dangling.
[WARNING RSZ-0104] Net core/csr/_T_311\[23\] only has one pin. Check if it is intended to be dangling.
[WARNING RSZ-0104] Net core/csr/_T_347\[16\] only has one pin. Check if it is intended to be dangling.
[WARNING RSZ-0104] Net core/csr/_T_293\[29\] only has one pin. Check if it is intended to be dangling.
[WARNING RSZ-0104] Net core/csr/_T_311\[21\] only has one pin. Check if it is intended to be dangling.
[WARNING RSZ-0104] Net core/csr/_T_311\[29\] only has one pin. Check if it is intended to be dangling.
[WARNING RSZ-0104] Net core/csr/_T_293\[16\] only has one pin. Check if it is intended to be dangling.
[WARNING RSZ-0104] Net core/csr/_T_284\[19\] only has one pin. Check if it is intended to be dangling.
    12000 |     +0.0% |       0 |       2 |             5 |     22789
[WARNING RSZ-0104] Net core/csr/_T_284\[18\] only has one pin. Check if it is intended to be dangling.
[WARNING RSZ-0104] Net core/csr/_T_284\[22\] only has one pin. Check if it is intended to be dangling.
[WARNING RSZ-0104] Net core/csr/_T_329\[23\] only has one pin. Check if it is intended to be dangling.
[WARNING RSZ-0104] Net core/csr/_T_338\[21\] only has one pin. Check if it is intended to be dangling.
[WARNING RSZ-0104] Net core/csr/_T_338\[27\] only has one pin. Check if it is intended to be dangling.
[WARNING RSZ-0104] Net core/csr/_T_284\[20\] only has one pin. Check if it is intended to be dangling.
[WARNING RSZ-0104] Net core/csr/_T_284\[21\] only has one pin. Check if it is intended to be dangling.
[WARNING RSZ-0104] Net core/csr/_T_284\[24\] only has one pin. Check if it is intended to be dangling.
[WARNING RSZ-0104] Net core/csr/_T_338\[20\] only has one pin. Check if it is intended to be dangling.
[WARNING RSZ-0104] Net core/csr/_T_329\[22\] only has one pin. Check if it is intended to be dangling.
[WARNING RSZ-0104] Net core/csr/_T_338\[14\] only has one pin. Check if it is intended to be dangling.
[WARNING RSZ-0104] Net core/csr/_T_338\[23\] only has one pin. Check if it is intended to be dangling.
[WARNING RSZ-0104] Net core/csr/_T_293\[14\] only has one pin. Check if it is intended to be dangling.
[WARNING RSZ-0104] Net core/csr/_T_347\[13\] only has one pin. Check if it is intended to be dangling.
[WARNING RSZ-0104] Net core/csr/_T_329\[24\] only has one pin. Check if it is intended to be dangling.
[WARNING RSZ-0104] Net core/csr/_T_338\[25\] only has one pin. Check if it is intended to be dangling.
[WARNING RSZ-0104] Net core/csr/_T_329\[25\] only has one pin. Check if it is intended to be dangling.
[WARNING RSZ-0104] Net core/csr/_T_347\[14\] only has one pin. Check if it is intended to be dangling.
[WARNING RSZ-0104] Net core/csr/_T_338\[18\] only has one pin. Check if it is intended to be dangling.
[WARNING RSZ-0104] Net core/csr/_T_302\[10\] only has one pin. Check if it is intended to be dangling.
[WARNING RSZ-0104] Net core/csr/_T_302\[11\] only has one pin. Check if it is intended to be dangling.
[WARNING RSZ-0104] Net core/csr/_T_329\[16\] only has one pin. Check if it is intended to be dangling.
[WARNING RSZ-0104] Net core/csr/_T_329\[26\] only has one pin. Check if it is intended to be dangling.
[WARNING RSZ-0104] Net core/csr/_T_302\[13\] only has one pin. Check if it is intended to be dangling.
[WARNING RSZ-0104] Net core/csr/_T_302\[18\] only has one pin. Check if it is intended to be dangling.
[WARNING RSZ-0104] Net core/csr/_T_302\[19\] only has one pin. Check if it is intended to be dangling.
    13000 |     +0.0% |       0 |       3 |             6 |     21789
[WARNING RSZ-0104] Net core/csr/_T_347\[11\] only has one pin. Check if it is intended to be dangling.
[WARNING RSZ-0104] Net core/csr/_T_347\[10\] only has one pin. Check if it is intended to be dangling.
[WARNING RSZ-0104] Net core/csr/_T_347\[17\] only has one pin. Check if it is intended to be dangling.
[WARNING RSZ-0104] Net core/csr/_T_302\[17\] only has one pin. Check if it is intended to be dangling.
[WARNING RSZ-0104] Net core/csr/_T_347\[18\] only has one pin. Check if it is intended to be dangling.
[WARNING RSZ-0104] Net core/csr/_T_302\[21\] only has one pin. Check if it is intended to be dangling.
[WARNING RSZ-0104] Net core/csr/_T_302\[23\] only has one pin. Check if it is intended to be dangling.
[WARNING RSZ-0104] Net core/csr/_T_320\[22\] only has one pin. Check if it is intended to be dangling.
[WARNING RSZ-0104] Net core/csr/_T_320\[20\] only has one pin. Check if it is intended to be dangling.
[WARNING RSZ-0104] Net core/csr/_T_320\[19\] only has one pin. Check if it is intended to be dangling.
[WARNING RSZ-0104] Net core/csr/_T_320\[18\] only has one pin. Check if it is intended to be dangling.
[WARNING RSZ-0104] Net core/csr/_T_320\[12\] only has one pin. Check if it is intended to be dangling.
[WARNING RSZ-0104] Net core/csr/_T_320\[14\] only has one pin. Check if it is intended to be dangling.
[WARNING RSZ-0104] Net core/csr/_T_329\[29\] only has one pin. Check if it is intended to be dangling.
[WARNING RSZ-0104] Net core/csr/_T_293\[17\] only has one pin. Check if it is intended to be dangling.
[WARNING RSZ-0104] Net core/csr/_T_311\[17\] only has one pin. Check if it is intended to be dangling.
[WARNING RSZ-0104] Net core/csr/_T_338\[29\] only has one pin. Check if it is intended to be dangling.
[WARNING RSZ-0104] Net core/csr/_T_293\[22\] only has one pin. Check if it is intended to be dangling.
[WARNING RSZ-0104] Net core/csr/_T_338\[12\] only has one pin. Check if it is intended to be dangling.
[WARNING RSZ-0104] Net core/csr/_T_284\[17\] only has one pin. Check if it is intended to be dangling.
[WARNING RSZ-0104] Net core/csr/_T_284\[16\] only has one pin. Check if it is intended to be dangling.
[WARNING RSZ-0104] Net core/csr/_T_284\[15\] only has one pin. Check if it is intended to be dangling.
[WARNING RSZ-0104] Net core/csr/_T_284\[13\] only has one pin. Check if it is intended to be dangling.
[WARNING RSZ-0104] Net core/csr/_T_293\[28\] only has one pin. Check if it is intended to be dangling.
    14000 |     +0.0% |       0 |       3 |             6 |     20789
[WARNING RSZ-0104] Net core/csr/_T_329\[14\] only has one pin. Check if it is intended to be dangling.
[WARNING RSZ-0104] Net core/csr/_T_338\[15\] only has one pin. Check if it is intended to be dangling.
[WARNING RSZ-0104] Net core/csr/_T_311\[12\] only has one pin. Check if it is intended to be dangling.
[WARNING RSZ-0104] Net core/csr/_T_293\[15\] only has one pin. Check if it is intended to be dangling.
[WARNING RSZ-0104] Net core/csr/_T_338\[11\] only has one pin. Check if it is intended to be dangling.
[WARNING RSZ-0104] Net core/csr/_T_302\[8\] only has one pin. Check if it is intended to be dangling.
[WARNING RSZ-0104] Net core/csr/_T_338\[9\] only has one pin. Check if it is intended to be dangling.
[WARNING RSZ-0104] Net core/csr/_T_311\[10\] only has one pin. Check if it is intended to be dangling.
[WARNING RSZ-0104] Net core/csr/_T_311\[9\] only has one pin. Check if it is intended to be dangling.
[WARNING RSZ-0104] Net core/csr/_T_338\[17\] only has one pin. Check if it is intended to be dangling.
[WARNING RSZ-0104] Net core/csr/_T_338\[10\] only has one pin. Check if it is intended to be dangling.
[WARNING RSZ-0104] Net core/csr/_T_329\[11\] only has one pin. Check if it is intended to be dangling.
[WARNING RSZ-0104] Net core/csr/_T_338\[13\] only has one pin. Check if it is intended to be dangling.
[WARNING RSZ-0104] Net core/csr/_T_320\[16\] only has one pin. Check if it is intended to be dangling.
[WARNING RSZ-0104] Net core/csr/_T_320\[17\] only has one pin. Check if it is intended to be dangling.
[WARNING RSZ-0104] Net core/csr/_T_320\[13\] only has one pin. Check if it is intended to be dangling.
[WARNING RSZ-0104] Net core/csr/_T_320\[15\] only has one pin. Check if it is intended to be dangling.
[WARNING RSZ-0104] Net core/csr/_T_320\[10\] only has one pin. Check if it is intended to be dangling.
[WARNING RSZ-0104] Net core/csr/_T_338\[19\] only has one pin. Check if it is intended to be dangling.
[WARNING RSZ-0104] Net core/csr/_T_311\[8\] only has one pin. Check if it is intended to be dangling.
[WARNING RSZ-0104] Net core/csr/_T_311\[15\] only has one pin. Check if it is intended to be dangling.
[WARNING RSZ-0104] Net core/csr/_T_284\[14\] only has one pin. Check if it is intended to be dangling.
[WARNING RSZ-0104] Net core/csr/_T_284\[11\] only has one pin. Check if it is intended to be dangling.
[WARNING RSZ-0104] Net core/csr/_T_284\[12\] only has one pin. Check if it is intended to be dangling.
[WARNING RSZ-0104] Net core/csr/_T_284\[10\] only has one pin. Check if it is intended to be dangling.
    15000 |     +0.0% |       0 |       4 |             8 |     19789
[WARNING RSZ-0104] Net core/csr/_T_329\[15\] only has one pin. Check if it is intended to be dangling.
[WARNING RSZ-0104] Net core/csr/_T_329\[21\] only has one pin. Check if it is intended to be dangling.
[WARNING RSZ-0104] Net core/csr/_T_284\[6\] only has one pin. Check if it is intended to be dangling.
[WARNING RSZ-0104] Net core/csr/_T_338\[7\] only has one pin. Check if it is intended to be dangling.
[WARNING RSZ-0104] Net core/csr/_T_338\[8\] only has one pin. Check if it is intended to be dangling.
[WARNING RSZ-0104] Net core/csr/_T_329\[9\] only has one pin. Check if it is intended to be dangling.
[WARNING RSZ-0104] Net core/csr/_T_329\[17\] only has one pin. Check if it is intended to be dangling.
[WARNING RSZ-0104] Net core/csr/_T_329\[8\] only has one pin. Check if it is intended to be dangling.
[WARNING RSZ-0104] Net core/csr/_T_329\[12\] only has one pin. Check if it is intended to be dangling.
[WARNING RSZ-0104] Net core/csr/_T_329\[19\] only has one pin. Check if it is intended to be dangling.
[WARNING RSZ-0104] Net core/csr/_T_329\[20\] only has one pin. Check if it is intended to be dangling.
[WARNING RSZ-0104] Net core/csr/_T_311\[6\] only has one pin. Check if it is intended to be dangling.
[WARNING RSZ-0104] Net core/csr/_T_302\[9\] only has one pin. Check if it is intended to be dangling.
[WARNING RSZ-0104] Net core/csr/_T_347\[9\] only has one pin. Check if it is intended to be dangling.
[WARNING RSZ-0104] Net core/csr/_T_329\[6\] only has one pin. Check if it is intended to be dangling.
[WARNING RSZ-0104] Net core/csr/_T_320\[11\] only has one pin. Check if it is intended to be dangling.
[WARNING RSZ-0104] Net core/csr/_T_320\[9\] only has one pin. Check if it is intended to be dangling.
[WARNING RSZ-0104] Net core/csr/_T_320\[8\] only has one pin. Check if it is intended to be dangling.
[WARNING RSZ-0104] Net core/csr/_T_329\[18\] only has one pin. Check if it is intended to be dangling.
[WARNING RSZ-0104] Net core/csr/_T_293\[13\] only has one pin. Check if it is intended to be dangling.
[WARNING RSZ-0104] Net core/csr/_T_311\[7\] only has one pin. Check if it is intended to be dangling.
[WARNING RSZ-0104] Net core/csr/_T_311\[13\] only has one pin. Check if it is intended to be dangling.
[WARNING RSZ-0104] Net core/csr/_T_284\[8\] only has one pin. Check if it is intended to be dangling.
[WARNING RSZ-0104] Net core/csr/_T_284\[9\] only has one pin. Check if it is intended to be dangling.
[WARNING RSZ-0104] Net core/csr/_T_329\[10\] only has one pin. Check if it is intended to be dangling.
    16000 |     +0.0% |       0 |       4 |             8 |     18789
    17000 |     +0.0% |       0 |       4 |             8 |     17789
[WARNING RSZ-0104] Net core/csr/_T_329\[7\] only has one pin. Check if it is intended to be dangling.
[WARNING RSZ-0104] Net core/csr/_T_329\[13\] only has one pin. Check if it is intended to be dangling.
[WARNING RSZ-0104] Net core/csr/_T_338\[6\] only has one pin. Check if it is intended to be dangling.
[WARNING RSZ-0104] Net core/csr/_T_293\[6\] only has one pin. Check if it is intended to be dangling.
[WARNING RSZ-0104] Net core/csr/_T_293\[7\] only has one pin. Check if it is intended to be dangling.
[WARNING RSZ-0104] Net core/csr/_T_293\[12\] only has one pin. Check if it is intended to be dangling.
[WARNING RSZ-0104] Net core/csr/_T_293\[9\] only has one pin. Check if it is intended to be dangling.
[WARNING RSZ-0104] Net core/csr/_T_293\[11\] only has one pin. Check if it is intended to be dangling.
[WARNING RSZ-0104] Net core/csr/_T_320\[6\] only has one pin. Check if it is intended to be dangling.
[WARNING RSZ-0104] Net core/csr/_T_320\[7\] only has one pin. Check if it is intended to be dangling.
[WARNING RSZ-0104] Net core/csr/_T_347\[7\] only has one pin. Check if it is intended to be dangling.
[WARNING RSZ-0104] Net core/csr/_T_302\[6\] only has one pin. Check if it is intended to be dangling.
[WARNING RSZ-0104] Net core/csr/_T_302\[7\] only has one pin. Check if it is intended to be dangling.
[WARNING RSZ-0104] Net core/csr/_T_347\[8\] only has one pin. Check if it is intended to be dangling.
[WARNING RSZ-0104] Net core/csr/_T_293\[10\] only has one pin. Check if it is intended to be dangling.
[WARNING RSZ-0104] Net core/csr/_T_293\[8\] only has one pin. Check if it is intended to be dangling.
[WARNING RSZ-0104] Net core/csr/_T_293\[5\] only has one pin. Check if it is intended to be dangling.
[WARNING RSZ-0104] Net core/csr/_T_338\[5\] only has one pin. Check if it is intended to be dangling.
[WARNING RSZ-0104] Net core/csr/_T_311\[5\] only has one pin. Check if it is intended to be dangling.
[WARNING RSZ-0104] Net core/csr/_T_311\[11\] only has one pin. Check if it is intended to be dangling.
[WARNING RSZ-0104] Net core/csr/_T_284\[7\] only has one pin. Check if it is intended to be dangling.
[WARNING RSZ-0104] Net core/_10497_ only has one pin. Check if it is intended to be dangling.
[WARNING RSZ-0104] Net frontend/_3629_ only has one pin. Check if it is intended to be dangling.
[WARNING RSZ-0104] Net frontend/_3609_ only has one pin. Check if it is intended to be dangling.
[WARNING RSZ-0104] Net frontend/_3608_ only has one pin. Check if it is intended to be dangling.
[WARNING RSZ-0104] Net frontend/_3607_ only has one pin. Check if it is intended to be dangling.
[WARNING RSZ-0104] Net frontend/_3580_ only has one pin. Check if it is intended to be dangling.
[WARNING RSZ-0104] Net frontend/_3571_ only has one pin. Check if it is intended to be dangling.
[WARNING RSZ-0104] Net frontend/_3552_ only has one pin. Check if it is intended to be dangling.
[WARNING RSZ-0104] Net frontend/_3547_ only has one pin. Check if it is intended to be dangling.
[WARNING RSZ-0104] Net frontend/_3544_ only has one pin. Check if it is intended to be dangling.
[WARNING RSZ-0104] Net frontend/_3543_ only has one pin. Check if it is intended to be dangling.
[WARNING RSZ-0104] Net frontend/_3540_ only has one pin. Check if it is intended to be dangling.
[WARNING RSZ-0104] Net frontend/_3537_ only has one pin. Check if it is intended to be dangling.
    18000 |     +0.0% |       0 |       5 |             9 |     16789
[WARNING RSZ-0104] Net frontend/_3535_ only has one pin. Check if it is intended to be dangling.
[WARNING RSZ-0104] Net frontend/_3523_ only has one pin. Check if it is intended to be dangling.
[WARNING RSZ-0104] Net frontend/_3522_ only has one pin. Check if it is intended to be dangling.
[WARNING RSZ-0104] Net frontend/_3521_ only has one pin. Check if it is intended to be dangling.
[WARNING RSZ-0104] Net frontend/_3519_ only has one pin. Check if it is intended to be dangling.
[WARNING RSZ-0104] Net frontend/_3518_ only has one pin. Check if it is intended to be dangling.
[WARNING RSZ-0104] Net frontend/_3515_ only has one pin. Check if it is intended to be dangling.
[WARNING RSZ-0104] Net frontend/_3514_ only has one pin. Check if it is intended to be dangling.
[WARNING RSZ-0104] Net frontend/_3513_ only has one pin. Check if it is intended to be dangling.
[WARNING RSZ-0104] Net frontend/_3506_ only has one pin. Check if it is intended to be dangling.
[WARNING RSZ-0104] Net frontend/_3494_ only has one pin. Check if it is intended to be dangling.
[WARNING RSZ-0104] Net frontend/_3489_ only has one pin. Check if it is intended to be dangling.
[WARNING RSZ-0104] Net frontend/_3488_ only has one pin. Check if it is intended to be dangling.
[WARNING RSZ-0104] Net frontend/_3487_ only has one pin. Check if it is intended to be dangling.
[WARNING RSZ-0104] Net frontend/_3486_ only has one pin. Check if it is intended to be dangling.
[WARNING RSZ-0104] Net frontend/_3465_ only has one pin. Check if it is intended to be dangling.
[WARNING RSZ-0104] Net frontend/_3436_ only has one pin. Check if it is intended to be dangling.
[WARNING RSZ-0104] Net frontend/_3434_ only has one pin. Check if it is intended to be dangling.
[WARNING RSZ-0104] Net frontend/_3433_ only has one pin. Check if it is intended to be dangling.
[WARNING RSZ-0104] Net frontend/_3432_ only has one pin. Check if it is intended to be dangling.
[WARNING RSZ-0104] Net frontend/_3428_ only has one pin. Check if it is intended to be dangling.
[WARNING RSZ-0104] Net frontend/_3420_ only has one pin. Check if it is intended to be dangling.
[WARNING RSZ-0104] Net dcache/_3544_ only has one pin. Check if it is intended to be dangling.
[WARNING RSZ-0104] Net dcache/_3539_ only has one pin. Check if it is intended to be dangling.
[WARNING RSZ-0104] Net dcache/_3538_ only has one pin. Check if it is intended to be dangling.
[WARNING RSZ-0104] Net dcache/_3529_ only has one pin. Check if it is intended to be dangling.
[WARNING RSZ-0104] Net dcache/_3521_ only has one pin. Check if it is intended to be dangling.
[WARNING RSZ-0104] Net dcache/_3520_ only has one pin. Check if it is intended to be dangling.
[WARNING RSZ-0104] Net dcache/_3488_ only has one pin. Check if it is intended to be dangling.
[WARNING RSZ-0104] Net dcache/_3484_ only has one pin. Check if it is intended to be dangling.
[WARNING RSZ-0104] Net dcache/_3483_ only has one pin. Check if it is intended to be dangling.
[WARNING RSZ-0104] Net dcache/_3478_ only has one pin. Check if it is intended to be dangling.
[WARNING RSZ-0104] Net dcache/_3473_ only has one pin. Check if it is intended to be dangling.
[WARNING RSZ-0104] Net dcache/_3465_ only has one pin. Check if it is intended to be dangling.
[WARNING RSZ-0104] Net dcache/_3462_ only has one pin. Check if it is intended to be dangling.
[WARNING RSZ-0104] Net dcache/_3461_ only has one pin. Check if it is intended to be dangling.
[WARNING RSZ-0104] Net dcache/_3459_ only has one pin. Check if it is intended to be dangling.
[WARNING RSZ-0104] Net dcache/_3458_ only has one pin. Check if it is intended to be dangling.
[WARNING RSZ-0104] Net dcache/_3456_ only has one pin. Check if it is intended to be dangling.
[WARNING RSZ-0104] Net dcache/_3455_ only has one pin. Check if it is intended to be dangling.
[WARNING RSZ-0104] Net dcache/_3452_ only has one pin. Check if it is intended to be dangling.
[WARNING RSZ-0104] Net dcache/_3450_ only has one pin. Check if it is intended to be dangling.
[WARNING RSZ-0104] Net dcache/_3437_ only has one pin. Check if it is intended to be dangling.
[WARNING RSZ-0104] Net dcache/_3436_ only has one pin. Check if it is intended to be dangling.
[WARNING RSZ-0104] Net dcache/_3435_ only has one pin. Check if it is intended to be dangling.
[WARNING RSZ-0104] Net dcache/_3432_ only has one pin. Check if it is intended to be dangling.
[WARNING RSZ-0104] Net dcache/_3431_ only has one pin. Check if it is intended to be dangling.
[WARNING RSZ-0104] Net dcache/_3430_ only has one pin. Check if it is intended to be dangling.
[WARNING RSZ-0104] Net dcache/_3429_ only has one pin. Check if it is intended to be dangling.
[WARNING RSZ-0104] Net dcache/_3424_ only has one pin. Check if it is intended to be dangling.
[WARNING RSZ-0104] Net dcache/_3407_ only has one pin. Check if it is intended to be dangling.
[WARNING RSZ-0104] Net dcache/_3406_ only has one pin. Check if it is intended to be dangling.
[WARNING RSZ-0104] Net dcache/_3404_ only has one pin. Check if it is intended to be dangling.
[WARNING RSZ-0104] Net dcache/_3397_ only has one pin. Check if it is intended to be dangling.
[WARNING RSZ-0104] Net dcache/_3371_ only has one pin. Check if it is intended to be dangling.
[WARNING RSZ-0104] Net dcache/_3369_ only has one pin. Check if it is intended to be dangling.
[WARNING RSZ-0104] Net dcache/_3356_ only has one pin. Check if it is intended to be dangling.
[WARNING RSZ-0104] Net dcache/_3355_ only has one pin. Check if it is intended to be dangling.
[WARNING RSZ-0104] Net dcache/_3354_ only has one pin. Check if it is intended to be dangling.
[WARNING RSZ-0104] Net dcache/_3351_ only has one pin. Check if it is intended to be dangling.
[WARNING RSZ-0104] Net dcache/_3348_ only has one pin. Check if it is intended to be dangling.
    19000 |     +0.0% |       0 |       5 |             9 |     15789
[WARNING RSZ-0104] Net core/csr/_T_347\[6\] only has one pin. Check if it is intended to be dangling.
[WARNING RSZ-0104] Net core/csr/_T_311\[4\] only has one pin. Check if it is intended to be dangling.
[WARNING RSZ-0104] Net core/csr/_T_338\[4\] only has one pin. Check if it is intended to be dangling.
[WARNING RSZ-0104] Net core/csr/_T_284\[4\] only has one pin. Check if it is intended to be dangling.
[WARNING RSZ-0104] Net core/csr/_T_284\[5\] only has one pin. Check if it is intended to be dangling.
[WARNING RSZ-0104] Net core/csr/_T_293\[4\] only has one pin. Check if it is intended to be dangling.
[WARNING RSZ-0104] Net core/csr/_T_347\[5\] only has one pin. Check if it is intended to be dangling.
[WARNING RSZ-0104] Net core/csr/_T_338\[3\] only has one pin. Check if it is intended to be dangling.
[WARNING RSZ-0104] Net core/csr/_T_329\[5\] only has one pin. Check if it is intended to be dangling.
[WARNING RSZ-0104] Net core/csr/_T_329\[4\] only has one pin. Check if it is intended to be dangling.
[WARNING RSZ-0104] Net core/csr/_T_320\[5\] only has one pin. Check if it is intended to be dangling.
[WARNING RSZ-0104] Net core/csr/_T_320\[4\] only has one pin. Check if it is intended to be dangling.
[WARNING RSZ-0104] Net core/csr/_T_320\[2\] only has one pin. Check if it is intended to be dangling.
[WARNING RSZ-0104] Net core/csr/_T_347\[4\] only has one pin. Check if it is intended to be dangling.
[WARNING RSZ-0104] Net core/csr/_T_302\[3\] only has one pin. Check if it is intended to be dangling.
[WARNING RSZ-0104] Net core/csr/_T_302\[4\] only has one pin. Check if it is intended to be dangling.
[WARNING RSZ-0104] Net core/csr/_T_302\[5\] only has one pin. Check if it is intended to be dangling.
[WARNING RSZ-0104] Net core/csr/_T_347\[3\] only has one pin. Check if it is intended to be dangling.
[WARNING RSZ-0104] Net core/csr/_T_293\[3\] only has one pin. Check if it is intended to be dangling.
[WARNING RSZ-0104] Net core/_10496_ only has one pin. Check if it is intended to be dangling.
    20000 |     +0.0% |       0 |       5 |            10 |     14789
[WARNING RSZ-0104] Net frontend/_3643_ only has one pin. Check if it is intended to be dangling.
[WARNING RSZ-0104] Net frontend/_3642_ only has one pin. Check if it is intended to be dangling.
[WARNING RSZ-0104] Net frontend/_3641_ only has one pin. Check if it is intended to be dangling.
[WARNING RSZ-0104] Net frontend/_3640_ only has one pin. Check if it is intended to be dangling.
[WARNING RSZ-0104] Net frontend/_3639_ only has one pin. Check if it is intended to be dangling.
[WARNING RSZ-0104] Net frontend/_3638_ only has one pin. Check if it is intended to be dangling.
[WARNING RSZ-0104] Net frontend/_3637_ only has one pin. Check if it is intended to be dangling.
[WARNING RSZ-0104] Net frontend/_3636_ only has one pin. Check if it is intended to be dangling.
[WARNING RSZ-0104] Net frontend/_3635_ only has one pin. Check if it is intended to be dangling.
[WARNING RSZ-0104] Net frontend/_3634_ only has one pin. Check if it is intended to be dangling.
[WARNING RSZ-0104] Net frontend/_3633_ only has one pin. Check if it is intended to be dangling.
[WARNING RSZ-0104] Net frontend/_3632_ only has one pin. Check if it is intended to be dangling.
[WARNING RSZ-0104] Net frontend/_3631_ only has one pin. Check if it is intended to be dangling.
[WARNING RSZ-0104] Net frontend/_3630_ only has one pin. Check if it is intended to be dangling.
[WARNING RSZ-0104] Net frontend/_3628_ only has one pin. Check if it is intended to be dangling.
[WARNING RSZ-0104] Net frontend/_3627_ only has one pin. Check if it is intended to be dangling.
[WARNING RSZ-0104] Net frontend/_3626_ only has one pin. Check if it is intended to be dangling.
[WARNING RSZ-0104] Net frontend/_3625_ only has one pin. Check if it is intended to be dangling.
[WARNING RSZ-0104] Net frontend/_3624_ only has one pin. Check if it is intended to be dangling.
[WARNING RSZ-0104] Net frontend/_3623_ only has one pin. Check if it is intended to be dangling.
[WARNING RSZ-0104] Net frontend/_3622_ only has one pin. Check if it is intended to be dangling.
[WARNING RSZ-0104] Net frontend/_3621_ only has one pin. Check if it is intended to be dangling.
[WARNING RSZ-0104] Net frontend/_3620_ only has one pin. Check if it is intended to be dangling.
[WARNING RSZ-0104] Net frontend/_3619_ only has one pin. Check if it is intended to be dangling.
[WARNING RSZ-0104] Net frontend/_3618_ only has one pin. Check if it is intended to be dangling.
[WARNING RSZ-0104] Net frontend/_3617_ only has one pin. Check if it is intended to be dangling.
[WARNING RSZ-0104] Net frontend/_3616_ only has one pin. Check if it is intended to be dangling.
[WARNING RSZ-0104] Net frontend/_3615_ only has one pin. Check if it is intended to be dangling.
[WARNING RSZ-0104] Net frontend/_3614_ only has one pin. Check if it is intended to be dangling.
[WARNING RSZ-0104] Net frontend/_3613_ only has one pin. Check if it is intended to be dangling.
[WARNING RSZ-0104] Net frontend/_3612_ only has one pin. Check if it is intended to be dangling.
[WARNING RSZ-0104] Net frontend/_3611_ only has one pin. Check if it is intended to be dangling.
[WARNING RSZ-0104] Net frontend/_3610_ only has one pin. Check if it is intended to be dangling.
[WARNING RSZ-0104] Net frontend/_3606_ only has one pin. Check if it is intended to be dangling.
[WARNING RSZ-0104] Net frontend/_3605_ only has one pin. Check if it is intended to be dangling.
[WARNING RSZ-0104] Net frontend/_3604_ only has one pin. Check if it is intended to be dangling.
[WARNING RSZ-0104] Net frontend/_3603_ only has one pin. Check if it is intended to be dangling.
[WARNING RSZ-0104] Net frontend/_3602_ only has one pin. Check if it is intended to be dangling.
[WARNING RSZ-0104] Net frontend/_3601_ only has one pin. Check if it is intended to be dangling.
[WARNING RSZ-0104] Net frontend/_3600_ only has one pin. Check if it is intended to be dangling.
[WARNING RSZ-0104] Net frontend/_3599_ only has one pin. Check if it is intended to be dangling.
[WARNING RSZ-0104] Net frontend/_3598_ only has one pin. Check if it is intended to be dangling.
[WARNING RSZ-0104] Net frontend/_3597_ only has one pin. Check if it is intended to be dangling.
[WARNING RSZ-0104] Net frontend/_3596_ only has one pin. Check if it is intended to be dangling.
[WARNING RSZ-0104] Net frontend/_3595_ only has one pin. Check if it is intended to be dangling.
[WARNING RSZ-0104] Net frontend/_3594_ only has one pin. Check if it is intended to be dangling.
[WARNING RSZ-0104] Net frontend/_3593_ only has one pin. Check if it is intended to be dangling.
[WARNING RSZ-0104] Net frontend/_3592_ only has one pin. Check if it is intended to be dangling.
[WARNING RSZ-0104] Net frontend/_3591_ only has one pin. Check if it is intended to be dangling.
[WARNING RSZ-0104] Net frontend/_3590_ only has one pin. Check if it is intended to be dangling.
[WARNING RSZ-0104] Net frontend/_3589_ only has one pin. Check if it is intended to be dangling.
[WARNING RSZ-0104] Net frontend/_3588_ only has one pin. Check if it is intended to be dangling.
[WARNING RSZ-0104] Net frontend/_3587_ only has one pin. Check if it is intended to be dangling.
[WARNING RSZ-0104] Net frontend/_3586_ only has one pin. Check if it is intended to be dangling.
[WARNING RSZ-0104] Net frontend/_3585_ only has one pin. Check if it is intended to be dangling.
[WARNING RSZ-0104] Net frontend/_3584_ only has one pin. Check if it is intended to be dangling.
[WARNING RSZ-0104] Net frontend/_3583_ only has one pin. Check if it is intended to be dangling.
[WARNING RSZ-0104] Net frontend/_3582_ only has one pin. Check if it is intended to be dangling.
[WARNING RSZ-0104] Net frontend/_3581_ only has one pin. Check if it is intended to be dangling.
[WARNING RSZ-0104] Net frontend/_3579_ only has one pin. Check if it is intended to be dangling.
[WARNING RSZ-0104] Net frontend/_3578_ only has one pin. Check if it is intended to be dangling.
[WARNING RSZ-0104] Net frontend/_3577_ only has one pin. Check if it is intended to be dangling.
[WARNING RSZ-0104] Net frontend/_3576_ only has one pin. Check if it is intended to be dangling.
[WARNING RSZ-0104] Net frontend/_3575_ only has one pin. Check if it is intended to be dangling.
[WARNING RSZ-0104] Net frontend/_3574_ only has one pin. Check if it is intended to be dangling.
[WARNING RSZ-0104] Net frontend/_3573_ only has one pin. Check if it is intended to be dangling.
[WARNING RSZ-0104] Net frontend/_3572_ only has one pin. Check if it is intended to be dangling.
[WARNING RSZ-0104] Net frontend/_3570_ only has one pin. Check if it is intended to be dangling.
[WARNING RSZ-0104] Net frontend/_3569_ only has one pin. Check if it is intended to be dangling.
[WARNING RSZ-0104] Net frontend/_3568_ only has one pin. Check if it is intended to be dangling.
[WARNING RSZ-0104] Net frontend/_3567_ only has one pin. Check if it is intended to be dangling.
[WARNING RSZ-0104] Net frontend/_3566_ only has one pin. Check if it is intended to be dangling.
[WARNING RSZ-0104] Net frontend/_3565_ only has one pin. Check if it is intended to be dangling.
[WARNING RSZ-0104] Net frontend/_3564_ only has one pin. Check if it is intended to be dangling.
[WARNING RSZ-0104] Net frontend/_3563_ only has one pin. Check if it is intended to be dangling.
[WARNING RSZ-0104] Net frontend/_3562_ only has one pin. Check if it is intended to be dangling.
[WARNING RSZ-0104] Net frontend/_3561_ only has one pin. Check if it is intended to be dangling.
[WARNING RSZ-0104] Net frontend/_3560_ only has one pin. Check if it is intended to be dangling.
[WARNING RSZ-0104] Net frontend/_3559_ only has one pin. Check if it is intended to be dangling.
[WARNING RSZ-0104] Net frontend/_3558_ only has one pin. Check if it is intended to be dangling.
[WARNING RSZ-0104] Net frontend/_3557_ only has one pin. Check if it is intended to be dangling.
[WARNING RSZ-0104] Net frontend/_3556_ only has one pin. Check if it is intended to be dangling.
[WARNING RSZ-0104] Net frontend/_3555_ only has one pin. Check if it is intended to be dangling.
[WARNING RSZ-0104] Net frontend/_3554_ only has one pin. Check if it is intended to be dangling.
[WARNING RSZ-0104] Net frontend/_3553_ only has one pin. Check if it is intended to be dangling.
[WARNING RSZ-0104] Net frontend/_3551_ only has one pin. Check if it is intended to be dangling.
[WARNING RSZ-0104] Net frontend/_3550_ only has one pin. Check if it is intended to be dangling.
[WARNING RSZ-0104] Net frontend/_3549_ only has one pin. Check if it is intended to be dangling.
[WARNING RSZ-0104] Net frontend/_3548_ only has one pin. Check if it is intended to be dangling.
[WARNING RSZ-0104] Net frontend/_3546_ only has one pin. Check if it is intended to be dangling.
[WARNING RSZ-0104] Net frontend/_3545_ only has one pin. Check if it is intended to be dangling.
[WARNING RSZ-0104] Net frontend/_3542_ only has one pin. Check if it is intended to be dangling.
[WARNING RSZ-0104] Net frontend/_3541_ only has one pin. Check if it is intended to be dangling.
[WARNING RSZ-0104] Net frontend/_3539_ only has one pin. Check if it is intended to be dangling.
[WARNING RSZ-0104] Net frontend/_3538_ only has one pin. Check if it is intended to be dangling.
[WARNING RSZ-0104] Net frontend/_3536_ only has one pin. Check if it is intended to be dangling.
[WARNING RSZ-0104] Net frontend/_3534_ only has one pin. Check if it is intended to be dangling.
[WARNING RSZ-0104] Net frontend/_3533_ only has one pin. Check if it is intended to be dangling.
[WARNING RSZ-0104] Net frontend/_3532_ only has one pin. Check if it is intended to be dangling.
[WARNING RSZ-0104] Net frontend/_3531_ only has one pin. Check if it is intended to be dangling.
[WARNING RSZ-0104] Net frontend/_3530_ only has one pin. Check if it is intended to be dangling.
[WARNING RSZ-0104] Net frontend/_3529_ only has one pin. Check if it is intended to be dangling.
[WARNING RSZ-0104] Net frontend/_3528_ only has one pin. Check if it is intended to be dangling.
[WARNING RSZ-0104] Net frontend/_3527_ only has one pin. Check if it is intended to be dangling.
[WARNING RSZ-0104] Net frontend/_3526_ only has one pin. Check if it is intended to be dangling.
[WARNING RSZ-0104] Net frontend/_3525_ only has one pin. Check if it is intended to be dangling.
[WARNING RSZ-0104] Net frontend/_3524_ only has one pin. Check if it is intended to be dangling.
[WARNING RSZ-0104] Net frontend/_3520_ only has one pin. Check if it is intended to be dangling.
[WARNING RSZ-0104] Net frontend/_3517_ only has one pin. Check if it is intended to be dangling.
[WARNING RSZ-0104] Net frontend/_3516_ only has one pin. Check if it is intended to be dangling.
[WARNING RSZ-0104] Net frontend/_3512_ only has one pin. Check if it is intended to be dangling.
[WARNING RSZ-0104] Net frontend/_3511_ only has one pin. Check if it is intended to be dangling.
[WARNING RSZ-0104] Net frontend/_3510_ only has one pin. Check if it is intended to be dangling.
[WARNING RSZ-0104] Net frontend/_3509_ only has one pin. Check if it is intended to be dangling.
[WARNING RSZ-0104] Net frontend/_3508_ only has one pin. Check if it is intended to be dangling.
[WARNING RSZ-0104] Net frontend/_3507_ only has one pin. Check if it is intended to be dangling.
[WARNING RSZ-0104] Net frontend/_3505_ only has one pin. Check if it is intended to be dangling.
[WARNING RSZ-0104] Net frontend/_3504_ only has one pin. Check if it is intended to be dangling.
[WARNING RSZ-0104] Net frontend/_3503_ only has one pin. Check if it is intended to be dangling.
[WARNING RSZ-0104] Net frontend/_3502_ only has one pin. Check if it is intended to be dangling.
[WARNING RSZ-0104] Net frontend/_3501_ only has one pin. Check if it is intended to be dangling.
[WARNING RSZ-0104] Net frontend/_3500_ only has one pin. Check if it is intended to be dangling.
[WARNING RSZ-0104] Net frontend/_3499_ only has one pin. Check if it is intended to be dangling.
[WARNING RSZ-0104] Net frontend/_3498_ only has one pin. Check if it is intended to be dangling.
[WARNING RSZ-0104] Net frontend/_3497_ only has one pin. Check if it is intended to be dangling.
[WARNING RSZ-0104] Net frontend/_3496_ only has one pin. Check if it is intended to be dangling.
[WARNING RSZ-0104] Net frontend/_3495_ only has one pin. Check if it is intended to be dangling.
[WARNING RSZ-0104] Net frontend/_3493_ only has one pin. Check if it is intended to be dangling.
[WARNING RSZ-0104] Net frontend/_3492_ only has one pin. Check if it is intended to be dangling.
[WARNING RSZ-0104] Net frontend/_3491_ only has one pin. Check if it is intended to be dangling.
[WARNING RSZ-0104] Net frontend/_3490_ only has one pin. Check if it is intended to be dangling.
[WARNING RSZ-0104] Net frontend/_3485_ only has one pin. Check if it is intended to be dangling.
[WARNING RSZ-0104] Net frontend/_3484_ only has one pin. Check if it is intended to be dangling.
[WARNING RSZ-0104] Net frontend/_3483_ only has one pin. Check if it is intended to be dangling.
[WARNING RSZ-0104] Net frontend/_3482_ only has one pin. Check if it is intended to be dangling.
[WARNING RSZ-0104] Net frontend/_3481_ only has one pin. Check if it is intended to be dangling.
[WARNING RSZ-0104] Net frontend/_3480_ only has one pin. Check if it is intended to be dangling.
[WARNING RSZ-0104] Net frontend/_3479_ only has one pin. Check if it is intended to be dangling.
[WARNING RSZ-0104] Net frontend/_3478_ only has one pin. Check if it is intended to be dangling.
[WARNING RSZ-0104] Net frontend/_3477_ only has one pin. Check if it is intended to be dangling.
[WARNING RSZ-0104] Net frontend/_3476_ only has one pin. Check if it is intended to be dangling.
[WARNING RSZ-0104] Net frontend/_3475_ only has one pin. Check if it is intended to be dangling.
[WARNING RSZ-0104] Net frontend/_3474_ only has one pin. Check if it is intended to be dangling.
[WARNING RSZ-0104] Net frontend/_3473_ only has one pin. Check if it is intended to be dangling.
[WARNING RSZ-0104] Net frontend/_3472_ only has one pin. Check if it is intended to be dangling.
[WARNING RSZ-0104] Net frontend/_3471_ only has one pin. Check if it is intended to be dangling.
[WARNING RSZ-0104] Net frontend/_3470_ only has one pin. Check if it is intended to be dangling.
[WARNING RSZ-0104] Net frontend/_3469_ only has one pin. Check if it is intended to be dangling.
[WARNING RSZ-0104] Net frontend/_3468_ only has one pin. Check if it is intended to be dangling.
[WARNING RSZ-0104] Net frontend/_3467_ only has one pin. Check if it is intended to be dangling.
[WARNING RSZ-0104] Net frontend/_3466_ only has one pin. Check if it is intended to be dangling.
[WARNING RSZ-0104] Net frontend/_3464_ only has one pin. Check if it is intended to be dangling.
[WARNING RSZ-0104] Net frontend/_3463_ only has one pin. Check if it is intended to be dangling.
[WARNING RSZ-0104] Net frontend/_3462_ only has one pin. Check if it is intended to be dangling.
[WARNING RSZ-0104] Net frontend/_3461_ only has one pin. Check if it is intended to be dangling.
[WARNING RSZ-0104] Net frontend/_3460_ only has one pin. Check if it is intended to be dangling.
[WARNING RSZ-0104] Net frontend/_3459_ only has one pin. Check if it is intended to be dangling.
[WARNING RSZ-0104] Net frontend/_3458_ only has one pin. Check if it is intended to be dangling.
[WARNING RSZ-0104] Net frontend/_3457_ only has one pin. Check if it is intended to be dangling.
[WARNING RSZ-0104] Net frontend/_3456_ only has one pin. Check if it is intended to be dangling.
[WARNING RSZ-0104] Net frontend/_3455_ only has one pin. Check if it is intended to be dangling.
[WARNING RSZ-0104] Net frontend/_3454_ only has one pin. Check if it is intended to be dangling.
[WARNING RSZ-0104] Net frontend/_3453_ only has one pin. Check if it is intended to be dangling.
[WARNING RSZ-0104] Net frontend/_3452_ only has one pin. Check if it is intended to be dangling.
[WARNING RSZ-0104] Net frontend/_3451_ only has one pin. Check if it is intended to be dangling.
[WARNING RSZ-0104] Net frontend/_3450_ only has one pin. Check if it is intended to be dangling.
[WARNING RSZ-0104] Net frontend/_3449_ only has one pin. Check if it is intended to be dangling.
[WARNING RSZ-0104] Net frontend/_3448_ only has one pin. Check if it is intended to be dangling.
[WARNING RSZ-0104] Net frontend/_3447_ only has one pin. Check if it is intended to be dangling.
[WARNING RSZ-0104] Net frontend/_3446_ only has one pin. Check if it is intended to be dangling.
[WARNING RSZ-0104] Net frontend/_3445_ only has one pin. Check if it is intended to be dangling.
[WARNING RSZ-0104] Net frontend/_3444_ only has one pin. Check if it is intended to be dangling.
[WARNING RSZ-0104] Net frontend/_3443_ only has one pin. Check if it is intended to be dangling.
[WARNING RSZ-0104] Net frontend/_3442_ only has one pin. Check if it is intended to be dangling.
[WARNING RSZ-0104] Net frontend/_3441_ only has one pin. Check if it is intended to be dangling.
[WARNING RSZ-0104] Net frontend/_3440_ only has one pin. Check if it is intended to be dangling.
[WARNING RSZ-0104] Net frontend/_3439_ only has one pin. Check if it is intended to be dangling.
[WARNING RSZ-0104] Net frontend/_3438_ only has one pin. Check if it is intended to be dangling.
[WARNING RSZ-0104] Net frontend/_3437_ only has one pin. Check if it is intended to be dangling.
[WARNING RSZ-0104] Net frontend/_3435_ only has one pin. Check if it is intended to be dangling.
[WARNING RSZ-0104] Net frontend/_3431_ only has one pin. Check if it is intended to be dangling.
[WARNING RSZ-0104] Net frontend/_3430_ only has one pin. Check if it is intended to be dangling.
[WARNING RSZ-0104] Net frontend/_3429_ only has one pin. Check if it is intended to be dangling.
[WARNING RSZ-0104] Net frontend/_3427_ only has one pin. Check if it is intended to be dangling.
[WARNING RSZ-0104] Net frontend/_3426_ only has one pin. Check if it is intended to be dangling.
[WARNING RSZ-0104] Net frontend/_3425_ only has one pin. Check if it is intended to be dangling.
[WARNING RSZ-0104] Net frontend/_3424_ only has one pin. Check if it is intended to be dangling.
[WARNING RSZ-0104] Net frontend/_3423_ only has one pin. Check if it is intended to be dangling.
[WARNING RSZ-0104] Net frontend/_3422_ only has one pin. Check if it is intended to be dangling.
[WARNING RSZ-0104] Net frontend/_3421_ only has one pin. Check if it is intended to be dangling.
[WARNING RSZ-0104] Net frontend/_3419_ only has one pin. Check if it is intended to be dangling.
[WARNING RSZ-0104] Net frontend/_3418_ only has one pin. Check if it is intended to be dangling.
[WARNING RSZ-0104] Net frontend/_3417_ only has one pin. Check if it is intended to be dangling.
[WARNING RSZ-0104] Net frontend/_3416_ only has one pin. Check if it is intended to be dangling.
[WARNING RSZ-0104] Net frontend/_3415_ only has one pin. Check if it is intended to be dangling.
[WARNING RSZ-0104] Net frontend/_3414_ only has one pin. Check if it is intended to be dangling.
[WARNING RSZ-0104] Net frontend/_3413_ only has one pin. Check if it is intended to be dangling.
[WARNING RSZ-0104] Net frontend/_3412_ only has one pin. Check if it is intended to be dangling.
[WARNING RSZ-0104] Net frontend/_3411_ only has one pin. Check if it is intended to be dangling.
[WARNING RSZ-0104] Net frontend/_3410_ only has one pin. Check if it is intended to be dangling.
[WARNING RSZ-0104] Net frontend/_3409_ only has one pin. Check if it is intended to be dangling.
[WARNING RSZ-0104] Net frontend/_3408_ only has one pin. Check if it is intended to be dangling.
[WARNING RSZ-0104] Net frontend/_3406_ only has one pin. Check if it is intended to be dangling.
[WARNING RSZ-0104] Net frontend/_3405_ only has one pin. Check if it is intended to be dangling.
[WARNING RSZ-0104] Net frontend/_3404_ only has one pin. Check if it is intended to be dangling.
[WARNING RSZ-0104] Net frontend/_3403_ only has one pin. Check if it is intended to be dangling.
[WARNING RSZ-0104] Net frontend/_3399_ only has one pin. Check if it is intended to be dangling.
    21000 |     +0.0% |       0 |       5 |            10 |     13789
[WARNING RSZ-0104] Net dcache/_3566_ only has one pin. Check if it is intended to be dangling.
[WARNING RSZ-0104] Net dcache/_3565_ only has one pin. Check if it is intended to be dangling.
[WARNING RSZ-0104] Net dcache/_3562_ only has one pin. Check if it is intended to be dangling.
[WARNING RSZ-0104] Net dcache/_3561_ only has one pin. Check if it is intended to be dangling.
[WARNING RSZ-0104] Net dcache/_3560_ only has one pin. Check if it is intended to be dangling.
[WARNING RSZ-0104] Net dcache/_3559_ only has one pin. Check if it is intended to be dangling.
[WARNING RSZ-0104] Net dcache/_3558_ only has one pin. Check if it is intended to be dangling.
[WARNING RSZ-0104] Net dcache/_3557_ only has one pin. Check if it is intended to be dangling.
[WARNING RSZ-0104] Net dcache/_3556_ only has one pin. Check if it is intended to be dangling.
[WARNING RSZ-0104] Net dcache/_3555_ only has one pin. Check if it is intended to be dangling.
[WARNING RSZ-0104] Net dcache/_3554_ only has one pin. Check if it is intended to be dangling.
[WARNING RSZ-0104] Net dcache/_3553_ only has one pin. Check if it is intended to be dangling.
[WARNING RSZ-0104] Net dcache/_3552_ only has one pin. Check if it is intended to be dangling.
[WARNING RSZ-0104] Net dcache/_3549_ only has one pin. Check if it is intended to be dangling.
[WARNING RSZ-0104] Net dcache/_3548_ only has one pin. Check if it is intended to be dangling.
[WARNING RSZ-0104] Net dcache/_3547_ only has one pin. Check if it is intended to be dangling.
[WARNING RSZ-0104] Net dcache/_3546_ only has one pin. Check if it is intended to be dangling.
[WARNING RSZ-0104] Net dcache/_3545_ only has one pin. Check if it is intended to be dangling.
[WARNING RSZ-0104] Net dcache/_3543_ only has one pin. Check if it is intended to be dangling.
[WARNING RSZ-0104] Net dcache/_3542_ only has one pin. Check if it is intended to be dangling.
[WARNING RSZ-0104] Net dcache/_3541_ only has one pin. Check if it is intended to be dangling.
[WARNING RSZ-0104] Net dcache/_3540_ only has one pin. Check if it is intended to be dangling.
[WARNING RSZ-0104] Net dcache/_3537_ only has one pin. Check if it is intended to be dangling.
[WARNING RSZ-0104] Net dcache/_3536_ only has one pin. Check if it is intended to be dangling.
[WARNING RSZ-0104] Net dcache/_3535_ only has one pin. Check if it is intended to be dangling.
[WARNING RSZ-0104] Net dcache/_3534_ only has one pin. Check if it is intended to be dangling.
[WARNING RSZ-0104] Net dcache/_3533_ only has one pin. Check if it is intended to be dangling.
[WARNING RSZ-0104] Net dcache/_3532_ only has one pin. Check if it is intended to be dangling.
[WARNING RSZ-0104] Net dcache/_3531_ only has one pin. Check if it is intended to be dangling.
[WARNING RSZ-0104] Net dcache/_3530_ only has one pin. Check if it is intended to be dangling.
[WARNING RSZ-0104] Net dcache/_3528_ only has one pin. Check if it is intended to be dangling.
[WARNING RSZ-0104] Net dcache/_3527_ only has one pin. Check if it is intended to be dangling.
[WARNING RSZ-0104] Net dcache/_3526_ only has one pin. Check if it is intended to be dangling.
[WARNING RSZ-0104] Net dcache/_3525_ only has one pin. Check if it is intended to be dangling.
[WARNING RSZ-0104] Net dcache/_3524_ only has one pin. Check if it is intended to be dangling.
[WARNING RSZ-0104] Net dcache/_3523_ only has one pin. Check if it is intended to be dangling.
[WARNING RSZ-0104] Net dcache/_3522_ only has one pin. Check if it is intended to be dangling.
[WARNING RSZ-0104] Net dcache/_3519_ only has one pin. Check if it is intended to be dangling.
[WARNING RSZ-0104] Net dcache/_3518_ only has one pin. Check if it is intended to be dangling.
[WARNING RSZ-0104] Net dcache/_3517_ only has one pin. Check if it is intended to be dangling.
[WARNING RSZ-0104] Net dcache/_3516_ only has one pin. Check if it is intended to be dangling.
[WARNING RSZ-0104] Net dcache/_3515_ only has one pin. Check if it is intended to be dangling.
[WARNING RSZ-0104] Net dcache/_3514_ only has one pin. Check if it is intended to be dangling.
[WARNING RSZ-0104] Net dcache/_3513_ only has one pin. Check if it is intended to be dangling.
[WARNING RSZ-0104] Net dcache/_3512_ only has one pin. Check if it is intended to be dangling.
[WARNING RSZ-0104] Net dcache/_3511_ only has one pin. Check if it is intended to be dangling.
[WARNING RSZ-0104] Net dcache/_3510_ only has one pin. Check if it is intended to be dangling.
[WARNING RSZ-0104] Net dcache/_3509_ only has one pin. Check if it is intended to be dangling.
[WARNING RSZ-0104] Net dcache/_3508_ only has one pin. Check if it is intended to be dangling.
[WARNING RSZ-0104] Net dcache/_3507_ only has one pin. Check if it is intended to be dangling.
[WARNING RSZ-0104] Net dcache/_3506_ only has one pin. Check if it is intended to be dangling.
[WARNING RSZ-0104] Net dcache/_3505_ only has one pin. Check if it is intended to be dangling.
[WARNING RSZ-0104] Net dcache/_3504_ only has one pin. Check if it is intended to be dangling.
[WARNING RSZ-0104] Net dcache/_3503_ only has one pin. Check if it is intended to be dangling.
[WARNING RSZ-0104] Net dcache/_3502_ only has one pin. Check if it is intended to be dangling.
[WARNING RSZ-0104] Net dcache/_3501_ only has one pin. Check if it is intended to be dangling.
[WARNING RSZ-0104] Net dcache/_3500_ only has one pin. Check if it is intended to be dangling.
[WARNING RSZ-0104] Net dcache/_3499_ only has one pin. Check if it is intended to be dangling.
[WARNING RSZ-0104] Net dcache/_3498_ only has one pin. Check if it is intended to be dangling.
[WARNING RSZ-0104] Net dcache/_3497_ only has one pin. Check if it is intended to be dangling.
[WARNING RSZ-0104] Net dcache/_3496_ only has one pin. Check if it is intended to be dangling.
[WARNING RSZ-0104] Net dcache/_3495_ only has one pin. Check if it is intended to be dangling.
[WARNING RSZ-0104] Net dcache/_3494_ only has one pin. Check if it is intended to be dangling.
[WARNING RSZ-0104] Net dcache/_3493_ only has one pin. Check if it is intended to be dangling.
[WARNING RSZ-0104] Net dcache/_3492_ only has one pin. Check if it is intended to be dangling.
[WARNING RSZ-0104] Net dcache/_3491_ only has one pin. Check if it is intended to be dangling.
[WARNING RSZ-0104] Net dcache/_3490_ only has one pin. Check if it is intended to be dangling.
[WARNING RSZ-0104] Net dcache/_3489_ only has one pin. Check if it is intended to be dangling.
[WARNING RSZ-0104] Net dcache/_3487_ only has one pin. Check if it is intended to be dangling.
[WARNING RSZ-0104] Net dcache/_3486_ only has one pin. Check if it is intended to be dangling.
[WARNING RSZ-0104] Net dcache/_3485_ only has one pin. Check if it is intended to be dangling.
[WARNING RSZ-0104] Net dcache/_3482_ only has one pin. Check if it is intended to be dangling.
[WARNING RSZ-0104] Net dcache/_3481_ only has one pin. Check if it is intended to be dangling.
[WARNING RSZ-0104] Net dcache/_3480_ only has one pin. Check if it is intended to be dangling.
[WARNING RSZ-0104] Net dcache/_3479_ only has one pin. Check if it is intended to be dangling.
[WARNING RSZ-0104] Net dcache/_3477_ only has one pin. Check if it is intended to be dangling.
[WARNING RSZ-0104] Net dcache/_3476_ only has one pin. Check if it is intended to be dangling.
[WARNING RSZ-0104] Net dcache/_3475_ only has one pin. Check if it is intended to be dangling.
[WARNING RSZ-0104] Net dcache/_3474_ only has one pin. Check if it is intended to be dangling.
[WARNING RSZ-0104] Net dcache/_3472_ only has one pin. Check if it is intended to be dangling.
[WARNING RSZ-0104] Net dcache/_3471_ only has one pin. Check if it is intended to be dangling.
[WARNING RSZ-0104] Net dcache/_3470_ only has one pin. Check if it is intended to be dangling.
[WARNING RSZ-0104] Net dcache/_3469_ only has one pin. Check if it is intended to be dangling.
[WARNING RSZ-0104] Net dcache/_3468_ only has one pin. Check if it is intended to be dangling.
[WARNING RSZ-0104] Net dcache/_3467_ only has one pin. Check if it is intended to be dangling.
[WARNING RSZ-0104] Net dcache/_3466_ only has one pin. Check if it is intended to be dangling.
[WARNING RSZ-0104] Net dcache/_3464_ only has one pin. Check if it is intended to be dangling.
[WARNING RSZ-0104] Net dcache/_3463_ only has one pin. Check if it is intended to be dangling.
[WARNING RSZ-0104] Net dcache/_3460_ only has one pin. Check if it is intended to be dangling.
[WARNING RSZ-0104] Net dcache/_3457_ only has one pin. Check if it is intended to be dangling.
[WARNING RSZ-0104] Net dcache/_3454_ only has one pin. Check if it is intended to be dangling.
[WARNING RSZ-0104] Net dcache/_3453_ only has one pin. Check if it is intended to be dangling.
[WARNING RSZ-0104] Net dcache/_3451_ only has one pin. Check if it is intended to be dangling.
[WARNING RSZ-0104] Net dcache/_3449_ only has one pin. Check if it is intended to be dangling.
[WARNING RSZ-0104] Net dcache/_3448_ only has one pin. Check if it is intended to be dangling.
[WARNING RSZ-0104] Net dcache/_3447_ only has one pin. Check if it is intended to be dangling.
[WARNING RSZ-0104] Net dcache/_3446_ only has one pin. Check if it is intended to be dangling.
[WARNING RSZ-0104] Net dcache/_3445_ only has one pin. Check if it is intended to be dangling.
[WARNING RSZ-0104] Net dcache/_3444_ only has one pin. Check if it is intended to be dangling.
[WARNING RSZ-0104] Net dcache/_3443_ only has one pin. Check if it is intended to be dangling.
[WARNING RSZ-0104] Net dcache/_3442_ only has one pin. Check if it is intended to be dangling.
[WARNING RSZ-0104] Net dcache/_3441_ only has one pin. Check if it is intended to be dangling.
[WARNING RSZ-0104] Net dcache/_3440_ only has one pin. Check if it is intended to be dangling.
[WARNING RSZ-0104] Net dcache/_3439_ only has one pin. Check if it is intended to be dangling.
[WARNING RSZ-0104] Net dcache/_3438_ only has one pin. Check if it is intended to be dangling.
[WARNING RSZ-0104] Net dcache/_3434_ only has one pin. Check if it is intended to be dangling.
[WARNING RSZ-0104] Net dcache/_3433_ only has one pin. Check if it is intended to be dangling.
[WARNING RSZ-0104] Net dcache/_3428_ only has one pin. Check if it is intended to be dangling.
[WARNING RSZ-0104] Net dcache/_3427_ only has one pin. Check if it is intended to be dangling.
[WARNING RSZ-0104] Net dcache/_3426_ only has one pin. Check if it is intended to be dangling.
[WARNING RSZ-0104] Net dcache/_3425_ only has one pin. Check if it is intended to be dangling.
[WARNING RSZ-0104] Net dcache/_3423_ only has one pin. Check if it is intended to be dangling.
[WARNING RSZ-0104] Net dcache/_3422_ only has one pin. Check if it is intended to be dangling.
[WARNING RSZ-0104] Net dcache/_3421_ only has one pin. Check if it is intended to be dangling.
[WARNING RSZ-0104] Net dcache/_3420_ only has one pin. Check if it is intended to be dangling.
[WARNING RSZ-0104] Net dcache/_3419_ only has one pin. Check if it is intended to be dangling.
[WARNING RSZ-0104] Net dcache/_3418_ only has one pin. Check if it is intended to be dangling.
[WARNING RSZ-0104] Net dcache/_3417_ only has one pin. Check if it is intended to be dangling.
[WARNING RSZ-0104] Net dcache/_3416_ only has one pin. Check if it is intended to be dangling.
[WARNING RSZ-0104] Net dcache/_3415_ only has one pin. Check if it is intended to be dangling.
[WARNING RSZ-0104] Net dcache/_3414_ only has one pin. Check if it is intended to be dangling.
[WARNING RSZ-0104] Net dcache/_3413_ only has one pin. Check if it is intended to be dangling.
[WARNING RSZ-0104] Net dcache/_3412_ only has one pin. Check if it is intended to be dangling.
[WARNING RSZ-0104] Net dcache/_3411_ only has one pin. Check if it is intended to be dangling.
[WARNING RSZ-0104] Net dcache/_3410_ only has one pin. Check if it is intended to be dangling.
[WARNING RSZ-0104] Net dcache/_3409_ only has one pin. Check if it is intended to be dangling.
[WARNING RSZ-0104] Net dcache/_3408_ only has one pin. Check if it is intended to be dangling.
[WARNING RSZ-0104] Net dcache/_3405_ only has one pin. Check if it is intended to be dangling.
[WARNING RSZ-0104] Net dcache/_3403_ only has one pin. Check if it is intended to be dangling.
[WARNING RSZ-0104] Net dcache/_3402_ only has one pin. Check if it is intended to be dangling.
[WARNING RSZ-0104] Net dcache/_3401_ only has one pin. Check if it is intended to be dangling.
[WARNING RSZ-0104] Net dcache/_3400_ only has one pin. Check if it is intended to be dangling.
[WARNING RSZ-0104] Net dcache/_3399_ only has one pin. Check if it is intended to be dangling.
[WARNING RSZ-0104] Net dcache/_3398_ only has one pin. Check if it is intended to be dangling.
[WARNING RSZ-0104] Net dcache/_3396_ only has one pin. Check if it is intended to be dangling.
[WARNING RSZ-0104] Net dcache/_3395_ only has one pin. Check if it is intended to be dangling.
[WARNING RSZ-0104] Net dcache/_3394_ only has one pin. Check if it is intended to be dangling.
[WARNING RSZ-0104] Net dcache/_3393_ only has one pin. Check if it is intended to be dangling.
[WARNING RSZ-0104] Net dcache/_3392_ only has one pin. Check if it is intended to be dangling.
[WARNING RSZ-0104] Net dcache/_3391_ only has one pin. Check if it is intended to be dangling.
[WARNING RSZ-0104] Net dcache/_3390_ only has one pin. Check if it is intended to be dangling.
[WARNING RSZ-0104] Net dcache/_3389_ only has one pin. Check if it is intended to be dangling.
[WARNING RSZ-0104] Net dcache/_3388_ only has one pin. Check if it is intended to be dangling.
[WARNING RSZ-0104] Net dcache/_3387_ only has one pin. Check if it is intended to be dangling.
[WARNING RSZ-0104] Net dcache/_3386_ only has one pin. Check if it is intended to be dangling.
[WARNING RSZ-0104] Net dcache/_3385_ only has one pin. Check if it is intended to be dangling.
[WARNING RSZ-0104] Net dcache/_3384_ only has one pin. Check if it is intended to be dangling.
[WARNING RSZ-0104] Net dcache/_3383_ only has one pin. Check if it is intended to be dangling.
[WARNING RSZ-0104] Net dcache/_3382_ only has one pin. Check if it is intended to be dangling.
[WARNING RSZ-0104] Net dcache/_3381_ only has one pin. Check if it is intended to be dangling.
[WARNING RSZ-0104] Net dcache/_3380_ only has one pin. Check if it is intended to be dangling.
[WARNING RSZ-0104] Net dcache/_3379_ only has one pin. Check if it is intended to be dangling.
[WARNING RSZ-0104] Net dcache/_3378_ only has one pin. Check if it is intended to be dangling.
[WARNING RSZ-0104] Net dcache/_3377_ only has one pin. Check if it is intended to be dangling.
[WARNING RSZ-0104] Net dcache/_3376_ only has one pin. Check if it is intended to be dangling.
[WARNING RSZ-0104] Net dcache/_3375_ only has one pin. Check if it is intended to be dangling.
[WARNING RSZ-0104] Net dcache/_3374_ only has one pin. Check if it is intended to be dangling.
[WARNING RSZ-0104] Net dcache/_3373_ only has one pin. Check if it is intended to be dangling.
[WARNING RSZ-0104] Net dcache/_3372_ only has one pin. Check if it is intended to be dangling.
[WARNING RSZ-0104] Net dcache/_3370_ only has one pin. Check if it is intended to be dangling.
[WARNING RSZ-0104] Net dcache/_3368_ only has one pin. Check if it is intended to be dangling.
[WARNING RSZ-0104] Net dcache/_3367_ only has one pin. Check if it is intended to be dangling.
[WARNING RSZ-0104] Net dcache/_3366_ only has one pin. Check if it is intended to be dangling.
[WARNING RSZ-0104] Net dcache/_3365_ only has one pin. Check if it is intended to be dangling.
[WARNING RSZ-0104] Net dcache/_3364_ only has one pin. Check if it is intended to be dangling.
[WARNING RSZ-0104] Net dcache/_3363_ only has one pin. Check if it is intended to be dangling.
[WARNING RSZ-0104] Net dcache/_3362_ only has one pin. Check if it is intended to be dangling.
[WARNING RSZ-0104] Net dcache/_3361_ only has one pin. Check if it is intended to be dangling.
[WARNING RSZ-0104] Net dcache/_3360_ only has one pin. Check if it is intended to be dangling.
[WARNING RSZ-0104] Net dcache/_3359_ only has one pin. Check if it is intended to be dangling.
[WARNING RSZ-0104] Net dcache/_3358_ only has one pin. Check if it is intended to be dangling.
[WARNING RSZ-0104] Net dcache/_3357_ only has one pin. Check if it is intended to be dangling.
[WARNING RSZ-0104] Net dcache/_3353_ only has one pin. Check if it is intended to be dangling.
[WARNING RSZ-0104] Net dcache/_3352_ only has one pin. Check if it is intended to be dangling.
[WARNING RSZ-0104] Net dcache/_3350_ only has one pin. Check if it is intended to be dangling.
[WARNING RSZ-0104] Net dcache/_3349_ only has one pin. Check if it is intended to be dangling.
[WARNING RSZ-0104] Net dcache/_3347_ only has one pin. Check if it is intended to be dangling.
[WARNING RSZ-0104] Net dcache/_3346_ only has one pin. Check if it is intended to be dangling.
[WARNING RSZ-0104] Net dcache/_3345_ only has one pin. Check if it is intended to be dangling.
[WARNING RSZ-0104] Net dcache/_3344_ only has one pin. Check if it is intended to be dangling.
[WARNING RSZ-0104] Net dcache/_3343_ only has one pin. Check if it is intended to be dangling.
[WARNING RSZ-0104] Net dcache/_3342_ only has one pin. Check if it is intended to be dangling.
[WARNING RSZ-0104] Net dcache/_3341_ only has one pin. Check if it is intended to be dangling.
[WARNING RSZ-0104] Net dcache/_3340_ only has one pin. Check if it is intended to be dangling.
[WARNING RSZ-0104] Net dcache/_3339_ only has one pin. Check if it is intended to be dangling.
[WARNING RSZ-0104] Net dcache/_3338_ only has one pin. Check if it is intended to be dangling.
[WARNING RSZ-0104] Net dcache/_3337_ only has one pin. Check if it is intended to be dangling.
[WARNING RSZ-0104] Net dcache/_3336_ only has one pin. Check if it is intended to be dangling.
[WARNING RSZ-0104] Net dcache/_3335_ only has one pin. Check if it is intended to be dangling.
[WARNING RSZ-0104] Net dcache/_3334_ only has one pin. Check if it is intended to be dangling.
[WARNING RSZ-0104] Net dcache/_3332_ only has one pin. Check if it is intended to be dangling.
[WARNING RSZ-0104] Net dcache/_3330_ only has one pin. Check if it is intended to be dangling.
[WARNING RSZ-0104] Net dcache/_3327_ only has one pin. Check if it is intended to be dangling.
[WARNING RSZ-0104] Net dcache/_3326_ only has one pin. Check if it is intended to be dangling.
[WARNING RSZ-0104] Net dcache/_3325_ only has one pin. Check if it is intended to be dangling.
[WARNING RSZ-0104] Net dcache/_3323_ only has one pin. Check if it is intended to be dangling.
[WARNING RSZ-0104] Net dcache/_3319_ only has one pin. Check if it is intended to be dangling.
[WARNING RSZ-0104] Net dcache/_3317_ only has one pin. Check if it is intended to be dangling.
[WARNING RSZ-0104] Net dcache/_3316_ only has one pin. Check if it is intended to be dangling.
[WARNING RSZ-0104] Net dcache/_3315_ only has one pin. Check if it is intended to be dangling.
[WARNING RSZ-0104] Net dcache/_3314_ only has one pin. Check if it is intended to be dangling.
[WARNING RSZ-0104] Net dcache/_3313_ only has one pin. Check if it is intended to be dangling.
[WARNING RSZ-0104] Net dcache/_3310_ only has one pin. Check if it is intended to be dangling.
[WARNING RSZ-0104] Net dcache/_3308_ only has one pin. Check if it is intended to be dangling.
[WARNING RSZ-0104] Net dcache/_3307_ only has one pin. Check if it is intended to be dangling.
[WARNING RSZ-0104] Net dcache/_3306_ only has one pin. Check if it is intended to be dangling.
[WARNING RSZ-0104] Net dcache/_3305_ only has one pin. Check if it is intended to be dangling.
[WARNING RSZ-0104] Net dcache/_3304_ only has one pin. Check if it is intended to be dangling.
[WARNING RSZ-0104] Net dcache/_3303_ only has one pin. Check if it is intended to be dangling.
[WARNING RSZ-0104] Net dcache/_3302_ only has one pin. Check if it is intended to be dangling.
[WARNING RSZ-0104] Net dcache/_3301_ only has one pin. Check if it is intended to be dangling.
[WARNING RSZ-0104] Net dcache/_3300_ only has one pin. Check if it is intended to be dangling.
[WARNING RSZ-0104] Net dcache/_3299_ only has one pin. Check if it is intended to be dangling.
[WARNING RSZ-0104] Net dcache/_3298_ only has one pin. Check if it is intended to be dangling.
[WARNING RSZ-0104] Net dcache/_3294_ only has one pin. Check if it is intended to be dangling.
[WARNING RSZ-0104] Net dcache/_3292_ only has one pin. Check if it is intended to be dangling.
[WARNING RSZ-0104] Net dcache/_3291_ only has one pin. Check if it is intended to be dangling.
[WARNING RSZ-0104] Net dcache/_3290_ only has one pin. Check if it is intended to be dangling.
[WARNING RSZ-0104] Net dcache/_3289_ only has one pin. Check if it is intended to be dangling.
[WARNING RSZ-0104] Net dcache/_3288_ only has one pin. Check if it is intended to be dangling.
[WARNING RSZ-0104] Net dcache/_3287_ only has one pin. Check if it is intended to be dangling.
[WARNING RSZ-0104] Net dcache/_3285_ only has one pin. Check if it is intended to be dangling.
[WARNING RSZ-0104] Net dcache/_3282_ only has one pin. Check if it is intended to be dangling.
[WARNING RSZ-0104] Net dcache/_3280_ only has one pin. Check if it is intended to be dangling.
[WARNING RSZ-0104] Net dcache/_3278_ only has one pin. Check if it is intended to be dangling.
[WARNING RSZ-0104] Net dcache/_3277_ only has one pin. Check if it is intended to be dangling.
[WARNING RSZ-0104] Net dcache/_3276_ only has one pin. Check if it is intended to be dangling.
[WARNING RSZ-0104] Net dcache/_3275_ only has one pin. Check if it is intended to be dangling.
[WARNING RSZ-0104] Net dcache/_3274_ only has one pin. Check if it is intended to be dangling.
[WARNING RSZ-0104] Net dcache/_3273_ only has one pin. Check if it is intended to be dangling.
[WARNING RSZ-0104] Net dcache/_3272_ only has one pin. Check if it is intended to be dangling.
[WARNING RSZ-0104] Net dcache/_3271_ only has one pin. Check if it is intended to be dangling.
[WARNING RSZ-0104] Net dcache/_3261_ only has one pin. Check if it is intended to be dangling.
    22000 |     +0.0% |       0 |       5 |            10 |     12789
[WARNING RSZ-0104] Net dcache/_3255_ only has one pin. Check if it is intended to be dangling.
[WARNING RSZ-0104] Net dcache/_3251_ only has one pin. Check if it is intended to be dangling.
[WARNING RSZ-0104] Net core/div/_2440_ only has one pin. Check if it is intended to be dangling.
[WARNING RSZ-0104] Net core/csr/_T_284\[3\] only has one pin. Check if it is intended to be dangling.
[WARNING RSZ-0104] Net core/csr/_T_329\[3\] only has one pin. Check if it is intended to be dangling.
[WARNING RSZ-0104] Net core/csr/_T_329\[2\] only has one pin. Check if it is intended to be dangling.
[WARNING RSZ-0104] Net core/csr/_T_311\[2\] only has one pin. Check if it is intended to be dangling.
[WARNING RSZ-0104] Net core/csr/_T_347\[2\] only has one pin. Check if it is intended to be dangling.
[WARNING RSZ-0104] Net core/csr/_T_320\[3\] only has one pin. Check if it is intended to be dangling.
[WARNING RSZ-0104] Net core/csr/_T_302\[2\] only has one pin. Check if it is intended to be dangling.
[WARNING RSZ-0104] Net core/csr/_T_311\[3\] only has one pin. Check if it is intended to be dangling.
[WARNING RSZ-0104] Net core/csr/_T_338\[2\] only has one pin. Check if it is intended to be dangling.
[WARNING RSZ-0104] Net core/csr/_T_293\[2\] only has one pin. Check if it is intended to be dangling.
[WARNING RSZ-0104] Net core/csr/_T_284\[2\] only has one pin. Check if it is intended to be dangling.
    23000 |     +0.0% |       0 |       6 |            13 |     11789
[WARNING RSZ-0104] Net frontend/_3407_ only has one pin. Check if it is intended to be dangling.
[WARNING RSZ-0104] Net frontend/_3402_ only has one pin. Check if it is intended to be dangling.
[WARNING RSZ-0104] Net frontend/_3401_ only has one pin. Check if it is intended to be dangling.
[WARNING RSZ-0104] Net frontend/_3400_ only has one pin. Check if it is intended to be dangling.
[WARNING RSZ-0104] Net dcache/_3564_ only has one pin. Check if it is intended to be dangling.
[WARNING RSZ-0104] Net dcache/_3563_ only has one pin. Check if it is intended to be dangling.
[WARNING RSZ-0104] Net dcache/_3550_ only has one pin. Check if it is intended to be dangling.
[WARNING RSZ-0104] Net dcache/_3324_ only has one pin. Check if it is intended to be dangling.
[WARNING RSZ-0104] Net dcache/_3321_ only has one pin. Check if it is intended to be dangling.
[WARNING RSZ-0104] Net dcache/_3312_ only has one pin. Check if it is intended to be dangling.
[WARNING RSZ-0104] Net dcache/_3297_ only has one pin. Check if it is intended to be dangling.
[WARNING RSZ-0104] Net dcache/_3296_ only has one pin. Check if it is intended to be dangling.
    24000 |     +0.0% |       0 |       6 |            13 |     10789
[WARNING RSZ-0104] Net dcache/_3279_ only has one pin. Check if it is intended to be dangling.
[WARNING RSZ-0104] Net dcache/_3267_ only has one pin. Check if it is intended to be dangling.
[WARNING RSZ-0104] Net dcache/_3266_ only has one pin. Check if it is intended to be dangling.
[WARNING RSZ-0104] Net core/div/_2445_ only has one pin. Check if it is intended to be dangling.
[WARNING RSZ-0104] Net core/div/_2444_ only has one pin. Check if it is intended to be dangling.
[WARNING RSZ-0104] Net core/div/_2443_ only has one pin. Check if it is intended to be dangling.
[WARNING RSZ-0104] Net core/csr/_T_338\[1\] only has one pin. Check if it is intended to be dangling.
[WARNING RSZ-0104] Net core/csr/_T_329\[1\] only has one pin. Check if it is intended to be dangling.
[WARNING RSZ-0104] Net core/csr/_T_347\[1\] only has one pin. Check if it is intended to be dangling.
[WARNING RSZ-0104] Net core/csr/_T_320\[1\] only has one pin. Check if it is intended to be dangling.
[WARNING RSZ-0104] Net core/csr/_T_311\[1\] only has one pin. Check if it is intended to be dangling.
[WARNING RSZ-0104] Net core/csr/_T_302\[1\] only has one pin. Check if it is intended to be dangling.
[WARNING RSZ-0104] Net core/csr/_T_293\[1\] only has one pin. Check if it is intended to be dangling.
[WARNING RSZ-0104] Net core/csr/_T_284\[1\] only has one pin. Check if it is intended to be dangling.
    25000 |     +0.0% |       0 |       6 |            13 |      9789
[WARNING RSZ-0104] Net _1486_ only has one pin. Check if it is intended to be dangling.
[WARNING RSZ-0104] Net _1485_ only has one pin. Check if it is intended to be dangling.
[WARNING RSZ-0104] Net _1487_ only has one pin. Check if it is intended to be dangling.
[WARNING RSZ-0104] Net _2132_ only has one pin. Check if it is intended to be dangling.
[WARNING RSZ-0104] Net _2131_ only has one pin. Check if it is intended to be dangling.
[WARNING RSZ-0104] Net frontend/_3162_ only has one pin. Check if it is intended to be dangling.
[WARNING RSZ-0104] Net frontend/_3161_ only has one pin. Check if it is intended to be dangling.
[WARNING RSZ-0104] Net frontend/_3160_ only has one pin. Check if it is intended to be dangling.
[WARNING RSZ-0104] Net frontend/_3159_ only has one pin. Check if it is intended to be dangling.
[WARNING RSZ-0104] Net frontend/_3158_ only has one pin. Check if it is intended to be dangling.
[WARNING RSZ-0104] Net frontend/_3157_ only has one pin. Check if it is intended to be dangling.
[WARNING RSZ-0104] Net frontend/_3156_ only has one pin. Check if it is intended to be dangling.
[WARNING RSZ-0104] Net frontend/_2857_ only has one pin. Check if it is intended to be dangling.
[WARNING RSZ-0104] Net frontend/_3183_ only has one pin. Check if it is intended to be dangling.
[WARNING RSZ-0104] Net frontend/_3155_ only has one pin. Check if it is intended to be dangling.
[WARNING RSZ-0104] Net frontend/_3182_ only has one pin. Check if it is intended to be dangling.
[WARNING RSZ-0104] Net frontend/_3181_ only has one pin. Check if it is intended to be dangling.
[WARNING RSZ-0104] Net frontend/_3180_ only has one pin. Check if it is intended to be dangling.
[WARNING RSZ-0104] Net frontend/_3179_ only has one pin. Check if it is intended to be dangling.
[WARNING RSZ-0104] Net frontend/_3178_ only has one pin. Check if it is intended to be dangling.
[WARNING RSZ-0104] Net frontend/_3177_ only has one pin. Check if it is intended to be dangling.
[WARNING RSZ-0104] Net frontend/_3176_ only has one pin. Check if it is intended to be dangling.
[WARNING RSZ-0104] Net frontend/_3175_ only has one pin. Check if it is intended to be dangling.
[WARNING RSZ-0104] Net frontend/_3174_ only has one pin. Check if it is intended to be dangling.
[WARNING RSZ-0104] Net frontend/_3173_ only has one pin. Check if it is intended to be dangling.
[WARNING RSZ-0104] Net frontend/_3154_ only has one pin. Check if it is intended to be dangling.
[WARNING RSZ-0104] Net frontend/_3172_ only has one pin. Check if it is intended to be dangling.
[WARNING RSZ-0104] Net frontend/_3171_ only has one pin. Check if it is intended to be dangling.
[WARNING RSZ-0104] Net frontend/_3170_ only has one pin. Check if it is intended to be dangling.
[WARNING RSZ-0104] Net frontend/_3169_ only has one pin. Check if it is intended to be dangling.
[WARNING RSZ-0104] Net frontend/_3168_ only has one pin. Check if it is intended to be dangling.
[WARNING RSZ-0104] Net frontend/_3167_ only has one pin. Check if it is intended to be dangling.
[WARNING RSZ-0104] Net frontend/_3166_ only has one pin. Check if it is intended to be dangling.
[WARNING RSZ-0104] Net frontend/_3165_ only has one pin. Check if it is intended to be dangling.
[WARNING RSZ-0104] Net frontend/_3164_ only has one pin. Check if it is intended to be dangling.
[WARNING RSZ-0104] Net frontend/_3163_ only has one pin. Check if it is intended to be dangling.
[WARNING RSZ-0104] Net frontend/_2853_ only has one pin. Check if it is intended to be dangling.
[WARNING RSZ-0104] Net frontend/_3386_ only has one pin. Check if it is intended to be dangling.
[WARNING RSZ-0104] Net frontend/_3387_ only has one pin. Check if it is intended to be dangling.
[WARNING RSZ-0104] Net frontend/_3388_ only has one pin. Check if it is intended to be dangling.
[WARNING RSZ-0104] Net frontend/_3389_ only has one pin. Check if it is intended to be dangling.
[WARNING RSZ-0104] Net frontend/_3390_ only has one pin. Check if it is intended to be dangling.
[WARNING RSZ-0104] Net frontend/_3391_ only has one pin. Check if it is intended to be dangling.
[WARNING RSZ-0104] Net frontend/_3392_ only has one pin. Check if it is intended to be dangling.
[WARNING RSZ-0104] Net frontend/_3373_ only has one pin. Check if it is intended to be dangling.
[WARNING RSZ-0104] Net frontend/_3374_ only has one pin. Check if it is intended to be dangling.
[WARNING RSZ-0104] Net frontend/_3375_ only has one pin. Check if it is intended to be dangling.
[WARNING RSZ-0104] Net frontend/_3376_ only has one pin. Check if it is intended to be dangling.
[WARNING RSZ-0104] Net frontend/_3377_ only has one pin. Check if it is intended to be dangling.
[WARNING RSZ-0104] Net frontend/_3378_ only has one pin. Check if it is intended to be dangling.
[WARNING RSZ-0104] Net frontend/_3184_ only has one pin. Check if it is intended to be dangling.
[WARNING RSZ-0104] Net frontend/_3379_ only has one pin. Check if it is intended to be dangling.
[WARNING RSZ-0104] Net frontend/_3380_ only has one pin. Check if it is intended to be dangling.
[WARNING RSZ-0104] Net frontend/_3381_ only has one pin. Check if it is intended to be dangling.
[WARNING RSZ-0104] Net frontend/_3382_ only has one pin. Check if it is intended to be dangling.
[WARNING RSZ-0104] Net frontend/_3383_ only has one pin. Check if it is intended to be dangling.
[WARNING RSZ-0104] Net frontend/_3384_ only has one pin. Check if it is intended to be dangling.
[WARNING RSZ-0104] Net frontend/_3385_ only has one pin. Check if it is intended to be dangling.
[WARNING RSZ-0104] Net frontend/_3397_ only has one pin. Check if it is intended to be dangling.
[WARNING RSZ-0104] Net frontend/_3370_ only has one pin. Check if it is intended to be dangling.
[WARNING RSZ-0104] Net frontend/_2893_ only has one pin. Check if it is intended to be dangling.
[WARNING RSZ-0104] Net frontend/_2892_ only has one pin. Check if it is intended to be dangling.
[WARNING RSZ-0104] Net frontend/_2891_ only has one pin. Check if it is intended to be dangling.
[WARNING RSZ-0104] Net frontend/_2890_ only has one pin. Check if it is intended to be dangling.
[WARNING RSZ-0104] Net frontend/_2889_ only has one pin. Check if it is intended to be dangling.
[WARNING RSZ-0104] Net frontend/_2888_ only has one pin. Check if it is intended to be dangling.
[WARNING RSZ-0104] Net frontend/_2887_ only has one pin. Check if it is intended to be dangling.
[WARNING RSZ-0104] Net frontend/_2886_ only has one pin. Check if it is intended to be dangling.
[WARNING RSZ-0104] Net frontend/_2883_ only has one pin. Check if it is intended to be dangling.
[WARNING RSZ-0104] Net frontend/_2907_ only has one pin. Check if it is intended to be dangling.
[WARNING RSZ-0104] Net frontend/_2906_ only has one pin. Check if it is intended to be dangling.
[WARNING RSZ-0104] Net frontend/_2905_ only has one pin. Check if it is intended to be dangling.
[WARNING RSZ-0104] Net frontend/_2904_ only has one pin. Check if it is intended to be dangling.
[WARNING RSZ-0104] Net frontend/_2885_ only has one pin. Check if it is intended to be dangling.
[WARNING RSZ-0104] Net frontend/_2903_ only has one pin. Check if it is intended to be dangling.
[WARNING RSZ-0104] Net frontend/_2902_ only has one pin. Check if it is intended to be dangling.
[WARNING RSZ-0104] Net frontend/_2901_ only has one pin. Check if it is intended to be dangling.
[WARNING RSZ-0104] Net frontend/_2900_ only has one pin. Check if it is intended to be dangling.
[WARNING RSZ-0104] Net frontend/_2899_ only has one pin. Check if it is intended to be dangling.
[WARNING RSZ-0104] Net frontend/_2898_ only has one pin. Check if it is intended to be dangling.
[WARNING RSZ-0104] Net frontend/_2897_ only has one pin. Check if it is intended to be dangling.
[WARNING RSZ-0104] Net frontend/_2896_ only has one pin. Check if it is intended to be dangling.
[WARNING RSZ-0104] Net frontend/_2895_ only has one pin. Check if it is intended to be dangling.
[WARNING RSZ-0104] Net frontend/_2894_ only has one pin. Check if it is intended to be dangling.
[WARNING RSZ-0104] Net frontend/_3393_ only has one pin. Check if it is intended to be dangling.
[WARNING RSZ-0104] Net frontend/_2917_ only has one pin. Check if it is intended to be dangling.
[WARNING RSZ-0104] Net frontend/_2916_ only has one pin. Check if it is intended to be dangling.
[WARNING RSZ-0104] Net frontend/_2915_ only has one pin. Check if it is intended to be dangling.
[WARNING RSZ-0104] Net frontend/_2914_ only has one pin. Check if it is intended to be dangling.
[WARNING RSZ-0104] Net frontend/_2913_ only has one pin. Check if it is intended to be dangling.
[WARNING RSZ-0104] Net frontend/_2912_ only has one pin. Check if it is intended to be dangling.
[WARNING RSZ-0104] Net frontend/_2911_ only has one pin. Check if it is intended to be dangling.
[WARNING RSZ-0104] Net frontend/_2910_ only has one pin. Check if it is intended to be dangling.
[WARNING RSZ-0104] Net frontend/_2882_ only has one pin. Check if it is intended to be dangling.
[WARNING RSZ-0104] Net frontend/_2931_ only has one pin. Check if it is intended to be dangling.
[WARNING RSZ-0104] Net frontend/_2930_ only has one pin. Check if it is intended to be dangling.
[WARNING RSZ-0104] Net frontend/_2929_ only has one pin. Check if it is intended to be dangling.
[WARNING RSZ-0104] Net frontend/_2928_ only has one pin. Check if it is intended to be dangling.
[WARNING RSZ-0104] Net frontend/_2909_ only has one pin. Check if it is intended to be dangling.
[WARNING RSZ-0104] Net frontend/_2927_ only has one pin. Check if it is intended to be dangling.
[WARNING RSZ-0104] Net frontend/_2926_ only has one pin. Check if it is intended to be dangling.
[WARNING RSZ-0104] Net frontend/_2925_ only has one pin. Check if it is intended to be dangling.
[WARNING RSZ-0104] Net frontend/_2924_ only has one pin. Check if it is intended to be dangling.
[WARNING RSZ-0104] Net frontend/_2923_ only has one pin. Check if it is intended to be dangling.
[WARNING RSZ-0104] Net frontend/_2922_ only has one pin. Check if it is intended to be dangling.
[WARNING RSZ-0104] Net frontend/_2921_ only has one pin. Check if it is intended to be dangling.
[WARNING RSZ-0104] Net frontend/_2920_ only has one pin. Check if it is intended to be dangling.
[WARNING RSZ-0104] Net frontend/_2919_ only has one pin. Check if it is intended to be dangling.
[WARNING RSZ-0104] Net frontend/_2918_ only has one pin. Check if it is intended to be dangling.
[WARNING RSZ-0104] Net frontend/_2908_ only has one pin. Check if it is intended to be dangling.
[WARNING RSZ-0104] Net frontend/_2941_ only has one pin. Check if it is intended to be dangling.
[WARNING RSZ-0104] Net frontend/_2940_ only has one pin. Check if it is intended to be dangling.
[WARNING RSZ-0104] Net frontend/_2939_ only has one pin. Check if it is intended to be dangling.
[WARNING RSZ-0104] Net frontend/_2938_ only has one pin. Check if it is intended to be dangling.
[WARNING RSZ-0104] Net frontend/_2937_ only has one pin. Check if it is intended to be dangling.
[WARNING RSZ-0104] Net frontend/_2936_ only has one pin. Check if it is intended to be dangling.
[WARNING RSZ-0104] Net frontend/_2935_ only has one pin. Check if it is intended to be dangling.
[WARNING RSZ-0104] Net frontend/_2934_ only has one pin. Check if it is intended to be dangling.
[WARNING RSZ-0104] Net frontend/_2881_ only has one pin. Check if it is intended to be dangling.
[WARNING RSZ-0104] Net frontend/_2955_ only has one pin. Check if it is intended to be dangling.
[WARNING RSZ-0104] Net frontend/_2954_ only has one pin. Check if it is intended to be dangling.
[WARNING RSZ-0104] Net frontend/_2953_ only has one pin. Check if it is intended to be dangling.
[WARNING RSZ-0104] Net frontend/_2952_ only has one pin. Check if it is intended to be dangling.
[WARNING RSZ-0104] Net frontend/_2933_ only has one pin. Check if it is intended to be dangling.
[WARNING RSZ-0104] Net frontend/_2951_ only has one pin. Check if it is intended to be dangling.
[WARNING RSZ-0104] Net frontend/_2950_ only has one pin. Check if it is intended to be dangling.
[WARNING RSZ-0104] Net frontend/_2949_ only has one pin. Check if it is intended to be dangling.
[WARNING RSZ-0104] Net frontend/_2948_ only has one pin. Check if it is intended to be dangling.
[WARNING RSZ-0104] Net frontend/_2947_ only has one pin. Check if it is intended to be dangling.
[WARNING RSZ-0104] Net frontend/_2946_ only has one pin. Check if it is intended to be dangling.
[WARNING RSZ-0104] Net frontend/_2945_ only has one pin. Check if it is intended to be dangling.
[WARNING RSZ-0104] Net frontend/_2944_ only has one pin. Check if it is intended to be dangling.
[WARNING RSZ-0104] Net frontend/_2943_ only has one pin. Check if it is intended to be dangling.
[WARNING RSZ-0104] Net frontend/_2942_ only has one pin. Check if it is intended to be dangling.
[WARNING RSZ-0104] Net frontend/_2932_ only has one pin. Check if it is intended to be dangling.
[WARNING RSZ-0104] Net frontend/_2965_ only has one pin. Check if it is intended to be dangling.
[WARNING RSZ-0104] Net frontend/_2964_ only has one pin. Check if it is intended to be dangling.
[WARNING RSZ-0104] Net frontend/_2963_ only has one pin. Check if it is intended to be dangling.
[WARNING RSZ-0104] Net frontend/_2962_ only has one pin. Check if it is intended to be dangling.
[WARNING RSZ-0104] Net frontend/_2961_ only has one pin. Check if it is intended to be dangling.
[WARNING RSZ-0104] Net frontend/_2960_ only has one pin. Check if it is intended to be dangling.
[WARNING RSZ-0104] Net frontend/_2959_ only has one pin. Check if it is intended to be dangling.
[WARNING RSZ-0104] Net frontend/_2958_ only has one pin. Check if it is intended to be dangling.
[WARNING RSZ-0104] Net frontend/_2880_ only has one pin. Check if it is intended to be dangling.
[WARNING RSZ-0104] Net frontend/_2979_ only has one pin. Check if it is intended to be dangling.
[WARNING RSZ-0104] Net frontend/_2978_ only has one pin. Check if it is intended to be dangling.
[WARNING RSZ-0104] Net frontend/_2977_ only has one pin. Check if it is intended to be dangling.
[WARNING RSZ-0104] Net frontend/_2976_ only has one pin. Check if it is intended to be dangling.
[WARNING RSZ-0104] Net frontend/_2957_ only has one pin. Check if it is intended to be dangling.
[WARNING RSZ-0104] Net frontend/_2975_ only has one pin. Check if it is intended to be dangling.
[WARNING RSZ-0104] Net frontend/_2974_ only has one pin. Check if it is intended to be dangling.
[WARNING RSZ-0104] Net frontend/_2973_ only has one pin. Check if it is intended to be dangling.
[WARNING RSZ-0104] Net frontend/_2972_ only has one pin. Check if it is intended to be dangling.
[WARNING RSZ-0104] Net frontend/_2971_ only has one pin. Check if it is intended to be dangling.
[WARNING RSZ-0104] Net frontend/_2970_ only has one pin. Check if it is intended to be dangling.
[WARNING RSZ-0104] Net frontend/_2969_ only has one pin. Check if it is intended to be dangling.
[WARNING RSZ-0104] Net frontend/_2968_ only has one pin. Check if it is intended to be dangling.
[WARNING RSZ-0104] Net frontend/_2967_ only has one pin. Check if it is intended to be dangling.
[WARNING RSZ-0104] Net frontend/_2966_ only has one pin. Check if it is intended to be dangling.
[WARNING RSZ-0104] Net frontend/_2956_ only has one pin. Check if it is intended to be dangling.
[WARNING RSZ-0104] Net frontend/_3395_ only has one pin. Check if it is intended to be dangling.
[WARNING RSZ-0104] Net frontend/_2855_ only has one pin. Check if it is intended to be dangling.
[WARNING RSZ-0104] Net frontend/_3348_ only has one pin. Check if it is intended to be dangling.
[WARNING RSZ-0104] Net frontend/_3347_ only has one pin. Check if it is intended to be dangling.
[WARNING RSZ-0104] Net frontend/_3346_ only has one pin. Check if it is intended to be dangling.
[WARNING RSZ-0104] Net frontend/_3345_ only has one pin. Check if it is intended to be dangling.
[WARNING RSZ-0104] Net frontend/_3344_ only has one pin. Check if it is intended to be dangling.
[WARNING RSZ-0104] Net frontend/_3343_ only has one pin. Check if it is intended to be dangling.
[WARNING RSZ-0104] Net frontend/_3342_ only has one pin. Check if it is intended to be dangling.
[WARNING RSZ-0104] Net frontend/_2856_ only has one pin. Check if it is intended to be dangling.
[WARNING RSZ-0104] Net frontend/_3369_ only has one pin. Check if it is intended to be dangling.
[WARNING RSZ-0104] Net frontend/_3341_ only has one pin. Check if it is intended to be dangling.
[WARNING RSZ-0104] Net frontend/_3368_ only has one pin. Check if it is intended to be dangling.
[WARNING RSZ-0104] Net frontend/_3367_ only has one pin. Check if it is intended to be dangling.
[WARNING RSZ-0104] Net frontend/_3366_ only has one pin. Check if it is intended to be dangling.
[WARNING RSZ-0104] Net frontend/_3365_ only has one pin. Check if it is intended to be dangling.
[WARNING RSZ-0104] Net frontend/_3364_ only has one pin. Check if it is intended to be dangling.
[WARNING RSZ-0104] Net frontend/_3363_ only has one pin. Check if it is intended to be dangling.
[WARNING RSZ-0104] Net frontend/_3362_ only has one pin. Check if it is intended to be dangling.
[WARNING RSZ-0104] Net frontend/_3361_ only has one pin. Check if it is intended to be dangling.
[WARNING RSZ-0104] Net frontend/_3360_ only has one pin. Check if it is intended to be dangling.
[WARNING RSZ-0104] Net frontend/_3359_ only has one pin. Check if it is intended to be dangling.
[WARNING RSZ-0104] Net frontend/_3340_ only has one pin. Check if it is intended to be dangling.
[WARNING RSZ-0104] Net frontend/_3358_ only has one pin. Check if it is intended to be dangling.
[WARNING RSZ-0104] Net frontend/_3357_ only has one pin. Check if it is intended to be dangling.
[WARNING RSZ-0104] Net frontend/_3356_ only has one pin. Check if it is intended to be dangling.
[WARNING RSZ-0104] Net frontend/_3355_ only has one pin. Check if it is intended to be dangling.
[WARNING RSZ-0104] Net frontend/_3354_ only has one pin. Check if it is intended to be dangling.
[WARNING RSZ-0104] Net frontend/_3353_ only has one pin. Check if it is intended to be dangling.
[WARNING RSZ-0104] Net frontend/_3352_ only has one pin. Check if it is intended to be dangling.
[WARNING RSZ-0104] Net frontend/_3351_ only has one pin. Check if it is intended to be dangling.
[WARNING RSZ-0104] Net frontend/_3350_ only has one pin. Check if it is intended to be dangling.
[WARNING RSZ-0104] Net frontend/_3349_ only has one pin. Check if it is intended to be dangling.
[WARNING RSZ-0104] Net frontend/_3339_ only has one pin. Check if it is intended to be dangling.
[WARNING RSZ-0104] Net frontend/_2854_ only has one pin. Check if it is intended to be dangling.
[WARNING RSZ-0104] Net frontend/_2858_ only has one pin. Check if it is intended to be dangling.
[WARNING RSZ-0104] Net frontend/_3132_ only has one pin. Check if it is intended to be dangling.
[WARNING RSZ-0104] Net frontend/_3131_ only has one pin. Check if it is intended to be dangling.
[WARNING RSZ-0104] Net frontend/_3130_ only has one pin. Check if it is intended to be dangling.
[WARNING RSZ-0104] Net frontend/_3394_ only has one pin. Check if it is intended to be dangling.
[WARNING RSZ-0104] Net frontend/_3153_ only has one pin. Check if it is intended to be dangling.
[WARNING RSZ-0104] Net frontend/_3152_ only has one pin. Check if it is intended to be dangling.
[WARNING RSZ-0104] Net frontend/_3151_ only has one pin. Check if it is intended to be dangling.
[WARNING RSZ-0104] Net frontend/_3150_ only has one pin. Check if it is intended to be dangling.
[WARNING RSZ-0104] Net frontend/_3149_ only has one pin. Check if it is intended to be dangling.
[WARNING RSZ-0104] Net frontend/_3148_ only has one pin. Check if it is intended to be dangling.
[WARNING RSZ-0104] Net frontend/_3147_ only has one pin. Check if it is intended to be dangling.
[WARNING RSZ-0104] Net frontend/_3146_ only has one pin. Check if it is intended to be dangling.
[WARNING RSZ-0104] Net frontend/_3145_ only has one pin. Check if it is intended to be dangling.
[WARNING RSZ-0104] Net frontend/_3144_ only has one pin. Check if it is intended to be dangling.
[WARNING RSZ-0104] Net frontend/_3143_ only has one pin. Check if it is intended to be dangling.
[WARNING RSZ-0104] Net frontend/_3142_ only has one pin. Check if it is intended to be dangling.
[WARNING RSZ-0104] Net frontend/_3141_ only has one pin. Check if it is intended to be dangling.
[WARNING RSZ-0104] Net frontend/_3140_ only has one pin. Check if it is intended to be dangling.
[WARNING RSZ-0104] Net frontend/_3139_ only has one pin. Check if it is intended to be dangling.
[WARNING RSZ-0104] Net frontend/_3138_ only has one pin. Check if it is intended to be dangling.
[WARNING RSZ-0104] Net frontend/_3137_ only has one pin. Check if it is intended to be dangling.
[WARNING RSZ-0104] Net frontend/_3136_ only has one pin. Check if it is intended to be dangling.
[WARNING RSZ-0104] Net frontend/_3135_ only has one pin. Check if it is intended to be dangling.
[WARNING RSZ-0104] Net frontend/_3134_ only has one pin. Check if it is intended to be dangling.
    26000 |     +0.0% |       0 |       7 |            14 |      8789
[WARNING RSZ-0104] Net frontend/_3133_ only has one pin. Check if it is intended to be dangling.
[WARNING RSZ-0104] Net frontend/_3396_ only has one pin. Check if it is intended to be dangling.
[WARNING RSZ-0104] Net frontend/_2875_ only has one pin. Check if it is intended to be dangling.
[WARNING RSZ-0104] Net frontend/_2874_ only has one pin. Check if it is intended to be dangling.
[WARNING RSZ-0104] Net frontend/_2988_ only has one pin. Check if it is intended to be dangling.
[WARNING RSZ-0104] Net frontend/_2987_ only has one pin. Check if it is intended to be dangling.
[WARNING RSZ-0104] Net frontend/_2986_ only has one pin. Check if it is intended to be dangling.
[WARNING RSZ-0104] Net frontend/_2985_ only has one pin. Check if it is intended to be dangling.
[WARNING RSZ-0104] message limit (1000) reached. This message will no longer print.
    27000 |     +0.0% |       0 |       7 |            14 |      7789
    28000 |     +0.0% |       0 |       8 |            15 |      6789
    29000 |     +0.0% |       0 |       8 |            15 |      5789
    30000 |     +0.0% |       0 |       8 |            15 |      4789
    31000 |     +0.0% |       0 |       8 |            15 |      3789
    32000 |     +0.0% |       0 |       8 |            15 |      2789
    33000 |     +0.0% |       0 |       8 |            15 |      1789
    34000 |     +0.0% |       0 |       8 |            15 |       789
    final |     +0.0% |       0 |       8 |            15 |         0
---------------------------------------------------------------------
[INFO RSZ-0036] Found 15 capacitance violations.
[INFO RSZ-0038] Inserted 8 buffers in 15 nets.
[INFO RSZ-0504] Runtime: 2.94s
global_route -start_incremental
detailed_placement
[INFO DPL-0006] Core area: 88535.44 um^2
[INFO DPL-0007] Movable instances area: 53031.09 um^2
[INFO DPL-0008] Fixed instances area within core: 2693.78 um^2
[INFO DPL-0009] Utilization: 62.9%
[INFO DPL-0005] Diamond search max displacement: +/- 500 sites horizontally, +/- 100 rows vertically.
[INFO DPL-1102] Legalizing using negotiation legalizer.
[INFO DPL-1103] Negotiation base search window: +/-20 sites horizontally, +/-5 rows vertically 
	Automatic search window extension enabled.
	Search window extendable up to the max displacement cap of +/-500 sites, +/-100 rows near walls.
[INFO DPL-1104] NegotiationLegalizer DRC penalty: 5.
[INFO DPL-0392] Negotiation cell height distribution (2 unique row-count(s)):
[INFO DPL-0393]   height 1 row(s): 29664 cells
[INFO DPL-0393]   height 44 row(s): 2 cells
          |      Total |  Illegal |  Illegal
Iteration | Violations |    Cells |    Sites
---------------------------------------------
        0 |         10 |         2 |         8
        1 |          0 |         0 |         0
Negotiation phase 1 converged at iteration 1.
[INFO DPL-0500] Runtime: 0.13s
Placement Analysis
---------------------------------
total displacement         31.7 u
average displacement        0.0 u
max displacement            5.6 u
original HPWL          434949.5 u
legalized HPWL         434968.4 u
delta HPWL                    0 %

global_route -end_incremental -congestion_report_file /tmp/workspace/scripts-Private_test-fr_cugr_cmp-1-/reports/nangate45/tinyRocket/base/congestion_post_repair_design.rpt
Repair setup and hold violations...
estimate_parasitics -global_routing
repair_timing -setup_margin 0 -hold_margin 0 -repair_tns 100 -verbose
[INFO RSZ-0100] Repair move sequence: UnbufferMove SizeUpMove SwapPinsMove BufferMove CloneMove SplitLoadMove 
[INFO RSZ-0094] Found 593 endpoints with setup violations.
[INFO RSZ-0099] Repairing 593 out of 593 (100.00%) violating endpoints...
   Iter   | Removed | Resized | Inserted | Cloned |  Pin  |   Area   |    WNS   |   StTNS    |   EnTNS    |  Viol  |  Worst  
          | Buffers |  Gates  | Buffers  |  Gates | Swaps |          |          |            |            | Endpts | St/EnPt 
------------------------------------------------------------------------------------------------------------------------------
       0* |       0 |       0 |        0 |      0 |     0 |    +0.0% |   -0.164 |       -8.0 |      -42.5 |    593 | core/div/remainder\[57\]$_SDFFE_PP0P_/D
      10* |       0 |       2 |        3 |      0 |     4 |    +0.0% |   -0.182 |       -8.1 |      -42.8 |    593 | core/div/remainder\[61\]$_SDFFE_PP0P_/D
      20* |       0 |       3 |        5 |      0 |    11 |    +0.0% |   -0.172 |       -7.8 |      -42.7 |    593 | core/div/remainder\[57\]$_SDFFE_PP0P_/D
      30* |       0 |       8 |        7 |      0 |    14 |    +0.0% |   -0.163 |       -7.5 |      -42.5 |    593 | core/div/remainder\[64\]$_SDFFE_PP0P_/D
      40* |       0 |      10 |        9 |      0 |    20 |    +0.0% |   -0.182 |       -8.0 |      -42.7 |    593 | core/div/remainder\[57\]$_SDFFE_PP0P_/D
      50* |       0 |      10 |       14 |      0 |    27 |    +0.0% |   -0.193 |       -8.2 |      -42.8 |    593 | core/div/remainder\[57\]$_SDFFE_PP0P_/D
      50* |       0 |      10 |        7 |      0 |    14 |    +0.0% |   -0.160 |       -7.5 |      -42.4 |    593 | core/div/remainder\[57\]$_SDFFE_PP0P_/D
      60* |       0 |      13 |       10 |      0 |    17 |    +0.0% |   -0.160 |       -7.3 |      -42.4 |    593 | core/div/remainder\[57\]$_SDFFE_PP0P_/D
      70* |       0 |      14 |       11 |      0 |    25 |    +0.0% |   -0.173 |       -7.4 |      -42.6 |    593 | core/div/remainder\[64\]$_SDFFE_PP0P_/D
      80* |       0 |      17 |       15 |      0 |    29 |    +0.1% |   -0.165 |       -7.5 |      -42.6 |    593 | core/div/remainder\[64\]$_SDFFE_PP0P_/D
      88* |       0 |      13 |       10 |      0 |    18 |    +0.0% |   -0.160 |       -7.3 |      -42.3 |    593 | core/div/remainder\[57\]$_SDFFE_PP0P_/D
      90* |       0 |      14 |       10 |      0 |    18 |    +0.0% |   -0.160 |       -7.4 |      -42.3 |    593 | core/div/remainder\[57\]$_SDFFE_PP0P_/D
     100* |       0 |      19 |       10 |      0 |    23 |    +0.1% |   -0.160 |       -7.3 |      -42.3 |    593 | core/div/remainder\[57\]$_SDFFE_PP0P_/D
     110* |       0 |      21 |       10 |      0 |    31 |    +0.1% |   -0.160 |       -7.2 |      -42.4 |    593 | core/div/remainder\[57\]$_SDFFE_PP0P_/D
     120* |       0 |      23 |       12 |      0 |    37 |    +0.1% |   -0.159 |       -7.3 |      -42.5 |    593 | core/div/remainder\[64\]$_SDFFE_PP0P_/D
     130* |       0 |      27 |       13 |      0 |    42 |    +0.1% |   -0.158 |       -7.1 |      -42.4 |    593 | core/div/remainder\[57\]$_SDFFE_PP0P_/D
     140* |       0 |      34 |       13 |      0 |    45 |    +0.1% |   -0.158 |       -7.2 |      -42.4 |    593 | core/div/remainder\[57\]$_SDFFE_PP0P_/D
     150* |       0 |      39 |       15 |      0 |    48 |    +0.1% |   -0.158 |       -7.2 |      -42.5 |    593 | core/div/remainder\[57\]$_SDFFE_PP0P_/D
     157* |       0 |      40 |       16 |      0 |    53 |    +0.1% |   -0.158 |       -7.2 |      -42.4 |    593 | core/div/remainder\[57\]$_SDFFE_PP0P_/D
     160* |       0 |      41 |       16 |      0 |    54 |    +0.1% |   -0.158 |       -7.2 |      -42.4 |    593 | core/div/remainder\[57\]$_SDFFE_PP0P_/D
     162* |       0 |      42 |       16 |      0 |    55 |    +0.1% |   -0.158 |       -7.2 |      -42.4 |    593 | core/div/remainder\[57\]$_SDFFE_PP0P_/D
     170* |       0 |      43 |       19 |      0 |    59 |    +0.1% |   -0.160 |       -7.1 |      -42.5 |    593 | core/div/remainder\[57\]$_SDFFE_PP0P_/D
     180* |       0 |      46 |       20 |      0 |    65 |    +0.1% |   -0.161 |       -7.1 |      -42.4 |    593 | core/div/remainder\[57\]$_SDFFE_PP0P_/D
     190* |       0 |      49 |       24 |      0 |    69 |    +0.1% |   -0.160 |       -7.0 |      -42.3 |    593 | core/div/remainder\[57\]$_SDFFE_PP0P_/D
     200* |       0 |      54 |       28 |      0 |    72 |    +0.1% |   -0.161 |       -7.0 |      -42.4 |    593 | core/div/remainder\[57\]$_SDFFE_PP0P_/D
     209* |       0 |      42 |       19 |      0 |    59 |    +0.1% |   -0.158 |       -7.1 |      -42.5 |    593 | core/div/remainder\[57\]$_SDFFE_PP0P_/D
     210* |       0 |      42 |       19 |      0 |    59 |    +0.1% |   -0.158 |       -7.1 |      -42.5 |    593 | core/div/remainder\[57\]$_SDFFE_PP0P_/D
     220* |       1 |      46 |       20 |      0 |    63 |    +0.1% |   -0.158 |       -7.1 |      -42.3 |    593 | core/div/remainder\[57\]$_SDFFE_PP0P_/D
     222* |       1 |      46 |       21 |      0 |    64 |    +0.1% |   -0.158 |       -7.1 |      -42.4 |    593 | core/div/remainder\[57\]$_SDFFE_PP0P_/D
     230* |       1 |      48 |       23 |      0 |    67 |    +0.1% |   -0.164 |       -7.2 |      -42.6 |    593 | core/div/remainder\[64\]$_SDFFE_PP0P_/D
     240* |       1 |      53 |       25 |      0 |    70 |    +0.1% |   -0.165 |       -7.2 |      -42.6 |    593 | core/div/remainder\[64\]$_SDFFE_PP0P_/D
     250* |       1 |      59 |       26 |      0 |    73 |    +0.1% |   -0.160 |       -7.0 |      -42.6 |    593 | core/div/remainder\[57\]$_SDFFE_PP0P_/D
     250* |       1 |      46 |       21 |      0 |    64 |    +0.1% |   -0.158 |       -7.1 |      -42.4 |    593 | core/div/remainder\[57\]$_SDFFE_PP0P_/D
     260* |       1 |      51 |       22 |      0 |    67 |    +0.1% |   -0.158 |       -7.1 |      -42.4 |    593 | core/div/remainder\[57\]$_SDFFE_PP0P_/D
     270* |       2 |      57 |       23 |      0 |    69 |    +0.1% |   -0.158 |       -7.0 |      -42.4 |    593 | core/div/remainder\[57\]$_SDFFE_PP0P_/D
     274* |       2 |      57 |       23 |      0 |    70 |    +0.1% |   -0.158 |       -7.0 |      -42.4 |    593 | core/div/remainder\[57\]$_SDFFE_PP0P_/D
     280* |       2 |      58 |       24 |      0 |    73 |    +0.1% |   -0.158 |       -7.0 |      -42.4 |    593 | core/div/remainder\[57\]$_SDFFE_PP0P_/D
     280* |       2 |      57 |       24 |      0 |    70 |    +0.1% |   -0.158 |       -7.0 |      -42.4 |    593 | core/div/remainder\[57\]$_SDFFE_PP0P_/D
     290* |       3 |      61 |       25 |      0 |    73 |    +0.1% |   -0.158 |       -7.0 |      -42.4 |    593 | core/div/remainder\[57\]$_SDFFE_PP0P_/D
     293* |       3 |      61 |       25 |      0 |    73 |    +0.1% |   -0.158 |       -7.0 |      -42.4 |    593 | core/div/remainder\[57\]$_SDFFE_PP0P_/D
     300* |       3 |      63 |       25 |      0 |    77 |    +0.1% |   -0.158 |       -7.7 |      -45.8 |    593 | core/div/remainder\[57\]$_SDFFE_PP0P_/D
     310* |       3 |      66 |       28 |      0 |    81 |    +0.1% |   -0.158 |       -7.2 |      -46.5 |    593 | core/div/remainder\[57\]$_SDFFE_PP0P_/D
     320* |       3 |      70 |       30 |      0 |    85 |    +0.2% |   -0.158 |       -7.0 |      -45.5 |    593 | core/div/remainder\[57\]$_SDFFE_PP0P_/D
     330* |       3 |      75 |       32 |      0 |    88 |    +0.2% |   -0.158 |       -7.0 |      -47.6 |    593 | core/div/remainder\[57\]$_SDFFE_PP0P_/D
     340* |       3 |      80 |       33 |      0 |    92 |    +0.2% |   -0.158 |       -6.9 |      -46.3 |    593 | core/div/remainder\[57\]$_SDFFE_PP0P_/D
     340* |       3 |      74 |       31 |      0 |    87 |    +0.2% |   -0.158 |       -6.8 |      -44.1 |    593 | core/div/remainder\[57\]$_SDFFE_PP0P_/D
     350* |       3 |      80 |       32 |      0 |    89 |    +0.2% |   -0.158 |       -6.8 |      -44.0 |    593 | core/div/remainder\[57\]$_SDFFE_PP0P_/D
     360* |       3 |      83 |       39 |      0 |    93 |    +0.2% |   -0.158 |       -7.0 |      -54.5 |    593 | core/div/remainder\[57\]$_SDFFE_PP0P_/D
     370* |       3 |      89 |       41 |      0 |    95 |    +0.2% |   -0.158 |       -6.9 |      -48.2 |    593 | core/div/remainder\[57\]$_SDFFE_PP0P_/D
     380* |       3 |      93 |       46 |      1 |    97 |    +0.2% |   -0.158 |       -7.0 |      -49.0 |    593 | core/div/remainder\[57\]$_SDFFE_PP0P_/D
     390* |       6 |      95 |       49 |      1 |    99 |    +0.3% |   -0.158 |       -7.4 |      -53.6 |    593 | core/div/remainder\[57\]$_SDFFE_PP0P_/D
     400* |      11 |      95 |       54 |      1 |    99 |    +0.3% |   -0.158 |       -7.4 |      -53.6 |    593 | core/div/remainder\[57\]$_SDFFE_PP0P_/D
     401* |       3 |      81 |       32 |      0 |    89 |    +0.2% |   -0.158 |       -6.8 |      -43.3 |    593 | core/div/remainder\[57\]$_SDFFE_PP0P_/D
     404* |       3 |      81 |       34 |      1 |    89 |    +0.2% |   -0.158 |       -6.8 |      -43.5 |    593 | core/div/remainder\[57\]$_SDFFE_PP0P_/D
     405* |       3 |      81 |       34 |      1 |    89 |    +0.2% |   -0.158 |       -6.8 |      -43.5 |    593 | core/div/remainder\[57\]$_SDFFE_PP0P_/D
     406* |       3 |      81 |       34 |      1 |    89 |    +0.2% |   -0.158 |       -6.8 |      -43.5 |    593 | core/div/remainder\[57\]$_SDFFE_PP0P_/D
     410* |       3 |      82 |       34 |      1 |    91 |    +0.2% |   -0.158 |       -6.8 |      -43.5 |    593 | core/div/remainder\[57\]$_SDFFE_PP0P_/D
     420* |       3 |      89 |       35 |      1 |    93 |    +0.2% |   -0.158 |       -6.8 |      -43.5 |    593 | core/div/remainder\[57\]$_SDFFE_PP0P_/D
     421* |       3 |      82 |       34 |      1 |    92 |    +0.2% |   -0.158 |       -6.8 |      -43.5 |    593 | core/div/remainder\[57\]$_SDFFE_PP0P_/D
     422* |       3 |      82 |       34 |      1 |    92 |    +0.2% |   -0.158 |       -6.8 |      -43.5 |    593 | core/div/remainder\[57\]$_SDFFE_PP0P_/D
     423* |       3 |      82 |       34 |      1 |    92 |    +0.2% |   -0.158 |       -6.8 |      -43.5 |    593 | core/div/remainder\[57\]$_SDFFE_PP0P_/D
     424* |       3 |      82 |       34 |      1 |    92 |    +0.2% |   -0.158 |       -6.8 |      -43.5 |    593 | core/div/remainder\[57\]$_SDFFE_PP0P_/D
     426* |       3 |      83 |       34 |      1 |    92 |    +0.2% |   -0.158 |       -6.8 |      -43.6 |    593 | core/div/remainder\[57\]$_SDFFE_PP0P_/D
     427* |       3 |      83 |       34 |      1 |    92 |    +0.2% |   -0.158 |       -6.8 |      -43.6 |    593 | core/div/remainder\[57\]$_SDFFE_PP0P_/D
     428* |       3 |      83 |       34 |      1 |    92 |    +0.2% |   -0.158 |       -6.8 |      -43.6 |    593 | core/div/remainder\[57\]$_SDFFE_PP0P_/D
     429* |       3 |      83 |       34 |      1 |    92 |    +0.2% |   -0.158 |       -6.8 |      -43.6 |    593 | core/div/remainder\[57\]$_SDFFE_PP0P_/D
     430* |       3 |      83 |       34 |      1 |    92 |    +0.2% |   -0.158 |       -6.8 |      -43.6 |    593 | core/div/remainder\[57\]$_SDFFE_PP0P_/D
     430* |       3 |      83 |       34 |      1 |    92 |    +0.2% |   -0.158 |       -6.8 |      -43.6 |    593 | core/div/remainder\[57\]$_SDFFE_PP0P_/D
     431* |       3 |      83 |       34 |      1 |    92 |    +0.2% |   -0.158 |       -6.8 |      -43.6 |    593 | core/div/remainder\[57\]$_SDFFE_PP0P_/D
     432* |       3 |      83 |       34 |      1 |    92 |    +0.2% |   -0.158 |       -6.8 |      -43.6 |    593 | core/div/remainder\[57\]$_SDFFE_PP0P_/D
     433* |       3 |      83 |       34 |      1 |    92 |    +0.2% |   -0.158 |       -6.8 |      -43.6 |    593 | core/div/remainder\[57\]$_SDFFE_PP0P_/D
     434* |       3 |      83 |       34 |      1 |    92 |    +0.2% |   -0.158 |       -6.8 |      -43.6 |    593 | core/div/remainder\[57\]$_SDFFE_PP0P_/D
     435* |       3 |      83 |       34 |      1 |    92 |    +0.2% |   -0.158 |       -6.8 |      -43.6 |    593 | core/div/remainder\[57\]$_SDFFE_PP0P_/D
     436* |       3 |      83 |       34 |      1 |    92 |    +0.2% |   -0.158 |       -6.8 |      -43.6 |    593 | core/div/remainder\[57\]$_SDFFE_PP0P_/D
     437* |       3 |      83 |       34 |      1 |    92 |    +0.2% |   -0.158 |       -6.8 |      -43.6 |    593 | core/div/remainder\[57\]$_SDFFE_PP0P_/D
     438* |       3 |      83 |       34 |      1 |    92 |    +0.2% |   -0.158 |       -6.8 |      -43.6 |    593 | core/div/remainder\[57\]$_SDFFE_PP0P_/D
     439* |       3 |      83 |       34 |      1 |    92 |    +0.2% |   -0.158 |       -6.8 |      -43.6 |    593 | core/div/remainder\[57\]$_SDFFE_PP0P_/D
     440* |       3 |      83 |       34 |      1 |    92 |    +0.2% |   -0.158 |       -6.8 |      -43.6 |    593 | core/div/remainder\[57\]$_SDFFE_PP0P_/D
     440* |       3 |      83 |       34 |      1 |    92 |    +0.2% |   -0.158 |       -6.8 |      -43.6 |    593 | core/div/remainder\[57\]$_SDFFE_PP0P_/D
     441* |       3 |      83 |       34 |      1 |    92 |    +0.2% |   -0.158 |       -6.8 |      -43.6 |    593 | core/div/remainder\[57\]$_SDFFE_PP0P_/D
     442* |       3 |      83 |       34 |      1 |    92 |    +0.2% |   -0.158 |       -6.8 |      -43.6 |    593 | core/div/remainder\[57\]$_SDFFE_PP0P_/D
     443* |       3 |      83 |       34 |      1 |    92 |    +0.2% |   -0.158 |       -6.8 |      -43.6 |    593 | core/div/remainder\[57\]$_SDFFE_PP0P_/D
     444* |       3 |      83 |       34 |      1 |    92 |    +0.2% |   -0.158 |       -6.8 |      -43.6 |    593 | core/div/remainder\[57\]$_SDFFE_PP0P_/D
     445* |       3 |      83 |       34 |      1 |    92 |    +0.2% |   -0.158 |       -6.8 |      -43.6 |    593 | core/div/remainder\[57\]$_SDFFE_PP0P_/D
     446* |       3 |      83 |       34 |      1 |    92 |    +0.2% |   -0.158 |       -6.8 |      -43.6 |    593 | core/div/remainder\[57\]$_SDFFE_PP0P_/D
     447* |       3 |      83 |       34 |      1 |    92 |    +0.2% |   -0.158 |       -6.8 |      -43.6 |    593 | core/div/remainder\[57\]$_SDFFE_PP0P_/D
     448* |       3 |      83 |       34 |      1 |    92 |    +0.2% |   -0.158 |       -6.8 |      -43.6 |    593 | core/div/remainder\[57\]$_SDFFE_PP0P_/D
     449* |       3 |      83 |       34 |      1 |    92 |    +0.2% |   -0.158 |       -6.8 |      -43.6 |    593 | core/div/remainder\[57\]$_SDFFE_PP0P_/D
     450* |       3 |      83 |       34 |      1 |    92 |    +0.2% |   -0.158 |       -6.8 |      -43.6 |    593 | core/div/remainder\[57\]$_SDFFE_PP0P_/D
     453* |       3 |      85 |       34 |      1 |    93 |    +0.2% |   -0.158 |       -6.8 |      -43.1 |    593 | core/div/remainder\[57\]$_SDFFE_PP0P_/D
     454* |       3 |      85 |       34 |      1 |    93 |    +0.2% |   -0.158 |       -6.8 |      -43.1 |    593 | core/div/remainder\[57\]$_SDFFE_PP0P_/D
     455* |       3 |      85 |       34 |      1 |    93 |    +0.2% |   -0.158 |       -6.8 |      -43.1 |    593 | core/div/remainder\[57\]$_SDFFE_PP0P_/D
     456* |       3 |      85 |       34 |      1 |    93 |    +0.2% |   -0.158 |       -6.8 |      -43.1 |    593 | core/div/remainder\[57\]$_SDFFE_PP0P_/D
     457* |       3 |      85 |       34 |      1 |    93 |    +0.2% |   -0.158 |       -6.8 |      -43.1 |    593 | core/div/remainder\[57\]$_SDFFE_PP0P_/D
     458* |       3 |      85 |       34 |      1 |    93 |    +0.2% |   -0.158 |       -6.8 |      -43.1 |    593 | core/div/remainder\[57\]$_SDFFE_PP0P_/D
     460* |       3 |      85 |       35 |      1 |    93 |    +0.2% |   -0.158 |       -6.8 |      -43.2 |    593 | core/div/remainder\[57\]$_SDFFE_PP0P_/D
     461* |       3 |      85 |       35 |      1 |    93 |    +0.2% |   -0.158 |       -6.8 |      -43.2 |    593 | core/div/remainder\[57\]$_SDFFE_PP0P_/D
     462* |       3 |      85 |       35 |      1 |    93 |    +0.2% |   -0.158 |       -6.8 |      -43.2 |    593 | core/div/remainder\[57\]$_SDFFE_PP0P_/D
     463* |       3 |      85 |       35 |      1 |    93 |    +0.2% |   -0.158 |       -6.8 |      -43.2 |    593 | core/div/remainder\[57\]$_SDFFE_PP0P_/D
     464* |       3 |      85 |       35 |      1 |    93 |    +0.2% |   -0.158 |       -6.8 |      -43.2 |    593 | core/div/remainder\[57\]$_SDFFE_PP0P_/D
     465* |       3 |      85 |       35 |      1 |    93 |    +0.2% |   -0.158 |       -6.8 |      -43.2 |    593 | core/div/remainder\[57\]$_SDFFE_PP0P_/D
     466* |       3 |      85 |       35 |      1 |    93 |    +0.2% |   -0.158 |       -6.8 |      -43.2 |    593 | core/div/remainder\[57\]$_SDFFE_PP0P_/D
     468* |       3 |      85 |       35 |      1 |    93 |    +0.2% |   -0.158 |       -6.8 |      -43.2 |    593 | core/div/remainder\[57\]$_SDFFE_PP0P_/D
     470* |       3 |      85 |       35 |      2 |    93 |    +0.2% |   -0.158 |       -6.8 |      -43.3 |    593 | core/div/remainder\[57\]$_SDFFE_PP0P_/D
     470* |       3 |      85 |       35 |      1 |    93 |    +0.2% |   -0.158 |       -6.8 |      -43.2 |    593 | core/div/remainder\[57\]$_SDFFE_PP0P_/D
     471* |       3 |      85 |       35 |      1 |    93 |    +0.2% |   -0.158 |       -6.8 |      -43.2 |    593 | core/div/remainder\[57\]$_SDFFE_PP0P_/D
     473* |       3 |      85 |       35 |      1 |    93 |    +0.2% |   -0.158 |       -6.8 |      -43.2 |    593 | core/div/remainder\[57\]$_SDFFE_PP0P_/D
     475* |       3 |      85 |       35 |      1 |    93 |    +0.2% |   -0.158 |       -6.8 |      -43.2 |    593 | core/div/remainder\[57\]$_SDFFE_PP0P_/D
     476* |       3 |      85 |       35 |      1 |    93 |    +0.2% |   -0.158 |       -6.8 |      -43.2 |    593 | core/div/remainder\[57\]$_SDFFE_PP0P_/D
     477* |       3 |      85 |       35 |      1 |    93 |    +0.2% |   -0.158 |       -6.8 |      -43.2 |    593 | core/div/remainder\[57\]$_SDFFE_PP0P_/D
     478* |       3 |      85 |       35 |      1 |    93 |    +0.2% |   -0.158 |       -6.8 |      -43.2 |    593 | core/div/remainder\[57\]$_SDFFE_PP0P_/D
     479* |       3 |      85 |       35 |      1 |    93 |    +0.2% |   -0.158 |       -6.8 |      -43.2 |    593 | core/div/remainder\[57\]$_SDFFE_PP0P_/D
     480* |       3 |      85 |       35 |      1 |    93 |    +0.2% |   -0.158 |       -6.8 |      -43.2 |    593 | core/div/remainder\[57\]$_SDFFE_PP0P_/D
     480* |       3 |      85 |       35 |      1 |    93 |    +0.2% |   -0.158 |       -6.8 |      -43.2 |    593 | core/div/remainder\[57\]$_SDFFE_PP0P_/D
     481* |       3 |      85 |       35 |      1 |    93 |    +0.2% |   -0.158 |       -6.8 |      -43.2 |    593 | core/div/remainder\[57\]$_SDFFE_PP0P_/D
     482* |       3 |      85 |       35 |      1 |    93 |    +0.2% |   -0.158 |       -6.8 |      -43.2 |    593 | core/div/remainder\[57\]$_SDFFE_PP0P_/D
     483* |       3 |      85 |       35 |      1 |    93 |    +0.2% |   -0.158 |       -6.8 |      -43.2 |    593 | core/div/remainder\[57\]$_SDFFE_PP0P_/D
     485* |       3 |      85 |       35 |      1 |    93 |    +0.2% |   -0.158 |       -6.8 |      -43.2 |    593 | core/div/remainder\[57\]$_SDFFE_PP0P_/D
     486* |       3 |      85 |       35 |      1 |    93 |    +0.2% |   -0.158 |       -6.8 |      -43.2 |    593 | core/div/remainder\[57\]$_SDFFE_PP0P_/D
     490* |       3 |      86 |       35 |      1 |    95 |    +0.2% |   -0.158 |       -6.8 |      -43.2 |    593 | core/div/remainder\[57\]$_SDFFE_PP0P_/D
     496* |       3 |      87 |       35 |      1 |    96 |    +0.2% |   -0.158 |       -6.8 |      -43.2 |    593 | core/div/remainder\[57\]$_SDFFE_PP0P_/D
     497* |       3 |      87 |       35 |      1 |    96 |    +0.2% |   -0.158 |       -6.8 |      -43.2 |    593 | core/div/remainder\[57\]$_SDFFE_PP0P_/D
     499* |       3 |      87 |       35 |      1 |    96 |    +0.2% |   -0.158 |       -6.8 |      -43.2 |    593 | core/div/remainder\[57\]$_SDFFE_PP0P_/D
     500* |       3 |      87 |       35 |      1 |    96 |    +0.2% |   -0.158 |       -6.8 |      -43.2 |    593 | core/div/remainder\[57\]$_SDFFE_PP0P_/D
     500* |       3 |      87 |       35 |      1 |    96 |    +0.2% |   -0.158 |       -6.8 |      -43.2 |    593 | core/div/remainder\[57\]$_SDFFE_PP0P_/D
     501* |       3 |      87 |       35 |      1 |    96 |    +0.2% |   -0.158 |       -6.8 |      -43.2 |    593 | core/div/remainder\[57\]$_SDFFE_PP0P_/D
     502* |       3 |      87 |       35 |      1 |    96 |    +0.2% |   -0.158 |       -6.8 |      -43.2 |    593 | core/div/remainder\[57\]$_SDFFE_PP0P_/D
     503* |       3 |      87 |       35 |      1 |    96 |    +0.2% |   -0.158 |       -6.8 |      -43.2 |    593 | core/div/remainder\[57\]$_SDFFE_PP0P_/D
     504* |       3 |      87 |       35 |      1 |    96 |    +0.2% |   -0.158 |       -6.8 |      -43.2 |    593 | core/div/remainder\[57\]$_SDFFE_PP0P_/D
     505* |       3 |      87 |       35 |      1 |    96 |    +0.2% |   -0.158 |       -6.8 |      -43.2 |    593 | core/div/remainder\[57\]$_SDFFE_PP0P_/D
     507* |       3 |      87 |       35 |      1 |    96 |    +0.2% |   -0.158 |       -6.8 |      -43.2 |    593 | core/div/remainder\[57\]$_SDFFE_PP0P_/D
     509* |       3 |      87 |       35 |      1 |    96 |    +0.2% |   -0.158 |       -6.8 |      -43.2 |    593 | core/div/remainder\[57\]$_SDFFE_PP0P_/D
     510* |       3 |      87 |       35 |      1 |    96 |    +0.2% |   -0.158 |       -6.8 |      -43.2 |    593 | core/div/remainder\[57\]$_SDFFE_PP0P_/D
     510* |       3 |      87 |       35 |      1 |    96 |    +0.2% |   -0.158 |       -6.8 |      -43.2 |    593 | core/div/remainder\[57\]$_SDFFE_PP0P_/D
     511* |       3 |      87 |       35 |      1 |    96 |    +0.2% |   -0.158 |       -6.8 |      -43.2 |    593 | core/div/remainder\[57\]$_SDFFE_PP0P_/D
     512* |       3 |      87 |       35 |      1 |    96 |    +0.2% |   -0.158 |       -6.8 |      -43.2 |    593 | core/div/remainder\[57\]$_SDFFE_PP0P_/D
     513* |       3 |      87 |       35 |      1 |    96 |    +0.2% |   -0.158 |       -6.8 |      -43.2 |    593 | core/div/remainder\[57\]$_SDFFE_PP0P_/D
     514* |       3 |      87 |       35 |      1 |    96 |    +0.2% |   -0.158 |       -6.8 |      -43.2 |    593 | core/div/remainder\[57\]$_SDFFE_PP0P_/D
     515* |       3 |      87 |       35 |      1 |    96 |    +0.2% |   -0.158 |       -6.8 |      -43.2 |    593 | core/div/remainder\[57\]$_SDFFE_PP0P_/D
     516* |       3 |      87 |       35 |      1 |    96 |    +0.2% |   -0.158 |       -6.8 |      -43.2 |    593 | core/div/remainder\[57\]$_SDFFE_PP0P_/D
     517* |       3 |      87 |       35 |      1 |    96 |    +0.2% |   -0.158 |       -6.8 |      -43.2 |    593 | core/div/remainder\[57\]$_SDFFE_PP0P_/D
     520* |       4 |      88 |       35 |      1 |    96 |    +0.2% |   -0.158 |       -6.8 |      -43.1 |    593 | core/div/remainder\[57\]$_SDFFE_PP0P_/D
     521* |       4 |      89 |       35 |      1 |    96 |    +0.2% |   -0.158 |       -6.8 |      -43.2 |    593 | core/div/remainder\[57\]$_SDFFE_PP0P_/D
     522* |       4 |      89 |       35 |      1 |    96 |    +0.2% |   -0.158 |       -6.8 |      -43.2 |    593 | core/div/remainder\[57\]$_SDFFE_PP0P_/D
     523* |       4 |      89 |       35 |      1 |    96 |    +0.2% |   -0.158 |       -6.8 |      -43.2 |    593 | core/div/remainder\[57\]$_SDFFE_PP0P_/D
     524* |       4 |      89 |       35 |      1 |    96 |    +0.2% |   -0.158 |       -6.8 |      -43.2 |    593 | core/div/remainder\[57\]$_SDFFE_PP0P_/D
     529* |       4 |      92 |       35 |      1 |    97 |    +0.2% |   -0.158 |       -6.8 |      -43.5 |    593 | core/div/remainder\[57\]$_SDFFE_PP0P_/D
     530* |       4 |      92 |       35 |      1 |    97 |    +0.2% |   -0.158 |       -6.8 |      -43.5 |    593 | core/div/remainder\[57\]$_SDFFE_PP0P_/D
     540* |       4 |      97 |       37 |      1 |   100 |    +0.3% |   -0.158 |       -6.8 |      -43.6 |    593 | core/div/remainder\[57\]$_SDFFE_PP0P_/D
     542* |       4 |      93 |       35 |      1 |    97 |    +0.2% |   -0.158 |       -6.9 |      -43.5 |    593 | core/div/remainder\[57\]$_SDFFE_PP0P_/D
     544* |       4 |      93 |       35 |      2 |    97 |    +0.2% |   -0.158 |       -6.9 |      -43.5 |    593 | core/div/remainder\[57\]$_SDFFE_PP0P_/D
     545* |       4 |      93 |       35 |      2 |    97 |    +0.2% |   -0.158 |       -6.9 |      -43.5 |    593 | core/div/remainder\[57\]$_SDFFE_PP0P_/D
     546* |       4 |      93 |       35 |      2 |    97 |    +0.2% |   -0.158 |       -6.9 |      -43.5 |    593 | core/div/remainder\[57\]$_SDFFE_PP0P_/D
     547* |       4 |      93 |       35 |      2 |    97 |    +0.2% |   -0.158 |       -6.9 |      -43.5 |    593 | core/div/remainder\[57\]$_SDFFE_PP0P_/D
     548* |       4 |      93 |       35 |      2 |    97 |    +0.2% |   -0.158 |       -6.9 |      -43.5 |    593 | core/div/remainder\[57\]$_SDFFE_PP0P_/D
     549* |       4 |      93 |       35 |      2 |    97 |    +0.2% |   -0.158 |       -6.9 |      -43.5 |    593 | core/div/remainder\[57\]$_SDFFE_PP0P_/D
     550* |       4 |      93 |       35 |      2 |    97 |    +0.2% |   -0.158 |       -6.9 |      -43.5 |    593 | core/div/remainder\[57\]$_SDFFE_PP0P_/D
     550* |       4 |      93 |       35 |      2 |    97 |    +0.2% |   -0.158 |       -6.9 |      -43.5 |    593 | core/div/remainder\[57\]$_SDFFE_PP0P_/D
     551* |       4 |      93 |       35 |      2 |    97 |    +0.2% |   -0.158 |       -6.9 |      -43.5 |    593 | core/div/remainder\[57\]$_SDFFE_PP0P_/D
     560* |       4 |      96 |       37 |      2 |   100 |    +0.3% |   -0.158 |       -6.8 |      -43.6 |    593 | core/div/remainder\[57\]$_SDFFE_PP0P_/D
     560* |       4 |      93 |       35 |      2 |    98 |    +0.2% |   -0.158 |       -6.9 |      -43.5 |    593 | core/div/remainder\[57\]$_SDFFE_PP0P_/D
     561* |       4 |      93 |       35 |      2 |    98 |    +0.2% |   -0.158 |       -6.9 |      -43.5 |    593 | core/div/remainder\[57\]$_SDFFE_PP0P_/D
     562* |       4 |      93 |       35 |      2 |    98 |    +0.2% |   -0.158 |       -6.9 |      -43.5 |    593 | core/div/remainder\[57\]$_SDFFE_PP0P_/D
     563* |       4 |      93 |       35 |      2 |    98 |    +0.2% |   -0.158 |       -6.9 |      -43.5 |    593 | core/div/remainder\[57\]$_SDFFE_PP0P_/D
     564* |       4 |      93 |       35 |      2 |    98 |    +0.2% |   -0.158 |       -6.9 |      -43.5 |    593 | core/div/remainder\[57\]$_SDFFE_PP0P_/D
     565* |       4 |      93 |       35 |      2 |    98 |    +0.2% |   -0.158 |       -6.9 |      -43.5 |    593 | core/div/remainder\[57\]$_SDFFE_PP0P_/D
     566* |       4 |      93 |       35 |      2 |    98 |    +0.2% |   -0.158 |       -6.9 |      -43.5 |    593 | core/div/remainder\[57\]$_SDFFE_PP0P_/D
     567* |       4 |      93 |       35 |      2 |    98 |    +0.2% |   -0.158 |       -6.9 |      -43.5 |    593 | core/div/remainder\[57\]$_SDFFE_PP0P_/D
     568* |       4 |      93 |       35 |      2 |    98 |    +0.2% |   -0.158 |       -6.9 |      -43.5 |    593 | core/div/remainder\[57\]$_SDFFE_PP0P_/D
     569* |       4 |      93 |       35 |      2 |    98 |    +0.2% |   -0.158 |       -6.9 |      -43.5 |    593 | core/div/remainder\[57\]$_SDFFE_PP0P_/D
     570* |       4 |      93 |       35 |      2 |    98 |    +0.2% |   -0.158 |       -6.9 |      -43.5 |    593 | core/div/remainder\[57\]$_SDFFE_PP0P_/D
     570* |       4 |      93 |       35 |      2 |    98 |    +0.2% |   -0.158 |       -6.9 |      -43.5 |    593 | core/div/remainder\[57\]$_SDFFE_PP0P_/D
     571* |       4 |      93 |       35 |      2 |    98 |    +0.2% |   -0.158 |       -6.9 |      -43.5 |    593 | core/div/remainder\[57\]$_SDFFE_PP0P_/D
     572* |       4 |      93 |       35 |      2 |    98 |    +0.2% |   -0.158 |       -6.9 |      -43.5 |    593 | core/div/remainder\[57\]$_SDFFE_PP0P_/D
     575* |       5 |      94 |       35 |      2 |    98 |    +0.2% |   -0.158 |       -6.9 |      -43.4 |    593 | core/div/remainder\[57\]$_SDFFE_PP0P_/D
     576* |       5 |      94 |       35 |      2 |    98 |    +0.2% |   -0.158 |       -6.9 |      -43.4 |    593 | core/div/remainder\[57\]$_SDFFE_PP0P_/D
     577* |       5 |      94 |       35 |      2 |    98 |    +0.2% |   -0.158 |       -6.9 |      -43.4 |    593 | core/div/remainder\[57\]$_SDFFE_PP0P_/D
     578* |       5 |      94 |       35 |      2 |    98 |    +0.2% |   -0.158 |       -6.9 |      -43.4 |    593 | core/div/remainder\[57\]$_SDFFE_PP0P_/D
     579* |       5 |      94 |       35 |      2 |    98 |    +0.2% |   -0.158 |       -6.9 |      -43.4 |    593 | core/div/remainder\[57\]$_SDFFE_PP0P_/D
     580* |       5 |      94 |       35 |      2 |    98 |    +0.2% |   -0.158 |       -6.9 |      -43.4 |    593 | core/div/remainder\[57\]$_SDFFE_PP0P_/D
     582* |       6 |      95 |       35 |      2 |    98 |    +0.2% |   -0.158 |       -6.9 |      -43.4 |    593 | core/div/remainder\[57\]$_SDFFE_PP0P_/D
     583* |       6 |      95 |       35 |      2 |    98 |    +0.2% |   -0.158 |       -6.9 |      -43.4 |    593 | core/div/remainder\[57\]$_SDFFE_PP0P_/D
     584* |       6 |      95 |       35 |      2 |    98 |    +0.2% |   -0.158 |       -6.9 |      -43.4 |    593 | core/div/remainder\[57\]$_SDFFE_PP0P_/D
     585* |       6 |      95 |       35 |      2 |    98 |    +0.2% |   -0.158 |       -6.9 |      -43.4 |    593 | core/div/remainder\[57\]$_SDFFE_PP0P_/D
     586* |       6 |      95 |       35 |      2 |    98 |    +0.2% |   -0.158 |       -6.9 |      -43.4 |    593 | core/div/remainder\[57\]$_SDFFE_PP0P_/D
     587* |       6 |      95 |       35 |      2 |    98 |    +0.2% |   -0.158 |       -6.9 |      -43.4 |    593 | core/div/remainder\[57\]$_SDFFE_PP0P_/D
     588* |       6 |      95 |       35 |      2 |    98 |    +0.2% |   -0.158 |       -6.9 |      -43.4 |    593 | core/div/remainder\[57\]$_SDFFE_PP0P_/D
     589* |       6 |      95 |       35 |      2 |    98 |    +0.2% |   -0.158 |       -6.9 |      -43.4 |    593 | core/div/remainder\[57\]$_SDFFE_PP0P_/D
     590* |       6 |      95 |       35 |      2 |    98 |    +0.2% |   -0.158 |       -6.9 |      -43.4 |    593 | core/div/remainder\[57\]$_SDFFE_PP0P_/D
     590* |       6 |      95 |       35 |      2 |    98 |    +0.2% |   -0.158 |       -6.9 |      -43.4 |    593 | core/div/remainder\[57\]$_SDFFE_PP0P_/D
     591* |       6 |      95 |       35 |      2 |    98 |    +0.2% |   -0.158 |       -6.9 |      -43.4 |    593 | core/div/remainder\[57\]$_SDFFE_PP0P_/D
     592* |       6 |      95 |       35 |      2 |    98 |    +0.2% |   -0.158 |       -6.9 |      -43.4 |    593 | core/div/remainder\[57\]$_SDFFE_PP0P_/D
     593* |       6 |      95 |       35 |      2 |    98 |    +0.2% |   -0.158 |       -6.9 |      -43.4 |    593 | core/div/remainder\[57\]$_SDFFE_PP0P_/D
     594* |       6 |      95 |       35 |      2 |    98 |    +0.2% |   -0.158 |       -6.9 |      -43.4 |    593 | core/div/remainder\[57\]$_SDFFE_PP0P_/D
     595* |       6 |      95 |       35 |      2 |    98 |    +0.2% |   -0.158 |       -6.9 |      -43.4 |    593 | core/div/remainder\[57\]$_SDFFE_PP0P_/D
     596* |       6 |      95 |       35 |      2 |    98 |    +0.2% |   -0.158 |       -6.9 |      -43.4 |    593 | core/div/remainder\[57\]$_SDFFE_PP0P_/D
     597* |       6 |      95 |       35 |      2 |    98 |    +0.2% |   -0.158 |       -6.9 |      -43.4 |    593 | core/div/remainder\[57\]$_SDFFE_PP0P_/D
     598* |       6 |      95 |       35 |      2 |    98 |    +0.2% |   -0.158 |       -6.9 |      -43.4 |    593 | core/div/remainder\[57\]$_SDFFE_PP0P_/D
     599* |       6 |      95 |       35 |      2 |    98 |    +0.2% |   -0.158 |       -6.9 |      -43.4 |    593 | core/div/remainder\[57\]$_SDFFE_PP0P_/D
     600* |       6 |      95 |       35 |      2 |    98 |    +0.2% |   -0.158 |       -6.9 |      -43.4 |    593 | core/div/remainder\[57\]$_SDFFE_PP0P_/D
     600* |       6 |      95 |       35 |      2 |    98 |    +0.2% |   -0.158 |       -6.9 |      -43.4 |    593 | core/div/remainder\[57\]$_SDFFE_PP0P_/D
     601* |       6 |      95 |       35 |      2 |    98 |    +0.2% |   -0.158 |       -6.9 |      -43.4 |    593 | core/div/remainder\[57\]$_SDFFE_PP0P_/D
     602* |       6 |      95 |       35 |      2 |    98 |    +0.2% |   -0.158 |       -6.9 |      -43.4 |    593 | core/div/remainder\[57\]$_SDFFE_PP0P_/D
     603* |       6 |      95 |       35 |      2 |    98 |    +0.2% |   -0.158 |       -6.9 |      -43.4 |    593 | core/div/remainder\[57\]$_SDFFE_PP0P_/D
     604* |       6 |      95 |       35 |      2 |    98 |    +0.2% |   -0.158 |       -6.9 |      -43.4 |    593 | core/div/remainder\[57\]$_SDFFE_PP0P_/D
     605* |       6 |      95 |       35 |      2 |    98 |    +0.2% |   -0.158 |       -6.9 |      -43.4 |    593 | core/div/remainder\[57\]$_SDFFE_PP0P_/D
     606* |       6 |      95 |       35 |      2 |    98 |    +0.2% |   -0.158 |       -6.9 |      -43.4 |    593 | core/div/remainder\[57\]$_SDFFE_PP0P_/D
     607* |       6 |      95 |       35 |      2 |    98 |    +0.2% |   -0.158 |       -6.9 |      -43.4 |    593 | core/div/remainder\[57\]$_SDFFE_PP0P_/D
     608* |       6 |      95 |       35 |      2 |    98 |    +0.2% |   -0.158 |       -6.9 |      -43.4 |    593 | core/div/remainder\[57\]$_SDFFE_PP0P_/D
     609* |       6 |      95 |       35 |      2 |    98 |    +0.2% |   -0.158 |       -6.9 |      -43.4 |    593 | core/div/remainder\[57\]$_SDFFE_PP0P_/D
     610* |       6 |      95 |       35 |      2 |    98 |    +0.2% |   -0.158 |       -6.9 |      -43.4 |    593 | core/div/remainder\[57\]$_SDFFE_PP0P_/D
     620* |       6 |     100 |       38 |      4 |   100 |    +0.3% |   -0.158 |       -6.9 |      -43.1 |    593 | core/div/remainder\[57\]$_SDFFE_PP0P_/D
     630* |       6 |     106 |       40 |      4 |   102 |    +0.3% |   -0.158 |       -6.9 |      -44.3 |    593 | core/div/remainder\[57\]$_SDFFE_PP0P_/D
     640* |       6 |     111 |       43 |      5 |   103 |    +0.3% |   -0.158 |       -6.9 |      -44.1 |    593 | core/div/remainder\[57\]$_SDFFE_PP0P_/D
     647* |       6 |     114 |       43 |      5 |   103 |    +0.3% |   -0.158 |       -6.9 |      -44.1 |    593 | core/div/remainder\[57\]$_SDFFE_PP0P_/D
     649* |       6 |     114 |       44 |      5 |   103 |    +0.3% |   -0.158 |       -6.9 |      -45.6 |    593 | core/div/remainder\[57\]$_SDFFE_PP0P_/D
     650* |       6 |     114 |       44 |      5 |   103 |    +0.3% |   -0.158 |       -6.9 |      -45.6 |    593 | core/div/remainder\[57\]$_SDFFE_PP0P_/D
     650* |       6 |     114 |       44 |      5 |   103 |    +0.3% |   -0.158 |       -6.9 |      -45.6 |    593 | core/div/remainder\[57\]$_SDFFE_PP0P_/D
     651* |       6 |     114 |       44 |      5 |   103 |    +0.3% |   -0.158 |       -6.9 |      -45.6 |    593 | core/div/remainder\[57\]$_SDFFE_PP0P_/D
     652* |       6 |     114 |       44 |      5 |   103 |    +0.3% |   -0.158 |       -6.9 |      -45.6 |    593 | core/div/remainder\[57\]$_SDFFE_PP0P_/D
     653* |       6 |     114 |       44 |      5 |   103 |    +0.3% |   -0.158 |       -6.9 |      -45.6 |    593 | core/div/remainder\[57\]$_SDFFE_PP0P_/D
     654* |       6 |     114 |       44 |      5 |   103 |    +0.3% |   -0.158 |       -6.9 |      -45.6 |    593 | core/div/remainder\[57\]$_SDFFE_PP0P_/D
     656* |       6 |     115 |       44 |      5 |   103 |    +0.3% |   -0.158 |       -6.9 |      -45.7 |    593 | core/div/remainder\[57\]$_SDFFE_PP0P_/D
     657* |       6 |     115 |       44 |      5 |   103 |    +0.3% |   -0.158 |       -6.9 |      -45.7 |    593 | core/div/remainder\[57\]$_SDFFE_PP0P_/D
     658* |       6 |     115 |       44 |      5 |   103 |    +0.3% |   -0.158 |       -6.9 |      -45.7 |    593 | core/div/remainder\[57\]$_SDFFE_PP0P_/D
     659* |       6 |     115 |       44 |      5 |   103 |    +0.3% |   -0.158 |       -6.9 |      -45.7 |    593 | core/div/remainder\[57\]$_SDFFE_PP0P_/D
     660* |       6 |     115 |       44 |      5 |   103 |    +0.3% |   -0.158 |       -6.9 |      -45.7 |    593 | core/div/remainder\[57\]$_SDFFE_PP0P_/D
     660* |       6 |     115 |       44 |      5 |   103 |    +0.3% |   -0.158 |       -6.9 |      -45.7 |    593 | core/div/remainder\[57\]$_SDFFE_PP0P_/D
     670* |       7 |     120 |       45 |      5 |   105 |    +0.3% |   -0.158 |       -6.9 |      -45.7 |    593 | core/div/remainder\[57\]$_SDFFE_PP0P_/D
     671* |       7 |     118 |       44 |      5 |   104 |    +0.3% |   -0.158 |       -6.9 |      -45.7 |    593 | core/div/remainder\[57\]$_SDFFE_PP0P_/D
     672* |       7 |     118 |       44 |      5 |   104 |    +0.3% |   -0.158 |       -6.9 |      -45.7 |    593 | core/div/remainder\[57\]$_SDFFE_PP0P_/D
     673* |       7 |     118 |       44 |      5 |   104 |    +0.3% |   -0.158 |       -6.9 |      -45.7 |    593 | core/div/remainder\[57\]$_SDFFE_PP0P_/D
     674* |       7 |     118 |       44 |      5 |   104 |    +0.3% |   -0.158 |       -6.9 |      -45.7 |    593 | core/div/remainder\[57\]$_SDFFE_PP0P_/D
     675* |       7 |     118 |       44 |      5 |   104 |    +0.3% |   -0.158 |       -6.9 |      -45.7 |    593 | core/div/remainder\[57\]$_SDFFE_PP0P_/D
     676* |       7 |     118 |       44 |      5 |   104 |    +0.3% |   -0.158 |       -6.9 |      -45.7 |    593 | core/div/remainder\[57\]$_SDFFE_PP0P_/D
     677* |       7 |     118 |       44 |      5 |   104 |    +0.3% |   -0.158 |       -6.9 |      -45.7 |    593 | core/div/remainder\[57\]$_SDFFE_PP0P_/D
     678* |       7 |     118 |       44 |      5 |   104 |    +0.3% |   -0.158 |       -6.9 |      -45.7 |    593 | core/div/remainder\[57\]$_SDFFE_PP0P_/D
     679* |       7 |     118 |       44 |      5 |   104 |    +0.3% |   -0.158 |       -6.9 |      -45.7 |    593 | core/div/remainder\[57\]$_SDFFE_PP0P_/D
     680* |       7 |     118 |       44 |      5 |   104 |    +0.3% |   -0.158 |       -6.9 |      -45.7 |    593 | core/div/remainder\[57\]$_SDFFE_PP0P_/D
     680* |       7 |     118 |       44 |      5 |   104 |    +0.3% |   -0.158 |       -6.9 |      -45.7 |    593 | core/div/remainder\[57\]$_SDFFE_PP0P_/D
     690* |       7 |     124 |       45 |      5 |   106 |    +0.3% |   -0.158 |       -6.8 |      -45.0 |    593 | core/div/remainder\[57\]$_SDFFE_PP0P_/D
     700* |       8 |     129 |       49 |      5 |   107 |    +0.3% |   -0.158 |       -7.0 |      -52.6 |    593 | core/div/remainder\[57\]$_SDFFE_PP0P_/D
     710* |       8 |     137 |       49 |      5 |   109 |    +0.3% |   -0.158 |       -7.0 |      -51.2 |    593 | core/div/remainder\[57\]$_SDFFE_PP0P_/D
     720* |       8 |     144 |       49 |      5 |   112 |    +0.4% |   -0.158 |       -7.1 |      -51.4 |    593 | core/div/remainder\[57\]$_SDFFE_PP0P_/D
     730* |       9 |     148 |       49 |      5 |   117 |    +0.4% |   -0.158 |       -7.1 |      -50.7 |    593 | core/div/remainder\[57\]$_SDFFE_PP0P_/D
     740* |       9 |     154 |       52 |      5 |   119 |    +0.4% |   -0.158 |       -7.1 |      -50.1 |    593 | core/div/remainder\[57\]$_SDFFE_PP0P_/D
     750* |       9 |     160 |       56 |      5 |   119 |    +0.4% |   -0.158 |       -7.0 |      -52.0 |    593 | core/div/remainder\[57\]$_SDFFE_PP0P_/D
     760* |       9 |     167 |       58 |      5 |   120 |    +0.4% |   -0.158 |       -7.0 |      -53.0 |    593 | core/div/remainder\[57\]$_SDFFE_PP0P_/D
     764* |       9 |     158 |       52 |      5 |   119 |    +0.4% |   -0.158 |       -7.0 |      -50.1 |    593 | core/div/remainder\[57\]$_SDFFE_PP0P_/D
     770* |       9 |     159 |       55 |      5 |   120 |    +0.4% |   -0.158 |       -7.0 |      -51.3 |    593 | core/div/remainder\[57\]$_SDFFE_PP0P_/D
     773* |       9 |     161 |       56 |      5 |   120 |    +0.4% |   -0.158 |       -6.9 |      -48.9 |    593 | core/div/remainder\[57\]$_SDFFE_PP0P_/D
     774* |       9 |     161 |       56 |      5 |   120 |    +0.4% |   -0.158 |       -6.9 |      -48.9 |    593 | core/div/remainder\[57\]$_SDFFE_PP0P_/D
     775* |       9 |     161 |       56 |      5 |   120 |    +0.4% |   -0.158 |       -6.9 |      -48.9 |    593 | core/div/remainder\[57\]$_SDFFE_PP0P_/D
     776* |       9 |     161 |       56 |      5 |   120 |    +0.4% |   -0.158 |       -6.9 |      -48.9 |    593 | core/div/remainder\[57\]$_SDFFE_PP0P_/D
     780* |       9 |     164 |       56 |      5 |   120 |    +0.4% |   -0.158 |       -6.9 |      -48.7 |    593 | core/div/remainder\[57\]$_SDFFE_PP0P_/D
     780* |       9 |     164 |       56 |      5 |   120 |    +0.4% |   -0.158 |       -6.9 |      -48.7 |    593 | core/div/remainder\[57\]$_SDFFE_PP0P_/D
     781* |       9 |     164 |       56 |      5 |   120 |    +0.4% |   -0.158 |       -6.9 |      -48.7 |    593 | core/div/remainder\[57\]$_SDFFE_PP0P_/D
     783* |       9 |     164 |       56 |      5 |   120 |    +0.4% |   -0.158 |       -6.9 |      -48.7 |    593 | core/div/remainder\[57\]$_SDFFE_PP0P_/D
     784* |       9 |     164 |       56 |      5 |   120 |    +0.4% |   -0.158 |       -6.9 |      -48.7 |    593 | core/div/remainder\[57\]$_SDFFE_PP0P_/D
     785* |       9 |     164 |       56 |      5 |   120 |    +0.4% |   -0.158 |       -6.9 |      -48.7 |    593 | core/div/remainder\[57\]$_SDFFE_PP0P_/D
     786* |       9 |     164 |       56 |      5 |   120 |    +0.4% |   -0.158 |       -6.9 |      -48.7 |    593 | core/div/remainder\[57\]$_SDFFE_PP0P_/D
     787* |       9 |     164 |       56 |      5 |   120 |    +0.4% |   -0.158 |       -6.9 |      -48.7 |    593 | core/div/remainder\[57\]$_SDFFE_PP0P_/D
     788* |       9 |     164 |       56 |      5 |   120 |    +0.4% |   -0.158 |       -6.9 |      -48.7 |    593 | core/div/remainder\[57\]$_SDFFE_PP0P_/D
     789* |       9 |     164 |       56 |      5 |   120 |    +0.4% |   -0.158 |       -6.9 |      -48.7 |    593 | core/div/remainder\[57\]$_SDFFE_PP0P_/D
     790* |       9 |     164 |       56 |      5 |   120 |    +0.4% |   -0.158 |       -6.9 |      -48.7 |    593 | core/div/remainder\[57\]$_SDFFE_PP0P_/D
     790* |       9 |     164 |       56 |      5 |   120 |    +0.4% |   -0.158 |       -6.9 |      -48.7 |    593 | core/div/remainder\[57\]$_SDFFE_PP0P_/D
     795* |       9 |     166 |       60 |      6 |   120 |    +0.4% |   -0.158 |       -6.9 |      -48.7 |    593 | core/div/remainder\[57\]$_SDFFE_PP0P_/D
     797* |       9 |     167 |       60 |      6 |   120 |    +0.4% |   -0.158 |       -6.9 |      -48.8 |    593 | core/div/remainder\[57\]$_SDFFE_PP0P_/D
     798* |       9 |     167 |       60 |      6 |   120 |    +0.4% |   -0.158 |       -6.9 |      -48.8 |    593 | core/div/remainder\[57\]$_SDFFE_PP0P_/D
     799* |       9 |     167 |       60 |      6 |   120 |    +0.4% |   -0.158 |       -6.9 |      -48.8 |    593 | core/div/remainder\[57\]$_SDFFE_PP0P_/D
     800* |       9 |     167 |       60 |      6 |   120 |    +0.4% |   -0.158 |       -6.9 |      -48.8 |    593 | core/div/remainder\[57\]$_SDFFE_PP0P_/D
     803* |      10 |     169 |       60 |      6 |   120 |    +0.4% |   -0.158 |       -6.9 |      -48.9 |    593 | core/div/remainder\[57\]$_SDFFE_PP0P_/D
     804* |      10 |     169 |       60 |      6 |   120 |    +0.4% |   -0.158 |       -6.9 |      -48.9 |    593 | core/div/remainder\[57\]$_SDFFE_PP0P_/D
     805* |      10 |     169 |       60 |      6 |   120 |    +0.4% |   -0.158 |       -6.9 |      -48.9 |    593 | core/div/remainder\[57\]$_SDFFE_PP0P_/D
     806* |      10 |     169 |       60 |      6 |   120 |    +0.4% |   -0.158 |       -6.9 |      -48.9 |    593 | core/div/remainder\[57\]$_SDFFE_PP0P_/D
     807* |      10 |     169 |       60 |      6 |   120 |    +0.4% |   -0.158 |       -6.9 |      -48.9 |    593 | core/div/remainder\[57\]$_SDFFE_PP0P_/D
     810* |      10 |     171 |       60 |      6 |   120 |    +0.4% |   -0.158 |       -6.9 |      -48.9 |    593 | core/div/remainder\[57\]$_SDFFE_PP0P_/D
     810* |      10 |     171 |       60 |      6 |   120 |    +0.4% |   -0.158 |       -6.9 |      -48.9 |    593 | core/div/remainder\[57\]$_SDFFE_PP0P_/D
     811* |      10 |     171 |       60 |      6 |   120 |    +0.4% |   -0.158 |       -6.9 |      -48.9 |    593 | core/div/remainder\[57\]$_SDFFE_PP0P_/D
     812* |      10 |     171 |       60 |      6 |   120 |    +0.4% |   -0.158 |       -6.9 |      -48.9 |    593 | core/div/remainder\[57\]$_SDFFE_PP0P_/D
     813* |      10 |     171 |       60 |      6 |   120 |    +0.4% |   -0.158 |       -6.9 |      -48.9 |    593 | core/div/remainder\[57\]$_SDFFE_PP0P_/D
     814* |      10 |     171 |       60 |      6 |   120 |    +0.4% |   -0.158 |       -6.9 |      -48.9 |    593 | core/div/remainder\[57\]$_SDFFE_PP0P_/D
     815* |      10 |     171 |       60 |      6 |   120 |    +0.4% |   -0.158 |       -6.9 |      -48.9 |    593 | core/div/remainder\[57\]$_SDFFE_PP0P_/D
     816* |      10 |     171 |       60 |      6 |   120 |    +0.4% |   -0.158 |       -6.9 |      -48.9 |    593 | core/div/remainder\[57\]$_SDFFE_PP0P_/D
     817* |      10 |     171 |       60 |      6 |   120 |    +0.4% |   -0.158 |       -6.9 |      -48.9 |    593 | core/div/remainder\[57\]$_SDFFE_PP0P_/D
     818* |      10 |     171 |       60 |      6 |   120 |    +0.4% |   -0.158 |       -6.9 |      -48.9 |    593 | core/div/remainder\[57\]$_SDFFE_PP0P_/D
     819* |      10 |     171 |       60 |      6 |   120 |    +0.4% |   -0.158 |       -6.9 |      -48.9 |    593 | core/div/remainder\[57\]$_SDFFE_PP0P_/D
     820* |      10 |     171 |       60 |      6 |   120 |    +0.4% |   -0.158 |       -6.9 |      -48.9 |    593 | core/div/remainder\[57\]$_SDFFE_PP0P_/D
     822* |      10 |     171 |       60 |      6 |   120 |    +0.4% |   -0.158 |       -6.9 |      -48.9 |    593 | core/div/remainder\[57\]$_SDFFE_PP0P_/D
     823* |      10 |     171 |       60 |      6 |   120 |    +0.4% |   -0.158 |       -6.9 |      -48.9 |    593 | core/div/remainder\[57\]$_SDFFE_PP0P_/D
     824* |      10 |     171 |       60 |      6 |   120 |    +0.4% |   -0.158 |       -6.9 |      -48.9 |    593 | core/div/remainder\[57\]$_SDFFE_PP0P_/D
     826* |      10 |     172 |       60 |      6 |   120 |    +0.4% |   -0.158 |       -6.9 |      -49.0 |    593 | core/div/remainder\[57\]$_SDFFE_PP0P_/D
     829* |      10 |     172 |       60 |      6 |   120 |    +0.4% |   -0.158 |       -6.9 |      -49.0 |    593 | core/div/remainder\[57\]$_SDFFE_PP0P_/D
     830* |      10 |     172 |       60 |      6 |   120 |    +0.4% |   -0.158 |       -6.9 |      -49.0 |    593 | core/div/remainder\[57\]$_SDFFE_PP0P_/D
     830* |      10 |     172 |       60 |      6 |   120 |    +0.4% |   -0.158 |       -6.9 |      -49.0 |    593 | core/div/remainder\[57\]$_SDFFE_PP0P_/D
     831* |      10 |     172 |       60 |      6 |   120 |    +0.4% |   -0.158 |       -6.9 |      -49.0 |    593 | core/div/remainder\[57\]$_SDFFE_PP0P_/D
     832* |      10 |     172 |       60 |      6 |   120 |    +0.4% |   -0.158 |       -6.9 |      -49.0 |    593 | core/div/remainder\[57\]$_SDFFE_PP0P_/D
     833* |      10 |     172 |       60 |      6 |   120 |    +0.4% |   -0.158 |       -6.9 |      -49.0 |    593 | core/div/remainder\[57\]$_SDFFE_PP0P_/D
     834* |      10 |     172 |       60 |      6 |   120 |    +0.4% |   -0.158 |       -6.9 |      -49.0 |    593 | core/div/remainder\[57\]$_SDFFE_PP0P_/D
     835* |      10 |     172 |       60 |      6 |   120 |    +0.4% |   -0.158 |       -6.9 |      -49.0 |    593 | core/div/remainder\[57\]$_SDFFE_PP0P_/D
     836* |      10 |     172 |       60 |      6 |   120 |    +0.4% |   -0.158 |       -6.9 |      -49.0 |    593 | core/div/remainder\[57\]$_SDFFE_PP0P_/D
     838* |      10 |     173 |       60 |      6 |   120 |    +0.4% |   -0.158 |       -6.9 |      -49.0 |    593 | core/div/remainder\[57\]$_SDFFE_PP0P_/D
     839* |      10 |     173 |       60 |      6 |   120 |    +0.4% |   -0.158 |       -6.9 |      -49.0 |    593 | core/div/remainder\[57\]$_SDFFE_PP0P_/D
     840* |      10 |     173 |       60 |      6 |   120 |    +0.4% |   -0.158 |       -6.9 |      -49.0 |    593 | core/div/remainder\[57\]$_SDFFE_PP0P_/D
     842* |      10 |     173 |       60 |      6 |   120 |    +0.4% |   -0.158 |       -6.9 |      -49.0 |    593 | core/div/remainder\[57\]$_SDFFE_PP0P_/D
     843* |      10 |     173 |       60 |      6 |   120 |    +0.4% |   -0.158 |       -6.9 |      -49.0 |    593 | core/div/remainder\[57\]$_SDFFE_PP0P_/D
     844* |      10 |     173 |       60 |      6 |   120 |    +0.4% |   -0.158 |       -6.9 |      -49.0 |    593 | core/div/remainder\[57\]$_SDFFE_PP0P_/D
     845* |      10 |     173 |       60 |      6 |   120 |    +0.4% |   -0.158 |       -6.9 |      -49.0 |    593 | core/div/remainder\[57\]$_SDFFE_PP0P_/D
     846* |      10 |     173 |       60 |      6 |   120 |    +0.4% |   -0.158 |       -6.9 |      -49.0 |    593 | core/div/remainder\[57\]$_SDFFE_PP0P_/D
     847* |      10 |     173 |       60 |      6 |   120 |    +0.4% |   -0.158 |       -6.9 |      -49.0 |    593 | core/div/remainder\[57\]$_SDFFE_PP0P_/D
     848* |      10 |     173 |       60 |      6 |   120 |    +0.4% |   -0.158 |       -6.9 |      -49.0 |    593 | core/div/remainder\[57\]$_SDFFE_PP0P_/D
     849* |      10 |     173 |       60 |      6 |   120 |    +0.4% |   -0.158 |       -6.9 |      -49.0 |    593 | core/div/remainder\[57\]$_SDFFE_PP0P_/D
     850* |      10 |     173 |       60 |      6 |   120 |    +0.4% |   -0.158 |       -6.9 |      -49.0 |    593 | core/div/remainder\[57\]$_SDFFE_PP0P_/D
     850* |      10 |     173 |       60 |      6 |   120 |    +0.4% |   -0.158 |       -6.9 |      -49.0 |    593 | core/div/remainder\[57\]$_SDFFE_PP0P_/D
     853* |      10 |     173 |       60 |      6 |   120 |    +0.4% |   -0.158 |       -6.9 |      -49.0 |    593 | core/div/remainder\[57\]$_SDFFE_PP0P_/D
     856* |      10 |     173 |       60 |      6 |   120 |    +0.4% |   -0.158 |       -6.9 |      -49.0 |    593 | core/div/remainder\[57\]$_SDFFE_PP0P_/D
     857* |      10 |     173 |       60 |      6 |   120 |    +0.4% |   -0.158 |       -6.9 |      -49.0 |    593 | core/div/remainder\[57\]$_SDFFE_PP0P_/D
     858* |      10 |     173 |       60 |      6 |   120 |    +0.4% |   -0.158 |       -6.9 |      -49.0 |    593 | core/div/remainder\[57\]$_SDFFE_PP0P_/D
     859* |      10 |     173 |       60 |      6 |   120 |    +0.4% |   -0.158 |       -6.9 |      -49.0 |    593 | core/div/remainder\[57\]$_SDFFE_PP0P_/D
     860* |      10 |     173 |       60 |      6 |   120 |    +0.4% |   -0.158 |       -6.9 |      -49.0 |    593 | core/div/remainder\[57\]$_SDFFE_PP0P_/D
     862* |      10 |     173 |       60 |      6 |   120 |    +0.4% |   -0.158 |       -6.9 |      -49.0 |    593 | core/div/remainder\[57\]$_SDFFE_PP0P_/D
     865* |      10 |     173 |       60 |      6 |   120 |    +0.4% |   -0.158 |       -6.9 |      -49.0 |    593 | core/div/remainder\[57\]$_SDFFE_PP0P_/D
     866* |      10 |     173 |       60 |      6 |   120 |    +0.4% |   -0.158 |       -6.9 |      -49.0 |    593 | core/div/remainder\[57\]$_SDFFE_PP0P_/D
     867* |      10 |     173 |       60 |      6 |   120 |    +0.4% |   -0.158 |       -6.9 |      -49.0 |    593 | core/div/remainder\[57\]$_SDFFE_PP0P_/D
     868* |      10 |     173 |       60 |      6 |   120 |    +0.4% |   -0.158 |       -6.9 |      -49.0 |    593 | core/div/remainder\[57\]$_SDFFE_PP0P_/D
     870* |      10 |     174 |       60 |      6 |   120 |    +0.4% |   -0.158 |       -6.9 |      -49.0 |    593 | core/div/remainder\[57\]$_SDFFE_PP0P_/D
     880* |      10 |     182 |       61 |      6 |   121 |    +0.4% |   -0.158 |       -6.9 |      -48.7 |    593 | core/div/remainder\[57\]$_SDFFE_PP0P_/D
     890* |      10 |     189 |       62 |      6 |   123 |    +0.5% |   -0.158 |       -6.9 |      -48.7 |    593 | core/div/remainder\[57\]$_SDFFE_PP0P_/D
     900* |      10 |     194 |       65 |      6 |   126 |    +0.5% |   -0.158 |       -6.9 |      -48.6 |    593 | core/div/remainder\[57\]$_SDFFE_PP0P_/D
     910* |      11 |     198 |       68 |      6 |   128 |    +0.5% |   -0.158 |       -6.9 |      -48.6 |    593 | core/div/remainder\[57\]$_SDFFE_PP0P_/D
     920* |      11 |     208 |       68 |      6 |   128 |    +0.5% |   -0.158 |       -6.9 |      -48.6 |    593 | core/div/remainder\[57\]$_SDFFE_PP0P_/D
     930* |      11 |     216 |       68 |      6 |   130 |    +0.5% |   -0.158 |       -6.9 |      -50.2 |    593 | core/div/remainder\[57\]$_SDFFE_PP0P_/D
     940* |      11 |     225 |       69 |      6 |   130 |    +0.5% |   -0.158 |       -6.9 |      -48.8 |    593 | core/div/remainder\[57\]$_SDFFE_PP0P_/D
     950* |      12 |     231 |       70 |      6 |   132 |    +0.5% |   -0.158 |       -6.9 |      -46.7 |    593 | core/div/remainder\[57\]$_SDFFE_PP0P_/D
     960* |      12 |     237 |       72 |      6 |   134 |    +0.5% |   -0.158 |       -6.9 |      -47.1 |    593 | core/div/remainder\[57\]$_SDFFE_PP0P_/D
     970* |      12 |     244 |       72 |      6 |   137 |    +0.6% |   -0.158 |       -6.9 |      -47.6 |    593 | core/div/remainder\[57\]$_SDFFE_PP0P_/D
     974* |      12 |     228 |       69 |      6 |   131 |    +0.5% |   -0.158 |       -6.9 |      -46.6 |    593 | core/div/remainder\[57\]$_SDFFE_PP0P_/D
     975* |      12 |     228 |       69 |      6 |   131 |    +0.5% |   -0.158 |       -6.9 |      -46.6 |    593 | core/div/remainder\[57\]$_SDFFE_PP0P_/D
     976* |      12 |     228 |       69 |      6 |   131 |    +0.5% |   -0.158 |       -6.9 |      -46.6 |    593 | core/div/remainder\[57\]$_SDFFE_PP0P_/D
     979* |      12 |     228 |       69 |      6 |   131 |    +0.5% |   -0.158 |       -6.9 |      -46.6 |    593 | core/div/remainder\[57\]$_SDFFE_PP0P_/D
     980* |      12 |     228 |       69 |      6 |   131 |    +0.5% |   -0.158 |       -6.9 |      -46.6 |    593 | core/div/remainder\[57\]$_SDFFE_PP0P_/D
     982* |      12 |     228 |       69 |      6 |   131 |    +0.5% |   -0.158 |       -6.9 |      -46.6 |    593 | core/div/remainder\[57\]$_SDFFE_PP0P_/D
     986* |      13 |     229 |       69 |      6 |   131 |    +0.5% |   -0.158 |       -6.9 |      -46.5 |    593 | core/div/remainder\[57\]$_SDFFE_PP0P_/D
     987* |      13 |     229 |       69 |      6 |   131 |    +0.5% |   -0.158 |       -6.9 |      -46.5 |    593 | core/div/remainder\[57\]$_SDFFE_PP0P_/D
     989* |      13 |     229 |       69 |      6 |   131 |    +0.5% |   -0.158 |       -6.9 |      -46.5 |    593 | core/div/remainder\[57\]$_SDFFE_PP0P_/D
     990* |      13 |     229 |       69 |      6 |   131 |    +0.5% |   -0.158 |       -6.9 |      -46.5 |    593 | core/div/remainder\[57\]$_SDFFE_PP0P_/D
     990* |      13 |     229 |       69 |      6 |   131 |    +0.5% |   -0.158 |       -6.9 |      -46.5 |    593 | core/div/remainder\[57\]$_SDFFE_PP0P_/D
     993* |      13 |     229 |       69 |      6 |   131 |    +0.5% |   -0.158 |       -6.9 |      -46.5 |    593 | core/div/remainder\[57\]$_SDFFE_PP0P_/D
     995* |      13 |     229 |       70 |      6 |   131 |    +0.5% |   -0.158 |       -6.9 |      -46.6 |    593 | core/div/remainder\[57\]$_SDFFE_PP0P_/D
     996* |      13 |     229 |       70 |      6 |   131 |    +0.5% |   -0.158 |       -6.9 |      -46.6 |    593 | core/div/remainder\[57\]$_SDFFE_PP0P_/D
     997* |      13 |     229 |       70 |      6 |   131 |    +0.5% |   -0.158 |       -6.9 |      -46.6 |    593 | core/div/remainder\[57\]$_SDFFE_PP0P_/D
    1000* |      13 |     230 |       70 |      7 |   131 |    +0.5% |   -0.158 |       -6.9 |      -46.7 |    593 | core/div/remainder\[57\]$_SDFFE_PP0P_/D
    1000* |      13 |     229 |       70 |      6 |   131 |    +0.5% |   -0.158 |       -6.9 |      -46.6 |    593 | core/div/remainder\[57\]$_SDFFE_PP0P_/D
    1001* |      13 |     229 |       70 |      6 |   131 |    +0.5% |   -0.158 |       -6.9 |      -46.6 |    593 | core/div/remainder\[57\]$_SDFFE_PP0P_/D
    1002* |      13 |     229 |       70 |      6 |   131 |    +0.5% |   -0.158 |       -6.9 |      -46.6 |    593 | core/div/remainder\[57\]$_SDFFE_PP0P_/D
    1005* |      13 |     229 |       70 |      6 |   131 |    +0.5% |   -0.158 |       -6.9 |      -46.6 |    593 | core/div/remainder\[57\]$_SDFFE_PP0P_/D
    1006* |      13 |     229 |       70 |      6 |   131 |    +0.5% |   -0.158 |       -6.9 |      -46.6 |    593 | core/div/remainder\[57\]$_SDFFE_PP0P_/D
    1007* |      13 |     229 |       70 |      6 |   131 |    +0.5% |   -0.158 |       -6.9 |      -46.6 |    593 | core/div/remainder\[57\]$_SDFFE_PP0P_/D
    1008* |      13 |     229 |       70 |      6 |   131 |    +0.5% |   -0.158 |       -6.9 |      -46.6 |    593 | core/div/remainder\[57\]$_SDFFE_PP0P_/D
    1010* |      13 |     230 |       70 |      6 |   131 |    +0.5% |   -0.158 |       -6.9 |      -46.6 |    593 | core/div/remainder\[57\]$_SDFFE_PP0P_/D
    1011* |      13 |     229 |       70 |      6 |   131 |    +0.5% |   -0.158 |       -6.9 |      -46.6 |    593 | core/div/remainder\[57\]$_SDFFE_PP0P_/D
    1014* |      13 |     229 |       70 |      6 |   131 |    +0.5% |   -0.158 |       -6.9 |      -46.6 |    593 | core/div/remainder\[57\]$_SDFFE_PP0P_/D
    1015* |      13 |     229 |       70 |      6 |   131 |    +0.5% |   -0.158 |       -6.9 |      -46.6 |    593 | core/div/remainder\[57\]$_SDFFE_PP0P_/D
    1016* |      13 |     229 |       70 |      6 |   131 |    +0.5% |   -0.158 |       -6.9 |      -46.6 |    593 | core/div/remainder\[57\]$_SDFFE_PP0P_/D
    1017* |      13 |     229 |       70 |      6 |   131 |    +0.5% |   -0.158 |       -6.9 |      -46.6 |    593 | core/div/remainder\[57\]$_SDFFE_PP0P_/D
    1018* |      13 |     229 |       70 |      6 |   131 |    +0.5% |   -0.158 |       -6.9 |      -46.6 |    593 | core/div/remainder\[57\]$_SDFFE_PP0P_/D
    1020* |      13 |     230 |       70 |      6 |   131 |    +0.5% |   -0.158 |       -6.9 |      -46.6 |    593 | core/div/remainder\[57\]$_SDFFE_PP0P_/D
    1021* |      13 |     229 |       70 |      6 |   131 |    +0.5% |   -0.158 |       -6.9 |      -46.6 |    593 | core/div/remainder\[57\]$_SDFFE_PP0P_/D
    1030* |      13 |     234 |       72 |      6 |   133 |    +0.5% |   -0.158 |       -6.9 |      -46.5 |    593 | core/div/remainder\[57\]$_SDFFE_PP0P_/D
    1040* |      13 |     238 |       77 |      6 |   135 |    +0.5% |   -0.158 |       -6.9 |      -46.6 |    593 | core/div/remainder\[57\]$_SDFFE_PP0P_/D
    1050* |      13 |     241 |       81 |      6 |   140 |    +0.6% |   -0.158 |       -6.9 |      -46.5 |    593 | core/div/remainder\[57\]$_SDFFE_PP0P_/D
    1060* |      13 |     248 |       81 |      6 |   143 |    +0.6% |   -0.158 |       -6.9 |      -46.5 |    593 | core/div/remainder\[57\]$_SDFFE_PP0P_/D
    1070* |      14 |     254 |       82 |      6 |   145 |    +0.6% |   -0.158 |       -6.9 |      -46.5 |    593 | core/div/remainder\[57\]$_SDFFE_PP0P_/D
    1080* |      14 |     260 |       83 |      6 |   148 |    +0.6% |   -0.158 |       -6.9 |      -46.5 |    593 | core/div/remainder\[57\]$_SDFFE_PP0P_/D
    1090* |      14 |     265 |       84 |      6 |   152 |    +0.6% |   -0.158 |       -6.9 |      -46.5 |    593 | core/div/remainder\[57\]$_SDFFE_PP0P_/D
    1100* |      14 |     270 |       86 |      6 |   155 |    +0.6% |   -0.158 |       -6.9 |      -46.6 |    593 | core/div/remainder\[57\]$_SDFFE_PP0P_/D
    1100* |      14 |     258 |       82 |      6 |   147 |    +0.6% |   -0.158 |       -6.9 |      -46.5 |    593 | core/div/remainder\[57\]$_SDFFE_PP0P_/D
    1101* |      14 |     258 |       82 |      6 |   147 |    +0.6% |   -0.158 |       -6.9 |      -46.5 |    593 | core/div/remainder\[57\]$_SDFFE_PP0P_/D
    1102* |      14 |     258 |       82 |      6 |   147 |    +0.6% |   -0.158 |       -6.9 |      -46.5 |    593 | core/div/remainder\[57\]$_SDFFE_PP0P_/D
    1103* |      14 |     258 |       82 |      6 |   147 |    +0.6% |   -0.158 |       -6.9 |      -46.5 |    593 | core/div/remainder\[57\]$_SDFFE_PP0P_/D
    1104* |      14 |     258 |       82 |      6 |   147 |    +0.6% |   -0.158 |       -6.9 |      -46.5 |    593 | core/div/remainder\[57\]$_SDFFE_PP0P_/D
    1108* |      14 |     260 |       82 |      7 |   147 |    +0.6% |   -0.158 |       -6.9 |      -46.7 |    593 | core/div/remainder\[57\]$_SDFFE_PP0P_/D
    1110* |      14 |     261 |       82 |      7 |   147 |    +0.6% |   -0.158 |       -6.9 |      -46.7 |    593 | core/div/remainder\[57\]$_SDFFE_PP0P_/D
    1110* |      14 |     261 |       82 |      7 |   147 |    +0.6% |   -0.158 |       -6.9 |      -46.7 |    593 | core/div/remainder\[57\]$_SDFFE_PP0P_/D
    1116* |      15 |     262 |       82 |      7 |   147 |    +0.6% |   -0.158 |       -7.0 |      -46.6 |    593 | core/div/remainder\[57\]$_SDFFE_PP0P_/D
    1117* |      15 |     262 |       82 |      7 |   147 |    +0.6% |   -0.158 |       -7.0 |      -46.6 |    593 | core/div/remainder\[57\]$_SDFFE_PP0P_/D
    1118* |      15 |     262 |       82 |      7 |   147 |    +0.6% |   -0.158 |       -7.0 |      -46.6 |    593 | core/div/remainder\[57\]$_SDFFE_PP0P_/D
    1120* |      15 |     263 |       82 |      7 |   147 |    +0.6% |   -0.158 |       -7.0 |      -46.6 |    593 | core/div/remainder\[57\]$_SDFFE_PP0P_/D
    1130* |      15 |     270 |       84 |      7 |   148 |    +0.6% |   -0.158 |       -7.0 |      -46.6 |    593 | core/div/remainder\[57\]$_SDFFE_PP0P_/D
    1140* |      15 |     275 |       85 |      7 |   152 |    +0.6% |   -0.158 |       -7.0 |      -46.7 |    593 | core/div/remainder\[57\]$_SDFFE_PP0P_/D
    1149* |      15 |     263 |       82 |      7 |   147 |    +0.6% |   -0.158 |       -7.0 |      -46.6 |    593 | core/div/remainder\[57\]$_SDFFE_PP0P_/D
    1150* |      15 |     263 |       82 |      7 |   147 |    +0.6% |   -0.158 |       -7.0 |      -46.6 |    593 | core/div/remainder\[57\]$_SDFFE_PP0P_/D
    1160* |      15 |     269 |       84 |      7 |   149 |    +0.6% |   -0.158 |       -7.0 |      -46.7 |    593 | core/div/remainder\[57\]$_SDFFE_PP0P_/D
    1162* |      15 |     265 |       82 |      7 |   147 |    +0.6% |   -0.158 |       -7.0 |      -46.6 |    593 | core/div/remainder\[57\]$_SDFFE_PP0P_/D
    1163* |      15 |     265 |       82 |      7 |   147 |    +0.6% |   -0.158 |       -7.0 |      -46.6 |    593 | core/div/remainder\[57\]$_SDFFE_PP0P_/D
    1164* |      15 |     265 |       82 |      7 |   147 |    +0.6% |   -0.158 |       -7.0 |      -46.6 |    593 | core/div/remainder\[57\]$_SDFFE_PP0P_/D
    1165* |      15 |     265 |       82 |      7 |   147 |    +0.6% |   -0.158 |       -7.0 |      -46.6 |    593 | core/div/remainder\[57\]$_SDFFE_PP0P_/D
    1170* |      15 |     269 |       82 |      7 |   147 |    +0.6% |   -0.158 |       -7.0 |      -46.2 |    593 | core/div/remainder\[57\]$_SDFFE_PP0P_/D
    1180* |      15 |     277 |       83 |      7 |   148 |    +0.6% |   -0.158 |       -7.0 |      -46.5 |    593 | core/div/remainder\[57\]$_SDFFE_PP0P_/D
    1190* |      15 |     284 |       85 |      7 |   150 |    +0.6% |   -0.158 |       -7.0 |      -46.7 |    593 | core/div/remainder\[57\]$_SDFFE_PP0P_/D
    1200* |      16 |     289 |       87 |      8 |   151 |    +0.7% |   -0.158 |       -7.0 |      -46.8 |    593 | core/div/remainder\[57\]$_SDFFE_PP0P_/D
    1200* |      16 |     288 |       86 |      8 |   151 |    +0.7% |   -0.158 |       -7.0 |      -46.3 |    593 | core/div/remainder\[57\]$_SDFFE_PP0P_/D
    1201* |      16 |     288 |       86 |      8 |   151 |    +0.7% |   -0.158 |       -7.0 |      -46.3 |    593 | core/div/remainder\[57\]$_SDFFE_PP0P_/D
    1203* |      16 |     289 |       86 |      8 |   151 |    +0.7% |   -0.158 |       -7.0 |      -46.3 |    593 | core/div/remainder\[57\]$_SDFFE_PP0P_/D
    1204* |      16 |     289 |       86 |      8 |   151 |    +0.7% |   -0.158 |       -7.0 |      -46.3 |    593 | core/div/remainder\[57\]$_SDFFE_PP0P_/D
    1205* |      16 |     289 |       86 |      8 |   151 |    +0.7% |   -0.158 |       -7.0 |      -46.3 |    593 | core/div/remainder\[57\]$_SDFFE_PP0P_/D
    1206* |      16 |     289 |       86 |      8 |   151 |    +0.7% |   -0.158 |       -7.0 |      -46.3 |    593 | core/div/remainder\[57\]$_SDFFE_PP0P_/D
    1207* |      16 |     289 |       86 |      8 |   151 |    +0.7% |   -0.158 |       -7.0 |      -46.3 |    593 | core/div/remainder\[57\]$_SDFFE_PP0P_/D
    1210* |      16 |     290 |       87 |      8 |   151 |    +0.7% |   -0.158 |       -7.0 |      -46.4 |    593 | core/div/remainder\[57\]$_SDFFE_PP0P_/D
    1211* |      16 |     289 |       86 |      8 |   151 |    +0.7% |   -0.158 |       -7.0 |      -46.3 |    593 | core/div/remainder\[57\]$_SDFFE_PP0P_/D
    1215* |      16 |     289 |       86 |      8 |   151 |    +0.7% |   -0.158 |       -7.0 |      -46.3 |    593 | core/div/remainder\[57\]$_SDFFE_PP0P_/D
    1220* |      16 |     289 |       92 |      8 |   153 |    +0.7% |   -0.158 |       -7.0 |      -46.4 |    593 | core/div/remainder\[57\]$_SDFFE_PP0P_/D
    1230* |      16 |     297 |       94 |      8 |   153 |    +0.7% |   -0.158 |       -7.0 |      -46.4 |    593 | core/div/remainder\[57\]$_SDFFE_PP0P_/D
    1233* |      16 |     289 |       86 |      8 |   151 |    +0.7% |   -0.158 |       -7.0 |      -46.3 |    593 | core/div/remainder\[57\]$_SDFFE_PP0P_/D
    1234* |      16 |     289 |       86 |      8 |   151 |    +0.7% |   -0.158 |       -7.0 |      -46.3 |    593 | core/div/remainder\[57\]$_SDFFE_PP0P_/D
    1235* |      16 |     289 |       86 |      8 |   151 |    +0.7% |   -0.158 |       -7.0 |      -46.3 |    593 | core/div/remainder\[57\]$_SDFFE_PP0P_/D
    1240* |      16 |     292 |       87 |      8 |   151 |    +0.7% |   -0.158 |       -7.0 |      -46.9 |    593 | core/div/remainder\[57\]$_SDFFE_PP0P_/D
    1250* |      17 |     300 |       90 |      8 |   151 |    +0.7% |   -0.158 |       -7.1 |      -47.0 |    593 | core/div/remainder\[57\]$_SDFFE_PP0P_/D
    1252* |      16 |     289 |       86 |      8 |   151 |    +0.7% |   -0.158 |       -7.0 |      -46.3 |    593 | core/div/remainder\[57\]$_SDFFE_PP0P_/D
    1260* |      16 |     293 |       87 |      8 |   153 |    +0.7% |   -0.158 |       -7.0 |      -46.1 |    593 | core/div/remainder\[57\]$_SDFFE_PP0P_/D
    1270* |      16 |     298 |       91 |     10 |   154 |    +0.7% |   -0.158 |       -7.0 |      -47.1 |    593 | core/div/remainder\[57\]$_SDFFE_PP0P_/D
    1280* |      16 |     305 |       94 |     10 |   154 |    +0.7% |   -0.158 |       -7.0 |      -53.8 |    593 | core/div/remainder\[57\]$_SDFFE_PP0P_/D
    1283* |      16 |     298 |       90 |     10 |   154 |    +0.7% |   -0.158 |       -7.0 |      -46.2 |    593 | core/div/remainder\[57\]$_SDFFE_PP0P_/D
    1289* |      16 |     298 |       90 |     10 |   154 |    +0.7% |   -0.158 |       -7.0 |      -46.2 |    593 | core/div/remainder\[57\]$_SDFFE_PP0P_/D
    1290* |      16 |     298 |       90 |     10 |   154 |    +0.7% |   -0.158 |       -7.0 |      -46.2 |    593 | core/div/remainder\[57\]$_SDFFE_PP0P_/D
    1295* |      16 |     298 |       90 |     10 |   154 |    +0.7% |   -0.158 |       -7.0 |      -46.2 |    593 | core/div/remainder\[57\]$_SDFFE_PP0P_/D
    1298* |      16 |     299 |       91 |     10 |   154 |    +0.7% |   -0.158 |       -7.0 |      -47.0 |    593 | core/div/remainder\[57\]$_SDFFE_PP0P_/D
    1299* |      16 |     299 |       91 |     10 |   154 |    +0.7% |   -0.158 |       -7.0 |      -47.0 |    593 | core/div/remainder\[57\]$_SDFFE_PP0P_/D
    1300* |      16 |     299 |       91 |     10 |   154 |    +0.7% |   -0.158 |       -7.0 |      -47.0 |    593 | core/div/remainder\[57\]$_SDFFE_PP0P_/D
    1300* |      16 |     299 |       91 |     10 |   154 |    +0.7% |   -0.158 |       -7.0 |      -47.0 |    593 | core/div/remainder\[57\]$_SDFFE_PP0P_/D
    1300* |      16 |     299 |       91 |     10 |   154 |    +0.7% |   -0.158 |       -7.0 |      -47.0 |    593 | core/div/remainder\[57\]$_SDFFE_PP0P_/D
    1300+ |      16 |     299 |       91 |     10 |   154 |    +0.7% |   -0.158 |       -7.0 |      -47.0 |    625 | core/div/remainder\[57\]$_SDFFE_PP0P_/D
    1301+ |      16 |     299 |       91 |     10 |   154 |    +0.7% |   -0.158 |       -7.0 |      -47.0 |    625 | core/div/remainder\[57\]$_SDFFE_PP0P_/D
    1303+ |      16 |     300 |       91 |     10 |   154 |    +0.7% |   -0.158 |       -7.1 |      -46.9 |    625 | core/div/remainder\[57\]$_SDFFE_PP0P_/D
    1304+ |      16 |     300 |       91 |     10 |   154 |    +0.7% |   -0.158 |       -7.1 |      -46.9 |    625 | core/div/remainder\[57\]$_SDFFE_PP0P_/D
    1305+ |      16 |     300 |       91 |     10 |   154 |    +0.7% |   -0.158 |       -7.1 |      -46.9 |    625 | core/div/remainder\[57\]$_SDFFE_PP0P_/D
    1306+ |      16 |     300 |       91 |     10 |   154 |    +0.7% |   -0.158 |       -7.1 |      -46.9 |    625 | core/div/remainder\[57\]$_SDFFE_PP0P_/D
    1307+ |      16 |     300 |       91 |     10 |   154 |    +0.7% |   -0.158 |       -7.1 |      -46.9 |    625 | core/div/remainder\[57\]$_SDFFE_PP0P_/D
    1308+ |      16 |     300 |       91 |     10 |   154 |    +0.7% |   -0.158 |       -7.1 |      -46.9 |    625 | core/div/remainder\[57\]$_SDFFE_PP0P_/D
    1309+ |      16 |     300 |       91 |     10 |   154 |    +0.7% |   -0.158 |       -7.1 |      -46.9 |    625 | core/div/remainder\[57\]$_SDFFE_PP0P_/D
    1310+ |      16 |     300 |       91 |     10 |   154 |    +0.7% |   -0.158 |       -7.1 |      -46.9 |    625 | core/div/remainder\[57\]$_SDFFE_PP0P_/D
    1310+ |      16 |     300 |       91 |     10 |   154 |    +0.7% |   -0.158 |       -7.1 |      -46.9 |    625 | core/div/remainder\[57\]$_SDFFE_PP0P_/D
    1311+ |      16 |     300 |       91 |     10 |   154 |    +0.7% |   -0.158 |       -7.1 |      -46.9 |    625 | core/div/remainder\[57\]$_SDFFE_PP0P_/D
    1312+ |      16 |     300 |       91 |     10 |   154 |    +0.7% |   -0.158 |       -7.1 |      -46.9 |    625 | core/div/remainder\[57\]$_SDFFE_PP0P_/D
    1313+ |      16 |     300 |       91 |     10 |   154 |    +0.7% |   -0.158 |       -7.1 |      -46.9 |    625 | core/div/remainder\[57\]$_SDFFE_PP0P_/D
    1314+ |      16 |     300 |       91 |     10 |   154 |    +0.7% |   -0.158 |       -7.1 |      -46.9 |    625 | core/div/remainder\[57\]$_SDFFE_PP0P_/D
    1315+ |      16 |     300 |       91 |     10 |   154 |    +0.7% |   -0.158 |       -7.1 |      -46.9 |    625 | core/div/remainder\[57\]$_SDFFE_PP0P_/D
    1316+ |      16 |     300 |       91 |     10 |   154 |    +0.7% |   -0.158 |       -7.1 |      -46.9 |    625 | core/div/remainder\[57\]$_SDFFE_PP0P_/D
    1317+ |      16 |     300 |       91 |     10 |   154 |    +0.7% |   -0.158 |       -7.1 |      -46.9 |    625 | core/div/remainder\[57\]$_SDFFE_PP0P_/D
    1318+ |      16 |     300 |       91 |     10 |   154 |    +0.7% |   -0.158 |       -7.1 |      -46.9 |    625 | core/div/remainder\[57\]$_SDFFE_PP0P_/D
    1319+ |      16 |     300 |       91 |     10 |   154 |    +0.7% |   -0.158 |       -7.1 |      -46.9 |    625 | core/div/remainder\[57\]$_SDFFE_PP0P_/D
    1320+ |      16 |     300 |       91 |     10 |   154 |    +0.7% |   -0.158 |       -7.1 |      -46.9 |    625 | core/div/remainder\[57\]$_SDFFE_PP0P_/D
    1320+ |      16 |     300 |       91 |     10 |   154 |    +0.7% |   -0.158 |       -7.1 |      -46.9 |    625 | core/div/remainder\[57\]$_SDFFE_PP0P_/D
    1321+ |      16 |     300 |       91 |     10 |   154 |    +0.7% |   -0.158 |       -7.1 |      -46.9 |    625 | core/div/remainder\[57\]$_SDFFE_PP0P_/D
    1322+ |      16 |     300 |       91 |     10 |   154 |    +0.7% |   -0.158 |       -7.1 |      -46.9 |    625 | core/div/remainder\[57\]$_SDFFE_PP0P_/D
    1323+ |      16 |     300 |       91 |     10 |   154 |    +0.7% |   -0.158 |       -7.1 |      -46.9 |    625 | core/div/remainder\[57\]$_SDFFE_PP0P_/D
    1324+ |      16 |     300 |       91 |     10 |   154 |    +0.7% |   -0.158 |       -7.1 |      -46.9 |    625 | core/div/remainder\[57\]$_SDFFE_PP0P_/D
    1325+ |      16 |     300 |       91 |     10 |   154 |    +0.7% |   -0.158 |       -7.1 |      -46.9 |    625 | core/div/remainder\[57\]$_SDFFE_PP0P_/D
    1326+ |      16 |     300 |       91 |     10 |   154 |    +0.7% |   -0.158 |       -7.1 |      -46.9 |    625 | core/div/remainder\[57\]$_SDFFE_PP0P_/D
    1327+ |      16 |     300 |       91 |     10 |   154 |    +0.7% |   -0.158 |       -7.1 |      -46.9 |    625 | core/div/remainder\[57\]$_SDFFE_PP0P_/D
    1328+ |      16 |     300 |       91 |     10 |   154 |    +0.7% |   -0.158 |       -7.1 |      -46.9 |    625 | core/div/remainder\[57\]$_SDFFE_PP0P_/D
    1329+ |      16 |     300 |       91 |     10 |   154 |    +0.7% |   -0.158 |       -7.1 |      -46.9 |    625 | core/div/remainder\[57\]$_SDFFE_PP0P_/D
    1330+ |      16 |     300 |       91 |     10 |   154 |    +0.7% |   -0.158 |       -7.1 |      -46.9 |    625 | core/div/remainder\[57\]$_SDFFE_PP0P_/D
    1330+ |      16 |     300 |       91 |     10 |   154 |    +0.7% |   -0.158 |       -7.1 |      -46.9 |    625 | core/div/remainder\[57\]$_SDFFE_PP0P_/D
    1331+ |      16 |     300 |       91 |     10 |   154 |    +0.7% |   -0.158 |       -7.1 |      -46.9 |    625 | core/div/remainder\[57\]$_SDFFE_PP0P_/D
    1332+ |      16 |     300 |       91 |     10 |   154 |    +0.7% |   -0.158 |       -7.1 |      -46.9 |    625 | core/div/remainder\[57\]$_SDFFE_PP0P_/D
    1333+ |      16 |     300 |       91 |     10 |   154 |    +0.7% |   -0.158 |       -7.1 |      -46.9 |    625 | core/div/remainder\[57\]$_SDFFE_PP0P_/D
    1334+ |      16 |     300 |       91 |     10 |   154 |    +0.7% |   -0.158 |       -7.1 |      -46.9 |    625 | core/div/remainder\[57\]$_SDFFE_PP0P_/D
    1335+ |      16 |     300 |       91 |     10 |   154 |    +0.7% |   -0.158 |       -7.1 |      -46.9 |    625 | core/div/remainder\[57\]$_SDFFE_PP0P_/D
    1336+ |      16 |     300 |       91 |     10 |   154 |    +0.7% |   -0.158 |       -7.1 |      -46.9 |    625 | core/div/remainder\[57\]$_SDFFE_PP0P_/D
    1337+ |      16 |     300 |       91 |     10 |   154 |    +0.7% |   -0.158 |       -7.1 |      -46.9 |    625 | core/div/remainder\[57\]$_SDFFE_PP0P_/D
    1338+ |      16 |     300 |       91 |     10 |   154 |    +0.7% |   -0.158 |       -7.1 |      -46.9 |    625 | core/div/remainder\[57\]$_SDFFE_PP0P_/D
    1339+ |      16 |     300 |       91 |     10 |   154 |    +0.7% |   -0.158 |       -7.1 |      -46.9 |    625 | core/div/remainder\[57\]$_SDFFE_PP0P_/D
    1340+ |      16 |     300 |       91 |     10 |   154 |    +0.7% |   -0.158 |       -7.1 |      -46.9 |    625 | core/div/remainder\[57\]$_SDFFE_PP0P_/D
    1340+ |      16 |     300 |       91 |     10 |   154 |    +0.7% |   -0.158 |       -7.1 |      -46.9 |    625 | core/div/remainder\[57\]$_SDFFE_PP0P_/D
    1341+ |      16 |     300 |       91 |     10 |   154 |    +0.7% |   -0.158 |       -7.1 |      -46.9 |    625 | core/div/remainder\[57\]$_SDFFE_PP0P_/D
    1342+ |      16 |     300 |       91 |     10 |   154 |    +0.7% |   -0.158 |       -7.1 |      -46.9 |    625 | core/div/remainder\[57\]$_SDFFE_PP0P_/D
    1343+ |      16 |     300 |       91 |     10 |   154 |    +0.7% |   -0.158 |       -7.1 |      -46.9 |    625 | core/div/remainder\[57\]$_SDFFE_PP0P_/D
    1344+ |      16 |     300 |       91 |     10 |   154 |    +0.7% |   -0.158 |       -7.1 |      -46.9 |    625 | core/div/remainder\[57\]$_SDFFE_PP0P_/D
    1345+ |      16 |     300 |       91 |     10 |   154 |    +0.7% |   -0.158 |       -7.1 |      -46.9 |    625 | core/div/remainder\[57\]$_SDFFE_PP0P_/D
    1346+ |      16 |     300 |       91 |     10 |   154 |    +0.7% |   -0.158 |       -7.1 |      -46.9 |    625 | core/div/remainder\[57\]$_SDFFE_PP0P_/D
    1347+ |      16 |     300 |       91 |     10 |   154 |    +0.7% |   -0.158 |       -7.1 |      -46.9 |    625 | core/div/remainder\[57\]$_SDFFE_PP0P_/D
    1348+ |      16 |     300 |       91 |     10 |   154 |    +0.7% |   -0.158 |       -7.1 |      -46.9 |    625 | core/div/remainder\[57\]$_SDFFE_PP0P_/D
    1349+ |      16 |     300 |       91 |     10 |   154 |    +0.7% |   -0.158 |       -7.1 |      -46.9 |    625 | core/div/remainder\[57\]$_SDFFE_PP0P_/D
    1350+ |      16 |     300 |       91 |     10 |   154 |    +0.7% |   -0.158 |       -7.1 |      -46.9 |    625 | core/div/remainder\[57\]$_SDFFE_PP0P_/D
    1350+ |      16 |     300 |       91 |     10 |   154 |    +0.7% |   -0.158 |       -7.1 |      -46.9 |    625 | core/div/remainder\[57\]$_SDFFE_PP0P_/D
    1351+ |      16 |     300 |       91 |     10 |   154 |    +0.7% |   -0.158 |       -7.1 |      -46.9 |    625 | core/div/remainder\[57\]$_SDFFE_PP0P_/D
    1352+ |      16 |     300 |       91 |     10 |   154 |    +0.7% |   -0.158 |       -7.1 |      -46.9 |    625 | core/div/remainder\[57\]$_SDFFE_PP0P_/D
    1353+ |      16 |     300 |       91 |     10 |   154 |    +0.7% |   -0.158 |       -7.1 |      -46.9 |    625 | core/div/remainder\[57\]$_SDFFE_PP0P_/D
    1354+ |      16 |     300 |       91 |     10 |   154 |    +0.7% |   -0.158 |       -7.1 |      -46.9 |    625 | core/div/remainder\[57\]$_SDFFE_PP0P_/D
    1355+ |      16 |     300 |       91 |     10 |   154 |    +0.7% |   -0.158 |       -7.1 |      -46.9 |    625 | core/div/remainder\[57\]$_SDFFE_PP0P_/D
    1356+ |      16 |     300 |       91 |     10 |   154 |    +0.7% |   -0.158 |       -7.1 |      -46.9 |    625 | core/div/remainder\[57\]$_SDFFE_PP0P_/D
    1357+ |      16 |     300 |       91 |     10 |   154 |    +0.7% |   -0.158 |       -7.1 |      -46.9 |    625 | core/div/remainder\[57\]$_SDFFE_PP0P_/D
    1358+ |      16 |     300 |       91 |     10 |   154 |    +0.7% |   -0.158 |       -7.1 |      -46.9 |    625 | core/div/remainder\[57\]$_SDFFE_PP0P_/D
    1359+ |      16 |     300 |       91 |     10 |   154 |    +0.7% |   -0.158 |       -7.1 |      -46.9 |    625 | core/div/remainder\[57\]$_SDFFE_PP0P_/D
    1360+ |      16 |     300 |       91 |     10 |   154 |    +0.7% |   -0.158 |       -7.1 |      -46.9 |    625 | core/div/remainder\[57\]$_SDFFE_PP0P_/D
    1360+ |      16 |     300 |       91 |     10 |   154 |    +0.7% |   -0.158 |       -7.1 |      -46.9 |    625 | core/div/remainder\[57\]$_SDFFE_PP0P_/D
    1361+ |      16 |     300 |       91 |     10 |   154 |    +0.7% |   -0.158 |       -7.1 |      -46.9 |    625 | core/div/remainder\[57\]$_SDFFE_PP0P_/D
    1362+ |      16 |     300 |       91 |     10 |   154 |    +0.7% |   -0.158 |       -7.1 |      -46.9 |    625 | core/div/remainder\[57\]$_SDFFE_PP0P_/D
    1363+ |      16 |     300 |       91 |     10 |   154 |    +0.7% |   -0.158 |       -7.1 |      -46.9 |    625 | core/div/remainder\[57\]$_SDFFE_PP0P_/D
    1364+ |      16 |     300 |       91 |     10 |   154 |    +0.7% |   -0.158 |       -7.1 |      -46.9 |    625 | core/div/remainder\[57\]$_SDFFE_PP0P_/D
    1365+ |      16 |     300 |       91 |     10 |   154 |    +0.7% |   -0.158 |       -7.1 |      -46.9 |    625 | core/div/remainder\[57\]$_SDFFE_PP0P_/D
    1366+ |      16 |     300 |       91 |     10 |   154 |    +0.7% |   -0.158 |       -7.1 |      -46.9 |    625 | core/div/remainder\[57\]$_SDFFE_PP0P_/D
    1367+ |      16 |     300 |       91 |     10 |   154 |    +0.7% |   -0.158 |       -7.1 |      -46.9 |    625 | core/div/remainder\[57\]$_SDFFE_PP0P_/D
    1368+ |      16 |     300 |       91 |     10 |   154 |    +0.7% |   -0.158 |       -7.1 |      -46.9 |    625 | core/div/remainder\[57\]$_SDFFE_PP0P_/D
    1369+ |      16 |     300 |       91 |     10 |   154 |    +0.7% |   -0.158 |       -7.1 |      -46.9 |    625 | core/div/remainder\[57\]$_SDFFE_PP0P_/D
    1370+ |      16 |     300 |       91 |     10 |   154 |    +0.7% |   -0.158 |       -7.1 |      -46.9 |    625 | core/div/remainder\[57\]$_SDFFE_PP0P_/D
    1370+ |      16 |     300 |       91 |     10 |   154 |    +0.7% |   -0.158 |       -7.1 |      -46.9 |    625 | core/div/remainder\[57\]$_SDFFE_PP0P_/D
    1371+ |      16 |     300 |       91 |     10 |   154 |    +0.7% |   -0.158 |       -7.1 |      -46.9 |    625 | core/div/remainder\[57\]$_SDFFE_PP0P_/D
    1372+ |      16 |     300 |       91 |     10 |   154 |    +0.7% |   -0.158 |       -7.1 |      -46.9 |    625 | core/div/remainder\[57\]$_SDFFE_PP0P_/D
    1373+ |      16 |     300 |       91 |     10 |   154 |    +0.7% |   -0.158 |       -7.1 |      -46.9 |    625 | core/div/remainder\[57\]$_SDFFE_PP0P_/D
    1374+ |      16 |     300 |       91 |     10 |   154 |    +0.7% |   -0.158 |       -7.1 |      -46.9 |    625 | core/div/remainder\[57\]$_SDFFE_PP0P_/D
    1375+ |      16 |     300 |       91 |     10 |   154 |    +0.7% |   -0.158 |       -7.1 |      -46.9 |    625 | core/div/remainder\[57\]$_SDFFE_PP0P_/D
    1376+ |      16 |     300 |       91 |     10 |   154 |    +0.7% |   -0.158 |       -7.1 |      -46.9 |    625 | core/div/remainder\[57\]$_SDFFE_PP0P_/D
    1377+ |      16 |     300 |       91 |     10 |   154 |    +0.7% |   -0.158 |       -7.1 |      -46.9 |    625 | core/div/remainder\[57\]$_SDFFE_PP0P_/D
    1378+ |      16 |     300 |       91 |     10 |   154 |    +0.7% |   -0.158 |       -7.1 |      -46.9 |    625 | core/div/remainder\[57\]$_SDFFE_PP0P_/D
    1379+ |      16 |     300 |       91 |     10 |   154 |    +0.7% |   -0.158 |       -7.1 |      -46.9 |    625 | core/div/remainder\[57\]$_SDFFE_PP0P_/D
    1380+ |      16 |     300 |       91 |     10 |   154 |    +0.7% |   -0.158 |       -7.1 |      -46.9 |    625 | core/div/remainder\[57\]$_SDFFE_PP0P_/D
    1380+ |      16 |     300 |       91 |     10 |   154 |    +0.7% |   -0.158 |       -7.1 |      -46.9 |    625 | core/div/remainder\[57\]$_SDFFE_PP0P_/D
    1381+ |      16 |     300 |       91 |     10 |   154 |    +0.7% |   -0.158 |       -7.1 |      -46.9 |    625 | core/div/remainder\[57\]$_SDFFE_PP0P_/D
    1382+ |      16 |     300 |       91 |     10 |   154 |    +0.7% |   -0.158 |       -7.1 |      -46.9 |    625 | core/div/remainder\[57\]$_SDFFE_PP0P_/D
    1383+ |      16 |     300 |       91 |     10 |   154 |    +0.7% |   -0.158 |       -7.1 |      -46.9 |    625 | core/div/remainder\[57\]$_SDFFE_PP0P_/D
    1384+ |      16 |     300 |       91 |     10 |   154 |    +0.7% |   -0.158 |       -7.1 |      -46.9 |    625 | core/div/remainder\[57\]$_SDFFE_PP0P_/D
    1385+ |      16 |     300 |       91 |     10 |   154 |    +0.7% |   -0.158 |       -7.1 |      -46.9 |    625 | core/div/remainder\[57\]$_SDFFE_PP0P_/D
    1386+ |      16 |     300 |       91 |     10 |   154 |    +0.7% |   -0.158 |       -7.1 |      -46.9 |    625 | core/div/remainder\[57\]$_SDFFE_PP0P_/D
    1387+ |      16 |     300 |       91 |     10 |   154 |    +0.7% |   -0.158 |       -7.1 |      -46.9 |    625 | core/div/remainder\[57\]$_SDFFE_PP0P_/D
    1388+ |      16 |     300 |       91 |     10 |   154 |    +0.7% |   -0.158 |       -7.1 |      -46.9 |    625 | core/div/remainder\[57\]$_SDFFE_PP0P_/D
    1389+ |      16 |     300 |       91 |     10 |   154 |    +0.7% |   -0.158 |       -7.1 |      -46.9 |    625 | core/div/remainder\[57\]$_SDFFE_PP0P_/D
    1390+ |      16 |     300 |       91 |     10 |   154 |    +0.7% |   -0.158 |       -7.1 |      -46.9 |    625 | core/div/remainder\[57\]$_SDFFE_PP0P_/D
    1390+ |      16 |     300 |       91 |     10 |   154 |    +0.7% |   -0.158 |       -7.1 |      -46.9 |    625 | core/div/remainder\[57\]$_SDFFE_PP0P_/D
    1391+ |      16 |     300 |       91 |     10 |   154 |    +0.7% |   -0.158 |       -7.1 |      -46.9 |    625 | core/div/remainder\[57\]$_SDFFE_PP0P_/D
    1392+ |      16 |     300 |       91 |     10 |   154 |    +0.7% |   -0.158 |       -7.1 |      -46.9 |    625 | core/div/remainder\[57\]$_SDFFE_PP0P_/D
    1393+ |      16 |     300 |       91 |     10 |   154 |    +0.7% |   -0.158 |       -7.1 |      -46.9 |    625 | core/div/remainder\[57\]$_SDFFE_PP0P_/D
    1394+ |      16 |     300 |       91 |     10 |   154 |    +0.7% |   -0.158 |       -7.1 |      -46.9 |    625 | core/div/remainder\[57\]$_SDFFE_PP0P_/D
    1395+ |      16 |     300 |       91 |     10 |   154 |    +0.7% |   -0.158 |       -7.1 |      -46.9 |    625 | core/div/remainder\[57\]$_SDFFE_PP0P_/D
    1396+ |      16 |     300 |       91 |     10 |   154 |    +0.7% |   -0.158 |       -7.1 |      -46.9 |    625 | core/div/remainder\[57\]$_SDFFE_PP0P_/D
    1397+ |      16 |     300 |       91 |     10 |   154 |    +0.7% |   -0.158 |       -7.1 |      -46.9 |    625 | core/div/remainder\[57\]$_SDFFE_PP0P_/D
    1398+ |      16 |     300 |       91 |     10 |   154 |    +0.7% |   -0.158 |       -7.1 |      -46.9 |    625 | core/div/remainder\[57\]$_SDFFE_PP0P_/D
    1399+ |      16 |     300 |       91 |     10 |   154 |    +0.7% |   -0.158 |       -7.1 |      -46.9 |    625 | core/div/remainder\[57\]$_SDFFE_PP0P_/D
    1400+ |      16 |     300 |       91 |     10 |   154 |    +0.7% |   -0.158 |       -7.1 |      -46.9 |    625 | core/div/remainder\[57\]$_SDFFE_PP0P_/D
    1401+ |      16 |     300 |       91 |     10 |   154 |    +0.7% |   -0.158 |       -7.1 |      -46.9 |    625 | core/div/remainder\[57\]$_SDFFE_PP0P_/D
    1402+ |      16 |     300 |       91 |     10 |   154 |    +0.7% |   -0.158 |       -7.1 |      -46.9 |    625 | core/div/remainder\[57\]$_SDFFE_PP0P_/D
    1403+ |      16 |     300 |       91 |     10 |   154 |    +0.7% |   -0.158 |       -7.1 |      -46.9 |    625 | core/div/remainder\[57\]$_SDFFE_PP0P_/D
    1404+ |      16 |     300 |       91 |     10 |   154 |    +0.7% |   -0.158 |       -7.1 |      -46.9 |    625 | core/div/remainder\[57\]$_SDFFE_PP0P_/D
    1405+ |      16 |     300 |       91 |     10 |   154 |    +0.7% |   -0.158 |       -7.1 |      -46.9 |    625 | core/div/remainder\[57\]$_SDFFE_PP0P_/D
    1406+ |      16 |     300 |       91 |     10 |   154 |    +0.7% |   -0.158 |       -7.1 |      -46.9 |    625 | core/div/remainder\[57\]$_SDFFE_PP0P_/D
    1407+ |      16 |     300 |       91 |     10 |   154 |    +0.7% |   -0.158 |       -7.1 |      -46.9 |    625 | core/div/remainder\[57\]$_SDFFE_PP0P_/D
    1408+ |      16 |     300 |       91 |     10 |   154 |    +0.7% |   -0.158 |       -7.1 |      -46.9 |    625 | core/div/remainder\[57\]$_SDFFE_PP0P_/D
    1409+ |      16 |     300 |       91 |     10 |   154 |    +0.7% |   -0.158 |       -7.1 |      -46.9 |    625 | core/div/remainder\[57\]$_SDFFE_PP0P_/D
    1410+ |      16 |     300 |       91 |     10 |   154 |    +0.7% |   -0.158 |       -7.1 |      -46.9 |    625 | core/div/remainder\[57\]$_SDFFE_PP0P_/D
    1410+ |      16 |     300 |       91 |     10 |   154 |    +0.7% |   -0.158 |       -7.1 |      -46.9 |    625 | core/div/remainder\[57\]$_SDFFE_PP0P_/D
    1411+ |      16 |     300 |       91 |     10 |   154 |    +0.7% |   -0.158 |       -7.1 |      -46.9 |    625 | core/div/remainder\[57\]$_SDFFE_PP0P_/D
    1412+ |      16 |     300 |       91 |     10 |   154 |    +0.7% |   -0.158 |       -7.1 |      -46.9 |    625 | core/div/remainder\[57\]$_SDFFE_PP0P_/D
    1413+ |      16 |     300 |       91 |     10 |   154 |    +0.7% |   -0.158 |       -7.1 |      -46.9 |    625 | core/div/remainder\[57\]$_SDFFE_PP0P_/D
    1414+ |      16 |     300 |       91 |     10 |   154 |    +0.7% |   -0.158 |       -7.1 |      -46.9 |    625 | core/div/remainder\[57\]$_SDFFE_PP0P_/D
    1415+ |      16 |     300 |       91 |     10 |   154 |    +0.7% |   -0.158 |       -7.1 |      -46.9 |    625 | core/div/remainder\[57\]$_SDFFE_PP0P_/D
    1416+ |      16 |     300 |       91 |     10 |   154 |    +0.7% |   -0.158 |       -7.1 |      -46.9 |    625 | core/div/remainder\[57\]$_SDFFE_PP0P_/D
    1417+ |      16 |     300 |       91 |     10 |   154 |    +0.7% |   -0.158 |       -7.1 |      -46.9 |    625 | core/div/remainder\[57\]$_SDFFE_PP0P_/D
    1418+ |      16 |     300 |       91 |     10 |   154 |    +0.7% |   -0.158 |       -7.1 |      -46.9 |    625 | core/div/remainder\[57\]$_SDFFE_PP0P_/D
    1419+ |      16 |     300 |       91 |     10 |   154 |    +0.7% |   -0.158 |       -7.1 |      -46.9 |    625 | core/div/remainder\[57\]$_SDFFE_PP0P_/D
    1420+ |      16 |     300 |       91 |     10 |   154 |    +0.7% |   -0.158 |       -7.1 |      -46.9 |    625 | core/div/remainder\[57\]$_SDFFE_PP0P_/D
    1420+ |      16 |     300 |       91 |     10 |   154 |    +0.7% |   -0.158 |       -7.1 |      -46.9 |    625 | core/div/remainder\[57\]$_SDFFE_PP0P_/D
    1421+ |      16 |     300 |       91 |     10 |   154 |    +0.7% |   -0.158 |       -7.1 |      -46.9 |    625 | core/div/remainder\[57\]$_SDFFE_PP0P_/D
    1422+ |      16 |     300 |       91 |     10 |   154 |    +0.7% |   -0.158 |       -7.1 |      -46.9 |    625 | core/div/remainder\[57\]$_SDFFE_PP0P_/D
    1423+ |      16 |     300 |       91 |     10 |   154 |    +0.7% |   -0.158 |       -7.1 |      -46.9 |    625 | core/div/remainder\[57\]$_SDFFE_PP0P_/D
    1424+ |      16 |     300 |       91 |     10 |   154 |    +0.7% |   -0.158 |       -7.1 |      -46.9 |    625 | core/div/remainder\[57\]$_SDFFE_PP0P_/D
    1425+ |      16 |     300 |       91 |     10 |   154 |    +0.7% |   -0.158 |       -7.1 |      -46.9 |    625 | core/div/remainder\[57\]$_SDFFE_PP0P_/D
    1426+ |      16 |     300 |       91 |     10 |   154 |    +0.7% |   -0.158 |       -7.1 |      -46.9 |    625 | core/div/remainder\[57\]$_SDFFE_PP0P_/D
    1427+ |      16 |     300 |       91 |     10 |   154 |    +0.7% |   -0.158 |       -7.1 |      -46.9 |    625 | core/div/remainder\[57\]$_SDFFE_PP0P_/D
    1428+ |      16 |     300 |       91 |     10 |   154 |    +0.7% |   -0.158 |       -7.1 |      -46.9 |    625 | core/div/remainder\[57\]$_SDFFE_PP0P_/D
    1429+ |      16 |     300 |       91 |     10 |   154 |    +0.7% |   -0.158 |       -7.1 |      -46.9 |    625 | core/div/remainder\[57\]$_SDFFE_PP0P_/D
    1430+ |      16 |     300 |       91 |     10 |   154 |    +0.7% |   -0.158 |       -7.1 |      -46.9 |    625 | core/div/remainder\[57\]$_SDFFE_PP0P_/D
    1430+ |      16 |     300 |       91 |     10 |   154 |    +0.7% |   -0.158 |       -7.1 |      -46.9 |    625 | core/div/remainder\[57\]$_SDFFE_PP0P_/D
    1431+ |      16 |     300 |       91 |     10 |   154 |    +0.7% |   -0.158 |       -7.1 |      -46.9 |    625 | core/div/remainder\[57\]$_SDFFE_PP0P_/D
    1432+ |      16 |     300 |       91 |     10 |   154 |    +0.7% |   -0.158 |       -7.1 |      -46.9 |    625 | core/div/remainder\[57\]$_SDFFE_PP0P_/D
    1433+ |      16 |     300 |       91 |     10 |   154 |    +0.7% |   -0.158 |       -7.1 |      -46.9 |    625 | core/div/remainder\[57\]$_SDFFE_PP0P_/D
    1434+ |      16 |     300 |       91 |     10 |   154 |    +0.7% |   -0.158 |       -7.1 |      -46.9 |    625 | core/div/remainder\[57\]$_SDFFE_PP0P_/D
    1436+ |      16 |     301 |       91 |     10 |   154 |    +0.7% |   -0.158 |       -7.1 |      -46.9 |    625 | core/div/remainder\[57\]$_SDFFE_PP0P_/D
    1437+ |      16 |     301 |       91 |     10 |   154 |    +0.7% |   -0.158 |       -7.1 |      -46.9 |    625 | core/div/remainder\[57\]$_SDFFE_PP0P_/D
    1438+ |      16 |     301 |       91 |     10 |   154 |    +0.7% |   -0.158 |       -7.1 |      -46.9 |    625 | core/div/remainder\[57\]$_SDFFE_PP0P_/D
    1439+ |      16 |     301 |       91 |     10 |   154 |    +0.7% |   -0.158 |       -7.1 |      -46.9 |    625 | core/div/remainder\[57\]$_SDFFE_PP0P_/D
    1440+ |      16 |     301 |       91 |     10 |   154 |    +0.7% |   -0.158 |       -7.1 |      -46.9 |    625 | core/div/remainder\[57\]$_SDFFE_PP0P_/D
    1440+ |      16 |     301 |       91 |     10 |   154 |    +0.7% |   -0.158 |       -7.1 |      -46.9 |    625 | core/div/remainder\[57\]$_SDFFE_PP0P_/D
    1441+ |      16 |     301 |       91 |     10 |   154 |    +0.7% |   -0.158 |       -7.1 |      -46.9 |    625 | core/div/remainder\[57\]$_SDFFE_PP0P_/D
    1442+ |      16 |     301 |       91 |     10 |   154 |    +0.7% |   -0.158 |       -7.1 |      -46.9 |    625 | core/div/remainder\[57\]$_SDFFE_PP0P_/D
    1443+ |      16 |     301 |       91 |     10 |   154 |    +0.7% |   -0.158 |       -7.1 |      -46.9 |    625 | core/div/remainder\[57\]$_SDFFE_PP0P_/D
    1444+ |      16 |     301 |       91 |     10 |   154 |    +0.7% |   -0.158 |       -7.1 |      -46.9 |    625 | core/div/remainder\[57\]$_SDFFE_PP0P_/D
    1445+ |      16 |     301 |       91 |     10 |   154 |    +0.7% |   -0.158 |       -7.1 |      -46.9 |    625 | core/div/remainder\[57\]$_SDFFE_PP0P_/D
    1446+ |      16 |     301 |       91 |     10 |   154 |    +0.7% |   -0.158 |       -7.1 |      -46.9 |    625 | core/div/remainder\[57\]$_SDFFE_PP0P_/D
    1447+ |      16 |     301 |       91 |     10 |   154 |    +0.7% |   -0.158 |       -7.1 |      -46.9 |    625 | core/div/remainder\[57\]$_SDFFE_PP0P_/D
    1448+ |      16 |     301 |       91 |     10 |   154 |    +0.7% |   -0.158 |       -7.1 |      -46.9 |    625 | core/div/remainder\[57\]$_SDFFE_PP0P_/D
    1449+ |      16 |     301 |       91 |     10 |   154 |    +0.7% |   -0.158 |       -7.1 |      -46.9 |    625 | core/div/remainder\[57\]$_SDFFE_PP0P_/D
    1450+ |      16 |     301 |       91 |     10 |   154 |    +0.7% |   -0.158 |       -7.1 |      -46.9 |    625 | core/div/remainder\[57\]$_SDFFE_PP0P_/D
    1450+ |      16 |     301 |       91 |     10 |   154 |    +0.7% |   -0.158 |       -7.1 |      -46.9 |    625 | core/div/remainder\[57\]$_SDFFE_PP0P_/D
    1451+ |      16 |     301 |       91 |     10 |   154 |    +0.7% |   -0.158 |       -7.1 |      -46.9 |    625 | core/div/remainder\[57\]$_SDFFE_PP0P_/D
    1452+ |      16 |     301 |       91 |     10 |   154 |    +0.7% |   -0.158 |       -7.1 |      -46.9 |    625 | core/div/remainder\[57\]$_SDFFE_PP0P_/D
    1453+ |      16 |     301 |       91 |     10 |   154 |    +0.7% |   -0.158 |       -7.1 |      -46.9 |    625 | core/div/remainder\[57\]$_SDFFE_PP0P_/D
    1454+ |      16 |     301 |       91 |     10 |   154 |    +0.7% |   -0.158 |       -7.1 |      -46.9 |    625 | core/div/remainder\[57\]$_SDFFE_PP0P_/D
    1455+ |      16 |     301 |       91 |     10 |   154 |    +0.7% |   -0.158 |       -7.1 |      -46.9 |    625 | core/div/remainder\[57\]$_SDFFE_PP0P_/D
    1456+ |      16 |     301 |       91 |     10 |   154 |    +0.7% |   -0.158 |       -7.1 |      -46.9 |    625 | core/div/remainder\[57\]$_SDFFE_PP0P_/D
    1457+ |      16 |     301 |       91 |     10 |   154 |    +0.7% |   -0.158 |       -7.1 |      -46.9 |    625 | core/div/remainder\[57\]$_SDFFE_PP0P_/D
    1458+ |      16 |     301 |       91 |     10 |   154 |    +0.7% |   -0.158 |       -7.1 |      -46.9 |    625 | core/div/remainder\[57\]$_SDFFE_PP0P_/D
    1459+ |      16 |     301 |       91 |     10 |   154 |    +0.7% |   -0.158 |       -7.1 |      -46.9 |    625 | core/div/remainder\[57\]$_SDFFE_PP0P_/D
    1460+ |      16 |     301 |       91 |     10 |   154 |    +0.7% |   -0.158 |       -7.1 |      -46.9 |    625 | core/div/remainder\[57\]$_SDFFE_PP0P_/D
    1460+ |      16 |     301 |       91 |     10 |   154 |    +0.7% |   -0.158 |       -7.1 |      -46.9 |    625 | core/div/remainder\[57\]$_SDFFE_PP0P_/D
    1461+ |      16 |     301 |       91 |     10 |   154 |    +0.7% |   -0.158 |       -7.1 |      -46.9 |    625 | core/div/remainder\[57\]$_SDFFE_PP0P_/D
    1462+ |      16 |     301 |       91 |     10 |   154 |    +0.7% |   -0.158 |       -7.1 |      -46.9 |    625 | core/div/remainder\[57\]$_SDFFE_PP0P_/D
    1463+ |      16 |     301 |       91 |     10 |   154 |    +0.7% |   -0.158 |       -7.1 |      -46.9 |    625 | core/div/remainder\[57\]$_SDFFE_PP0P_/D
    1464+ |      16 |     301 |       91 |     10 |   154 |    +0.7% |   -0.158 |       -7.1 |      -46.9 |    625 | core/div/remainder\[57\]$_SDFFE_PP0P_/D
    1465+ |      16 |     301 |       91 |     10 |   154 |    +0.7% |   -0.158 |       -7.1 |      -46.9 |    625 | core/div/remainder\[57\]$_SDFFE_PP0P_/D
    1466+ |      16 |     301 |       91 |     10 |   154 |    +0.7% |   -0.158 |       -7.1 |      -46.9 |    625 | core/div/remainder\[57\]$_SDFFE_PP0P_/D
    1467+ |      16 |     301 |       91 |     10 |   154 |    +0.7% |   -0.158 |       -7.1 |      -46.9 |    625 | core/div/remainder\[57\]$_SDFFE_PP0P_/D
    1468+ |      16 |     301 |       91 |     10 |   154 |    +0.7% |   -0.158 |       -7.1 |      -46.9 |    625 | core/div/remainder\[57\]$_SDFFE_PP0P_/D
    1469+ |      16 |     301 |       91 |     10 |   154 |    +0.7% |   -0.158 |       -7.1 |      -46.9 |    625 | core/div/remainder\[57\]$_SDFFE_PP0P_/D
    1470+ |      16 |     301 |       91 |     10 |   154 |    +0.7% |   -0.158 |       -7.1 |      -46.9 |    625 | core/div/remainder\[57\]$_SDFFE_PP0P_/D
    1470+ |      16 |     301 |       91 |     10 |   154 |    +0.7% |   -0.158 |       -7.1 |      -46.9 |    625 | core/div/remainder\[57\]$_SDFFE_PP0P_/D
    1471+ |      16 |     301 |       91 |     10 |   154 |    +0.7% |   -0.158 |       -7.1 |      -46.9 |    625 | core/div/remainder\[57\]$_SDFFE_PP0P_/D
    1472+ |      16 |     301 |       91 |     10 |   154 |    +0.7% |   -0.158 |       -7.1 |      -46.9 |    625 | core/div/remainder\[57\]$_SDFFE_PP0P_/D
    1473+ |      16 |     301 |       91 |     10 |   154 |    +0.7% |   -0.158 |       -7.1 |      -46.9 |    625 | core/div/remainder\[57\]$_SDFFE_PP0P_/D
    1474+ |      16 |     301 |       91 |     10 |   154 |    +0.7% |   -0.158 |       -7.1 |      -46.9 |    625 | core/div/remainder\[57\]$_SDFFE_PP0P_/D
    1475+ |      16 |     301 |       91 |     10 |   154 |    +0.7% |   -0.158 |       -7.1 |      -46.9 |    625 | core/div/remainder\[57\]$_SDFFE_PP0P_/D
    1476+ |      16 |     301 |       91 |     10 |   154 |    +0.7% |   -0.158 |       -7.1 |      -46.9 |    625 | core/div/remainder\[57\]$_SDFFE_PP0P_/D
    1477+ |      16 |     301 |       91 |     10 |   154 |    +0.7% |   -0.158 |       -7.1 |      -46.9 |    625 | core/div/remainder\[57\]$_SDFFE_PP0P_/D
    1478+ |      16 |     301 |       91 |     10 |   154 |    +0.7% |   -0.158 |       -7.1 |      -46.9 |    625 | core/div/remainder\[57\]$_SDFFE_PP0P_/D
    1479+ |      16 |     301 |       91 |     10 |   154 |    +0.7% |   -0.158 |       -7.1 |      -46.9 |    625 | core/div/remainder\[57\]$_SDFFE_PP0P_/D
    1480+ |      16 |     301 |       91 |     10 |   154 |    +0.7% |   -0.158 |       -7.1 |      -46.9 |    625 | core/div/remainder\[57\]$_SDFFE_PP0P_/D
    1480+ |      16 |     301 |       91 |     10 |   154 |    +0.7% |   -0.158 |       -7.1 |      -46.9 |    625 | core/div/remainder\[57\]$_SDFFE_PP0P_/D
    1481+ |      16 |     301 |       91 |     10 |   154 |    +0.7% |   -0.158 |       -7.1 |      -46.9 |    625 | core/div/remainder\[57\]$_SDFFE_PP0P_/D
    1482+ |      16 |     301 |       91 |     10 |   154 |    +0.7% |   -0.158 |       -7.1 |      -46.9 |    625 | core/div/remainder\[57\]$_SDFFE_PP0P_/D
    1483+ |      16 |     301 |       91 |     10 |   154 |    +0.7% |   -0.158 |       -7.1 |      -46.9 |    625 | core/div/remainder\[57\]$_SDFFE_PP0P_/D
    1484+ |      16 |     301 |       91 |     10 |   154 |    +0.7% |   -0.158 |       -7.1 |      -46.9 |    625 | core/div/remainder\[57\]$_SDFFE_PP0P_/D
    1485+ |      16 |     301 |       91 |     10 |   154 |    +0.7% |   -0.158 |       -7.1 |      -46.9 |    625 | core/div/remainder\[57\]$_SDFFE_PP0P_/D
    1486+ |      16 |     301 |       91 |     10 |   154 |    +0.7% |   -0.158 |       -7.1 |      -46.9 |    625 | core/div/remainder\[57\]$_SDFFE_PP0P_/D
    1487+ |      16 |     301 |       91 |     10 |   154 |    +0.7% |   -0.158 |       -7.1 |      -46.9 |    625 | core/div/remainder\[57\]$_SDFFE_PP0P_/D
    1488+ |      16 |     301 |       91 |     10 |   154 |    +0.7% |   -0.158 |       -7.1 |      -46.9 |    625 | core/div/remainder\[57\]$_SDFFE_PP0P_/D
    1489+ |      16 |     301 |       91 |     10 |   154 |    +0.7% |   -0.158 |       -7.1 |      -46.9 |    625 | core/div/remainder\[57\]$_SDFFE_PP0P_/D
    1490+ |      16 |     301 |       91 |     10 |   154 |    +0.7% |   -0.158 |       -7.1 |      -46.9 |    625 | core/div/remainder\[57\]$_SDFFE_PP0P_/D
    1490+ |      16 |     301 |       91 |     10 |   154 |    +0.7% |   -0.158 |       -7.1 |      -46.9 |    625 | core/div/remainder\[57\]$_SDFFE_PP0P_/D
    1491+ |      16 |     301 |       91 |     10 |   154 |    +0.7% |   -0.158 |       -7.1 |      -46.9 |    625 | core/div/remainder\[57\]$_SDFFE_PP0P_/D
    1492+ |      16 |     301 |       91 |     10 |   154 |    +0.7% |   -0.158 |       -7.1 |      -46.9 |    625 | core/div/remainder\[57\]$_SDFFE_PP0P_/D
    1493+ |      16 |     301 |       91 |     10 |   154 |    +0.7% |   -0.158 |       -7.1 |      -46.9 |    625 | core/div/remainder\[57\]$_SDFFE_PP0P_/D
    1494+ |      16 |     301 |       91 |     10 |   154 |    +0.7% |   -0.158 |       -7.1 |      -46.9 |    625 | core/div/remainder\[57\]$_SDFFE_PP0P_/D
    1495+ |      16 |     301 |       91 |     10 |   154 |    +0.7% |   -0.158 |       -7.1 |      -46.9 |    625 | core/div/remainder\[57\]$_SDFFE_PP0P_/D
    1496+ |      16 |     301 |       91 |     10 |   154 |    +0.7% |   -0.158 |       -7.1 |      -46.9 |    625 | core/div/remainder\[57\]$_SDFFE_PP0P_/D
    1499+ |      16 |     303 |       91 |     10 |   154 |    +0.7% |   -0.158 |       -7.1 |      -46.9 |    625 | core/div/remainder\[57\]$_SDFFE_PP0P_/D
    1500+ |      16 |     303 |       91 |     10 |   154 |    +0.7% |   -0.158 |       -7.1 |      -46.9 |    625 | core/div/remainder\[57\]$_SDFFE_PP0P_/D
    final |      16 |     303 |       91 |     10 |   154 |    +0.7% |   -0.158 |       -7.1 |      -46.9 |    625 | core/div/remainder\[57\]$_SDFFE_PP0P_/D
------------------------------------------------------------------------------------------------------------------------------
[INFO RSZ-0059] Removed 16 buffers.
[INFO RSZ-0045] Inserted 91 buffers, 2 to split loads.
[INFO RSZ-0051] Resized 303 instances: 303 up, 0 up match, 0 down, 0 VT
[INFO RSZ-0043] Swapped pins on 154 instances.
[INFO RSZ-0049] Cloned 10 instances.
[WARNING RSZ-0062] Unable to repair all setup violations.
[INFO RSZ-0505] Runtime: 40.34s
[INFO RSZ-0033] No hold violations found.
[INFO RSZ-0506] Runtime: 0.10s
Took 40 seconds: repair_timing -setup_margin 0 -hold_margin 0 -repair_tns 100 -verbose
global_route -start_incremental
detailed_placement
[INFO DPL-0006] Core area: 88535.44 um^2
[INFO DPL-0007] Movable instances area: 53429.03 um^2
[INFO DPL-0008] Fixed instances area within core: 2693.78 um^2
[INFO DPL-0009] Utilization: 63.4%
[INFO DPL-0005] Diamond search max displacement: +/- 500 sites horizontally, +/- 100 rows vertically.
[INFO DPL-1102] Legalizing using negotiation legalizer.
[INFO DPL-1103] Negotiation base search window: +/-20 sites horizontally, +/-5 rows vertically 
	Automatic search window extension enabled.
	Search window extendable up to the max displacement cap of +/-500 sites, +/-100 rows near walls.
[INFO DPL-1104] NegotiationLegalizer DRC penalty: 5.
[INFO DPL-0392] Negotiation cell height distribution (2 unique row-count(s)):
[INFO DPL-0393]   height 1 row(s): 29749 cells
[INFO DPL-0393]   height 44 row(s): 2 cells
          |      Total |  Illegal |  Illegal
Iteration | Violations |    Cells |    Sites
---------------------------------------------
        0 |        727 |       147 |       580
        1 |        492 |        75 |       414
        2 |        405 |        51 |       354
        3 |        302 |        36 |       266
        4 |        206 |        28 |       178
        5 |        209 |        21 |       188
        6 |        164 |        18 |       146
        7 |        117 |        15 |       102
        8 |        123 |        13 |       110
        9 |        174 |        18 |       156
       10 |        220 |        18 |       202
       20 |         66 |         8 |        58
       30 |         12 |         4 |         8
       40 |         16 |         2 |        14
       50 |         32 |         4 |        28
       52 |          0 |         0 |         0
Negotiation phase 1 converged at iteration 52.
[INFO DPL-0500] Runtime: 0.79s
Placement Analysis
---------------------------------
total displacement       1694.7 u
average displacement        0.1 u
max displacement           14.0 u
original HPWL          436069.9 u
legalized HPWL         438043.3 u
delta HPWL                    0 %

check_placement -verbose
global_route -end_incremental -congestion_report_file /tmp/workspace/scripts-Private_test-fr_cugr_cmp-1-/reports/nangate45/tinyRocket/base/congestion_post_repair_timing.rpt
estimate_parasitics -global_routing
global_route -start_incremental
global_route -end_incremental -congestion_report_file /tmp/workspace/scripts-Private_test-fr_cugr_cmp-1-/reports/nangate45/tinyRocket/base/congestion_post_recover_power.rpt
Repair antennas...
[WARNING GRT-0246] No diode with LEF class CORE ANTENNACELL found.
[INFO ANT-0002] Found 0 net violations.
[INFO ANT-0001] Found 0 pin violations.
Estimate parasitics...
estimate_parasitics -global_routing
Report metrics stage 5, global route...

==========================================================================
global route report_design_area
--------------------------------------------------------------------------
Design area 56123 um^2 63% utilization.
[INFO FLW-0007] clock core_clock period 1.200000
[INFO FLW-0008] Clock core_clock period 1.296
[INFO FLW-0009] Clock core_clock slack -0.165
write_sdc -no_timestamp /tmp/workspace/scripts-Private_test-fr_cugr_cmp-1-/results/nangate45/tinyRocket/base/updated_clks.sdc
[INFO FLW-0011] Path endpoint path count 9085
write_db /tmp/workspace/scripts-Private_test-fr_cugr_cmp-1-/results/nangate45/tinyRocket/base/5_1_grt.odb
write_sdc -no_timestamp /tmp/workspace/scripts-Private_test-fr_cugr_cmp-1-/results/nangate45/tinyRocket/base/5_1_grt.sdc
Elapsed time: 1:06.45[h:]min:sec. CPU time: user 650.01 sys 41.94 (1041%). Peak memory: 716604KB.
Log                       Ext     Elapsed/s Peak Memory/MB sha1sum result [0:20)
5_1_grt                   .odb           66            699 556540972444a5c8f816
5_1_grt                   .sdc                             7e89828fd407c9695363
/OpenROAD-flow-scripts/flow/scripts/flow.sh 5_2_route detail_route
Running detail_route.tcl, stage 5_2_route
read_liberty ./platforms/nangate45/lib/NangateOpenCellLibrary_typical.lib
read_liberty /OpenROAD-flow-scripts/flow/designs/nangate45/tinyRocket/fakeram45_1024x32.lib
read_liberty /OpenROAD-flow-scripts/flow/designs/nangate45/tinyRocket/fakeram45_64x32.lib
read_db /tmp/workspace/scripts-Private_test-fr_cugr_cmp-1-/results/nangate45/tinyRocket/base/5_1_grt.odb
read_sdc /tmp/workspace/scripts-Private_test-fr_cugr_cmp-1-/results/nangate45/tinyRocket/base/5_1_grt.sdc
source ./platforms/nangate45/setRC.tcl
detailed_route -output_drc /tmp/workspace/scripts-Private_test-fr_cugr_cmp-1-/reports/nangate45/tinyRocket/base/5_route_drc.rpt -output_maze /tmp/workspace/scripts-Private_test-fr_cugr_cmp-1-/results/nangate45/tinyRocket/base/maze.log -droute_end_iter 64 -verbose 1 -drc_report_iter_step 5
[INFO DRT-0149] Reading tech and libs.

Units:                2000
Number of layers:     21
Number of macros:     137
Number of vias:       36
Number of viarulegen: 19

[INFO DRT-0150] Reading design.
[WARNING DRT-0120] Large net core/net4282 has 129 pins which may impact routing performance. Consider optimization.

Design:                   RocketTile
Die area:                 ( 0 0 ) ( 604800 604800 )
Number of track patterns: 20
Number of DEF vias:       0
Number of components:     29751
Number of terminals:      271
Number of snets:          2
Number of nets:           34431

[INFO DRT-0167] List of default vias:
  Layer via2
    default via: via2_5
  Layer via3
    default via: via3_2
  Layer via4
    default via: via4_0
  Layer via5
    default via: via5_0
  Layer via6
    default via: via6_0
  Layer via7
    default via: via7_0
  Layer via8
    default via: via8_0
  Layer via9
    default via: via9_0
[INFO DRT-0162] Library cell analysis.
[INFO DRT-0163] Instance analysis.
[INFO DRT-0164] Number of unique instances = 175.
[INFO DRT-0168] Init region query.
[INFO DRT-0024]   Complete active.
[INFO DRT-0024]   Complete Fr_VIA.
[INFO DRT-0024]   Complete metal1.
[INFO DRT-0024]   Complete via1.
[INFO DRT-0024]   Complete metal2.
[INFO DRT-0024]   Complete via2.
[INFO DRT-0024]   Complete metal3.
[INFO DRT-0024]   Complete via3.
[INFO DRT-0024]   Complete metal4.
[INFO DRT-0024]   Complete via4.
[INFO DRT-0024]   Complete metal5.
[INFO DRT-0024]   Complete via5.
[INFO DRT-0024]   Complete metal6.
[INFO DRT-0024]   Complete via6.
[INFO DRT-0024]   Complete metal7.
[INFO DRT-0024]   Complete via7.
[INFO DRT-0024]   Complete metal8.
[INFO DRT-0024]   Complete via8.
[INFO DRT-0024]   Complete metal9.
[INFO DRT-0024]   Complete via9.
[INFO DRT-0024]   Complete metal10.
[INFO DRT-0033] active shape region query size = 0.
[INFO DRT-0033] FR_VIA shape region query size = 0.
[INFO DRT-0033] metal1 shape region query size = 602068.
[INFO DRT-0033] via1 shape region query size = 3522.
[INFO DRT-0033] metal2 shape region query size = 2350.
[INFO DRT-0033] via2 shape region query size = 3522.
[INFO DRT-0033] metal3 shape region query size = 2772.
[INFO DRT-0033] via3 shape region query size = 3522.
[INFO DRT-0033] metal4 shape region query size = 1407.
[INFO DRT-0033] via4 shape region query size = 1328.
[INFO DRT-0033] metal5 shape region query size = 413.
[INFO DRT-0033] via5 shape region query size = 1532.
[INFO DRT-0033] metal6 shape region query size = 520.
[INFO DRT-0033] via6 shape region query size = 600.
[INFO DRT-0033] metal7 shape region query size = 170.
[INFO DRT-0033] via7 shape region query size = 0.
[INFO DRT-0033] metal8 shape region query size = 0.
[INFO DRT-0033] via8 shape region query size = 0.
[INFO DRT-0033] metal9 shape region query size = 0.
[INFO DRT-0033] via9 shape region query size = 0.
[INFO DRT-0033] metal10 shape region query size = 0.
[INFO DRT-0165] Start pin access.
[INFO DRT-0076]   Complete 1000 pins.
[INFO DRT-0078]   Complete 1241 pins.
[INFO DRT-0079]   Complete 100 unique inst patterns.
[INFO DRT-0081]   Complete 173 unique inst patterns.
[INFO DRT-0082]   Complete 10000 groups.
[INFO DRT-0084]   Complete 16183 groups.
#scanned instances     = 29751
#unique  instances     = 175
#stdCellGenAp          = 6695
#stdCellValidPlanarAp  = 0
#stdCellValidViaAp     = 4530
#stdCellPinNoAp        = 0
#stdCellPinCnt         = 103630
#instTermValidViaApCnt = 0
#macroGenAp            = 210
#macroValidPlanarAp    = 210
#macroValidViaAp       = 0
#macroNoAp             = 0
[INFO DRT-0166] Complete pin access.
[INFO DRT-0267] cpu time = 00:04:06, elapsed time = 00:00:08, memory = 471.77 (MB), peak = 476.68 (MB)
[INFO DRT-0156] guideIn read 100000 guides.
[INFO DRT-0156] guideIn read 200000 guides.

[INFO DRT-0157] Number of guides:     251085

[INFO DRT-0169] Post process guides.
[INFO DRT-0176] GCELLGRID X 0 DO 106 STEP 5700 ;
[INFO DRT-0177] GCELLGRID Y 0 DO 106 STEP 5700 ;
[INFO DRT-0026]   Complete 100000 origin guides.
[INFO DRT-0026]   Complete 200000 origin guides.
[INFO DRT-0028]   Complete active.
[INFO DRT-0028]   Complete Fr_VIA.
[INFO DRT-0028]   Complete metal1.
[INFO DRT-0028]   Complete via1.
[INFO DRT-0028]   Complete metal2.
[INFO DRT-0028]   Complete via2.
[INFO DRT-0028]   Complete metal3.
[INFO DRT-0028]   Complete via3.
[INFO DRT-0028]   Complete metal4.
[INFO DRT-0028]   Complete via4.
[INFO DRT-0028]   Complete metal5.
[INFO DRT-0028]   Complete via5.
[INFO DRT-0028]   Complete metal6.
[INFO DRT-0028]   Complete via6.
[INFO DRT-0028]   Complete metal7.
[INFO DRT-0028]   Complete via7.
[INFO DRT-0028]   Complete metal8.
[INFO DRT-0028]   Complete via8.
[INFO DRT-0028]   Complete metal9.
[INFO DRT-0028]   Complete via9.
[INFO DRT-0028]   Complete metal10.
[INFO DRT-0178] Init guide query.
[INFO DRT-0035]   Complete active (guide).
[INFO DRT-0035]   Complete Fr_VIA (guide).
[INFO DRT-0035]   Complete metal1 (guide).
[INFO DRT-0035]   Complete via1 (guide).
[INFO DRT-0035]   Complete metal2 (guide).
[INFO DRT-0035]   Complete via2 (guide).
[INFO DRT-0035]   Complete metal3 (guide).
[INFO DRT-0035]   Complete via3 (guide).
[INFO DRT-0035]   Complete metal4 (guide).
[INFO DRT-0035]   Complete via4 (guide).
[INFO DRT-0035]   Complete metal5 (guide).
[INFO DRT-0035]   Complete via5 (guide).
[INFO DRT-0035]   Complete metal6 (guide).
[INFO DRT-0035]   Complete via6 (guide).
[INFO DRT-0035]   Complete metal7 (guide).
[INFO DRT-0035]   Complete via7 (guide).
[INFO DRT-0035]   Complete metal8 (guide).
[INFO DRT-0035]   Complete via8 (guide).
[INFO DRT-0035]   Complete metal9 (guide).
[INFO DRT-0035]   Complete via9 (guide).
[INFO DRT-0035]   Complete metal10 (guide).
[INFO DRT-0036] active guide region query size = 0.
[INFO DRT-0036] FR_VIA guide region query size = 0.
[INFO DRT-0036] metal1 guide region query size = 83121.
[INFO DRT-0036] via1 guide region query size = 0.
[INFO DRT-0036] metal2 guide region query size = 70482.
[INFO DRT-0036] via2 guide region query size = 0.
[INFO DRT-0036] metal3 guide region query size = 39965.
[INFO DRT-0036] via3 guide region query size = 0.
[INFO DRT-0036] metal4 guide region query size = 10034.
[INFO DRT-0036] via4 guide region query size = 0.
[INFO DRT-0036] metal5 guide region query size = 3984.
[INFO DRT-0036] via5 guide region query size = 0.
[INFO DRT-0036] metal6 guide region query size = 1111.
[INFO DRT-0036] via6 guide region query size = 0.
[INFO DRT-0036] metal7 guide region query size = 174.
[INFO DRT-0036] via7 guide region query size = 0.
[INFO DRT-0036] metal8 guide region query size = 34.
[INFO DRT-0036] via8 guide region query size = 0.
[INFO DRT-0036] metal9 guide region query size = 17.
[INFO DRT-0036] via9 guide region query size = 0.
[INFO DRT-0036] metal10 guide region query size = 0.
[INFO DRT-0179] Init gr pin query.
[INFO DRT-0267] cpu time = 00:00:01, elapsed time = 00:00:00, memory = 557.86 (MB), peak = 553.50 (MB)
[INFO DRT-0245] skipped writing guide updates to database.
[INFO DRT-0181] Start track assignment.
[INFO DRT-0184] Done with 81661 vertical wires in 3 frboxes and 127261 horizontal wires in 3 frboxes.
[INFO DRT-0186] Done with 25442 vertical wires in 3 frboxes and 26934 horizontal wires in 3 frboxes.
[INFO DRT-0182] Complete track assignment.
[INFO DRT-0267] cpu time = 00:00:10, elapsed time = 00:00:05, memory = 1015.25 (MB), peak = 1026.30 (MB)
[INFO DRT-0187] Start routing data preparation.
[INFO DRT-0267] cpu time = 00:00:00, elapsed time = 00:00:00, memory = 1015.25 (MB), peak = 1026.30 (MB)
[INFO DRT-0194] Start detail routing.
[INFO DRT-0195] Start 0th optimization iteration.
    Completing 10% with 0 violations.
    elapsed time = 00:00:02, memory = 2086.59 (MB).
    Completing 20% with 0 violations.
    elapsed time = 00:00:03, memory = 2186.36 (MB).
    Completing 30% with 1373 violations.
    elapsed time = 00:00:06, memory = 2636.70 (MB).
    Completing 40% with 1373 violations.
    elapsed time = 00:00:07, memory = 2582.09 (MB).
    Completing 50% with 1373 violations.
    elapsed time = 00:00:09, memory = 2482.36 (MB).
    Completing 60% with 2825 violations.
    elapsed time = 00:00:12, memory = 2937.36 (MB).
    Completing 70% with 2825 violations.
    elapsed time = 00:00:13, memory = 2841.90 (MB).
    Completing 80% with 4064 violations.
    elapsed time = 00:00:16, memory = 3290.83 (MB).
    Completing 90% with 4064 violations.
    elapsed time = 00:00:17, memory = 3226.67 (MB).
    Completing 100% with 5382 violations.
    elapsed time = 00:00:19, memory = 2561.55 (MB).
[INFO DRT-0199]   Number of violations = 7638.
Viol/Layer      metal1   via1 metal2   via2 metal3   via3 metal4   via4 metal5   via5 metal6   via6 metal7
Cut Spacing          0      3      0     16      0      0      0     20      0      1      0      2      0
Metal Spacing        2      0    519      0     60      0      7      0     12      0      0      0      6
Recheck             18      0   1225      0    813      0    106      0     69      0     12      0     13
Short                0      4   3840     10    700      4    108      1     51      0      1      6      9
[INFO DRT-0267] cpu time = 00:07:31, elapsed time = 00:00:20, memory = 3027.12 (MB), peak = 3374.82 (MB)
Total wire length = 522635 um.
Total wire length on LAYER metal1 = 0 um.
Total wire length on LAYER metal2 = 152950 um.
Total wire length on LAYER metal3 = 184855 um.
Total wire length on LAYER metal4 = 87941 um.
Total wire length on LAYER metal5 = 68763 um.
Total wire length on LAYER metal6 = 20164 um.
Total wire length on LAYER metal7 = 7006 um.
Total wire length on LAYER metal8 = 68 um.
Total wire length on LAYER metal9 = 884 um.
Total wire length on LAYER metal10 = 0 um.
Total number of vias = 220418.
Up-via summary (total 220418):

-----------------
 active         0
 metal1     99902
 metal2     98481
 metal3     14042
 metal4      5846
 metal5      1769
 metal6       310
 metal7        34
 metal8        34
 metal9         0
-----------------
       220418


[INFO DRT-0195] Start 1st optimization iteration.
    Completing 10% with 7638 violations.
    elapsed time = 00:00:02, memory = 3441.88 (MB).
    Completing 20% with 7638 violations.
    elapsed time = 00:00:03, memory = 3169.38 (MB).
    Completing 30% with 6424 violations.
    elapsed time = 00:00:05, memory = 3358.31 (MB).
    Completing 40% with 6424 violations.
    elapsed time = 00:00:07, memory = 3300.67 (MB).
    Completing 50% with 6424 violations.
    elapsed time = 00:00:08, memory = 3117.74 (MB).
    Completing 60% with 5203 violations.
    elapsed time = 00:00:11, memory = 3518.86 (MB).
    Completing 70% with 5203 violations.
    elapsed time = 00:00:12, memory = 3379.26 (MB).
    Completing 80% with 4013 violations.
    elapsed time = 00:00:15, memory = 3553.62 (MB).
    Completing 90% with 4013 violations.
    elapsed time = 00:00:16, memory = 3422.62 (MB).
    Completing 100% with 2855 violations.
    elapsed time = 00:00:18, memory = 3157.97 (MB).
[INFO DRT-0199]   Number of violations = 2855.
Viol/Layer        via1 metal2   via2 metal3 metal4   via4 metal5
Cut Spacing          1      0      2      0      0      2      0
Metal Spacing        0    514      0     32      7      0      1
Recheck              0      7      0      5      0      0      0
Short                0   2056      0    215     12      0      1
[INFO DRT-0267] cpu time = 00:07:05, elapsed time = 00:00:19, memory = 3157.97 (MB), peak = 3590.90 (MB)
Total wire length = 519115 um.
Total wire length on LAYER metal1 = 0 um.
Total wire length on LAYER metal2 = 151619 um.
Total wire length on LAYER metal3 = 183379 um.
Total wire length on LAYER metal4 = 87685 um.
Total wire length on LAYER metal5 = 68334 um.
Total wire length on LAYER metal6 = 20149 um.
Total wire length on LAYER metal7 = 7011 um.
Total wire length on LAYER metal8 = 63 um.
Total wire length on LAYER metal9 = 872 um.
Total wire length on LAYER metal10 = 0 um.
Total number of vias = 218076.
Up-via summary (total 218076):

-----------------
 active         0
 metal1     99917
 metal2     96416
 metal3     13920
 metal4      5742
 metal5      1720
 metal6       297
 metal7        32
 metal8        32
 metal9         0
-----------------
       218076


[INFO DRT-0195] Start 2nd optimization iteration.
    Completing 10% with 2855 violations.
    elapsed time = 00:00:01, memory = 3498.52 (MB).
    Completing 20% with 2855 violations.
    elapsed time = 00:00:03, memory = 3232.58 (MB).
    Completing 30% with 2796 violations.
    elapsed time = 00:00:04, memory = 3536.82 (MB).
    Completing 40% with 2796 violations.
    elapsed time = 00:00:06, memory = 3434.82 (MB).
    Completing 50% with 2796 violations.
    elapsed time = 00:00:08, memory = 3198.60 (MB).
    Completing 60% with 2712 violations.
    elapsed time = 00:00:10, memory = 3660.35 (MB).
    Completing 70% with 2712 violations.
    elapsed time = 00:00:11, memory = 3346.78 (MB).
    Completing 80% with 2650 violations.
    elapsed time = 00:00:14, memory = 3662.45 (MB).
    Completing 90% with 2650 violations.
    elapsed time = 00:00:15, memory = 3520.49 (MB).
    Completing 100% with 2511 violations.
    elapsed time = 00:00:17, memory = 3205.17 (MB).
[INFO DRT-0199]   Number of violations = 2511.
Viol/Layer        via1 metal2   via2 metal3 metal4   via4 metal5 metal6
Cut Spacing          6      0      1      0      0      4      0      0
Metal Spacing        0    414      0     17      0      0      0      0
Recheck              0      5      0      2      0      0      0      0
Short                0   1859      0    190     11      0      1      1
[INFO DRT-0267] cpu time = 00:06:22, elapsed time = 00:00:18, memory = 3205.17 (MB), peak = 3695.18 (MB)
Total wire length = 518437 um.
Total wire length on LAYER metal1 = 0 um.
Total wire length on LAYER metal2 = 151344 um.
Total wire length on LAYER metal3 = 183092 um.
Total wire length on LAYER metal4 = 87687 um.
Total wire length on LAYER metal5 = 68268 um.
Total wire length on LAYER metal6 = 20128 um.
Total wire length on LAYER metal7 = 6980 um.
Total wire length on LAYER metal8 = 59 um.
Total wire length on LAYER metal9 = 874 um.
Total wire length on LAYER metal10 = 0 um.
Total number of vias = 217512.
Up-via summary (total 217512):

-----------------
 active         0
 metal1     99926
 metal2     96016
 metal3     13820
 metal4      5683
 metal5      1708
 metal6       295
 metal7        32
 metal8        32
 metal9         0
-----------------
       217512


[INFO DRT-0195] Start 3rd optimization iteration.
    Completing 10% with 2511 violations.
    elapsed time = 00:00:00, memory = 3554.78 (MB).
    Completing 20% with 2511 violations.
    elapsed time = 00:00:01, memory = 3436.63 (MB).
    Completing 30% with 1790 violations.
    elapsed time = 00:00:04, memory = 3210.59 (MB).
    Completing 40% with 1790 violations.
    elapsed time = 00:00:05, memory = 3571.76 (MB).
    Completing 50% with 1790 violations.
    elapsed time = 00:00:08, memory = 3212.41 (MB).
    Completing 60% with 1227 violations.
    elapsed time = 00:00:09, memory = 3566.00 (MB).
    Completing 70% with 1227 violations.
    elapsed time = 00:00:10, memory = 3296.16 (MB).
    Completing 80% with 709 violations.
    elapsed time = 00:00:12, memory = 3556.10 (MB).
    Completing 90% with 709 violations.
    elapsed time = 00:00:12, memory = 3551.80 (MB).
    Completing 100% with 132 violations.
    elapsed time = 00:00:14, memory = 3245.72 (MB).
[INFO DRT-0199]   Number of violations = 132.
Viol/Layer      metal2   via2 metal3
Cut Spacing          0      1      0
Metal Spacing       31      0      9
Short               73      0     18
[INFO DRT-0267] cpu time = 00:03:23, elapsed time = 00:00:14, memory = 3216.32 (MB), peak = 3695.18 (MB)
Total wire length = 518465 um.
Total wire length on LAYER metal1 = 0 um.
Total wire length on LAYER metal2 = 148091 um.
Total wire length on LAYER metal3 = 183703 um.
Total wire length on LAYER metal4 = 90450 um.
Total wire length on LAYER metal5 = 68184 um.
Total wire length on LAYER metal6 = 20116 um.
Total wire length on LAYER metal7 = 6985 um.
Total wire length on LAYER metal8 = 59 um.
Total wire length on LAYER metal9 = 874 um.
Total wire length on LAYER metal10 = 0 um.
Total number of vias = 219874.
Up-via summary (total 219874):

-----------------
 active         0
 metal1     99931
 metal2     97254
 metal3     14922
 metal4      5693
 metal5      1715
 metal6       295
 metal7        32
 metal8        32
 metal9         0
-----------------
       219874


[INFO DRT-0195] Start 4th optimization iteration.
    Completing 10% with 132 violations.
    elapsed time = 00:00:00, memory = 3216.32 (MB).
    Completing 20% with 132 violations.
    elapsed time = 00:00:00, memory = 3216.32 (MB).
    Completing 30% with 100 violations.
    elapsed time = 00:00:00, memory = 3216.32 (MB).
    Completing 40% with 100 violations.
    elapsed time = 00:00:00, memory = 3216.32 (MB).
    Completing 50% with 100 violations.
    elapsed time = 00:00:01, memory = 3216.32 (MB).
    Completing 60% with 78 violations.
    elapsed time = 00:00:01, memory = 3216.32 (MB).
    Completing 70% with 78 violations.
    elapsed time = 00:00:01, memory = 3216.32 (MB).
    Completing 80% with 49 violations.
    elapsed time = 00:00:02, memory = 3216.32 (MB).
    Completing 90% with 49 violations.
    elapsed time = 00:00:02, memory = 3216.32 (MB).
    Completing 100% with 7 violations.
    elapsed time = 00:00:03, memory = 3220.79 (MB).
[INFO DRT-0199]   Number of violations = 7.
Viol/Layer      metal2
Metal Spacing        6
Short                1
[INFO DRT-0267] cpu time = 00:00:12, elapsed time = 00:00:03, memory = 3220.79 (MB), peak = 3695.18 (MB)
Total wire length = 518466 um.
Total wire length on LAYER metal1 = 0 um.
Total wire length on LAYER metal2 = 148007 um.
Total wire length on LAYER metal3 = 183709 um.
Total wire length on LAYER metal4 = 90521 um.
Total wire length on LAYER metal5 = 68187 um.
Total wire length on LAYER metal6 = 20121 um.
Total wire length on LAYER metal7 = 6985 um.
Total wire length on LAYER metal8 = 59 um.
Total wire length on LAYER metal9 = 874 um.
Total wire length on LAYER metal10 = 0 um.
Total number of vias = 219926.
Up-via summary (total 219926):

-----------------
 active         0
 metal1     99929
 metal2     97281
 metal3     14949
 metal4      5695
 metal5      1713
 metal6       295
 metal7        32
 metal8        32
 metal9         0
-----------------
       219926


[INFO DRT-0195] Start 5th guides tiles iteration.
    Completing 50% with 7 violations.
    elapsed time = 00:00:00, memory = 3220.79 (MB).
    Completing 100% with 0 violations.
    elapsed time = 00:00:00, memory = 3220.79 (MB).
[INFO DRT-0199]   Number of violations = 0.
[INFO DRT-0267] cpu time = 00:00:00, elapsed time = 00:00:00, memory = 3220.79 (MB), peak = 3695.18 (MB)
Total wire length = 518466 um.
Total wire length on LAYER metal1 = 0 um.
Total wire length on LAYER metal2 = 148007 um.
Total wire length on LAYER metal3 = 183710 um.
Total wire length on LAYER metal4 = 90521 um.
Total wire length on LAYER metal5 = 68187 um.
Total wire length on LAYER metal6 = 20121 um.
Total wire length on LAYER metal7 = 6985 um.
Total wire length on LAYER metal8 = 59 um.
Total wire length on LAYER metal9 = 874 um.
Total wire length on LAYER metal10 = 0 um.
Total number of vias = 219926.
Up-via summary (total 219926):

-----------------
 active         0
 metal1     99929
 metal2     97281
 metal3     14949
 metal4      5695
 metal5      1713
 metal6       295
 metal7        32
 metal8        32
 metal9         0
-----------------
       219926


[INFO DRT-0198] Complete detail routing.
Total wire length = 518466 um.
Total wire length on LAYER metal1 = 0 um.
Total wire length on LAYER metal2 = 148007 um.
Total wire length on LAYER metal3 = 183710 um.
Total wire length on LAYER metal4 = 90521 um.
Total wire length on LAYER metal5 = 68187 um.
Total wire length on LAYER metal6 = 20121 um.
Total wire length on LAYER metal7 = 6985 um.
Total wire length on LAYER metal8 = 59 um.
Total wire length on LAYER metal9 = 874 um.
Total wire length on LAYER metal10 = 0 um.
Total number of vias = 219926.
Up-via summary (total 219926):

-----------------
 active         0
 metal1     99929
 metal2     97281
 metal3     14949
 metal4      5695
 metal5      1713
 metal6       295
 metal7        32
 metal8        32
 metal9         0
-----------------
       219926


[INFO DRT-0267] cpu time = 00:24:35, elapsed time = 00:01:15, memory = 3220.85 (MB), peak = 3695.18 (MB)

[INFO DRT-0180] Post processing.
[INFO DRT-0501] Runtime: 91.26s
Took 91 seconds: detailed_route -output_drc /tmp/workspace/scripts-Private_test-fr_cugr_cmp-1-/reports/nangate45/tinyRocket/base/5_route_drc.rpt -output_maze /tmp/workspace/scripts-Private_test-fr_cugr_cmp-1-/results/nangate45/tinyRocket/base/maze.log -droute_end_iter 64 -verbose 1 -drc_report_iter_step 5
[WARNING GRT-0246] No diode with LEF class CORE ANTENNACELL found.
[INFO ANT-0002] Found 0 net violations.
[INFO ANT-0001] Found 0 pin violations.
[INFO ANT-0002] Found 0 net violations.
[INFO ANT-0001] Found 0 pin violations.
Design area 56123 um^2 63% utilization.
write_db /tmp/workspace/scripts-Private_test-fr_cugr_cmp-1-/results/nangate45/tinyRocket/base/5_2_route.odb
Elapsed time: 1:33.56[h:]min:sec. CPU time: user 1760.09 sys 2.54 (1883%). Peak memory: 3783868KB.
Log                       Ext     Elapsed/s Peak Memory/MB sha1sum result [0:20)
5_2_route                 .odb           93           3695 7e1ec23aa2c2db1e1a85
/OpenROAD-flow-scripts/flow/scripts/flow.sh 5_3_fillcell fillcell
Running fillcell.tcl, stage 5_3_fillcell
read_liberty ./platforms/nangate45/lib/NangateOpenCellLibrary_typical.lib
read_liberty /OpenROAD-flow-scripts/flow/designs/nangate45/tinyRocket/fakeram45_1024x32.lib
read_liberty /OpenROAD-flow-scripts/flow/designs/nangate45/tinyRocket/fakeram45_64x32.lib
read_db /tmp/workspace/scripts-Private_test-fr_cugr_cmp-1-/results/nangate45/tinyRocket/base/5_2_route.odb
read_sdc /tmp/workspace/scripts-Private_test-fr_cugr_cmp-1-/results/nangate45/tinyRocket/base/5_1_grt.sdc
source ./platforms/nangate45/setRC.tcl
filler_placement "FILLCELL_X1 FILLCELL_X2 FILLCELL_X4 FILLCELL_X8 FILLCELL_X16 FILLCELL_X32"
[INFO DPL-0001] Placed 27638 filler instances.
Design area 56123 um^2 63% utilization.
write_db /tmp/workspace/scripts-Private_test-fr_cugr_cmp-1-/results/nangate45/tinyRocket/base/5_3_fillcell.odb
Elapsed time: 0:00.65[h:]min:sec. CPU time: user 0.60 sys 0.06 (100%). Peak memory: 240228KB.
Log                       Ext     Elapsed/s Peak Memory/MB sha1sum result [0:20)
5_3_fillcell              .odb            0            234 a5f29837b29a03e4bee7
cp /tmp/workspace/scripts-Private_test-fr_cugr_cmp-1-/results/nangate45/tinyRocket/base/5_3_fillcell.odb /tmp/workspace/scripts-Private_test-fr_cugr_cmp-1-/results/nangate45/tinyRocket/base/5_route.odb
cp /tmp/workspace/scripts-Private_test-fr_cugr_cmp-1-/results/nangate45/tinyRocket/base/5_1_grt.sdc /tmp/workspace/scripts-Private_test-fr_cugr_cmp-1-/results/nangate45/tinyRocket/base/5_route.sdc
/OpenROAD-flow-scripts/flow/scripts/flow.sh 6_1_fill density_fill
Running density_fill.tcl, stage 6_1_fill
read_liberty ./platforms/nangate45/lib/NangateOpenCellLibrary_typical.lib
read_liberty /OpenROAD-flow-scripts/flow/designs/nangate45/tinyRocket/fakeram45_1024x32.lib
read_liberty /OpenROAD-flow-scripts/flow/designs/nangate45/tinyRocket/fakeram45_64x32.lib
read_db /tmp/workspace/scripts-Private_test-fr_cugr_cmp-1-/results/nangate45/tinyRocket/base/5_route.odb
read_sdc /tmp/workspace/scripts-Private_test-fr_cugr_cmp-1-/results/nangate45/tinyRocket/base/5_route.sdc
source ./platforms/nangate45/setRC.tcl
exec cp /tmp/workspace/scripts-Private_test-fr_cugr_cmp-1-/results/nangate45/tinyRocket/base/5_route.odb /tmp/workspace/scripts-Private_test-fr_cugr_cmp-1-/results/nangate45/tinyRocket/base/6_1_fill.odb
Elapsed time: 0:00.37[h:]min:sec. CPU time: user 0.30 sys 0.07 (100%). Peak memory: 190048KB.
Log                       Ext     Elapsed/s Peak Memory/MB sha1sum result [0:20)
6_1_fill                  .odb            0            185 a5f29837b29a03e4bee7
cp /tmp/workspace/scripts-Private_test-fr_cugr_cmp-1-/results/nangate45/tinyRocket/base/5_route.sdc /tmp/workspace/scripts-Private_test-fr_cugr_cmp-1-/results/nangate45/tinyRocket/base/6_1_fill.sdc
/OpenROAD-flow-scripts/flow/scripts/flow.sh 6_report final_report
Running final_report.tcl, stage 6_report
read_liberty ./platforms/nangate45/lib/NangateOpenCellLibrary_typical.lib
read_liberty /OpenROAD-flow-scripts/flow/designs/nangate45/tinyRocket/fakeram45_1024x32.lib
read_liberty /OpenROAD-flow-scripts/flow/designs/nangate45/tinyRocket/fakeram45_64x32.lib
read_db /tmp/workspace/scripts-Private_test-fr_cugr_cmp-1-/results/nangate45/tinyRocket/base/6_1_fill.odb
read_sdc /tmp/workspace/scripts-Private_test-fr_cugr_cmp-1-/results/nangate45/tinyRocket/base/6_1_fill.sdc
source ./platforms/nangate45/setRC.tcl
write_db /tmp/workspace/scripts-Private_test-fr_cugr_cmp-1-/results/nangate45/tinyRocket/base/6_final.odb
write_sdc -no_timestamp /tmp/workspace/scripts-Private_test-fr_cugr_cmp-1-/results/nangate45/tinyRocket/base/6_final.sdc
Deleted 0 routing obstructions
[INFO RCX-0431] Defined process_corner X with ext_model_index 0
[INFO RCX-0029] Defined extraction corner X
[WARNING RCX-0514] The ext_model_file option is deprecated. Use set_extraction_rules_file command instead.
[INFO RCX-0435] Reading extraction model file ./platforms/nangate45/rcx_patterns.rules ...
[INFO RCX-0436] RC segment generation RocketTile (max_merge_res 50.0) ...
[INFO RCX-0040] Final 123895 rc segments
[INFO RCX-0439] Coupling Cap extraction RocketTile ...
[INFO RCX-0440] Coupling threshhold is 0.1000 fF, coupling capacitance less than 0.1000 fF will be grounded.
[INFO RCX-0442] 19% of 219302 wires extracted
[INFO RCX-0442] 47% of 219302 wires extracted
[INFO RCX-0442] 71% of 219302 wires extracted
[INFO RCX-0442] 100% of 219302 wires extracted
[INFO RCX-0045] Extract 34431 nets, 153912 rsegs, 153912 caps, 359919 ccs
[INFO RCX-0443] 34431 nets finished
[INFO PSM-0040] All shapes on net VDD are connected.
########## IR report #################
Net              : VDD
Corner           : default
Total power      : 8.84e-02 W
Supply voltage   : 1.10e+00 V
Worstcase voltage: 1.08e+00 V
Average voltage  : 1.09e+00 V
Average IR drop  : 6.07e-03 V
Worstcase IR drop: 2.39e-02 V
Percentage drop  : 2.17 %
######################################
[INFO PSM-0040] All shapes on net VSS are connected.
########## IR report #################
Net              : VSS
Corner           : default
Total power      : 8.84e-02 W
Supply voltage   : 0.00e+00 V
Worstcase voltage: 1.32e-02 V
Average voltage  : 5.04e-03 V
Average IR drop  : 5.04e-03 V
Worstcase IR drop: 1.32e-02 V
Percentage drop  : 1.20 %
######################################
Cell type report:                       Count       Area
  Macro                                     2    2481.25
  Fill cell                             27638   31761.46
  Tap cell                                799     212.53
  Clock buffer                            886    1044.85
  Timing Repair Buffer                   2533    2927.60
  Inverter                               1874    1005.75
  Clock inverter                          198     160.66
  Sequential cell                        3913   17711.08
  Multi-Input combinational cell        19546   30579.09
  Total                                 57389   87884.27
Report metrics stage 6, finish...

==========================================================================
finish report_design_area
--------------------------------------------------------------------------
Design area 56123 um^2 63% utilization.
[WARNING GUI-0076] QStandardPaths: XDG_RUNTIME_DIR not set, defaulting to '/tmp/runtime-root'
Elapsed time: 0:22.68[h:]min:sec. CPU time: user 28.87 sys 16.88 (201%). Peak memory: 785280KB.
Log                       Ext     Elapsed/s Peak Memory/MB sha1sum result [0:20)
6_report                                 22            766                  N/A
cp ./platforms/nangate45/lef/NangateOpenCellLibrary.tech.lef /tmp/workspace/scripts-Private_test-fr_cugr_cmp-1-/objects/nangate45/tinyRocket/base/klayout_tech.lef
/usr/bin/python3 /OpenROAD-flow-scripts/flow/util/generate_klayout_tech.py \
	--template ./platforms/nangate45/FreePDK45.lyt \
	--output /tmp/workspace/scripts-Private_test-fr_cugr_cmp-1-/objects/nangate45/tinyRocket/base/klayout.lyt \
	--lef-files /tmp/workspace/scripts-Private_test-fr_cugr_cmp-1-/objects/nangate45/tinyRocket/base/klayout_tech.lef ./platforms/nangate45/lef/NangateOpenCellLibrary.macro.mod.lef /OpenROAD-flow-scripts/flow/designs/nangate45/tinyRocket/fakeram45_1024x32.lef /OpenROAD-flow-scripts/flow/designs/nangate45/tinyRocket/fakeram45_64x32.lef   \
	--map-files 
/usr/bin/python3 /OpenROAD-flow-scripts/flow/scripts/run_command.py --log /tmp/workspace/scripts-Private_test-fr_cugr_cmp-1-/logs/nangate45/tinyRocket/base/6_1_merge.log --tee -- \
        /OpenROAD-flow-scripts/flow/scripts/klayout.sh -zz -rd design_name=RocketTile \
        -rd in_def=/tmp/workspace/scripts-Private_test-fr_cugr_cmp-1-/results/nangate45/tinyRocket/base/6_final.def \
        -rd in_files="./platforms/nangate45/gds/NangateOpenCellLibrary.gds  " \
        -rd seal_file="" \
        -rd out_file=/tmp/workspace/scripts-Private_test-fr_cugr_cmp-1-/results/nangate45/tinyRocket/base/6_1_merged.gds \
        -rd tech_file=/tmp/workspace/scripts-Private_test-fr_cugr_cmp-1-/objects/nangate45/tinyRocket/base/klayout.lyt \
        -rd layer_map= \
        -r /OpenROAD-flow-scripts/flow/util/def2stream.py
KLayout 0.30.7
Warning: DEF UNITS does not match reader DBU (DEF UNITS is 2000 and corresponds to a DBU of 0.0005, but reader DBU is set to 0.0001) (line=5, cell=, file=6_final.def)
[INFO] Reporting cells prior to loading DEF ...
	./platforms/nangate45/gds/NangateOpenCellLibrary.gds
[INFO] GDS_ALLOW_EMPTY=fakeram.*
[WARNING] LEF Cell 'fakeram45_64x32' ignored. Matches GDS_ALLOW_EMPTY.
[INFO] No orphan cells in the final layout
Elapsed time: 0:02.12[h:]min:sec. CPU time: user 2.00 sys 0.13 (99%). Peak memory: 558560KB.
cp /tmp/workspace/scripts-Private_test-fr_cugr_cmp-1-/results/nangate45/tinyRocket/base/6_1_merged.gds /tmp/workspace/scripts-Private_test-fr_cugr_cmp-1-/results/nangate45/tinyRocket/base/6_final.gds
/tmp/workspace/scripts-Private_test-fr_cugr_cmp-1-/logs/nangate45/tinyRocket/base
Log                       Ext     Elapsed/s Peak Memory/MB sha1sum result [0:20)
1_1_yosys_canonicalize    .rtlil          0            210 ad4afc4105509c55f767
1_2_yosys                 .v             31            146 cd592143e54b8e419e2d
1_2_yosys                 .sdc                             5025629133fb508009d4
1_synth                   .odb            0            187 d65e7df61e2f668ee6a0
1_synth                   .sdc                             934708da7bde60b348d4
2_1_floorplan             .odb           36            233 2fde00b0aca97967690e
2_1_floorplan             .sdc                             934708da7bde60b348d4
2_2_floorplan_macro       .odb            1            159 6ab8ec45946b3006de4b
2_3_floorplan_tapcell     .odb            0            141 4e696f3c9976e5af50f1
2_4_floorplan_pdn         .odb            0            174 fd8dc6427950770616df
3_1_place_gp_skip_io      .odb            2            191 afae2f507b430702c8f3
3_2_place_iop             .odb            0            158 f7307c627aaaf5501e4f
3_3_place_gp              .odb           39            625 13a2f28950ce6882a26b
3_4_place_resized         .odb            7            254 94b7423bb0148b467c77
3_5_place_dp              .odb           12            376 653ee0d932602143a926
4_1_cts                   .odb           43            421 2da98a39c25f862709bc
5_1_grt                   .odb           66            699 556540972444a5c8f816
5_1_grt                   .sdc                             7e89828fd407c9695363
5_2_route                 .odb           93           3695 7e1ec23aa2c2db1e1a85
5_3_fillcell              .odb            0            234 a5f29837b29a03e4bee7
6_1_fill                  .odb            0            185 a5f29837b29a03e4bee7
6_1_fill                  .sdc                             7e89828fd407c9695363
6_1_merge                                 2            545                  N/A
6_report                                 22            766                  N/A
Total                                   354           3695                     
mkdir -p /tmp/workspace/scripts-Private_test-fr_cugr_cmp-1-/reports/nangate45/tinyRocket/base
echo ./designs/nangate45/tinyRocket > /tmp/workspace/scripts-Private_test-fr_cugr_cmp-1-/reports/nangate45/tinyRocket/base/design-dir.txt
/usr/bin/python3 /OpenROAD-flow-scripts/flow/util/genMetrics.py -d tinyRocket \
    -p nangate45 \
    -v base \
    --logs /tmp/workspace/scripts-Private_test-fr_cugr_cmp-1-/logs/nangate45/tinyRocket/base \
    --reports /tmp/workspace/scripts-Private_test-fr_cugr_cmp-1-/reports/nangate45/tinyRocket/base \
    --results /tmp/workspace/scripts-Private_test-fr_cugr_cmp-1-/results/nangate45/tinyRocket/base \
    -o /tmp/workspace/scripts-Private_test-fr_cugr_cmp-1-/reports/nangate45/tinyRocket/base/metadata.json 2>&1 \
    | tee /tmp/workspace/scripts-Private_test-fr_cugr_cmp-1-/reports/nangate45/tinyRocket/base/metadata-generate.log
[WARN] not a git repo: /OpenROAD-flow-scripts/flow/util/../
[WARN] not a git repo: ./platforms/nangate45
[WARN] Overwriting Tag synth__runtime__total
[WARN] Overwriting Tag synth__cpu__total
[WARN] Overwriting Tag synth__mem__peak
[WARN] Overwriting Tag finish__runtime__total
[WARN] Overwriting Tag finish__cpu__total
[WARN] Overwriting Tag finish__mem__peak
/usr/bin/python3 /OpenROAD-flow-scripts/flow/util/checkMetadata.py \
    -m /tmp/workspace/scripts-Private_test-fr_cugr_cmp-1-/reports/nangate45/tinyRocket/base/metadata.json \
    -r ./designs/nangate45/tinyRocket/rules-base.json 2>&1 \
    | tee /tmp/workspace/scripts-Private_test-fr_cugr_cmp-1-/reports/nangate45/tinyRocket/base/metadata-check.log
[INFO] synth__canonical_netlist__hash pass test: ad4afc4105509c55f767580e0419e3f7af695898 == ad4afc4105509c55f767580e0419e3f7af695898
[INFO] synth__netlist__hash pass test: cd592143e54b8e419e2d890bfb1404df9c6d0e29 == cd592143e54b8e419e2d890bfb1404df9c6d0e29
[INFO] synth__design__instance__area__stdcell pass test: 50944.9 <= 58300
[INFO] constraints__clocks__count pass test: 1 == 1
[INFO] placeopt__design__instance__area pass test: 54114.8 <= 60308
[INFO] placeopt__design__instance__count__stdcell pass test: 28488 <= 31653
[INFO] detailedplace__design__violations pass test: 0 == 0
[INFO] cts__design__instance__count__setup_buffer pass test: 60 <= 2752
[INFO] cts__design__instance__count__hold_buffer pass test: 0 <= 2752
[INFO] cts__timing__setup__ws pass test: -0.142161 >= -0.201
[INFO] cts__timing__setup__tns pass test: -31.1553 >= -31.4
[INFO] cts__timing__hold__ws pass test: 0.074074 >= -0.06
[INFO] cts__timing__hold__tns pass test: 0 >= -0.24
[INFO] globalroute__antenna_diodes_count pass test: 0 <= 100
[INFO] globalroute__timing__setup__ws pass test: -0.16459 >= -0.168
[INFO] globalroute__timing__setup__tns pass test: -49.4402 >= -49.7
[INFO] globalroute__timing__hold__ws pass test: 0.0760642 >= -0.06
[INFO] globalroute__timing__hold__tns pass test: 0 >= -0.24
[INFO] detailedroute__route__wirelength pass test: 518466 <= 538070
[INFO] detailedroute__route__drc_errors pass test: 0 <= 0
[INFO] detailedroute__antenna__violating__nets pass test: 0 <= 0
[INFO] detailedroute__antenna_diodes_count pass test: 0 <= 100
[INFO] finish__timing__setup__ws pass test: -0.145699 >= -0.154
[INFO] finish__timing__setup__tns pass test: -47.4505 >= -47.7
[INFO] finish__timing__hold__ws pass test: 0.068156 >= -0.06
[INFO] finish__timing__hold__tns pass test: 0 >= -0.24
[INFO] finish__design__instance__area pass test: 56122.8 <= 62067
Metadata check warnings: 0
All metadata rules passed (27 rules)
/OpenROAD-flow-scripts/flow/util/makeIssue.sh /tmp/workspace/scripts-Private_test-fr_cugr_cmp-1-/final_report
Creating issue for target final_report in /tmp/workspace/scripts-Private_test-fr_cugr_cmp-1-
Archiving issue to /tmp/workspace/scripts-Private_test-fr_cugr_cmp-1-/final_report_tinyRocket_nangate45_base_2026-08-20_04-24.tar.gz
Using gzip to compress tar file
tar: Removing leading `/' from member names
tar: Removing leading `/' from hard link targets
